{"channel":{"id":581842,"name":"Upstairs Small Window Indoor / Outdoor Sensor","latitude":"0.0","longitude":"0.0","field1":"Indoor Temperature","field2":"Outdoor Temperature","created_at":"2018-09-23T15:37:52-07:00","updated_at":"2020-07-27T05:59:41-07:00","last_entry_id":274408},"feeds":[{"created_at":"2023-11-28T00:02:33-08:00","entry_id":274128,"field1":"2.5625","field2":"1.8125"},{"created_at":"2023-11-28T00:12:10-08:00","entry_id":274129,"field1":"2.5625","field2":"1.8125"},{"created_at":"2023-11-28T00:21:47-08:00","entry_id":274130,"field1":"2.5625","field2":"1.75"},{"created_at":"2023-11-28T00:31:24-08:00","entry_id":274131,"field1":"2.5625","field2":"1.75"},{"created_at":"2023-11-28T00:41:01-08:00","entry_id":274132,"field1":"2.5625","field2":"1.9375"},{"created_at":"2023-11-28T00:50:38-08:00","entry_id":274133,"field1":"2.5","field2":"1.6875"},{"created_at":"2023-11-28T01:00:16-08:00","entry_id":274134,"field1":"2.5","field2":"1.625"},{"created_at":"2023-11-28T01:09:53-08:00","entry_id":274135,"field1":"2.5","field2":"1.625"},{"created_at":"2023-11-28T01:19:28-08:00","entry_id":274136,"field1":"2.5","field2":"1.625"},{"created_at":"2023-11-28T01:29:06-08:00","entry_id":274137,"field1":"2.5","field2":"1.5625"},{"created_at":"2023-11-28T01:38:43-08:00","entry_id":274138,"field1":"2.5","field2":"1.5625"},{"created_at":"2023-11-28T01:48:19-08:00","entry_id":274139,"field1":"2.5","field2":"1.5625"},{"created_at":"2023-11-28T01:57:57-08:00","entry_id":274140,"field1":"2.5","field2":"1.5"},{"created_at":"2023-11-28T02:07:34-08:00","entry_id":274141,"field1":"2.5","field2":"1.5"},{"created_at":"2023-11-28T02:17:10-08:00","entry_id":274142,"field1":"2.5","field2":"1.4375"},{"created_at":"2023-11-28T02:26:47-08:00","entry_id":274143,"field1":"2.5","field2":"1.4375"},{"created_at":"2023-11-28T02:36:24-08:00","entry_id":274144,"field1":"2.5","field2":"1.375"},{"created_at":"2023-11-28T02:46:00-08:00","entry_id":274145,"field1":"2.5","field2":"1.375"},{"created_at":"2023-11-28T02:55:36-08:00","entry_id":274146,"field1":"2.5","field2":"1.3125"},{"created_at":"2023-11-28T03:05:14-08:00","entry_id":274147,"field1":"2.5","field2":"1.3125"},{"created_at":"2023-11-28T03:14:51-08:00","entry_id":274148,"field1":"2.4375","field2":"1.25"},{"created_at":"2023-11-28T03:24:26-08:00","entry_id":274149,"field1":"2.5","field2":"1.25"},{"created_at":"2023-11-28T03:34:04-08:00","entry_id":274150,"field1":"2.4375","field2":"1.1875"},{"created_at":"2023-11-28T03:43:41-08:00","entry_id":274151,"field1":"2.4375","field2":"1.1875"},{"created_at":"2023-11-28T03:53:18-08:00","entry_id":274152,"field1":"2.4375","field2":"1.1875"},{"created_at":"2023-11-28T04:02:53-08:00","entry_id":274153,"field1":"2.4375","field2":"1.1875"},{"created_at":"2023-11-28T04:12:30-08:00","entry_id":274154,"field1":"2.4375","field2":"1.125"},{"created_at":"2023-11-28T04:22:08-08:00","entry_id":274155,"field1":"2.4375","field2":"1.125"},{"created_at":"2023-11-28T04:31:45-08:00","entry_id":274156,"field1":"2.4375","field2":"1.125"},{"created_at":"2023-11-28T04:41:22-08:00","entry_id":274157,"field1":"2.4375","field2":"1.125"},{"created_at":"2023-11-28T04:50:59-08:00","entry_id":274158,"field1":"2.4375","field2":"1.0625"},{"created_at":"2023-11-28T05:00:36-08:00","entry_id":274159,"field1":"2.4375","field2":"1"},{"created_at":"2023-11-28T05:10:13-08:00","entry_id":274160,"field1":"2.4375","field2":"1"},{"created_at":"2023-11-28T05:19:48-08:00","entry_id":274161,"field1":"2.375","field2":"1"},{"created_at":"2023-11-28T05:29:25-08:00","entry_id":274162,"field1":"2.375","field2":"1"},{"created_at":"2023-11-28T05:39:03-08:00","entry_id":274163,"field1":"2.375","field2":"0.9375"},{"created_at":"2023-11-28T05:48:38-08:00","entry_id":274164,"field1":"2.375","field2":"0.875"},{"created_at":"2023-11-28T05:58:15-08:00","entry_id":274165,"field1":"2.375","field2":"0.875"},{"created_at":"2023-11-28T06:07:52-08:00","entry_id":274166,"field1":"2.375","field2":"0.8125"},{"created_at":"2023-11-28T06:17:27-08:00","entry_id":274167,"field1":"2.375","field2":"0.75"},{"created_at":"2023-11-28T06:27:03-08:00","entry_id":274168,"field1":"2.375","field2":"0.75"},{"created_at":"2023-11-28T06:36:41-08:00","entry_id":274169,"field1":"2.375","field2":"0.75"},{"created_at":"2023-11-28T06:46:16-08:00","entry_id":274170,"field1":"2.3125","field2":"0.75"},{"created_at":"2023-11-28T06:55:54-08:00","entry_id":274171,"field1":"2.3125","field2":"0.6875"},{"created_at":"2023-11-28T07:05:31-08:00","entry_id":274172,"field1":"2.3125","field2":"0.6875"},{"created_at":"2023-11-28T07:15:08-08:00","entry_id":274173,"field1":"2.3125","field2":"0.6875"},{"created_at":"2023-11-28T07:24:43-08:00","entry_id":274174,"field1":"2.3125","field2":"0.6875"},{"created_at":"2023-11-28T07:34:21-08:00","entry_id":274175,"field1":"2.3125","field2":"0.625"},{"created_at":"2023-11-28T07:43:58-08:00","entry_id":274176,"field1":"2.3125","field2":"0.5625"},{"created_at":"2023-11-28T07:53:34-08:00","entry_id":274177,"field1":"2.25","field2":"0.5625"},{"created_at":"2023-11-28T08:03:10-08:00","entry_id":274178,"field1":"2.25","field2":"0.625"},{"created_at":"2023-11-28T08:12:46-08:00","entry_id":274179,"field1":"2.3125","field2":"0.5625"},{"created_at":"2023-11-28T08:22:24-08:00","entry_id":274180,"field1":"2.25","field2":"0.6875"},{"created_at":"2023-11-28T08:32:02-08:00","entry_id":274181,"field1":"2.25","field2":"0.6875"},{"created_at":"2023-11-28T08:41:38-08:00","entry_id":274182,"field1":"2.25","field2":"0.6875"},{"created_at":"2023-11-28T08:51:15-08:00","entry_id":274183,"field1":"2.25","field2":"0.6875"},{"created_at":"2023-11-28T09:00:52-08:00","entry_id":274184,"field1":"2.25","field2":"0.6875"},{"created_at":"2023-11-28T09:10:29-08:00","entry_id":274185,"field1":"2.25","field2":"0.8125"},{"created_at":"2023-11-28T09:20:06-08:00","entry_id":274186,"field1":"2.1875","field2":"0.875"},{"created_at":"2023-11-28T09:29:43-08:00","entry_id":274187,"field1":"2.1875","field2":"0.875"},{"created_at":"2023-11-28T09:39:21-08:00","entry_id":274188,"field1":"2.1875","field2":"0.9375"},{"created_at":"2023-11-28T09:48:57-08:00","entry_id":274189,"field1":"2.1875","field2":"0.9375"},{"created_at":"2023-11-28T09:58:32-08:00","entry_id":274190,"field1":"2.1875","field2":"1"},{"created_at":"2023-11-28T10:08:11-08:00","entry_id":274191,"field1":"2.1875","field2":"1.0625"},{"created_at":"2023-11-28T10:17:46-08:00","entry_id":274192,"field1":"2.1875","field2":"1.125"},{"created_at":"2023-11-28T10:27:25-08:00","entry_id":274193,"field1":"2.1875","field2":"1.1875"},{"created_at":"2023-11-28T10:37:01-08:00","entry_id":274194,"field1":"2.1875","field2":"1.1875"},{"created_at":"2023-11-28T10:46:38-08:00","entry_id":274195,"field1":"2.1875","field2":"1.3125"},{"created_at":"2023-11-28T10:56:15-08:00","entry_id":274196,"field1":"2.1875","field2":"1.3125"},{"created_at":"2023-11-28T11:05:52-08:00","entry_id":274197,"field1":"2.1875","field2":"1.4375"},{"created_at":"2023-11-28T11:15:28-08:00","entry_id":274198,"field1":"2.1875","field2":"1.5"},{"created_at":"2023-11-28T11:25:06-08:00","entry_id":274199,"field1":"2.1875","field2":"1.5625"},{"created_at":"2023-11-28T11:34:41-08:00","entry_id":274200,"field1":"2.1875","field2":"1.625"},{"created_at":"2023-11-28T11:44:19-08:00","entry_id":274201,"field1":"2.1875","field2":"1.625"},{"created_at":"2023-11-28T11:53:56-08:00","entry_id":274202,"field1":"2.1875","field2":"1.6875"},{"created_at":"2023-11-28T12:03:32-08:00","entry_id":274203,"field1":"2.1875","field2":"1.6875"},{"created_at":"2023-11-28T12:13:08-08:00","entry_id":274204,"field1":"2.1875","field2":"1.75"},{"created_at":"2023-11-28T12:22:44-08:00","entry_id":274205,"field1":"2.1875","field2":"1.8125"},{"created_at":"2023-11-28T12:32:23-08:00","entry_id":274206,"field1":"2.1875","field2":"1.6875"},{"created_at":"2023-11-28T12:42:00-08:00","entry_id":274207,"field1":"2.1875","field2":"1.875"},{"created_at":"2023-11-28T12:51:37-08:00","entry_id":274208,"field1":"2.1875","field2":"1.875"},{"created_at":"2023-11-28T13:01:13-08:00","entry_id":274209,"field1":"2.25","field2":"2"},{"created_at":"2023-11-28T13:10:49-08:00","entry_id":274210,"field1":"2.25","field2":"1.9375"},{"created_at":"2023-11-28T13:20:25-08:00","entry_id":274211,"field1":"2.25","field2":"2.0625"},{"created_at":"2023-11-28T13:30:02-08:00","entry_id":274212,"field1":"2.25","field2":"1.9375"},{"created_at":"2023-11-28T13:39:40-08:00","entry_id":274213,"field1":"2.25","field2":"1.9375"},{"created_at":"2023-11-28T13:49:17-08:00","entry_id":274214,"field1":"2.25","field2":"1.9375"},{"created_at":"2023-11-28T13:58:53-08:00","entry_id":274215,"field1":"2.25","field2":"2.0625"},{"created_at":"2023-11-28T14:08:32-08:00","entry_id":274216,"field1":"2.25","field2":"2"},{"created_at":"2023-11-28T14:18:08-08:00","entry_id":274217,"field1":"2.25","field2":"1.8125"},{"created_at":"2023-11-28T14:27:45-08:00","entry_id":274218,"field1":"2.25","field2":"1.8125"},{"created_at":"2023-11-28T14:37:21-08:00","entry_id":274219,"field1":"2.25","field2":"1.8125"},{"created_at":"2023-11-28T14:46:57-08:00","entry_id":274220,"field1":"2.25","field2":"1.6875"},{"created_at":"2023-11-28T14:56:34-08:00","entry_id":274221,"field1":"2.25","field2":"1.6875"},{"created_at":"2023-11-28T15:06:12-08:00","entry_id":274222,"field1":"2.25","field2":"1.5625"},{"created_at":"2023-11-28T15:15:49-08:00","entry_id":274223,"field1":"2.3125","field2":"1.4375"},{"created_at":"2023-11-28T15:25:26-08:00","entry_id":274224,"field1":"2.25","field2":"1.375"},{"created_at":"2023-11-28T15:35:01-08:00","entry_id":274225,"field1":"2.25","field2":"1.3125"},{"created_at":"2023-11-28T15:44:38-08:00","entry_id":274226,"field1":"2.25","field2":"1.25"},{"created_at":"2023-11-28T15:54:14-08:00","entry_id":274227,"field1":"2.25","field2":"1.1875"},{"created_at":"2023-11-28T16:03:51-08:00","entry_id":274228,"field1":"2.25","field2":"1.0625"},{"created_at":"2023-11-28T16:13:30-08:00","entry_id":274229,"field1":"2.25","field2":"1.0625"},{"created_at":"2023-11-28T16:23:05-08:00","entry_id":274230,"field1":"2.25","field2":"1"},{"created_at":"2023-11-28T16:32:42-08:00","entry_id":274231,"field1":"2.25","field2":"1"},{"created_at":"2023-11-28T16:42:18-08:00","entry_id":274232,"field1":"2.25","field2":"0.9375"},{"created_at":"2023-11-28T16:51:56-08:00","entry_id":274233,"field1":"2.25","field2":"0.9375"},{"created_at":"2023-11-28T17:01:33-08:00","entry_id":274234,"field1":"2.25","field2":"0.875"},{"created_at":"2023-11-28T17:11:08-08:00","entry_id":274235,"field1":"2.25","field2":"0.75"},{"created_at":"2023-11-28T17:20:46-08:00","entry_id":274236,"field1":"2.25","field2":"0.75"},{"created_at":"2023-11-28T17:30:24-08:00","entry_id":274237,"field1":"2.1875","field2":"0.6875"},{"created_at":"2023-11-28T17:40:01-08:00","entry_id":274238,"field1":"2.25","field2":"0.75"},{"created_at":"2023-11-28T17:49:37-08:00","entry_id":274239,"field1":"2.1875","field2":"0.625"},{"created_at":"2023-11-28T17:59:15-08:00","entry_id":274240,"field1":"2.1875","field2":"0.625"},{"created_at":"2023-11-28T18:08:52-08:00","entry_id":274241,"field1":"2.1875","field2":"0.6875"},{"created_at":"2023-11-28T18:18:29-08:00","entry_id":274242,"field1":"2.1875","field2":"0.5625"},{"created_at":"2023-11-28T18:28:07-08:00","entry_id":274243,"field1":"2.1875","field2":"0.625"},{"created_at":"2023-11-28T18:37:43-08:00","entry_id":274244,"field1":"2.1875","field2":"0.625"},{"created_at":"2023-11-28T18:47:19-08:00","entry_id":274245,"field1":"2.1875","field2":"0.625"},{"created_at":"2023-11-28T18:56:55-08:00","entry_id":274246,"field1":"2.1875","field2":"0.5625"},{"created_at":"2023-11-28T19:06:33-08:00","entry_id":274247,"field1":"2.1875","field2":"0.625"},{"created_at":"2023-11-28T19:16:10-08:00","entry_id":274248,"field1":"2.125","field2":"0.5625"},{"created_at":"2023-11-28T19:25:47-08:00","entry_id":274249,"field1":"2.125","field2":"0.5"},{"created_at":"2023-11-28T19:35:23-08:00","entry_id":274250,"field1":"2.125","field2":"0.5"},{"created_at":"2023-11-28T19:45:01-08:00","entry_id":274251,"field1":"2.125","field2":"0.5"},{"created_at":"2023-11-28T19:54:38-08:00","entry_id":274252,"field1":"2.125","field2":"0.4375"},{"created_at":"2023-11-28T20:04:15-08:00","entry_id":274253,"field1":"2.125","field2":"0.4375"},{"created_at":"2023-11-28T20:13:50-08:00","entry_id":274254,"field1":"2.125","field2":"0.4375"},{"created_at":"2023-11-28T20:23:28-08:00","entry_id":274255,"field1":"2.125","field2":"0.4375"},{"created_at":"2023-11-28T20:33:04-08:00","entry_id":274256,"field1":"2.125","field2":"0.4375"},{"created_at":"2023-11-28T20:42:42-08:00","entry_id":274257,"field1":"2.0625","field2":"0.4375"},{"created_at":"2023-11-28T20:52:19-08:00","entry_id":274258,"field1":"2.0625","field2":"0.5"},{"created_at":"2023-11-28T21:01:54-08:00","entry_id":274259,"field1":"2.0625","field2":"0.4375"},{"created_at":"2023-11-28T21:11:32-08:00","entry_id":274260,"field1":"2.0625","field2":"0.4375"},{"created_at":"2023-11-28T21:21:09-08:00","entry_id":274261,"field1":"2.0625","field2":"0.5"},{"created_at":"2023-11-28T21:30:44-08:00","entry_id":274262,"field1":"2.0625","field2":"0.4375"},{"created_at":"2023-11-28T21:40:20-08:00","entry_id":274263,"field1":"2.0625","field2":"0.4375"},{"created_at":"2023-11-28T21:49:58-08:00","entry_id":274264,"field1":"2","field2":"0.4375"},{"created_at":"2023-11-28T21:59:33-08:00","entry_id":274265,"field1":"2","field2":"0.5"},{"created_at":"2023-11-28T22:09:11-08:00","entry_id":274266,"field1":"2","field2":"0.375"},{"created_at":"2023-11-28T22:18:47-08:00","entry_id":274267,"field1":"2","field2":"0.375"},{"created_at":"2023-11-28T22:28:23-08:00","entry_id":274268,"field1":"2","field2":"0.375"},{"created_at":"2023-11-28T22:37:59-08:00","entry_id":274269,"field1":"2","field2":"0.4375"},{"created_at":"2023-11-28T22:47:35-08:00","entry_id":274270,"field1":"2","field2":"0.4375"},{"created_at":"2023-11-28T22:57:12-08:00","entry_id":274271,"field1":"2","field2":"0.4375"},{"created_at":"2023-11-28T23:06:50-08:00","entry_id":274272,"field1":"1.9375","field2":"0.375"},{"created_at":"2023-11-28T23:16:27-08:00","entry_id":274273,"field1":"1.9375","field2":"0.375"},{"created_at":"2023-11-28T23:26:04-08:00","entry_id":274274,"field1":"1.9375","field2":"0.375"},{"created_at":"2023-11-28T23:35:40-08:00","entry_id":274275,"field1":"1.9375","field2":"0.375"},{"created_at":"2023-11-28T23:45:18-08:00","entry_id":274276,"field1":"1.9375","field2":"0.375"},{"created_at":"2023-11-28T23:54:54-08:00","entry_id":274277,"field1":"1.9375","field2":"0.3125"}]}