{"channel":{"id":581842,"name":"Upstairs Small Window Indoor / Outdoor Sensor","latitude":"0.0","longitude":"0.0","field1":"Indoor Temperature","field2":"Outdoor Temperature","created_at":"2018-09-23T15:37:52-07:00","updated_at":"2020-07-27T05:59:41-07:00","last_entry_id":223893},"feeds":[{"created_at":"2022-12-23T00:08:25-08:00","entry_id":223612,"field1":"-4.375","field2":"-18.8125"},{"created_at":"2022-12-23T00:18:00-08:00","entry_id":223613,"field1":"-4.375","field2":"-19.125"},{"created_at":"2022-12-23T00:27:36-08:00","entry_id":223614,"field1":"-4.375","field2":"-18.75"},{"created_at":"2022-12-23T00:37:11-08:00","entry_id":223615,"field1":"-4.3125","field2":"-18.625"},{"created_at":"2022-12-23T00:46:47-08:00","entry_id":223616,"field1":"-4.3125","field2":"-18.4375"},{"created_at":"2022-12-23T00:56:24-08:00","entry_id":223617,"field1":"-4.3125","field2":"-17.9375"},{"created_at":"2022-12-23T01:05:59-08:00","entry_id":223618,"field1":"-4.25","field2":"-18.4375"},{"created_at":"2022-12-23T01:15:36-08:00","entry_id":223619,"field1":"-4.25","field2":"-18.5"},{"created_at":"2022-12-23T01:25:13-08:00","entry_id":223620,"field1":"-4.25","field2":"-18.25"},{"created_at":"2022-12-23T01:34:49-08:00","entry_id":223621,"field1":"-4.25","field2":"-18.3125"},{"created_at":"2022-12-23T01:44:25-08:00","entry_id":223622,"field1":"-4.1875","field2":"-18.125"},{"created_at":"2022-12-23T01:53:59-08:00","entry_id":223623,"field1":"-4.1875","field2":"-17.9375"},{"created_at":"2022-12-23T02:03:36-08:00","entry_id":223624,"field1":"-4.125","field2":"-17.75"},{"created_at":"2022-12-23T02:13:11-08:00","entry_id":223625,"field1":"-4.125","field2":"-17.5625"},{"created_at":"2022-12-23T02:22:49-08:00","entry_id":223626,"field1":"-4.0625","field2":"-17.5"},{"created_at":"2022-12-23T02:32:23-08:00","entry_id":223627,"field1":"-4.0625","field2":"-17.4375"},{"created_at":"2022-12-23T02:42:00-08:00","entry_id":223628,"field1":"-4.0625","field2":"-17.4375"},{"created_at":"2022-12-23T02:51:35-08:00","entry_id":223629,"field1":"-4","field2":"-17.5625"},{"created_at":"2022-12-23T03:01:10-08:00","entry_id":223630,"field1":"-4","field2":"-17.4375"},{"created_at":"2022-12-23T03:10:47-08:00","entry_id":223631,"field1":"-3.9375","field2":"-17.3125"},{"created_at":"2022-12-23T03:20:21-08:00","entry_id":223632,"field1":"-3.9375","field2":"-17.125"},{"created_at":"2022-12-23T03:29:57-08:00","entry_id":223633,"field1":"-3.9375","field2":"-17.1875"},{"created_at":"2022-12-23T03:39:34-08:00","entry_id":223634,"field1":"-3.875","field2":"-16.9375"},{"created_at":"2022-12-23T03:49:09-08:00","entry_id":223635,"field1":"-3.8125","field2":"-16.875"},{"created_at":"2022-12-23T03:58:44-08:00","entry_id":223636,"field1":"-3.8125","field2":"-17.25"},{"created_at":"2022-12-23T04:08:20-08:00","entry_id":223637,"field1":"-3.8125","field2":"-17.5"},{"created_at":"2022-12-23T04:17:57-08:00","entry_id":223638,"field1":"-3.8125","field2":"-17.375"},{"created_at":"2022-12-23T04:27:33-08:00","entry_id":223639,"field1":"-3.75","field2":"-17.6875"},{"created_at":"2022-12-23T04:37:10-08:00","entry_id":223640,"field1":"-3.75","field2":"-17.375"},{"created_at":"2022-12-23T04:46:46-08:00","entry_id":223641,"field1":"-3.75","field2":"-17.3125"},{"created_at":"2022-12-23T04:56:23-08:00","entry_id":223642,"field1":"-3.6875","field2":"-17.3125"},{"created_at":"2022-12-23T05:05:57-08:00","entry_id":223643,"field1":"-3.6875","field2":"-17.25"},{"created_at":"2022-12-23T05:15:34-08:00","entry_id":223644,"field1":"-3.6875","field2":"-17"},{"created_at":"2022-12-23T05:25:09-08:00","entry_id":223645,"field1":"-3.625","field2":"-17"},{"created_at":"2022-12-23T05:34:46-08:00","entry_id":223646,"field1":"-3.625","field2":"-16.75"},{"created_at":"2022-12-23T05:44:21-08:00","entry_id":223647,"field1":"-3.5625","field2":"-16.5625"},{"created_at":"2022-12-23T05:53:58-08:00","entry_id":223648,"field1":"-3.5625","field2":"-16.5625"},{"created_at":"2022-12-23T06:03:33-08:00","entry_id":223649,"field1":"-3.5","field2":"-16.5"},{"created_at":"2022-12-23T06:13:08-08:00","entry_id":223650,"field1":"-3.5","field2":"-16.4375"},{"created_at":"2022-12-23T06:22:44-08:00","entry_id":223651,"field1":"-3.4375","field2":"-16.4375"},{"created_at":"2022-12-23T06:32:20-08:00","entry_id":223652,"field1":"-3.4375","field2":"-16.375"},{"created_at":"2022-12-23T06:41:57-08:00","entry_id":223653,"field1":"-3.375","field2":"-16.375"},{"created_at":"2022-12-23T06:51:33-08:00","entry_id":223654,"field1":"-3.375","field2":"-16.0625"},{"created_at":"2022-12-23T07:01:09-08:00","entry_id":223655,"field1":"-3.3125","field2":"-16.125"},{"created_at":"2022-12-23T07:10:45-08:00","entry_id":223656,"field1":"-3.25","field2":"-15.9375"},{"created_at":"2022-12-23T07:20:20-08:00","entry_id":223657,"field1":"-3.25","field2":"-16"},{"created_at":"2022-12-23T07:29:56-08:00","entry_id":223658,"field1":"-3.1875","field2":"-15.8125"},{"created_at":"2022-12-23T07:39:31-08:00","entry_id":223659,"field1":"-3.1875","field2":"-15.8125"},{"created_at":"2022-12-23T07:49:07-08:00","entry_id":223660,"field1":"-3.125","field2":"-15.6875"},{"created_at":"2022-12-23T07:58:44-08:00","entry_id":223661,"field1":"-3.125","field2":"-15.625"},{"created_at":"2022-12-23T08:08:19-08:00","entry_id":223662,"field1":"-3.0625","field2":"-15.625"},{"created_at":"2022-12-23T08:17:56-08:00","entry_id":223663,"field1":"-3","field2":"-15.5"},{"created_at":"2022-12-23T08:27:31-08:00","entry_id":223664,"field1":"-3","field2":"-15.4375"},{"created_at":"2022-12-23T08:37:06-08:00","entry_id":223665,"field1":"-2.9375","field2":"-15.4375"},{"created_at":"2022-12-23T08:46:42-08:00","entry_id":223666,"field1":"-2.9375","field2":"-15.5"},{"created_at":"2022-12-23T08:56:18-08:00","entry_id":223667,"field1":"-2.875","field2":"-15.625"},{"created_at":"2022-12-23T09:05:56-08:00","entry_id":223668,"field1":"-2.875","field2":"-15.6875"},{"created_at":"2022-12-23T09:15:30-08:00","entry_id":223669,"field1":"-2.875","field2":"-15.4375"},{"created_at":"2022-12-23T09:25:05-08:00","entry_id":223670,"field1":"-2.8125","field2":"-15.3125"},{"created_at":"2022-12-23T09:34:43-08:00","entry_id":223671,"field1":"-2.75","field2":"-15.4375"},{"created_at":"2022-12-23T09:44:18-08:00","entry_id":223672,"field1":"-2.75","field2":"-15.3125"},{"created_at":"2022-12-23T09:53:54-08:00","entry_id":223673,"field1":"-2.75","field2":"-15.25"},{"created_at":"2022-12-23T10:03:31-08:00","entry_id":223674,"field1":"-2.6875","field2":"-15.0625"},{"created_at":"2022-12-23T10:13:06-08:00","entry_id":223675,"field1":"-2.625","field2":"-15.0625"},{"created_at":"2022-12-23T10:22:44-08:00","entry_id":223676,"field1":"-2.625","field2":"-14.9375"},{"created_at":"2022-12-23T10:32:19-08:00","entry_id":223677,"field1":"-2.5625","field2":"-14.625"},{"created_at":"2022-12-23T10:41:56-08:00","entry_id":223678,"field1":"-2.5","field2":"-14.5"},{"created_at":"2022-12-23T10:51:32-08:00","entry_id":223679,"field1":"-2.5","field2":"-14.5"},{"created_at":"2022-12-23T11:01:10-08:00","entry_id":223680,"field1":"-2.4375","field2":"-14.3125"},{"created_at":"2022-12-23T11:10:46-08:00","entry_id":223681,"field1":"-2.375","field2":"-14.0625"},{"created_at":"2022-12-23T11:20:22-08:00","entry_id":223682,"field1":"-2.3125","field2":"-13.9375"},{"created_at":"2022-12-23T11:29:59-08:00","entry_id":223683,"field1":"-2.25","field2":"-13.8125"},{"created_at":"2022-12-23T11:39:33-08:00","entry_id":223684,"field1":"-2.1875","field2":"-13.875"},{"created_at":"2022-12-23T11:49:09-08:00","entry_id":223685,"field1":"-2.1875","field2":"-13.8125"},{"created_at":"2022-12-23T11:58:45-08:00","entry_id":223686,"field1":"-2.125","field2":"-13.75"},{"created_at":"2022-12-23T12:08:22-08:00","entry_id":223687,"field1":"-2.0625","field2":"-13.625"},{"created_at":"2022-12-23T12:17:57-08:00","entry_id":223688,"field1":"-2","field2":"-13.5"},{"created_at":"2022-12-23T12:27:35-08:00","entry_id":223689,"field1":"-1.9375","field2":"-13.3125"},{"created_at":"2022-12-23T12:37:10-08:00","entry_id":223690,"field1":"-1.875","field2":"-13.25"},{"created_at":"2022-12-23T12:46:48-08:00","entry_id":223691,"field1":"-1.8125","field2":"-13.1875"},{"created_at":"2022-12-23T12:56:24-08:00","entry_id":223692,"field1":"-1.75","field2":"-13.125"},{"created_at":"2022-12-23T13:06:00-08:00","entry_id":223693,"field1":"-1.75","field2":"-13.125"},{"created_at":"2022-12-23T13:15:37-08:00","entry_id":223694,"field1":"-1.6875","field2":"-13.125"},{"created_at":"2022-12-23T13:25:14-08:00","entry_id":223695,"field1":"-1.6875","field2":"-13.125"},{"created_at":"2022-12-23T13:34:50-08:00","entry_id":223696,"field1":"-1.625","field2":"-13.0625"},{"created_at":"2022-12-23T13:44:25-08:00","entry_id":223697,"field1":"-1.5","field2":"-12.9375"},{"created_at":"2022-12-23T13:54:03-08:00","entry_id":223698,"field1":"-1.5","field2":"-12.875"},{"created_at":"2022-12-23T14:03:38-08:00","entry_id":223699,"field1":"-1.4375","field2":"-12.875"},{"created_at":"2022-12-23T14:13:14-08:00","entry_id":223700,"field1":"-1.375","field2":"-12.875"},{"created_at":"2022-12-23T14:22:50-08:00","entry_id":223701,"field1":"-1.3125","field2":"-12.8125"},{"created_at":"2022-12-23T14:32:26-08:00","entry_id":223702,"field1":"-1.3125","field2":"-12.75"},{"created_at":"2022-12-23T14:42:01-08:00","entry_id":223703,"field1":"-1.25","field2":"-12.6875"},{"created_at":"2022-12-23T14:51:37-08:00","entry_id":223704,"field1":"-1.1875","field2":"-12.5625"},{"created_at":"2022-12-23T15:01:15-08:00","entry_id":223705,"field1":"-1.125","field2":"-12.625"},{"created_at":"2022-12-23T15:10:51-08:00","entry_id":223706,"field1":"-1.125","field2":"-12.625"},{"created_at":"2022-12-23T15:20:26-08:00","entry_id":223707,"field1":"-1.0625","field2":"-12.5625"},{"created_at":"2022-12-23T15:30:02-08:00","entry_id":223708,"field1":"-1.0625","field2":"-12.5"},{"created_at":"2022-12-23T15:39:39-08:00","entry_id":223709,"field1":"-1","field2":"-12.5625"},{"created_at":"2022-12-23T15:49:14-08:00","entry_id":223710,"field1":"-1","field2":"-12.5"},{"created_at":"2022-12-23T15:58:50-08:00","entry_id":223711,"field1":"-0.9375","field2":"-12.5625"},{"created_at":"2022-12-23T16:08:26-08:00","entry_id":223712,"field1":"-0.9375","field2":"-12.5"},{"created_at":"2022-12-23T16:18:04-08:00","entry_id":223713,"field1":"-0.875","field2":"-12.5"},{"created_at":"2022-12-23T16:27:40-08:00","entry_id":223714,"field1":"-0.875","field2":"-12.5"},{"created_at":"2022-12-23T16:37:16-08:00","entry_id":223715,"field1":"-0.8125","field2":"-12.5"},{"created_at":"2022-12-23T16:46:53-08:00","entry_id":223716,"field1":"-0.75","field2":"-12.5"},{"created_at":"2022-12-23T16:56:30-08:00","entry_id":223717,"field1":"-0.6875","field2":"-12.5"},{"created_at":"2022-12-23T17:06:06-08:00","entry_id":223718,"field1":"-0.6875","field2":"-12.4375"},{"created_at":"2022-12-23T17:15:41-08:00","entry_id":223719,"field1":"-0.625","field2":"-12.4375"},{"created_at":"2022-12-23T17:25:17-08:00","entry_id":223720,"field1":"-0.5625","field2":"-12.375"},{"created_at":"2022-12-23T17:34:53-08:00","entry_id":223721,"field1":"-0.5625","field2":"-12.3125"},{"created_at":"2022-12-23T17:44:30-08:00","entry_id":223722,"field1":"-0.5","field2":"-12.3125"},{"created_at":"2022-12-23T17:54:05-08:00","entry_id":223723,"field1":"-0.5","field2":"-12.25"},{"created_at":"2022-12-23T18:03:42-08:00","entry_id":223724,"field1":"-0.4375","field2":"-12.25"},{"created_at":"2022-12-23T18:13:19-08:00","entry_id":223725,"field1":"-0.375","field2":"-12.25"},{"created_at":"2022-12-23T18:22:55-08:00","entry_id":223726,"field1":"-0.375","field2":"-12.25"},{"created_at":"2022-12-23T18:32:31-08:00","entry_id":223727,"field1":"-0.375","field2":"-12.1875"},{"created_at":"2022-12-23T18:42:08-08:00","entry_id":223728,"field1":"-0.3125","field2":"-12.1875"},{"created_at":"2022-12-23T18:51:44-08:00","entry_id":223729,"field1":"-0.3125","field2":"-12.1875"},{"created_at":"2022-12-23T19:01:21-08:00","entry_id":223730,"field1":"-0.25","field2":"-12.1875"},{"created_at":"2022-12-23T19:10:57-08:00","entry_id":223731,"field1":"-0.25","field2":"-12.1875"},{"created_at":"2022-12-23T19:20:33-08:00","entry_id":223732,"field1":"-0.1875","field2":"-12.1875"},{"created_at":"2022-12-23T19:30:09-08:00","entry_id":223733,"field1":"-0.125","field2":"-12.125"},{"created_at":"2022-12-23T19:39:45-08:00","entry_id":223734,"field1":"-0.125","field2":"-12.125"},{"created_at":"2022-12-23T19:49:23-08:00","entry_id":223735,"field1":"-0.0625","field2":"-12.0625"},{"created_at":"2022-12-23T19:59:00-08:00","entry_id":223736,"field1":"0","field2":"-12.0625"},{"created_at":"2022-12-23T20:08:35-08:00","entry_id":223737,"field1":"0","field2":"-12.0625"},{"created_at":"2022-12-23T20:18:12-08:00","entry_id":223738,"field1":"0","field2":"-12.0625"},{"created_at":"2022-12-23T20:27:49-08:00","entry_id":223739,"field1":"0.0625","field2":"-12.0625"},{"created_at":"2022-12-23T20:37:25-08:00","entry_id":223740,"field1":"0.0625","field2":"-12"},{"created_at":"2022-12-23T20:47:02-08:00","entry_id":223741,"field1":"0.125","field2":"-12"},{"created_at":"2022-12-23T20:56:38-08:00","entry_id":223742,"field1":"0.1875","field2":"-11.875"},{"created_at":"2022-12-23T21:06:14-08:00","entry_id":223743,"field1":"0.1875","field2":"-11.875"},{"created_at":"2022-12-23T21:15:49-08:00","entry_id":223744,"field1":"0.1875","field2":"-11.8125"},{"created_at":"2022-12-23T21:25:25-08:00","entry_id":223745,"field1":"0.25","field2":"-11.8125"},{"created_at":"2022-12-23T21:35:03-08:00","entry_id":223746,"field1":"0.3125","field2":"-11.75"},{"created_at":"2022-12-23T21:44:39-08:00","entry_id":223747,"field1":"0.3125","field2":"-11.75"},{"created_at":"2022-12-23T21:54:14-08:00","entry_id":223748,"field1":"0.375","field2":"-11.625"},{"created_at":"2022-12-23T22:03:50-08:00","entry_id":223749,"field1":"0.4375","field2":"-11.625"},{"created_at":"2022-12-23T22:13:26-08:00","entry_id":223750,"field1":"0.4375","field2":"-11.5625"},{"created_at":"2022-12-23T22:23:02-08:00","entry_id":223751,"field1":"0.5","field2":"-11.5"},{"created_at":"2022-12-23T22:32:37-08:00","entry_id":223752,"field1":"0.5","field2":"-11.4375"},{"created_at":"2022-12-23T22:42:15-08:00","entry_id":223753,"field1":"0.5625","field2":"-11.3125"},{"created_at":"2022-12-23T22:51:50-08:00","entry_id":223754,"field1":"0.5625","field2":"-11.3125"},{"created_at":"2022-12-23T23:01:28-08:00","entry_id":223755,"field1":"0.625","field2":"-11.1875"},{"created_at":"2022-12-23T23:11:05-08:00","entry_id":223756,"field1":"0.625","field2":"-11.1875"},{"created_at":"2022-12-23T23:20:42-08:00","entry_id":223757,"field1":"0.6875","field2":"-11.125"},{"created_at":"2022-12-23T23:30:17-08:00","entry_id":223758,"field1":"0.75","field2":"-11.125"},{"created_at":"2022-12-23T23:39:53-08:00","entry_id":223759,"field1":"0.75","field2":"-11.0625"},{"created_at":"2022-12-23T23:49:29-08:00","entry_id":223760,"field1":"0.8125","field2":"-11"},{"created_at":"2022-12-23T23:59:07-08:00","entry_id":223761,"field1":"0.8125","field2":"-10.9375"}]}