{"channel":{"id":581842,"name":"Upstairs Small Window Indoor / Outdoor Sensor","latitude":"0.0","longitude":"0.0","field1":"Indoor Temperature","field2":"Outdoor Temperature","created_at":"2018-09-23T15:37:52-07:00","updated_at":"2020-07-27T05:59:41-07:00","last_entry_id":150128},"feeds":[{"created_at":"2019-03-15T00:00:31-07:00","entry_id":24197,"field1":"1.75","field2":"0.625"},{"created_at":"2019-03-15T00:10:09-07:00","entry_id":24198,"field1":"1.75","field2":"0.625"},{"created_at":"2019-03-15T00:19:46-07:00","entry_id":24199,"field1":"1.6875","field2":"0.625"},{"created_at":"2019-03-15T00:29:23-07:00","entry_id":24200,"field1":"1.6875","field2":"0.5625"},{"created_at":"2019-03-15T00:39:01-07:00","entry_id":24201,"field1":"1.6875","field2":"0.5625"},{"created_at":"2019-03-15T00:48:37-07:00","entry_id":24202,"field1":"1.6875","field2":"0.625"},{"created_at":"2019-03-15T00:58:14-07:00","entry_id":24203,"field1":"1.6875","field2":"0.625"},{"created_at":"2019-03-15T01:07:53-07:00","entry_id":24204,"field1":"1.6875","field2":"0.625"},{"created_at":"2019-03-15T01:17:29-07:00","entry_id":24205,"field1":"1.6875","field2":"0.625"},{"created_at":"2019-03-15T01:27:06-07:00","entry_id":24206,"field1":"1.625","field2":"0.625"},{"created_at":"2019-03-15T01:36:42-07:00","entry_id":24207,"field1":"1.625","field2":"0.625"},{"created_at":"2019-03-15T01:46:20-07:00","entry_id":24208,"field1":"1.625","field2":"0.5625"},{"created_at":"2019-03-15T01:55:57-07:00","entry_id":24209,"field1":"1.625","field2":"0.5"},{"created_at":"2019-03-15T02:05:34-07:00","entry_id":24210,"field1":"1.625","field2":"0.4375"},{"created_at":"2019-03-15T02:15:11-07:00","entry_id":24211,"field1":"1.625","field2":"0.4375"},{"created_at":"2019-03-15T02:24:48-07:00","entry_id":24212,"field1":"1.625","field2":"0.4375"},{"created_at":"2019-03-15T02:34:25-07:00","entry_id":24213,"field1":"1.625","field2":"0.4375"},{"created_at":"2019-03-15T02:44:02-07:00","entry_id":24214,"field1":"1.625","field2":"0.4375"},{"created_at":"2019-03-15T02:53:39-07:00","entry_id":24215,"field1":"1.625","field2":"0.4375"},{"created_at":"2019-03-15T03:03:17-07:00","entry_id":24216,"field1":"1.625","field2":"0.4375"},{"created_at":"2019-03-15T03:12:54-07:00","entry_id":24217,"field1":"1.5625","field2":"0.4375"},{"created_at":"2019-03-15T03:22:31-07:00","entry_id":24218,"field1":"1.5625","field2":"0.375"},{"created_at":"2019-03-15T03:32:08-07:00","entry_id":24219,"field1":"1.5625","field2":"0.375"},{"created_at":"2019-03-15T03:41:45-07:00","entry_id":24220,"field1":"1.5625","field2":"0.375"},{"created_at":"2019-03-15T03:51:22-07:00","entry_id":24221,"field1":"1.5625","field2":"0.375"},{"created_at":"2019-03-15T04:00:59-07:00","entry_id":24222,"field1":"1.5625","field2":"0.375"},{"created_at":"2019-03-15T04:10:36-07:00","entry_id":24223,"field1":"1.5625","field2":"0.3125"},{"created_at":"2019-03-15T04:20:13-07:00","entry_id":24224,"field1":"1.5625","field2":"0.3125"},{"created_at":"2019-03-15T04:29:50-07:00","entry_id":24225,"field1":"1.5625","field2":"0.3125"},{"created_at":"2019-03-15T04:39:27-07:00","entry_id":24226,"field1":"1.5625","field2":"0.375"},{"created_at":"2019-03-15T04:49:04-07:00","entry_id":24227,"field1":"1.5","field2":"0.3125"},{"created_at":"2019-03-15T04:58:41-07:00","entry_id":24228,"field1":"1.5","field2":"0.3125"},{"created_at":"2019-03-15T05:08:17-07:00","entry_id":24229,"field1":"1.5","field2":"0.3125"},{"created_at":"2019-03-15T05:17:54-07:00","entry_id":24230,"field1":"1.5","field2":"0.3125"},{"created_at":"2019-03-15T05:27:31-07:00","entry_id":24231,"field1":"1.5","field2":"0.3125"},{"created_at":"2019-03-15T05:37:12-07:00","entry_id":24232,"field1":"1.5","field2":"0.3125"},{"created_at":"2019-03-15T05:46:46-07:00","entry_id":24233,"field1":"1.5","field2":"0.3125"},{"created_at":"2019-03-15T05:56:24-07:00","entry_id":24234,"field1":"1.5","field2":"0.25"},{"created_at":"2019-03-15T06:06:01-07:00","entry_id":24235,"field1":"1.5","field2":"0.25"},{"created_at":"2019-03-15T06:15:38-07:00","entry_id":24236,"field1":"1.5","field2":"0.1875"},{"created_at":"2019-03-15T06:25:15-07:00","entry_id":24237,"field1":"1.4375","field2":"0.1875"},{"created_at":"2019-03-15T06:34:52-07:00","entry_id":24238,"field1":"1.4375","field2":"0.125"},{"created_at":"2019-03-15T06:44:29-07:00","entry_id":24239,"field1":"1.4375","field2":"0.125"},{"created_at":"2019-03-15T06:54:06-07:00","entry_id":24240,"field1":"1.4375","field2":"0.0625"},{"created_at":"2019-03-15T07:03:42-07:00","entry_id":24241,"field1":"1.4375","field2":"0.0625"},{"created_at":"2019-03-15T07:13:19-07:00","entry_id":24242,"field1":"1.4375","field2":"0.0625"},{"created_at":"2019-03-15T07:22:57-07:00","entry_id":24243,"field1":"1.4375","field2":"0.0625"},{"created_at":"2019-03-15T07:32:33-07:00","entry_id":24244,"field1":"1.4375","field2":"0.0625"},{"created_at":"2019-03-15T07:42:11-07:00","entry_id":24245,"field1":"1.4375","field2":"0.125"},{"created_at":"2019-03-15T07:51:47-07:00","entry_id":24246,"field1":"1.4375","field2":"0.125"},{"created_at":"2019-03-15T08:01:25-07:00","entry_id":24247,"field1":"1.4375","field2":"0.25"},{"created_at":"2019-03-15T08:11:02-07:00","entry_id":24248,"field1":"1.4375","field2":"0.375"},{"created_at":"2019-03-15T08:20:39-07:00","entry_id":24249,"field1":"1.4375","field2":"0.4375"},{"created_at":"2019-03-15T08:30:15-07:00","entry_id":24250,"field1":"1.4375","field2":"0.5"},{"created_at":"2019-03-15T08:39:53-07:00","entry_id":24251,"field1":"1.4375","field2":"0.5625"},{"created_at":"2019-03-15T08:49:30-07:00","entry_id":24252,"field1":"1.4375","field2":"0.8125"},{"created_at":"2019-03-15T08:59:08-07:00","entry_id":24253,"field1":"1.5","field2":"1"},{"created_at":"2019-03-15T09:08:45-07:00","entry_id":24254,"field1":"1.5625","field2":"0.8125"},{"created_at":"2019-03-15T09:18:22-07:00","entry_id":24255,"field1":"1.625","field2":"1.1875"},{"created_at":"2019-03-15T09:27:59-07:00","entry_id":24256,"field1":"1.6875","field2":"1.3125"},{"created_at":"2019-03-15T09:37:35-07:00","entry_id":24257,"field1":"1.6875","field2":"1.0625"},{"created_at":"2019-03-15T09:47:13-07:00","entry_id":24258,"field1":"1.75","field2":"1"},{"created_at":"2019-03-15T09:56:54-07:00","entry_id":24259,"field1":"1.75","field2":"1.0625"},{"created_at":"2019-03-15T10:06:29-07:00","entry_id":24260,"field1":"1.8125","field2":"1"},{"created_at":"2019-03-15T10:16:05-07:00","entry_id":24261,"field1":"1.9375","field2":"1.3125"},{"created_at":"2019-03-15T10:25:43-07:00","entry_id":24262,"field1":"2.375","field2":"1.9375"},{"created_at":"2019-03-15T10:35:19-07:00","entry_id":24263,"field1":"2.5625","field2":"1.375"},{"created_at":"2019-03-15T10:44:57-07:00","entry_id":24264,"field1":"2.5625","field2":"1.8125"},{"created_at":"2019-03-15T10:54:34-07:00","entry_id":24265,"field1":"2.625","field2":"1.8125"},{"created_at":"2019-03-15T11:04:11-07:00","entry_id":24266,"field1":"2.75","field2":"2.75"},{"created_at":"2019-03-15T11:13:49-07:00","entry_id":24267,"field1":"2.75","field2":"1.875"},{"created_at":"2019-03-15T11:23:25-07:00","entry_id":24268,"field1":"2.75","field2":"2.0625"},{"created_at":"2019-03-15T11:33:03-07:00","entry_id":24269,"field1":"2.8125","field2":"2.375"},{"created_at":"2019-03-15T11:42:41-07:00","entry_id":24270,"field1":"2.9375","field2":"2.125"},{"created_at":"2019-03-15T11:52:17-07:00","entry_id":24271,"field1":"3","field2":"2.625"},{"created_at":"2019-03-15T12:01:54-07:00","entry_id":24272,"field1":"3.0625","field2":"3.125"},{"created_at":"2019-03-15T12:11:30-07:00","entry_id":24273,"field1":"3.25","field2":"3.375"},{"created_at":"2019-03-15T12:21:07-07:00","entry_id":24274,"field1":"3.3125","field2":"3.75"},{"created_at":"2019-03-15T12:30:43-07:00","entry_id":24275,"field1":"3.375","field2":"3.6875"},{"created_at":"2019-03-15T12:40:19-07:00","entry_id":24276,"field1":"3.375","field2":"4.1875"},{"created_at":"2019-03-15T12:49:55-07:00","entry_id":24277,"field1":"3.4375","field2":"4.4375"},{"created_at":"2019-03-15T12:59:33-07:00","entry_id":24278,"field1":"3.4375","field2":"4.75"},{"created_at":"2019-03-15T13:09:09-07:00","entry_id":24279,"field1":"3.4375","field2":"4.3125"},{"created_at":"2019-03-15T13:18:46-07:00","entry_id":24280,"field1":"3.4375","field2":"4.6875"},{"created_at":"2019-03-15T13:28:23-07:00","entry_id":24281,"field1":"3.4375","field2":"5.125"},{"created_at":"2019-03-15T13:38:00-07:00","entry_id":24282,"field1":"3.4375","field2":"5.125"},{"created_at":"2019-03-15T13:47:37-07:00","entry_id":24283,"field1":"3.4375","field2":"4.8125"},{"created_at":"2019-03-15T13:57:14-07:00","entry_id":24284,"field1":"3.4375","field2":"4.75"},{"created_at":"2019-03-15T14:06:51-07:00","entry_id":24285,"field1":"3.5","field2":"4.9375"},{"created_at":"2019-03-15T14:16:29-07:00","entry_id":24286,"field1":"3.5","field2":"5.1875"},{"created_at":"2019-03-15T14:26:06-07:00","entry_id":24287,"field1":"3.5","field2":"5.25"},{"created_at":"2019-03-15T14:35:43-07:00","entry_id":24288,"field1":"3.5","field2":"5.1875"},{"created_at":"2019-03-15T14:45:21-07:00","entry_id":24289,"field1":"3.5","field2":"5"},{"created_at":"2019-03-15T14:54:59-07:00","entry_id":24290,"field1":"3.5625","field2":"4.9375"},{"created_at":"2019-03-15T15:04:36-07:00","entry_id":24291,"field1":"3.5625","field2":"4.5"},{"created_at":"2019-03-15T15:14:13-07:00","entry_id":24292,"field1":"3.5","field2":"4.125"},{"created_at":"2019-03-15T15:23:50-07:00","entry_id":24293,"field1":"3.5","field2":"4.25"},{"created_at":"2019-03-15T15:33:28-07:00","entry_id":24294,"field1":"3.5","field2":"4.3125"},{"created_at":"2019-03-15T15:43:05-07:00","entry_id":24295,"field1":"3.5","field2":"3.9375"},{"created_at":"2019-03-15T15:52:43-07:00","entry_id":24296,"field1":"3.4375","field2":"3.75"},{"created_at":"2019-03-15T16:02:21-07:00","entry_id":24297,"field1":"3.4375","field2":"3.375"},{"created_at":"2019-03-15T16:11:57-07:00","entry_id":24298,"field1":"3.4375","field2":"3.5"},{"created_at":"2019-03-15T16:21:34-07:00","entry_id":24299,"field1":"3.4375","field2":"3.5625"},{"created_at":"2019-03-15T16:31:11-07:00","entry_id":24300,"field1":"3.4375","field2":"3.625"},{"created_at":"2019-03-15T16:40:49-07:00","entry_id":24301,"field1":"3.4375","field2":"3.5625"},{"created_at":"2019-03-15T16:50:26-07:00","entry_id":24302,"field1":"3.4375","field2":"3.1875"},{"created_at":"2019-03-15T17:00:03-07:00","entry_id":24303,"field1":"3.375","field2":"3.125"},{"created_at":"2019-03-15T17:09:39-07:00","entry_id":24304,"field1":"3.375","field2":"3"},{"created_at":"2019-03-15T17:19:17-07:00","entry_id":24305,"field1":"3.375","field2":"2.9375"},{"created_at":"2019-03-15T17:28:54-07:00","entry_id":24306,"field1":"3.3125","field2":"2.75"},{"created_at":"2019-03-15T17:38:31-07:00","entry_id":24307,"field1":"3.3125","field2":"2.625"},{"created_at":"2019-03-15T17:48:10-07:00","entry_id":24308,"field1":"3.3125","field2":"2.5"},{"created_at":"2019-03-15T17:57:47-07:00","entry_id":24309,"field1":"3.3125","field2":"2.4375"},{"created_at":"2019-03-15T18:07:24-07:00","entry_id":24310,"field1":"3.3125","field2":"2.375"},{"created_at":"2019-03-15T18:17:01-07:00","entry_id":24311,"field1":"3.25","field2":"2.25"},{"created_at":"2019-03-15T18:26:38-07:00","entry_id":24312,"field1":"3.25","field2":"2.3125"},{"created_at":"2019-03-15T18:36:15-07:00","entry_id":24313,"field1":"3.1875","field2":"2.125"},{"created_at":"2019-03-15T18:45:52-07:00","entry_id":24314,"field1":"3.1875","field2":"2.125"},{"created_at":"2019-03-15T18:55:29-07:00","entry_id":24315,"field1":"3.1875","field2":"2"},{"created_at":"2019-03-15T19:05:07-07:00","entry_id":24316,"field1":"3.125","field2":"2"},{"created_at":"2019-03-15T19:14:43-07:00","entry_id":24317,"field1":"3.0625","field2":"1.9375"},{"created_at":"2019-03-15T19:24:21-07:00","entry_id":24318,"field1":"3.0625","field2":"1.875"},{"created_at":"2019-03-15T19:33:57-07:00","entry_id":24319,"field1":"3.0625","field2":"1.75"},{"created_at":"2019-03-15T19:43:35-07:00","entry_id":24320,"field1":"3.0625","field2":"1.5625"},{"created_at":"2019-03-15T19:53:13-07:00","entry_id":24321,"field1":"3.0625","field2":"1.5625"},{"created_at":"2019-03-15T20:02:49-07:00","entry_id":24322,"field1":"3","field2":"1.625"},{"created_at":"2019-03-15T20:12:26-07:00","entry_id":24323,"field1":"3","field2":"1.4375"},{"created_at":"2019-03-15T20:22:03-07:00","entry_id":24324,"field1":"2.9375","field2":"1.375"},{"created_at":"2019-03-15T20:31:41-07:00","entry_id":24325,"field1":"2.9375","field2":"1.1875"},{"created_at":"2019-03-15T20:41:18-07:00","entry_id":24326,"field1":"2.9375","field2":"1.1875"},{"created_at":"2019-03-15T20:50:56-07:00","entry_id":24327,"field1":"2.9375","field2":"1.125"},{"created_at":"2019-03-15T21:00:33-07:00","entry_id":24328,"field1":"2.9375","field2":"1.0625"},{"created_at":"2019-03-15T21:10:09-07:00","entry_id":24329,"field1":"2.9375","field2":"1"},{"created_at":"2019-03-15T21:19:46-07:00","entry_id":24330,"field1":"2.875","field2":"0.75"},{"created_at":"2019-03-15T21:29:23-07:00","entry_id":24331,"field1":"2.875","field2":"0.6875"},{"created_at":"2019-03-15T21:39:00-07:00","entry_id":24332,"field1":"2.875","field2":"0.5625"},{"created_at":"2019-03-15T21:48:37-07:00","entry_id":24333,"field1":"2.875","field2":"0.5625"},{"created_at":"2019-03-15T21:58:14-07:00","entry_id":24334,"field1":"2.8125","field2":"0.4375"},{"created_at":"2019-03-15T22:07:51-07:00","entry_id":24335,"field1":"2.8125","field2":"0.4375"},{"created_at":"2019-03-15T22:17:28-07:00","entry_id":24336,"field1":"2.8125","field2":"0.375"},{"created_at":"2019-03-15T22:27:05-07:00","entry_id":24337,"field1":"2.75","field2":"0.3125"},{"created_at":"2019-03-15T22:36:42-07:00","entry_id":24338,"field1":"2.75","field2":"0.1875"},{"created_at":"2019-03-15T22:46:19-07:00","entry_id":24339,"field1":"2.75","field2":"0.125"},{"created_at":"2019-03-15T22:55:57-07:00","entry_id":24340,"field1":"2.75","field2":"-0.125"},{"created_at":"2019-03-15T23:05:33-07:00","entry_id":24341,"field1":"2.75","field2":"-0.1875"},{"created_at":"2019-03-15T23:15:10-07:00","entry_id":24342,"field1":"2.75","field2":"-0.0625"},{"created_at":"2019-03-15T23:24:47-07:00","entry_id":24343,"field1":"2.75","field2":"-0.0625"},{"created_at":"2019-03-15T23:34:25-07:00","entry_id":24344,"field1":"2.75","field2":"-0.1875"},{"created_at":"2019-03-15T23:44:02-07:00","entry_id":24345,"field1":"2.75","field2":"-0.25"},{"created_at":"2019-03-15T23:53:39-07:00","entry_id":24346,"field1":"2.6875","field2":"-0.1875"}]}