{"channel":{"id":581842,"name":"Upstairs Small Window Indoor / Outdoor Sensor","latitude":"0.0","longitude":"0.0","field1":"Indoor Temperature","field2":"Outdoor Temperature","created_at":"2018-09-23T15:37:52-07:00","updated_at":"2020-07-27T05:59:41-07:00","last_entry_id":150128},"feeds":[{"created_at":"2019-04-30T00:07:58-07:00","entry_id":30385,"field1":"10.75","field2":"3.5"},{"created_at":"2019-04-30T00:17:35-07:00","entry_id":30386,"field1":"10.6875","field2":"3.125"},{"created_at":"2019-04-30T00:27:13-07:00","entry_id":30387,"field1":"10.6875","field2":"3.1875"},{"created_at":"2019-04-30T00:36:50-07:00","entry_id":30388,"field1":"10.625","field2":"2.9375"},{"created_at":"2019-04-30T00:46:28-07:00","entry_id":30389,"field1":"10.5625","field2":"2.8125"},{"created_at":"2019-04-30T00:56:06-07:00","entry_id":30390,"field1":"10.5","field2":"2.375"},{"created_at":"2019-04-30T01:05:43-07:00","entry_id":30391,"field1":"10.4375","field2":"1.8125"},{"created_at":"2019-04-30T01:15:21-07:00","entry_id":30392,"field1":"10.375","field2":"2.25"},{"created_at":"2019-04-30T01:24:58-07:00","entry_id":30393,"field1":"10.3125","field2":"2.25"},{"created_at":"2019-04-30T01:34:36-07:00","entry_id":30394,"field1":"10.25","field2":"1.5625"},{"created_at":"2019-04-30T01:44:13-07:00","entry_id":30395,"field1":"10.1875","field2":"1.9375"},{"created_at":"2019-04-30T01:53:50-07:00","entry_id":30396,"field1":"10.125","field2":"1.8125"},{"created_at":"2019-04-30T02:03:28-07:00","entry_id":30397,"field1":"10.0625","field2":"1.1875"},{"created_at":"2019-04-30T02:13:06-07:00","entry_id":30398,"field1":"10","field2":"1.625"},{"created_at":"2019-04-30T02:22:43-07:00","entry_id":30399,"field1":"9.9375","field2":"1.75"},{"created_at":"2019-04-30T02:32:21-07:00","entry_id":30400,"field1":"9.875","field2":"1.5"},{"created_at":"2019-04-30T02:41:58-07:00","entry_id":30401,"field1":"9.8125","field2":"1.375"},{"created_at":"2019-04-30T02:51:36-07:00","entry_id":30402,"field1":"9.75","field2":"1.125"},{"created_at":"2019-04-30T03:01:13-07:00","entry_id":30403,"field1":"9.6875","field2":"1.4375"},{"created_at":"2019-04-30T03:10:51-07:00","entry_id":30404,"field1":"9.625","field2":"1.25"},{"created_at":"2019-04-30T03:20:29-07:00","entry_id":30405,"field1":"9.5625","field2":"1.0625"},{"created_at":"2019-04-30T03:30:07-07:00","entry_id":30406,"field1":"9.5","field2":"1"},{"created_at":"2019-04-30T03:39:44-07:00","entry_id":30407,"field1":"9.4375","field2":"0.625"},{"created_at":"2019-04-30T03:49:21-07:00","entry_id":30408,"field1":"9.375","field2":"0.875"},{"created_at":"2019-04-30T03:58:59-07:00","entry_id":30409,"field1":"9.3125","field2":"0.375"},{"created_at":"2019-04-30T04:08:36-07:00","entry_id":30410,"field1":"9.25","field2":"0.8125"},{"created_at":"2019-04-30T04:18:13-07:00","entry_id":30411,"field1":"9.1875","field2":"0.625"},{"created_at":"2019-04-30T04:27:51-07:00","entry_id":30412,"field1":"9.125","field2":"0.625"},{"created_at":"2019-04-30T04:37:27-07:00","entry_id":30413,"field1":"9.0625","field2":"0.9375"},{"created_at":"2019-04-30T04:47:05-07:00","entry_id":30414,"field1":"9.0625","field2":"0.6875"},{"created_at":"2019-04-30T04:56:42-07:00","entry_id":30415,"field1":"9","field2":"0.4375"},{"created_at":"2019-04-30T05:06:19-07:00","entry_id":30416,"field1":"8.9375","field2":"0.5"},{"created_at":"2019-04-30T05:15:58-07:00","entry_id":30417,"field1":"8.875","field2":"0.3125"},{"created_at":"2019-04-30T05:25:34-07:00","entry_id":30418,"field1":"8.8125","field2":"-0.0625"},{"created_at":"2019-04-30T05:35:12-07:00","entry_id":30419,"field1":"8.75","field2":"0.1875"},{"created_at":"2019-04-30T05:44:49-07:00","entry_id":30420,"field1":"8.6875","field2":"0.1875"},{"created_at":"2019-04-30T05:54:26-07:00","entry_id":30421,"field1":"8.625","field2":"0.125"},{"created_at":"2019-04-30T06:04:03-07:00","entry_id":30422,"field1":"8.5625","field2":"0.125"},{"created_at":"2019-04-30T06:13:53-07:00","entry_id":30423,"field1":"8.5625","field2":"0.3125"},{"created_at":"2019-04-30T06:23:26-07:00","entry_id":30424,"field1":"8.5","field2":"0.6875"},{"created_at":"2019-04-30T06:33:03-07:00","entry_id":30425,"field1":"8.4375","field2":"1.0625"},{"created_at":"2019-04-30T06:42:40-07:00","entry_id":30426,"field1":"8.4375","field2":"1.375"},{"created_at":"2019-04-30T06:52:18-07:00","entry_id":30427,"field1":"8.4375","field2":"1.5625"},{"created_at":"2019-04-30T07:01:55-07:00","entry_id":30428,"field1":"8.4375","field2":"1.75"},{"created_at":"2019-04-30T07:11:32-07:00","entry_id":30429,"field1":"8.4375","field2":"1.875"},{"created_at":"2019-04-30T07:21:10-07:00","entry_id":30430,"field1":"8.5","field2":"1.9375"},{"created_at":"2019-04-30T07:30:47-07:00","entry_id":30431,"field1":"8.625","field2":"1.875"},{"created_at":"2019-04-30T07:40:24-07:00","entry_id":30432,"field1":"8.75","field2":"2.6875"},{"created_at":"2019-04-30T07:50:02-07:00","entry_id":30433,"field1":"8.8125","field2":"2.1875"},{"created_at":"2019-04-30T07:59:40-07:00","entry_id":30434,"field1":"8.9375","field2":"2.8125"},{"created_at":"2019-04-30T08:09:17-07:00","entry_id":30435,"field1":"9.1875","field2":"3.4375"},{"created_at":"2019-04-30T08:18:57-07:00","entry_id":30436,"field1":"9.375","field2":"3.25"},{"created_at":"2019-04-30T08:28:35-07:00","entry_id":30437,"field1":"9.5625","field2":"5.875"},{"created_at":"2019-04-30T08:38:12-07:00","entry_id":30438,"field1":"9.625","field2":"6.5"},{"created_at":"2019-04-30T08:47:49-07:00","entry_id":30439,"field1":"9.4375","field2":"5.0625"},{"created_at":"2019-04-30T08:57:26-07:00","entry_id":30440,"field1":"9.4375","field2":"6.0625"},{"created_at":"2019-04-30T09:07:03-07:00","entry_id":30441,"field1":"9.5","field2":"5.5"},{"created_at":"2019-04-30T09:16:40-07:00","entry_id":30442,"field1":"9.5625","field2":"5.125"},{"created_at":"2019-04-30T09:26:17-07:00","entry_id":30443,"field1":"10","field2":"4.125"},{"created_at":"2019-04-30T09:35:55-07:00","entry_id":30444,"field1":"10","field2":"4.125"},{"created_at":"2019-04-30T09:45:32-07:00","entry_id":30445,"field1":"9.8125","field2":"4.1875"},{"created_at":"2019-04-30T09:55:10-07:00","entry_id":30446,"field1":"10.0625","field2":"3.9375"},{"created_at":"2019-04-30T10:04:54-07:00","entry_id":30447,"field1":"10.1875","field2":"4.4375"},{"created_at":"2019-04-30T10:14:32-07:00","entry_id":30448,"field1":"10.375","field2":"4.6875"},{"created_at":"2019-04-30T10:24:10-07:00","entry_id":30449,"field1":"10.4375","field2":"5.25"},{"created_at":"2019-04-30T10:33:47-07:00","entry_id":30450,"field1":"10.4375","field2":"5.3125"},{"created_at":"2019-04-30T10:43:24-07:00","entry_id":30451,"field1":"9.9375","field2":"5.0625"},{"created_at":"2019-04-30T10:53:02-07:00","entry_id":30452,"field1":"9.9375","field2":"5.6875"},{"created_at":"2019-04-30T11:02:40-07:00","entry_id":30453,"field1":"9.8125","field2":"5.75"},{"created_at":"2019-04-30T11:12:18-07:00","entry_id":30454,"field1":"9.875","field2":"6.0625"},{"created_at":"2019-04-30T11:21:55-07:00","entry_id":30455,"field1":"9.9375","field2":"6.4375"},{"created_at":"2019-04-30T11:31:31-07:00","entry_id":30456,"field1":"9.9375","field2":"6.5"},{"created_at":"2019-04-30T11:41:09-07:00","entry_id":30457,"field1":"10","field2":"6.9375"},{"created_at":"2019-04-30T11:50:46-07:00","entry_id":30458,"field1":"10.125","field2":"7.6875"},{"created_at":"2019-04-30T12:00:25-07:00","entry_id":30459,"field1":"10.25","field2":"7.5625"},{"created_at":"2019-04-30T12:10:02-07:00","entry_id":30460,"field1":"10.4375","field2":"8.25"},{"created_at":"2019-04-30T12:19:40-07:00","entry_id":30461,"field1":"10.4375","field2":"7.75"},{"created_at":"2019-04-30T12:29:18-07:00","entry_id":30462,"field1":"10.4375","field2":"8.0625"},{"created_at":"2019-04-30T12:38:55-07:00","entry_id":30463,"field1":"10.5","field2":"8.0625"},{"created_at":"2019-04-30T12:48:33-07:00","entry_id":30464,"field1":"10.6875","field2":"8.625"},{"created_at":"2019-04-30T12:58:08-07:00","entry_id":30465,"field1":"10.6875","field2":"8.8125"},{"created_at":"2019-04-30T13:07:46-07:00","entry_id":30466,"field1":"10.9375","field2":"8.75"},{"created_at":"2019-04-30T13:17:23-07:00","entry_id":30467,"field1":"10.875","field2":"8.875"},{"created_at":"2019-04-30T13:27:01-07:00","entry_id":30468,"field1":"10.9375","field2":"9"},{"created_at":"2019-04-30T13:36:40-07:00","entry_id":30469,"field1":"11","field2":"9.375"},{"created_at":"2019-04-30T13:46:17-07:00","entry_id":30470,"field1":"11.0625","field2":"9.6875"},{"created_at":"2019-04-30T13:55:54-07:00","entry_id":30471,"field1":"11.125","field2":"10.0625"},{"created_at":"2019-04-30T14:05:32-07:00","entry_id":30472,"field1":"11.125","field2":"9.75"},{"created_at":"2019-04-30T14:15:09-07:00","entry_id":30473,"field1":"11.25","field2":"10.1875"},{"created_at":"2019-04-30T14:24:47-07:00","entry_id":30474,"field1":"11.1875","field2":"10.25"},{"created_at":"2019-04-30T14:34:25-07:00","entry_id":30475,"field1":"11.375","field2":"11"},{"created_at":"2019-04-30T14:44:02-07:00","entry_id":30476,"field1":"11.4375","field2":"11"},{"created_at":"2019-04-30T14:53:45-07:00","entry_id":30477,"field1":"11.4375","field2":"10.4375"},{"created_at":"2019-04-30T15:03:20-07:00","entry_id":30478,"field1":"11.5","field2":"11.75"},{"created_at":"2019-04-30T15:12:57-07:00","entry_id":30479,"field1":"11.375","field2":"10.75"},{"created_at":"2019-04-30T15:22:36-07:00","entry_id":30480,"field1":"11.5","field2":"11.4375"},{"created_at":"2019-04-30T15:32:13-07:00","entry_id":30481,"field1":"11.5625","field2":"10.875"},{"created_at":"2019-04-30T15:41:51-07:00","entry_id":30482,"field1":"11.5625","field2":"11.75"},{"created_at":"2019-04-30T15:51:28-07:00","entry_id":30483,"field1":"11.625","field2":"12.0625"},{"created_at":"2019-04-30T16:01:07-07:00","entry_id":30484,"field1":"11.6875","field2":"12.0625"},{"created_at":"2019-04-30T16:10:44-07:00","entry_id":30485,"field1":"11.75","field2":"12.3125"},{"created_at":"2019-04-30T16:20:22-07:00","entry_id":30486,"field1":"11.8125","field2":"12.0625"},{"created_at":"2019-04-30T16:29:59-07:00","entry_id":30487,"field1":"11.75","field2":"12.0625"},{"created_at":"2019-04-30T16:39:37-07:00","entry_id":30488,"field1":"11.75","field2":"12.5"},{"created_at":"2019-04-30T16:49:15-07:00","entry_id":30489,"field1":"11.6875","field2":"12.8125"},{"created_at":"2019-04-30T16:58:52-07:00","entry_id":30490,"field1":"11.75","field2":"12.875"},{"created_at":"2019-04-30T17:08:30-07:00","entry_id":30491,"field1":"11.6875","field2":"12.25"},{"created_at":"2019-04-30T17:18:08-07:00","entry_id":30492,"field1":"11.75","field2":"13.5"},{"created_at":"2019-04-30T17:27:46-07:00","entry_id":30493,"field1":"11.75","field2":"12.8125"},{"created_at":"2019-04-30T17:37:24-07:00","entry_id":30494,"field1":"11.75","field2":"13.1875"},{"created_at":"2019-04-30T17:47:02-07:00","entry_id":30495,"field1":"11.75","field2":"12.6875"},{"created_at":"2019-04-30T17:56:39-07:00","entry_id":30496,"field1":"11.75","field2":"12.6875"},{"created_at":"2019-04-30T18:06:17-07:00","entry_id":30497,"field1":"11.75","field2":"12.3125"},{"created_at":"2019-04-30T18:15:55-07:00","entry_id":30498,"field1":"11.75","field2":"12.5"},{"created_at":"2019-04-30T18:25:33-07:00","entry_id":30499,"field1":"11.75","field2":"11.9375"},{"created_at":"2019-04-30T18:35:11-07:00","entry_id":30500,"field1":"11.75","field2":"11.875"},{"created_at":"2019-04-30T18:44:49-07:00","entry_id":30501,"field1":"11.6875","field2":"11.75"},{"created_at":"2019-04-30T18:54:27-07:00","entry_id":30502,"field1":"11.6875","field2":"11.6875"},{"created_at":"2019-04-30T19:04:04-07:00","entry_id":30503,"field1":"11.6875","field2":"11.5"},{"created_at":"2019-04-30T19:13:42-07:00","entry_id":30504,"field1":"11.6875","field2":"11.25"},{"created_at":"2019-04-30T19:23:19-07:00","entry_id":30505,"field1":"11.6875","field2":"10.9375"},{"created_at":"2019-04-30T19:32:56-07:00","entry_id":30506,"field1":"11.625","field2":"10.75"},{"created_at":"2019-04-30T19:42:35-07:00","entry_id":30507,"field1":"11.625","field2":"10.5"},{"created_at":"2019-04-30T19:52:12-07:00","entry_id":30508,"field1":"11.5625","field2":"10.3125"},{"created_at":"2019-04-30T20:01:50-07:00","entry_id":30509,"field1":"11.5625","field2":"10.0625"},{"created_at":"2019-04-30T20:11:27-07:00","entry_id":30510,"field1":"11.5","field2":"9.9375"},{"created_at":"2019-04-30T20:21:05-07:00","entry_id":30511,"field1":"11.5","field2":"9.8125"},{"created_at":"2019-04-30T20:30:47-07:00","entry_id":30512,"field1":"11.5","field2":"9.625"},{"created_at":"2019-04-30T20:40:23-07:00","entry_id":30513,"field1":"11.4375","field2":"9.5"},{"created_at":"2019-04-30T20:50:01-07:00","entry_id":30514,"field1":"11.4375","field2":"9.3125"},{"created_at":"2019-04-30T20:59:39-07:00","entry_id":30515,"field1":"11.375","field2":"9.25"},{"created_at":"2019-04-30T21:09:17-07:00","entry_id":30516,"field1":"11.375","field2":"9.125"},{"created_at":"2019-04-30T21:18:55-07:00","entry_id":30517,"field1":"11.3125","field2":"8.9375"},{"created_at":"2019-04-30T21:28:32-07:00","entry_id":30518,"field1":"11.3125","field2":"8.9375"},{"created_at":"2019-04-30T21:38:11-07:00","entry_id":30519,"field1":"11.3125","field2":"8.875"},{"created_at":"2019-04-30T21:47:48-07:00","entry_id":30520,"field1":"11.25","field2":"8.8125"},{"created_at":"2019-04-30T21:57:25-07:00","entry_id":30521,"field1":"11.25","field2":"8.3125"},{"created_at":"2019-04-30T22:07:02-07:00","entry_id":30522,"field1":"11.25","field2":"8.5"},{"created_at":"2019-04-30T22:16:41-07:00","entry_id":30523,"field1":"11.1875","field2":"8.5625"},{"created_at":"2019-04-30T22:26:18-07:00","entry_id":30524,"field1":"11.1875","field2":"8.4375"},{"created_at":"2019-04-30T22:35:57-07:00","entry_id":30525,"field1":"11.125","field2":"8.4375"},{"created_at":"2019-04-30T22:45:35-07:00","entry_id":30526,"field1":"11.125","field2":"8.3125"},{"created_at":"2019-04-30T22:55:22-07:00","entry_id":30527,"field1":"11.125","field2":"8.25"},{"created_at":"2019-04-30T23:05:09-07:00","entry_id":30528,"field1":"11.125","field2":"8.125"},{"created_at":"2019-04-30T23:14:47-07:00","entry_id":30529,"field1":"11.125","field2":"8.0625"},{"created_at":"2019-04-30T23:24:24-07:00","entry_id":30530,"field1":"11.0625","field2":"8"},{"created_at":"2019-04-30T23:34:02-07:00","entry_id":30531,"field1":"11.0625","field2":"7.875"},{"created_at":"2019-04-30T23:43:39-07:00","entry_id":30532,"field1":"11","field2":"7.6875"},{"created_at":"2019-04-30T23:53:16-07:00","entry_id":30533,"field1":"11","field2":"8.0625"}]}