{"channel":{"id":581842,"name":"Upstairs Small Window Indoor / Outdoor Sensor","latitude":"0.0","longitude":"0.0","field1":"Indoor Temperature","field2":"Outdoor Temperature","created_at":"2018-09-23T15:37:52-07:00","updated_at":"2020-07-27T05:59:41-07:00","last_entry_id":340973},"feeds":[{"created_at":"2025-02-17T00:03:30-08:00","entry_id":340702,"field1":"3.0625","field2":"-1.75"},{"created_at":"2025-02-17T00:13:07-08:00","entry_id":340703,"field1":"3.0625","field2":"-1.8125"},{"created_at":"2025-02-17T00:22:44-08:00","entry_id":340704,"field1":"3.0625","field2":"-1.8125"},{"created_at":"2025-02-17T00:32:21-08:00","entry_id":340705,"field1":"3.0625","field2":"-1.8125"},{"created_at":"2025-02-17T00:41:58-08:00","entry_id":340706,"field1":"3.0625","field2":"-1.8125"},{"created_at":"2025-02-17T00:51:35-08:00","entry_id":340707,"field1":"3.0625","field2":"-1.875"},{"created_at":"2025-02-17T01:01:12-08:00","entry_id":340708,"field1":"3.0625","field2":"-1.875"},{"created_at":"2025-02-17T01:10:48-08:00","entry_id":340709,"field1":"3.0625","field2":"-1.875"},{"created_at":"2025-02-17T01:20:26-08:00","entry_id":340710,"field1":"3.125","field2":"-1.875"},{"created_at":"2025-02-17T01:30:03-08:00","entry_id":340711,"field1":"3.125","field2":"-1.875"},{"created_at":"2025-02-17T01:39:40-08:00","entry_id":340712,"field1":"3.125","field2":"-1.875"},{"created_at":"2025-02-17T01:49:18-08:00","entry_id":340713,"field1":"3.125","field2":"-1.875"},{"created_at":"2025-02-17T01:58:55-08:00","entry_id":340714,"field1":"3.125","field2":"-1.9375"},{"created_at":"2025-02-17T02:08:31-08:00","entry_id":340715,"field1":"3.125","field2":"-1.9375"},{"created_at":"2025-02-17T02:18:09-08:00","entry_id":340716,"field1":"3.125","field2":"-1.9375"},{"created_at":"2025-02-17T02:27:46-08:00","entry_id":340717,"field1":"3.125","field2":"-2"},{"created_at":"2025-02-17T02:37:23-08:00","entry_id":340718,"field1":"3.125","field2":"-2"},{"created_at":"2025-02-17T02:46:59-08:00","entry_id":340719,"field1":"3.125","field2":"-2"},{"created_at":"2025-02-17T02:56:37-08:00","entry_id":340720,"field1":"3.125","field2":"-2"},{"created_at":"2025-02-17T03:06:15-08:00","entry_id":340721,"field1":"3.125","field2":"-2"},{"created_at":"2025-02-17T03:15:51-08:00","entry_id":340722,"field1":"3.125","field2":"-2"},{"created_at":"2025-02-17T03:25:28-08:00","entry_id":340723,"field1":"3.125","field2":"-2"},{"created_at":"2025-02-17T03:35:05-08:00","entry_id":340724,"field1":"3.125","field2":"-2.0625"},{"created_at":"2025-02-17T03:44:43-08:00","entry_id":340725,"field1":"3.125","field2":"-2.0625"},{"created_at":"2025-02-17T03:54:19-08:00","entry_id":340726,"field1":"3.125","field2":"-2.125"},{"created_at":"2025-02-17T04:03:56-08:00","entry_id":340727,"field1":"3.1875","field2":"-2.1875"},{"created_at":"2025-02-17T04:13:33-08:00","entry_id":340728,"field1":"3.1875","field2":"-2.25"},{"created_at":"2025-02-17T04:23:08-08:00","entry_id":340729,"field1":"3.1875","field2":"-2.3125"},{"created_at":"2025-02-17T04:32:46-08:00","entry_id":340730,"field1":"3.1875","field2":"-2.375"},{"created_at":"2025-02-17T04:42:23-08:00","entry_id":340731,"field1":"3.1875","field2":"-2.375"},{"created_at":"2025-02-17T04:52:00-08:00","entry_id":340732,"field1":"3.1875","field2":"-2.4375"},{"created_at":"2025-02-17T05:01:37-08:00","entry_id":340733,"field1":"3.1875","field2":"-2.5"},{"created_at":"2025-02-17T05:11:14-08:00","entry_id":340734,"field1":"3.1875","field2":"-2.5625"},{"created_at":"2025-02-17T05:20:51-08:00","entry_id":340735,"field1":"3.1875","field2":"-2.5625"},{"created_at":"2025-02-17T05:30:27-08:00","entry_id":340736,"field1":"3.1875","field2":"-2.5"},{"created_at":"2025-02-17T05:40:05-08:00","entry_id":340737,"field1":"3.1875","field2":"-2.5"},{"created_at":"2025-02-17T05:49:42-08:00","entry_id":340738,"field1":"3.1875","field2":"-2.5"},{"created_at":"2025-02-17T05:59:19-08:00","entry_id":340739,"field1":"3.1875","field2":"-2.5625"},{"created_at":"2025-02-17T06:08:56-08:00","entry_id":340740,"field1":"3.1875","field2":"-2.5"},{"created_at":"2025-02-17T06:18:33-08:00","entry_id":340741,"field1":"3.1875","field2":"-2.5625"},{"created_at":"2025-02-17T06:28:11-08:00","entry_id":340742,"field1":"3.1875","field2":"-2.5"},{"created_at":"2025-02-17T06:37:47-08:00","entry_id":340743,"field1":"3.1875","field2":"-2.5625"},{"created_at":"2025-02-17T06:47:24-08:00","entry_id":340744,"field1":"3.1875","field2":"-2.5625"},{"created_at":"2025-02-17T06:57:01-08:00","entry_id":340745,"field1":"3.1875","field2":"-2.75"},{"created_at":"2025-02-17T07:06:39-08:00","entry_id":340746,"field1":"3.1875","field2":"-2.625"},{"created_at":"2025-02-17T07:16:16-08:00","entry_id":340747,"field1":"3.1875","field2":"-2.75"},{"created_at":"2025-02-17T07:25:53-08:00","entry_id":340748,"field1":"3.1875","field2":"-2.6875"},{"created_at":"2025-02-17T07:35:30-08:00","entry_id":340749,"field1":"3.1875","field2":"-2.5625"},{"created_at":"2025-02-17T07:45:05-08:00","entry_id":340750,"field1":"3.1875","field2":"-2.5625"},{"created_at":"2025-02-17T07:54:42-08:00","entry_id":340751,"field1":"3.1875","field2":"-2.375"},{"created_at":"2025-02-17T08:04:20-08:00","entry_id":340752,"field1":"3.1875","field2":"-2.3125"},{"created_at":"2025-02-17T08:13:57-08:00","entry_id":340753,"field1":"3.1875","field2":"-2.25"},{"created_at":"2025-02-17T08:23:34-08:00","entry_id":340754,"field1":"3.25","field2":"-2.0625"},{"created_at":"2025-02-17T08:33:09-08:00","entry_id":340755,"field1":"3.25","field2":"-1.8125"},{"created_at":"2025-02-17T08:42:47-08:00","entry_id":340756,"field1":"3.25","field2":"-1.625"},{"created_at":"2025-02-17T08:52:24-08:00","entry_id":340757,"field1":"3.25","field2":"-1.5625"},{"created_at":"2025-02-17T09:02:01-08:00","entry_id":340758,"field1":"3.3125","field2":"-1.5"},{"created_at":"2025-02-17T09:11:39-08:00","entry_id":340759,"field1":"3.3125","field2":"-1.5625"},{"created_at":"2025-02-17T09:21:15-08:00","entry_id":340760,"field1":"3.375","field2":"-1.0625"},{"created_at":"2025-02-17T09:30:53-08:00","entry_id":340761,"field1":"3.375","field2":"-0.9375"},{"created_at":"2025-02-17T09:40:30-08:00","entry_id":340762,"field1":"3.4375","field2":"-1.0625"},{"created_at":"2025-02-17T09:50:07-08:00","entry_id":340763,"field1":"3.4375","field2":"-1"},{"created_at":"2025-02-17T09:59:44-08:00","entry_id":340764,"field1":"3.5","field2":"-0.9375"},{"created_at":"2025-02-17T10:09:21-08:00","entry_id":340765,"field1":"3.5","field2":"-0.75"},{"created_at":"2025-02-17T10:18:59-08:00","entry_id":340766,"field1":"3.5625","field2":"-0.8125"},{"created_at":"2025-02-17T10:28:35-08:00","entry_id":340767,"field1":"3.625","field2":"-0.3125"},{"created_at":"2025-02-17T10:38:13-08:00","entry_id":340768,"field1":"3.625","field2":"-0.3125"},{"created_at":"2025-02-17T10:47:50-08:00","entry_id":340769,"field1":"3.625","field2":"-0.625"},{"created_at":"2025-02-17T10:57:28-08:00","entry_id":340770,"field1":"3.6875","field2":"-0.25"},{"created_at":"2025-02-17T11:07:05-08:00","entry_id":340771,"field1":"3.6875","field2":"-0.375"},{"created_at":"2025-02-17T11:16:42-08:00","entry_id":340772,"field1":"3.75","field2":"-0.125"},{"created_at":"2025-02-17T11:26:19-08:00","entry_id":340773,"field1":"3.8125","field2":"-0.1875"},{"created_at":"2025-02-17T11:35:56-08:00","entry_id":340774,"field1":"3.8125","field2":"0.0625"},{"created_at":"2025-02-17T11:45:34-08:00","entry_id":340775,"field1":"3.875","field2":"0.25"},{"created_at":"2025-02-17T11:55:11-08:00","entry_id":340776,"field1":"3.875","field2":"0"},{"created_at":"2025-02-17T12:04:48-08:00","entry_id":340777,"field1":"3.875","field2":"0.1875"},{"created_at":"2025-02-17T12:14:26-08:00","entry_id":340778,"field1":"3.9375","field2":"0"},{"created_at":"2025-02-17T12:24:03-08:00","entry_id":340779,"field1":"3.9375","field2":"0.3125"},{"created_at":"2025-02-17T12:33:41-08:00","entry_id":340780,"field1":"4","field2":"0.5625"},{"created_at":"2025-02-17T12:43:18-08:00","entry_id":340781,"field1":"4","field2":"0.375"},{"created_at":"2025-02-17T12:52:56-08:00","entry_id":340782,"field1":"4.0625","field2":"0.125"},{"created_at":"2025-02-17T13:02:33-08:00","entry_id":340783,"field1":"4.0625","field2":"0.1875"},{"created_at":"2025-02-17T13:12:10-08:00","entry_id":340784,"field1":"4.0625","field2":"0.4375"},{"created_at":"2025-02-17T13:21:48-08:00","entry_id":340785,"field1":"4.125","field2":"0.5625"},{"created_at":"2025-02-17T13:31:25-08:00","entry_id":340786,"field1":"4.125","field2":"0.625"},{"created_at":"2025-02-17T13:41:03-08:00","entry_id":340787,"field1":"4.1875","field2":"0.75"},{"created_at":"2025-02-17T13:50:40-08:00","entry_id":340788,"field1":"4.1875","field2":"0.625"},{"created_at":"2025-02-17T14:00:16-08:00","entry_id":340789,"field1":"4.1875","field2":"0.625"},{"created_at":"2025-02-17T14:09:54-08:00","entry_id":340790,"field1":"4.1875","field2":"0.5625"},{"created_at":"2025-02-17T14:19:32-08:00","entry_id":340791,"field1":"4.25","field2":"0.75"},{"created_at":"2025-02-17T14:29:10-08:00","entry_id":340792,"field1":"4.25","field2":"0.75"},{"created_at":"2025-02-17T14:38:47-08:00","entry_id":340793,"field1":"4.3125","field2":"0.625"},{"created_at":"2025-02-17T14:48:24-08:00","entry_id":340794,"field1":"4.3125","field2":"0.5625"},{"created_at":"2025-02-17T14:58:02-08:00","entry_id":340795,"field1":"4.3125","field2":"0.625"},{"created_at":"2025-02-17T15:07:38-08:00","entry_id":340796,"field1":"4.3125","field2":"0.875"},{"created_at":"2025-02-17T15:17:16-08:00","entry_id":340797,"field1":"4.375","field2":"1.0625"},{"created_at":"2025-02-17T15:26:54-08:00","entry_id":340798,"field1":"4.375","field2":"1.0625"},{"created_at":"2025-02-17T15:36:30-08:00","entry_id":340799,"field1":"4.375","field2":"1"},{"created_at":"2025-02-17T15:46:07-08:00","entry_id":340800,"field1":"4.375","field2":"1.0625"},{"created_at":"2025-02-17T15:55:44-08:00","entry_id":340801,"field1":"4.4375","field2":"0.875"},{"created_at":"2025-02-17T16:05:21-08:00","entry_id":340802,"field1":"4.4375","field2":"0.6875"},{"created_at":"2025-02-17T16:14:58-08:00","entry_id":340803,"field1":"4.4375","field2":"0.6875"},{"created_at":"2025-02-17T16:24:35-08:00","entry_id":340804,"field1":"4.4375","field2":"0.5"},{"created_at":"2025-02-17T16:34:14-08:00","entry_id":340805,"field1":"4.4375","field2":"0.4375"},{"created_at":"2025-02-17T16:43:52-08:00","entry_id":340806,"field1":"4.4375","field2":"0.1875"},{"created_at":"2025-02-17T16:53:28-08:00","entry_id":340807,"field1":"4.4375","field2":"0.125"},{"created_at":"2025-02-17T17:03:05-08:00","entry_id":340808,"field1":"4.4375","field2":"0"},{"created_at":"2025-02-17T17:12:42-08:00","entry_id":340809,"field1":"4.4375","field2":"-0.0625"},{"created_at":"2025-02-17T17:22:20-08:00","entry_id":340810,"field1":"4.4375","field2":"-0.1875"},{"created_at":"2025-02-17T17:31:57-08:00","entry_id":340811,"field1":"4.4375","field2":"-0.25"},{"created_at":"2025-02-17T17:41:34-08:00","entry_id":340812,"field1":"4.4375","field2":"-0.3125"},{"created_at":"2025-02-17T17:51:11-08:00","entry_id":340813,"field1":"4.4375","field2":"-0.5"},{"created_at":"2025-02-17T18:00:48-08:00","entry_id":340814,"field1":"4.4375","field2":"-0.5625"},{"created_at":"2025-02-17T18:10:26-08:00","entry_id":340815,"field1":"4.4375","field2":"-0.625"},{"created_at":"2025-02-17T18:20:03-08:00","entry_id":340816,"field1":"4.4375","field2":"-0.75"},{"created_at":"2025-02-17T18:29:40-08:00","entry_id":340817,"field1":"4.4375","field2":"-0.8125"},{"created_at":"2025-02-17T18:39:16-08:00","entry_id":340818,"field1":"4.4375","field2":"-0.8125"},{"created_at":"2025-02-17T18:48:53-08:00","entry_id":340819,"field1":"4.4375","field2":"-0.875"},{"created_at":"2025-02-17T18:58:31-08:00","entry_id":340820,"field1":"4.4375","field2":"-0.9375"},{"created_at":"2025-02-17T19:08:06-08:00","entry_id":340821,"field1":"4.4375","field2":"-1"},{"created_at":"2025-02-17T19:17:44-08:00","entry_id":340822,"field1":"4.4375","field2":"-1.0625"},{"created_at":"2025-02-17T19:27:21-08:00","entry_id":340823,"field1":"4.4375","field2":"-1.0625"},{"created_at":"2025-02-17T19:36:59-08:00","entry_id":340824,"field1":"4.4375","field2":"-1.0625"},{"created_at":"2025-02-17T19:46:36-08:00","entry_id":340825,"field1":"4.4375","field2":"-1.125"},{"created_at":"2025-02-17T19:56:13-08:00","entry_id":340826,"field1":"4.4375","field2":"-1.0625"},{"created_at":"2025-02-17T20:05:50-08:00","entry_id":340827,"field1":"4.4375","field2":"-1.125"},{"created_at":"2025-02-17T20:15:28-08:00","entry_id":340828,"field1":"4.4375","field2":"-1.125"},{"created_at":"2025-02-17T20:25:05-08:00","entry_id":340829,"field1":"4.4375","field2":"-1.1875"},{"created_at":"2025-02-17T20:34:42-08:00","entry_id":340830,"field1":"4.4375","field2":"-1.1875"},{"created_at":"2025-02-17T20:44:19-08:00","entry_id":340831,"field1":"4.4375","field2":"-1.1875"},{"created_at":"2025-02-17T20:53:56-08:00","entry_id":340832,"field1":"4.4375","field2":"-1.25"},{"created_at":"2025-02-17T21:03:34-08:00","entry_id":340833,"field1":"4.4375","field2":"-1.1875"},{"created_at":"2025-02-17T21:13:11-08:00","entry_id":340834,"field1":"4.4375","field2":"-1.3125"},{"created_at":"2025-02-17T21:22:47-08:00","entry_id":340835,"field1":"4.4375","field2":"-1.25"},{"created_at":"2025-02-17T21:32:25-08:00","entry_id":340836,"field1":"4.4375","field2":"-1.25"},{"created_at":"2025-02-17T21:42:00-08:00","entry_id":340837,"field1":"4.4375","field2":"-1.25"},{"created_at":"2025-02-17T21:51:38-08:00","entry_id":340838,"field1":"4.4375","field2":"-1.3125"},{"created_at":"2025-02-17T22:01:15-08:00","entry_id":340839,"field1":"4.375","field2":"-1.3125"},{"created_at":"2025-02-17T22:10:54-08:00","entry_id":340840,"field1":"4.375","field2":"-1.375"},{"created_at":"2025-02-17T22:20:29-08:00","entry_id":340841,"field1":"4.375","field2":"-1.4375"},{"created_at":"2025-02-17T22:30:06-08:00","entry_id":340842,"field1":"4.375","field2":"-1.5"},{"created_at":"2025-02-17T22:39:44-08:00","entry_id":340843,"field1":"4.375","field2":"-1.5"},{"created_at":"2025-02-17T22:49:21-08:00","entry_id":340844,"field1":"4.375","field2":"-1.625"},{"created_at":"2025-02-17T22:58:59-08:00","entry_id":340845,"field1":"4.375","field2":"-1.6875"},{"created_at":"2025-02-17T23:08:36-08:00","entry_id":340846,"field1":"4.375","field2":"-1.6875"},{"created_at":"2025-02-17T23:18:13-08:00","entry_id":340847,"field1":"4.375","field2":"-1.625"},{"created_at":"2025-02-17T23:27:50-08:00","entry_id":340848,"field1":"4.375","field2":"-1.5625"},{"created_at":"2025-02-17T23:37:27-08:00","entry_id":340849,"field1":"4.375","field2":"-1.5625"},{"created_at":"2025-02-17T23:47:04-08:00","entry_id":340850,"field1":"4.375","field2":"-1.5625"}]}