{"channel":{"id":581842,"name":"Upstairs Small Window Indoor / Outdoor Sensor","latitude":"0.0","longitude":"0.0","field1":"Indoor Temperature","field2":"Outdoor Temperature","created_at":"2018-09-23T15:37:52-07:00","updated_at":"2020-07-27T05:59:41-07:00","last_entry_id":177087},"feeds":[{"created_at":"2022-02-12T00:04:33-08:00","entry_id":176806,"field1":"9","field2":"-2.375"},{"created_at":"2022-02-12T00:14:11-08:00","entry_id":176807,"field1":"8.9375","field2":"-2.3125"},{"created_at":"2022-02-12T00:23:48-08:00","entry_id":176808,"field1":"8.9375","field2":"-2.4375"},{"created_at":"2022-02-12T00:33:24-08:00","entry_id":176809,"field1":"8.9375","field2":"-2.4375"},{"created_at":"2022-02-12T00:43:01-08:00","entry_id":176810,"field1":"8.9375","field2":"-2.5"},{"created_at":"2022-02-12T00:52:38-08:00","entry_id":176811,"field1":"8.875","field2":"-2.5625"},{"created_at":"2022-02-12T01:02:16-08:00","entry_id":176812,"field1":"8.875","field2":"-2.5625"},{"created_at":"2022-02-12T01:11:54-08:00","entry_id":176813,"field1":"8.875","field2":"-2.4375"},{"created_at":"2022-02-12T01:21:31-08:00","entry_id":176814,"field1":"8.875","field2":"-2.75"},{"created_at":"2022-02-12T01:31:09-08:00","entry_id":176815,"field1":"8.875","field2":"-2.5625"},{"created_at":"2022-02-12T01:40:44-08:00","entry_id":176816,"field1":"8.875","field2":"-2.875"},{"created_at":"2022-02-12T01:50:23-08:00","entry_id":176817,"field1":"8.8125","field2":"-2.875"},{"created_at":"2022-02-12T01:59:59-08:00","entry_id":176818,"field1":"8.8125","field2":"-2.6875"},{"created_at":"2022-02-12T02:09:38-08:00","entry_id":176819,"field1":"8.8125","field2":"-2.9375"},{"created_at":"2022-02-12T02:19:15-08:00","entry_id":176820,"field1":"8.8125","field2":"-3.125"},{"created_at":"2022-02-12T02:28:52-08:00","entry_id":176821,"field1":"8.8125","field2":"-3.1875"},{"created_at":"2022-02-12T02:38:29-08:00","entry_id":176822,"field1":"8.75","field2":"-3.25"},{"created_at":"2022-02-12T02:48:05-08:00","entry_id":176823,"field1":"8.75","field2":"-3.3125"},{"created_at":"2022-02-12T02:57:43-08:00","entry_id":176824,"field1":"8.75","field2":"-3.125"},{"created_at":"2022-02-12T03:07:20-08:00","entry_id":176825,"field1":"8.75","field2":"-3.25"},{"created_at":"2022-02-12T03:16:58-08:00","entry_id":176826,"field1":"8.6875","field2":"-3.1875"},{"created_at":"2022-02-12T03:26:35-08:00","entry_id":176827,"field1":"8.6875","field2":"-3"},{"created_at":"2022-02-12T03:36:11-08:00","entry_id":176828,"field1":"8.6875","field2":"-3.0625"},{"created_at":"2022-02-12T03:45:47-08:00","entry_id":176829,"field1":"8.6875","field2":"-3.0625"},{"created_at":"2022-02-12T03:55:24-08:00","entry_id":176830,"field1":"8.6875","field2":"-3.0625"},{"created_at":"2022-02-12T04:05:02-08:00","entry_id":176831,"field1":"8.6875","field2":"-3.25"},{"created_at":"2022-02-12T04:14:40-08:00","entry_id":176832,"field1":"8.6875","field2":"-3.375"},{"created_at":"2022-02-12T04:24:17-08:00","entry_id":176833,"field1":"8.625","field2":"-3.5"},{"created_at":"2022-02-12T04:33:54-08:00","entry_id":176834,"field1":"8.625","field2":"-3.4375"},{"created_at":"2022-02-12T04:43:31-08:00","entry_id":176835,"field1":"8.625","field2":"-3.5"},{"created_at":"2022-02-12T04:53:09-08:00","entry_id":176836,"field1":"8.5625","field2":"-3.5625"},{"created_at":"2022-02-12T05:02:47-08:00","entry_id":176837,"field1":"8.5625","field2":"-3.5625"},{"created_at":"2022-02-12T05:12:22-08:00","entry_id":176838,"field1":"8.5625","field2":"-3.875"},{"created_at":"2022-02-12T05:22:01-08:00","entry_id":176839,"field1":"8.5625","field2":"-3.875"},{"created_at":"2022-02-12T05:31:38-08:00","entry_id":176840,"field1":"8.5625","field2":"-4.0625"},{"created_at":"2022-02-12T05:41:16-08:00","entry_id":176841,"field1":"8.5","field2":"-3.875"},{"created_at":"2022-02-12T05:50:54-08:00","entry_id":176842,"field1":"8.5","field2":"-3.75"},{"created_at":"2022-02-12T06:00:31-08:00","entry_id":176843,"field1":"8.5","field2":"-3.9375"},{"created_at":"2022-02-12T06:10:09-08:00","entry_id":176844,"field1":"8.5","field2":"-3.75"},{"created_at":"2022-02-12T06:19:44-08:00","entry_id":176845,"field1":"8.4375","field2":"-3.75"},{"created_at":"2022-02-12T06:29:23-08:00","entry_id":176846,"field1":"8.4375","field2":"-4"},{"created_at":"2022-02-12T06:38:58-08:00","entry_id":176847,"field1":"8.4375","field2":"-4.0625"},{"created_at":"2022-02-12T06:48:34-08:00","entry_id":176848,"field1":"8.4375","field2":"-3.875"},{"created_at":"2022-02-12T06:58:11-08:00","entry_id":176849,"field1":"8.375","field2":"-4.0625"},{"created_at":"2022-02-12T07:07:47-08:00","entry_id":176850,"field1":"8.375","field2":"-3.9375"},{"created_at":"2022-02-12T07:17:23-08:00","entry_id":176851,"field1":"8.375","field2":"-4.25"},{"created_at":"2022-02-12T07:27:00-08:00","entry_id":176852,"field1":"8.3125","field2":"-4.1875"},{"created_at":"2022-02-12T07:36:38-08:00","entry_id":176853,"field1":"8.3125","field2":"-4.125"},{"created_at":"2022-02-12T07:46:16-08:00","entry_id":176854,"field1":"8.3125","field2":"-4"},{"created_at":"2022-02-12T07:55:53-08:00","entry_id":176855,"field1":"8.3125","field2":"-4"},{"created_at":"2022-02-12T08:05:29-08:00","entry_id":176856,"field1":"8.3125","field2":"-4.0625"},{"created_at":"2022-02-12T08:15:05-08:00","entry_id":176857,"field1":"8.25","field2":"-3.9375"},{"created_at":"2022-02-12T08:24:42-08:00","entry_id":176858,"field1":"8.25","field2":"-3.8125"},{"created_at":"2022-02-12T08:34:19-08:00","entry_id":176859,"field1":"8.25","field2":"-4.0625"},{"created_at":"2022-02-12T08:43:57-08:00","entry_id":176860,"field1":"8.25","field2":"-3.75"},{"created_at":"2022-02-12T08:53:34-08:00","entry_id":176861,"field1":"8.25","field2":"-3.8125"},{"created_at":"2022-02-12T09:03:12-08:00","entry_id":176862,"field1":"8.25","field2":"-4.0625"},{"created_at":"2022-02-12T09:12:48-08:00","entry_id":176863,"field1":"8.1875","field2":"-4.0625"},{"created_at":"2022-02-12T09:22:26-08:00","entry_id":176864,"field1":"8.25","field2":"-3.875"},{"created_at":"2022-02-12T09:32:03-08:00","entry_id":176865,"field1":"8.25","field2":"-3.9375"},{"created_at":"2022-02-12T09:41:41-08:00","entry_id":176866,"field1":"8.25","field2":"-3.9375"},{"created_at":"2022-02-12T09:51:17-08:00","entry_id":176867,"field1":"8.25","field2":"-3.875"},{"created_at":"2022-02-12T10:00:53-08:00","entry_id":176868,"field1":"8.25","field2":"-3.75"},{"created_at":"2022-02-12T10:10:32-08:00","entry_id":176869,"field1":"8.25","field2":"-3.5625"},{"created_at":"2022-02-12T10:20:10-08:00","entry_id":176870,"field1":"8.25","field2":"-3.375"},{"created_at":"2022-02-12T10:29:47-08:00","entry_id":176871,"field1":"8.25","field2":"-3.0625"},{"created_at":"2022-02-12T10:39:25-08:00","entry_id":176872,"field1":"8.3125","field2":"-2.5"},{"created_at":"2022-02-12T10:49:03-08:00","entry_id":176873,"field1":"8.4375","field2":"-2.375"},{"created_at":"2022-02-12T10:58:40-08:00","entry_id":176874,"field1":"8.5625","field2":"-2.3125"},{"created_at":"2022-02-12T11:08:17-08:00","entry_id":176875,"field1":"8.625","field2":"-2.4375"},{"created_at":"2022-02-12T11:17:55-08:00","entry_id":176876,"field1":"8.625","field2":"-2.5"},{"created_at":"2022-02-12T11:27:33-08:00","entry_id":176877,"field1":"8.6875","field2":"-2.1875"},{"created_at":"2022-02-12T11:37:11-08:00","entry_id":176878,"field1":"8.6875","field2":"-2.375"},{"created_at":"2022-02-12T11:46:48-08:00","entry_id":176879,"field1":"8.6875","field2":"-2.0625"},{"created_at":"2022-02-12T11:56:26-08:00","entry_id":176880,"field1":"8.6875","field2":"-2.0625"},{"created_at":"2022-02-12T12:06:01-08:00","entry_id":176881,"field1":"8.6875","field2":"-1.875"},{"created_at":"2022-02-12T12:15:39-08:00","entry_id":176882,"field1":"8.6875","field2":"-1.9375"},{"created_at":"2022-02-12T12:25:15-08:00","entry_id":176883,"field1":"8.6875","field2":"-1.375"},{"created_at":"2022-02-12T12:34:54-08:00","entry_id":176884,"field1":"8.6875","field2":"-1.75"},{"created_at":"2022-02-12T12:44:31-08:00","entry_id":176885,"field1":"8.6875","field2":"-1.125"},{"created_at":"2022-02-12T12:54:08-08:00","entry_id":176886,"field1":"8.6875","field2":"-1.125"},{"created_at":"2022-02-12T13:03:44-08:00","entry_id":176887,"field1":"8.6875","field2":"-1.0625"},{"created_at":"2022-02-12T13:13:23-08:00","entry_id":176888,"field1":"8.6875","field2":"-1"},{"created_at":"2022-02-12T13:23:00-08:00","entry_id":176889,"field1":"8.6875","field2":"-0.9375"},{"created_at":"2022-02-12T13:32:35-08:00","entry_id":176890,"field1":"8.6875","field2":"-1"},{"created_at":"2022-02-12T13:42:13-08:00","entry_id":176891,"field1":"8.6875","field2":"-1"},{"created_at":"2022-02-12T13:51:51-08:00","entry_id":176892,"field1":"8.6875","field2":"-1"},{"created_at":"2022-02-12T14:01:26-08:00","entry_id":176893,"field1":"8.625","field2":"-0.9375"},{"created_at":"2022-02-12T14:11:03-08:00","entry_id":176894,"field1":"8.6875","field2":"-0.75"},{"created_at":"2022-02-12T14:20:39-08:00","entry_id":176895,"field1":"8.625","field2":"-0.6875"},{"created_at":"2022-02-12T14:30:15-08:00","entry_id":176896,"field1":"8.625","field2":"-0.6875"},{"created_at":"2022-02-12T14:39:54-08:00","entry_id":176897,"field1":"8.625","field2":"-0.5625"},{"created_at":"2022-02-12T14:49:31-08:00","entry_id":176898,"field1":"8.625","field2":"-0.5625"},{"created_at":"2022-02-12T14:59:08-08:00","entry_id":176899,"field1":"8.625","field2":"-0.5625"},{"created_at":"2022-02-12T15:08:43-08:00","entry_id":176900,"field1":"8.625","field2":"-0.625"},{"created_at":"2022-02-12T15:18:21-08:00","entry_id":176901,"field1":"8.625","field2":"-0.5625"},{"created_at":"2022-02-12T15:27:59-08:00","entry_id":176902,"field1":"8.625","field2":"-0.5"},{"created_at":"2022-02-12T15:37:36-08:00","entry_id":176903,"field1":"8.625","field2":"-0.5"},{"created_at":"2022-02-12T15:47:14-08:00","entry_id":176904,"field1":"8.625","field2":"-0.625"},{"created_at":"2022-02-12T15:56:49-08:00","entry_id":176905,"field1":"8.625","field2":"-0.5625"},{"created_at":"2022-02-12T16:06:26-08:00","entry_id":176906,"field1":"8.625","field2":"-0.4375"},{"created_at":"2022-02-12T16:16:04-08:00","entry_id":176907,"field1":"8.625","field2":"-0.4375"},{"created_at":"2022-02-12T16:25:42-08:00","entry_id":176908,"field1":"8.625","field2":"-0.4375"},{"created_at":"2022-02-12T16:35:19-08:00","entry_id":176909,"field1":"8.625","field2":"-0.8125"},{"created_at":"2022-02-12T16:44:55-08:00","entry_id":176910,"field1":"8.625","field2":"-0.75"},{"created_at":"2022-02-12T16:54:33-08:00","entry_id":176911,"field1":"8.625","field2":"-0.8125"},{"created_at":"2022-02-12T17:04:11-08:00","entry_id":176912,"field1":"8.625","field2":"-0.9375"},{"created_at":"2022-02-12T17:13:48-08:00","entry_id":176913,"field1":"8.5625","field2":"-1"},{"created_at":"2022-02-12T17:23:26-08:00","entry_id":176914,"field1":"8.5625","field2":"-1.125"},{"created_at":"2022-02-12T17:33:04-08:00","entry_id":176915,"field1":"8.5625","field2":"-1.1875"},{"created_at":"2022-02-12T17:42:39-08:00","entry_id":176916,"field1":"8.5625","field2":"-1.25"},{"created_at":"2022-02-12T17:52:16-08:00","entry_id":176917,"field1":"8.5625","field2":"-1.375"},{"created_at":"2022-02-12T18:01:53-08:00","entry_id":176918,"field1":"8.5625","field2":"-1.5"},{"created_at":"2022-02-12T18:11:29-08:00","entry_id":176919,"field1":"8.5625","field2":"-1.625"},{"created_at":"2022-02-12T18:21:06-08:00","entry_id":176920,"field1":"8.5625","field2":"-1.75"},{"created_at":"2022-02-12T18:30:44-08:00","entry_id":176921,"field1":"8.5","field2":"-1.8125"},{"created_at":"2022-02-12T18:40:21-08:00","entry_id":176922,"field1":"8.5","field2":"-1.8125"},{"created_at":"2022-02-12T18:49:58-08:00","entry_id":176923,"field1":"8.5","field2":"-1.75"},{"created_at":"2022-02-12T18:59:36-08:00","entry_id":176924,"field1":"8.5","field2":"-1.75"},{"created_at":"2022-02-12T19:09:12-08:00","entry_id":176925,"field1":"8.5","field2":"-1.8125"},{"created_at":"2022-02-12T19:18:50-08:00","entry_id":176926,"field1":"8.5","field2":"-1.875"},{"created_at":"2022-02-12T19:28:27-08:00","entry_id":176927,"field1":"8.5","field2":"-2"},{"created_at":"2022-02-12T19:38:04-08:00","entry_id":176928,"field1":"8.5","field2":"-2.125"},{"created_at":"2022-02-12T19:47:41-08:00","entry_id":176929,"field1":"8.4375","field2":"-2"},{"created_at":"2022-02-12T19:57:17-08:00","entry_id":176930,"field1":"8.4375","field2":"-2.0625"},{"created_at":"2022-02-12T20:06:55-08:00","entry_id":176931,"field1":"8.4375","field2":"-2.1875"},{"created_at":"2022-02-12T20:16:31-08:00","entry_id":176932,"field1":"8.4375","field2":"-2.25"},{"created_at":"2022-02-12T20:26:07-08:00","entry_id":176933,"field1":"8.4375","field2":"-2.4375"},{"created_at":"2022-02-12T20:35:45-08:00","entry_id":176934,"field1":"8.375","field2":"-2.5625"},{"created_at":"2022-02-12T20:45:21-08:00","entry_id":176935,"field1":"8.4375","field2":"-2.6875"},{"created_at":"2022-02-12T20:54:59-08:00","entry_id":176936,"field1":"8.375","field2":"-2.625"},{"created_at":"2022-02-12T21:04:35-08:00","entry_id":176937,"field1":"8.375","field2":"-2.625"},{"created_at":"2022-02-12T21:14:13-08:00","entry_id":176938,"field1":"8.375","field2":"-2.625"},{"created_at":"2022-02-12T21:23:51-08:00","entry_id":176939,"field1":"8.375","field2":"-2.6875"},{"created_at":"2022-02-12T21:33:26-08:00","entry_id":176940,"field1":"8.3125","field2":"-2.8125"},{"created_at":"2022-02-12T21:43:04-08:00","entry_id":176941,"field1":"8.3125","field2":"-2.875"},{"created_at":"2022-02-12T21:52:42-08:00","entry_id":176942,"field1":"8.3125","field2":"-2.9375"},{"created_at":"2022-02-12T22:02:18-08:00","entry_id":176943,"field1":"8.3125","field2":"-2.8125"},{"created_at":"2022-02-12T22:11:56-08:00","entry_id":176944,"field1":"8.3125","field2":"-2.9375"},{"created_at":"2022-02-12T22:21:33-08:00","entry_id":176945,"field1":"8.25","field2":"-2.9375"},{"created_at":"2022-02-12T22:31:11-08:00","entry_id":176946,"field1":"8.25","field2":"-3"},{"created_at":"2022-02-12T22:40:48-08:00","entry_id":176947,"field1":"8.25","field2":"-3.0625"},{"created_at":"2022-02-12T22:50:25-08:00","entry_id":176948,"field1":"8.25","field2":"-3.125"},{"created_at":"2022-02-12T23:00:01-08:00","entry_id":176949,"field1":"8.25","field2":"-3.125"},{"created_at":"2022-02-12T23:09:38-08:00","entry_id":176950,"field1":"8.25","field2":"-3"},{"created_at":"2022-02-12T23:19:15-08:00","entry_id":176951,"field1":"8.1875","field2":"-3.1875"},{"created_at":"2022-02-12T23:28:53-08:00","entry_id":176952,"field1":"8.1875","field2":"-3.25"},{"created_at":"2022-02-12T23:38:30-08:00","entry_id":176953,"field1":"8.1875","field2":"-3.25"},{"created_at":"2022-02-12T23:48:07-08:00","entry_id":176954,"field1":"8.1875","field2":"-3.25"},{"created_at":"2022-02-12T23:57:42-08:00","entry_id":176955,"field1":"8.1875","field2":"-3.25"}]}