{"channel":{"id":581842,"name":"Upstairs Small Window Indoor / Outdoor Sensor","latitude":"0.0","longitude":"0.0","field1":"Indoor Temperature","field2":"Outdoor Temperature","created_at":"2018-09-23T15:37:52-07:00","updated_at":"2020-07-27T05:59:41-07:00","last_entry_id":328277},"feeds":[{"created_at":"2024-11-24T00:04:02-08:00","entry_id":327997,"field1":"4.125","field2":"2.75"},{"created_at":"2024-11-24T00:13:37-08:00","entry_id":327998,"field1":"4.0625","field2":"2.75"},{"created_at":"2024-11-24T00:23:15-08:00","entry_id":327999,"field1":"4.0625","field2":"2.75"},{"created_at":"2024-11-24T00:32:52-08:00","entry_id":328000,"field1":"4.0625","field2":"2.75"},{"created_at":"2024-11-24T00:42:29-08:00","entry_id":328001,"field1":"4.0625","field2":"2.75"},{"created_at":"2024-11-24T00:52:06-08:00","entry_id":328002,"field1":"4.0625","field2":"2.75"},{"created_at":"2024-11-24T01:01:44-08:00","entry_id":328003,"field1":"4.0625","field2":"2.6875"},{"created_at":"2024-11-24T01:11:19-08:00","entry_id":328004,"field1":"4.0625","field2":"2.6875"},{"created_at":"2024-11-24T01:20:57-08:00","entry_id":328005,"field1":"4.0625","field2":"2.6875"},{"created_at":"2024-11-24T01:30:32-08:00","entry_id":328006,"field1":"4.0625","field2":"2.6875"},{"created_at":"2024-11-24T01:40:08-08:00","entry_id":328007,"field1":"4.0625","field2":"2.6875"},{"created_at":"2024-11-24T01:49:46-08:00","entry_id":328008,"field1":"4.0625","field2":"2.6875"},{"created_at":"2024-11-24T01:59:24-08:00","entry_id":328009,"field1":"4.0625","field2":"2.6875"},{"created_at":"2024-11-24T02:09:00-08:00","entry_id":328010,"field1":"4.0625","field2":"2.75"},{"created_at":"2024-11-24T02:18:36-08:00","entry_id":328011,"field1":"4.0625","field2":"2.6875"},{"created_at":"2024-11-24T02:28:12-08:00","entry_id":328012,"field1":"4.0625","field2":"2.75"},{"created_at":"2024-11-24T02:37:50-08:00","entry_id":328013,"field1":"4","field2":"2.6875"},{"created_at":"2024-11-24T02:47:27-08:00","entry_id":328014,"field1":"4","field2":"2.75"},{"created_at":"2024-11-24T02:57:04-08:00","entry_id":328015,"field1":"4","field2":"2.75"},{"created_at":"2024-11-24T03:06:41-08:00","entry_id":328016,"field1":"4","field2":"2.75"},{"created_at":"2024-11-24T03:16:18-08:00","entry_id":328017,"field1":"4","field2":"2.75"},{"created_at":"2024-11-24T03:25:57-08:00","entry_id":328018,"field1":"4","field2":"2.75"},{"created_at":"2024-11-24T03:35:34-08:00","entry_id":328019,"field1":"4","field2":"2.75"},{"created_at":"2024-11-24T03:45:10-08:00","entry_id":328020,"field1":"4","field2":"2.8125"},{"created_at":"2024-11-24T03:54:46-08:00","entry_id":328021,"field1":"4","field2":"2.75"},{"created_at":"2024-11-24T04:04:23-08:00","entry_id":328022,"field1":"4","field2":"2.75"},{"created_at":"2024-11-24T04:13:59-08:00","entry_id":328023,"field1":"4","field2":"2.75"},{"created_at":"2024-11-24T04:23:37-08:00","entry_id":328024,"field1":"4","field2":"2.6875"},{"created_at":"2024-11-24T04:33:12-08:00","entry_id":328025,"field1":"4","field2":"2.75"},{"created_at":"2024-11-24T04:42:50-08:00","entry_id":328026,"field1":"4","field2":"2.75"},{"created_at":"2024-11-24T04:52:26-08:00","entry_id":328027,"field1":"4","field2":"2.6875"},{"created_at":"2024-11-24T05:02:03-08:00","entry_id":328028,"field1":"3.9375","field2":"2.6875"},{"created_at":"2024-11-24T05:11:40-08:00","entry_id":328029,"field1":"3.9375","field2":"2.625"},{"created_at":"2024-11-24T05:21:18-08:00","entry_id":328030,"field1":"3.9375","field2":"2.625"},{"created_at":"2024-11-24T05:30:54-08:00","entry_id":328031,"field1":"3.9375","field2":"2.625"},{"created_at":"2024-11-24T05:40:31-08:00","entry_id":328032,"field1":"3.9375","field2":"2.625"},{"created_at":"2024-11-24T05:50:08-08:00","entry_id":328033,"field1":"3.9375","field2":"2.625"},{"created_at":"2024-11-24T05:59:45-08:00","entry_id":328034,"field1":"3.9375","field2":"2.6875"},{"created_at":"2024-11-24T06:09:20-08:00","entry_id":328035,"field1":"3.9375","field2":"2.6875"},{"created_at":"2024-11-24T06:18:56-08:00","entry_id":328036,"field1":"3.9375","field2":"2.625"},{"created_at":"2024-11-24T06:28:34-08:00","entry_id":328037,"field1":"3.9375","field2":"2.6875"},{"created_at":"2024-11-24T06:38:11-08:00","entry_id":328038,"field1":"3.9375","field2":"2.6875"},{"created_at":"2024-11-24T06:47:47-08:00","entry_id":328039,"field1":"3.9375","field2":"2.6875"},{"created_at":"2024-11-24T06:57:25-08:00","entry_id":328040,"field1":"3.9375","field2":"2.6875"},{"created_at":"2024-11-24T07:07:02-08:00","entry_id":328041,"field1":"3.9375","field2":"2.625"},{"created_at":"2024-11-24T07:16:38-08:00","entry_id":328042,"field1":"3.9375","field2":"2.6875"},{"created_at":"2024-11-24T07:26:14-08:00","entry_id":328043,"field1":"3.875","field2":"2.6875"},{"created_at":"2024-11-24T07:35:52-08:00","entry_id":328044,"field1":"3.875","field2":"2.6875"},{"created_at":"2024-11-24T07:45:29-08:00","entry_id":328045,"field1":"3.875","field2":"2.75"},{"created_at":"2024-11-24T07:55:04-08:00","entry_id":328046,"field1":"3.875","field2":"2.75"},{"created_at":"2024-11-24T08:04:43-08:00","entry_id":328047,"field1":"3.875","field2":"2.75"},{"created_at":"2024-11-24T08:14:20-08:00","entry_id":328048,"field1":"3.875","field2":"2.75"},{"created_at":"2024-11-24T08:23:57-08:00","entry_id":328049,"field1":"3.875","field2":"2.8125"},{"created_at":"2024-11-24T08:33:34-08:00","entry_id":328050,"field1":"3.875","field2":"2.8125"},{"created_at":"2024-11-24T08:43:11-08:00","entry_id":328051,"field1":"3.875","field2":"2.875"},{"created_at":"2024-11-24T08:52:48-08:00","entry_id":328052,"field1":"3.875","field2":"2.9375"},{"created_at":"2024-11-24T09:02:25-08:00","entry_id":328053,"field1":"3.875","field2":"3"},{"created_at":"2024-11-24T09:12:02-08:00","entry_id":328054,"field1":"3.875","field2":"3"},{"created_at":"2024-11-24T09:21:39-08:00","entry_id":328055,"field1":"3.875","field2":"3.0625"},{"created_at":"2024-11-24T09:31:16-08:00","entry_id":328056,"field1":"3.875","field2":"3.125"},{"created_at":"2024-11-24T09:40:53-08:00","entry_id":328057,"field1":"3.875","field2":"3.1875"},{"created_at":"2024-11-24T09:50:30-08:00","entry_id":328058,"field1":"3.875","field2":"3.25"},{"created_at":"2024-11-24T10:00:07-08:00","entry_id":328059,"field1":"3.875","field2":"3.25"},{"created_at":"2024-11-24T10:09:42-08:00","entry_id":328060,"field1":"3.875","field2":"3.375"},{"created_at":"2024-11-24T10:19:20-08:00","entry_id":328061,"field1":"3.875","field2":"3.375"},{"created_at":"2024-11-24T10:28:57-08:00","entry_id":328062,"field1":"3.875","field2":"3.5"},{"created_at":"2024-11-24T10:38:33-08:00","entry_id":328063,"field1":"3.875","field2":"3.5625"},{"created_at":"2024-11-24T10:48:11-08:00","entry_id":328064,"field1":"3.875","field2":"3.75"},{"created_at":"2024-11-24T10:57:48-08:00","entry_id":328065,"field1":"3.9375","field2":"3.875"},{"created_at":"2024-11-24T11:07:23-08:00","entry_id":328066,"field1":"3.9375","field2":"3.875"},{"created_at":"2024-11-24T11:17:02-08:00","entry_id":328067,"field1":"3.9375","field2":"3.9375"},{"created_at":"2024-11-24T11:26:37-08:00","entry_id":328068,"field1":"3.9375","field2":"3.9375"},{"created_at":"2024-11-24T11:36:15-08:00","entry_id":328069,"field1":"4","field2":"4.0625"},{"created_at":"2024-11-24T11:45:53-08:00","entry_id":328070,"field1":"4","field2":"3.9375"},{"created_at":"2024-11-24T11:55:29-08:00","entry_id":328071,"field1":"4","field2":"4.0625"},{"created_at":"2024-11-24T12:05:06-08:00","entry_id":328072,"field1":"4.0625","field2":"4.25"},{"created_at":"2024-11-24T12:14:43-08:00","entry_id":328073,"field1":"4.0625","field2":"4.25"},{"created_at":"2024-11-24T12:24:19-08:00","entry_id":328074,"field1":"4.0625","field2":"4.3125"},{"created_at":"2024-11-24T12:33:57-08:00","entry_id":328075,"field1":"4.0625","field2":"4.375"},{"created_at":"2024-11-24T12:43:34-08:00","entry_id":328076,"field1":"4.0625","field2":"4.4375"},{"created_at":"2024-11-24T12:53:11-08:00","entry_id":328077,"field1":"4.125","field2":"4.4375"},{"created_at":"2024-11-24T13:02:46-08:00","entry_id":328078,"field1":"4.125","field2":"4.5"},{"created_at":"2024-11-24T13:12:24-08:00","entry_id":328079,"field1":"4.125","field2":"4.5"},{"created_at":"2024-11-24T13:22:00-08:00","entry_id":328080,"field1":"4.1875","field2":"4.4375"},{"created_at":"2024-11-24T13:31:38-08:00","entry_id":328081,"field1":"4.1875","field2":"4.5625"},{"created_at":"2024-11-24T13:41:15-08:00","entry_id":328082,"field1":"4.1875","field2":"4.5625"},{"created_at":"2024-11-24T13:50:52-08:00","entry_id":328083,"field1":"4.1875","field2":"4.5625"},{"created_at":"2024-11-24T14:00:29-08:00","entry_id":328084,"field1":"4.1875","field2":"4.5625"},{"created_at":"2024-11-24T14:10:05-08:00","entry_id":328085,"field1":"4.25","field2":"4.5625"},{"created_at":"2024-11-24T14:19:41-08:00","entry_id":328086,"field1":"4.25","field2":"4.5"},{"created_at":"2024-11-24T14:29:19-08:00","entry_id":328087,"field1":"4.25","field2":"4.4375"},{"created_at":"2024-11-24T14:38:54-08:00","entry_id":328088,"field1":"4.25","field2":"4.3125"},{"created_at":"2024-11-24T14:48:32-08:00","entry_id":328089,"field1":"4.25","field2":"4.1875"},{"created_at":"2024-11-24T14:58:09-08:00","entry_id":328090,"field1":"4.25","field2":"4.1875"},{"created_at":"2024-11-24T15:07:46-08:00","entry_id":328091,"field1":"4.25","field2":"4.0625"},{"created_at":"2024-11-24T15:17:22-08:00","entry_id":328092,"field1":"4.25","field2":"3.9375"},{"created_at":"2024-11-24T15:26:58-08:00","entry_id":328093,"field1":"4.25","field2":"3.875"},{"created_at":"2024-11-24T15:36:36-08:00","entry_id":328094,"field1":"4.25","field2":"3.8125"},{"created_at":"2024-11-24T15:46:11-08:00","entry_id":328095,"field1":"4.25","field2":"3.6875"},{"created_at":"2024-11-24T15:55:47-08:00","entry_id":328096,"field1":"4.25","field2":"3.625"},{"created_at":"2024-11-24T16:05:25-08:00","entry_id":328097,"field1":"4.25","field2":"3.5"},{"created_at":"2024-11-24T16:15:02-08:00","entry_id":328098,"field1":"4.25","field2":"3.5"},{"created_at":"2024-11-24T16:24:39-08:00","entry_id":328099,"field1":"4.25","field2":"3.375"},{"created_at":"2024-11-24T16:34:16-08:00","entry_id":328100,"field1":"4.25","field2":"3.3125"},{"created_at":"2024-11-24T16:43:53-08:00","entry_id":328101,"field1":"4.25","field2":"3.25"},{"created_at":"2024-11-24T16:53:28-08:00","entry_id":328102,"field1":"4.25","field2":"3.25"},{"created_at":"2024-11-24T17:03:06-08:00","entry_id":328103,"field1":"4.25","field2":"3.25"},{"created_at":"2024-11-24T17:12:43-08:00","entry_id":328104,"field1":"4.25","field2":"3.1875"},{"created_at":"2024-11-24T17:22:20-08:00","entry_id":328105,"field1":"4.25","field2":"3.1875"},{"created_at":"2024-11-24T17:31:57-08:00","entry_id":328106,"field1":"4.25","field2":"3.1875"},{"created_at":"2024-11-24T17:41:34-08:00","entry_id":328107,"field1":"4.25","field2":"3.125"},{"created_at":"2024-11-24T17:51:11-08:00","entry_id":328108,"field1":"4.1875","field2":"3.125"},{"created_at":"2024-11-24T18:00:47-08:00","entry_id":328109,"field1":"4.1875","field2":"3.0625"},{"created_at":"2024-11-24T18:10:23-08:00","entry_id":328110,"field1":"4.1875","field2":"3"},{"created_at":"2024-11-24T18:20:00-08:00","entry_id":328111,"field1":"4.1875","field2":"3.0625"},{"created_at":"2024-11-24T18:29:38-08:00","entry_id":328112,"field1":"4.1875","field2":"3"},{"created_at":"2024-11-24T18:39:15-08:00","entry_id":328113,"field1":"4.1875","field2":"2.9375"},{"created_at":"2024-11-24T18:48:52-08:00","entry_id":328114,"field1":"4.1875","field2":"2.9375"},{"created_at":"2024-11-24T18:58:29-08:00","entry_id":328115,"field1":"4.1875","field2":"2.8125"},{"created_at":"2024-11-24T19:08:04-08:00","entry_id":328116,"field1":"4.1875","field2":"2.875"},{"created_at":"2024-11-24T19:17:42-08:00","entry_id":328117,"field1":"4.1875","field2":"2.8125"},{"created_at":"2024-11-24T19:27:19-08:00","entry_id":328118,"field1":"4.1875","field2":"2.8125"},{"created_at":"2024-11-24T19:36:55-08:00","entry_id":328119,"field1":"4.1875","field2":"2.75"},{"created_at":"2024-11-24T19:46:32-08:00","entry_id":328120,"field1":"4.1875","field2":"2.75"},{"created_at":"2024-11-24T19:56:10-08:00","entry_id":328121,"field1":"4.1875","field2":"2.6875"},{"created_at":"2024-11-24T20:05:47-08:00","entry_id":328122,"field1":"4.125","field2":"2.6875"},{"created_at":"2024-11-24T20:15:24-08:00","entry_id":328123,"field1":"4.125","field2":"2.625"},{"created_at":"2024-11-24T20:25:01-08:00","entry_id":328124,"field1":"4.125","field2":"2.5625"},{"created_at":"2024-11-24T20:34:38-08:00","entry_id":328125,"field1":"4.125","field2":"2.5625"},{"created_at":"2024-11-24T20:44:14-08:00","entry_id":328126,"field1":"4.125","field2":"2.5"},{"created_at":"2024-11-24T20:53:51-08:00","entry_id":328127,"field1":"4.125","field2":"2.5"},{"created_at":"2024-11-24T21:03:28-08:00","entry_id":328128,"field1":"4.125","field2":"2.4375"},{"created_at":"2024-11-24T21:13:05-08:00","entry_id":328129,"field1":"4.125","field2":"2.4375"},{"created_at":"2024-11-24T21:22:42-08:00","entry_id":328130,"field1":"4.125","field2":"2.375"},{"created_at":"2024-11-24T21:32:19-08:00","entry_id":328131,"field1":"4.125","field2":"2.3125"},{"created_at":"2024-11-24T21:41:57-08:00","entry_id":328132,"field1":"4.0625","field2":"2.3125"},{"created_at":"2024-11-24T21:51:34-08:00","entry_id":328133,"field1":"4.0625","field2":"2.3125"},{"created_at":"2024-11-24T22:01:10-08:00","entry_id":328134,"field1":"4.0625","field2":"2.25"},{"created_at":"2024-11-24T22:10:48-08:00","entry_id":328135,"field1":"4.0625","field2":"2.1875"},{"created_at":"2024-11-24T22:20:24-08:00","entry_id":328136,"field1":"4.0625","field2":"2.25"},{"created_at":"2024-11-24T22:30:01-08:00","entry_id":328137,"field1":"4.0625","field2":"2.1875"},{"created_at":"2024-11-24T22:39:37-08:00","entry_id":328138,"field1":"4","field2":"2.0625"},{"created_at":"2024-11-24T22:49:15-08:00","entry_id":328139,"field1":"4","field2":"2.0625"},{"created_at":"2024-11-24T22:58:51-08:00","entry_id":328140,"field1":"4","field2":"2.0625"},{"created_at":"2024-11-24T23:08:28-08:00","entry_id":328141,"field1":"4","field2":"1.9375"},{"created_at":"2024-11-24T23:18:05-08:00","entry_id":328142,"field1":"4","field2":"1.9375"},{"created_at":"2024-11-24T23:27:42-08:00","entry_id":328143,"field1":"4","field2":"1.8125"},{"created_at":"2024-11-24T23:37:19-08:00","entry_id":328144,"field1":"4.0625","field2":"1.75"},{"created_at":"2024-11-24T23:46:57-08:00","entry_id":328145,"field1":"4.25","field2":"1.875"},{"created_at":"2024-11-24T23:56:34-08:00","entry_id":328146,"field1":"4.3125","field2":"1.75"}]}