{"channel":{"id":581842,"name":"Upstairs Small Window Indoor / Outdoor Sensor","latitude":"0.0","longitude":"0.0","field1":"Indoor Temperature","field2":"Outdoor Temperature","created_at":"2018-09-23T15:37:52-07:00","updated_at":"2020-07-27T05:59:41-07:00","last_entry_id":150128},"feeds":[{"created_at":"2019-02-01T00:04:30-08:00","entry_id":17919,"field1":"-0.75","field2":"-0.625"},{"created_at":"2019-02-01T00:14:06-08:00","entry_id":17920,"field1":"-0.75","field2":"-0.625"},{"created_at":"2019-02-01T00:23:44-08:00","entry_id":17921,"field1":"-0.75","field2":"-0.625"},{"created_at":"2019-02-01T00:33:20-08:00","entry_id":17922,"field1":"-0.6875","field2":"-0.6875"},{"created_at":"2019-02-01T00:42:56-08:00","entry_id":17923,"field1":"-0.6875","field2":"-0.625"},{"created_at":"2019-02-01T00:52:33-08:00","entry_id":17924,"field1":"-0.6875","field2":"-0.625"},{"created_at":"2019-02-01T01:02:09-08:00","entry_id":17925,"field1":"-0.75","field2":"-0.625"},{"created_at":"2019-02-01T01:11:46-08:00","entry_id":17926,"field1":"-0.75","field2":"-0.625"},{"created_at":"2019-02-01T01:21:23-08:00","entry_id":17927,"field1":"-0.6875","field2":"-0.6875"},{"created_at":"2019-02-01T01:30:59-08:00","entry_id":17928,"field1":"-0.6875","field2":"-0.8125"},{"created_at":"2019-02-01T01:40:36-08:00","entry_id":17929,"field1":"-0.6875","field2":"-0.8125"},{"created_at":"2019-02-01T01:50:14-08:00","entry_id":17930,"field1":"-0.6875","field2":"-0.8125"},{"created_at":"2019-02-01T01:59:50-08:00","entry_id":17931,"field1":"-0.6875","field2":"-0.875"},{"created_at":"2019-02-01T02:09:27-08:00","entry_id":17932,"field1":"-0.6875","field2":"-0.875"},{"created_at":"2019-02-01T02:19:03-08:00","entry_id":17933,"field1":"-0.6875","field2":"-0.75"},{"created_at":"2019-02-01T02:28:39-08:00","entry_id":17934,"field1":"-0.6875","field2":"-0.75"},{"created_at":"2019-02-01T02:38:17-08:00","entry_id":17935,"field1":"-0.75","field2":"-0.75"},{"created_at":"2019-02-01T02:47:55-08:00","entry_id":17936,"field1":"-0.6875","field2":"-0.75"},{"created_at":"2019-02-01T02:57:31-08:00","entry_id":17937,"field1":"-0.6875","field2":"-0.75"},{"created_at":"2019-02-01T03:07:08-08:00","entry_id":17938,"field1":"-0.6875","field2":"-0.75"},{"created_at":"2019-02-01T03:16:44-08:00","entry_id":17939,"field1":"-0.6875","field2":"-0.8125"},{"created_at":"2019-02-01T03:26:20-08:00","entry_id":17940,"field1":"-0.6875","field2":"-0.75"},{"created_at":"2019-02-01T03:35:57-08:00","entry_id":17941,"field1":"-0.6875","field2":"-0.75"},{"created_at":"2019-02-01T03:45:35-08:00","entry_id":17942,"field1":"-0.6875","field2":"-0.6875"},{"created_at":"2019-02-01T03:55:11-08:00","entry_id":17943,"field1":"-0.6875","field2":"-0.6875"},{"created_at":"2019-02-01T04:04:48-08:00","entry_id":17944,"field1":"-0.6875","field2":"-0.75"},{"created_at":"2019-02-01T04:14:25-08:00","entry_id":17945,"field1":"-0.6875","field2":"-0.6875"},{"created_at":"2019-02-01T04:24:01-08:00","entry_id":17946,"field1":"-0.6875","field2":"-0.6875"},{"created_at":"2019-02-01T04:33:38-08:00","entry_id":17947,"field1":"-0.625","field2":"-0.75"},{"created_at":"2019-02-01T04:43:15-08:00","entry_id":17948,"field1":"-0.6875","field2":"-0.6875"},{"created_at":"2019-02-01T04:52:51-08:00","entry_id":17949,"field1":"-0.6875","field2":"-0.6875"},{"created_at":"2019-02-01T05:02:28-08:00","entry_id":17950,"field1":"-0.6875","field2":"-0.6875"},{"created_at":"2019-02-01T05:12:04-08:00","entry_id":17951,"field1":"-0.6875","field2":"-0.6875"},{"created_at":"2019-02-01T05:21:42-08:00","entry_id":17952,"field1":"-0.6875","field2":"-0.6875"},{"created_at":"2019-02-01T05:31:19-08:00","entry_id":17953,"field1":"-0.625","field2":"-0.6875"},{"created_at":"2019-02-01T05:40:56-08:00","entry_id":17954,"field1":"-0.6875","field2":"-0.6875"},{"created_at":"2019-02-01T05:50:33-08:00","entry_id":17955,"field1":"-0.625","field2":"-0.6875"},{"created_at":"2019-02-01T06:00:11-08:00","entry_id":17956,"field1":"-0.625","field2":"-0.6875"},{"created_at":"2019-02-01T06:09:47-08:00","entry_id":17957,"field1":"-0.625","field2":"-0.6875"},{"created_at":"2019-02-01T06:19:24-08:00","entry_id":17958,"field1":"-0.625","field2":"-0.6875"},{"created_at":"2019-02-01T06:29:01-08:00","entry_id":17959,"field1":"-0.625","field2":"-0.625"},{"created_at":"2019-02-01T06:38:39-08:00","entry_id":17960,"field1":"-0.625","field2":"-0.625"},{"created_at":"2019-02-01T06:48:16-08:00","entry_id":17961,"field1":"-0.625","field2":"-0.625"},{"created_at":"2019-02-01T06:57:52-08:00","entry_id":17962,"field1":"-0.625","field2":"-0.625"},{"created_at":"2019-02-01T07:07:29-08:00","entry_id":17963,"field1":"-0.625","field2":"-0.625"},{"created_at":"2019-02-01T07:17:05-08:00","entry_id":17964,"field1":"-0.625","field2":"-0.625"},{"created_at":"2019-02-01T07:26:43-08:00","entry_id":17965,"field1":"-0.625","field2":"-0.625"},{"created_at":"2019-02-01T07:36:19-08:00","entry_id":17966,"field1":"-0.5625","field2":"-0.625"},{"created_at":"2019-02-01T07:45:57-08:00","entry_id":17967,"field1":"-0.625","field2":"-0.625"},{"created_at":"2019-02-01T07:55:33-08:00","entry_id":17968,"field1":"-0.625","field2":"-0.625"},{"created_at":"2019-02-01T08:05:09-08:00","entry_id":17969,"field1":"-0.625","field2":"-0.625"},{"created_at":"2019-02-01T08:14:47-08:00","entry_id":17970,"field1":"-0.625","field2":"-0.5625"},{"created_at":"2019-02-01T08:24:23-08:00","entry_id":17971,"field1":"-0.625","field2":"-0.625"},{"created_at":"2019-02-01T08:34:00-08:00","entry_id":17972,"field1":"-0.5625","field2":"-0.5625"},{"created_at":"2019-02-01T08:43:39-08:00","entry_id":17973,"field1":"-0.5625","field2":"-0.5625"},{"created_at":"2019-02-01T08:53:14-08:00","entry_id":17974,"field1":"-0.5625","field2":"-0.5625"},{"created_at":"2019-02-01T09:02:51-08:00","entry_id":17975,"field1":"-0.625","field2":"-0.5"},{"created_at":"2019-02-01T09:12:28-08:00","entry_id":17976,"field1":"-0.5625","field2":"-0.5"},{"created_at":"2019-02-01T09:22:05-08:00","entry_id":17977,"field1":"-0.5625","field2":"-0.5"},{"created_at":"2019-02-01T09:31:43-08:00","entry_id":17978,"field1":"-0.5625","field2":"-0.4375"},{"created_at":"2019-02-01T09:41:21-08:00","entry_id":17979,"field1":"-0.5625","field2":"-0.375"},{"created_at":"2019-02-01T09:50:57-08:00","entry_id":17980,"field1":"-0.5625","field2":"-0.375"},{"created_at":"2019-02-01T10:00:35-08:00","entry_id":17981,"field1":"-0.5625","field2":"-0.375"},{"created_at":"2019-02-01T10:10:11-08:00","entry_id":17982,"field1":"-0.5625","field2":"-0.3125"},{"created_at":"2019-02-01T10:19:48-08:00","entry_id":17983,"field1":"-0.5","field2":"-0.25"},{"created_at":"2019-02-01T10:29:24-08:00","entry_id":17984,"field1":"-0.5","field2":"-0.1875"},{"created_at":"2019-02-01T10:39:01-08:00","entry_id":17985,"field1":"-0.5","field2":"-0.125"},{"created_at":"2019-02-01T10:48:38-08:00","entry_id":17986,"field1":"-0.4375","field2":"-0.125"},{"created_at":"2019-02-01T10:58:14-08:00","entry_id":17987,"field1":"-0.5","field2":"-0.0625"},{"created_at":"2019-02-01T11:07:51-08:00","entry_id":17988,"field1":"-0.5","field2":"0"},{"created_at":"2019-02-01T11:17:28-08:00","entry_id":17989,"field1":"-0.5","field2":"0.0625"},{"created_at":"2019-02-01T11:27:05-08:00","entry_id":17990,"field1":"-0.4375","field2":"0.0625"},{"created_at":"2019-02-01T11:36:41-08:00","entry_id":17991,"field1":"-0.5","field2":"0.125"},{"created_at":"2019-02-01T11:46:18-08:00","entry_id":17992,"field1":"-0.5","field2":"0.1875"},{"created_at":"2019-02-01T11:55:54-08:00","entry_id":17993,"field1":"-0.4375","field2":"0.1875"},{"created_at":"2019-02-01T12:05:31-08:00","entry_id":17994,"field1":"-0.4375","field2":"0.125"},{"created_at":"2019-02-01T12:15:07-08:00","entry_id":17995,"field1":"-0.4375","field2":"0.25"},{"created_at":"2019-02-01T12:24:45-08:00","entry_id":17996,"field1":"-0.4375","field2":"0.3125"},{"created_at":"2019-02-01T12:34:22-08:00","entry_id":17997,"field1":"-0.4375","field2":"0.3125"},{"created_at":"2019-02-01T12:44:00-08:00","entry_id":17998,"field1":"-0.4375","field2":"0.4375"},{"created_at":"2019-02-01T12:53:36-08:00","entry_id":17999,"field1":"-0.375","field2":"0.4375"},{"created_at":"2019-02-01T13:03:13-08:00","entry_id":18000,"field1":"-0.375","field2":"0.375"},{"created_at":"2019-02-01T13:12:51-08:00","entry_id":18001,"field1":"-0.375","field2":"0.375"},{"created_at":"2019-02-01T13:22:27-08:00","entry_id":18002,"field1":"-0.375","field2":"0.5"},{"created_at":"2019-02-01T13:32:04-08:00","entry_id":18003,"field1":"-0.375","field2":"0.5625"},{"created_at":"2019-02-01T13:41:40-08:00","entry_id":18004,"field1":"-0.375","field2":"0.5625"},{"created_at":"2019-02-01T13:51:18-08:00","entry_id":18005,"field1":"-0.3125","field2":"0.6875"},{"created_at":"2019-02-01T14:00:54-08:00","entry_id":18006,"field1":"-0.3125","field2":"0.625"},{"created_at":"2019-02-01T14:10:32-08:00","entry_id":18007,"field1":"-0.3125","field2":"0.625"},{"created_at":"2019-02-01T14:20:09-08:00","entry_id":18008,"field1":"-0.3125","field2":"0.5625"},{"created_at":"2019-02-01T14:29:45-08:00","entry_id":18009,"field1":"-0.3125","field2":"0.625"},{"created_at":"2019-02-01T14:39:22-08:00","entry_id":18010,"field1":"-0.25","field2":"0.625"},{"created_at":"2019-02-01T14:48:58-08:00","entry_id":18011,"field1":"-0.25","field2":"0.5"},{"created_at":"2019-02-01T14:58:36-08:00","entry_id":18012,"field1":"-0.25","field2":"0.4375"},{"created_at":"2019-02-01T15:08:13-08:00","entry_id":18013,"field1":"-0.25","field2":"0.5"},{"created_at":"2019-02-01T15:17:50-08:00","entry_id":18014,"field1":"-0.25","field2":"0.5"},{"created_at":"2019-02-01T15:27:26-08:00","entry_id":18015,"field1":"-0.25","field2":"0.4375"},{"created_at":"2019-02-01T15:37:03-08:00","entry_id":18016,"field1":"-0.1875","field2":"0.375"},{"created_at":"2019-02-01T15:46:40-08:00","entry_id":18017,"field1":"-0.1875","field2":"0.3125"},{"created_at":"2019-02-01T15:56:16-08:00","entry_id":18018,"field1":"-0.1875","field2":"0.25"},{"created_at":"2019-02-01T16:05:54-08:00","entry_id":18019,"field1":"-0.1875","field2":"0.25"},{"created_at":"2019-02-01T16:15:30-08:00","entry_id":18020,"field1":"-0.1875","field2":"0.1875"},{"created_at":"2019-02-01T16:25:06-08:00","entry_id":18021,"field1":"-0.1875","field2":"0.125"},{"created_at":"2019-02-01T16:34:42-08:00","entry_id":18022,"field1":"-0.1875","field2":"0.125"},{"created_at":"2019-02-01T16:44:20-08:00","entry_id":18023,"field1":"-0.1875","field2":"0.0625"},{"created_at":"2019-02-01T16:53:56-08:00","entry_id":18024,"field1":"-0.1875","field2":"0.0625"},{"created_at":"2019-02-01T17:03:33-08:00","entry_id":18025,"field1":"-0.125","field2":"0"},{"created_at":"2019-02-01T17:13:09-08:00","entry_id":18026,"field1":"-0.1875","field2":"0"},{"created_at":"2019-02-01T17:22:46-08:00","entry_id":18027,"field1":"-0.1875","field2":"0"},{"created_at":"2019-02-01T17:32:23-08:00","entry_id":18028,"field1":"-0.125","field2":"-0.0625"},{"created_at":"2019-02-01T17:42:00-08:00","entry_id":18029,"field1":"-0.125","field2":"-0.0625"},{"created_at":"2019-02-01T17:51:37-08:00","entry_id":18030,"field1":"-0.125","field2":"-0.0625"},{"created_at":"2019-02-01T18:01:14-08:00","entry_id":18031,"field1":"-0.125","field2":"-0.0625"},{"created_at":"2019-02-01T18:10:51-08:00","entry_id":18032,"field1":"-0.125","field2":"-0.0625"},{"created_at":"2019-02-01T18:20:28-08:00","entry_id":18033,"field1":"-0.125","field2":"-0.0625"},{"created_at":"2019-02-01T18:30:06-08:00","entry_id":18034,"field1":"-0.125","field2":"-0.0625"},{"created_at":"2019-02-01T18:39:42-08:00","entry_id":18035,"field1":"-0.125","field2":"-0.125"},{"created_at":"2019-02-01T18:49:19-08:00","entry_id":18036,"field1":"-0.125","field2":"-0.125"},{"created_at":"2019-02-01T18:58:55-08:00","entry_id":18037,"field1":"-0.0625","field2":"-0.125"},{"created_at":"2019-02-01T19:08:32-08:00","entry_id":18038,"field1":"-0.125","field2":"-0.125"},{"created_at":"2019-02-01T19:18:09-08:00","entry_id":18039,"field1":"-0.125","field2":"-0.125"},{"created_at":"2019-02-01T19:27:45-08:00","entry_id":18040,"field1":"-0.125","field2":"-0.125"},{"created_at":"2019-02-01T19:37:22-08:00","entry_id":18041,"field1":"-0.125","field2":"-0.0625"},{"created_at":"2019-02-01T19:46:59-08:00","entry_id":18042,"field1":"-0.125","field2":"-0.125"},{"created_at":"2019-02-01T19:56:35-08:00","entry_id":18043,"field1":"-0.125","field2":"-0.0625"},{"created_at":"2019-02-01T20:06:12-08:00","entry_id":18044,"field1":"-0.0625","field2":"-0.0625"},{"created_at":"2019-02-01T20:15:49-08:00","entry_id":18045,"field1":"-0.0625","field2":"-0.0625"},{"created_at":"2019-02-01T20:25:25-08:00","entry_id":18046,"field1":"-0.125","field2":"-0.0625"},{"created_at":"2019-02-01T20:35:02-08:00","entry_id":18047,"field1":"-0.125","field2":"-0.0625"},{"created_at":"2019-02-01T20:44:38-08:00","entry_id":18048,"field1":"-0.125","field2":"-0.0625"},{"created_at":"2019-02-01T20:54:15-08:00","entry_id":18049,"field1":"-0.125","field2":"-0.0625"},{"created_at":"2019-02-01T21:03:51-08:00","entry_id":18050,"field1":"-0.125","field2":"-0.0625"},{"created_at":"2019-02-01T21:13:28-08:00","entry_id":18051,"field1":"-0.125","field2":"-0.0625"},{"created_at":"2019-02-01T21:23:04-08:00","entry_id":18052,"field1":"-0.0625","field2":"-0.0625"},{"created_at":"2019-02-01T21:32:42-08:00","entry_id":18053,"field1":"-0.0625","field2":"-0.0625"},{"created_at":"2019-02-01T21:42:17-08:00","entry_id":18054,"field1":"-0.0625","field2":"-0.0625"},{"created_at":"2019-02-01T21:51:54-08:00","entry_id":18055,"field1":"-0.0625","field2":"-0.0625"},{"created_at":"2019-02-01T22:01:31-08:00","entry_id":18056,"field1":"-0.0625","field2":"-0.0625"},{"created_at":"2019-02-01T22:11:08-08:00","entry_id":18057,"field1":"-0.0625","field2":"-0.0625"},{"created_at":"2019-02-01T22:20:45-08:00","entry_id":18058,"field1":"-0.0625","field2":"-0.0625"},{"created_at":"2019-02-01T22:30:21-08:00","entry_id":18059,"field1":"-0.0625","field2":"-0.0625"},{"created_at":"2019-02-01T22:39:58-08:00","entry_id":18060,"field1":"-0.0625","field2":"-0.0625"},{"created_at":"2019-02-01T22:49:34-08:00","entry_id":18061,"field1":"-0.0625","field2":"-0.0625"},{"created_at":"2019-02-01T22:59:12-08:00","entry_id":18062,"field1":"0","field2":"-0.0625"},{"created_at":"2019-02-01T23:08:49-08:00","entry_id":18063,"field1":"0","field2":"-0.0625"},{"created_at":"2019-02-01T23:18:25-08:00","entry_id":18064,"field1":"0","field2":"-0.0625"},{"created_at":"2019-02-01T23:28:01-08:00","entry_id":18065,"field1":"0","field2":"-0.0625"},{"created_at":"2019-02-01T23:37:38-08:00","entry_id":18066,"field1":"-0.0625","field2":"-0.0625"},{"created_at":"2019-02-01T23:47:16-08:00","entry_id":18067,"field1":"0","field2":"-0.0625"},{"created_at":"2019-02-01T23:56:52-08:00","entry_id":18068,"field1":"0","field2":"-0.0625"}]}