{"channel":{"id":581842,"name":"Upstairs Small Window Indoor / Outdoor Sensor","latitude":"0.0","longitude":"0.0","field1":"Indoor Temperature","field2":"Outdoor Temperature","created_at":"2018-09-23T15:37:52-07:00","updated_at":"2020-07-27T05:59:41-07:00","last_entry_id":150128},"feeds":[{"created_at":"2019-01-10T00:03:33-08:00","entry_id":14625,"field1":"-1.125","field2":"-0.75"},{"created_at":"2019-01-10T00:13:11-08:00","entry_id":14626,"field1":"-1.125","field2":"-0.75"},{"created_at":"2019-01-10T00:22:47-08:00","entry_id":14627,"field1":"-1.0625","field2":"-0.75"},{"created_at":"2019-01-10T00:32:24-08:00","entry_id":14628,"field1":"-1.0625","field2":"-0.75"},{"created_at":"2019-01-10T00:42:01-08:00","entry_id":14629,"field1":"-1.0625","field2":"-0.75"},{"created_at":"2019-01-10T00:51:37-08:00","entry_id":14630,"field1":"-1.0625","field2":"-0.75"},{"created_at":"2019-01-10T01:01:13-08:00","entry_id":14631,"field1":"-1.0625","field2":"-0.8125"},{"created_at":"2019-01-10T01:10:50-08:00","entry_id":14632,"field1":"-1","field2":"-0.75"},{"created_at":"2019-01-10T01:20:27-08:00","entry_id":14633,"field1":"-1.0625","field2":"-0.8125"},{"created_at":"2019-01-10T01:30:04-08:00","entry_id":14634,"field1":"-1.0625","field2":"-0.875"},{"created_at":"2019-01-10T01:39:41-08:00","entry_id":14635,"field1":"-1","field2":"-0.875"},{"created_at":"2019-01-10T01:49:17-08:00","entry_id":14636,"field1":"-1","field2":"-0.875"},{"created_at":"2019-01-10T01:58:54-08:00","entry_id":14637,"field1":"-1.0625","field2":"-0.875"},{"created_at":"2019-01-10T02:08:30-08:00","entry_id":14638,"field1":"-1","field2":"-0.9375"},{"created_at":"2019-01-10T02:18:08-08:00","entry_id":14639,"field1":"-1","field2":"-0.9375"},{"created_at":"2019-01-10T02:27:44-08:00","entry_id":14640,"field1":"-1","field2":"-0.9375"},{"created_at":"2019-01-10T02:37:20-08:00","entry_id":14641,"field1":"-1","field2":"-0.9375"},{"created_at":"2019-01-10T02:46:57-08:00","entry_id":14642,"field1":"-1","field2":"-0.875"},{"created_at":"2019-01-10T02:56:34-08:00","entry_id":14643,"field1":"-1","field2":"-0.875"},{"created_at":"2019-01-10T03:06:11-08:00","entry_id":14644,"field1":"-1","field2":"-0.8125"},{"created_at":"2019-01-10T03:15:47-08:00","entry_id":14645,"field1":"-1","field2":"-0.8125"},{"created_at":"2019-01-10T03:25:24-08:00","entry_id":14646,"field1":"-1","field2":"-0.75"},{"created_at":"2019-01-10T03:35:04-08:00","entry_id":14647,"field1":"-1","field2":"-0.75"},{"created_at":"2019-01-10T03:44:40-08:00","entry_id":14648,"field1":"-0.9375","field2":"-0.6875"},{"created_at":"2019-01-10T03:54:17-08:00","entry_id":14649,"field1":"-1","field2":"-0.6875"},{"created_at":"2019-01-10T04:03:54-08:00","entry_id":14650,"field1":"-0.9375","field2":"-0.625"},{"created_at":"2019-01-10T04:13:30-08:00","entry_id":14651,"field1":"-0.9375","field2":"-0.6875"},{"created_at":"2019-01-10T04:23:07-08:00","entry_id":14652,"field1":"-0.9375","field2":"-0.625"},{"created_at":"2019-01-10T04:32:43-08:00","entry_id":14653,"field1":"-0.9375","field2":"-0.625"},{"created_at":"2019-01-10T04:42:20-08:00","entry_id":14654,"field1":"-0.9375","field2":"-0.625"},{"created_at":"2019-01-10T04:51:57-08:00","entry_id":14655,"field1":"-0.9375","field2":"-0.625"},{"created_at":"2019-01-10T05:01:33-08:00","entry_id":14656,"field1":"-0.9375","field2":"-0.625"},{"created_at":"2019-01-10T05:11:10-08:00","entry_id":14657,"field1":"-0.9375","field2":"-0.5625"},{"created_at":"2019-01-10T05:20:47-08:00","entry_id":14658,"field1":"-0.875","field2":"-0.625"},{"created_at":"2019-01-10T05:30:23-08:00","entry_id":14659,"field1":"-0.9375","field2":"-0.5625"},{"created_at":"2019-01-10T05:40:01-08:00","entry_id":14660,"field1":"-0.9375","field2":"-0.5625"},{"created_at":"2019-01-10T05:49:37-08:00","entry_id":14661,"field1":"-0.875","field2":"-0.5625"},{"created_at":"2019-01-10T05:59:14-08:00","entry_id":14662,"field1":"-0.875","field2":"-0.5"},{"created_at":"2019-01-10T06:08:55-08:00","entry_id":14663,"field1":"-0.875","field2":"-0.5"},{"created_at":"2019-01-10T06:18:29-08:00","entry_id":14664,"field1":"-0.875","field2":"-0.5"},{"created_at":"2019-01-10T06:28:05-08:00","entry_id":14665,"field1":"-0.875","field2":"-0.5"},{"created_at":"2019-01-10T06:37:43-08:00","entry_id":14666,"field1":"-0.875","field2":"-0.5"},{"created_at":"2019-01-10T06:47:19-08:00","entry_id":14667,"field1":"-0.8125","field2":"-0.5"},{"created_at":"2019-01-10T06:56:56-08:00","entry_id":14668,"field1":"-0.875","field2":"-0.5"},{"created_at":"2019-01-10T07:06:33-08:00","entry_id":14669,"field1":"-0.8125","field2":"-0.5"},{"created_at":"2019-01-10T07:16:09-08:00","entry_id":14670,"field1":"-0.8125","field2":"-0.5"},{"created_at":"2019-01-10T07:25:46-08:00","entry_id":14671,"field1":"-0.8125","field2":"-0.5"},{"created_at":"2019-01-10T07:35:28-08:00","entry_id":14672,"field1":"-0.8125","field2":"-0.5"},{"created_at":"2019-01-10T07:45:04-08:00","entry_id":14673,"field1":"-0.875","field2":"-0.5"},{"created_at":"2019-01-10T07:54:40-08:00","entry_id":14674,"field1":"-0.8125","field2":"-0.5625"},{"created_at":"2019-01-10T08:04:18-08:00","entry_id":14675,"field1":"-0.8125","field2":"-0.5"},{"created_at":"2019-01-10T08:13:54-08:00","entry_id":14676,"field1":"-0.8125","field2":"-0.4375"},{"created_at":"2019-01-10T08:23:32-08:00","entry_id":14677,"field1":"-0.75","field2":"-0.375"},{"created_at":"2019-01-10T08:33:08-08:00","entry_id":14678,"field1":"-0.75","field2":"-0.25"},{"created_at":"2019-01-10T08:42:45-08:00","entry_id":14679,"field1":"-0.75","field2":"-0.1875"},{"created_at":"2019-01-10T08:52:21-08:00","entry_id":14680,"field1":"-0.75","field2":"-0.1875"},{"created_at":"2019-01-10T09:01:57-08:00","entry_id":14681,"field1":"-0.75","field2":"-0.125"},{"created_at":"2019-01-10T09:11:34-08:00","entry_id":14682,"field1":"-0.6875","field2":"-0.125"},{"created_at":"2019-01-10T09:21:11-08:00","entry_id":14683,"field1":"-0.75","field2":"-0.0625"},{"created_at":"2019-01-10T09:30:47-08:00","entry_id":14684,"field1":"-0.6875","field2":"-0.0625"},{"created_at":"2019-01-10T09:40:25-08:00","entry_id":14685,"field1":"-0.6875","field2":"-0.0625"},{"created_at":"2019-01-10T09:50:01-08:00","entry_id":14686,"field1":"-0.6875","field2":"0.0625"},{"created_at":"2019-01-10T09:59:37-08:00","entry_id":14687,"field1":"-0.6875","field2":"0.1875"},{"created_at":"2019-01-10T10:09:15-08:00","entry_id":14688,"field1":"-0.6875","field2":"0.25"},{"created_at":"2019-01-10T10:18:50-08:00","entry_id":14689,"field1":"-0.6875","field2":"0.3125"},{"created_at":"2019-01-10T10:28:27-08:00","entry_id":14690,"field1":"-0.625","field2":"0.25"},{"created_at":"2019-01-10T10:38:03-08:00","entry_id":14691,"field1":"-0.625","field2":"0.3125"},{"created_at":"2019-01-10T10:47:40-08:00","entry_id":14692,"field1":"-0.625","field2":"0.5625"},{"created_at":"2019-01-10T10:57:17-08:00","entry_id":14693,"field1":"-0.5625","field2":"0.625"},{"created_at":"2019-01-10T11:06:55-08:00","entry_id":14694,"field1":"-0.5625","field2":"0.6875"},{"created_at":"2019-01-10T11:16:29-08:00","entry_id":14695,"field1":"-0.5625","field2":"0.9375"},{"created_at":"2019-01-10T11:26:06-08:00","entry_id":14696,"field1":"-0.5","field2":"1.1875"},{"created_at":"2019-01-10T11:35:41-08:00","entry_id":14697,"field1":"-0.5","field2":"1.1875"},{"created_at":"2019-01-10T11:45:18-08:00","entry_id":14698,"field1":"-0.4375","field2":"1.0625"},{"created_at":"2019-01-10T11:54:55-08:00","entry_id":14699,"field1":"-0.4375","field2":"1"},{"created_at":"2019-01-10T12:04:32-08:00","entry_id":14700,"field1":"-0.375","field2":"1.1875"},{"created_at":"2019-01-10T12:14:09-08:00","entry_id":14701,"field1":"-0.375","field2":"1.0625"},{"created_at":"2019-01-10T12:23:46-08:00","entry_id":14702,"field1":"-0.375","field2":"1.125"},{"created_at":"2019-01-10T12:33:22-08:00","entry_id":14703,"field1":"-0.3125","field2":"1.125"},{"created_at":"2019-01-10T12:42:58-08:00","entry_id":14704,"field1":"-0.3125","field2":"1.3125"},{"created_at":"2019-01-10T12:52:35-08:00","entry_id":14705,"field1":"-0.25","field2":"1.3125"},{"created_at":"2019-01-10T13:02:18-08:00","entry_id":14706,"field1":"-0.25","field2":"1.3125"},{"created_at":"2019-01-10T13:11:52-08:00","entry_id":14707,"field1":"-0.25","field2":"1.0625"},{"created_at":"2019-01-10T13:21:28-08:00","entry_id":14708,"field1":"-0.1875","field2":"1.8125"},{"created_at":"2019-01-10T13:31:05-08:00","entry_id":14709,"field1":"-0.1875","field2":"1.375"},{"created_at":"2019-01-10T13:40:42-08:00","entry_id":14710,"field1":"-0.125","field2":"1.5"},{"created_at":"2019-01-10T13:50:17-08:00","entry_id":14711,"field1":"-0.125","field2":"1.4375"},{"created_at":"2019-01-10T13:59:54-08:00","entry_id":14712,"field1":"-0.125","field2":"1.125"},{"created_at":"2019-01-10T14:09:31-08:00","entry_id":14713,"field1":"-0.0625","field2":"1.125"},{"created_at":"2019-01-10T14:19:07-08:00","entry_id":14714,"field1":"-0.0625","field2":"1"},{"created_at":"2019-01-10T14:28:44-08:00","entry_id":14715,"field1":"-0.0625","field2":"0.8125"},{"created_at":"2019-01-10T14:38:21-08:00","entry_id":14716,"field1":"-0.0625","field2":"0.8125"},{"created_at":"2019-01-10T14:47:58-08:00","entry_id":14717,"field1":"-0.0625","field2":"0.75"},{"created_at":"2019-01-10T14:57:36-08:00","entry_id":14718,"field1":"-0.0625","field2":"0.625"},{"created_at":"2019-01-10T15:07:13-08:00","entry_id":14719,"field1":"-0.0625","field2":"0.625"},{"created_at":"2019-01-10T15:16:50-08:00","entry_id":14720,"field1":"-0.0625","field2":"0.625"},{"created_at":"2019-01-10T15:26:27-08:00","entry_id":14721,"field1":"-0.0625","field2":"0.5625"},{"created_at":"2019-01-10T15:36:03-08:00","entry_id":14722,"field1":"-0.0625","field2":"0.4375"},{"created_at":"2019-01-10T15:45:41-08:00","entry_id":14723,"field1":"-0.0625","field2":"0.3125"},{"created_at":"2019-01-10T15:55:17-08:00","entry_id":14724,"field1":"-0.0625","field2":"0.25"},{"created_at":"2019-01-10T16:04:54-08:00","entry_id":14725,"field1":"-0.0625","field2":"0.1875"},{"created_at":"2019-01-10T16:14:31-08:00","entry_id":14726,"field1":"-0.0625","field2":"0.125"},{"created_at":"2019-01-10T16:24:08-08:00","entry_id":14727,"field1":"-0.0625","field2":"0.0625"},{"created_at":"2019-01-10T16:33:45-08:00","entry_id":14728,"field1":"-0.0625","field2":"0"},{"created_at":"2019-01-10T16:43:22-08:00","entry_id":14729,"field1":"-0.0625","field2":"-0.0625"},{"created_at":"2019-01-10T16:52:59-08:00","entry_id":14730,"field1":"0","field2":"-0.0625"},{"created_at":"2019-01-10T17:02:35-08:00","entry_id":14731,"field1":"-0.0625","field2":"-0.0625"},{"created_at":"2019-01-10T17:12:13-08:00","entry_id":14732,"field1":"-0.0625","field2":"-0.0625"},{"created_at":"2019-01-10T17:21:50-08:00","entry_id":14733,"field1":"-0.0625","field2":"-0.125"},{"created_at":"2019-01-10T17:31:26-08:00","entry_id":14734,"field1":"0","field2":"-0.1875"},{"created_at":"2019-01-10T17:41:03-08:00","entry_id":14735,"field1":"0","field2":"-0.25"},{"created_at":"2019-01-10T17:50:40-08:00","entry_id":14736,"field1":"0","field2":"-0.1875"},{"created_at":"2019-01-10T18:00:17-08:00","entry_id":14737,"field1":"0","field2":"-0.0625"},{"created_at":"2019-01-10T18:09:54-08:00","entry_id":14738,"field1":"0","field2":"-0.0625"},{"created_at":"2019-01-10T18:19:30-08:00","entry_id":14739,"field1":"0","field2":"0"},{"created_at":"2019-01-10T18:29:07-08:00","entry_id":14740,"field1":"0","field2":"0"},{"created_at":"2019-01-10T18:38:44-08:00","entry_id":14741,"field1":"0","field2":"-0.0625"},{"created_at":"2019-01-10T18:48:21-08:00","entry_id":14742,"field1":"0.0625","field2":"-0.0625"},{"created_at":"2019-01-10T18:57:57-08:00","entry_id":14743,"field1":"0","field2":"0"},{"created_at":"2019-01-10T19:07:34-08:00","entry_id":14744,"field1":"0.0625","field2":"0"},{"created_at":"2019-01-10T19:17:11-08:00","entry_id":14745,"field1":"0","field2":"0.0625"},{"created_at":"2019-01-10T19:26:48-08:00","entry_id":14746,"field1":"0.0625","field2":"0.0625"},{"created_at":"2019-01-10T19:36:25-08:00","entry_id":14747,"field1":"0","field2":"0.0625"},{"created_at":"2019-01-10T19:46:02-08:00","entry_id":14748,"field1":"0.0625","field2":"0.0625"},{"created_at":"2019-01-10T19:55:37-08:00","entry_id":14749,"field1":"0.0625","field2":"0"},{"created_at":"2019-01-10T20:05:15-08:00","entry_id":14750,"field1":"0.0625","field2":"0"},{"created_at":"2019-01-10T20:14:52-08:00","entry_id":14751,"field1":"0.0625","field2":"0"},{"created_at":"2019-01-10T20:24:29-08:00","entry_id":14752,"field1":"0.0625","field2":"0"},{"created_at":"2019-01-10T20:34:06-08:00","entry_id":14753,"field1":"0.0625","field2":"0.0625"},{"created_at":"2019-01-10T20:43:42-08:00","entry_id":14754,"field1":"0.0625","field2":"0.0625"},{"created_at":"2019-01-10T20:53:19-08:00","entry_id":14755,"field1":"0.0625","field2":"0"},{"created_at":"2019-01-10T21:02:56-08:00","entry_id":14756,"field1":"0.0625","field2":"0"},{"created_at":"2019-01-10T21:12:32-08:00","entry_id":14757,"field1":"0.0625","field2":"0"},{"created_at":"2019-01-10T21:22:09-08:00","entry_id":14758,"field1":"0.0625","field2":"0.0625"},{"created_at":"2019-01-10T21:31:46-08:00","entry_id":14759,"field1":"0.0625","field2":"0.0625"},{"created_at":"2019-01-10T21:41:22-08:00","entry_id":14760,"field1":"0.0625","field2":"0.0625"},{"created_at":"2019-01-10T21:50:59-08:00","entry_id":14761,"field1":"0.0625","field2":"0.0625"},{"created_at":"2019-01-10T22:00:35-08:00","entry_id":14762,"field1":"0.125","field2":"0.125"},{"created_at":"2019-01-10T22:10:12-08:00","entry_id":14763,"field1":"0.0625","field2":"0.125"},{"created_at":"2019-01-10T22:19:49-08:00","entry_id":14764,"field1":"0.125","field2":"0.125"},{"created_at":"2019-01-10T22:29:25-08:00","entry_id":14765,"field1":"0.0625","field2":"0.125"},{"created_at":"2019-01-10T22:39:01-08:00","entry_id":14766,"field1":"0.0625","field2":"0.125"},{"created_at":"2019-01-10T22:48:39-08:00","entry_id":14767,"field1":"0.125","field2":"0.125"},{"created_at":"2019-01-10T22:58:16-08:00","entry_id":14768,"field1":"0.0625","field2":"0.125"},{"created_at":"2019-01-10T23:07:53-08:00","entry_id":14769,"field1":"0.125","field2":"0.125"},{"created_at":"2019-01-10T23:17:30-08:00","entry_id":14770,"field1":"0.0625","field2":"0.125"},{"created_at":"2019-01-10T23:27:07-08:00","entry_id":14771,"field1":"0.125","field2":"0.125"},{"created_at":"2019-01-10T23:36:43-08:00","entry_id":14772,"field1":"0.0625","field2":"0.125"},{"created_at":"2019-01-10T23:46:20-08:00","entry_id":14773,"field1":"0.125","field2":"0.1875"},{"created_at":"2019-01-10T23:55:57-08:00","entry_id":14774,"field1":"0.125","field2":"0.125"}]}