{"channel":{"id":581842,"name":"Upstairs Small Window Indoor / Outdoor Sensor","latitude":"0.0","longitude":"0.0","field1":"Indoor Temperature","field2":"Outdoor Temperature","created_at":"2018-09-23T15:37:52-07:00","updated_at":"2020-07-27T05:59:41-07:00","last_entry_id":150129},"feeds":[{"created_at":"2019-12-02T00:09:06-08:00","entry_id":62349,"field1":"-4.125","field2":"-3.375"},{"created_at":"2019-12-02T00:18:42-08:00","entry_id":62350,"field1":"-4.0625","field2":"-3.4375"},{"created_at":"2019-12-02T00:28:19-08:00","entry_id":62351,"field1":"-4.0625","field2":"-3.4375"},{"created_at":"2019-12-02T00:37:56-08:00","entry_id":62352,"field1":"-4.0625","field2":"-3.375"},{"created_at":"2019-12-02T00:47:32-08:00","entry_id":62353,"field1":"-4.0625","field2":"-3.375"},{"created_at":"2019-12-02T00:57:08-08:00","entry_id":62354,"field1":"-4.0625","field2":"-3.3125"},{"created_at":"2019-12-02T01:06:45-08:00","entry_id":62355,"field1":"-4","field2":"-3.4375"},{"created_at":"2019-12-02T01:16:22-08:00","entry_id":62356,"field1":"-4","field2":"-3.3125"},{"created_at":"2019-12-02T01:25:58-08:00","entry_id":62357,"field1":"-4","field2":"-3.4375"},{"created_at":"2019-12-02T01:35:34-08:00","entry_id":62358,"field1":"-4","field2":"-3.4375"},{"created_at":"2019-12-02T01:45:11-08:00","entry_id":62359,"field1":"-3.9375","field2":"-3.4375"},{"created_at":"2019-12-02T01:54:47-08:00","entry_id":62360,"field1":"-3.9375","field2":"-3.5"},{"created_at":"2019-12-02T02:04:24-08:00","entry_id":62361,"field1":"-3.9375","field2":"-3.5"},{"created_at":"2019-12-02T02:14:01-08:00","entry_id":62362,"field1":"-3.9375","field2":"-3.4375"},{"created_at":"2019-12-02T02:23:37-08:00","entry_id":62363,"field1":"-3.9375","field2":"-3.5"},{"created_at":"2019-12-02T02:33:14-08:00","entry_id":62364,"field1":"-3.9375","field2":"-3.5"},{"created_at":"2019-12-02T02:42:50-08:00","entry_id":62365,"field1":"-3.9375","field2":"-3.5625"},{"created_at":"2019-12-02T02:52:27-08:00","entry_id":62366,"field1":"-3.9375","field2":"-3.5625"},{"created_at":"2019-12-02T03:02:03-08:00","entry_id":62367,"field1":"-3.875","field2":"-3.5"},{"created_at":"2019-12-02T03:11:39-08:00","entry_id":62368,"field1":"-3.9375","field2":"-3.4375"},{"created_at":"2019-12-02T03:21:17-08:00","entry_id":62369,"field1":"-3.875","field2":"-3.5"},{"created_at":"2019-12-02T03:30:54-08:00","entry_id":62370,"field1":"-3.875","field2":"-3.4375"},{"created_at":"2019-12-02T03:40:30-08:00","entry_id":62371,"field1":"-3.875","field2":"-3.3125"},{"created_at":"2019-12-02T03:50:06-08:00","entry_id":62372,"field1":"-3.875","field2":"-3.375"},{"created_at":"2019-12-02T03:59:42-08:00","entry_id":62373,"field1":"-3.875","field2":"-3.4375"},{"created_at":"2019-12-02T04:09:19-08:00","entry_id":62374,"field1":"-3.875","field2":"-3.4375"},{"created_at":"2019-12-02T04:18:59-08:00","entry_id":62375,"field1":"-3.875","field2":"-3.4375"},{"created_at":"2019-12-02T04:28:35-08:00","entry_id":62376,"field1":"-3.8125","field2":"-3.3125"},{"created_at":"2019-12-02T04:38:11-08:00","entry_id":62377,"field1":"-3.8125","field2":"-3.25"},{"created_at":"2019-12-02T04:47:47-08:00","entry_id":62378,"field1":"-3.8125","field2":"-3.3125"},{"created_at":"2019-12-02T04:57:24-08:00","entry_id":62379,"field1":"-3.8125","field2":"-3.3125"},{"created_at":"2019-12-02T05:07:00-08:00","entry_id":62380,"field1":"-3.8125","field2":"-3.3125"},{"created_at":"2019-12-02T05:16:38-08:00","entry_id":62381,"field1":"-3.8125","field2":"-3.25"},{"created_at":"2019-12-02T05:26:14-08:00","entry_id":62382,"field1":"-3.8125","field2":"-3.1875"},{"created_at":"2019-12-02T05:35:50-08:00","entry_id":62383,"field1":"-3.8125","field2":"-3.125"},{"created_at":"2019-12-02T05:45:27-08:00","entry_id":62384,"field1":"-3.75","field2":"-3.1875"},{"created_at":"2019-12-02T05:55:03-08:00","entry_id":62385,"field1":"-3.75","field2":"-3.1875"},{"created_at":"2019-12-02T06:04:40-08:00","entry_id":62386,"field1":"-3.75","field2":"-3.125"},{"created_at":"2019-12-02T06:14:17-08:00","entry_id":62387,"field1":"-3.75","field2":"-3.125"},{"created_at":"2019-12-02T06:23:53-08:00","entry_id":62388,"field1":"-3.75","field2":"-3.0625"},{"created_at":"2019-12-02T06:33:30-08:00","entry_id":62389,"field1":"-3.6875","field2":"-3.0625"},{"created_at":"2019-12-02T06:43:06-08:00","entry_id":62390,"field1":"-3.6875","field2":"-3.0625"},{"created_at":"2019-12-02T06:52:43-08:00","entry_id":62391,"field1":"-3.6875","field2":"-3"},{"created_at":"2019-12-02T07:02:19-08:00","entry_id":62392,"field1":"-3.6875","field2":"-2.9375"},{"created_at":"2019-12-02T07:11:55-08:00","entry_id":62393,"field1":"-3.6875","field2":"-3"},{"created_at":"2019-12-02T07:21:32-08:00","entry_id":62394,"field1":"-3.6875","field2":"-3"},{"created_at":"2019-12-02T07:31:08-08:00","entry_id":62395,"field1":"-3.6875","field2":"-3"},{"created_at":"2019-12-02T07:40:45-08:00","entry_id":62396,"field1":"-3.6875","field2":"-3"},{"created_at":"2019-12-02T07:50:21-08:00","entry_id":62397,"field1":"-3.6875","field2":"-3"},{"created_at":"2019-12-02T07:59:58-08:00","entry_id":62398,"field1":"-3.625","field2":"-3"},{"created_at":"2019-12-02T08:09:34-08:00","entry_id":62399,"field1":"-3.625","field2":"-2.9375"},{"created_at":"2019-12-02T08:19:11-08:00","entry_id":62400,"field1":"-3.625","field2":"-2.9375"},{"created_at":"2019-12-02T08:28:48-08:00","entry_id":62401,"field1":"-3.625","field2":"-2.8125"},{"created_at":"2019-12-02T08:38:24-08:00","entry_id":62402,"field1":"-3.5625","field2":"-2.875"},{"created_at":"2019-12-02T08:48:01-08:00","entry_id":62403,"field1":"-3.5625","field2":"-2.8125"},{"created_at":"2019-12-02T08:57:37-08:00","entry_id":62404,"field1":"-3.5625","field2":"-2.8125"},{"created_at":"2019-12-02T09:07:14-08:00","entry_id":62405,"field1":"-3.5625","field2":"-2.75"},{"created_at":"2019-12-02T09:16:51-08:00","entry_id":62406,"field1":"-3.5625","field2":"-2.6875"},{"created_at":"2019-12-02T09:26:28-08:00","entry_id":62407,"field1":"-3.5625","field2":"-2.5625"},{"created_at":"2019-12-02T09:36:04-08:00","entry_id":62408,"field1":"-3.5","field2":"-2.5625"},{"created_at":"2019-12-02T09:45:41-08:00","entry_id":62409,"field1":"-3.5","field2":"-2.5"},{"created_at":"2019-12-02T09:55:19-08:00","entry_id":62410,"field1":"-3.5","field2":"-2.5"},{"created_at":"2019-12-02T10:04:55-08:00","entry_id":62411,"field1":"-3.5","field2":"-2.375"},{"created_at":"2019-12-02T10:14:33-08:00","entry_id":62412,"field1":"-3.4375","field2":"-2.3125"},{"created_at":"2019-12-02T10:24:08-08:00","entry_id":62413,"field1":"-3.4375","field2":"-2.3125"},{"created_at":"2019-12-02T10:33:45-08:00","entry_id":62414,"field1":"-3.4375","field2":"-2.1875"},{"created_at":"2019-12-02T10:43:21-08:00","entry_id":62415,"field1":"-3.4375","field2":"-2.1875"},{"created_at":"2019-12-02T10:52:58-08:00","entry_id":62416,"field1":"-3.375","field2":"-2.125"},{"created_at":"2019-12-02T11:02:34-08:00","entry_id":62417,"field1":"-3.375","field2":"-2"},{"created_at":"2019-12-02T11:12:13-08:00","entry_id":62418,"field1":"-3.375","field2":"-2"},{"created_at":"2019-12-02T11:21:49-08:00","entry_id":62419,"field1":"-3.3125","field2":"-2"},{"created_at":"2019-12-02T11:31:26-08:00","entry_id":62420,"field1":"-3.3125","field2":"-2"},{"created_at":"2019-12-02T11:41:02-08:00","entry_id":62421,"field1":"-3.3125","field2":"-1.875"},{"created_at":"2019-12-02T11:50:39-08:00","entry_id":62422,"field1":"-3.25","field2":"-1.75"},{"created_at":"2019-12-02T12:00:16-08:00","entry_id":62423,"field1":"-3.25","field2":"-1.625"},{"created_at":"2019-12-02T12:09:53-08:00","entry_id":62424,"field1":"-3.25","field2":"-1.5625"},{"created_at":"2019-12-02T12:19:30-08:00","entry_id":62425,"field1":"-3.1875","field2":"-1.5625"},{"created_at":"2019-12-02T12:29:06-08:00","entry_id":62426,"field1":"-3.1875","field2":"-1.5625"},{"created_at":"2019-12-02T12:38:43-08:00","entry_id":62427,"field1":"-3.1875","field2":"-1.4375"},{"created_at":"2019-12-02T12:48:20-08:00","entry_id":62428,"field1":"-3.125","field2":"-1.375"},{"created_at":"2019-12-02T12:57:57-08:00","entry_id":62429,"field1":"-3.125","field2":"-1.375"},{"created_at":"2019-12-02T13:07:34-08:00","entry_id":62430,"field1":"-3.125","field2":"-1.375"},{"created_at":"2019-12-02T13:17:11-08:00","entry_id":62431,"field1":"-3.125","field2":"-1.4375"},{"created_at":"2019-12-02T13:26:48-08:00","entry_id":62432,"field1":"-3.0625","field2":"-1.5"},{"created_at":"2019-12-02T13:36:24-08:00","entry_id":62433,"field1":"-3.0625","field2":"-1.5"},{"created_at":"2019-12-02T13:46:01-08:00","entry_id":62434,"field1":"-3.0625","field2":"-1.4375"},{"created_at":"2019-12-02T13:55:38-08:00","entry_id":62435,"field1":"-3","field2":"-1.375"},{"created_at":"2019-12-02T14:05:14-08:00","entry_id":62436,"field1":"-3","field2":"-1.4375"},{"created_at":"2019-12-02T14:14:51-08:00","entry_id":62437,"field1":"-3","field2":"-1.4375"},{"created_at":"2019-12-02T14:24:28-08:00","entry_id":62438,"field1":"-2.9375","field2":"-1.375"},{"created_at":"2019-12-02T14:34:04-08:00","entry_id":62439,"field1":"-2.9375","field2":"-1.4375"},{"created_at":"2019-12-02T14:43:41-08:00","entry_id":62440,"field1":"-2.9375","field2":"-1.5"},{"created_at":"2019-12-02T14:53:18-08:00","entry_id":62441,"field1":"-2.9375","field2":"-1.5"},{"created_at":"2019-12-02T15:02:54-08:00","entry_id":62442,"field1":"-2.875","field2":"-1.4375"},{"created_at":"2019-12-02T15:12:31-08:00","entry_id":62443,"field1":"-2.875","field2":"-1.5"},{"created_at":"2019-12-02T15:22:08-08:00","entry_id":62444,"field1":"-2.875","field2":"-1.5625"},{"created_at":"2019-12-02T15:31:45-08:00","entry_id":62445,"field1":"-2.875","field2":"-1.625"},{"created_at":"2019-12-02T15:41:22-08:00","entry_id":62446,"field1":"-2.875","field2":"-1.6875"},{"created_at":"2019-12-02T15:50:59-08:00","entry_id":62447,"field1":"-2.8125","field2":"-1.6875"},{"created_at":"2019-12-02T16:00:36-08:00","entry_id":62448,"field1":"-2.8125","field2":"-1.75"},{"created_at":"2019-12-02T16:10:13-08:00","entry_id":62449,"field1":"-2.8125","field2":"-1.8125"},{"created_at":"2019-12-02T16:19:49-08:00","entry_id":62450,"field1":"-2.8125","field2":"-1.8125"},{"created_at":"2019-12-02T16:29:25-08:00","entry_id":62451,"field1":"-2.8125","field2":"-1.8125"},{"created_at":"2019-12-02T16:39:02-08:00","entry_id":62452,"field1":"-2.75","field2":"-1.875"},{"created_at":"2019-12-02T16:48:39-08:00","entry_id":62453,"field1":"-2.75","field2":"-1.875"},{"created_at":"2019-12-02T16:58:15-08:00","entry_id":62454,"field1":"-2.75","field2":"-1.875"},{"created_at":"2019-12-02T17:07:52-08:00","entry_id":62455,"field1":"-2.75","field2":"-1.875"},{"created_at":"2019-12-02T17:17:29-08:00","entry_id":62456,"field1":"-2.75","field2":"-1.875"},{"created_at":"2019-12-02T17:27:05-08:00","entry_id":62457,"field1":"-2.75","field2":"-1.875"},{"created_at":"2019-12-02T17:36:42-08:00","entry_id":62458,"field1":"-2.6875","field2":"-1.875"},{"created_at":"2019-12-02T17:46:19-08:00","entry_id":62459,"field1":"-2.6875","field2":"-1.875"},{"created_at":"2019-12-02T17:55:56-08:00","entry_id":62460,"field1":"-2.6875","field2":"-1.875"},{"created_at":"2019-12-02T18:05:32-08:00","entry_id":62461,"field1":"-2.6875","field2":"-1.875"},{"created_at":"2019-12-02T18:15:09-08:00","entry_id":62462,"field1":"-2.6875","field2":"-1.875"},{"created_at":"2019-12-02T18:24:46-08:00","entry_id":62463,"field1":"-2.6875","field2":"-1.875"},{"created_at":"2019-12-02T18:34:22-08:00","entry_id":62464,"field1":"-2.6875","field2":"-1.875"},{"created_at":"2019-12-02T18:43:59-08:00","entry_id":62465,"field1":"-2.625","field2":"-1.875"},{"created_at":"2019-12-02T18:53:35-08:00","entry_id":62466,"field1":"-2.625","field2":"-1.875"},{"created_at":"2019-12-02T19:03:12-08:00","entry_id":62467,"field1":"-2.625","field2":"-1.8125"},{"created_at":"2019-12-02T19:12:49-08:00","entry_id":62468,"field1":"-2.625","field2":"-1.8125"},{"created_at":"2019-12-02T19:22:26-08:00","entry_id":62469,"field1":"-2.625","field2":"-1.8125"},{"created_at":"2019-12-02T19:32:03-08:00","entry_id":62470,"field1":"-2.5625","field2":"-1.8125"},{"created_at":"2019-12-02T19:41:40-08:00","entry_id":62471,"field1":"-2.5625","field2":"-1.8125"},{"created_at":"2019-12-02T19:51:16-08:00","entry_id":62472,"field1":"-2.5625","field2":"-1.8125"},{"created_at":"2019-12-02T20:00:53-08:00","entry_id":62473,"field1":"-2.5625","field2":"-1.8125"},{"created_at":"2019-12-02T20:10:29-08:00","entry_id":62474,"field1":"-2.5625","field2":"-1.75"},{"created_at":"2019-12-02T20:20:06-08:00","entry_id":62475,"field1":"-2.5625","field2":"-1.75"},{"created_at":"2019-12-02T20:29:42-08:00","entry_id":62476,"field1":"-2.5625","field2":"-1.75"},{"created_at":"2019-12-02T20:39:19-08:00","entry_id":62477,"field1":"-2.5625","field2":"-1.75"},{"created_at":"2019-12-02T20:48:55-08:00","entry_id":62478,"field1":"-2.5625","field2":"-1.75"},{"created_at":"2019-12-02T20:58:32-08:00","entry_id":62479,"field1":"-2.5","field2":"-1.6875"},{"created_at":"2019-12-02T21:08:09-08:00","entry_id":62480,"field1":"-2.5","field2":"-1.6875"},{"created_at":"2019-12-02T21:17:46-08:00","entry_id":62481,"field1":"-2.5","field2":"-1.75"},{"created_at":"2019-12-02T21:27:23-08:00","entry_id":62482,"field1":"-2.5","field2":"-1.75"},{"created_at":"2019-12-02T21:37:00-08:00","entry_id":62483,"field1":"-2.5","field2":"-1.75"},{"created_at":"2019-12-02T21:46:40-08:00","entry_id":62484,"field1":"-2.5","field2":"-1.6875"},{"created_at":"2019-12-02T21:56:15-08:00","entry_id":62485,"field1":"-2.5","field2":"-1.6875"},{"created_at":"2019-12-02T22:05:51-08:00","entry_id":62486,"field1":"-2.4375","field2":"-1.6875"},{"created_at":"2019-12-02T22:15:28-08:00","entry_id":62487,"field1":"-2.4375","field2":"-1.6875"},{"created_at":"2019-12-02T22:25:05-08:00","entry_id":62488,"field1":"-2.4375","field2":"-1.6875"},{"created_at":"2019-12-02T22:34:41-08:00","entry_id":62489,"field1":"-2.4375","field2":"-1.6875"},{"created_at":"2019-12-02T22:44:18-08:00","entry_id":62490,"field1":"-2.4375","field2":"-1.625"},{"created_at":"2019-12-02T22:53:54-08:00","entry_id":62491,"field1":"-2.4375","field2":"-1.6875"},{"created_at":"2019-12-02T23:03:31-08:00","entry_id":62492,"field1":"-2.375","field2":"-1.625"},{"created_at":"2019-12-02T23:13:08-08:00","entry_id":62493,"field1":"-2.375","field2":"-1.5625"},{"created_at":"2019-12-02T23:22:45-08:00","entry_id":62494,"field1":"-2.375","field2":"-1.625"},{"created_at":"2019-12-02T23:32:22-08:00","entry_id":62495,"field1":"-2.375","field2":"-1.5625"},{"created_at":"2019-12-02T23:41:58-08:00","entry_id":62496,"field1":"-2.375","field2":"-1.5625"},{"created_at":"2019-12-02T23:51:35-08:00","entry_id":62497,"field1":"-2.375","field2":"-1.5625"}]}