{"channel":{"id":581842,"name":"Upstairs Small Window Indoor / Outdoor Sensor","latitude":"0.0","longitude":"0.0","field1":"Indoor Temperature","field2":"Outdoor Temperature","created_at":"2018-09-23T15:37:52-07:00","updated_at":"2020-07-27T05:59:41-07:00","last_entry_id":386745},"feeds":[{"created_at":"2025-12-24T00:06:22-08:00","entry_id":386464,"field1":"2.0625","field2":"1.25"},{"created_at":"2025-12-24T00:15:57-08:00","entry_id":386465,"field1":"2.0625","field2":"1.3125"},{"created_at":"2025-12-24T00:25:33-08:00","entry_id":386466,"field1":"2.0625","field2":"1.1875"},{"created_at":"2025-12-24T00:35:10-08:00","entry_id":386467,"field1":"2.0625","field2":"1.25"},{"created_at":"2025-12-24T00:44:48-08:00","entry_id":386468,"field1":"2.0625","field2":"1.1875"},{"created_at":"2025-12-24T00:54:25-08:00","entry_id":386469,"field1":"2.0625","field2":"1.3125"},{"created_at":"2025-12-24T01:04:02-08:00","entry_id":386470,"field1":"2","field2":"1.375"},{"created_at":"2025-12-24T01:13:40-08:00","entry_id":386471,"field1":"2","field2":"1.1875"},{"created_at":"2025-12-24T01:23:16-08:00","entry_id":386472,"field1":"2","field2":"1.25"},{"created_at":"2025-12-24T01:32:54-08:00","entry_id":386473,"field1":"2","field2":"1.0625"},{"created_at":"2025-12-24T01:42:29-08:00","entry_id":386474,"field1":"2","field2":"1.0625"},{"created_at":"2025-12-24T01:52:07-08:00","entry_id":386475,"field1":"2","field2":"0.875"},{"created_at":"2025-12-24T02:01:44-08:00","entry_id":386476,"field1":"2","field2":"0.75"},{"created_at":"2025-12-24T02:11:21-08:00","entry_id":386477,"field1":"2","field2":"0.5625"},{"created_at":"2025-12-24T02:20:58-08:00","entry_id":386478,"field1":"2","field2":"0.6875"},{"created_at":"2025-12-24T02:30:35-08:00","entry_id":386479,"field1":"2","field2":"0.5625"},{"created_at":"2025-12-24T02:40:11-08:00","entry_id":386480,"field1":"2","field2":"0.4375"},{"created_at":"2025-12-24T02:49:49-08:00","entry_id":386481,"field1":"2","field2":"0.5625"},{"created_at":"2025-12-24T02:59:26-08:00","entry_id":386482,"field1":"2","field2":"0.75"},{"created_at":"2025-12-24T03:09:04-08:00","entry_id":386483,"field1":"2","field2":"0.8125"},{"created_at":"2025-12-24T03:18:41-08:00","entry_id":386484,"field1":"2","field2":"1.125"},{"created_at":"2025-12-24T03:28:18-08:00","entry_id":386485,"field1":"1.9375","field2":"1.0625"},{"created_at":"2025-12-24T03:37:55-08:00","entry_id":386486,"field1":"1.9375","field2":"1"},{"created_at":"2025-12-24T03:47:32-08:00","entry_id":386487,"field1":"2","field2":"0.9375"},{"created_at":"2025-12-24T03:57:09-08:00","entry_id":386488,"field1":"1.9375","field2":"0.9375"},{"created_at":"2025-12-24T04:06:44-08:00","entry_id":386489,"field1":"1.9375","field2":"0.6875"},{"created_at":"2025-12-24T04:16:21-08:00","entry_id":386490,"field1":"1.9375","field2":"0.75"},{"created_at":"2025-12-24T04:25:59-08:00","entry_id":386491,"field1":"1.9375","field2":"0.5"},{"created_at":"2025-12-24T04:35:36-08:00","entry_id":386492,"field1":"1.9375","field2":"0.5625"},{"created_at":"2025-12-24T04:45:13-08:00","entry_id":386493,"field1":"1.9375","field2":"0.625"},{"created_at":"2025-12-24T04:54:48-08:00","entry_id":386494,"field1":"1.9375","field2":"0.8125"},{"created_at":"2025-12-24T05:04:26-08:00","entry_id":386495,"field1":"1.9375","field2":"0.75"},{"created_at":"2025-12-24T05:14:02-08:00","entry_id":386496,"field1":"1.9375","field2":"0.875"},{"created_at":"2025-12-24T05:23:40-08:00","entry_id":386497,"field1":"1.9375","field2":"0.9375"},{"created_at":"2025-12-24T05:33:17-08:00","entry_id":386498,"field1":"1.9375","field2":"0.875"},{"created_at":"2025-12-24T05:42:52-08:00","entry_id":386499,"field1":"1.9375","field2":"0.9375"},{"created_at":"2025-12-24T05:52:29-08:00","entry_id":386500,"field1":"1.9375","field2":"1"},{"created_at":"2025-12-24T06:02:07-08:00","entry_id":386501,"field1":"1.9375","field2":"1"},{"created_at":"2025-12-24T06:11:43-08:00","entry_id":386502,"field1":"1.875","field2":"1"},{"created_at":"2025-12-24T06:21:19-08:00","entry_id":386503,"field1":"1.875","field2":"0.875"},{"created_at":"2025-12-24T06:30:56-08:00","entry_id":386504,"field1":"1.875","field2":"0.875"},{"created_at":"2025-12-24T06:40:34-08:00","entry_id":386505,"field1":"1.875","field2":"1"},{"created_at":"2025-12-24T06:50:09-08:00","entry_id":386506,"field1":"1.875","field2":"0.9375"},{"created_at":"2025-12-24T06:59:46-08:00","entry_id":386507,"field1":"1.875","field2":"0.9375"},{"created_at":"2025-12-24T07:09:23-08:00","entry_id":386508,"field1":"1.875","field2":"1"},{"created_at":"2025-12-24T07:19:01-08:00","entry_id":386509,"field1":"1.875","field2":"0.9375"},{"created_at":"2025-12-24T07:28:36-08:00","entry_id":386510,"field1":"1.875","field2":"0.875"},{"created_at":"2025-12-24T07:38:12-08:00","entry_id":386511,"field1":"1.875","field2":"0.8125"},{"created_at":"2025-12-24T07:47:50-08:00","entry_id":386512,"field1":"1.875","field2":"0.875"},{"created_at":"2025-12-24T07:57:26-08:00","entry_id":386513,"field1":"1.875","field2":"0.875"},{"created_at":"2025-12-24T08:07:04-08:00","entry_id":386514,"field1":"1.875","field2":"0.8125"},{"created_at":"2025-12-24T08:16:41-08:00","entry_id":386515,"field1":"1.875","field2":"0.875"},{"created_at":"2025-12-24T08:26:18-08:00","entry_id":386516,"field1":"1.875","field2":"0.875"},{"created_at":"2025-12-24T08:35:54-08:00","entry_id":386517,"field1":"1.875","field2":"0.8125"},{"created_at":"2025-12-24T08:45:33-08:00","entry_id":386518,"field1":"1.875","field2":"0.75"},{"created_at":"2025-12-24T08:55:08-08:00","entry_id":386519,"field1":"1.875","field2":"0.8125"},{"created_at":"2025-12-24T09:04:46-08:00","entry_id":386520,"field1":"1.875","field2":"0.875"},{"created_at":"2025-12-24T09:14:24-08:00","entry_id":386521,"field1":"1.875","field2":"0.9375"},{"created_at":"2025-12-24T09:23:59-08:00","entry_id":386522,"field1":"1.875","field2":"0.875"},{"created_at":"2025-12-24T09:33:37-08:00","entry_id":386523,"field1":"1.875","field2":"0.875"},{"created_at":"2025-12-24T09:43:15-08:00","entry_id":386524,"field1":"1.875","field2":"1.1875"},{"created_at":"2025-12-24T09:52:51-08:00","entry_id":386525,"field1":"1.875","field2":"1.375"},{"created_at":"2025-12-24T10:02:28-08:00","entry_id":386526,"field1":"1.875","field2":"1.625"},{"created_at":"2025-12-24T10:12:05-08:00","entry_id":386527,"field1":"1.875","field2":"1.625"},{"created_at":"2025-12-24T10:21:41-08:00","entry_id":386528,"field1":"1.8125","field2":"1.6875"},{"created_at":"2025-12-24T10:31:19-08:00","entry_id":386529,"field1":"1.875","field2":"1.875"},{"created_at":"2025-12-24T10:40:57-08:00","entry_id":386530,"field1":"1.875","field2":"2.125"},{"created_at":"2025-12-24T10:50:32-08:00","entry_id":386531,"field1":"1.875","field2":"2.125"},{"created_at":"2025-12-24T11:00:08-08:00","entry_id":386532,"field1":"1.875","field2":"2.125"},{"created_at":"2025-12-24T11:09:45-08:00","entry_id":386533,"field1":"1.875","field2":"1.9375"},{"created_at":"2025-12-24T11:19:23-08:00","entry_id":386534,"field1":"1.875","field2":"1.9375"},{"created_at":"2025-12-24T11:28:58-08:00","entry_id":386535,"field1":"1.875","field2":"1.9375"},{"created_at":"2025-12-24T11:38:37-08:00","entry_id":386536,"field1":"1.875","field2":"2.0625"},{"created_at":"2025-12-24T11:48:14-08:00","entry_id":386537,"field1":"1.875","field2":"1.875"},{"created_at":"2025-12-24T11:57:49-08:00","entry_id":386538,"field1":"1.9375","field2":"1.8125"},{"created_at":"2025-12-24T12:07:27-08:00","entry_id":386539,"field1":"1.9375","field2":"1.6875"},{"created_at":"2025-12-24T12:17:04-08:00","entry_id":386540,"field1":"1.9375","field2":"1.625"},{"created_at":"2025-12-24T12:26:41-08:00","entry_id":386541,"field1":"1.9375","field2":"1.75"},{"created_at":"2025-12-24T12:36:18-08:00","entry_id":386542,"field1":"1.9375","field2":"2"},{"created_at":"2025-12-24T12:45:54-08:00","entry_id":386543,"field1":"1.9375","field2":"2.1875"},{"created_at":"2025-12-24T12:55:32-08:00","entry_id":386544,"field1":"1.9375","field2":"2.3125"},{"created_at":"2025-12-24T13:05:09-08:00","entry_id":386545,"field1":"1.9375","field2":"2.5"},{"created_at":"2025-12-24T13:14:45-08:00","entry_id":386546,"field1":"2","field2":"2.5"},{"created_at":"2025-12-24T13:24:23-08:00","entry_id":386547,"field1":"2","field2":"2.5"},{"created_at":"2025-12-24T13:33:59-08:00","entry_id":386548,"field1":"2","field2":"2.4375"},{"created_at":"2025-12-24T13:43:37-08:00","entry_id":386549,"field1":"2","field2":"2.4375"},{"created_at":"2025-12-24T13:53:13-08:00","entry_id":386550,"field1":"2","field2":"2.4375"},{"created_at":"2025-12-24T14:02:51-08:00","entry_id":386551,"field1":"2","field2":"2.375"},{"created_at":"2025-12-24T14:12:28-08:00","entry_id":386552,"field1":"2","field2":"2.4375"},{"created_at":"2025-12-24T14:22:05-08:00","entry_id":386553,"field1":"2.0625","field2":"2.5"},{"created_at":"2025-12-24T14:31:42-08:00","entry_id":386554,"field1":"2.0625","field2":"2.5"},{"created_at":"2025-12-24T14:41:19-08:00","entry_id":386555,"field1":"2.0625","field2":"2.5"},{"created_at":"2025-12-24T14:50:54-08:00","entry_id":386556,"field1":"2.0625","field2":"2.5"},{"created_at":"2025-12-24T15:00:31-08:00","entry_id":386557,"field1":"2.0625","field2":"2.6875"},{"created_at":"2025-12-24T15:10:07-08:00","entry_id":386558,"field1":"2.0625","field2":"2.6875"},{"created_at":"2025-12-24T15:19:43-08:00","entry_id":386559,"field1":"2.0625","field2":"2.5625"},{"created_at":"2025-12-24T15:29:21-08:00","entry_id":386560,"field1":"2.125","field2":"2.875"},{"created_at":"2025-12-24T15:38:58-08:00","entry_id":386561,"field1":"2.125","field2":"2.75"},{"created_at":"2025-12-24T15:48:36-08:00","entry_id":386562,"field1":"2.125","field2":"2.625"},{"created_at":"2025-12-24T15:58:13-08:00","entry_id":386563,"field1":"2.125","field2":"2.5625"},{"created_at":"2025-12-24T16:07:50-08:00","entry_id":386564,"field1":"2.125","field2":"2.5625"},{"created_at":"2025-12-24T16:17:25-08:00","entry_id":386565,"field1":"2.125","field2":"2.75"},{"created_at":"2025-12-24T16:27:01-08:00","entry_id":386566,"field1":"2.1875","field2":"3.1875"},{"created_at":"2025-12-24T16:36:38-08:00","entry_id":386567,"field1":"2.1875","field2":"2.75"},{"created_at":"2025-12-24T16:46:16-08:00","entry_id":386568,"field1":"2.1875","field2":"2.75"},{"created_at":"2025-12-24T16:55:51-08:00","entry_id":386569,"field1":"2.1875","field2":"2.75"},{"created_at":"2025-12-24T17:05:29-08:00","entry_id":386570,"field1":"2.25","field2":"2.6875"},{"created_at":"2025-12-24T17:15:04-08:00","entry_id":386571,"field1":"2.25","field2":"2.75"},{"created_at":"2025-12-24T17:24:41-08:00","entry_id":386572,"field1":"2.25","field2":"2.75"},{"created_at":"2025-12-24T17:34:17-08:00","entry_id":386573,"field1":"2.25","field2":"2.75"},{"created_at":"2025-12-24T17:43:54-08:00","entry_id":386574,"field1":"2.25","field2":"2.6875"},{"created_at":"2025-12-24T17:53:30-08:00","entry_id":386575,"field1":"2.25","field2":"2.5"},{"created_at":"2025-12-24T18:03:06-08:00","entry_id":386576,"field1":"2.25","field2":"2.25"},{"created_at":"2025-12-24T18:12:44-08:00","entry_id":386577,"field1":"2.3125","field2":"2.125"},{"created_at":"2025-12-24T18:22:21-08:00","entry_id":386578,"field1":"2.25","field2":"2.1875"},{"created_at":"2025-12-24T18:31:58-08:00","entry_id":386579,"field1":"2.3125","field2":"2.0625"},{"created_at":"2025-12-24T18:41:33-08:00","entry_id":386580,"field1":"2.3125","field2":"2"},{"created_at":"2025-12-24T18:51:11-08:00","entry_id":386581,"field1":"2.3125","field2":"2"},{"created_at":"2025-12-24T19:00:48-08:00","entry_id":386582,"field1":"2.3125","field2":"2"},{"created_at":"2025-12-24T19:10:25-08:00","entry_id":386583,"field1":"2.3125","field2":"2.125"},{"created_at":"2025-12-24T19:20:01-08:00","entry_id":386584,"field1":"2.3125","field2":"2.1875"},{"created_at":"2025-12-24T19:29:37-08:00","entry_id":386585,"field1":"2.3125","field2":"2.1875"},{"created_at":"2025-12-24T19:39:14-08:00","entry_id":386586,"field1":"2.3125","field2":"2.25"},{"created_at":"2025-12-24T19:48:51-08:00","entry_id":386587,"field1":"2.3125","field2":"2.25"},{"created_at":"2025-12-24T19:58:28-08:00","entry_id":386588,"field1":"2.3125","field2":"2.25"},{"created_at":"2025-12-24T20:08:05-08:00","entry_id":386589,"field1":"2.3125","field2":"2.3125"},{"created_at":"2025-12-24T20:17:41-08:00","entry_id":386590,"field1":"2.3125","field2":"2.25"},{"created_at":"2025-12-24T20:27:17-08:00","entry_id":386591,"field1":"2.3125","field2":"2.0625"},{"created_at":"2025-12-24T20:36:54-08:00","entry_id":386592,"field1":"2.3125","field2":"1.875"},{"created_at":"2025-12-24T20:46:32-08:00","entry_id":386593,"field1":"2.3125","field2":"1.8125"},{"created_at":"2025-12-24T20:56:09-08:00","entry_id":386594,"field1":"2.3125","field2":"1.8125"},{"created_at":"2025-12-24T21:05:46-08:00","entry_id":386595,"field1":"2.3125","field2":"1.6875"},{"created_at":"2025-12-24T21:15:23-08:00","entry_id":386596,"field1":"2.3125","field2":"1.75"},{"created_at":"2025-12-24T21:24:58-08:00","entry_id":386597,"field1":"2.3125","field2":"1.6875"},{"created_at":"2025-12-24T21:34:34-08:00","entry_id":386598,"field1":"2.3125","field2":"1.8125"},{"created_at":"2025-12-24T21:44:12-08:00","entry_id":386599,"field1":"2.3125","field2":"1.8125"},{"created_at":"2025-12-24T21:53:48-08:00","entry_id":386600,"field1":"2.3125","field2":"1.75"},{"created_at":"2025-12-24T22:03:24-08:00","entry_id":386601,"field1":"2.3125","field2":"1.6875"},{"created_at":"2025-12-24T22:13:00-08:00","entry_id":386602,"field1":"2.3125","field2":"1.8125"},{"created_at":"2025-12-24T22:22:38-08:00","entry_id":386603,"field1":"2.3125","field2":"1.9375"},{"created_at":"2025-12-24T22:32:15-08:00","entry_id":386604,"field1":"2.3125","field2":"2"},{"created_at":"2025-12-24T22:41:51-08:00","entry_id":386605,"field1":"2.3125","field2":"2"},{"created_at":"2025-12-24T22:51:27-08:00","entry_id":386606,"field1":"2.3125","field2":"2"},{"created_at":"2025-12-24T23:01:05-08:00","entry_id":386607,"field1":"2.3125","field2":"2.0625"},{"created_at":"2025-12-24T23:10:42-08:00","entry_id":386608,"field1":"2.3125","field2":"2"},{"created_at":"2025-12-24T23:20:19-08:00","entry_id":386609,"field1":"2.3125","field2":"2"},{"created_at":"2025-12-24T23:29:56-08:00","entry_id":386610,"field1":"2.3125","field2":"2.125"},{"created_at":"2025-12-24T23:39:31-08:00","entry_id":386611,"field1":"2.3125","field2":"2.0625"},{"created_at":"2025-12-24T23:49:07-08:00","entry_id":386612,"field1":"2.3125","field2":"2.0625"},{"created_at":"2025-12-24T23:58:45-08:00","entry_id":386613,"field1":"2.3125","field2":"2.0625"}]}