{"channel":{"id":581842,"name":"Upstairs Small Window Indoor / Outdoor Sensor","latitude":"0.0","longitude":"0.0","field1":"Indoor Temperature","field2":"Outdoor Temperature","created_at":"2018-09-23T15:37:52-07:00","updated_at":"2020-07-27T05:59:41-07:00","last_entry_id":150128},"feeds":[{"created_at":"2018-10-13T00:08:37-07:00","entry_id":1381,"field1":"9.9375","field2":"6.6875"},{"created_at":"2018-10-13T00:18:14-07:00","entry_id":1382,"field1":"9.9375","field2":"6.3125"},{"created_at":"2018-10-13T00:27:51-07:00","entry_id":1383,"field1":"9.9375","field2":"5.9375"},{"created_at":"2018-10-13T00:37:28-07:00","entry_id":1384,"field1":"9.875","field2":"5.75"},{"created_at":"2018-10-13T00:47:05-07:00","entry_id":1385,"field1":"9.875","field2":"5.4375"},{"created_at":"2018-10-13T00:56:43-07:00","entry_id":1386,"field1":"9.875","field2":"5.4375"},{"created_at":"2018-10-13T01:06:20-07:00","entry_id":1387,"field1":"9.8125","field2":"5.5"},{"created_at":"2018-10-13T01:15:57-07:00","entry_id":1388,"field1":"9.8125","field2":"5.125"},{"created_at":"2018-10-13T01:25:34-07:00","entry_id":1389,"field1":"9.8125","field2":"5.25"},{"created_at":"2018-10-13T01:35:12-07:00","entry_id":1390,"field1":"9.75","field2":"5"},{"created_at":"2018-10-13T01:44:50-07:00","entry_id":1391,"field1":"9.6875","field2":"5.1875"},{"created_at":"2018-10-13T01:54:27-07:00","entry_id":1392,"field1":"9.6875","field2":"5.375"},{"created_at":"2018-10-13T02:04:04-07:00","entry_id":1393,"field1":"9.6875","field2":"5"},{"created_at":"2018-10-13T02:13:42-07:00","entry_id":1394,"field1":"9.625","field2":"4.9375"},{"created_at":"2018-10-13T02:23:19-07:00","entry_id":1395,"field1":"9.625","field2":"5.0625"},{"created_at":"2018-10-13T02:32:57-07:00","entry_id":1396,"field1":"9.5625","field2":"5.0625"},{"created_at":"2018-10-13T02:42:36-07:00","entry_id":1397,"field1":"9.5625","field2":"5.25"},{"created_at":"2018-10-13T02:52:12-07:00","entry_id":1398,"field1":"9.5","field2":"4.8125"},{"created_at":"2018-10-13T03:01:49-07:00","entry_id":1399,"field1":"9.5","field2":"5.0625"},{"created_at":"2018-10-13T03:11:26-07:00","entry_id":1400,"field1":"9.4375","field2":"4.8125"},{"created_at":"2018-10-13T03:21:03-07:00","entry_id":1401,"field1":"9.4375","field2":"4.4375"},{"created_at":"2018-10-13T03:30:41-07:00","entry_id":1402,"field1":"9.4375","field2":"4.75"},{"created_at":"2018-10-13T03:40:19-07:00","entry_id":1403,"field1":"9.375","field2":"4.625"},{"created_at":"2018-10-13T03:49:56-07:00","entry_id":1404,"field1":"9.3125","field2":"4.6875"},{"created_at":"2018-10-13T03:59:33-07:00","entry_id":1405,"field1":"9.3125","field2":"4.375"},{"created_at":"2018-10-13T04:09:11-07:00","entry_id":1406,"field1":"9.3125","field2":"4.5"},{"created_at":"2018-10-13T04:18:48-07:00","entry_id":1407,"field1":"9.25","field2":"3.875"},{"created_at":"2018-10-13T04:28:26-07:00","entry_id":1408,"field1":"9.25","field2":"3.9375"},{"created_at":"2018-10-13T04:38:02-07:00","entry_id":1409,"field1":"9.1875","field2":"4.125"},{"created_at":"2018-10-13T04:47:40-07:00","entry_id":1410,"field1":"9.1875","field2":"4.1875"},{"created_at":"2018-10-13T04:57:18-07:00","entry_id":1411,"field1":"9.125","field2":"4.25"},{"created_at":"2018-10-13T05:06:56-07:00","entry_id":1412,"field1":"9.125","field2":"4.25"},{"created_at":"2018-10-13T05:16:33-07:00","entry_id":1413,"field1":"9.0625","field2":"3.9375"},{"created_at":"2018-10-13T05:26:11-07:00","entry_id":1414,"field1":"9.0625","field2":"3.875"},{"created_at":"2018-10-13T05:35:48-07:00","entry_id":1415,"field1":"9","field2":"4"},{"created_at":"2018-10-13T05:45:25-07:00","entry_id":1416,"field1":"9","field2":"3.625"},{"created_at":"2018-10-13T05:55:03-07:00","entry_id":1417,"field1":"8.9375","field2":"3.9375"},{"created_at":"2018-10-13T06:04:40-07:00","entry_id":1418,"field1":"8.9375","field2":"3.6875"},{"created_at":"2018-10-13T06:14:17-07:00","entry_id":1419,"field1":"8.875","field2":"4"},{"created_at":"2018-10-13T06:23:54-07:00","entry_id":1420,"field1":"8.875","field2":"3.75"},{"created_at":"2018-10-13T06:33:31-07:00","entry_id":1421,"field1":"8.8125","field2":"3.4375"},{"created_at":"2018-10-13T06:43:09-07:00","entry_id":1422,"field1":"8.8125","field2":"3.25"},{"created_at":"2018-10-13T06:52:46-07:00","entry_id":1423,"field1":"8.75","field2":"3.5625"},{"created_at":"2018-10-13T07:02:23-07:00","entry_id":1424,"field1":"8.75","field2":"3.3125"},{"created_at":"2018-10-13T07:12:01-07:00","entry_id":1425,"field1":"8.6875","field2":"3.0625"},{"created_at":"2018-10-13T07:21:38-07:00","entry_id":1426,"field1":"8.6875","field2":"3.3125"},{"created_at":"2018-10-13T07:31:16-07:00","entry_id":1427,"field1":"8.625","field2":"3.3125"},{"created_at":"2018-10-13T07:40:53-07:00","entry_id":1428,"field1":"8.625","field2":"3.0625"},{"created_at":"2018-10-13T07:50:30-07:00","entry_id":1429,"field1":"8.5625","field2":"3"},{"created_at":"2018-10-13T08:00:08-07:00","entry_id":1430,"field1":"8.5625","field2":"2.6875"},{"created_at":"2018-10-13T08:09:45-07:00","entry_id":1431,"field1":"8.5","field2":"3.125"},{"created_at":"2018-10-13T08:19:23-07:00","entry_id":1432,"field1":"8.5","field2":"3.1875"},{"created_at":"2018-10-13T08:28:59-07:00","entry_id":1433,"field1":"8.4375","field2":"3.3125"},{"created_at":"2018-10-13T08:38:37-07:00","entry_id":1434,"field1":"8.4375","field2":"3.1875"},{"created_at":"2018-10-13T08:48:14-07:00","entry_id":1435,"field1":"8.5625","field2":"5.4375"},{"created_at":"2018-10-13T08:57:53-07:00","entry_id":1436,"field1":"8.75","field2":"6.75"},{"created_at":"2018-10-13T09:07:31-07:00","entry_id":1437,"field1":"8.8125","field2":"6.75"},{"created_at":"2018-10-13T09:17:08-07:00","entry_id":1438,"field1":"8.9375","field2":"5.75"},{"created_at":"2018-10-13T09:26:46-07:00","entry_id":1439,"field1":"9.25","field2":"5.6875"},{"created_at":"2018-10-13T09:36:23-07:00","entry_id":1440,"field1":"9.625","field2":"5.9375"},{"created_at":"2018-10-13T09:46:00-07:00","entry_id":1441,"field1":"10.125","field2":"6.25"},{"created_at":"2018-10-13T09:55:38-07:00","entry_id":1442,"field1":"10.5","field2":"6"},{"created_at":"2018-10-13T10:05:15-07:00","entry_id":1443,"field1":"10.5","field2":"6.4375"},{"created_at":"2018-10-13T10:14:53-07:00","entry_id":1444,"field1":"10.6875","field2":"6.6875"},{"created_at":"2018-10-13T10:24:30-07:00","entry_id":1445,"field1":"10.125","field2":"7.4375"},{"created_at":"2018-10-13T10:34:08-07:00","entry_id":1446,"field1":"10.1875","field2":"7.8125"},{"created_at":"2018-10-13T10:43:45-07:00","entry_id":1447,"field1":"10.125","field2":"7.9375"},{"created_at":"2018-10-13T10:53:22-07:00","entry_id":1448,"field1":"10.5625","field2":"8.125"},{"created_at":"2018-10-13T11:03:00-07:00","entry_id":1449,"field1":"10.625","field2":"7.8125"},{"created_at":"2018-10-13T11:12:37-07:00","entry_id":1450,"field1":"10.5625","field2":"8.0625"},{"created_at":"2018-10-13T11:22:15-07:00","entry_id":1451,"field1":"10.5625","field2":"8.0625"},{"created_at":"2018-10-13T11:31:54-07:00","entry_id":1452,"field1":"10.6875","field2":"8.1875"},{"created_at":"2018-10-13T11:41:30-07:00","entry_id":1453,"field1":"10.6875","field2":"8.1875"},{"created_at":"2018-10-13T11:51:07-07:00","entry_id":1454,"field1":"10.8125","field2":"8.625"},{"created_at":"2018-10-13T12:00:44-07:00","entry_id":1455,"field1":"10.6875","field2":"8.375"},{"created_at":"2018-10-13T12:10:22-07:00","entry_id":1456,"field1":"10.625","field2":"8.875"},{"created_at":"2018-10-13T12:20:00-07:00","entry_id":1457,"field1":"10.5625","field2":"8.625"},{"created_at":"2018-10-13T12:29:38-07:00","entry_id":1458,"field1":"10.5625","field2":"9"},{"created_at":"2018-10-13T12:39:17-07:00","entry_id":1459,"field1":"10.5","field2":"8.9375"},{"created_at":"2018-10-13T12:48:54-07:00","entry_id":1460,"field1":"10.4375","field2":"8.9375"},{"created_at":"2018-10-13T12:58:32-07:00","entry_id":1461,"field1":"10.5","field2":"9.25"},{"created_at":"2018-10-13T13:08:08-07:00","entry_id":1462,"field1":"10.5","field2":"9.25"},{"created_at":"2018-10-13T13:17:46-07:00","entry_id":1463,"field1":"10.5","field2":"9.375"},{"created_at":"2018-10-13T13:27:24-07:00","entry_id":1464,"field1":"10.625","field2":"9.4375"},{"created_at":"2018-10-13T13:37:01-07:00","entry_id":1465,"field1":"10.6875","field2":"9.625"},{"created_at":"2018-10-13T13:46:39-07:00","entry_id":1466,"field1":"10.6875","field2":"10.1875"},{"created_at":"2018-10-13T13:56:16-07:00","entry_id":1467,"field1":"10.6875","field2":"10.75"},{"created_at":"2018-10-13T14:05:54-07:00","entry_id":1468,"field1":"10.625","field2":"10.6875"},{"created_at":"2018-10-13T14:15:31-07:00","entry_id":1469,"field1":"10.625","field2":"11"},{"created_at":"2018-10-13T14:25:09-07:00","entry_id":1470,"field1":"10.625","field2":"10.9375"},{"created_at":"2018-10-13T14:34:46-07:00","entry_id":1471,"field1":"10.625","field2":"10.875"},{"created_at":"2018-10-13T14:44:24-07:00","entry_id":1472,"field1":"10.625","field2":"10.9375"},{"created_at":"2018-10-13T14:54:01-07:00","entry_id":1473,"field1":"10.625","field2":"11.375"},{"created_at":"2018-10-13T15:03:39-07:00","entry_id":1474,"field1":"10.625","field2":"11.75"},{"created_at":"2018-10-13T15:13:16-07:00","entry_id":1475,"field1":"10.625","field2":"11.625"},{"created_at":"2018-10-13T15:22:55-07:00","entry_id":1476,"field1":"10.625","field2":"11.8125"},{"created_at":"2018-10-13T15:32:33-07:00","entry_id":1477,"field1":"10.625","field2":"11"},{"created_at":"2018-10-13T15:42:10-07:00","entry_id":1478,"field1":"10.625","field2":"10.875"},{"created_at":"2018-10-13T15:51:48-07:00","entry_id":1479,"field1":"10.625","field2":"10.8125"},{"created_at":"2018-10-13T16:01:25-07:00","entry_id":1480,"field1":"10.5625","field2":"10.625"},{"created_at":"2018-10-13T16:11:03-07:00","entry_id":1481,"field1":"10.5625","field2":"10.8125"},{"created_at":"2018-10-13T16:20:40-07:00","entry_id":1482,"field1":"10.5625","field2":"10.4375"},{"created_at":"2018-10-13T16:30:17-07:00","entry_id":1483,"field1":"10.5625","field2":"10.1875"},{"created_at":"2018-10-13T16:39:55-07:00","entry_id":1484,"field1":"10.5625","field2":"10"},{"created_at":"2018-10-13T16:49:32-07:00","entry_id":1485,"field1":"10.5625","field2":"9.75"},{"created_at":"2018-10-13T16:59:09-07:00","entry_id":1486,"field1":"10.5","field2":"9.5625"},{"created_at":"2018-10-13T17:08:47-07:00","entry_id":1487,"field1":"10.4375","field2":"9.3125"},{"created_at":"2018-10-13T17:18:24-07:00","entry_id":1488,"field1":"10.4375","field2":"9.125"},{"created_at":"2018-10-13T17:28:02-07:00","entry_id":1489,"field1":"10.375","field2":"9"},{"created_at":"2018-10-13T17:37:39-07:00","entry_id":1490,"field1":"10.375","field2":"8.8125"},{"created_at":"2018-10-13T17:47:16-07:00","entry_id":1491,"field1":"10.375","field2":"8.75"},{"created_at":"2018-10-13T17:56:54-07:00","entry_id":1492,"field1":"10.3125","field2":"8.625"},{"created_at":"2018-10-13T18:06:31-07:00","entry_id":1493,"field1":"10.3125","field2":"8.5"},{"created_at":"2018-10-13T18:16:09-07:00","entry_id":1494,"field1":"10.3125","field2":"8.3125"},{"created_at":"2018-10-13T18:25:47-07:00","entry_id":1495,"field1":"10.25","field2":"8.1875"},{"created_at":"2018-10-13T18:35:23-07:00","entry_id":1496,"field1":"10.1875","field2":"8.0625"},{"created_at":"2018-10-13T18:45:01-07:00","entry_id":1497,"field1":"10.25","field2":"7.75"},{"created_at":"2018-10-13T18:54:38-07:00","entry_id":1498,"field1":"10.25","field2":"7.4375"},{"created_at":"2018-10-13T19:04:16-07:00","entry_id":1499,"field1":"10.1875","field2":"7.1875"},{"created_at":"2018-10-13T19:13:53-07:00","entry_id":1500,"field1":"10.125","field2":"7.1875"},{"created_at":"2018-10-13T19:23:32-07:00","entry_id":1501,"field1":"10.1875","field2":"6.875"},{"created_at":"2018-10-13T19:33:09-07:00","entry_id":1502,"field1":"10.125","field2":"6.75"},{"created_at":"2018-10-13T19:42:46-07:00","entry_id":1503,"field1":"10.125","field2":"6.5"},{"created_at":"2018-10-13T19:52:23-07:00","entry_id":1504,"field1":"10.0625","field2":"6.5"},{"created_at":"2018-10-13T20:02:00-07:00","entry_id":1505,"field1":"10","field2":"6.3125"},{"created_at":"2018-10-13T20:11:37-07:00","entry_id":1506,"field1":"10","field2":"6.0625"},{"created_at":"2018-10-13T20:21:16-07:00","entry_id":1507,"field1":"9.9375","field2":"6"},{"created_at":"2018-10-13T20:30:53-07:00","entry_id":1508,"field1":"9.9375","field2":"5.75"},{"created_at":"2018-10-13T20:40:31-07:00","entry_id":1509,"field1":"9.875","field2":"5.5625"},{"created_at":"2018-10-13T20:50:07-07:00","entry_id":1510,"field1":"9.875","field2":"5.4375"},{"created_at":"2018-10-13T20:59:45-07:00","entry_id":1511,"field1":"9.8125","field2":"5.5"},{"created_at":"2018-10-13T21:09:22-07:00","entry_id":1512,"field1":"9.8125","field2":"5.4375"},{"created_at":"2018-10-13T21:18:59-07:00","entry_id":1513,"field1":"9.75","field2":"5.375"},{"created_at":"2018-10-13T21:28:37-07:00","entry_id":1514,"field1":"9.75","field2":"5.3125"},{"created_at":"2018-10-13T21:38:13-07:00","entry_id":1515,"field1":"9.6875","field2":"5.125"},{"created_at":"2018-10-13T21:47:50-07:00","entry_id":1516,"field1":"9.6875","field2":"5"},{"created_at":"2018-10-13T21:57:28-07:00","entry_id":1517,"field1":"9.625","field2":"4.5"},{"created_at":"2018-10-13T22:07:06-07:00","entry_id":1518,"field1":"9.625","field2":"4.25"},{"created_at":"2018-10-13T22:16:43-07:00","entry_id":1519,"field1":"9.5625","field2":"4.375"},{"created_at":"2018-10-13T22:26:21-07:00","entry_id":1520,"field1":"9.5625","field2":"4.6875"},{"created_at":"2018-10-13T22:35:59-07:00","entry_id":1521,"field1":"9.5","field2":"4.3125"},{"created_at":"2018-10-13T22:45:36-07:00","entry_id":1522,"field1":"9.5","field2":"4.5"},{"created_at":"2018-10-13T22:55:13-07:00","entry_id":1523,"field1":"9.4375","field2":"4.125"},{"created_at":"2018-10-13T23:04:51-07:00","entry_id":1524,"field1":"9.375","field2":"4.375"},{"created_at":"2018-10-13T23:14:29-07:00","entry_id":1525,"field1":"9.375","field2":"4.0625"},{"created_at":"2018-10-13T23:24:06-07:00","entry_id":1526,"field1":"9.3125","field2":"4.125"},{"created_at":"2018-10-13T23:33:43-07:00","entry_id":1527,"field1":"9.3125","field2":"4.125"},{"created_at":"2018-10-13T23:43:21-07:00","entry_id":1528,"field1":"9.25","field2":"4.1875"},{"created_at":"2018-10-13T23:52:58-07:00","entry_id":1529,"field1":"9.25","field2":"4"}]}