{"channel":{"id":581842,"name":"Upstairs Small Window Indoor / Outdoor Sensor","latitude":"0.0","longitude":"0.0","field1":"Indoor Temperature","field2":"Outdoor Temperature","created_at":"2018-09-23T15:37:52-07:00","updated_at":"2020-07-27T05:59:41-07:00","last_entry_id":285643},"feeds":[{"created_at":"2024-02-11T00:08:43-08:00","entry_id":285363,"field1":"0.625","field2":"-0.5"},{"created_at":"2024-02-11T00:18:18-08:00","entry_id":285364,"field1":"0.5625","field2":"-0.5"},{"created_at":"2024-02-11T00:27:56-08:00","entry_id":285365,"field1":"0.5625","field2":"-0.5"},{"created_at":"2024-02-11T00:37:34-08:00","entry_id":285366,"field1":"0.5625","field2":"-0.5"},{"created_at":"2024-02-11T00:47:11-08:00","entry_id":285367,"field1":"0.5625","field2":"-0.5"},{"created_at":"2024-02-11T00:56:49-08:00","entry_id":285368,"field1":"0.5625","field2":"-0.4375"},{"created_at":"2024-02-11T01:06:26-08:00","entry_id":285369,"field1":"0.5625","field2":"-0.5"},{"created_at":"2024-02-11T01:16:03-08:00","entry_id":285370,"field1":"0.5625","field2":"-0.375"},{"created_at":"2024-02-11T01:25:40-08:00","entry_id":285371,"field1":"0.5625","field2":"-0.375"},{"created_at":"2024-02-11T01:35:17-08:00","entry_id":285372,"field1":"0.5625","field2":"-0.375"},{"created_at":"2024-02-11T01:44:54-08:00","entry_id":285373,"field1":"0.5625","field2":"-0.375"},{"created_at":"2024-02-11T01:54:29-08:00","entry_id":285374,"field1":"0.5625","field2":"-0.4375"},{"created_at":"2024-02-11T02:04:06-08:00","entry_id":285375,"field1":"0.5625","field2":"-0.4375"},{"created_at":"2024-02-11T02:13:42-08:00","entry_id":285376,"field1":"0.5625","field2":"-0.4375"},{"created_at":"2024-02-11T02:23:20-08:00","entry_id":285377,"field1":"0.5625","field2":"-0.4375"},{"created_at":"2024-02-11T02:32:56-08:00","entry_id":285378,"field1":"0.5625","field2":"-0.375"},{"created_at":"2024-02-11T02:42:34-08:00","entry_id":285379,"field1":"0.5625","field2":"-0.375"},{"created_at":"2024-02-11T02:52:09-08:00","entry_id":285380,"field1":"0.5625","field2":"-0.375"},{"created_at":"2024-02-11T03:01:48-08:00","entry_id":285381,"field1":"0.5","field2":"-0.375"},{"created_at":"2024-02-11T03:11:23-08:00","entry_id":285382,"field1":"0.5","field2":"-0.375"},{"created_at":"2024-02-11T03:21:00-08:00","entry_id":285383,"field1":"0.5","field2":"-0.375"},{"created_at":"2024-02-11T03:30:37-08:00","entry_id":285384,"field1":"0.5","field2":"-0.375"},{"created_at":"2024-02-11T03:40:14-08:00","entry_id":285385,"field1":"0.5","field2":"-0.375"},{"created_at":"2024-02-11T03:49:52-08:00","entry_id":285386,"field1":"0.5","field2":"-0.375"},{"created_at":"2024-02-11T03:59:28-08:00","entry_id":285387,"field1":"0.5","field2":"-0.4375"},{"created_at":"2024-02-11T04:09:04-08:00","entry_id":285388,"field1":"0.5","field2":"-0.375"},{"created_at":"2024-02-11T04:18:42-08:00","entry_id":285389,"field1":"0.5","field2":"-0.375"},{"created_at":"2024-02-11T04:28:18-08:00","entry_id":285390,"field1":"0.5","field2":"-0.375"},{"created_at":"2024-02-11T04:37:54-08:00","entry_id":285391,"field1":"0.5","field2":"-0.375"},{"created_at":"2024-02-11T04:47:32-08:00","entry_id":285392,"field1":"0.5","field2":"-0.375"},{"created_at":"2024-02-11T04:57:09-08:00","entry_id":285393,"field1":"0.5","field2":"-0.3125"},{"created_at":"2024-02-11T05:06:46-08:00","entry_id":285394,"field1":"0.5","field2":"-0.375"},{"created_at":"2024-02-11T05:16:24-08:00","entry_id":285395,"field1":"0.5","field2":"-0.3125"},{"created_at":"2024-02-11T05:25:59-08:00","entry_id":285396,"field1":"0.5","field2":"-0.3125"},{"created_at":"2024-02-11T05:35:37-08:00","entry_id":285397,"field1":"0.5","field2":"-0.3125"},{"created_at":"2024-02-11T05:45:12-08:00","entry_id":285398,"field1":"0.5","field2":"-0.3125"},{"created_at":"2024-02-11T05:54:48-08:00","entry_id":285399,"field1":"0.5","field2":"-0.375"},{"created_at":"2024-02-11T06:04:26-08:00","entry_id":285400,"field1":"0.5","field2":"-0.375"},{"created_at":"2024-02-11T06:14:03-08:00","entry_id":285401,"field1":"0.5","field2":"-0.3125"},{"created_at":"2024-02-11T06:23:40-08:00","entry_id":285402,"field1":"0.4375","field2":"-0.3125"},{"created_at":"2024-02-11T06:33:15-08:00","entry_id":285403,"field1":"0.5","field2":"-0.3125"},{"created_at":"2024-02-11T06:42:53-08:00","entry_id":285404,"field1":"0.4375","field2":"-0.375"},{"created_at":"2024-02-11T06:52:30-08:00","entry_id":285405,"field1":"0.4375","field2":"-0.375"},{"created_at":"2024-02-11T07:02:06-08:00","entry_id":285406,"field1":"0.4375","field2":"-0.4375"},{"created_at":"2024-02-11T07:11:43-08:00","entry_id":285407,"field1":"0.4375","field2":"-0.4375"},{"created_at":"2024-02-11T07:21:19-08:00","entry_id":285408,"field1":"0.4375","field2":"-0.375"},{"created_at":"2024-02-11T07:30:57-08:00","entry_id":285409,"field1":"0.4375","field2":"-0.375"},{"created_at":"2024-02-11T07:40:34-08:00","entry_id":285410,"field1":"0.4375","field2":"-0.375"},{"created_at":"2024-02-11T07:50:11-08:00","entry_id":285411,"field1":"0.4375","field2":"-0.3125"},{"created_at":"2024-02-11T07:59:49-08:00","entry_id":285412,"field1":"0.4375","field2":"-0.3125"},{"created_at":"2024-02-11T08:09:24-08:00","entry_id":285413,"field1":"0.4375","field2":"-0.25"},{"created_at":"2024-02-11T08:19:02-08:00","entry_id":285414,"field1":"0.4375","field2":"-0.3125"},{"created_at":"2024-02-11T08:28:39-08:00","entry_id":285415,"field1":"0.4375","field2":"-0.25"},{"created_at":"2024-02-11T08:38:16-08:00","entry_id":285416,"field1":"0.4375","field2":"-0.1875"},{"created_at":"2024-02-11T08:47:53-08:00","entry_id":285417,"field1":"0.4375","field2":"-0.125"},{"created_at":"2024-02-11T08:57:30-08:00","entry_id":285418,"field1":"0.4375","field2":"-0.125"},{"created_at":"2024-02-11T09:07:07-08:00","entry_id":285419,"field1":"0.4375","field2":"-0.125"},{"created_at":"2024-02-11T09:16:45-08:00","entry_id":285420,"field1":"0.4375","field2":"-0.0625"},{"created_at":"2024-02-11T09:26:22-08:00","entry_id":285421,"field1":"0.4375","field2":"-0.0625"},{"created_at":"2024-02-11T09:35:59-08:00","entry_id":285422,"field1":"0.5","field2":"-0.0625"},{"created_at":"2024-02-11T09:45:36-08:00","entry_id":285423,"field1":"0.5","field2":"0.0625"},{"created_at":"2024-02-11T09:55:13-08:00","entry_id":285424,"field1":"0.5","field2":"0.125"},{"created_at":"2024-02-11T10:04:50-08:00","entry_id":285425,"field1":"0.5","field2":"0.0625"},{"created_at":"2024-02-11T10:14:27-08:00","entry_id":285426,"field1":"0.5","field2":"0.0625"},{"created_at":"2024-02-11T10:24:03-08:00","entry_id":285427,"field1":"0.5","field2":"0"},{"created_at":"2024-02-11T10:33:38-08:00","entry_id":285428,"field1":"0.5","field2":"0"},{"created_at":"2024-02-11T10:43:17-08:00","entry_id":285429,"field1":"0.5","field2":"0"},{"created_at":"2024-02-11T10:52:52-08:00","entry_id":285430,"field1":"0.5","field2":"0.125"},{"created_at":"2024-02-11T11:02:30-08:00","entry_id":285431,"field1":"0.5","field2":"0.0625"},{"created_at":"2024-02-11T11:12:07-08:00","entry_id":285432,"field1":"0.5","field2":"-0.0625"},{"created_at":"2024-02-11T11:21:44-08:00","entry_id":285433,"field1":"0.5","field2":"0.125"},{"created_at":"2024-02-11T11:31:22-08:00","entry_id":285434,"field1":"0.5","field2":"0.125"},{"created_at":"2024-02-11T11:40:59-08:00","entry_id":285435,"field1":"0.5","field2":"0.125"},{"created_at":"2024-02-11T11:50:35-08:00","entry_id":285436,"field1":"0.5","field2":"0.125"},{"created_at":"2024-02-11T12:00:12-08:00","entry_id":285437,"field1":"0.5","field2":"0"},{"created_at":"2024-02-11T12:09:49-08:00","entry_id":285438,"field1":"0.5","field2":"-0.0625"},{"created_at":"2024-02-11T12:19:27-08:00","entry_id":285439,"field1":"0.5","field2":"0.0625"},{"created_at":"2024-02-11T12:29:04-08:00","entry_id":285440,"field1":"0.5625","field2":"0"},{"created_at":"2024-02-11T12:38:41-08:00","entry_id":285441,"field1":"0.5625","field2":"-0.1875"},{"created_at":"2024-02-11T12:48:17-08:00","entry_id":285442,"field1":"0.5625","field2":"-0.0625"},{"created_at":"2024-02-11T12:57:54-08:00","entry_id":285443,"field1":"0.5625","field2":"0.25"},{"created_at":"2024-02-11T13:07:31-08:00","entry_id":285444,"field1":"0.5625","field2":"0.5625"},{"created_at":"2024-02-11T13:17:06-08:00","entry_id":285445,"field1":"0.5625","field2":"0.0625"},{"created_at":"2024-02-11T13:26:45-08:00","entry_id":285446,"field1":"0.5625","field2":"-0.125"},{"created_at":"2024-02-11T13:36:22-08:00","entry_id":285447,"field1":"0.5625","field2":"0.0625"},{"created_at":"2024-02-11T13:45:57-08:00","entry_id":285448,"field1":"0.5625","field2":"0.3125"},{"created_at":"2024-02-11T13:55:35-08:00","entry_id":285449,"field1":"0.625","field2":"0.5"},{"created_at":"2024-02-11T14:05:12-08:00","entry_id":285450,"field1":"0.625","field2":"0.3125"},{"created_at":"2024-02-11T14:14:49-08:00","entry_id":285451,"field1":"0.5625","field2":"0.0625"},{"created_at":"2024-02-11T14:24:26-08:00","entry_id":285452,"field1":"0.625","field2":"0.125"},{"created_at":"2024-02-11T14:34:04-08:00","entry_id":285453,"field1":"0.625","field2":"0.3125"},{"created_at":"2024-02-11T14:43:41-08:00","entry_id":285454,"field1":"0.625","field2":"0.1875"},{"created_at":"2024-02-11T14:53:18-08:00","entry_id":285455,"field1":"0.625","field2":"0.3125"},{"created_at":"2024-02-11T15:02:54-08:00","entry_id":285456,"field1":"0.625","field2":"0.3125"},{"created_at":"2024-02-11T15:12:30-08:00","entry_id":285457,"field1":"0.625","field2":"0.3125"},{"created_at":"2024-02-11T15:22:08-08:00","entry_id":285458,"field1":"0.625","field2":"0.3125"},{"created_at":"2024-02-11T15:31:45-08:00","entry_id":285459,"field1":"0.625","field2":"0.3125"},{"created_at":"2024-02-11T15:41:23-08:00","entry_id":285460,"field1":"0.625","field2":"0.3125"},{"created_at":"2024-02-11T15:50:59-08:00","entry_id":285461,"field1":"0.625","field2":"0.3125"},{"created_at":"2024-02-11T16:00:36-08:00","entry_id":285462,"field1":"0.625","field2":"0.0625"},{"created_at":"2024-02-11T16:10:14-08:00","entry_id":285463,"field1":"0.625","field2":"0.1875"},{"created_at":"2024-02-11T16:19:49-08:00","entry_id":285464,"field1":"0.625","field2":"0.1875"},{"created_at":"2024-02-11T16:29:26-08:00","entry_id":285465,"field1":"0.625","field2":"0.125"},{"created_at":"2024-02-11T16:39:04-08:00","entry_id":285466,"field1":"0.625","field2":"0.125"},{"created_at":"2024-02-11T16:48:41-08:00","entry_id":285467,"field1":"0.625","field2":"0.0625"},{"created_at":"2024-02-11T16:58:17-08:00","entry_id":285468,"field1":"0.625","field2":"0.0625"},{"created_at":"2024-02-11T17:07:55-08:00","entry_id":285469,"field1":"0.625","field2":"-0.1875"},{"created_at":"2024-02-11T17:17:32-08:00","entry_id":285470,"field1":"0.625","field2":"-0.125"},{"created_at":"2024-02-11T17:27:09-08:00","entry_id":285471,"field1":"0.625","field2":"-0.125"},{"created_at":"2024-02-11T17:36:46-08:00","entry_id":285472,"field1":"0.625","field2":"-0.125"},{"created_at":"2024-02-11T17:46:21-08:00","entry_id":285473,"field1":"0.625","field2":"-0.1875"},{"created_at":"2024-02-11T17:55:57-08:00","entry_id":285474,"field1":"0.625","field2":"-0.125"},{"created_at":"2024-02-11T18:05:35-08:00","entry_id":285475,"field1":"0.625","field2":"-0.125"},{"created_at":"2024-02-11T18:15:10-08:00","entry_id":285476,"field1":"0.625","field2":"-0.1875"},{"created_at":"2024-02-11T18:24:48-08:00","entry_id":285477,"field1":"0.625","field2":"-0.1875"},{"created_at":"2024-02-11T18:34:23-08:00","entry_id":285478,"field1":"0.625","field2":"-0.125"},{"created_at":"2024-02-11T18:44:00-08:00","entry_id":285479,"field1":"0.625","field2":"-0.125"},{"created_at":"2024-02-11T18:53:36-08:00","entry_id":285480,"field1":"0.625","field2":"-0.125"},{"created_at":"2024-02-11T19:03:14-08:00","entry_id":285481,"field1":"0.625","field2":"-0.125"},{"created_at":"2024-02-11T19:12:51-08:00","entry_id":285482,"field1":"0.625","field2":"-0.1875"},{"created_at":"2024-02-11T19:22:27-08:00","entry_id":285483,"field1":"0.5625","field2":"-0.1875"},{"created_at":"2024-02-11T19:32:04-08:00","entry_id":285484,"field1":"0.5625","field2":"-0.1875"},{"created_at":"2024-02-11T19:41:41-08:00","entry_id":285485,"field1":"0.5625","field2":"-0.25"},{"created_at":"2024-02-11T19:51:17-08:00","entry_id":285486,"field1":"0.5625","field2":"-0.1875"},{"created_at":"2024-02-11T20:00:55-08:00","entry_id":285487,"field1":"0.5625","field2":"-0.1875"},{"created_at":"2024-02-11T20:10:31-08:00","entry_id":285488,"field1":"0.5625","field2":"-0.25"},{"created_at":"2024-02-11T20:20:08-08:00","entry_id":285489,"field1":"0.5625","field2":"-0.25"},{"created_at":"2024-02-11T20:29:45-08:00","entry_id":285490,"field1":"0.5625","field2":"-0.25"},{"created_at":"2024-02-11T20:39:23-08:00","entry_id":285491,"field1":"0.5625","field2":"-0.1875"},{"created_at":"2024-02-11T20:49:00-08:00","entry_id":285492,"field1":"0.5625","field2":"-0.1875"},{"created_at":"2024-02-11T20:58:37-08:00","entry_id":285493,"field1":"0.5625","field2":"-0.1875"},{"created_at":"2024-02-11T21:08:14-08:00","entry_id":285494,"field1":"0.5625","field2":"-0.25"},{"created_at":"2024-02-11T21:17:51-08:00","entry_id":285495,"field1":"0.5625","field2":"-0.1875"},{"created_at":"2024-02-11T21:27:27-08:00","entry_id":285496,"field1":"0.5625","field2":"-0.1875"},{"created_at":"2024-02-11T21:37:04-08:00","entry_id":285497,"field1":"0.5625","field2":"-0.25"},{"created_at":"2024-02-11T21:46:41-08:00","entry_id":285498,"field1":"0.5625","field2":"-0.25"},{"created_at":"2024-02-11T21:56:16-08:00","entry_id":285499,"field1":"0.5625","field2":"-0.3125"},{"created_at":"2024-02-11T22:05:54-08:00","entry_id":285500,"field1":"0.5625","field2":"-0.3125"},{"created_at":"2024-02-11T22:15:31-08:00","entry_id":285501,"field1":"0.5625","field2":"-0.375"},{"created_at":"2024-02-11T22:25:06-08:00","entry_id":285502,"field1":"0.5625","field2":"-0.375"},{"created_at":"2024-02-11T22:34:44-08:00","entry_id":285503,"field1":"0.5625","field2":"-0.375"},{"created_at":"2024-02-11T22:44:21-08:00","entry_id":285504,"field1":"0.5625","field2":"-0.3125"},{"created_at":"2024-02-11T22:53:56-08:00","entry_id":285505,"field1":"0.5625","field2":"-0.3125"},{"created_at":"2024-02-11T23:03:33-08:00","entry_id":285506,"field1":"0.5625","field2":"-0.3125"},{"created_at":"2024-02-11T23:13:11-08:00","entry_id":285507,"field1":"0.5625","field2":"-0.375"},{"created_at":"2024-02-11T23:22:48-08:00","entry_id":285508,"field1":"0.5625","field2":"-0.3125"},{"created_at":"2024-02-11T23:32:25-08:00","entry_id":285509,"field1":"0.5","field2":"-0.375"},{"created_at":"2024-02-11T23:42:02-08:00","entry_id":285510,"field1":"0.5625","field2":"-0.375"},{"created_at":"2024-02-11T23:51:39-08:00","entry_id":285511,"field1":"0.5625","field2":"-0.375"}]}