{"channel":{"id":581842,"name":"Upstairs Small Window Indoor / Outdoor Sensor","latitude":"0.0","longitude":"0.0","field1":"Indoor Temperature","field2":"Outdoor Temperature","created_at":"2018-09-23T15:37:52-07:00","updated_at":"2020-07-27T05:59:41-07:00","last_entry_id":381417},"feeds":[{"created_at":"2025-11-18T00:01:41-08:00","entry_id":381136,"field1":"8.125","field2":"7.6875"},{"created_at":"2025-11-18T00:11:17-08:00","entry_id":381137,"field1":"8.125","field2":"7.6875"},{"created_at":"2025-11-18T00:20:55-08:00","entry_id":381138,"field1":"8.125","field2":"7.625"},{"created_at":"2025-11-18T00:30:32-08:00","entry_id":381139,"field1":"8.125","field2":"7.6875"},{"created_at":"2025-11-18T00:40:10-08:00","entry_id":381140,"field1":"8.125","field2":"7.625"},{"created_at":"2025-11-18T00:49:46-08:00","entry_id":381141,"field1":"8.125","field2":"7.6875"},{"created_at":"2025-11-18T00:59:24-08:00","entry_id":381142,"field1":"8.125","field2":"7.625"},{"created_at":"2025-11-18T01:09:01-08:00","entry_id":381143,"field1":"8.125","field2":"7.625"},{"created_at":"2025-11-18T01:18:37-08:00","entry_id":381144,"field1":"8.125","field2":"7.5625"},{"created_at":"2025-11-18T01:28:13-08:00","entry_id":381145,"field1":"8.125","field2":"7.625"},{"created_at":"2025-11-18T01:37:52-08:00","entry_id":381146,"field1":"8.125","field2":"7.5625"},{"created_at":"2025-11-18T01:47:29-08:00","entry_id":381147,"field1":"8.125","field2":"7.5625"},{"created_at":"2025-11-18T01:57:07-08:00","entry_id":381148,"field1":"8.125","field2":"7.625"},{"created_at":"2025-11-18T02:06:44-08:00","entry_id":381149,"field1":"8.125","field2":"7.625"},{"created_at":"2025-11-18T02:16:20-08:00","entry_id":381150,"field1":"8.125","field2":"7.625"},{"created_at":"2025-11-18T02:25:58-08:00","entry_id":381151,"field1":"8.125","field2":"7.5625"},{"created_at":"2025-11-18T02:35:35-08:00","entry_id":381152,"field1":"8.125","field2":"7.5625"},{"created_at":"2025-11-18T02:45:12-08:00","entry_id":381153,"field1":"8.125","field2":"7.625"},{"created_at":"2025-11-18T02:54:48-08:00","entry_id":381154,"field1":"8.125","field2":"7.625"},{"created_at":"2025-11-18T03:04:25-08:00","entry_id":381155,"field1":"8.125","field2":"7.8125"},{"created_at":"2025-11-18T03:14:01-08:00","entry_id":381156,"field1":"8.125","field2":"7.8125"},{"created_at":"2025-11-18T03:23:38-08:00","entry_id":381157,"field1":"8.125","field2":"7.6875"},{"created_at":"2025-11-18T03:33:16-08:00","entry_id":381158,"field1":"8.125","field2":"7.5625"},{"created_at":"2025-11-18T03:42:52-08:00","entry_id":381159,"field1":"8.125","field2":"7.5"},{"created_at":"2025-11-18T03:52:28-08:00","entry_id":381160,"field1":"8.125","field2":"7.4375"},{"created_at":"2025-11-18T04:02:05-08:00","entry_id":381161,"field1":"8.125","field2":"7.25"},{"created_at":"2025-11-18T04:11:41-08:00","entry_id":381162,"field1":"8.125","field2":"7.1875"},{"created_at":"2025-11-18T04:21:18-08:00","entry_id":381163,"field1":"8.125","field2":"7"},{"created_at":"2025-11-18T04:30:54-08:00","entry_id":381164,"field1":"8.125","field2":"6.9375"},{"created_at":"2025-11-18T04:40:31-08:00","entry_id":381165,"field1":"8.125","field2":"6.875"},{"created_at":"2025-11-18T04:50:07-08:00","entry_id":381166,"field1":"8.125","field2":"6.75"},{"created_at":"2025-11-18T04:59:45-08:00","entry_id":381167,"field1":"8.0625","field2":"6.625"},{"created_at":"2025-11-18T05:09:22-08:00","entry_id":381168,"field1":"8.125","field2":"6.625"},{"created_at":"2025-11-18T05:19:00-08:00","entry_id":381169,"field1":"8.0625","field2":"6.5"},{"created_at":"2025-11-18T05:28:36-08:00","entry_id":381170,"field1":"8.0625","field2":"6.4375"},{"created_at":"2025-11-18T05:38:14-08:00","entry_id":381171,"field1":"8.0625","field2":"6.375"},{"created_at":"2025-11-18T05:47:49-08:00","entry_id":381172,"field1":"8.0625","field2":"6.25"},{"created_at":"2025-11-18T05:57:27-08:00","entry_id":381173,"field1":"8.0625","field2":"6.25"},{"created_at":"2025-11-18T06:07:05-08:00","entry_id":381174,"field1":"8.0625","field2":"6.1875"},{"created_at":"2025-11-18T06:16:42-08:00","entry_id":381175,"field1":"8.0625","field2":"6.1875"},{"created_at":"2025-11-18T06:26:18-08:00","entry_id":381176,"field1":"8.0625","field2":"6.125"},{"created_at":"2025-11-18T06:35:55-08:00","entry_id":381177,"field1":"8.0625","field2":"6"},{"created_at":"2025-11-18T06:45:33-08:00","entry_id":381178,"field1":"8.0625","field2":"6.0625"},{"created_at":"2025-11-18T06:55:08-08:00","entry_id":381179,"field1":"8","field2":"6"},{"created_at":"2025-11-18T07:04:46-08:00","entry_id":381180,"field1":"8","field2":"5.9375"},{"created_at":"2025-11-18T07:14:22-08:00","entry_id":381181,"field1":"8","field2":"5.875"},{"created_at":"2025-11-18T07:24:00-08:00","entry_id":381182,"field1":"8","field2":"5.875"},{"created_at":"2025-11-18T07:33:36-08:00","entry_id":381183,"field1":"8","field2":"5.875"},{"created_at":"2025-11-18T07:43:14-08:00","entry_id":381184,"field1":"8","field2":"5.8125"},{"created_at":"2025-11-18T07:52:49-08:00","entry_id":381185,"field1":"7.9375","field2":"5.8125"},{"created_at":"2025-11-18T08:02:28-08:00","entry_id":381186,"field1":"7.9375","field2":"5.8125"},{"created_at":"2025-11-18T08:12:05-08:00","entry_id":381187,"field1":"7.9375","field2":"5.8125"},{"created_at":"2025-11-18T08:21:42-08:00","entry_id":381188,"field1":"7.9375","field2":"5.75"},{"created_at":"2025-11-18T08:31:17-08:00","entry_id":381189,"field1":"7.9375","field2":"5.75"},{"created_at":"2025-11-18T08:40:54-08:00","entry_id":381190,"field1":"7.9375","field2":"5.75"},{"created_at":"2025-11-18T08:50:32-08:00","entry_id":381191,"field1":"7.9375","field2":"5.8125"},{"created_at":"2025-11-18T09:00:09-08:00","entry_id":381192,"field1":"7.875","field2":"6"},{"created_at":"2025-11-18T09:09:44-08:00","entry_id":381193,"field1":"7.875","field2":"6.125"},{"created_at":"2025-11-18T09:19:20-08:00","entry_id":381194,"field1":"7.875","field2":"6.25"},{"created_at":"2025-11-18T09:28:58-08:00","entry_id":381195,"field1":"7.875","field2":"6.3125"},{"created_at":"2025-11-18T09:38:34-08:00","entry_id":381196,"field1":"7.875","field2":"6.375"},{"created_at":"2025-11-18T09:48:12-08:00","entry_id":381197,"field1":"7.875","field2":"6.4375"},{"created_at":"2025-11-18T09:57:49-08:00","entry_id":381198,"field1":"7.875","field2":"6.4375"},{"created_at":"2025-11-18T10:07:25-08:00","entry_id":381199,"field1":"7.875","field2":"6.5625"},{"created_at":"2025-11-18T10:17:02-08:00","entry_id":381200,"field1":"7.875","field2":"6.6875"},{"created_at":"2025-11-18T10:26:40-08:00","entry_id":381201,"field1":"7.875","field2":"6.6875"},{"created_at":"2025-11-18T10:36:18-08:00","entry_id":381202,"field1":"7.875","field2":"6.5625"},{"created_at":"2025-11-18T10:45:55-08:00","entry_id":381203,"field1":"7.875","field2":"6.5"},{"created_at":"2025-11-18T10:55:33-08:00","entry_id":381204,"field1":"7.875","field2":"6.5"},{"created_at":"2025-11-18T11:05:09-08:00","entry_id":381205,"field1":"7.875","field2":"6.5625"},{"created_at":"2025-11-18T11:14:45-08:00","entry_id":381206,"field1":"7.875","field2":"6.5625"},{"created_at":"2025-11-18T11:24:22-08:00","entry_id":381207,"field1":"7.875","field2":"6.625"},{"created_at":"2025-11-18T11:34:00-08:00","entry_id":381208,"field1":"7.875","field2":"6.625"},{"created_at":"2025-11-18T11:43:35-08:00","entry_id":381209,"field1":"7.875","field2":"6.6875"},{"created_at":"2025-11-18T11:53:14-08:00","entry_id":381210,"field1":"7.875","field2":"6.8125"},{"created_at":"2025-11-18T12:02:51-08:00","entry_id":381211,"field1":"7.875","field2":"6.625"},{"created_at":"2025-11-18T12:12:29-08:00","entry_id":381212,"field1":"7.875","field2":"6.5625"},{"created_at":"2025-11-18T12:22:06-08:00","entry_id":381213,"field1":"7.875","field2":"6.5"},{"created_at":"2025-11-18T12:31:41-08:00","entry_id":381214,"field1":"7.875","field2":"6.4375"},{"created_at":"2025-11-18T12:41:20-08:00","entry_id":381215,"field1":"7.875","field2":"6.5625"},{"created_at":"2025-11-18T12:50:57-08:00","entry_id":381216,"field1":"7.875","field2":"6.5625"},{"created_at":"2025-11-18T13:00:32-08:00","entry_id":381217,"field1":"7.875","field2":"6.5"},{"created_at":"2025-11-18T13:10:11-08:00","entry_id":381218,"field1":"7.875","field2":"6.4375"},{"created_at":"2025-11-18T13:19:48-08:00","entry_id":381219,"field1":"7.875","field2":"6.375"},{"created_at":"2025-11-18T13:29:24-08:00","entry_id":381220,"field1":"7.875","field2":"6.375"},{"created_at":"2025-11-18T13:39:02-08:00","entry_id":381221,"field1":"7.875","field2":"6.3125"},{"created_at":"2025-11-18T13:48:39-08:00","entry_id":381222,"field1":"7.875","field2":"6.3125"},{"created_at":"2025-11-18T13:58:14-08:00","entry_id":381223,"field1":"7.875","field2":"6.1875"},{"created_at":"2025-11-18T14:07:51-08:00","entry_id":381224,"field1":"7.875","field2":"6.125"},{"created_at":"2025-11-18T14:17:28-08:00","entry_id":381225,"field1":"7.8125","field2":"6"},{"created_at":"2025-11-18T14:27:06-08:00","entry_id":381226,"field1":"7.8125","field2":"5.9375"},{"created_at":"2025-11-18T14:36:41-08:00","entry_id":381227,"field1":"7.8125","field2":"5.8125"},{"created_at":"2025-11-18T14:46:18-08:00","entry_id":381228,"field1":"7.8125","field2":"5.875"},{"created_at":"2025-11-18T14:55:56-08:00","entry_id":381229,"field1":"7.8125","field2":"5.8125"},{"created_at":"2025-11-18T15:05:31-08:00","entry_id":381230,"field1":"7.8125","field2":"5.8125"},{"created_at":"2025-11-18T15:15:09-08:00","entry_id":381231,"field1":"7.8125","field2":"5.8125"},{"created_at":"2025-11-18T15:24:45-08:00","entry_id":381232,"field1":"7.75","field2":"5.75"},{"created_at":"2025-11-18T15:34:22-08:00","entry_id":381233,"field1":"7.75","field2":"5.75"},{"created_at":"2025-11-18T15:43:58-08:00","entry_id":381234,"field1":"7.75","field2":"5.6875"},{"created_at":"2025-11-18T15:53:36-08:00","entry_id":381235,"field1":"7.75","field2":"5.6875"},{"created_at":"2025-11-18T16:03:13-08:00","entry_id":381236,"field1":"7.75","field2":"5.625"},{"created_at":"2025-11-18T16:12:49-08:00","entry_id":381237,"field1":"7.75","field2":"5.5"},{"created_at":"2025-11-18T16:22:27-08:00","entry_id":381238,"field1":"7.75","field2":"5.4375"},{"created_at":"2025-11-18T16:32:04-08:00","entry_id":381239,"field1":"7.6875","field2":"5.375"},{"created_at":"2025-11-18T16:41:40-08:00","entry_id":381240,"field1":"7.6875","field2":"5.3125"},{"created_at":"2025-11-18T16:51:18-08:00","entry_id":381241,"field1":"7.6875","field2":"5.25"},{"created_at":"2025-11-18T17:00:56-08:00","entry_id":381242,"field1":"7.6875","field2":"5.4375"},{"created_at":"2025-11-18T17:10:32-08:00","entry_id":381243,"field1":"7.6875","field2":"5.25"},{"created_at":"2025-11-18T17:20:08-08:00","entry_id":381244,"field1":"7.6875","field2":"5.25"},{"created_at":"2025-11-18T17:29:46-08:00","entry_id":381245,"field1":"7.625","field2":"5.25"},{"created_at":"2025-11-18T17:39:23-08:00","entry_id":381246,"field1":"7.625","field2":"5.125"},{"created_at":"2025-11-18T17:48:58-08:00","entry_id":381247,"field1":"7.625","field2":"5.125"},{"created_at":"2025-11-18T17:58:36-08:00","entry_id":381248,"field1":"7.625","field2":"4.9375"},{"created_at":"2025-11-18T18:08:14-08:00","entry_id":381249,"field1":"7.625","field2":"4.875"},{"created_at":"2025-11-18T18:17:49-08:00","entry_id":381250,"field1":"7.5625","field2":"4.9375"},{"created_at":"2025-11-18T18:27:26-08:00","entry_id":381251,"field1":"7.5625","field2":"4.875"},{"created_at":"2025-11-18T18:37:04-08:00","entry_id":381252,"field1":"7.5625","field2":"4.75"},{"created_at":"2025-11-18T18:46:39-08:00","entry_id":381253,"field1":"7.5625","field2":"4.5"},{"created_at":"2025-11-18T18:56:16-08:00","entry_id":381254,"field1":"7.5","field2":"4.625"},{"created_at":"2025-11-18T19:05:52-08:00","entry_id":381255,"field1":"7.5","field2":"4.4375"},{"created_at":"2025-11-18T19:15:30-08:00","entry_id":381256,"field1":"7.5","field2":"4.375"},{"created_at":"2025-11-18T19:25:07-08:00","entry_id":381257,"field1":"7.5","field2":"4.3125"},{"created_at":"2025-11-18T19:34:44-08:00","entry_id":381258,"field1":"7.4375","field2":"4.3125"},{"created_at":"2025-11-18T19:44:22-08:00","entry_id":381259,"field1":"7.4375","field2":"4.1875"},{"created_at":"2025-11-18T19:53:58-08:00","entry_id":381260,"field1":"7.4375","field2":"4.25"},{"created_at":"2025-11-18T20:03:35-08:00","entry_id":381261,"field1":"7.4375","field2":"4.25"},{"created_at":"2025-11-18T20:13:11-08:00","entry_id":381262,"field1":"7.4375","field2":"4.3125"},{"created_at":"2025-11-18T20:22:48-08:00","entry_id":381263,"field1":"7.375","field2":"4.375"},{"created_at":"2025-11-18T20:32:25-08:00","entry_id":381264,"field1":"7.375","field2":"4.375"},{"created_at":"2025-11-18T20:42:03-08:00","entry_id":381265,"field1":"7.375","field2":"4.3125"},{"created_at":"2025-11-18T20:51:40-08:00","entry_id":381266,"field1":"7.375","field2":"4.3125"},{"created_at":"2025-11-18T21:01:16-08:00","entry_id":381267,"field1":"7.3125","field2":"4.25"},{"created_at":"2025-11-18T21:10:53-08:00","entry_id":381268,"field1":"7.3125","field2":"4.3125"},{"created_at":"2025-11-18T21:20:29-08:00","entry_id":381269,"field1":"7.3125","field2":"4.375"},{"created_at":"2025-11-18T21:30:06-08:00","entry_id":381270,"field1":"7.3125","field2":"4.3125"},{"created_at":"2025-11-18T21:39:42-08:00","entry_id":381271,"field1":"7.25","field2":"4.25"},{"created_at":"2025-11-18T21:49:19-08:00","entry_id":381272,"field1":"7.25","field2":"4.1875"},{"created_at":"2025-11-18T21:58:57-08:00","entry_id":381273,"field1":"7.25","field2":"4.1875"},{"created_at":"2025-11-18T22:08:33-08:00","entry_id":381274,"field1":"7.1875","field2":"4.0625"},{"created_at":"2025-11-18T22:18:09-08:00","entry_id":381275,"field1":"7.1875","field2":"4.125"},{"created_at":"2025-11-18T22:27:45-08:00","entry_id":381276,"field1":"7.1875","field2":"4.1875"},{"created_at":"2025-11-18T22:37:21-08:00","entry_id":381277,"field1":"7.1875","field2":"4.125"},{"created_at":"2025-11-18T22:47:00-08:00","entry_id":381278,"field1":"7.1875","field2":"4.125"},{"created_at":"2025-11-18T22:56:37-08:00","entry_id":381279,"field1":"7.1875","field2":"4.125"},{"created_at":"2025-11-18T23:06:13-08:00","entry_id":381280,"field1":"7.125","field2":"4.0625"},{"created_at":"2025-11-18T23:15:51-08:00","entry_id":381281,"field1":"7.125","field2":"4.0625"},{"created_at":"2025-11-18T23:25:27-08:00","entry_id":381282,"field1":"7.125","field2":"4.0625"},{"created_at":"2025-11-18T23:35:03-08:00","entry_id":381283,"field1":"7.125","field2":"4.0625"},{"created_at":"2025-11-18T23:44:41-08:00","entry_id":381284,"field1":"7.0625","field2":"4"},{"created_at":"2025-11-18T23:54:17-08:00","entry_id":381285,"field1":"7.0625","field2":"4"}]}