{"channel":{"id":581842,"name":"Upstairs Small Window Indoor / Outdoor Sensor","latitude":"0.0","longitude":"0.0","field1":"Indoor Temperature","field2":"Outdoor Temperature","created_at":"2018-09-23T15:37:52-07:00","updated_at":"2020-07-27T05:59:41-07:00","last_entry_id":150128},"feeds":[{"created_at":"2019-03-21T00:00:44-07:00","entry_id":25069,"field1":"3.875","field2":"0.9375"},{"created_at":"2019-03-21T00:10:23-07:00","entry_id":25070,"field1":"3.8125","field2":"1.0625"},{"created_at":"2019-03-21T00:20:01-07:00","entry_id":25071,"field1":"3.8125","field2":"1"},{"created_at":"2019-03-21T00:29:39-07:00","entry_id":25072,"field1":"3.8125","field2":"1.0625"},{"created_at":"2019-03-21T00:39:16-07:00","entry_id":25073,"field1":"3.8125","field2":"0.75"},{"created_at":"2019-03-21T00:48:53-07:00","entry_id":25074,"field1":"3.75","field2":"0.625"},{"created_at":"2019-03-21T00:58:31-07:00","entry_id":25075,"field1":"3.75","field2":"0.5"},{"created_at":"2019-03-21T01:08:08-07:00","entry_id":25076,"field1":"3.6875","field2":"0.4375"},{"created_at":"2019-03-21T01:17:45-07:00","entry_id":25077,"field1":"3.6875","field2":"0.5"},{"created_at":"2019-03-21T01:27:22-07:00","entry_id":25078,"field1":"3.6875","field2":"0.5"},{"created_at":"2019-03-21T01:36:59-07:00","entry_id":25079,"field1":"3.6875","field2":"0.5625"},{"created_at":"2019-03-21T01:46:36-07:00","entry_id":25080,"field1":"3.625","field2":"0.5"},{"created_at":"2019-03-21T01:56:15-07:00","entry_id":25081,"field1":"3.625","field2":"0.4375"},{"created_at":"2019-03-21T02:05:51-07:00","entry_id":25082,"field1":"3.625","field2":"0.375"},{"created_at":"2019-03-21T02:15:28-07:00","entry_id":25083,"field1":"3.5625","field2":"0.1875"},{"created_at":"2019-03-21T02:25:06-07:00","entry_id":25084,"field1":"3.5625","field2":"0.0625"},{"created_at":"2019-03-21T02:34:43-07:00","entry_id":25085,"field1":"3.5","field2":"0"},{"created_at":"2019-03-21T02:44:21-07:00","entry_id":25086,"field1":"3.5","field2":"0"},{"created_at":"2019-03-21T02:54:13-07:00","entry_id":25087,"field1":"3.5","field2":"-0.125"},{"created_at":"2019-03-21T03:03:44-07:00","entry_id":25088,"field1":"3.5","field2":"-0.125"},{"created_at":"2019-03-21T03:13:21-07:00","entry_id":25089,"field1":"3.4375","field2":"-0.0625"},{"created_at":"2019-03-21T03:22:58-07:00","entry_id":25090,"field1":"3.4375","field2":"-0.1875"},{"created_at":"2019-03-21T03:32:34-07:00","entry_id":25091,"field1":"3.375","field2":"-0.125"},{"created_at":"2019-03-21T03:42:12-07:00","entry_id":25092,"field1":"3.375","field2":"-0.1875"},{"created_at":"2019-03-21T03:51:50-07:00","entry_id":25093,"field1":"3.375","field2":"-0.3125"},{"created_at":"2019-03-21T04:01:26-07:00","entry_id":25094,"field1":"3.375","field2":"-0.4375"},{"created_at":"2019-03-21T04:11:04-07:00","entry_id":25095,"field1":"3.3125","field2":"-0.5"},{"created_at":"2019-03-21T04:20:40-07:00","entry_id":25096,"field1":"3.3125","field2":"-0.4375"},{"created_at":"2019-03-21T04:30:17-07:00","entry_id":25097,"field1":"3.3125","field2":"-0.4375"},{"created_at":"2019-03-21T04:39:54-07:00","entry_id":25098,"field1":"3.25","field2":"-0.5"},{"created_at":"2019-03-21T04:49:32-07:00","entry_id":25099,"field1":"3.25","field2":"-0.625"},{"created_at":"2019-03-21T04:59:09-07:00","entry_id":25100,"field1":"3.25","field2":"-0.6875"},{"created_at":"2019-03-21T05:08:46-07:00","entry_id":25101,"field1":"3.1875","field2":"-0.6875"},{"created_at":"2019-03-21T05:18:22-07:00","entry_id":25102,"field1":"3.1875","field2":"-0.75"},{"created_at":"2019-03-21T05:27:59-07:00","entry_id":25103,"field1":"3.1875","field2":"-0.875"},{"created_at":"2019-03-21T05:37:36-07:00","entry_id":25104,"field1":"3.125","field2":"-0.9375"},{"created_at":"2019-03-21T05:47:15-07:00","entry_id":25105,"field1":"3.125","field2":"-0.9375"},{"created_at":"2019-03-21T05:56:51-07:00","entry_id":25106,"field1":"3.125","field2":"-1"},{"created_at":"2019-03-21T06:06:29-07:00","entry_id":25107,"field1":"3.0625","field2":"-1.0625"},{"created_at":"2019-03-21T06:16:06-07:00","entry_id":25108,"field1":"3.0625","field2":"-1.1875"},{"created_at":"2019-03-21T06:25:43-07:00","entry_id":25109,"field1":"3","field2":"-1.25"},{"created_at":"2019-03-21T06:35:21-07:00","entry_id":25110,"field1":"3","field2":"-1.1875"},{"created_at":"2019-03-21T06:44:58-07:00","entry_id":25111,"field1":"3","field2":"-1.25"},{"created_at":"2019-03-21T06:54:35-07:00","entry_id":25112,"field1":"3","field2":"-1.125"},{"created_at":"2019-03-21T07:04:12-07:00","entry_id":25113,"field1":"2.9375","field2":"-1.125"},{"created_at":"2019-03-21T07:13:49-07:00","entry_id":25114,"field1":"2.9375","field2":"-1.1875"},{"created_at":"2019-03-21T07:23:26-07:00","entry_id":25115,"field1":"2.9375","field2":"-1.125"},{"created_at":"2019-03-21T07:33:03-07:00","entry_id":25116,"field1":"2.875","field2":"-1.0625"},{"created_at":"2019-03-21T07:42:40-07:00","entry_id":25117,"field1":"2.875","field2":"-1.0625"},{"created_at":"2019-03-21T07:52:16-07:00","entry_id":25118,"field1":"2.875","field2":"-1"},{"created_at":"2019-03-21T08:01:53-07:00","entry_id":25119,"field1":"2.875","field2":"-0.9375"},{"created_at":"2019-03-21T08:11:31-07:00","entry_id":25120,"field1":"2.875","field2":"-1"},{"created_at":"2019-03-21T08:21:07-07:00","entry_id":25121,"field1":"3","field2":"0.375"},{"created_at":"2019-03-21T08:30:44-07:00","entry_id":25122,"field1":"3.1875","field2":"0.3125"},{"created_at":"2019-03-21T08:40:21-07:00","entry_id":25123,"field1":"3.375","field2":"1.0625"},{"created_at":"2019-03-21T08:49:59-07:00","entry_id":25124,"field1":"3.6875","field2":"0.9375"},{"created_at":"2019-03-21T08:59:36-07:00","entry_id":25125,"field1":"4.125","field2":"1.0625"},{"created_at":"2019-03-21T09:09:14-07:00","entry_id":25126,"field1":"4.625","field2":"3.75"},{"created_at":"2019-03-21T09:18:51-07:00","entry_id":25127,"field1":"5","field2":"3.6875"},{"created_at":"2019-03-21T09:28:27-07:00","entry_id":25128,"field1":"5.3125","field2":"3.8125"},{"created_at":"2019-03-21T09:38:04-07:00","entry_id":25129,"field1":"5.5","field2":"2.125"},{"created_at":"2019-03-21T09:47:41-07:00","entry_id":25130,"field1":"5.5","field2":"1.625"},{"created_at":"2019-03-21T09:57:17-07:00","entry_id":25131,"field1":"5.875","field2":"2.0625"},{"created_at":"2019-03-21T10:06:55-07:00","entry_id":25132,"field1":"6.25","field2":"1.5625"},{"created_at":"2019-03-21T10:16:32-07:00","entry_id":25133,"field1":"6.625","field2":"1.6875"},{"created_at":"2019-03-21T10:26:09-07:00","entry_id":25134,"field1":"6.75","field2":"1.8125"},{"created_at":"2019-03-21T10:35:47-07:00","entry_id":25135,"field1":"6.9375","field2":"1.6875"},{"created_at":"2019-03-21T10:45:27-07:00","entry_id":25136,"field1":"6.8125","field2":"1.9375"},{"created_at":"2019-03-21T10:55:03-07:00","entry_id":25137,"field1":"6.6875","field2":"2.25"},{"created_at":"2019-03-21T11:04:41-07:00","entry_id":25138,"field1":"6.5","field2":"2.625"},{"created_at":"2019-03-21T11:14:17-07:00","entry_id":25139,"field1":"6.625","field2":"3.1875"},{"created_at":"2019-03-21T11:23:55-07:00","entry_id":25140,"field1":"6.6875","field2":"2.75"},{"created_at":"2019-03-21T11:33:33-07:00","entry_id":25141,"field1":"7.125","field2":"3.875"},{"created_at":"2019-03-21T11:43:11-07:00","entry_id":25142,"field1":"7.3125","field2":"4.5625"},{"created_at":"2019-03-21T11:52:49-07:00","entry_id":25143,"field1":"7.3125","field2":"3.8125"},{"created_at":"2019-03-21T12:02:26-07:00","entry_id":25144,"field1":"6.9375","field2":"3.6875"},{"created_at":"2019-03-21T12:12:04-07:00","entry_id":25145,"field1":"7.0625","field2":"3.6875"},{"created_at":"2019-03-21T12:21:41-07:00","entry_id":25146,"field1":"7.125","field2":"3.5625"},{"created_at":"2019-03-21T12:31:18-07:00","entry_id":25147,"field1":"7.0625","field2":"3.75"},{"created_at":"2019-03-21T12:40:57-07:00","entry_id":25148,"field1":"7.0625","field2":"4.3125"},{"created_at":"2019-03-21T12:50:34-07:00","entry_id":25149,"field1":"7.0625","field2":"5.0625"},{"created_at":"2019-03-21T13:00:11-07:00","entry_id":25150,"field1":"6.9375","field2":"3.9375"},{"created_at":"2019-03-21T13:09:49-07:00","entry_id":25151,"field1":"6.625","field2":"3.4375"},{"created_at":"2019-03-21T13:19:26-07:00","entry_id":25152,"field1":"6.75","field2":"4.3125"},{"created_at":"2019-03-21T13:29:04-07:00","entry_id":25153,"field1":"6.8125","field2":"5.25"},{"created_at":"2019-03-21T13:38:42-07:00","entry_id":25154,"field1":"6.75","field2":"6.375"},{"created_at":"2019-03-21T13:48:20-07:00","entry_id":25155,"field1":"6.75","field2":"5.75"},{"created_at":"2019-03-21T13:57:57-07:00","entry_id":25156,"field1":"6.6875","field2":"4.1875"},{"created_at":"2019-03-21T14:07:34-07:00","entry_id":25157,"field1":"6.625","field2":"4.3125"},{"created_at":"2019-03-21T14:17:11-07:00","entry_id":25158,"field1":"6.625","field2":"4.875"},{"created_at":"2019-03-21T14:26:47-07:00","entry_id":25159,"field1":"6.5625","field2":"5.75"},{"created_at":"2019-03-21T14:36:25-07:00","entry_id":25160,"field1":"6.5","field2":"5.75"},{"created_at":"2019-03-21T14:46:02-07:00","entry_id":25161,"field1":"6.4375","field2":"5.25"},{"created_at":"2019-03-21T14:55:39-07:00","entry_id":25162,"field1":"6.4375","field2":"5.6875"},{"created_at":"2019-03-21T15:05:16-07:00","entry_id":25163,"field1":"6.375","field2":"5.3125"},{"created_at":"2019-03-21T15:14:54-07:00","entry_id":25164,"field1":"6.3125","field2":"5.5625"},{"created_at":"2019-03-21T15:24:30-07:00","entry_id":25165,"field1":"6.3125","field2":"4.875"},{"created_at":"2019-03-21T15:34:07-07:00","entry_id":25166,"field1":"6.25","field2":"4.875"},{"created_at":"2019-03-21T15:43:45-07:00","entry_id":25167,"field1":"6.25","field2":"5.0625"},{"created_at":"2019-03-21T15:53:22-07:00","entry_id":25168,"field1":"6.1875","field2":"5.25"},{"created_at":"2019-03-21T16:02:59-07:00","entry_id":25169,"field1":"6.125","field2":"5.125"},{"created_at":"2019-03-21T16:12:36-07:00","entry_id":25170,"field1":"6.125","field2":"4.9375"},{"created_at":"2019-03-21T16:22:14-07:00","entry_id":25171,"field1":"6.125","field2":"4.875"},{"created_at":"2019-03-21T16:31:50-07:00","entry_id":25172,"field1":"6.0625","field2":"4.625"},{"created_at":"2019-03-21T16:41:29-07:00","entry_id":25173,"field1":"6","field2":"4.75"},{"created_at":"2019-03-21T16:51:05-07:00","entry_id":25174,"field1":"6","field2":"4.6875"},{"created_at":"2019-03-21T17:00:42-07:00","entry_id":25175,"field1":"6","field2":"4.5"},{"created_at":"2019-03-21T17:10:20-07:00","entry_id":25176,"field1":"5.9375","field2":"4.5"},{"created_at":"2019-03-21T17:19:58-07:00","entry_id":25177,"field1":"5.875","field2":"4.625"},{"created_at":"2019-03-21T17:29:35-07:00","entry_id":25178,"field1":"5.875","field2":"4.75"},{"created_at":"2019-03-21T17:39:12-07:00","entry_id":25179,"field1":"5.8125","field2":"4.6875"},{"created_at":"2019-03-21T17:48:49-07:00","entry_id":25180,"field1":"5.75","field2":"4.5625"},{"created_at":"2019-03-21T17:58:26-07:00","entry_id":25181,"field1":"5.75","field2":"4.5625"},{"created_at":"2019-03-21T18:08:03-07:00","entry_id":25182,"field1":"5.75","field2":"4.5625"},{"created_at":"2019-03-21T18:17:41-07:00","entry_id":25183,"field1":"5.6875","field2":"4.125"},{"created_at":"2019-03-21T18:27:18-07:00","entry_id":25184,"field1":"5.6875","field2":"4"},{"created_at":"2019-03-21T18:36:55-07:00","entry_id":25185,"field1":"5.625","field2":"4.375"},{"created_at":"2019-03-21T18:46:32-07:00","entry_id":25186,"field1":"5.625","field2":"4.4375"},{"created_at":"2019-03-21T18:56:10-07:00","entry_id":25187,"field1":"5.5625","field2":"4.0625"},{"created_at":"2019-03-21T19:05:47-07:00","entry_id":25188,"field1":"5.5625","field2":"3.8125"},{"created_at":"2019-03-21T19:15:24-07:00","entry_id":25189,"field1":"5.5625","field2":"3.6875"},{"created_at":"2019-03-21T19:25:02-07:00","entry_id":25190,"field1":"5.5625","field2":"3.625"},{"created_at":"2019-03-21T19:34:40-07:00","entry_id":25191,"field1":"5.5","field2":"3.625"},{"created_at":"2019-03-21T19:44:16-07:00","entry_id":25192,"field1":"5.4375","field2":"3.4375"},{"created_at":"2019-03-21T19:53:54-07:00","entry_id":25193,"field1":"5.4375","field2":"3.5625"},{"created_at":"2019-03-21T20:03:31-07:00","entry_id":25194,"field1":"5.4375","field2":"3.125"},{"created_at":"2019-03-21T20:13:08-07:00","entry_id":25195,"field1":"5.4375","field2":"3"},{"created_at":"2019-03-21T20:22:46-07:00","entry_id":25196,"field1":"5.4375","field2":"2.875"},{"created_at":"2019-03-21T20:32:24-07:00","entry_id":25197,"field1":"5.375","field2":"2.875"},{"created_at":"2019-03-21T20:42:00-07:00","entry_id":25198,"field1":"5.375","field2":"2.875"},{"created_at":"2019-03-21T20:51:37-07:00","entry_id":25199,"field1":"5.3125","field2":"2.75"},{"created_at":"2019-03-21T21:01:14-07:00","entry_id":25200,"field1":"5.3125","field2":"2.6875"},{"created_at":"2019-03-21T21:10:51-07:00","entry_id":25201,"field1":"5.25","field2":"2.4375"},{"created_at":"2019-03-21T21:20:28-07:00","entry_id":25202,"field1":"5.1875","field2":"2.25"},{"created_at":"2019-03-21T21:30:07-07:00","entry_id":25203,"field1":"5.1875","field2":"2.25"},{"created_at":"2019-03-21T21:39:43-07:00","entry_id":25204,"field1":"5.1875","field2":"2.1875"},{"created_at":"2019-03-21T21:49:20-07:00","entry_id":25205,"field1":"5.125","field2":"2.25"},{"created_at":"2019-03-21T21:58:57-07:00","entry_id":25206,"field1":"5.125","field2":"2.0625"},{"created_at":"2019-03-21T22:08:34-07:00","entry_id":25207,"field1":"5.0625","field2":"2"},{"created_at":"2019-03-21T22:18:11-07:00","entry_id":25208,"field1":"5.0625","field2":"1.625"},{"created_at":"2019-03-21T22:27:48-07:00","entry_id":25209,"field1":"5","field2":"1.9375"},{"created_at":"2019-03-21T22:37:25-07:00","entry_id":25210,"field1":"5","field2":"1.625"},{"created_at":"2019-03-21T22:47:02-07:00","entry_id":25211,"field1":"4.9375","field2":"1.375"},{"created_at":"2019-03-21T22:56:39-07:00","entry_id":25212,"field1":"4.9375","field2":"1.375"},{"created_at":"2019-03-21T23:06:16-07:00","entry_id":25213,"field1":"4.9375","field2":"1.3125"},{"created_at":"2019-03-21T23:15:53-07:00","entry_id":25214,"field1":"4.875","field2":"1.25"},{"created_at":"2019-03-21T23:25:30-07:00","entry_id":25215,"field1":"4.875","field2":"1.3125"},{"created_at":"2019-03-21T23:35:07-07:00","entry_id":25216,"field1":"4.8125","field2":"1.3125"},{"created_at":"2019-03-21T23:44:44-07:00","entry_id":25217,"field1":"4.8125","field2":"1.25"},{"created_at":"2019-03-21T23:54:21-07:00","entry_id":25218,"field1":"4.75","field2":"1"}]}