{"channel":{"id":581842,"name":"Upstairs Small Window Indoor / Outdoor Sensor","latitude":"0.0","longitude":"0.0","field1":"Indoor Temperature","field2":"Outdoor Temperature","created_at":"2018-09-23T15:37:52-07:00","updated_at":"2020-07-27T05:59:41-07:00","last_entry_id":150128},"feeds":[{"created_at":"2019-01-18T00:01:35-08:00","entry_id":15823,"field1":"-1.1875","field2":"-0.625"},{"created_at":"2019-01-18T00:11:16-08:00","entry_id":15824,"field1":"-1.1875","field2":"-0.625"},{"created_at":"2019-01-18T00:20:51-08:00","entry_id":15825,"field1":"-1.1875","field2":"-0.625"},{"created_at":"2019-01-18T00:30:28-08:00","entry_id":15826,"field1":"-1.125","field2":"-0.5625"},{"created_at":"2019-01-18T00:40:05-08:00","entry_id":15827,"field1":"-1.1875","field2":"-0.5625"},{"created_at":"2019-01-18T00:49:42-08:00","entry_id":15828,"field1":"-1.125","field2":"-0.5"},{"created_at":"2019-01-18T00:59:18-08:00","entry_id":15829,"field1":"-1.125","field2":"-0.5"},{"created_at":"2019-01-18T01:08:55-08:00","entry_id":15830,"field1":"-1.125","field2":"-0.5"},{"created_at":"2019-01-18T01:18:32-08:00","entry_id":15831,"field1":"-1.125","field2":"-0.5"},{"created_at":"2019-01-18T01:28:08-08:00","entry_id":15832,"field1":"-1.125","field2":"-0.5"},{"created_at":"2019-01-18T01:37:45-08:00","entry_id":15833,"field1":"-1.125","field2":"-0.4375"},{"created_at":"2019-01-18T01:47:22-08:00","entry_id":15834,"field1":"-1.0625","field2":"-0.4375"},{"created_at":"2019-01-18T01:57:00-08:00","entry_id":15835,"field1":"-1.0625","field2":"-0.4375"},{"created_at":"2019-01-18T02:06:36-08:00","entry_id":15836,"field1":"-1.0625","field2":"-0.5"},{"created_at":"2019-01-18T02:16:13-08:00","entry_id":15837,"field1":"-1.125","field2":"-0.5"},{"created_at":"2019-01-18T02:25:49-08:00","entry_id":15838,"field1":"-1.0625","field2":"-0.5"},{"created_at":"2019-01-18T02:35:26-08:00","entry_id":15839,"field1":"-1.0625","field2":"-0.5"},{"created_at":"2019-01-18T02:45:03-08:00","entry_id":15840,"field1":"-1","field2":"-0.5"},{"created_at":"2019-01-18T02:54:39-08:00","entry_id":15841,"field1":"-1.0625","field2":"-0.5"},{"created_at":"2019-01-18T03:04:15-08:00","entry_id":15842,"field1":"-1","field2":"-0.5"},{"created_at":"2019-01-18T03:13:52-08:00","entry_id":15843,"field1":"-1.0625","field2":"-0.5"},{"created_at":"2019-01-18T03:23:29-08:00","entry_id":15844,"field1":"-1.0625","field2":"-0.4375"},{"created_at":"2019-01-18T03:33:05-08:00","entry_id":15845,"field1":"-1","field2":"-0.4375"},{"created_at":"2019-01-18T03:42:42-08:00","entry_id":15846,"field1":"-1","field2":"-0.4375"},{"created_at":"2019-01-18T03:52:18-08:00","entry_id":15847,"field1":"-1","field2":"-0.5"},{"created_at":"2019-01-18T04:01:56-08:00","entry_id":15848,"field1":"-1","field2":"-0.5"},{"created_at":"2019-01-18T04:11:32-08:00","entry_id":15849,"field1":"-0.9375","field2":"-0.5"},{"created_at":"2019-01-18T04:21:09-08:00","entry_id":15850,"field1":"-0.9375","field2":"-0.5"},{"created_at":"2019-01-18T04:30:50-08:00","entry_id":15851,"field1":"-0.9375","field2":"-0.5"},{"created_at":"2019-01-18T04:40:25-08:00","entry_id":15852,"field1":"-0.9375","field2":"-0.5"},{"created_at":"2019-01-18T04:50:02-08:00","entry_id":15853,"field1":"-0.9375","field2":"-0.4375"},{"created_at":"2019-01-18T04:59:39-08:00","entry_id":15854,"field1":"-0.9375","field2":"-0.4375"},{"created_at":"2019-01-18T05:09:15-08:00","entry_id":15855,"field1":"-0.875","field2":"-0.4375"},{"created_at":"2019-01-18T05:18:52-08:00","entry_id":15856,"field1":"-0.875","field2":"-0.4375"},{"created_at":"2019-01-18T05:28:28-08:00","entry_id":15857,"field1":"-0.9375","field2":"-0.5"},{"created_at":"2019-01-18T05:38:07-08:00","entry_id":15858,"field1":"-0.875","field2":"-0.4375"},{"created_at":"2019-01-18T05:47:43-08:00","entry_id":15859,"field1":"-0.875","field2":"-0.4375"},{"created_at":"2019-01-18T05:57:19-08:00","entry_id":15860,"field1":"-0.875","field2":"-0.4375"},{"created_at":"2019-01-18T06:06:56-08:00","entry_id":15861,"field1":"-0.875","field2":"-0.4375"},{"created_at":"2019-01-18T06:16:32-08:00","entry_id":15862,"field1":"-0.875","field2":"0.125"},{"created_at":"2019-01-18T06:26:09-08:00","entry_id":15863,"field1":"-0.875","field2":"-0.0625"},{"created_at":"2019-01-18T06:35:50-08:00","entry_id":15864,"field1":"-0.875","field2":"0"},{"created_at":"2019-01-18T06:45:24-08:00","entry_id":15865,"field1":"-0.875","field2":"-0.3125"},{"created_at":"2019-01-18T06:55:01-08:00","entry_id":15866,"field1":"-0.875","field2":"-0.3125"},{"created_at":"2019-01-18T07:04:37-08:00","entry_id":15867,"field1":"-0.875","field2":"-0.3125"},{"created_at":"2019-01-18T07:14:14-08:00","entry_id":15868,"field1":"-0.875","field2":"-0.3125"},{"created_at":"2019-01-18T07:23:51-08:00","entry_id":15869,"field1":"-0.8125","field2":"-0.3125"},{"created_at":"2019-01-18T07:33:28-08:00","entry_id":15870,"field1":"-0.8125","field2":"-0.3125"},{"created_at":"2019-01-18T07:43:05-08:00","entry_id":15871,"field1":"-0.8125","field2":"-0.125"},{"created_at":"2019-01-18T07:52:42-08:00","entry_id":15872,"field1":"-0.8125","field2":"-0.25"},{"created_at":"2019-01-18T08:02:19-08:00","entry_id":15873,"field1":"-0.8125","field2":"-0.3125"},{"created_at":"2019-01-18T08:11:56-08:00","entry_id":15874,"field1":"-0.75","field2":"-0.25"},{"created_at":"2019-01-18T08:21:32-08:00","entry_id":15875,"field1":"-0.8125","field2":"-0.25"},{"created_at":"2019-01-18T08:31:09-08:00","entry_id":15876,"field1":"-0.8125","field2":"-0.1875"},{"created_at":"2019-01-18T08:40:46-08:00","entry_id":15877,"field1":"-0.75","field2":"-0.1875"},{"created_at":"2019-01-18T08:50:23-08:00","entry_id":15878,"field1":"-0.75","field2":"-0.125"},{"created_at":"2019-01-18T08:59:59-08:00","entry_id":15879,"field1":"-0.75","field2":"-0.0625"},{"created_at":"2019-01-18T09:09:36-08:00","entry_id":15880,"field1":"-0.75","field2":"0.0625"},{"created_at":"2019-01-18T09:19:13-08:00","entry_id":15881,"field1":"-0.6875","field2":"0.1875"},{"created_at":"2019-01-18T09:28:50-08:00","entry_id":15882,"field1":"-0.75","field2":"0.1875"},{"created_at":"2019-01-18T09:38:26-08:00","entry_id":15883,"field1":"-0.6875","field2":"0.1875"},{"created_at":"2019-01-18T09:48:04-08:00","entry_id":15884,"field1":"-0.6875","field2":"0.1875"},{"created_at":"2019-01-18T09:57:41-08:00","entry_id":15885,"field1":"-0.6875","field2":"0.3125"},{"created_at":"2019-01-18T10:07:19-08:00","entry_id":15886,"field1":"-0.625","field2":"0.375"},{"created_at":"2019-01-18T10:16:54-08:00","entry_id":15887,"field1":"-0.625","field2":"0.4375"},{"created_at":"2019-01-18T10:26:31-08:00","entry_id":15888,"field1":"-0.625","field2":"0.5"},{"created_at":"2019-01-18T10:36:08-08:00","entry_id":15889,"field1":"-0.625","field2":"0.625"},{"created_at":"2019-01-18T10:45:45-08:00","entry_id":15890,"field1":"-0.5625","field2":"0.6875"},{"created_at":"2019-01-18T10:55:22-08:00","entry_id":15891,"field1":"-0.5625","field2":"0.625"},{"created_at":"2019-01-18T11:04:59-08:00","entry_id":15892,"field1":"-0.5625","field2":"0.6875"},{"created_at":"2019-01-18T11:14:36-08:00","entry_id":15893,"field1":"-0.5625","field2":"0.875"},{"created_at":"2019-01-18T11:24:13-08:00","entry_id":15894,"field1":"-0.5","field2":"1.0625"},{"created_at":"2019-01-18T11:33:49-08:00","entry_id":15895,"field1":"-0.5","field2":"1.125"},{"created_at":"2019-01-18T11:43:26-08:00","entry_id":15896,"field1":"-0.4375","field2":"1.125"},{"created_at":"2019-01-18T11:53:03-08:00","entry_id":15897,"field1":"-0.375","field2":"1.3125"},{"created_at":"2019-01-18T12:02:40-08:00","entry_id":15898,"field1":"-0.375","field2":"1.5"},{"created_at":"2019-01-18T12:12:16-08:00","entry_id":15899,"field1":"-0.3125","field2":"1.25"},{"created_at":"2019-01-18T12:21:53-08:00","entry_id":15900,"field1":"-0.25","field2":"1.25"},{"created_at":"2019-01-18T12:31:29-08:00","entry_id":15901,"field1":"-0.25","field2":"1.375"},{"created_at":"2019-01-18T12:41:05-08:00","entry_id":15902,"field1":"-0.25","field2":"1.625"},{"created_at":"2019-01-18T12:50:42-08:00","entry_id":15903,"field1":"-0.1875","field2":"1.5625"},{"created_at":"2019-01-18T13:00:19-08:00","entry_id":15904,"field1":"-0.1875","field2":"1.75"},{"created_at":"2019-01-18T13:09:56-08:00","entry_id":15905,"field1":"-0.125","field2":"1.75"},{"created_at":"2019-01-18T13:19:32-08:00","entry_id":15906,"field1":"-0.125","field2":"1.625"},{"created_at":"2019-01-18T13:29:09-08:00","entry_id":15907,"field1":"-0.125","field2":"1.3125"},{"created_at":"2019-01-18T13:38:48-08:00","entry_id":15908,"field1":"-0.125","field2":"1.375"},{"created_at":"2019-01-18T13:48:24-08:00","entry_id":15909,"field1":"-0.0625","field2":"1.4375"},{"created_at":"2019-01-18T13:58:01-08:00","entry_id":15910,"field1":"-0.0625","field2":"1.4375"},{"created_at":"2019-01-18T14:07:38-08:00","entry_id":15911,"field1":"0","field2":"1.25"},{"created_at":"2019-01-18T14:17:14-08:00","entry_id":15912,"field1":"0","field2":"1.3125"},{"created_at":"2019-01-18T14:26:52-08:00","entry_id":15913,"field1":"0","field2":"1.3125"},{"created_at":"2019-01-18T14:36:28-08:00","entry_id":15914,"field1":"0","field2":"1.125"},{"created_at":"2019-01-18T14:46:05-08:00","entry_id":15915,"field1":"0","field2":"0.875"},{"created_at":"2019-01-18T14:55:41-08:00","entry_id":15916,"field1":"0","field2":"0.75"},{"created_at":"2019-01-18T15:05:34-08:00","entry_id":15917,"field1":"0","field2":"0.75"},{"created_at":"2019-01-18T15:15:05-08:00","entry_id":15918,"field1":"0.0625","field2":"0.75"},{"created_at":"2019-01-18T15:24:43-08:00","entry_id":15919,"field1":"0","field2":"0.75"},{"created_at":"2019-01-18T15:34:20-08:00","entry_id":15920,"field1":"0","field2":"0.625"},{"created_at":"2019-01-18T15:43:57-08:00","entry_id":15921,"field1":"0","field2":"0.5"},{"created_at":"2019-01-18T15:53:33-08:00","entry_id":15922,"field1":"0","field2":"0.4375"},{"created_at":"2019-01-18T16:03:11-08:00","entry_id":15923,"field1":"0","field2":"0.375"},{"created_at":"2019-01-18T16:12:47-08:00","entry_id":15924,"field1":"0.0625","field2":"0.25"},{"created_at":"2019-01-18T16:22:25-08:00","entry_id":15925,"field1":"0","field2":"0.1875"},{"created_at":"2019-01-18T16:32:02-08:00","entry_id":15926,"field1":"0","field2":"0.125"},{"created_at":"2019-01-18T16:41:38-08:00","entry_id":15927,"field1":"0","field2":"0.0625"},{"created_at":"2019-01-18T16:51:16-08:00","entry_id":15928,"field1":"0","field2":"0.0625"},{"created_at":"2019-01-18T17:00:53-08:00","entry_id":15929,"field1":"0","field2":"0.0625"},{"created_at":"2019-01-18T17:10:29-08:00","entry_id":15930,"field1":"0","field2":"0.125"},{"created_at":"2019-01-18T17:20:06-08:00","entry_id":15931,"field1":"0","field2":"0.125"},{"created_at":"2019-01-18T17:29:42-08:00","entry_id":15932,"field1":"0","field2":"0.125"},{"created_at":"2019-01-18T17:39:19-08:00","entry_id":15933,"field1":"0","field2":"0.125"},{"created_at":"2019-01-18T17:48:56-08:00","entry_id":15934,"field1":"0.0625","field2":"0.125"},{"created_at":"2019-01-18T17:58:33-08:00","entry_id":15935,"field1":"0","field2":"0.125"},{"created_at":"2019-01-18T18:08:10-08:00","entry_id":15936,"field1":"0","field2":"0.125"},{"created_at":"2019-01-18T18:17:46-08:00","entry_id":15937,"field1":"0","field2":"0.125"},{"created_at":"2019-01-18T18:27:22-08:00","entry_id":15938,"field1":"0.0625","field2":"0.125"},{"created_at":"2019-01-18T18:36:59-08:00","entry_id":15939,"field1":"0","field2":"0.25"},{"created_at":"2019-01-18T18:46:36-08:00","entry_id":15940,"field1":"0.0625","field2":"0.25"},{"created_at":"2019-01-18T18:56:12-08:00","entry_id":15941,"field1":"0.0625","field2":"0.1875"},{"created_at":"2019-01-18T19:05:49-08:00","entry_id":15942,"field1":"0.0625","field2":"0.1875"},{"created_at":"2019-01-18T19:15:26-08:00","entry_id":15943,"field1":"0.0625","field2":"0.1875"},{"created_at":"2019-01-18T19:25:02-08:00","entry_id":15944,"field1":"0","field2":"0.1875"},{"created_at":"2019-01-18T19:34:39-08:00","entry_id":15945,"field1":"0","field2":"0.1875"},{"created_at":"2019-01-18T19:44:16-08:00","entry_id":15946,"field1":"0.0625","field2":"0.1875"},{"created_at":"2019-01-18T19:53:53-08:00","entry_id":15947,"field1":"0.125","field2":"0.125"},{"created_at":"2019-01-18T20:03:31-08:00","entry_id":15948,"field1":"0.0625","field2":"0.125"},{"created_at":"2019-01-18T20:13:07-08:00","entry_id":15949,"field1":"0.0625","field2":"0.1875"},{"created_at":"2019-01-18T20:22:44-08:00","entry_id":15950,"field1":"0.0625","field2":"0.1875"},{"created_at":"2019-01-18T20:32:22-08:00","entry_id":15951,"field1":"0.0625","field2":"0.125"},{"created_at":"2019-01-18T20:41:59-08:00","entry_id":15952,"field1":"0.0625","field2":"0.1875"},{"created_at":"2019-01-18T20:51:36-08:00","entry_id":15953,"field1":"0.0625","field2":"0.1875"},{"created_at":"2019-01-18T21:01:12-08:00","entry_id":15954,"field1":"0.125","field2":"0.1875"},{"created_at":"2019-01-18T21:10:50-08:00","entry_id":15955,"field1":"0.0625","field2":"0.125"},{"created_at":"2019-01-18T21:20:26-08:00","entry_id":15956,"field1":"0.0625","field2":"0.125"},{"created_at":"2019-01-18T21:30:03-08:00","entry_id":15957,"field1":"0.125","field2":"0.125"},{"created_at":"2019-01-18T21:39:40-08:00","entry_id":15958,"field1":"0.0625","field2":"0.125"},{"created_at":"2019-01-18T21:49:17-08:00","entry_id":15959,"field1":"0.125","field2":"0.125"},{"created_at":"2019-01-18T21:58:54-08:00","entry_id":15960,"field1":"0.125","field2":"0.125"},{"created_at":"2019-01-18T22:08:31-08:00","entry_id":15961,"field1":"0.125","field2":"0.125"},{"created_at":"2019-01-18T22:18:08-08:00","entry_id":15962,"field1":"0.125","field2":"0.125"},{"created_at":"2019-01-18T22:27:44-08:00","entry_id":15963,"field1":"0.125","field2":"0.125"},{"created_at":"2019-01-18T22:37:21-08:00","entry_id":15964,"field1":"0.125","field2":"0.0625"},{"created_at":"2019-01-18T22:46:58-08:00","entry_id":15965,"field1":"0.125","field2":"0.0625"},{"created_at":"2019-01-18T22:56:35-08:00","entry_id":15966,"field1":"0.125","field2":"0.0625"},{"created_at":"2019-01-18T23:06:12-08:00","entry_id":15967,"field1":"0.125","field2":"0.0625"},{"created_at":"2019-01-18T23:15:50-08:00","entry_id":15968,"field1":"0.125","field2":"0.0625"},{"created_at":"2019-01-18T23:25:26-08:00","entry_id":15969,"field1":"0.125","field2":"0.0625"},{"created_at":"2019-01-18T23:35:02-08:00","entry_id":15970,"field1":"0.125","field2":"0.0625"},{"created_at":"2019-01-18T23:44:40-08:00","entry_id":15971,"field1":"0.1875","field2":"0.0625"},{"created_at":"2019-01-18T23:54:16-08:00","entry_id":15972,"field1":"0.125","field2":"0.0625"}]}