{"channel":{"id":581842,"name":"Upstairs Small Window Indoor / Outdoor Sensor","latitude":"0.0","longitude":"0.0","field1":"Indoor Temperature","field2":"Outdoor Temperature","created_at":"2018-09-23T15:37:52-07:00","updated_at":"2020-07-27T05:59:41-07:00","last_entry_id":167585},"feeds":[{"created_at":"2021-12-10T00:05:26-08:00","entry_id":167305,"field1":"8.0625","field2":"-2.375"},{"created_at":"2021-12-10T00:15:05-08:00","entry_id":167306,"field1":"8.0625","field2":"-2.25"},{"created_at":"2021-12-10T00:24:40-08:00","entry_id":167307,"field1":"8.0625","field2":"-2.3125"},{"created_at":"2021-12-10T00:34:17-08:00","entry_id":167308,"field1":"8.0625","field2":"-2.3125"},{"created_at":"2021-12-10T00:43:53-08:00","entry_id":167309,"field1":"8.0625","field2":"-2.375"},{"created_at":"2021-12-10T00:53:31-08:00","entry_id":167310,"field1":"8.0625","field2":"-2.3125"},{"created_at":"2021-12-10T01:03:09-08:00","entry_id":167311,"field1":"8.0625","field2":"-2.3125"},{"created_at":"2021-12-10T01:12:45-08:00","entry_id":167312,"field1":"8","field2":"-2.4375"},{"created_at":"2021-12-10T01:22:23-08:00","entry_id":167313,"field1":"8","field2":"-2.375"},{"created_at":"2021-12-10T01:32:00-08:00","entry_id":167314,"field1":"8","field2":"-2.3125"},{"created_at":"2021-12-10T01:41:36-08:00","entry_id":167315,"field1":"8","field2":"-2.4375"},{"created_at":"2021-12-10T01:51:13-08:00","entry_id":167316,"field1":"8.0625","field2":"-2.4375"},{"created_at":"2021-12-10T02:00:52-08:00","entry_id":167317,"field1":"8","field2":"-2.4375"},{"created_at":"2021-12-10T02:10:27-08:00","entry_id":167318,"field1":"8","field2":"-2.4375"},{"created_at":"2021-12-10T02:20:03-08:00","entry_id":167319,"field1":"8","field2":"-2.5"},{"created_at":"2021-12-10T02:29:40-08:00","entry_id":167320,"field1":"8","field2":"-2.4375"},{"created_at":"2021-12-10T02:39:18-08:00","entry_id":167321,"field1":"8","field2":"-2.625"},{"created_at":"2021-12-10T02:48:54-08:00","entry_id":167322,"field1":"8","field2":"-2.6875"},{"created_at":"2021-12-10T02:58:33-08:00","entry_id":167323,"field1":"8","field2":"-2.75"},{"created_at":"2021-12-10T03:08:08-08:00","entry_id":167324,"field1":"7.9375","field2":"-2.8125"},{"created_at":"2021-12-10T03:17:47-08:00","entry_id":167325,"field1":"7.9375","field2":"-2.9375"},{"created_at":"2021-12-10T03:27:24-08:00","entry_id":167326,"field1":"7.9375","field2":"-3"},{"created_at":"2021-12-10T03:37:01-08:00","entry_id":167327,"field1":"7.9375","field2":"-3.25"},{"created_at":"2021-12-10T03:46:38-08:00","entry_id":167328,"field1":"7.9375","field2":"-3.375"},{"created_at":"2021-12-10T03:56:16-08:00","entry_id":167329,"field1":"7.9375","field2":"-3.375"},{"created_at":"2021-12-10T04:05:53-08:00","entry_id":167330,"field1":"7.9375","field2":"-3.6875"},{"created_at":"2021-12-10T04:15:29-08:00","entry_id":167331,"field1":"7.875","field2":"-3.8125"},{"created_at":"2021-12-10T04:25:05-08:00","entry_id":167332,"field1":"7.875","field2":"-3.6875"},{"created_at":"2021-12-10T04:34:43-08:00","entry_id":167333,"field1":"7.875","field2":"-3.625"},{"created_at":"2021-12-10T04:44:19-08:00","entry_id":167334,"field1":"7.875","field2":"-3.5625"},{"created_at":"2021-12-10T04:53:58-08:00","entry_id":167335,"field1":"7.875","field2":"-3.5"},{"created_at":"2021-12-10T05:03:35-08:00","entry_id":167336,"field1":"7.875","field2":"-3.5"},{"created_at":"2021-12-10T05:13:12-08:00","entry_id":167337,"field1":"7.8125","field2":"-3.5"},{"created_at":"2021-12-10T05:22:48-08:00","entry_id":167338,"field1":"7.8125","field2":"-3.375"},{"created_at":"2021-12-10T05:32:24-08:00","entry_id":167339,"field1":"7.8125","field2":"-3.4375"},{"created_at":"2021-12-10T05:42:03-08:00","entry_id":167340,"field1":"7.8125","field2":"-3.5625"},{"created_at":"2021-12-10T05:51:38-08:00","entry_id":167341,"field1":"7.8125","field2":"-3.625"},{"created_at":"2021-12-10T06:01:15-08:00","entry_id":167342,"field1":"7.8125","field2":"-3.6875"},{"created_at":"2021-12-10T06:10:51-08:00","entry_id":167343,"field1":"7.75","field2":"-3.625"},{"created_at":"2021-12-10T06:20:29-08:00","entry_id":167344,"field1":"7.75","field2":"-3.5625"},{"created_at":"2021-12-10T06:30:06-08:00","entry_id":167345,"field1":"7.75","field2":"-3.5"},{"created_at":"2021-12-10T06:39:42-08:00","entry_id":167346,"field1":"7.75","field2":"-3.5"},{"created_at":"2021-12-10T06:49:20-08:00","entry_id":167347,"field1":"7.75","field2":"-3.4375"},{"created_at":"2021-12-10T06:58:55-08:00","entry_id":167348,"field1":"7.6875","field2":"-3.375"},{"created_at":"2021-12-10T07:08:34-08:00","entry_id":167349,"field1":"7.6875","field2":"-3.3125"},{"created_at":"2021-12-10T07:18:12-08:00","entry_id":167350,"field1":"7.6875","field2":"-3.375"},{"created_at":"2021-12-10T07:27:49-08:00","entry_id":167351,"field1":"7.6875","field2":"-3.1875"},{"created_at":"2021-12-10T07:37:24-08:00","entry_id":167352,"field1":"7.6875","field2":"-3.25"},{"created_at":"2021-12-10T07:47:02-08:00","entry_id":167353,"field1":"7.6875","field2":"-3.1875"},{"created_at":"2021-12-10T07:56:40-08:00","entry_id":167354,"field1":"7.625","field2":"-3.125"},{"created_at":"2021-12-10T08:06:17-08:00","entry_id":167355,"field1":"7.6875","field2":"-3.1875"},{"created_at":"2021-12-10T08:15:54-08:00","entry_id":167356,"field1":"7.625","field2":"-3.125"},{"created_at":"2021-12-10T08:25:31-08:00","entry_id":167357,"field1":"7.625","field2":"-3.125"},{"created_at":"2021-12-10T08:35:18-08:00","entry_id":167358,"field1":"7.625","field2":"-3.125"},{"created_at":"2021-12-10T08:44:50-08:00","entry_id":167359,"field1":"7.625","field2":"-3"},{"created_at":"2021-12-10T08:54:27-08:00","entry_id":167360,"field1":"7.625","field2":"-3.0625"},{"created_at":"2021-12-10T09:04:04-08:00","entry_id":167361,"field1":"7.625","field2":"-3"},{"created_at":"2021-12-10T09:13:40-08:00","entry_id":167362,"field1":"7.625","field2":"-2.9375"},{"created_at":"2021-12-10T09:23:18-08:00","entry_id":167363,"field1":"7.625","field2":"-2.875"},{"created_at":"2021-12-10T09:32:55-08:00","entry_id":167364,"field1":"7.625","field2":"-2.75"},{"created_at":"2021-12-10T09:42:32-08:00","entry_id":167365,"field1":"7.625","field2":"-2.625"},{"created_at":"2021-12-10T09:52:10-08:00","entry_id":167366,"field1":"7.625","field2":"-2.5625"},{"created_at":"2021-12-10T10:01:47-08:00","entry_id":167367,"field1":"7.625","field2":"-2.4375"},{"created_at":"2021-12-10T10:11:24-08:00","entry_id":167368,"field1":"7.625","field2":"-2.25"},{"created_at":"2021-12-10T10:21:01-08:00","entry_id":167369,"field1":"7.625","field2":"-2.125"},{"created_at":"2021-12-10T10:30:39-08:00","entry_id":167370,"field1":"7.625","field2":"-2.25"},{"created_at":"2021-12-10T10:40:15-08:00","entry_id":167371,"field1":"7.625","field2":"-1.8125"},{"created_at":"2021-12-10T10:49:53-08:00","entry_id":167372,"field1":"7.625","field2":"-2"},{"created_at":"2021-12-10T10:59:29-08:00","entry_id":167373,"field1":"7.625","field2":"-1.6875"},{"created_at":"2021-12-10T11:09:05-08:00","entry_id":167374,"field1":"7.6875","field2":"-1.9375"},{"created_at":"2021-12-10T11:18:44-08:00","entry_id":167375,"field1":"7.6875","field2":"-1.875"},{"created_at":"2021-12-10T11:28:21-08:00","entry_id":167376,"field1":"7.6875","field2":"-1.6875"},{"created_at":"2021-12-10T11:37:59-08:00","entry_id":167377,"field1":"7.6875","field2":"-1.8125"},{"created_at":"2021-12-10T11:47:35-08:00","entry_id":167378,"field1":"7.6875","field2":"-1.6875"},{"created_at":"2021-12-10T11:57:11-08:00","entry_id":167379,"field1":"7.6875","field2":"-1.8125"},{"created_at":"2021-12-10T12:06:48-08:00","entry_id":167380,"field1":"7.6875","field2":"-1.6875"},{"created_at":"2021-12-10T12:16:26-08:00","entry_id":167381,"field1":"7.75","field2":"-1.25"},{"created_at":"2021-12-10T12:26:04-08:00","entry_id":167382,"field1":"7.75","field2":"-1.25"},{"created_at":"2021-12-10T12:35:40-08:00","entry_id":167383,"field1":"7.75","field2":"-1.375"},{"created_at":"2021-12-10T12:45:17-08:00","entry_id":167384,"field1":"7.75","field2":"-1.375"},{"created_at":"2021-12-10T12:54:55-08:00","entry_id":167385,"field1":"7.75","field2":"-1.3125"},{"created_at":"2021-12-10T13:04:32-08:00","entry_id":167386,"field1":"7.75","field2":"-1.3125"},{"created_at":"2021-12-10T13:14:09-08:00","entry_id":167387,"field1":"7.75","field2":"-1.1875"},{"created_at":"2021-12-10T13:23:47-08:00","entry_id":167388,"field1":"7.75","field2":"-1.3125"},{"created_at":"2021-12-10T13:33:24-08:00","entry_id":167389,"field1":"7.75","field2":"-1.1875"},{"created_at":"2021-12-10T13:43:02-08:00","entry_id":167390,"field1":"7.8125","field2":"-1.3125"},{"created_at":"2021-12-10T13:52:39-08:00","entry_id":167391,"field1":"7.75","field2":"-1.25"},{"created_at":"2021-12-10T14:02:14-08:00","entry_id":167392,"field1":"7.8125","field2":"-1.4375"},{"created_at":"2021-12-10T14:11:52-08:00","entry_id":167393,"field1":"7.8125","field2":"-1.4375"},{"created_at":"2021-12-10T14:21:28-08:00","entry_id":167394,"field1":"7.8125","field2":"-1.3125"},{"created_at":"2021-12-10T14:31:07-08:00","entry_id":167395,"field1":"7.8125","field2":"-1.3125"},{"created_at":"2021-12-10T14:40:45-08:00","entry_id":167396,"field1":"7.8125","field2":"-1.25"},{"created_at":"2021-12-10T14:50:22-08:00","entry_id":167397,"field1":"7.8125","field2":"-1.3125"},{"created_at":"2021-12-10T14:59:58-08:00","entry_id":167398,"field1":"7.8125","field2":"-1.3125"},{"created_at":"2021-12-10T15:09:37-08:00","entry_id":167399,"field1":"7.8125","field2":"-1.3125"},{"created_at":"2021-12-10T15:19:12-08:00","entry_id":167400,"field1":"7.8125","field2":"-1.375"},{"created_at":"2021-12-10T15:28:49-08:00","entry_id":167401,"field1":"7.8125","field2":"-1.5"},{"created_at":"2021-12-10T15:38:27-08:00","entry_id":167402,"field1":"7.8125","field2":"-1.5625"},{"created_at":"2021-12-10T15:48:04-08:00","entry_id":167403,"field1":"7.8125","field2":"-1.625"},{"created_at":"2021-12-10T15:57:40-08:00","entry_id":167404,"field1":"7.75","field2":"-1.6875"},{"created_at":"2021-12-10T16:07:16-08:00","entry_id":167405,"field1":"7.8125","field2":"-1.75"},{"created_at":"2021-12-10T16:16:53-08:00","entry_id":167406,"field1":"7.8125","field2":"-1.75"},{"created_at":"2021-12-10T16:26:29-08:00","entry_id":167407,"field1":"7.8125","field2":"-1.75"},{"created_at":"2021-12-10T16:36:06-08:00","entry_id":167408,"field1":"7.75","field2":"-1.75"},{"created_at":"2021-12-10T16:45:42-08:00","entry_id":167409,"field1":"7.75","field2":"-1.75"},{"created_at":"2021-12-10T16:55:19-08:00","entry_id":167410,"field1":"7.8125","field2":"-1.75"},{"created_at":"2021-12-10T17:04:56-08:00","entry_id":167411,"field1":"7.8125","field2":"-1.75"},{"created_at":"2021-12-10T17:14:32-08:00","entry_id":167412,"field1":"7.75","field2":"-1.6875"},{"created_at":"2021-12-10T17:24:10-08:00","entry_id":167413,"field1":"7.75","field2":"-1.6875"},{"created_at":"2021-12-10T17:33:46-08:00","entry_id":167414,"field1":"7.75","field2":"-1.6875"},{"created_at":"2021-12-10T17:43:25-08:00","entry_id":167415,"field1":"7.8125","field2":"-1.625"},{"created_at":"2021-12-10T17:53:02-08:00","entry_id":167416,"field1":"7.8125","field2":"-1.625"},{"created_at":"2021-12-10T18:02:38-08:00","entry_id":167417,"field1":"7.8125","field2":"-1.5625"},{"created_at":"2021-12-10T18:12:15-08:00","entry_id":167418,"field1":"7.8125","field2":"-1.5625"},{"created_at":"2021-12-10T18:21:53-08:00","entry_id":167419,"field1":"7.8125","field2":"-1.5625"},{"created_at":"2021-12-10T18:31:29-08:00","entry_id":167420,"field1":"7.8125","field2":"-1.5625"},{"created_at":"2021-12-10T18:41:06-08:00","entry_id":167421,"field1":"7.8125","field2":"-1.5"},{"created_at":"2021-12-10T18:50:44-08:00","entry_id":167422,"field1":"7.75","field2":"-1.5"},{"created_at":"2021-12-10T19:00:20-08:00","entry_id":167423,"field1":"7.8125","field2":"-1.5625"},{"created_at":"2021-12-10T19:09:57-08:00","entry_id":167424,"field1":"7.75","field2":"-1.5625"},{"created_at":"2021-12-10T19:19:35-08:00","entry_id":167425,"field1":"7.75","field2":"-1.5625"},{"created_at":"2021-12-10T19:29:12-08:00","entry_id":167426,"field1":"7.75","field2":"-1.5"},{"created_at":"2021-12-10T19:38:48-08:00","entry_id":167427,"field1":"7.8125","field2":"-1.5"},{"created_at":"2021-12-10T19:48:26-08:00","entry_id":167428,"field1":"7.75","field2":"-1.5"},{"created_at":"2021-12-10T19:58:02-08:00","entry_id":167429,"field1":"7.8125","field2":"-1.5"},{"created_at":"2021-12-10T20:07:40-08:00","entry_id":167430,"field1":"7.8125","field2":"-1.4375"},{"created_at":"2021-12-10T20:17:18-08:00","entry_id":167431,"field1":"7.75","field2":"-1.4375"},{"created_at":"2021-12-10T20:26:55-08:00","entry_id":167432,"field1":"7.75","field2":"-1.5"},{"created_at":"2021-12-10T20:36:32-08:00","entry_id":167433,"field1":"7.75","field2":"-1.375"},{"created_at":"2021-12-10T20:46:10-08:00","entry_id":167434,"field1":"7.8125","field2":"-1.4375"},{"created_at":"2021-12-10T20:55:45-08:00","entry_id":167435,"field1":"7.75","field2":"-1.4375"},{"created_at":"2021-12-10T21:05:22-08:00","entry_id":167436,"field1":"7.8125","field2":"-1.375"},{"created_at":"2021-12-10T21:14:59-08:00","entry_id":167437,"field1":"7.8125","field2":"-1.3125"},{"created_at":"2021-12-10T21:24:36-08:00","entry_id":167438,"field1":"7.8125","field2":"-1.375"},{"created_at":"2021-12-10T21:34:14-08:00","entry_id":167439,"field1":"7.8125","field2":"-1.3125"},{"created_at":"2021-12-10T21:43:49-08:00","entry_id":167440,"field1":"7.8125","field2":"-1.375"},{"created_at":"2021-12-10T21:53:28-08:00","entry_id":167441,"field1":"7.8125","field2":"-1.375"},{"created_at":"2021-12-10T22:03:05-08:00","entry_id":167442,"field1":"7.8125","field2":"-1.4375"},{"created_at":"2021-12-10T22:12:40-08:00","entry_id":167443,"field1":"7.75","field2":"-1.375"},{"created_at":"2021-12-10T22:22:18-08:00","entry_id":167444,"field1":"7.8125","field2":"-1.375"},{"created_at":"2021-12-10T22:31:54-08:00","entry_id":167445,"field1":"7.8125","field2":"-1.375"},{"created_at":"2021-12-10T22:41:30-08:00","entry_id":167446,"field1":"7.8125","field2":"-1.3125"},{"created_at":"2021-12-10T22:51:07-08:00","entry_id":167447,"field1":"7.8125","field2":"-1.3125"},{"created_at":"2021-12-10T23:00:45-08:00","entry_id":167448,"field1":"7.8125","field2":"-1.25"},{"created_at":"2021-12-10T23:10:22-08:00","entry_id":167449,"field1":"7.8125","field2":"-1.25"},{"created_at":"2021-12-10T23:19:58-08:00","entry_id":167450,"field1":"7.8125","field2":"-1.25"},{"created_at":"2021-12-10T23:29:35-08:00","entry_id":167451,"field1":"7.8125","field2":"-1.25"},{"created_at":"2021-12-10T23:39:13-08:00","entry_id":167452,"field1":"7.8125","field2":"-1.1875"},{"created_at":"2021-12-10T23:48:50-08:00","entry_id":167453,"field1":"7.8125","field2":"-1.1875"},{"created_at":"2021-12-10T23:58:28-08:00","entry_id":167454,"field1":"7.8125","field2":"-1.125"}]}