{"channel":{"id":581842,"name":"Upstairs Small Window Indoor / Outdoor Sensor","latitude":"0.0","longitude":"0.0","field1":"Indoor Temperature","field2":"Outdoor Temperature","created_at":"2018-09-23T15:37:52-07:00","updated_at":"2020-07-27T05:59:41-07:00","last_entry_id":150128},"feeds":[{"created_at":"2019-03-17T00:06:02-07:00","entry_id":24497,"field1":"2.6875","field2":"-0.125"},{"created_at":"2019-03-17T00:15:41-07:00","entry_id":24498,"field1":"2.6875","field2":"-0.0625"},{"created_at":"2019-03-17T00:25:18-07:00","entry_id":24499,"field1":"2.6875","field2":"-0.125"},{"created_at":"2019-03-17T00:34:54-07:00","entry_id":24500,"field1":"2.625","field2":"-0.3125"},{"created_at":"2019-03-17T00:44:30-07:00","entry_id":24501,"field1":"2.625","field2":"-0.4375"},{"created_at":"2019-03-17T00:54:07-07:00","entry_id":24502,"field1":"2.5625","field2":"-0.4375"},{"created_at":"2019-03-17T01:03:44-07:00","entry_id":24503,"field1":"2.625","field2":"-0.4375"},{"created_at":"2019-03-17T01:13:22-07:00","entry_id":24504,"field1":"2.5625","field2":"-0.5"},{"created_at":"2019-03-17T01:22:58-07:00","entry_id":24505,"field1":"2.5625","field2":"-0.5625"},{"created_at":"2019-03-17T01:32:36-07:00","entry_id":24506,"field1":"2.5625","field2":"-0.625"},{"created_at":"2019-03-17T01:42:13-07:00","entry_id":24507,"field1":"2.5","field2":"-0.6875"},{"created_at":"2019-03-17T01:51:50-07:00","entry_id":24508,"field1":"2.5","field2":"-0.6875"},{"created_at":"2019-03-17T02:01:26-07:00","entry_id":24509,"field1":"2.5","field2":"-0.6875"},{"created_at":"2019-03-17T02:11:04-07:00","entry_id":24510,"field1":"2.5","field2":"-1.0625"},{"created_at":"2019-03-17T02:20:41-07:00","entry_id":24511,"field1":"2.4375","field2":"-1.125"},{"created_at":"2019-03-17T02:30:17-07:00","entry_id":24512,"field1":"2.4375","field2":"-1.0625"},{"created_at":"2019-03-17T02:39:54-07:00","entry_id":24513,"field1":"2.4375","field2":"-1"},{"created_at":"2019-03-17T02:49:31-07:00","entry_id":24514,"field1":"2.4375","field2":"-1.1875"},{"created_at":"2019-03-17T02:59:08-07:00","entry_id":24515,"field1":"2.375","field2":"-1.125"},{"created_at":"2019-03-17T03:08:45-07:00","entry_id":24516,"field1":"2.375","field2":"-1.125"},{"created_at":"2019-03-17T03:18:23-07:00","entry_id":24517,"field1":"2.375","field2":"-1.1875"},{"created_at":"2019-03-17T03:27:59-07:00","entry_id":24518,"field1":"2.375","field2":"-1.1875"},{"created_at":"2019-03-17T03:37:36-07:00","entry_id":24519,"field1":"2.3125","field2":"-1.25"},{"created_at":"2019-03-17T03:47:13-07:00","entry_id":24520,"field1":"2.3125","field2":"-1.25"},{"created_at":"2019-03-17T03:56:50-07:00","entry_id":24521,"field1":"2.25","field2":"-1.375"},{"created_at":"2019-03-17T04:06:26-07:00","entry_id":24522,"field1":"2.25","field2":"-1.4375"},{"created_at":"2019-03-17T04:16:03-07:00","entry_id":24523,"field1":"2.25","field2":"-1.4375"},{"created_at":"2019-03-17T04:25:41-07:00","entry_id":24524,"field1":"2.1875","field2":"-1.5625"},{"created_at":"2019-03-17T04:35:17-07:00","entry_id":24525,"field1":"2.1875","field2":"-1.6875"},{"created_at":"2019-03-17T04:44:54-07:00","entry_id":24526,"field1":"2.125","field2":"-1.6875"},{"created_at":"2019-03-17T04:54:31-07:00","entry_id":24527,"field1":"2.125","field2":"-1.6875"},{"created_at":"2019-03-17T05:04:08-07:00","entry_id":24528,"field1":"2.125","field2":"-1.75"},{"created_at":"2019-03-17T05:13:45-07:00","entry_id":24529,"field1":"2.125","field2":"-1.5625"},{"created_at":"2019-03-17T05:23:21-07:00","entry_id":24530,"field1":"2.0625","field2":"-1.625"},{"created_at":"2019-03-17T05:32:58-07:00","entry_id":24531,"field1":"2.0625","field2":"-1.5"},{"created_at":"2019-03-17T05:42:35-07:00","entry_id":24532,"field1":"2.0625","field2":"-1.5"},{"created_at":"2019-03-17T05:52:12-07:00","entry_id":24533,"field1":"2","field2":"-1.375"},{"created_at":"2019-03-17T06:01:49-07:00","entry_id":24534,"field1":"2","field2":"-1.375"},{"created_at":"2019-03-17T06:11:26-07:00","entry_id":24535,"field1":"2","field2":"-1.4375"},{"created_at":"2019-03-17T06:21:03-07:00","entry_id":24536,"field1":"1.9375","field2":"-1.6875"},{"created_at":"2019-03-17T06:30:41-07:00","entry_id":24537,"field1":"2","field2":"-1.625"},{"created_at":"2019-03-17T06:40:19-07:00","entry_id":24538,"field1":"1.9375","field2":"-1.5"},{"created_at":"2019-03-17T06:49:55-07:00","entry_id":24539,"field1":"1.9375","field2":"-1.8125"},{"created_at":"2019-03-17T06:59:32-07:00","entry_id":24540,"field1":"1.9375","field2":"-1.75"},{"created_at":"2019-03-17T07:09:10-07:00","entry_id":24541,"field1":"1.875","field2":"-1.8125"},{"created_at":"2019-03-17T07:18:47-07:00","entry_id":24542,"field1":"1.875","field2":"-2"},{"created_at":"2019-03-17T07:28:24-07:00","entry_id":24543,"field1":"1.875","field2":"-2"},{"created_at":"2019-03-17T07:38:02-07:00","entry_id":24544,"field1":"1.875","field2":"-2.125"},{"created_at":"2019-03-17T07:47:38-07:00","entry_id":24545,"field1":"1.875","field2":"-2.125"},{"created_at":"2019-03-17T07:57:15-07:00","entry_id":24546,"field1":"1.8125","field2":"-2.3125"},{"created_at":"2019-03-17T08:06:53-07:00","entry_id":24547,"field1":"1.8125","field2":"-2.3125"},{"created_at":"2019-03-17T08:16:29-07:00","entry_id":24548,"field1":"1.8125","field2":"-2.4375"},{"created_at":"2019-03-17T08:26:06-07:00","entry_id":24549,"field1":"1.8125","field2":"-2.25"},{"created_at":"2019-03-17T08:35:42-07:00","entry_id":24550,"field1":"1.875","field2":"-2.25"},{"created_at":"2019-03-17T08:45:20-07:00","entry_id":24551,"field1":"1.875","field2":"-2.0625"},{"created_at":"2019-03-17T08:54:57-07:00","entry_id":24552,"field1":"1.875","field2":"-2.125"},{"created_at":"2019-03-17T09:04:35-07:00","entry_id":24553,"field1":"1.875","field2":"-1.9375"},{"created_at":"2019-03-17T09:14:11-07:00","entry_id":24554,"field1":"1.8125","field2":"-1.9375"},{"created_at":"2019-03-17T09:23:48-07:00","entry_id":24555,"field1":"1.6875","field2":"-2.0625"},{"created_at":"2019-03-17T09:33:25-07:00","entry_id":24556,"field1":"1.8125","field2":"-1.8125"},{"created_at":"2019-03-17T09:43:03-07:00","entry_id":24557,"field1":"1.8125","field2":"-1.75"},{"created_at":"2019-03-17T09:52:39-07:00","entry_id":24558,"field1":"1.875","field2":"-1.5625"},{"created_at":"2019-03-17T10:02:16-07:00","entry_id":24559,"field1":"2","field2":"-1.5"},{"created_at":"2019-03-17T10:11:55-07:00","entry_id":24560,"field1":"2.25","field2":"-0.9375"},{"created_at":"2019-03-17T10:21:31-07:00","entry_id":24561,"field1":"2.5625","field2":"-1.4375"},{"created_at":"2019-03-17T10:31:08-07:00","entry_id":24562,"field1":"2.875","field2":"-0.9375"},{"created_at":"2019-03-17T10:40:45-07:00","entry_id":24563,"field1":"2.9375","field2":"-1.5"},{"created_at":"2019-03-17T10:50:23-07:00","entry_id":24564,"field1":"3.125","field2":"-0.75"},{"created_at":"2019-03-17T11:00:01-07:00","entry_id":24565,"field1":"3.25","field2":"-0.375"},{"created_at":"2019-03-17T11:09:41-07:00","entry_id":24566,"field1":"3.0625","field2":"-0.3125"},{"created_at":"2019-03-17T11:19:16-07:00","entry_id":24567,"field1":"3.125","field2":"-0.0625"},{"created_at":"2019-03-17T11:28:53-07:00","entry_id":24568,"field1":"3.4375","field2":"0.0625"},{"created_at":"2019-03-17T11:38:31-07:00","entry_id":24569,"field1":"3.8125","field2":"1"},{"created_at":"2019-03-17T11:48:07-07:00","entry_id":24570,"field1":"4.0625","field2":"1.75"},{"created_at":"2019-03-17T11:57:45-07:00","entry_id":24571,"field1":"3.875","field2":"0.875"},{"created_at":"2019-03-17T12:07:21-07:00","entry_id":24572,"field1":"3.75","field2":"0.875"},{"created_at":"2019-03-17T12:16:59-07:00","entry_id":24573,"field1":"3.625","field2":"0.8125"},{"created_at":"2019-03-17T12:26:36-07:00","entry_id":24574,"field1":"3.9375","field2":"1.0625"},{"created_at":"2019-03-17T12:36:13-07:00","entry_id":24575,"field1":"4.0625","field2":"1.375"},{"created_at":"2019-03-17T12:45:50-07:00","entry_id":24576,"field1":"4","field2":"1.6875"},{"created_at":"2019-03-17T12:55:28-07:00","entry_id":24577,"field1":"3.9375","field2":"1.375"},{"created_at":"2019-03-17T13:05:06-07:00","entry_id":24578,"field1":"4","field2":"1.5"},{"created_at":"2019-03-17T13:14:43-07:00","entry_id":24579,"field1":"4","field2":"1.875"},{"created_at":"2019-03-17T13:24:20-07:00","entry_id":24580,"field1":"3.9375","field2":"2.1875"},{"created_at":"2019-03-17T13:33:58-07:00","entry_id":24581,"field1":"3.9375","field2":"2.1875"},{"created_at":"2019-03-17T13:43:35-07:00","entry_id":24582,"field1":"3.9375","field2":"2.0625"},{"created_at":"2019-03-17T13:53:12-07:00","entry_id":24583,"field1":"3.875","field2":"2.25"},{"created_at":"2019-03-17T14:02:51-07:00","entry_id":24584,"field1":"3.875","field2":"2.5"},{"created_at":"2019-03-17T14:12:28-07:00","entry_id":24585,"field1":"3.875","field2":"2.625"},{"created_at":"2019-03-17T14:22:05-07:00","entry_id":24586,"field1":"3.8125","field2":"2.3125"},{"created_at":"2019-03-17T14:31:42-07:00","entry_id":24587,"field1":"3.8125","field2":"2.3125"},{"created_at":"2019-03-17T14:41:19-07:00","entry_id":24588,"field1":"3.8125","field2":"2.75"},{"created_at":"2019-03-17T14:50:57-07:00","entry_id":24589,"field1":"3.75","field2":"3.4375"},{"created_at":"2019-03-17T15:00:34-07:00","entry_id":24590,"field1":"3.75","field2":"3.75"},{"created_at":"2019-03-17T15:10:11-07:00","entry_id":24591,"field1":"3.75","field2":"3.0625"},{"created_at":"2019-03-17T15:19:48-07:00","entry_id":24592,"field1":"3.6875","field2":"3.125"},{"created_at":"2019-03-17T15:29:26-07:00","entry_id":24593,"field1":"3.6875","field2":"3.25"},{"created_at":"2019-03-17T15:39:02-07:00","entry_id":24594,"field1":"3.6875","field2":"3.1875"},{"created_at":"2019-03-17T15:48:40-07:00","entry_id":24595,"field1":"3.6875","field2":"3.1875"},{"created_at":"2019-03-17T15:58:17-07:00","entry_id":24596,"field1":"3.625","field2":"3.0625"},{"created_at":"2019-03-17T16:07:55-07:00","entry_id":24597,"field1":"3.625","field2":"2.875"},{"created_at":"2019-03-17T16:17:32-07:00","entry_id":24598,"field1":"3.625","field2":"3.0625"},{"created_at":"2019-03-17T16:27:10-07:00","entry_id":24599,"field1":"3.625","field2":"2.875"},{"created_at":"2019-03-17T16:36:47-07:00","entry_id":24600,"field1":"3.625","field2":"3"},{"created_at":"2019-03-17T16:46:24-07:00","entry_id":24601,"field1":"3.5625","field2":"2.8125"},{"created_at":"2019-03-17T16:56:00-07:00","entry_id":24602,"field1":"3.5625","field2":"3"},{"created_at":"2019-03-17T17:05:39-07:00","entry_id":24603,"field1":"3.5625","field2":"3.0625"},{"created_at":"2019-03-17T17:15:16-07:00","entry_id":24604,"field1":"3.5625","field2":"2.875"},{"created_at":"2019-03-17T17:24:53-07:00","entry_id":24605,"field1":"3.5","field2":"2.8125"},{"created_at":"2019-03-17T17:34:30-07:00","entry_id":24606,"field1":"3.5","field2":"3.0625"},{"created_at":"2019-03-17T17:44:08-07:00","entry_id":24607,"field1":"3.5","field2":"2.9375"},{"created_at":"2019-03-17T17:53:45-07:00","entry_id":24608,"field1":"3.5","field2":"2.8125"},{"created_at":"2019-03-17T18:03:21-07:00","entry_id":24609,"field1":"3.4375","field2":"2.8125"},{"created_at":"2019-03-17T18:12:59-07:00","entry_id":24610,"field1":"3.4375","field2":"2.6875"},{"created_at":"2019-03-17T18:22:36-07:00","entry_id":24611,"field1":"3.4375","field2":"2.625"},{"created_at":"2019-03-17T18:32:13-07:00","entry_id":24612,"field1":"3.375","field2":"2.5625"},{"created_at":"2019-03-17T18:41:50-07:00","entry_id":24613,"field1":"3.375","field2":"2.1875"},{"created_at":"2019-03-17T18:51:29-07:00","entry_id":24614,"field1":"3.375","field2":"2.1875"},{"created_at":"2019-03-17T19:01:05-07:00","entry_id":24615,"field1":"3.3125","field2":"2.1875"},{"created_at":"2019-03-17T19:10:42-07:00","entry_id":24616,"field1":"3.3125","field2":"2.1875"},{"created_at":"2019-03-17T19:20:19-07:00","entry_id":24617,"field1":"3.3125","field2":"2.0625"},{"created_at":"2019-03-17T19:29:54-07:00","entry_id":24618,"field1":"3.3125","field2":"2"},{"created_at":"2019-03-17T19:39:31-07:00","entry_id":24619,"field1":"3.25","field2":"1.875"},{"created_at":"2019-03-17T19:49:08-07:00","entry_id":24620,"field1":"3.3125","field2":"1.8125"},{"created_at":"2019-03-17T19:58:45-07:00","entry_id":24621,"field1":"3.25","field2":"1.8125"},{"created_at":"2019-03-17T20:08:23-07:00","entry_id":24622,"field1":"3.25","field2":"1.8125"},{"created_at":"2019-03-17T20:18:00-07:00","entry_id":24623,"field1":"3.25","field2":"1.5625"},{"created_at":"2019-03-17T20:27:37-07:00","entry_id":24624,"field1":"3.25","field2":"1.5625"},{"created_at":"2019-03-17T20:37:14-07:00","entry_id":24625,"field1":"3.1875","field2":"1.5625"},{"created_at":"2019-03-17T20:46:52-07:00","entry_id":24626,"field1":"3.1875","field2":"1.5625"},{"created_at":"2019-03-17T20:56:28-07:00","entry_id":24627,"field1":"3.1875","field2":"1.375"},{"created_at":"2019-03-17T21:06:05-07:00","entry_id":24628,"field1":"3.1875","field2":"1.25"},{"created_at":"2019-03-17T21:15:42-07:00","entry_id":24629,"field1":"3.1875","field2":"1.1875"},{"created_at":"2019-03-17T21:25:20-07:00","entry_id":24630,"field1":"3.1875","field2":"1.25"},{"created_at":"2019-03-17T21:34:57-07:00","entry_id":24631,"field1":"3.1875","field2":"1.1875"},{"created_at":"2019-03-17T21:44:33-07:00","entry_id":24632,"field1":"3.125","field2":"0.5"},{"created_at":"2019-03-17T21:54:10-07:00","entry_id":24633,"field1":"3.0625","field2":"0.4375"},{"created_at":"2019-03-17T22:03:47-07:00","entry_id":24634,"field1":"3.0625","field2":"0.625"},{"created_at":"2019-03-17T22:13:24-07:00","entry_id":24635,"field1":"3.0625","field2":"0.6875"},{"created_at":"2019-03-17T22:23:00-07:00","entry_id":24636,"field1":"3.0625","field2":"0.6875"},{"created_at":"2019-03-17T22:32:37-07:00","entry_id":24637,"field1":"3","field2":"0.375"},{"created_at":"2019-03-17T22:42:14-07:00","entry_id":24638,"field1":"3","field2":"0"},{"created_at":"2019-03-17T22:51:51-07:00","entry_id":24639,"field1":"3","field2":"0.125"},{"created_at":"2019-03-17T23:01:29-07:00","entry_id":24640,"field1":"2.9375","field2":"0.125"},{"created_at":"2019-03-17T23:11:05-07:00","entry_id":24641,"field1":"2.9375","field2":"0.0625"},{"created_at":"2019-03-17T23:20:42-07:00","entry_id":24642,"field1":"2.9375","field2":"0.375"},{"created_at":"2019-03-17T23:30:18-07:00","entry_id":24643,"field1":"2.9375","field2":"0.0625"},{"created_at":"2019-03-17T23:39:55-07:00","entry_id":24644,"field1":"2.875","field2":"0.125"},{"created_at":"2019-03-17T23:49:32-07:00","entry_id":24645,"field1":"2.875","field2":"-0.25"},{"created_at":"2019-03-17T23:59:09-07:00","entry_id":24646,"field1":"2.875","field2":"-0.3125"}]}