{"channel":{"id":581842,"name":"Upstairs Small Window Indoor / Outdoor Sensor","latitude":"0.0","longitude":"0.0","field1":"Indoor Temperature","field2":"Outdoor Temperature","created_at":"2018-09-23T15:37:52-07:00","updated_at":"2020-07-27T05:59:41-07:00","last_entry_id":379771},"feeds":[{"created_at":"2025-11-07T00:01:31-08:00","entry_id":379490,"field1":"6.8125","field2":"6.0625"},{"created_at":"2025-11-07T00:11:07-08:00","entry_id":379491,"field1":"6.8125","field2":"5.6875"},{"created_at":"2025-11-07T00:20:46-08:00","entry_id":379492,"field1":"6.75","field2":"5.625"},{"created_at":"2025-11-07T00:30:22-08:00","entry_id":379493,"field1":"6.75","field2":"5.6875"},{"created_at":"2025-11-07T00:40:00-08:00","entry_id":379494,"field1":"6.75","field2":"5.625"},{"created_at":"2025-11-07T00:49:37-08:00","entry_id":379495,"field1":"6.75","field2":"5.5"},{"created_at":"2025-11-07T00:59:14-08:00","entry_id":379496,"field1":"6.75","field2":"5.5625"},{"created_at":"2025-11-07T01:08:50-08:00","entry_id":379497,"field1":"6.75","field2":"5.5625"},{"created_at":"2025-11-07T01:18:27-08:00","entry_id":379498,"field1":"6.75","field2":"5.5625"},{"created_at":"2025-11-07T01:28:05-08:00","entry_id":379499,"field1":"6.75","field2":"5.5"},{"created_at":"2025-11-07T01:37:41-08:00","entry_id":379500,"field1":"6.6875","field2":"5.5"},{"created_at":"2025-11-07T01:47:19-08:00","entry_id":379501,"field1":"6.6875","field2":"5.5"},{"created_at":"2025-11-07T01:56:55-08:00","entry_id":379502,"field1":"6.6875","field2":"5.4375"},{"created_at":"2025-11-07T02:06:31-08:00","entry_id":379503,"field1":"6.6875","field2":"5.4375"},{"created_at":"2025-11-07T02:16:08-08:00","entry_id":379504,"field1":"6.6875","field2":"5.4375"},{"created_at":"2025-11-07T02:25:46-08:00","entry_id":379505,"field1":"6.6875","field2":"5.4375"},{"created_at":"2025-11-07T02:35:23-08:00","entry_id":379506,"field1":"6.6875","field2":"5.4375"},{"created_at":"2025-11-07T02:44:59-08:00","entry_id":379507,"field1":"6.6875","field2":"5.4375"},{"created_at":"2025-11-07T02:54:36-08:00","entry_id":379508,"field1":"6.6875","field2":"5.375"},{"created_at":"2025-11-07T03:04:13-08:00","entry_id":379509,"field1":"6.6875","field2":"5.375"},{"created_at":"2025-11-07T03:13:50-08:00","entry_id":379510,"field1":"6.6875","field2":"5.25"},{"created_at":"2025-11-07T03:23:27-08:00","entry_id":379511,"field1":"6.6875","field2":"5.3125"},{"created_at":"2025-11-07T03:33:05-08:00","entry_id":379512,"field1":"6.625","field2":"5.25"},{"created_at":"2025-11-07T03:42:42-08:00","entry_id":379513,"field1":"6.625","field2":"5.1875"},{"created_at":"2025-11-07T03:52:18-08:00","entry_id":379514,"field1":"6.625","field2":"5.1875"},{"created_at":"2025-11-07T04:01:55-08:00","entry_id":379515,"field1":"6.625","field2":"5.1875"},{"created_at":"2025-11-07T04:11:33-08:00","entry_id":379516,"field1":"6.625","field2":"5.1875"},{"created_at":"2025-11-07T04:21:11-08:00","entry_id":379517,"field1":"6.625","field2":"5.1875"},{"created_at":"2025-11-07T04:30:48-08:00","entry_id":379518,"field1":"6.625","field2":"5.125"},{"created_at":"2025-11-07T04:40:24-08:00","entry_id":379519,"field1":"6.625","field2":"5.1875"},{"created_at":"2025-11-07T04:50:03-08:00","entry_id":379520,"field1":"6.5625","field2":"5.125"},{"created_at":"2025-11-07T04:59:39-08:00","entry_id":379521,"field1":"6.5625","field2":"5.1875"},{"created_at":"2025-11-07T05:09:17-08:00","entry_id":379522,"field1":"6.5625","field2":"5.1875"},{"created_at":"2025-11-07T05:18:55-08:00","entry_id":379523,"field1":"6.5625","field2":"5.1875"},{"created_at":"2025-11-07T05:28:30-08:00","entry_id":379524,"field1":"6.5625","field2":"5.25"},{"created_at":"2025-11-07T05:38:07-08:00","entry_id":379525,"field1":"6.5625","field2":"5.1875"},{"created_at":"2025-11-07T05:47:45-08:00","entry_id":379526,"field1":"6.5625","field2":"5.125"},{"created_at":"2025-11-07T05:57:21-08:00","entry_id":379527,"field1":"6.5625","field2":"5.125"},{"created_at":"2025-11-07T06:06:59-08:00","entry_id":379528,"field1":"6.5625","field2":"5.0625"},{"created_at":"2025-11-07T06:16:35-08:00","entry_id":379529,"field1":"6.5625","field2":"5.0625"},{"created_at":"2025-11-07T06:26:12-08:00","entry_id":379530,"field1":"6.5","field2":"5.0625"},{"created_at":"2025-11-07T06:35:48-08:00","entry_id":379531,"field1":"6.5","field2":"5.0625"},{"created_at":"2025-11-07T06:45:27-08:00","entry_id":379532,"field1":"6.5","field2":"5.0625"},{"created_at":"2025-11-07T06:55:03-08:00","entry_id":379533,"field1":"6.5","field2":"5.0625"},{"created_at":"2025-11-07T07:04:40-08:00","entry_id":379534,"field1":"6.5","field2":"5"},{"created_at":"2025-11-07T07:14:17-08:00","entry_id":379535,"field1":"6.5","field2":"5"},{"created_at":"2025-11-07T07:23:54-08:00","entry_id":379536,"field1":"6.5","field2":"5"},{"created_at":"2025-11-07T07:33:31-08:00","entry_id":379537,"field1":"6.5","field2":"5.0625"},{"created_at":"2025-11-07T07:43:08-08:00","entry_id":379538,"field1":"6.5","field2":"5.125"},{"created_at":"2025-11-07T07:52:46-08:00","entry_id":379539,"field1":"6.5","field2":"5.125"},{"created_at":"2025-11-07T08:02:23-08:00","entry_id":379540,"field1":"6.5","field2":"5.0625"},{"created_at":"2025-11-07T08:12:00-08:00","entry_id":379541,"field1":"6.4375","field2":"5.125"},{"created_at":"2025-11-07T08:21:36-08:00","entry_id":379542,"field1":"6.5","field2":"5.25"},{"created_at":"2025-11-07T08:31:13-08:00","entry_id":379543,"field1":"6.5","field2":"5.375"},{"created_at":"2025-11-07T08:40:51-08:00","entry_id":379544,"field1":"6.4375","field2":"5.3125"},{"created_at":"2025-11-07T08:50:28-08:00","entry_id":379545,"field1":"6.4375","field2":"5.375"},{"created_at":"2025-11-07T09:00:04-08:00","entry_id":379546,"field1":"6.4375","field2":"5.5"},{"created_at":"2025-11-07T09:09:43-08:00","entry_id":379547,"field1":"6.4375","field2":"5.625"},{"created_at":"2025-11-07T09:19:18-08:00","entry_id":379548,"field1":"6.5","field2":"5.75"},{"created_at":"2025-11-07T09:28:57-08:00","entry_id":379549,"field1":"6.4375","field2":"5.9375"},{"created_at":"2025-11-07T09:38:32-08:00","entry_id":379550,"field1":"6.5","field2":"6.0625"},{"created_at":"2025-11-07T09:48:09-08:00","entry_id":379551,"field1":"6.5","field2":"6.25"},{"created_at":"2025-11-07T09:57:46-08:00","entry_id":379552,"field1":"6.5","field2":"6.4375"},{"created_at":"2025-11-07T10:07:24-08:00","entry_id":379553,"field1":"6.5","field2":"6.4375"},{"created_at":"2025-11-07T10:17:01-08:00","entry_id":379554,"field1":"6.5","field2":"6.625"},{"created_at":"2025-11-07T10:26:37-08:00","entry_id":379555,"field1":"6.5","field2":"6.9375"},{"created_at":"2025-11-07T10:36:16-08:00","entry_id":379556,"field1":"6.5625","field2":"6.75"},{"created_at":"2025-11-07T10:45:55-08:00","entry_id":379557,"field1":"6.5625","field2":"6.875"},{"created_at":"2025-11-07T10:55:30-08:00","entry_id":379558,"field1":"6.5625","field2":"6.8125"},{"created_at":"2025-11-07T11:05:07-08:00","entry_id":379559,"field1":"6.5625","field2":"6.8125"},{"created_at":"2025-11-07T11:14:44-08:00","entry_id":379560,"field1":"6.5625","field2":"6.8125"},{"created_at":"2025-11-07T11:24:22-08:00","entry_id":379561,"field1":"6.625","field2":"7"},{"created_at":"2025-11-07T11:33:57-08:00","entry_id":379562,"field1":"6.625","field2":"7"},{"created_at":"2025-11-07T11:43:34-08:00","entry_id":379563,"field1":"6.625","field2":"7"},{"created_at":"2025-11-07T11:53:12-08:00","entry_id":379564,"field1":"6.625","field2":"7"},{"created_at":"2025-11-07T12:02:48-08:00","entry_id":379565,"field1":"6.6875","field2":"7.0625"},{"created_at":"2025-11-07T12:12:25-08:00","entry_id":379566,"field1":"6.6875","field2":"7.1875"},{"created_at":"2025-11-07T12:22:04-08:00","entry_id":379567,"field1":"6.6875","field2":"7.375"},{"created_at":"2025-11-07T12:31:40-08:00","entry_id":379568,"field1":"6.6875","field2":"7.5"},{"created_at":"2025-11-07T12:41:18-08:00","entry_id":379569,"field1":"6.6875","field2":"7.6875"},{"created_at":"2025-11-07T12:50:54-08:00","entry_id":379570,"field1":"6.75","field2":"7.8125"},{"created_at":"2025-11-07T13:00:30-08:00","entry_id":379571,"field1":"6.75","field2":"8"},{"created_at":"2025-11-07T13:10:09-08:00","entry_id":379572,"field1":"6.75","field2":"7.8125"},{"created_at":"2025-11-07T13:19:45-08:00","entry_id":379573,"field1":"6.75","field2":"7.875"},{"created_at":"2025-11-07T13:29:22-08:00","entry_id":379574,"field1":"6.75","field2":"7.75"},{"created_at":"2025-11-07T13:39:00-08:00","entry_id":379575,"field1":"6.8125","field2":"7.75"},{"created_at":"2025-11-07T13:48:36-08:00","entry_id":379576,"field1":"6.8125","field2":"7.6875"},{"created_at":"2025-11-07T13:58:14-08:00","entry_id":379577,"field1":"6.8125","field2":"7.625"},{"created_at":"2025-11-07T14:07:51-08:00","entry_id":379578,"field1":"6.875","field2":"7.8125"},{"created_at":"2025-11-07T14:17:28-08:00","entry_id":379579,"field1":"6.875","field2":"8.375"},{"created_at":"2025-11-07T14:27:06-08:00","entry_id":379580,"field1":"6.875","field2":"8.3125"},{"created_at":"2025-11-07T14:36:42-08:00","entry_id":379581,"field1":"6.875","field2":"8.3125"},{"created_at":"2025-11-07T14:46:19-08:00","entry_id":379582,"field1":"6.9375","field2":"8"},{"created_at":"2025-11-07T14:55:56-08:00","entry_id":379583,"field1":"6.9375","field2":"8"},{"created_at":"2025-11-07T15:05:34-08:00","entry_id":379584,"field1":"6.9375","field2":"8"},{"created_at":"2025-11-07T15:15:10-08:00","entry_id":379585,"field1":"7","field2":"7.875"},{"created_at":"2025-11-07T15:24:48-08:00","entry_id":379586,"field1":"7","field2":"7.8125"},{"created_at":"2025-11-07T15:34:24-08:00","entry_id":379587,"field1":"7","field2":"7.6875"},{"created_at":"2025-11-07T15:44:01-08:00","entry_id":379588,"field1":"7","field2":"7.5625"},{"created_at":"2025-11-07T15:53:37-08:00","entry_id":379589,"field1":"7.0625","field2":"7.375"},{"created_at":"2025-11-07T16:03:14-08:00","entry_id":379590,"field1":"7.0625","field2":"7.25"},{"created_at":"2025-11-07T16:12:50-08:00","entry_id":379591,"field1":"7.0625","field2":"7.0625"},{"created_at":"2025-11-07T16:22:28-08:00","entry_id":379592,"field1":"7.0625","field2":"7"},{"created_at":"2025-11-07T16:32:05-08:00","entry_id":379593,"field1":"7.0625","field2":"6.8125"},{"created_at":"2025-11-07T16:41:44-08:00","entry_id":379594,"field1":"7.0625","field2":"6.75"},{"created_at":"2025-11-07T16:51:20-08:00","entry_id":379595,"field1":"7.0625","field2":"6.625"},{"created_at":"2025-11-07T17:00:56-08:00","entry_id":379596,"field1":"7.0625","field2":"6.5"},{"created_at":"2025-11-07T17:10:33-08:00","entry_id":379597,"field1":"7.0625","field2":"6.4375"},{"created_at":"2025-11-07T17:20:09-08:00","entry_id":379598,"field1":"7.0625","field2":"6.375"},{"created_at":"2025-11-07T17:29:46-08:00","entry_id":379599,"field1":"7.0625","field2":"6.3125"},{"created_at":"2025-11-07T17:39:23-08:00","entry_id":379600,"field1":"7.0625","field2":"6.25"},{"created_at":"2025-11-07T17:49:00-08:00","entry_id":379601,"field1":"7.0625","field2":"6.1875"},{"created_at":"2025-11-07T17:58:39-08:00","entry_id":379602,"field1":"7.0625","field2":"6.1875"},{"created_at":"2025-11-07T18:08:17-08:00","entry_id":379603,"field1":"7.0625","field2":"6.125"},{"created_at":"2025-11-07T18:17:52-08:00","entry_id":379604,"field1":"7.0625","field2":"6.0625"},{"created_at":"2025-11-07T18:27:29-08:00","entry_id":379605,"field1":"7.0625","field2":"6.0625"},{"created_at":"2025-11-07T18:37:07-08:00","entry_id":379606,"field1":"7","field2":"6.0625"},{"created_at":"2025-11-07T18:46:43-08:00","entry_id":379607,"field1":"7","field2":"6"},{"created_at":"2025-11-07T18:56:21-08:00","entry_id":379608,"field1":"7","field2":"6"},{"created_at":"2025-11-07T19:05:58-08:00","entry_id":379609,"field1":"7","field2":"6"},{"created_at":"2025-11-07T19:15:34-08:00","entry_id":379610,"field1":"7","field2":"5.9375"},{"created_at":"2025-11-07T19:25:10-08:00","entry_id":379611,"field1":"7","field2":"5.8125"},{"created_at":"2025-11-07T19:34:47-08:00","entry_id":379612,"field1":"7","field2":"5.8125"},{"created_at":"2025-11-07T19:44:24-08:00","entry_id":379613,"field1":"7","field2":"5.75"},{"created_at":"2025-11-07T19:54:01-08:00","entry_id":379614,"field1":"7","field2":"5.625"},{"created_at":"2025-11-07T20:03:39-08:00","entry_id":379615,"field1":"7","field2":"5.625"},{"created_at":"2025-11-07T20:13:14-08:00","entry_id":379616,"field1":"6.9375","field2":"5.625"},{"created_at":"2025-11-07T20:22:53-08:00","entry_id":379617,"field1":"6.9375","field2":"5.5625"},{"created_at":"2025-11-07T20:32:28-08:00","entry_id":379618,"field1":"6.9375","field2":"5.625"},{"created_at":"2025-11-07T20:42:07-08:00","entry_id":379619,"field1":"6.9375","field2":"5.5625"},{"created_at":"2025-11-07T20:51:44-08:00","entry_id":379620,"field1":"6.9375","field2":"5.5"},{"created_at":"2025-11-07T21:01:21-08:00","entry_id":379621,"field1":"6.9375","field2":"5.5"},{"created_at":"2025-11-07T21:10:59-08:00","entry_id":379622,"field1":"6.9375","field2":"5.4375"},{"created_at":"2025-11-07T21:20:36-08:00","entry_id":379623,"field1":"6.9375","field2":"5.4375"},{"created_at":"2025-11-07T21:30:12-08:00","entry_id":379624,"field1":"6.9375","field2":"5.4375"},{"created_at":"2025-11-07T21:39:50-08:00","entry_id":379625,"field1":"6.9375","field2":"5.375"},{"created_at":"2025-11-07T21:49:26-08:00","entry_id":379626,"field1":"6.875","field2":"5.25"},{"created_at":"2025-11-07T21:59:04-08:00","entry_id":379627,"field1":"6.875","field2":"5.125"},{"created_at":"2025-11-07T22:08:41-08:00","entry_id":379628,"field1":"6.875","field2":"5.0625"},{"created_at":"2025-11-07T22:18:16-08:00","entry_id":379629,"field1":"6.875","field2":"5"},{"created_at":"2025-11-07T22:27:55-08:00","entry_id":379630,"field1":"6.875","field2":"4.9375"},{"created_at":"2025-11-07T22:37:31-08:00","entry_id":379631,"field1":"6.875","field2":"4.625"},{"created_at":"2025-11-07T22:47:10-08:00","entry_id":379632,"field1":"6.875","field2":"4.5625"},{"created_at":"2025-11-07T22:56:45-08:00","entry_id":379633,"field1":"6.8125","field2":"4.25"},{"created_at":"2025-11-07T23:06:22-08:00","entry_id":379634,"field1":"6.8125","field2":"4.25"},{"created_at":"2025-11-07T23:16:01-08:00","entry_id":379635,"field1":"6.8125","field2":"4.1875"},{"created_at":"2025-11-07T23:25:37-08:00","entry_id":379636,"field1":"6.8125","field2":"4.1875"},{"created_at":"2025-11-07T23:35:15-08:00","entry_id":379637,"field1":"6.8125","field2":"4.125"},{"created_at":"2025-11-07T23:44:50-08:00","entry_id":379638,"field1":"6.75","field2":"4.1875"},{"created_at":"2025-11-07T23:54:27-08:00","entry_id":379639,"field1":"6.75","field2":"4.125"}]}