{"channel":{"id":581842,"name":"Upstairs Small Window Indoor / Outdoor Sensor","latitude":"0.0","longitude":"0.0","field1":"Indoor Temperature","field2":"Outdoor Temperature","created_at":"2018-09-23T15:37:52-07:00","updated_at":"2020-07-27T05:59:41-07:00","last_entry_id":278153},"feeds":[{"created_at":"2023-12-23T00:04:42-08:00","entry_id":277873,"field1":"3.25","field2":"0.375"},{"created_at":"2023-12-23T00:14:19-08:00","entry_id":277874,"field1":"3.1875","field2":"0.5"},{"created_at":"2023-12-23T00:23:56-08:00","entry_id":277875,"field1":"3.1875","field2":"0.375"},{"created_at":"2023-12-23T00:33:32-08:00","entry_id":277876,"field1":"3.1875","field2":"0.3125"},{"created_at":"2023-12-23T00:43:09-08:00","entry_id":277877,"field1":"3.1875","field2":"0.25"},{"created_at":"2023-12-23T00:52:47-08:00","entry_id":277878,"field1":"3.125","field2":"0.25"},{"created_at":"2023-12-23T01:02:24-08:00","entry_id":277879,"field1":"3.125","field2":"0.0625"},{"created_at":"2023-12-23T01:11:59-08:00","entry_id":277880,"field1":"3.125","field2":"0.125"},{"created_at":"2023-12-23T01:21:37-08:00","entry_id":277881,"field1":"3.125","field2":"0.1875"},{"created_at":"2023-12-23T01:31:14-08:00","entry_id":277882,"field1":"3.0625","field2":"0.0625"},{"created_at":"2023-12-23T01:40:52-08:00","entry_id":277883,"field1":"3.0625","field2":"0.125"},{"created_at":"2023-12-23T01:50:29-08:00","entry_id":277884,"field1":"3.0625","field2":"0.125"},{"created_at":"2023-12-23T02:00:06-08:00","entry_id":277885,"field1":"3.0625","field2":"0"},{"created_at":"2023-12-23T02:09:43-08:00","entry_id":277886,"field1":"3","field2":"0"},{"created_at":"2023-12-23T02:19:20-08:00","entry_id":277887,"field1":"3","field2":"-0.0625"},{"created_at":"2023-12-23T02:28:56-08:00","entry_id":277888,"field1":"3","field2":"0"},{"created_at":"2023-12-23T02:38:34-08:00","entry_id":277889,"field1":"3","field2":"0"},{"created_at":"2023-12-23T02:48:09-08:00","entry_id":277890,"field1":"2.9375","field2":"-0.0625"},{"created_at":"2023-12-23T02:57:47-08:00","entry_id":277891,"field1":"2.9375","field2":"-0.0625"},{"created_at":"2023-12-23T03:07:23-08:00","entry_id":277892,"field1":"2.9375","field2":"-0.3125"},{"created_at":"2023-12-23T03:16:59-08:00","entry_id":277893,"field1":"2.9375","field2":"-0.125"},{"created_at":"2023-12-23T03:26:35-08:00","entry_id":277894,"field1":"2.875","field2":"-0.25"},{"created_at":"2023-12-23T03:36:11-08:00","entry_id":277895,"field1":"2.875","field2":"-0.25"},{"created_at":"2023-12-23T03:45:49-08:00","entry_id":277896,"field1":"2.875","field2":"0"},{"created_at":"2023-12-23T03:55:24-08:00","entry_id":277897,"field1":"2.875","field2":"0"},{"created_at":"2023-12-23T04:05:03-08:00","entry_id":277898,"field1":"2.875","field2":"0"},{"created_at":"2023-12-23T04:14:38-08:00","entry_id":277899,"field1":"2.8125","field2":"0.0625"},{"created_at":"2023-12-23T04:24:14-08:00","entry_id":277900,"field1":"2.8125","field2":"-0.0625"},{"created_at":"2023-12-23T04:33:51-08:00","entry_id":277901,"field1":"2.8125","field2":"-0.1875"},{"created_at":"2023-12-23T04:43:29-08:00","entry_id":277902,"field1":"2.75","field2":"-0.375"},{"created_at":"2023-12-23T04:53:06-08:00","entry_id":277903,"field1":"2.75","field2":"-0.5625"},{"created_at":"2023-12-23T05:02:41-08:00","entry_id":277904,"field1":"2.75","field2":"-0.625"},{"created_at":"2023-12-23T05:12:18-08:00","entry_id":277905,"field1":"2.75","field2":"-0.5625"},{"created_at":"2023-12-23T05:21:55-08:00","entry_id":277906,"field1":"2.75","field2":"-0.625"},{"created_at":"2023-12-23T05:31:32-08:00","entry_id":277907,"field1":"2.6875","field2":"-0.625"},{"created_at":"2023-12-23T05:41:09-08:00","entry_id":277908,"field1":"2.6875","field2":"-0.4375"},{"created_at":"2023-12-23T05:50:46-08:00","entry_id":277909,"field1":"2.6875","field2":"-0.375"},{"created_at":"2023-12-23T06:00:23-08:00","entry_id":277910,"field1":"2.6875","field2":"-0.25"},{"created_at":"2023-12-23T06:09:59-08:00","entry_id":277911,"field1":"2.625","field2":"-0.4375"},{"created_at":"2023-12-23T06:19:37-08:00","entry_id":277912,"field1":"2.625","field2":"-0.4375"},{"created_at":"2023-12-23T06:29:13-08:00","entry_id":277913,"field1":"2.625","field2":"-0.5625"},{"created_at":"2023-12-23T06:38:50-08:00","entry_id":277914,"field1":"2.625","field2":"-0.5625"},{"created_at":"2023-12-23T06:48:27-08:00","entry_id":277915,"field1":"2.5625","field2":"-0.5625"},{"created_at":"2023-12-23T06:58:04-08:00","entry_id":277916,"field1":"2.5625","field2":"-0.5"},{"created_at":"2023-12-23T07:07:41-08:00","entry_id":277917,"field1":"2.5625","field2":"-0.4375"},{"created_at":"2023-12-23T07:17:18-08:00","entry_id":277918,"field1":"2.5625","field2":"-0.375"},{"created_at":"2023-12-23T07:26:55-08:00","entry_id":277919,"field1":"2.5625","field2":"-0.375"},{"created_at":"2023-12-23T07:36:30-08:00","entry_id":277920,"field1":"2.5","field2":"-0.1875"},{"created_at":"2023-12-23T07:46:07-08:00","entry_id":277921,"field1":"2.5","field2":"-0.25"},{"created_at":"2023-12-23T07:55:44-08:00","entry_id":277922,"field1":"2.5","field2":"-0.25"},{"created_at":"2023-12-23T08:05:21-08:00","entry_id":277923,"field1":"2.5","field2":"-0.25"},{"created_at":"2023-12-23T08:14:57-08:00","entry_id":277924,"field1":"2.4375","field2":"-0.25"},{"created_at":"2023-12-23T08:24:34-08:00","entry_id":277925,"field1":"2.4375","field2":"-0.3125"},{"created_at":"2023-12-23T08:34:10-08:00","entry_id":277926,"field1":"2.4375","field2":"-0.3125"},{"created_at":"2023-12-23T08:43:48-08:00","entry_id":277927,"field1":"2.4375","field2":"-0.4375"},{"created_at":"2023-12-23T08:53:24-08:00","entry_id":277928,"field1":"2.4375","field2":"-0.3125"},{"created_at":"2023-12-23T09:03:00-08:00","entry_id":277929,"field1":"2.4375","field2":"-0.3125"},{"created_at":"2023-12-23T09:12:36-08:00","entry_id":277930,"field1":"2.375","field2":"-0.1875"},{"created_at":"2023-12-23T09:22:14-08:00","entry_id":277931,"field1":"2.375","field2":"-0.25"},{"created_at":"2023-12-23T09:31:52-08:00","entry_id":277932,"field1":"2.375","field2":"-0.1875"},{"created_at":"2023-12-23T09:41:29-08:00","entry_id":277933,"field1":"2.375","field2":"0"},{"created_at":"2023-12-23T09:51:06-08:00","entry_id":277934,"field1":"2.375","field2":"0"},{"created_at":"2023-12-23T10:00:43-08:00","entry_id":277935,"field1":"2.375","field2":"0.0625"},{"created_at":"2023-12-23T10:10:20-08:00","entry_id":277936,"field1":"2.375","field2":"0.25"},{"created_at":"2023-12-23T10:19:57-08:00","entry_id":277937,"field1":"2.375","field2":"0.4375"},{"created_at":"2023-12-23T10:29:34-08:00","entry_id":277938,"field1":"2.375","field2":"0.625"},{"created_at":"2023-12-23T10:39:10-08:00","entry_id":277939,"field1":"2.375","field2":"0.875"},{"created_at":"2023-12-23T10:48:47-08:00","entry_id":277940,"field1":"2.375","field2":"0.8125"},{"created_at":"2023-12-23T10:58:23-08:00","entry_id":277941,"field1":"2.375","field2":"0.875"},{"created_at":"2023-12-23T11:08:01-08:00","entry_id":277942,"field1":"2.375","field2":"0.8125"},{"created_at":"2023-12-23T11:17:38-08:00","entry_id":277943,"field1":"2.375","field2":"1"},{"created_at":"2023-12-23T11:27:13-08:00","entry_id":277944,"field1":"2.375","field2":"0.875"},{"created_at":"2023-12-23T11:36:52-08:00","entry_id":277945,"field1":"2.375","field2":"0.9375"},{"created_at":"2023-12-23T11:46:29-08:00","entry_id":277946,"field1":"2.375","field2":"0.9375"},{"created_at":"2023-12-23T11:56:05-08:00","entry_id":277947,"field1":"2.375","field2":"1"},{"created_at":"2023-12-23T12:05:42-08:00","entry_id":277948,"field1":"2.375","field2":"0.8125"},{"created_at":"2023-12-23T12:15:18-08:00","entry_id":277949,"field1":"2.375","field2":"1.0625"},{"created_at":"2023-12-23T12:24:54-08:00","entry_id":277950,"field1":"2.375","field2":"1.3125"},{"created_at":"2023-12-23T12:34:32-08:00","entry_id":277951,"field1":"2.375","field2":"1.875"},{"created_at":"2023-12-23T12:44:09-08:00","entry_id":277952,"field1":"2.375","field2":"1.6875"},{"created_at":"2023-12-23T12:53:44-08:00","entry_id":277953,"field1":"2.375","field2":"1.25"},{"created_at":"2023-12-23T13:03:22-08:00","entry_id":277954,"field1":"2.375","field2":"1.3125"},{"created_at":"2023-12-23T13:13:00-08:00","entry_id":277955,"field1":"2.375","field2":"1.8125"},{"created_at":"2023-12-23T13:22:35-08:00","entry_id":277956,"field1":"2.375","field2":"0.9375"},{"created_at":"2023-12-23T13:32:13-08:00","entry_id":277957,"field1":"2.375","field2":"0.75"},{"created_at":"2023-12-23T13:41:50-08:00","entry_id":277958,"field1":"2.375","field2":"0.8125"},{"created_at":"2023-12-23T13:51:28-08:00","entry_id":277959,"field1":"2.375","field2":"0.625"},{"created_at":"2023-12-23T14:01:05-08:00","entry_id":277960,"field1":"2.375","field2":"0.5"},{"created_at":"2023-12-23T14:10:41-08:00","entry_id":277961,"field1":"2.375","field2":"0.375"},{"created_at":"2023-12-23T14:20:19-08:00","entry_id":277962,"field1":"2.375","field2":"0.1875"},{"created_at":"2023-12-23T14:29:55-08:00","entry_id":277963,"field1":"2.375","field2":"0"},{"created_at":"2023-12-23T14:39:33-08:00","entry_id":277964,"field1":"2.375","field2":"0"},{"created_at":"2023-12-23T14:49:10-08:00","entry_id":277965,"field1":"2.375","field2":"-0.0625"},{"created_at":"2023-12-23T14:58:46-08:00","entry_id":277966,"field1":"2.3125","field2":"-0.1875"},{"created_at":"2023-12-23T15:08:24-08:00","entry_id":277967,"field1":"2.3125","field2":"-0.1875"},{"created_at":"2023-12-23T15:17:59-08:00","entry_id":277968,"field1":"2.3125","field2":"-0.25"},{"created_at":"2023-12-23T15:27:36-08:00","entry_id":277969,"field1":"2.3125","field2":"-0.375"},{"created_at":"2023-12-23T15:37:12-08:00","entry_id":277970,"field1":"2.25","field2":"-0.5625"},{"created_at":"2023-12-23T15:46:48-08:00","entry_id":277971,"field1":"2.25","field2":"-0.625"},{"created_at":"2023-12-23T15:56:26-08:00","entry_id":277972,"field1":"2.25","field2":"-0.6875"},{"created_at":"2023-12-23T16:06:01-08:00","entry_id":277973,"field1":"2.25","field2":"-0.6875"},{"created_at":"2023-12-23T16:15:39-08:00","entry_id":277974,"field1":"2.1875","field2":"-0.8125"},{"created_at":"2023-12-23T16:25:15-08:00","entry_id":277975,"field1":"2.1875","field2":"-0.9375"},{"created_at":"2023-12-23T16:34:53-08:00","entry_id":277976,"field1":"2.1875","field2":"-1.0625"},{"created_at":"2023-12-23T16:44:30-08:00","entry_id":277977,"field1":"2.1875","field2":"-1.125"},{"created_at":"2023-12-23T16:54:07-08:00","entry_id":277978,"field1":"2.1875","field2":"-1.125"},{"created_at":"2023-12-23T17:03:42-08:00","entry_id":277979,"field1":"2.125","field2":"-1.0625"},{"created_at":"2023-12-23T17:13:18-08:00","entry_id":277980,"field1":"2.125","field2":"-1.25"},{"created_at":"2023-12-23T17:22:54-08:00","entry_id":277981,"field1":"2.125","field2":"-1.375"},{"created_at":"2023-12-23T17:32:32-08:00","entry_id":277982,"field1":"2.0625","field2":"-1.25"},{"created_at":"2023-12-23T17:42:08-08:00","entry_id":277983,"field1":"2.0625","field2":"-1.25"},{"created_at":"2023-12-23T17:51:46-08:00","entry_id":277984,"field1":"2.0625","field2":"-1.3125"},{"created_at":"2023-12-23T18:01:23-08:00","entry_id":277985,"field1":"2","field2":"-1.375"},{"created_at":"2023-12-23T18:10:58-08:00","entry_id":277986,"field1":"2","field2":"-1.375"},{"created_at":"2023-12-23T18:20:36-08:00","entry_id":277987,"field1":"2","field2":"-1.5"},{"created_at":"2023-12-23T18:30:13-08:00","entry_id":277988,"field1":"1.9375","field2":"-1.4375"},{"created_at":"2023-12-23T18:39:50-08:00","entry_id":277989,"field1":"1.9375","field2":"-1.375"},{"created_at":"2023-12-23T18:49:26-08:00","entry_id":277990,"field1":"1.9375","field2":"-1.3125"},{"created_at":"2023-12-23T18:59:01-08:00","entry_id":277991,"field1":"1.9375","field2":"-1.375"},{"created_at":"2023-12-23T19:08:38-08:00","entry_id":277992,"field1":"1.875","field2":"-1.4375"},{"created_at":"2023-12-23T19:18:16-08:00","entry_id":277993,"field1":"1.875","field2":"-1.5"},{"created_at":"2023-12-23T19:27:51-08:00","entry_id":277994,"field1":"1.875","field2":"-1.5"},{"created_at":"2023-12-23T19:37:28-08:00","entry_id":277995,"field1":"1.8125","field2":"-1.5"},{"created_at":"2023-12-23T19:47:05-08:00","entry_id":277996,"field1":"1.8125","field2":"-1.5625"},{"created_at":"2023-12-23T19:56:43-08:00","entry_id":277997,"field1":"1.8125","field2":"-1.625"},{"created_at":"2023-12-23T20:06:18-08:00","entry_id":277998,"field1":"1.75","field2":"-1.5625"},{"created_at":"2023-12-23T20:15:56-08:00","entry_id":277999,"field1":"1.75","field2":"-1.6875"},{"created_at":"2023-12-23T20:25:31-08:00","entry_id":278000,"field1":"1.75","field2":"-1.625"},{"created_at":"2023-12-23T20:35:07-08:00","entry_id":278001,"field1":"1.6875","field2":"-1.8125"},{"created_at":"2023-12-23T20:44:45-08:00","entry_id":278002,"field1":"1.6875","field2":"-1.75"},{"created_at":"2023-12-23T20:54:22-08:00","entry_id":278003,"field1":"1.6875","field2":"-1.875"},{"created_at":"2023-12-23T21:03:58-08:00","entry_id":278004,"field1":"1.6875","field2":"-1.875"},{"created_at":"2023-12-23T21:13:36-08:00","entry_id":278005,"field1":"1.625","field2":"-1.8125"},{"created_at":"2023-12-23T21:23:13-08:00","entry_id":278006,"field1":"1.625","field2":"-2.0625"},{"created_at":"2023-12-23T21:32:49-08:00","entry_id":278007,"field1":"1.625","field2":"-2.125"},{"created_at":"2023-12-23T21:42:25-08:00","entry_id":278008,"field1":"1.5625","field2":"-1.9375"},{"created_at":"2023-12-23T21:52:03-08:00","entry_id":278009,"field1":"1.5625","field2":"-2"},{"created_at":"2023-12-23T22:01:39-08:00","entry_id":278010,"field1":"1.5625","field2":"-2.0625"},{"created_at":"2023-12-23T22:11:15-08:00","entry_id":278011,"field1":"1.5","field2":"-2.125"},{"created_at":"2023-12-23T22:20:53-08:00","entry_id":278012,"field1":"1.5","field2":"-2.25"},{"created_at":"2023-12-23T22:30:30-08:00","entry_id":278013,"field1":"1.5","field2":"-2.3125"},{"created_at":"2023-12-23T22:40:05-08:00","entry_id":278014,"field1":"1.5","field2":"-2.375"},{"created_at":"2023-12-23T22:49:42-08:00","entry_id":278015,"field1":"1.4375","field2":"-2.1875"},{"created_at":"2023-12-23T22:59:18-08:00","entry_id":278016,"field1":"1.4375","field2":"-2.375"},{"created_at":"2023-12-23T23:08:55-08:00","entry_id":278017,"field1":"1.375","field2":"-2.3125"},{"created_at":"2023-12-23T23:18:32-08:00","entry_id":278018,"field1":"1.375","field2":"-2.5625"},{"created_at":"2023-12-23T23:28:09-08:00","entry_id":278019,"field1":"1.375","field2":"-2.375"},{"created_at":"2023-12-23T23:37:45-08:00","entry_id":278020,"field1":"1.3125","field2":"-2.4375"},{"created_at":"2023-12-23T23:47:21-08:00","entry_id":278021,"field1":"1.3125","field2":"-2.5625"},{"created_at":"2023-12-23T23:56:57-08:00","entry_id":278022,"field1":"1.3125","field2":"-2.5"}]}