{"channel":{"id":581842,"name":"Upstairs Small Window Indoor / Outdoor Sensor","latitude":"0.0","longitude":"0.0","field1":"Indoor Temperature","field2":"Outdoor Temperature","created_at":"2018-09-23T15:37:52-07:00","updated_at":"2020-07-27T05:59:41-07:00","last_entry_id":384200},"feeds":[{"created_at":"2025-12-07T00:05:59-08:00","entry_id":383920,"field1":"1.4375","field2":"1.375"},{"created_at":"2025-12-07T00:15:35-08:00","entry_id":383921,"field1":"1.4375","field2":"1.3125"},{"created_at":"2025-12-07T00:25:12-08:00","entry_id":383922,"field1":"1.4375","field2":"1.3125"},{"created_at":"2025-12-07T00:34:51-08:00","entry_id":383923,"field1":"1.4375","field2":"1.3125"},{"created_at":"2025-12-07T00:44:27-08:00","entry_id":383924,"field1":"1.4375","field2":"1.3125"},{"created_at":"2025-12-07T00:54:04-08:00","entry_id":383925,"field1":"1.4375","field2":"1.25"},{"created_at":"2025-12-07T01:03:41-08:00","entry_id":383926,"field1":"1.4375","field2":"1.25"},{"created_at":"2025-12-07T01:13:16-08:00","entry_id":383927,"field1":"1.4375","field2":"1.3125"},{"created_at":"2025-12-07T01:22:54-08:00","entry_id":383928,"field1":"1.4375","field2":"1.3125"},{"created_at":"2025-12-07T01:32:30-08:00","entry_id":383929,"field1":"1.4375","field2":"1.3125"},{"created_at":"2025-12-07T01:42:06-08:00","entry_id":383930,"field1":"1.4375","field2":"1.375"},{"created_at":"2025-12-07T01:51:42-08:00","entry_id":383931,"field1":"1.4375","field2":"1.3125"},{"created_at":"2025-12-07T02:01:18-08:00","entry_id":383932,"field1":"1.4375","field2":"1.375"},{"created_at":"2025-12-07T02:10:56-08:00","entry_id":383933,"field1":"1.4375","field2":"1.375"},{"created_at":"2025-12-07T02:20:33-08:00","entry_id":383934,"field1":"1.4375","field2":"1.375"},{"created_at":"2025-12-07T02:30:08-08:00","entry_id":383935,"field1":"1.4375","field2":"1.3125"},{"created_at":"2025-12-07T02:39:46-08:00","entry_id":383936,"field1":"1.4375","field2":"1.375"},{"created_at":"2025-12-07T02:49:21-08:00","entry_id":383937,"field1":"1.4375","field2":"1.375"},{"created_at":"2025-12-07T02:58:59-08:00","entry_id":383938,"field1":"1.4375","field2":"1.375"},{"created_at":"2025-12-07T03:08:36-08:00","entry_id":383939,"field1":"1.4375","field2":"1.375"},{"created_at":"2025-12-07T03:18:12-08:00","entry_id":383940,"field1":"1.4375","field2":"1.4375"},{"created_at":"2025-12-07T03:27:49-08:00","entry_id":383941,"field1":"1.4375","field2":"1.375"},{"created_at":"2025-12-07T03:37:26-08:00","entry_id":383942,"field1":"1.4375","field2":"1.25"},{"created_at":"2025-12-07T03:47:02-08:00","entry_id":383943,"field1":"1.5","field2":"1.3125"},{"created_at":"2025-12-07T03:56:40-08:00","entry_id":383944,"field1":"1.4375","field2":"1.25"},{"created_at":"2025-12-07T04:06:16-08:00","entry_id":383945,"field1":"1.4375","field2":"1.25"},{"created_at":"2025-12-07T04:15:53-08:00","entry_id":383946,"field1":"1.5","field2":"1.375"},{"created_at":"2025-12-07T04:25:28-08:00","entry_id":383947,"field1":"1.4375","field2":"1.8125"},{"created_at":"2025-12-07T04:35:04-08:00","entry_id":383948,"field1":"1.4375","field2":"1.5625"},{"created_at":"2025-12-07T04:44:41-08:00","entry_id":383949,"field1":"1.5","field2":"1.8125"},{"created_at":"2025-12-07T04:54:19-08:00","entry_id":383950,"field1":"1.5","field2":"1.5625"},{"created_at":"2025-12-07T05:03:56-08:00","entry_id":383951,"field1":"1.5","field2":"1.5"},{"created_at":"2025-12-07T05:13:31-08:00","entry_id":383952,"field1":"1.5","field2":"1.375"},{"created_at":"2025-12-07T05:23:07-08:00","entry_id":383953,"field1":"1.5","field2":"1.375"},{"created_at":"2025-12-07T05:32:45-08:00","entry_id":383954,"field1":"1.5","field2":"1.3125"},{"created_at":"2025-12-07T05:42:22-08:00","entry_id":383955,"field1":"1.5","field2":"1.375"},{"created_at":"2025-12-07T05:51:59-08:00","entry_id":383956,"field1":"1.5","field2":"1.3125"},{"created_at":"2025-12-07T06:01:36-08:00","entry_id":383957,"field1":"1.5","field2":"1.25"},{"created_at":"2025-12-07T06:11:13-08:00","entry_id":383958,"field1":"1.5","field2":"1.25"},{"created_at":"2025-12-07T06:20:48-08:00","entry_id":383959,"field1":"1.5","field2":"1.25"},{"created_at":"2025-12-07T06:30:26-08:00","entry_id":383960,"field1":"1.5","field2":"1.25"},{"created_at":"2025-12-07T06:40:03-08:00","entry_id":383961,"field1":"1.5","field2":"1.25"},{"created_at":"2025-12-07T06:49:38-08:00","entry_id":383962,"field1":"1.5","field2":"1.25"},{"created_at":"2025-12-07T06:59:15-08:00","entry_id":383963,"field1":"1.5","field2":"1.3125"},{"created_at":"2025-12-07T07:08:51-08:00","entry_id":383964,"field1":"1.5","field2":"1.375"},{"created_at":"2025-12-07T07:18:27-08:00","entry_id":383965,"field1":"1.5","field2":"1.25"},{"created_at":"2025-12-07T07:28:05-08:00","entry_id":383966,"field1":"1.5","field2":"1.25"},{"created_at":"2025-12-07T07:37:42-08:00","entry_id":383967,"field1":"1.5","field2":"1.25"},{"created_at":"2025-12-07T07:47:18-08:00","entry_id":383968,"field1":"1.5","field2":"1.25"},{"created_at":"2025-12-07T07:56:54-08:00","entry_id":383969,"field1":"1.5","field2":"1.25"},{"created_at":"2025-12-07T08:06:31-08:00","entry_id":383970,"field1":"1.5","field2":"1.3125"},{"created_at":"2025-12-07T08:16:08-08:00","entry_id":383971,"field1":"1.5","field2":"1.3125"},{"created_at":"2025-12-07T08:25:43-08:00","entry_id":383972,"field1":"1.5","field2":"1.25"},{"created_at":"2025-12-07T08:35:21-08:00","entry_id":383973,"field1":"1.5","field2":"1.375"},{"created_at":"2025-12-07T08:44:57-08:00","entry_id":383974,"field1":"1.5","field2":"1.3125"},{"created_at":"2025-12-07T08:54:35-08:00","entry_id":383975,"field1":"1.5","field2":"1.375"},{"created_at":"2025-12-07T09:04:11-08:00","entry_id":383976,"field1":"1.5","field2":"1.375"},{"created_at":"2025-12-07T09:13:48-08:00","entry_id":383977,"field1":"1.5625","field2":"1.375"},{"created_at":"2025-12-07T09:23:23-08:00","entry_id":383978,"field1":"1.5625","field2":"1.4375"},{"created_at":"2025-12-07T09:33:01-08:00","entry_id":383979,"field1":"1.5","field2":"1.5"},{"created_at":"2025-12-07T09:42:38-08:00","entry_id":383980,"field1":"1.5625","field2":"1.5"},{"created_at":"2025-12-07T09:52:15-08:00","entry_id":383981,"field1":"1.5625","field2":"1.5"},{"created_at":"2025-12-07T10:01:52-08:00","entry_id":383982,"field1":"1.5625","field2":"1.5625"},{"created_at":"2025-12-07T10:11:27-08:00","entry_id":383983,"field1":"1.5625","field2":"1.5625"},{"created_at":"2025-12-07T10:21:05-08:00","entry_id":383984,"field1":"1.5625","field2":"1.5625"},{"created_at":"2025-12-07T10:30:40-08:00","entry_id":383985,"field1":"1.5625","field2":"1.625"},{"created_at":"2025-12-07T10:40:18-08:00","entry_id":383986,"field1":"1.5625","field2":"1.6875"},{"created_at":"2025-12-07T10:49:55-08:00","entry_id":383987,"field1":"1.5625","field2":"1.875"},{"created_at":"2025-12-07T10:59:30-08:00","entry_id":383988,"field1":"1.5625","field2":"1.8125"},{"created_at":"2025-12-07T11:09:07-08:00","entry_id":383989,"field1":"1.625","field2":"1.8125"},{"created_at":"2025-12-07T11:18:43-08:00","entry_id":383990,"field1":"1.625","field2":"1.9375"},{"created_at":"2025-12-07T11:28:19-08:00","entry_id":383991,"field1":"1.625","field2":"2.0625"},{"created_at":"2025-12-07T11:37:57-08:00","entry_id":383992,"field1":"1.625","field2":"1.9375"},{"created_at":"2025-12-07T11:47:32-08:00","entry_id":383993,"field1":"1.625","field2":"1.9375"},{"created_at":"2025-12-07T11:57:10-08:00","entry_id":383994,"field1":"1.625","field2":"1.9375"},{"created_at":"2025-12-07T12:06:47-08:00","entry_id":383995,"field1":"1.625","field2":"1.9375"},{"created_at":"2025-12-07T12:16:23-08:00","entry_id":383996,"field1":"1.625","field2":"1.9375"},{"created_at":"2025-12-07T12:25:59-08:00","entry_id":383997,"field1":"1.6875","field2":"1.875"},{"created_at":"2025-12-07T12:35:37-08:00","entry_id":383998,"field1":"1.6875","field2":"1.875"},{"created_at":"2025-12-07T12:45:14-08:00","entry_id":383999,"field1":"1.6875","field2":"2.0625"},{"created_at":"2025-12-07T12:54:51-08:00","entry_id":384000,"field1":"1.6875","field2":"2"},{"created_at":"2025-12-07T13:04:29-08:00","entry_id":384001,"field1":"1.6875","field2":"2"},{"created_at":"2025-12-07T13:14:06-08:00","entry_id":384002,"field1":"1.6875","field2":"2"},{"created_at":"2025-12-07T13:23:41-08:00","entry_id":384003,"field1":"1.6875","field2":"1.9375"},{"created_at":"2025-12-07T13:33:18-08:00","entry_id":384004,"field1":"1.75","field2":"2"},{"created_at":"2025-12-07T13:42:55-08:00","entry_id":384005,"field1":"1.6875","field2":"1.9375"},{"created_at":"2025-12-07T13:52:32-08:00","entry_id":384006,"field1":"1.75","field2":"2.25"},{"created_at":"2025-12-07T14:02:08-08:00","entry_id":384007,"field1":"1.75","field2":"2.25"},{"created_at":"2025-12-07T14:11:43-08:00","entry_id":384008,"field1":"1.75","field2":"2.3125"},{"created_at":"2025-12-07T14:21:21-08:00","entry_id":384009,"field1":"1.75","field2":"2.25"},{"created_at":"2025-12-07T14:30:56-08:00","entry_id":384010,"field1":"1.75","field2":"2.25"},{"created_at":"2025-12-07T14:40:32-08:00","entry_id":384011,"field1":"1.8125","field2":"2.25"},{"created_at":"2025-12-07T14:50:10-08:00","entry_id":384012,"field1":"1.8125","field2":"2.1875"},{"created_at":"2025-12-07T14:59:45-08:00","entry_id":384013,"field1":"1.8125","field2":"2.125"},{"created_at":"2025-12-07T15:09:23-08:00","entry_id":384014,"field1":"1.8125","field2":"2.125"},{"created_at":"2025-12-07T15:19:00-08:00","entry_id":384015,"field1":"1.8125","field2":"2.0625"},{"created_at":"2025-12-07T15:28:36-08:00","entry_id":384016,"field1":"1.8125","field2":"1.9375"},{"created_at":"2025-12-07T15:38:12-08:00","entry_id":384017,"field1":"1.8125","field2":"2.0625"},{"created_at":"2025-12-07T15:47:48-08:00","entry_id":384018,"field1":"1.8125","field2":"1.9375"},{"created_at":"2025-12-07T15:57:23-08:00","entry_id":384019,"field1":"1.8125","field2":"1.9375"},{"created_at":"2025-12-07T16:07:02-08:00","entry_id":384020,"field1":"1.8125","field2":"1.9375"},{"created_at":"2025-12-07T16:16:38-08:00","entry_id":384021,"field1":"1.875","field2":"1.9375"},{"created_at":"2025-12-07T16:26:14-08:00","entry_id":384022,"field1":"1.8125","field2":"1.875"},{"created_at":"2025-12-07T16:35:50-08:00","entry_id":384023,"field1":"1.875","field2":"1.875"},{"created_at":"2025-12-07T16:45:26-08:00","entry_id":384024,"field1":"1.875","field2":"1.875"},{"created_at":"2025-12-07T16:55:04-08:00","entry_id":384025,"field1":"1.875","field2":"1.875"},{"created_at":"2025-12-07T17:04:40-08:00","entry_id":384026,"field1":"1.875","field2":"1.8125"},{"created_at":"2025-12-07T17:14:18-08:00","entry_id":384027,"field1":"1.875","field2":"1.8125"},{"created_at":"2025-12-07T17:23:55-08:00","entry_id":384028,"field1":"1.875","field2":"1.875"},{"created_at":"2025-12-07T17:33:30-08:00","entry_id":384029,"field1":"1.875","field2":"1.875"},{"created_at":"2025-12-07T17:43:08-08:00","entry_id":384030,"field1":"1.875","field2":"2"},{"created_at":"2025-12-07T17:52:43-08:00","entry_id":384031,"field1":"1.875","field2":"1.9375"},{"created_at":"2025-12-07T18:02:21-08:00","entry_id":384032,"field1":"1.875","field2":"1.9375"},{"created_at":"2025-12-07T18:11:57-08:00","entry_id":384033,"field1":"1.875","field2":"1.9375"},{"created_at":"2025-12-07T18:21:35-08:00","entry_id":384034,"field1":"1.875","field2":"1.9375"},{"created_at":"2025-12-07T18:31:10-08:00","entry_id":384035,"field1":"1.875","field2":"1.9375"},{"created_at":"2025-12-07T18:40:46-08:00","entry_id":384036,"field1":"1.875","field2":"1.9375"},{"created_at":"2025-12-07T18:50:24-08:00","entry_id":384037,"field1":"1.875","field2":"1.9375"},{"created_at":"2025-12-07T19:00:01-08:00","entry_id":384038,"field1":"1.9375","field2":"1.9375"},{"created_at":"2025-12-07T19:09:38-08:00","entry_id":384039,"field1":"1.875","field2":"1.9375"},{"created_at":"2025-12-07T19:19:13-08:00","entry_id":384040,"field1":"1.9375","field2":"2"},{"created_at":"2025-12-07T19:28:50-08:00","entry_id":384041,"field1":"1.9375","field2":"1.9375"},{"created_at":"2025-12-07T19:38:26-08:00","entry_id":384042,"field1":"1.9375","field2":"1.9375"},{"created_at":"2025-12-07T19:48:03-08:00","entry_id":384043,"field1":"1.9375","field2":"1.9375"},{"created_at":"2025-12-07T19:57:39-08:00","entry_id":384044,"field1":"1.9375","field2":"1.9375"},{"created_at":"2025-12-07T20:07:17-08:00","entry_id":384045,"field1":"1.9375","field2":"1.9375"},{"created_at":"2025-12-07T20:16:54-08:00","entry_id":384046,"field1":"1.9375","field2":"1.875"},{"created_at":"2025-12-07T20:26:31-08:00","entry_id":384047,"field1":"1.9375","field2":"1.9375"},{"created_at":"2025-12-07T20:36:07-08:00","entry_id":384048,"field1":"1.9375","field2":"2.375"},{"created_at":"2025-12-07T20:45:44-08:00","entry_id":384049,"field1":"1.9375","field2":"2.25"},{"created_at":"2025-12-07T20:55:20-08:00","entry_id":384050,"field1":"1.9375","field2":"2"},{"created_at":"2025-12-07T21:04:57-08:00","entry_id":384051,"field1":"1.9375","field2":"1.9375"},{"created_at":"2025-12-07T21:14:35-08:00","entry_id":384052,"field1":"1.9375","field2":"1.875"},{"created_at":"2025-12-07T21:24:11-08:00","entry_id":384053,"field1":"1.9375","field2":"1.875"},{"created_at":"2025-12-07T21:33:48-08:00","entry_id":384054,"field1":"1.9375","field2":"1.8125"},{"created_at":"2025-12-07T21:43:25-08:00","entry_id":384055,"field1":"1.9375","field2":"1.8125"},{"created_at":"2025-12-07T21:53:01-08:00","entry_id":384056,"field1":"2","field2":"1.8125"},{"created_at":"2025-12-07T22:02:38-08:00","entry_id":384057,"field1":"2","field2":"1.8125"},{"created_at":"2025-12-07T22:12:16-08:00","entry_id":384058,"field1":"2","field2":"1.75"},{"created_at":"2025-12-07T22:21:52-08:00","entry_id":384059,"field1":"2","field2":"1.875"},{"created_at":"2025-12-07T22:31:29-08:00","entry_id":384060,"field1":"2","field2":"1.8125"},{"created_at":"2025-12-07T22:41:06-08:00","entry_id":384061,"field1":"2","field2":"1.875"},{"created_at":"2025-12-07T22:50:43-08:00","entry_id":384062,"field1":"2","field2":"1.8125"},{"created_at":"2025-12-07T23:00:19-08:00","entry_id":384063,"field1":"2","field2":"1.8125"},{"created_at":"2025-12-07T23:09:54-08:00","entry_id":384064,"field1":"2","field2":"1.8125"},{"created_at":"2025-12-07T23:19:31-08:00","entry_id":384065,"field1":"2","field2":"1.8125"},{"created_at":"2025-12-07T23:29:08-08:00","entry_id":384066,"field1":"2","field2":"1.8125"},{"created_at":"2025-12-07T23:38:46-08:00","entry_id":384067,"field1":"2","field2":"1.8125"},{"created_at":"2025-12-07T23:48:23-08:00","entry_id":384068,"field1":"2","field2":"1.8125"},{"created_at":"2025-12-07T23:58:00-08:00","entry_id":384069,"field1":"2","field2":"1.875"}]}