{"channel":{"id":581842,"name":"Upstairs Small Window Indoor / Outdoor Sensor","latitude":"0.0","longitude":"0.0","field1":"Indoor Temperature","field2":"Outdoor Temperature","created_at":"2018-09-23T15:37:52-07:00","updated_at":"2020-07-27T05:59:41-07:00","last_entry_id":286091},"feeds":[{"created_at":"2024-02-14T00:06:20-08:00","entry_id":285812,"field1":"0.8125","field2":"-3.75"},{"created_at":"2024-02-14T00:15:57-08:00","entry_id":285813,"field1":"0.8125","field2":"-3.9375"},{"created_at":"2024-02-14T00:25:32-08:00","entry_id":285814,"field1":"0.75","field2":"-3.9375"},{"created_at":"2024-02-14T00:35:10-08:00","entry_id":285815,"field1":"0.75","field2":"-3.9375"},{"created_at":"2024-02-14T00:44:48-08:00","entry_id":285816,"field1":"0.6875","field2":"-4.1875"},{"created_at":"2024-02-14T00:54:23-08:00","entry_id":285817,"field1":"0.6875","field2":"-4.25"},{"created_at":"2024-02-14T01:03:59-08:00","entry_id":285818,"field1":"0.6875","field2":"-4.25"},{"created_at":"2024-02-14T01:13:35-08:00","entry_id":285819,"field1":"0.625","field2":"-4.25"},{"created_at":"2024-02-14T01:23:13-08:00","entry_id":285820,"field1":"0.625","field2":"-4.4375"},{"created_at":"2024-02-14T01:32:50-08:00","entry_id":285821,"field1":"0.625","field2":"-4.75"},{"created_at":"2024-02-14T01:42:27-08:00","entry_id":285822,"field1":"0.5625","field2":"-4.6875"},{"created_at":"2024-02-14T01:52:04-08:00","entry_id":285823,"field1":"0.5625","field2":"-4.4375"},{"created_at":"2024-02-14T02:01:41-08:00","entry_id":285824,"field1":"0.5","field2":"-4.4375"},{"created_at":"2024-02-14T02:11:19-08:00","entry_id":285825,"field1":"0.5","field2":"-4.625"},{"created_at":"2024-02-14T02:20:55-08:00","entry_id":285826,"field1":"0.5","field2":"-4.5"},{"created_at":"2024-02-14T02:30:31-08:00","entry_id":285827,"field1":"0.5","field2":"-4.4375"},{"created_at":"2024-02-14T02:40:08-08:00","entry_id":285828,"field1":"0.4375","field2":"-4.375"},{"created_at":"2024-02-14T02:49:46-08:00","entry_id":285829,"field1":"0.4375","field2":"-4.375"},{"created_at":"2024-02-14T02:59:23-08:00","entry_id":285830,"field1":"0.375","field2":"-4.5625"},{"created_at":"2024-02-14T03:09:00-08:00","entry_id":285831,"field1":"0.375","field2":"-4.75"},{"created_at":"2024-02-14T03:18:37-08:00","entry_id":285832,"field1":"0.375","field2":"-4.8125"},{"created_at":"2024-02-14T03:28:14-08:00","entry_id":285833,"field1":"0.375","field2":"-5.125"},{"created_at":"2024-02-14T03:37:50-08:00","entry_id":285834,"field1":"0.3125","field2":"-5.0625"},{"created_at":"2024-02-14T03:47:28-08:00","entry_id":285835,"field1":"0.3125","field2":"-5"},{"created_at":"2024-02-14T03:57:06-08:00","entry_id":285836,"field1":"0.25","field2":"-4.5"},{"created_at":"2024-02-14T04:06:41-08:00","entry_id":285837,"field1":"0.25","field2":"-4.6875"},{"created_at":"2024-02-14T04:16:18-08:00","entry_id":285838,"field1":"0.25","field2":"-4.875"},{"created_at":"2024-02-14T04:25:56-08:00","entry_id":285839,"field1":"0.25","field2":"-4.875"},{"created_at":"2024-02-14T04:35:31-08:00","entry_id":285840,"field1":"0.1875","field2":"-4.5625"},{"created_at":"2024-02-14T04:45:07-08:00","entry_id":285841,"field1":"0.1875","field2":"-4.9375"},{"created_at":"2024-02-14T04:54:45-08:00","entry_id":285842,"field1":"0.1875","field2":"-5.0625"},{"created_at":"2024-02-14T05:04:22-08:00","entry_id":285843,"field1":"0.125","field2":"-5.0625"},{"created_at":"2024-02-14T05:13:59-08:00","entry_id":285844,"field1":"0.125","field2":"-5.375"},{"created_at":"2024-02-14T05:23:35-08:00","entry_id":285845,"field1":"0.125","field2":"-5.75"},{"created_at":"2024-02-14T05:33:12-08:00","entry_id":285846,"field1":"0.0625","field2":"-5.875"},{"created_at":"2024-02-14T05:42:48-08:00","entry_id":285847,"field1":"0.0625","field2":"-5.6875"},{"created_at":"2024-02-14T05:52:26-08:00","entry_id":285848,"field1":"0","field2":"-5.6875"},{"created_at":"2024-02-14T06:02:03-08:00","entry_id":285849,"field1":"0","field2":"-5.5"},{"created_at":"2024-02-14T06:11:38-08:00","entry_id":285850,"field1":"0","field2":"-5.875"},{"created_at":"2024-02-14T06:21:16-08:00","entry_id":285851,"field1":"-0.0625","field2":"-5.9375"},{"created_at":"2024-02-14T06:30:52-08:00","entry_id":285852,"field1":"-0.0625","field2":"-6.0625"},{"created_at":"2024-02-14T06:40:29-08:00","entry_id":285853,"field1":"-0.0625","field2":"-6.25"},{"created_at":"2024-02-14T06:50:05-08:00","entry_id":285854,"field1":"-0.125","field2":"-6.5625"},{"created_at":"2024-02-14T07:09:37-08:00","entry_id":285855,"field1":"-0.1875","field2":"-6.5625"},{"created_at":"2024-02-14T07:19:13-08:00","entry_id":285856,"field1":"-0.1875","field2":"-6.625"},{"created_at":"2024-02-14T07:28:51-08:00","entry_id":285857,"field1":"-0.1875","field2":"-6.875"},{"created_at":"2024-02-14T07:38:28-08:00","entry_id":285858,"field1":"-0.25","field2":"-6.6875"},{"created_at":"2024-02-14T07:48:05-08:00","entry_id":285859,"field1":"-0.25","field2":"-6.75"},{"created_at":"2024-02-14T07:57:42-08:00","entry_id":285860,"field1":"-0.3125","field2":"-7"},{"created_at":"2024-02-14T08:07:19-08:00","entry_id":285861,"field1":"-0.3125","field2":"-6.9375"},{"created_at":"2024-02-14T08:16:56-08:00","entry_id":285862,"field1":"-0.3125","field2":"-6.375"},{"created_at":"2024-02-14T08:26:32-08:00","entry_id":285863,"field1":"-0.3125","field2":"-6.4375"},{"created_at":"2024-02-14T08:36:09-08:00","entry_id":285864,"field1":"-0.375","field2":"-5.9375"},{"created_at":"2024-02-14T08:45:47-08:00","entry_id":285865,"field1":"-0.375","field2":"-5.625"},{"created_at":"2024-02-14T08:55:23-08:00","entry_id":285866,"field1":"-0.3125","field2":"-5.5625"},{"created_at":"2024-02-14T09:05:01-08:00","entry_id":285867,"field1":"-0.375","field2":"-5.3125"},{"created_at":"2024-02-14T09:14:37-08:00","entry_id":285868,"field1":"-0.375","field2":"-5.125"},{"created_at":"2024-02-14T09:24:15-08:00","entry_id":285869,"field1":"-0.3125","field2":"-4.6875"},{"created_at":"2024-02-14T09:33:50-08:00","entry_id":285870,"field1":"-0.25","field2":"-3.6875"},{"created_at":"2024-02-14T09:43:27-08:00","entry_id":285871,"field1":"-0.25","field2":"-4.125"},{"created_at":"2024-02-14T09:53:05-08:00","entry_id":285872,"field1":"-0.1875","field2":"-2.5625"},{"created_at":"2024-02-14T10:02:40-08:00","entry_id":285873,"field1":"-0.0625","field2":"-3"},{"created_at":"2024-02-14T10:12:17-08:00","entry_id":285874,"field1":"0.0625","field2":"-2.375"},{"created_at":"2024-02-14T10:21:54-08:00","entry_id":285875,"field1":"0.25","field2":"-3.1875"},{"created_at":"2024-02-14T10:31:29-08:00","entry_id":285876,"field1":"0.5","field2":"-3.5"},{"created_at":"2024-02-14T10:41:07-08:00","entry_id":285877,"field1":"0.6875","field2":"-3.375"},{"created_at":"2024-02-14T10:50:45-08:00","entry_id":285878,"field1":"0.875","field2":"-3.5"},{"created_at":"2024-02-14T11:00:21-08:00","entry_id":285879,"field1":"1","field2":"-3.5625"},{"created_at":"2024-02-14T11:09:58-08:00","entry_id":285880,"field1":"1","field2":"-3.25"},{"created_at":"2024-02-14T11:19:35-08:00","entry_id":285881,"field1":"1","field2":"-3.125"},{"created_at":"2024-02-14T11:29:11-08:00","entry_id":285882,"field1":"0.9375","field2":"-2.875"},{"created_at":"2024-02-14T11:38:49-08:00","entry_id":285883,"field1":"0.9375","field2":"-2.6875"},{"created_at":"2024-02-14T11:48:25-08:00","entry_id":285884,"field1":"0.875","field2":"-2.5"},{"created_at":"2024-02-14T11:58:03-08:00","entry_id":285885,"field1":"0.875","field2":"-2.25"},{"created_at":"2024-02-14T12:07:40-08:00","entry_id":285886,"field1":"0.8125","field2":"-2.1875"},{"created_at":"2024-02-14T12:17:15-08:00","entry_id":285887,"field1":"0.8125","field2":"-2.125"},{"created_at":"2024-02-14T12:26:53-08:00","entry_id":285888,"field1":"0.75","field2":"-1.9375"},{"created_at":"2024-02-14T12:36:28-08:00","entry_id":285889,"field1":"0.75","field2":"-1.625"},{"created_at":"2024-02-14T12:46:06-08:00","entry_id":285890,"field1":"0.6875","field2":"-1.5625"},{"created_at":"2024-02-14T12:55:42-08:00","entry_id":285891,"field1":"0.6875","field2":"-1.375"},{"created_at":"2024-02-14T13:05:17-08:00","entry_id":285892,"field1":"0.6875","field2":"-1.3125"},{"created_at":"2024-02-14T13:14:55-08:00","entry_id":285893,"field1":"0.6875","field2":"-1.0625"},{"created_at":"2024-02-14T13:24:32-08:00","entry_id":285894,"field1":"0.625","field2":"-0.875"},{"created_at":"2024-02-14T13:34:09-08:00","entry_id":285895,"field1":"0.625","field2":"-0.875"},{"created_at":"2024-02-14T13:43:46-08:00","entry_id":285896,"field1":"0.5625","field2":"-0.8125"},{"created_at":"2024-02-14T13:53:23-08:00","entry_id":285897,"field1":"0.5625","field2":"-0.75"},{"created_at":"2024-02-14T14:03:00-08:00","entry_id":285898,"field1":"0.5625","field2":"-0.625"},{"created_at":"2024-02-14T14:12:37-08:00","entry_id":285899,"field1":"0.5","field2":"-0.875"},{"created_at":"2024-02-14T14:22:15-08:00","entry_id":285900,"field1":"0.5","field2":"-1.125"},{"created_at":"2024-02-14T14:31:50-08:00","entry_id":285901,"field1":"0.5","field2":"-1.375"},{"created_at":"2024-02-14T14:41:28-08:00","entry_id":285902,"field1":"0.5","field2":"-1.25"},{"created_at":"2024-02-14T14:51:06-08:00","entry_id":285903,"field1":"0.5","field2":"-1.375"},{"created_at":"2024-02-14T15:00:43-08:00","entry_id":285904,"field1":"0.4375","field2":"-1.5"},{"created_at":"2024-02-14T15:10:20-08:00","entry_id":285905,"field1":"0.4375","field2":"-1.6875"},{"created_at":"2024-02-14T15:19:57-08:00","entry_id":285906,"field1":"0.4375","field2":"-1.8125"},{"created_at":"2024-02-14T15:29:34-08:00","entry_id":285907,"field1":"0.4375","field2":"-1.875"},{"created_at":"2024-02-14T15:39:11-08:00","entry_id":285908,"field1":"0.375","field2":"-2"},{"created_at":"2024-02-14T15:48:48-08:00","entry_id":285909,"field1":"0.375","field2":"-2.125"},{"created_at":"2024-02-14T15:58:25-08:00","entry_id":285910,"field1":"0.375","field2":"-2.25"},{"created_at":"2024-02-14T16:08:02-08:00","entry_id":285911,"field1":"0.3125","field2":"-2.4375"},{"created_at":"2024-02-14T16:17:37-08:00","entry_id":285912,"field1":"0.3125","field2":"-2.4375"},{"created_at":"2024-02-14T16:27:15-08:00","entry_id":285913,"field1":"0.3125","field2":"-2.5625"},{"created_at":"2024-02-14T16:36:52-08:00","entry_id":285914,"field1":"0.25","field2":"-2.5"},{"created_at":"2024-02-14T16:46:29-08:00","entry_id":285915,"field1":"0.25","field2":"-2.625"},{"created_at":"2024-02-14T16:56:06-08:00","entry_id":285916,"field1":"0.25","field2":"-2.75"},{"created_at":"2024-02-14T17:05:43-08:00","entry_id":285917,"field1":"0.1875","field2":"-2.875"},{"created_at":"2024-02-14T17:15:20-08:00","entry_id":285918,"field1":"0.1875","field2":"-2.9375"},{"created_at":"2024-02-14T17:24:55-08:00","entry_id":285919,"field1":"0.1875","field2":"-3.0625"},{"created_at":"2024-02-14T17:34:32-08:00","entry_id":285920,"field1":"0.125","field2":"-3.1875"},{"created_at":"2024-02-14T17:44:08-08:00","entry_id":285921,"field1":"0.125","field2":"-3.25"},{"created_at":"2024-02-14T17:53:45-08:00","entry_id":285922,"field1":"0.125","field2":"-3.3125"},{"created_at":"2024-02-14T18:03:22-08:00","entry_id":285923,"field1":"0.0625","field2":"-3.375"},{"created_at":"2024-02-14T18:12:59-08:00","entry_id":285924,"field1":"0.0625","field2":"-3.5"},{"created_at":"2024-02-14T18:22:36-08:00","entry_id":285925,"field1":"0.0625","field2":"-3.4375"},{"created_at":"2024-02-14T18:32:11-08:00","entry_id":285926,"field1":"0","field2":"-3.5625"},{"created_at":"2024-02-14T18:41:49-08:00","entry_id":285927,"field1":"0","field2":"-3.5625"},{"created_at":"2024-02-14T18:51:26-08:00","entry_id":285928,"field1":"0","field2":"-3.6875"},{"created_at":"2024-02-14T19:01:03-08:00","entry_id":285929,"field1":"-0.0625","field2":"-3.875"},{"created_at":"2024-02-14T19:10:40-08:00","entry_id":285930,"field1":"-0.0625","field2":"-3.875"},{"created_at":"2024-02-14T19:20:17-08:00","entry_id":285931,"field1":"-0.0625","field2":"-3.875"},{"created_at":"2024-02-14T19:29:54-08:00","entry_id":285932,"field1":"-0.125","field2":"-3.9375"},{"created_at":"2024-02-14T19:39:31-08:00","entry_id":285933,"field1":"-0.125","field2":"-4.125"},{"created_at":"2024-02-14T19:49:08-08:00","entry_id":285934,"field1":"-0.1875","field2":"-4.125"},{"created_at":"2024-02-14T19:58:43-08:00","entry_id":285935,"field1":"-0.1875","field2":"-4.125"},{"created_at":"2024-02-14T20:08:21-08:00","entry_id":285936,"field1":"-0.1875","field2":"-4.1875"},{"created_at":"2024-02-14T20:17:59-08:00","entry_id":285937,"field1":"-0.25","field2":"-4.125"},{"created_at":"2024-02-14T20:27:36-08:00","entry_id":285938,"field1":"-0.25","field2":"-4.5625"},{"created_at":"2024-02-14T20:37:13-08:00","entry_id":285939,"field1":"-0.3125","field2":"-4.4375"},{"created_at":"2024-02-14T20:46:47-08:00","entry_id":285940,"field1":"-0.3125","field2":"-4.75"},{"created_at":"2024-02-14T20:56:23-08:00","entry_id":285941,"field1":"-0.3125","field2":"-4.8125"},{"created_at":"2024-02-14T21:06:01-08:00","entry_id":285942,"field1":"-0.375","field2":"-5.3125"},{"created_at":"2024-02-14T21:15:37-08:00","entry_id":285943,"field1":"-0.375","field2":"-5.25"},{"created_at":"2024-02-14T21:25:15-08:00","entry_id":285944,"field1":"-0.375","field2":"-5.3125"},{"created_at":"2024-02-14T21:34:50-08:00","entry_id":285945,"field1":"-0.4375","field2":"-5.5"},{"created_at":"2024-02-14T21:44:28-08:00","entry_id":285946,"field1":"-0.4375","field2":"-5.5625"},{"created_at":"2024-02-14T21:54:03-08:00","entry_id":285947,"field1":"-0.5","field2":"-5.75"},{"created_at":"2024-02-14T22:03:41-08:00","entry_id":285948,"field1":"-0.5","field2":"-5.5625"},{"created_at":"2024-02-14T22:13:16-08:00","entry_id":285949,"field1":"-0.5","field2":"-5.4375"},{"created_at":"2024-02-14T22:22:54-08:00","entry_id":285950,"field1":"-0.5625","field2":"-6.0625"},{"created_at":"2024-02-14T22:32:31-08:00","entry_id":285951,"field1":"-0.5625","field2":"-6.25"},{"created_at":"2024-02-14T22:42:09-08:00","entry_id":285952,"field1":"-0.625","field2":"-6.375"},{"created_at":"2024-02-14T22:51:44-08:00","entry_id":285953,"field1":"-0.625","field2":"-5.9375"},{"created_at":"2024-02-14T23:01:21-08:00","entry_id":285954,"field1":"-0.6875","field2":"-5.8125"},{"created_at":"2024-02-14T23:10:56-08:00","entry_id":285955,"field1":"-0.6875","field2":"-5.9375"},{"created_at":"2024-02-14T23:20:34-08:00","entry_id":285956,"field1":"-0.75","field2":"-5.875"},{"created_at":"2024-02-14T23:30:09-08:00","entry_id":285957,"field1":"-0.75","field2":"-5.9375"},{"created_at":"2024-02-14T23:39:46-08:00","entry_id":285958,"field1":"-0.8125","field2":"-5.9375"},{"created_at":"2024-02-14T23:49:22-08:00","entry_id":285959,"field1":"-0.8125","field2":"-6.1875"},{"created_at":"2024-02-14T23:58:58-08:00","entry_id":285960,"field1":"-0.8125","field2":"-6.6875"}]}