{"channel":{"id":581842,"name":"Upstairs Small Window Indoor / Outdoor Sensor","latitude":"0.0","longitude":"0.0","field1":"Indoor Temperature","field2":"Outdoor Temperature","created_at":"2018-09-23T15:37:52-07:00","updated_at":"2020-07-27T05:59:41-07:00","last_entry_id":337089},"feeds":[{"created_at":"2025-01-22T00:03:51-08:00","entry_id":336809,"field1":"2.3125","field2":"-4.625"},{"created_at":"2025-01-22T00:13:27-08:00","entry_id":336810,"field1":"2.25","field2":"-4.6875"},{"created_at":"2025-01-22T00:23:03-08:00","entry_id":336811,"field1":"2.25","field2":"-4.6875"},{"created_at":"2025-01-22T00:32:40-08:00","entry_id":336812,"field1":"2.25","field2":"-4.5"},{"created_at":"2025-01-22T00:42:17-08:00","entry_id":336813,"field1":"2.25","field2":"-4.25"},{"created_at":"2025-01-22T00:51:54-08:00","entry_id":336814,"field1":"2.25","field2":"-4.1875"},{"created_at":"2025-01-22T01:01:31-08:00","entry_id":336815,"field1":"2.25","field2":"-4.125"},{"created_at":"2025-01-22T01:11:07-08:00","entry_id":336816,"field1":"2.25","field2":"-4.25"},{"created_at":"2025-01-22T01:20:45-08:00","entry_id":336817,"field1":"2.25","field2":"-4.1875"},{"created_at":"2025-01-22T01:30:22-08:00","entry_id":336818,"field1":"2.1875","field2":"-4"},{"created_at":"2025-01-22T01:39:58-08:00","entry_id":336819,"field1":"2.1875","field2":"-4.1875"},{"created_at":"2025-01-22T01:49:35-08:00","entry_id":336820,"field1":"2.1875","field2":"-4.25"},{"created_at":"2025-01-22T01:59:12-08:00","entry_id":336821,"field1":"2.1875","field2":"-4.3125"},{"created_at":"2025-01-22T02:08:48-08:00","entry_id":336822,"field1":"2.1875","field2":"-4.375"},{"created_at":"2025-01-22T02:18:25-08:00","entry_id":336823,"field1":"2.1875","field2":"-4.4375"},{"created_at":"2025-01-22T02:28:03-08:00","entry_id":336824,"field1":"2.1875","field2":"-4.25"},{"created_at":"2025-01-22T02:37:40-08:00","entry_id":336825,"field1":"2.1875","field2":"-4.1875"},{"created_at":"2025-01-22T02:47:17-08:00","entry_id":336826,"field1":"2.1875","field2":"-4"},{"created_at":"2025-01-22T02:56:53-08:00","entry_id":336827,"field1":"2.1875","field2":"-3.875"},{"created_at":"2025-01-22T03:06:29-08:00","entry_id":336828,"field1":"2.125","field2":"-3.875"},{"created_at":"2025-01-22T03:16:06-08:00","entry_id":336829,"field1":"2.125","field2":"-3.9375"},{"created_at":"2025-01-22T03:25:43-08:00","entry_id":336830,"field1":"2.125","field2":"-3.875"},{"created_at":"2025-01-22T03:35:20-08:00","entry_id":336831,"field1":"2.125","field2":"-3.9375"},{"created_at":"2025-01-22T03:44:56-08:00","entry_id":336832,"field1":"2.125","field2":"-4"},{"created_at":"2025-01-22T03:54:33-08:00","entry_id":336833,"field1":"2.125","field2":"-4"},{"created_at":"2025-01-22T04:04:10-08:00","entry_id":336834,"field1":"2.125","field2":"-4"},{"created_at":"2025-01-22T04:13:47-08:00","entry_id":336835,"field1":"2.125","field2":"-4.0625"},{"created_at":"2025-01-22T04:23:22-08:00","entry_id":336836,"field1":"2.125","field2":"-4"},{"created_at":"2025-01-22T04:33:00-08:00","entry_id":336837,"field1":"2.125","field2":"-4"},{"created_at":"2025-01-22T04:42:37-08:00","entry_id":336838,"field1":"2.125","field2":"-3.8125"},{"created_at":"2025-01-22T04:52:14-08:00","entry_id":336839,"field1":"2.125","field2":"-4.4375"},{"created_at":"2025-01-22T05:01:51-08:00","entry_id":336840,"field1":"2.125","field2":"-4.625"},{"created_at":"2025-01-22T05:11:28-08:00","entry_id":336841,"field1":"2.125","field2":"-4.4375"},{"created_at":"2025-01-22T05:21:05-08:00","entry_id":336842,"field1":"2.0625","field2":"-4.25"},{"created_at":"2025-01-22T05:30:41-08:00","entry_id":336843,"field1":"2.0625","field2":"-4.25"},{"created_at":"2025-01-22T05:40:19-08:00","entry_id":336844,"field1":"2.0625","field2":"-4.125"},{"created_at":"2025-01-22T05:49:56-08:00","entry_id":336845,"field1":"2.0625","field2":"-4.125"},{"created_at":"2025-01-22T05:59:32-08:00","entry_id":336846,"field1":"2.0625","field2":"-4.0625"},{"created_at":"2025-01-22T06:09:10-08:00","entry_id":336847,"field1":"2.0625","field2":"-4.25"},{"created_at":"2025-01-22T06:18:45-08:00","entry_id":336848,"field1":"2.0625","field2":"-4.125"},{"created_at":"2025-01-22T06:28:23-08:00","entry_id":336849,"field1":"2.0625","field2":"-4"},{"created_at":"2025-01-22T06:38:00-08:00","entry_id":336850,"field1":"2.0625","field2":"-4.0625"},{"created_at":"2025-01-22T06:47:35-08:00","entry_id":336851,"field1":"2.0625","field2":"-4"},{"created_at":"2025-01-22T06:57:13-08:00","entry_id":336852,"field1":"2.0625","field2":"-3.9375"},{"created_at":"2025-01-22T07:06:50-08:00","entry_id":336853,"field1":"2.0625","field2":"-4.0625"},{"created_at":"2025-01-22T07:16:26-08:00","entry_id":336854,"field1":"2.0625","field2":"-4.125"},{"created_at":"2025-01-22T07:26:03-08:00","entry_id":336855,"field1":"2.0625","field2":"-4.1875"},{"created_at":"2025-01-22T07:35:40-08:00","entry_id":336856,"field1":"2.0625","field2":"-4.1875"},{"created_at":"2025-01-22T07:45:17-08:00","entry_id":336857,"field1":"2.0625","field2":"-4"},{"created_at":"2025-01-22T07:54:52-08:00","entry_id":336858,"field1":"2.0625","field2":"-4"},{"created_at":"2025-01-22T08:04:30-08:00","entry_id":336859,"field1":"2","field2":"-4"},{"created_at":"2025-01-22T08:14:07-08:00","entry_id":336860,"field1":"2.0625","field2":"-4.3125"},{"created_at":"2025-01-22T08:23:43-08:00","entry_id":336861,"field1":"2","field2":"-4.1875"},{"created_at":"2025-01-22T08:33:20-08:00","entry_id":336862,"field1":"2.0625","field2":"-4.125"},{"created_at":"2025-01-22T08:42:57-08:00","entry_id":336863,"field1":"2.0625","field2":"-3.9375"},{"created_at":"2025-01-22T08:52:34-08:00","entry_id":336864,"field1":"2.0625","field2":"-3.9375"},{"created_at":"2025-01-22T09:02:11-08:00","entry_id":336865,"field1":"2.0625","field2":"-4"},{"created_at":"2025-01-22T09:11:48-08:00","entry_id":336866,"field1":"2.0625","field2":"-4.0625"},{"created_at":"2025-01-22T09:21:25-08:00","entry_id":336867,"field1":"2.0625","field2":"-4.125"},{"created_at":"2025-01-22T09:31:02-08:00","entry_id":336868,"field1":"2.0625","field2":"-3.9375"},{"created_at":"2025-01-22T09:40:39-08:00","entry_id":336869,"field1":"2.0625","field2":"-4.0625"},{"created_at":"2025-01-22T09:50:16-08:00","entry_id":336870,"field1":"2","field2":"-3.9375"},{"created_at":"2025-01-22T09:59:53-08:00","entry_id":336871,"field1":"2.0625","field2":"-3.9375"},{"created_at":"2025-01-22T10:09:29-08:00","entry_id":336872,"field1":"2.0625","field2":"-4"},{"created_at":"2025-01-22T10:19:06-08:00","entry_id":336873,"field1":"2.0625","field2":"-3.8125"},{"created_at":"2025-01-22T10:28:42-08:00","entry_id":336874,"field1":"2.0625","field2":"-3.8125"},{"created_at":"2025-01-22T10:38:19-08:00","entry_id":336875,"field1":"2.0625","field2":"-3.625"},{"created_at":"2025-01-22T10:47:56-08:00","entry_id":336876,"field1":"2.0625","field2":"-3.5"},{"created_at":"2025-01-22T10:57:33-08:00","entry_id":336877,"field1":"2.0625","field2":"-3.5"},{"created_at":"2025-01-22T11:07:08-08:00","entry_id":336878,"field1":"2.0625","field2":"-3.3125"},{"created_at":"2025-01-22T11:16:45-08:00","entry_id":336879,"field1":"2.0625","field2":"-3.375"},{"created_at":"2025-01-22T11:26:21-08:00","entry_id":336880,"field1":"2.0625","field2":"-3.3125"},{"created_at":"2025-01-22T11:35:58-08:00","entry_id":336881,"field1":"2.125","field2":"-3.25"},{"created_at":"2025-01-22T11:45:36-08:00","entry_id":336882,"field1":"2.0625","field2":"-3.3125"},{"created_at":"2025-01-22T11:55:13-08:00","entry_id":336883,"field1":"2.125","field2":"-3.0625"},{"created_at":"2025-01-22T12:04:48-08:00","entry_id":336884,"field1":"2.125","field2":"-3.25"},{"created_at":"2025-01-22T12:14:26-08:00","entry_id":336885,"field1":"2.125","field2":"-3.0625"},{"created_at":"2025-01-22T12:24:02-08:00","entry_id":336886,"field1":"2.125","field2":"-3.4375"},{"created_at":"2025-01-22T12:33:40-08:00","entry_id":336887,"field1":"2.125","field2":"-3.25"},{"created_at":"2025-01-22T12:43:17-08:00","entry_id":336888,"field1":"2.125","field2":"-3.125"},{"created_at":"2025-01-22T12:52:53-08:00","entry_id":336889,"field1":"2.1875","field2":"-3"},{"created_at":"2025-01-22T13:02:30-08:00","entry_id":336890,"field1":"2.1875","field2":"-3.125"},{"created_at":"2025-01-22T13:12:07-08:00","entry_id":336891,"field1":"2.1875","field2":"-3.125"},{"created_at":"2025-01-22T13:21:44-08:00","entry_id":336892,"field1":"2.1875","field2":"-3.0625"},{"created_at":"2025-01-22T13:31:21-08:00","entry_id":336893,"field1":"2.1875","field2":"-3"},{"created_at":"2025-01-22T13:40:58-08:00","entry_id":336894,"field1":"2.25","field2":"-3.0625"},{"created_at":"2025-01-22T13:50:35-08:00","entry_id":336895,"field1":"2.25","field2":"-2.875"},{"created_at":"2025-01-22T14:00:12-08:00","entry_id":336896,"field1":"2.25","field2":"-2.9375"},{"created_at":"2025-01-22T14:09:50-08:00","entry_id":336897,"field1":"2.25","field2":"-3.1875"},{"created_at":"2025-01-22T14:19:27-08:00","entry_id":336898,"field1":"2.25","field2":"-3.0625"},{"created_at":"2025-01-22T14:29:04-08:00","entry_id":336899,"field1":"2.3125","field2":"-3"},{"created_at":"2025-01-22T14:38:39-08:00","entry_id":336900,"field1":"2.3125","field2":"-2.625"},{"created_at":"2025-01-22T14:48:17-08:00","entry_id":336901,"field1":"2.3125","field2":"-2.9375"},{"created_at":"2025-01-22T14:57:54-08:00","entry_id":336902,"field1":"2.3125","field2":"-2.8125"},{"created_at":"2025-01-22T15:07:31-08:00","entry_id":336903,"field1":"2.3125","field2":"-2.875"},{"created_at":"2025-01-22T15:17:08-08:00","entry_id":336904,"field1":"2.3125","field2":"-2.875"},{"created_at":"2025-01-22T15:26:45-08:00","entry_id":336905,"field1":"2.3125","field2":"-2.75"},{"created_at":"2025-01-22T15:36:22-08:00","entry_id":336906,"field1":"2.3125","field2":"-2.75"},{"created_at":"2025-01-22T15:45:57-08:00","entry_id":336907,"field1":"2.3125","field2":"-2.75"},{"created_at":"2025-01-22T15:55:35-08:00","entry_id":336908,"field1":"2.3125","field2":"-2.875"},{"created_at":"2025-01-22T16:05:12-08:00","entry_id":336909,"field1":"2.3125","field2":"-2.9375"},{"created_at":"2025-01-22T16:14:49-08:00","entry_id":336910,"field1":"2.375","field2":"-3.125"},{"created_at":"2025-01-22T16:24:25-08:00","entry_id":336911,"field1":"2.375","field2":"-2.9375"},{"created_at":"2025-01-22T16:34:02-08:00","entry_id":336912,"field1":"2.3125","field2":"-3"},{"created_at":"2025-01-22T16:43:39-08:00","entry_id":336913,"field1":"2.3125","field2":"-3.125"},{"created_at":"2025-01-22T16:53:16-08:00","entry_id":336914,"field1":"2.3125","field2":"-3.3125"},{"created_at":"2025-01-22T17:02:52-08:00","entry_id":336915,"field1":"2.3125","field2":"-3.25"},{"created_at":"2025-01-22T17:12:29-08:00","entry_id":336916,"field1":"2.3125","field2":"-3.375"},{"created_at":"2025-01-22T17:22:06-08:00","entry_id":336917,"field1":"2.3125","field2":"-3.375"},{"created_at":"2025-01-22T17:31:43-08:00","entry_id":336918,"field1":"2.3125","field2":"-3.4375"},{"created_at":"2025-01-22T17:41:20-08:00","entry_id":336919,"field1":"2.3125","field2":"-3.4375"},{"created_at":"2025-01-22T17:50:56-08:00","entry_id":336920,"field1":"2.3125","field2":"-3.4375"},{"created_at":"2025-01-22T18:00:33-08:00","entry_id":336921,"field1":"2.3125","field2":"-3.3125"},{"created_at":"2025-01-22T18:10:11-08:00","entry_id":336922,"field1":"2.3125","field2":"-3.375"},{"created_at":"2025-01-22T18:19:45-08:00","entry_id":336923,"field1":"2.3125","field2":"-3.3125"},{"created_at":"2025-01-22T18:29:21-08:00","entry_id":336924,"field1":"2.3125","field2":"-3.25"},{"created_at":"2025-01-22T18:38:59-08:00","entry_id":336925,"field1":"2.3125","field2":"-3.375"},{"created_at":"2025-01-22T18:48:36-08:00","entry_id":336926,"field1":"2.3125","field2":"-3.3125"},{"created_at":"2025-01-22T18:58:11-08:00","entry_id":336927,"field1":"2.3125","field2":"-3.25"},{"created_at":"2025-01-22T19:07:49-08:00","entry_id":336928,"field1":"2.3125","field2":"-3.25"},{"created_at":"2025-01-22T19:17:27-08:00","entry_id":336929,"field1":"2.3125","field2":"-3.25"},{"created_at":"2025-01-22T19:27:02-08:00","entry_id":336930,"field1":"2.3125","field2":"-3.25"},{"created_at":"2025-01-22T19:36:40-08:00","entry_id":336931,"field1":"2.3125","field2":"-3.4375"},{"created_at":"2025-01-22T19:46:17-08:00","entry_id":336932,"field1":"2.3125","field2":"-3.4375"},{"created_at":"2025-01-22T19:55:54-08:00","entry_id":336933,"field1":"2.3125","field2":"-3.375"},{"created_at":"2025-01-22T20:05:31-08:00","entry_id":336934,"field1":"2.25","field2":"-3.5"},{"created_at":"2025-01-22T20:15:06-08:00","entry_id":336935,"field1":"2.25","field2":"-3.5"},{"created_at":"2025-01-22T20:24:45-08:00","entry_id":336936,"field1":"2.3125","field2":"-3.375"},{"created_at":"2025-01-22T20:34:22-08:00","entry_id":336937,"field1":"2.25","field2":"-3.4375"},{"created_at":"2025-01-22T20:43:59-08:00","entry_id":336938,"field1":"2.3125","field2":"-3.5625"},{"created_at":"2025-01-22T20:53:36-08:00","entry_id":336939,"field1":"2.25","field2":"-3.5"},{"created_at":"2025-01-22T21:03:11-08:00","entry_id":336940,"field1":"2.3125","field2":"-3.5"},{"created_at":"2025-01-22T21:12:49-08:00","entry_id":336941,"field1":"2.3125","field2":"-3.3125"},{"created_at":"2025-01-22T21:22:26-08:00","entry_id":336942,"field1":"2.25","field2":"-3.4375"},{"created_at":"2025-01-22T21:32:03-08:00","entry_id":336943,"field1":"2.25","field2":"-3.4375"},{"created_at":"2025-01-22T21:41:39-08:00","entry_id":336944,"field1":"2.25","field2":"-3.3125"},{"created_at":"2025-01-22T21:51:16-08:00","entry_id":336945,"field1":"2.3125","field2":"-3.4375"},{"created_at":"2025-01-22T22:00:53-08:00","entry_id":336946,"field1":"2.3125","field2":"-3.375"},{"created_at":"2025-01-22T22:10:30-08:00","entry_id":336947,"field1":"2.25","field2":"-3.375"},{"created_at":"2025-01-22T22:20:07-08:00","entry_id":336948,"field1":"2.25","field2":"-3.4375"},{"created_at":"2025-01-22T22:29:42-08:00","entry_id":336949,"field1":"2.25","field2":"-3.5"},{"created_at":"2025-01-22T22:39:19-08:00","entry_id":336950,"field1":"2.25","field2":"-3.375"},{"created_at":"2025-01-22T22:48:57-08:00","entry_id":336951,"field1":"2.25","field2":"-3.3125"},{"created_at":"2025-01-22T22:58:32-08:00","entry_id":336952,"field1":"2.25","field2":"-3.25"},{"created_at":"2025-01-22T23:08:10-08:00","entry_id":336953,"field1":"2.25","field2":"-3.3125"},{"created_at":"2025-01-22T23:17:45-08:00","entry_id":336954,"field1":"2.25","field2":"-3.375"},{"created_at":"2025-01-22T23:27:23-08:00","entry_id":336955,"field1":"2.25","field2":"-3.25"},{"created_at":"2025-01-22T23:37:00-08:00","entry_id":336956,"field1":"2.25","field2":"-3.1875"},{"created_at":"2025-01-22T23:46:37-08:00","entry_id":336957,"field1":"2.25","field2":"-3.4375"},{"created_at":"2025-01-22T23:56:14-08:00","entry_id":336958,"field1":"2.25","field2":"-3.25"}]}