{"channel":{"id":581842,"name":"Upstairs Small Window Indoor / Outdoor Sensor","latitude":"0.0","longitude":"0.0","field1":"Indoor Temperature","field2":"Outdoor Temperature","created_at":"2018-09-23T15:37:52-07:00","updated_at":"2020-07-27T05:59:41-07:00","last_entry_id":384500},"feeds":[{"created_at":"2025-12-09T00:01:08-08:00","entry_id":384219,"field1":"2.75","field2":"2.875"},{"created_at":"2025-12-09T00:10:47-08:00","entry_id":384220,"field1":"2.75","field2":"2.9375"},{"created_at":"2025-12-09T00:20:24-08:00","entry_id":384221,"field1":"2.75","field2":"2.9375"},{"created_at":"2025-12-09T00:30:00-08:00","entry_id":384222,"field1":"2.75","field2":"3"},{"created_at":"2025-12-09T00:39:37-08:00","entry_id":384223,"field1":"2.8125","field2":"3"},{"created_at":"2025-12-09T00:49:14-08:00","entry_id":384224,"field1":"2.8125","field2":"2.9375"},{"created_at":"2025-12-09T00:58:51-08:00","entry_id":384225,"field1":"2.8125","field2":"3"},{"created_at":"2025-12-09T01:08:29-08:00","entry_id":384226,"field1":"2.8125","field2":"3.0625"},{"created_at":"2025-12-09T01:18:04-08:00","entry_id":384227,"field1":"2.8125","field2":"3"},{"created_at":"2025-12-09T01:27:42-08:00","entry_id":384228,"field1":"2.8125","field2":"3.0625"},{"created_at":"2025-12-09T01:37:19-08:00","entry_id":384229,"field1":"2.8125","field2":"2.9375"},{"created_at":"2025-12-09T01:46:55-08:00","entry_id":384230,"field1":"2.8125","field2":"2.875"},{"created_at":"2025-12-09T01:56:32-08:00","entry_id":384231,"field1":"2.8125","field2":"2.875"},{"created_at":"2025-12-09T02:06:09-08:00","entry_id":384232,"field1":"2.8125","field2":"2.875"},{"created_at":"2025-12-09T02:15:46-08:00","entry_id":384233,"field1":"2.8125","field2":"2.8125"},{"created_at":"2025-12-09T02:25:22-08:00","entry_id":384234,"field1":"2.875","field2":"2.6875"},{"created_at":"2025-12-09T02:34:59-08:00","entry_id":384235,"field1":"2.875","field2":"2.8125"},{"created_at":"2025-12-09T02:44:36-08:00","entry_id":384236,"field1":"2.875","field2":"2.8125"},{"created_at":"2025-12-09T02:54:13-08:00","entry_id":384237,"field1":"2.8125","field2":"2.8125"},{"created_at":"2025-12-09T03:03:49-08:00","entry_id":384238,"field1":"2.8125","field2":"2.75"},{"created_at":"2025-12-09T03:13:25-08:00","entry_id":384239,"field1":"2.875","field2":"2.75"},{"created_at":"2025-12-09T03:23:01-08:00","entry_id":384240,"field1":"2.875","field2":"2.625"},{"created_at":"2025-12-09T03:32:39-08:00","entry_id":384241,"field1":"2.875","field2":"2.75"},{"created_at":"2025-12-09T03:42:16-08:00","entry_id":384242,"field1":"2.875","field2":"2.5625"},{"created_at":"2025-12-09T03:51:53-08:00","entry_id":384243,"field1":"2.875","field2":"2.625"},{"created_at":"2025-12-09T04:01:28-08:00","entry_id":384244,"field1":"2.875","field2":"2.6875"},{"created_at":"2025-12-09T04:11:04-08:00","entry_id":384245,"field1":"2.875","field2":"2.625"},{"created_at":"2025-12-09T04:20:42-08:00","entry_id":384246,"field1":"2.875","field2":"2.5625"},{"created_at":"2025-12-09T04:30:20-08:00","entry_id":384247,"field1":"2.875","field2":"2.5"},{"created_at":"2025-12-09T04:39:57-08:00","entry_id":384248,"field1":"2.875","field2":"2.5625"},{"created_at":"2025-12-09T04:49:33-08:00","entry_id":384249,"field1":"2.875","field2":"2.4375"},{"created_at":"2025-12-09T04:59:09-08:00","entry_id":384250,"field1":"2.875","field2":"2.375"},{"created_at":"2025-12-09T05:08:47-08:00","entry_id":384251,"field1":"2.875","field2":"2.5"},{"created_at":"2025-12-09T05:18:23-08:00","entry_id":384252,"field1":"2.875","field2":"2.375"},{"created_at":"2025-12-09T05:27:59-08:00","entry_id":384253,"field1":"2.875","field2":"2.25"},{"created_at":"2025-12-09T05:37:37-08:00","entry_id":384254,"field1":"2.875","field2":"2.3125"},{"created_at":"2025-12-09T05:47:12-08:00","entry_id":384255,"field1":"2.875","field2":"2.125"},{"created_at":"2025-12-09T05:56:49-08:00","entry_id":384256,"field1":"2.875","field2":"2.125"},{"created_at":"2025-12-09T06:06:25-08:00","entry_id":384257,"field1":"2.875","field2":"2.125"},{"created_at":"2025-12-09T06:16:03-08:00","entry_id":384258,"field1":"2.875","field2":"2.0625"},{"created_at":"2025-12-09T06:25:39-08:00","entry_id":384259,"field1":"2.875","field2":"2.0625"},{"created_at":"2025-12-09T06:35:17-08:00","entry_id":384260,"field1":"2.8125","field2":"2"},{"created_at":"2025-12-09T06:44:54-08:00","entry_id":384261,"field1":"2.8125","field2":"1.8125"},{"created_at":"2025-12-09T06:54:31-08:00","entry_id":384262,"field1":"2.8125","field2":"1.8125"},{"created_at":"2025-12-09T07:04:07-08:00","entry_id":384263,"field1":"2.8125","field2":"1.5"},{"created_at":"2025-12-09T07:13:45-08:00","entry_id":384264,"field1":"2.8125","field2":"1.5"},{"created_at":"2025-12-09T07:23:20-08:00","entry_id":384265,"field1":"2.8125","field2":"1.4375"},{"created_at":"2025-12-09T07:32:56-08:00","entry_id":384266,"field1":"2.8125","field2":"1.5"},{"created_at":"2025-12-09T07:42:35-08:00","entry_id":384267,"field1":"2.8125","field2":"1.5"},{"created_at":"2025-12-09T07:52:12-08:00","entry_id":384268,"field1":"2.8125","field2":"1.4375"},{"created_at":"2025-12-09T08:01:49-08:00","entry_id":384269,"field1":"2.8125","field2":"1.25"},{"created_at":"2025-12-09T08:11:26-08:00","entry_id":384270,"field1":"2.75","field2":"1.125"},{"created_at":"2025-12-09T08:21:04-08:00","entry_id":384271,"field1":"2.75","field2":"1.125"},{"created_at":"2025-12-09T08:30:41-08:00","entry_id":384272,"field1":"2.75","field2":"1.1875"},{"created_at":"2025-12-09T08:40:17-08:00","entry_id":384273,"field1":"2.75","field2":"1.3125"},{"created_at":"2025-12-09T08:49:55-08:00","entry_id":384274,"field1":"2.75","field2":"1.3125"},{"created_at":"2025-12-09T08:59:30-08:00","entry_id":384275,"field1":"2.75","field2":"1.4375"},{"created_at":"2025-12-09T09:09:08-08:00","entry_id":384276,"field1":"2.75","field2":"1.5"},{"created_at":"2025-12-09T09:18:44-08:00","entry_id":384277,"field1":"2.75","field2":"1.5625"},{"created_at":"2025-12-09T09:28:21-08:00","entry_id":384278,"field1":"2.75","field2":"1.75"},{"created_at":"2025-12-09T09:37:57-08:00","entry_id":384279,"field1":"2.75","field2":"1.9375"},{"created_at":"2025-12-09T09:47:35-08:00","entry_id":384280,"field1":"2.8125","field2":"2.5625"},{"created_at":"2025-12-09T09:57:12-08:00","entry_id":384281,"field1":"2.9375","field2":"2.875"},{"created_at":"2025-12-09T10:06:50-08:00","entry_id":384282,"field1":"2.9375","field2":"2.8125"},{"created_at":"2025-12-09T10:16:27-08:00","entry_id":384283,"field1":"3","field2":"3.4375"},{"created_at":"2025-12-09T10:26:05-08:00","entry_id":384284,"field1":"3","field2":"3.4375"},{"created_at":"2025-12-09T10:35:42-08:00","entry_id":384285,"field1":"3.0625","field2":"3.5"},{"created_at":"2025-12-09T10:45:17-08:00","entry_id":384286,"field1":"3.125","field2":"3.625"},{"created_at":"2025-12-09T10:54:54-08:00","entry_id":384287,"field1":"3.125","field2":"3.5"},{"created_at":"2025-12-09T11:04:30-08:00","entry_id":384288,"field1":"3.125","field2":"3.625"},{"created_at":"2025-12-09T11:14:07-08:00","entry_id":384289,"field1":"3.1875","field2":"3.5625"},{"created_at":"2025-12-09T11:23:45-08:00","entry_id":384290,"field1":"3.1875","field2":"3.5"},{"created_at":"2025-12-09T11:33:20-08:00","entry_id":384291,"field1":"3.1875","field2":"3.6875"},{"created_at":"2025-12-09T11:42:57-08:00","entry_id":384292,"field1":"3.25","field2":"3.5625"},{"created_at":"2025-12-09T11:52:35-08:00","entry_id":384293,"field1":"3.25","field2":"3.625"},{"created_at":"2025-12-09T12:02:12-08:00","entry_id":384294,"field1":"3.25","field2":"3.4375"},{"created_at":"2025-12-09T12:11:49-08:00","entry_id":384295,"field1":"3.3125","field2":"3.5625"},{"created_at":"2025-12-09T12:21:27-08:00","entry_id":384296,"field1":"3.3125","field2":"3.6875"},{"created_at":"2025-12-09T12:31:03-08:00","entry_id":384297,"field1":"3.3125","field2":"3.625"},{"created_at":"2025-12-09T12:40:39-08:00","entry_id":384298,"field1":"3.375","field2":"3.5625"},{"created_at":"2025-12-09T12:50:17-08:00","entry_id":384299,"field1":"3.375","field2":"3.75"},{"created_at":"2025-12-09T12:59:54-08:00","entry_id":384300,"field1":"3.375","field2":"3.875"},{"created_at":"2025-12-09T13:09:30-08:00","entry_id":384301,"field1":"3.375","field2":"3.8125"},{"created_at":"2025-12-09T13:19:08-08:00","entry_id":384302,"field1":"3.375","field2":"3.75"},{"created_at":"2025-12-09T13:28:45-08:00","entry_id":384303,"field1":"3.375","field2":"3.875"},{"created_at":"2025-12-09T13:38:22-08:00","entry_id":384304,"field1":"3.375","field2":"3.9375"},{"created_at":"2025-12-09T13:47:57-08:00","entry_id":384305,"field1":"3.375","field2":"3.9375"},{"created_at":"2025-12-09T13:57:35-08:00","entry_id":384306,"field1":"3.375","field2":"3.875"},{"created_at":"2025-12-09T14:07:10-08:00","entry_id":384307,"field1":"3.4375","field2":"3.875"},{"created_at":"2025-12-09T14:16:49-08:00","entry_id":384308,"field1":"3.4375","field2":"3.8125"},{"created_at":"2025-12-09T14:26:25-08:00","entry_id":384309,"field1":"3.4375","field2":"3.75"},{"created_at":"2025-12-09T14:36:03-08:00","entry_id":384310,"field1":"3.4375","field2":"3.6875"},{"created_at":"2025-12-09T14:45:38-08:00","entry_id":384311,"field1":"3.4375","field2":"3.5"},{"created_at":"2025-12-09T14:55:16-08:00","entry_id":384312,"field1":"3.4375","field2":"3.4375"},{"created_at":"2025-12-09T15:04:53-08:00","entry_id":384313,"field1":"3.4375","field2":"3.25"},{"created_at":"2025-12-09T15:14:30-08:00","entry_id":384314,"field1":"3.4375","field2":"3.1875"},{"created_at":"2025-12-09T15:24:08-08:00","entry_id":384315,"field1":"3.4375","field2":"3.125"},{"created_at":"2025-12-09T15:33:43-08:00","entry_id":384316,"field1":"3.4375","field2":"2.9375"},{"created_at":"2025-12-09T15:43:21-08:00","entry_id":384317,"field1":"3.4375","field2":"2.8125"},{"created_at":"2025-12-09T15:52:58-08:00","entry_id":384318,"field1":"3.4375","field2":"2.6875"},{"created_at":"2025-12-09T16:02:36-08:00","entry_id":384319,"field1":"3.4375","field2":"2.5625"},{"created_at":"2025-12-09T16:12:13-08:00","entry_id":384320,"field1":"3.4375","field2":"2.5"},{"created_at":"2025-12-09T16:21:49-08:00","entry_id":384321,"field1":"3.4375","field2":"2.4375"},{"created_at":"2025-12-09T16:31:27-08:00","entry_id":384322,"field1":"3.4375","field2":"2.4375"},{"created_at":"2025-12-09T16:41:02-08:00","entry_id":384323,"field1":"3.4375","field2":"2.3125"},{"created_at":"2025-12-09T16:50:39-08:00","entry_id":384324,"field1":"3.4375","field2":"2.3125"},{"created_at":"2025-12-09T17:00:17-08:00","entry_id":384325,"field1":"3.375","field2":"2.3125"},{"created_at":"2025-12-09T17:09:54-08:00","entry_id":384326,"field1":"3.375","field2":"2.25"},{"created_at":"2025-12-09T17:19:31-08:00","entry_id":384327,"field1":"3.375","field2":"2.25"},{"created_at":"2025-12-09T17:29:09-08:00","entry_id":384328,"field1":"3.375","field2":"2.3125"},{"created_at":"2025-12-09T17:38:46-08:00","entry_id":384329,"field1":"3.375","field2":"2.375"},{"created_at":"2025-12-09T17:48:21-08:00","entry_id":384330,"field1":"3.375","field2":"2.4375"},{"created_at":"2025-12-09T17:57:59-08:00","entry_id":384331,"field1":"3.375","field2":"2.375"},{"created_at":"2025-12-09T18:07:35-08:00","entry_id":384332,"field1":"3.375","field2":"2.3125"},{"created_at":"2025-12-09T18:17:11-08:00","entry_id":384333,"field1":"3.375","field2":"2.3125"},{"created_at":"2025-12-09T18:26:48-08:00","entry_id":384334,"field1":"3.3125","field2":"2.3125"},{"created_at":"2025-12-09T18:36:26-08:00","entry_id":384335,"field1":"3.3125","field2":"2.3125"},{"created_at":"2025-12-09T18:46:01-08:00","entry_id":384336,"field1":"3.3125","field2":"2.3125"},{"created_at":"2025-12-09T18:55:40-08:00","entry_id":384337,"field1":"3.3125","field2":"2.25"},{"created_at":"2025-12-09T19:05:16-08:00","entry_id":384338,"field1":"3.3125","field2":"2.25"},{"created_at":"2025-12-09T19:14:52-08:00","entry_id":384339,"field1":"3.3125","field2":"2.25"},{"created_at":"2025-12-09T19:24:31-08:00","entry_id":384340,"field1":"3.3125","field2":"2.25"},{"created_at":"2025-12-09T19:34:07-08:00","entry_id":384341,"field1":"3.3125","field2":"2.25"},{"created_at":"2025-12-09T19:43:43-08:00","entry_id":384342,"field1":"3.3125","field2":"2.3125"},{"created_at":"2025-12-09T19:53:19-08:00","entry_id":384343,"field1":"3.3125","field2":"2.3125"},{"created_at":"2025-12-09T20:02:57-08:00","entry_id":384344,"field1":"3.25","field2":"2.375"},{"created_at":"2025-12-09T20:12:35-08:00","entry_id":384345,"field1":"3.3125","field2":"2.375"},{"created_at":"2025-12-09T20:22:09-08:00","entry_id":384346,"field1":"3.25","field2":"2.4375"},{"created_at":"2025-12-09T20:31:46-08:00","entry_id":384347,"field1":"3.25","field2":"2.4375"},{"created_at":"2025-12-09T20:41:22-08:00","entry_id":384348,"field1":"3.25","field2":"2.4375"},{"created_at":"2025-12-09T20:50:59-08:00","entry_id":384349,"field1":"3.25","field2":"2.4375"},{"created_at":"2025-12-09T21:00:37-08:00","entry_id":384350,"field1":"3.25","field2":"2.4375"},{"created_at":"2025-12-09T21:10:14-08:00","entry_id":384351,"field1":"3.25","field2":"2.5"},{"created_at":"2025-12-09T21:19:51-08:00","entry_id":384352,"field1":"3.25","field2":"2.5625"},{"created_at":"2025-12-09T21:29:28-08:00","entry_id":384353,"field1":"3.25","field2":"2.625"},{"created_at":"2025-12-09T21:39:06-08:00","entry_id":384354,"field1":"3.25","field2":"2.5625"},{"created_at":"2025-12-09T21:48:41-08:00","entry_id":384355,"field1":"3.25","field2":"2.75"},{"created_at":"2025-12-09T21:58:17-08:00","entry_id":384356,"field1":"3.25","field2":"2.75"},{"created_at":"2025-12-09T22:07:55-08:00","entry_id":384357,"field1":"3.25","field2":"2.8125"},{"created_at":"2025-12-09T22:17:32-08:00","entry_id":384358,"field1":"3.25","field2":"2.8125"},{"created_at":"2025-12-09T22:27:07-08:00","entry_id":384359,"field1":"3.25","field2":"2.8125"},{"created_at":"2025-12-09T22:36:45-08:00","entry_id":384360,"field1":"3.25","field2":"2.8125"},{"created_at":"2025-12-09T22:46:20-08:00","entry_id":384361,"field1":"3.25","field2":"2.625"},{"created_at":"2025-12-09T22:55:58-08:00","entry_id":384362,"field1":"3.25","field2":"2.625"},{"created_at":"2025-12-09T23:05:36-08:00","entry_id":384363,"field1":"3.25","field2":"2.5625"},{"created_at":"2025-12-09T23:15:13-08:00","entry_id":384364,"field1":"3.25","field2":"2.5625"},{"created_at":"2025-12-09T23:24:49-08:00","entry_id":384365,"field1":"3.25","field2":"2.5"},{"created_at":"2025-12-09T23:34:25-08:00","entry_id":384366,"field1":"3.25","field2":"2.375"},{"created_at":"2025-12-09T23:44:03-08:00","entry_id":384367,"field1":"3.25","field2":"2.375"},{"created_at":"2025-12-09T23:53:40-08:00","entry_id":384368,"field1":"3.25","field2":"2.3125"}]}