{"channel":{"id":581842,"name":"Upstairs Small Window Indoor / Outdoor Sensor","latitude":"0.0","longitude":"0.0","field1":"Indoor Temperature","field2":"Outdoor Temperature","created_at":"2018-09-23T15:37:52-07:00","updated_at":"2020-07-27T05:59:41-07:00","last_entry_id":150129},"feeds":[{"created_at":"2019-12-04T00:03:07-08:00","entry_id":62648,"field1":"-0.5625","field2":"-0.0625"},{"created_at":"2019-12-04T00:12:44-08:00","entry_id":62649,"field1":"-0.5625","field2":"-0.0625"},{"created_at":"2019-12-04T00:22:20-08:00","entry_id":62650,"field1":"-0.5625","field2":"-0.0625"},{"created_at":"2019-12-04T00:31:58-08:00","entry_id":62651,"field1":"-0.5625","field2":"-0.0625"},{"created_at":"2019-12-04T00:41:35-08:00","entry_id":62652,"field1":"-0.5625","field2":"-0.0625"},{"created_at":"2019-12-04T00:51:12-08:00","entry_id":62653,"field1":"-0.5625","field2":"-0.0625"},{"created_at":"2019-12-04T01:00:49-08:00","entry_id":62654,"field1":"-0.5625","field2":"-0.0625"},{"created_at":"2019-12-04T01:10:25-08:00","entry_id":62655,"field1":"-0.5625","field2":"-0.0625"},{"created_at":"2019-12-04T01:20:02-08:00","entry_id":62656,"field1":"-0.5","field2":"-0.0625"},{"created_at":"2019-12-04T01:29:39-08:00","entry_id":62657,"field1":"-0.5","field2":"-0.0625"},{"created_at":"2019-12-04T01:39:15-08:00","entry_id":62658,"field1":"-0.5","field2":"-0.0625"},{"created_at":"2019-12-04T01:48:52-08:00","entry_id":62659,"field1":"-0.5","field2":"0"},{"created_at":"2019-12-04T01:58:29-08:00","entry_id":62660,"field1":"-0.5","field2":"0"},{"created_at":"2019-12-04T02:08:05-08:00","entry_id":62661,"field1":"-0.5","field2":"-0.0625"},{"created_at":"2019-12-04T02:17:42-08:00","entry_id":62662,"field1":"-0.5","field2":"-0.0625"},{"created_at":"2019-12-04T02:27:20-08:00","entry_id":62663,"field1":"-0.5","field2":"-0.0625"},{"created_at":"2019-12-04T02:36:56-08:00","entry_id":62664,"field1":"-0.4375","field2":"-0.0625"},{"created_at":"2019-12-04T02:46:33-08:00","entry_id":62665,"field1":"-0.4375","field2":"-0.0625"},{"created_at":"2019-12-04T02:56:10-08:00","entry_id":62666,"field1":"-0.4375","field2":"0"},{"created_at":"2019-12-04T03:05:46-08:00","entry_id":62667,"field1":"-0.4375","field2":"0"},{"created_at":"2019-12-04T03:15:24-08:00","entry_id":62668,"field1":"-0.4375","field2":"0"},{"created_at":"2019-12-04T03:25:01-08:00","entry_id":62669,"field1":"-0.4375","field2":"-0.0625"},{"created_at":"2019-12-04T03:34:37-08:00","entry_id":62670,"field1":"-0.4375","field2":"0"},{"created_at":"2019-12-04T03:44:14-08:00","entry_id":62671,"field1":"-0.4375","field2":"0"},{"created_at":"2019-12-04T03:53:51-08:00","entry_id":62672,"field1":"-0.4375","field2":"-0.0625"},{"created_at":"2019-12-04T04:03:28-08:00","entry_id":62673,"field1":"-0.4375","field2":"0"},{"created_at":"2019-12-04T04:13:04-08:00","entry_id":62674,"field1":"-0.375","field2":"-0.0625"},{"created_at":"2019-12-04T04:22:41-08:00","entry_id":62675,"field1":"-0.375","field2":"-0.0625"},{"created_at":"2019-12-04T04:32:18-08:00","entry_id":62676,"field1":"-0.375","field2":"-0.0625"},{"created_at":"2019-12-04T04:41:54-08:00","entry_id":62677,"field1":"-0.375","field2":"-0.0625"},{"created_at":"2019-12-04T04:51:31-08:00","entry_id":62678,"field1":"-0.375","field2":"-0.0625"},{"created_at":"2019-12-04T05:01:07-08:00","entry_id":62679,"field1":"-0.375","field2":"0"},{"created_at":"2019-12-04T05:10:43-08:00","entry_id":62680,"field1":"-0.375","field2":"0"},{"created_at":"2019-12-04T05:20:20-08:00","entry_id":62681,"field1":"-0.375","field2":"-0.0625"},{"created_at":"2019-12-04T05:29:57-08:00","entry_id":62682,"field1":"-0.375","field2":"-0.0625"},{"created_at":"2019-12-04T05:39:34-08:00","entry_id":62683,"field1":"-0.375","field2":"-0.0625"},{"created_at":"2019-12-04T05:49:11-08:00","entry_id":62684,"field1":"-0.3125","field2":"-0.0625"},{"created_at":"2019-12-04T05:58:48-08:00","entry_id":62685,"field1":"-0.3125","field2":"-0.0625"},{"created_at":"2019-12-04T06:08:24-08:00","entry_id":62686,"field1":"-0.3125","field2":"0"},{"created_at":"2019-12-04T06:18:00-08:00","entry_id":62687,"field1":"-0.3125","field2":"-0.0625"},{"created_at":"2019-12-04T06:27:37-08:00","entry_id":62688,"field1":"-0.3125","field2":"0"},{"created_at":"2019-12-04T06:37:14-08:00","entry_id":62689,"field1":"-0.3125","field2":"0"},{"created_at":"2019-12-04T06:46:51-08:00","entry_id":62690,"field1":"-0.3125","field2":"0"},{"created_at":"2019-12-04T06:56:27-08:00","entry_id":62691,"field1":"-0.3125","field2":"0"},{"created_at":"2019-12-04T07:06:04-08:00","entry_id":62692,"field1":"-0.3125","field2":"0"},{"created_at":"2019-12-04T07:15:40-08:00","entry_id":62693,"field1":"-0.3125","field2":"0"},{"created_at":"2019-12-04T07:25:18-08:00","entry_id":62694,"field1":"-0.25","field2":"0"},{"created_at":"2019-12-04T07:34:55-08:00","entry_id":62695,"field1":"-0.3125","field2":"0"},{"created_at":"2019-12-04T07:44:32-08:00","entry_id":62696,"field1":"-0.3125","field2":"0"},{"created_at":"2019-12-04T07:54:09-08:00","entry_id":62697,"field1":"-0.25","field2":"0"},{"created_at":"2019-12-04T08:03:46-08:00","entry_id":62698,"field1":"-0.25","field2":"0.0625"},{"created_at":"2019-12-04T08:13:23-08:00","entry_id":62699,"field1":"-0.25","field2":"0.0625"},{"created_at":"2019-12-04T08:23:01-08:00","entry_id":62700,"field1":"-0.25","field2":"0.125"},{"created_at":"2019-12-04T08:32:38-08:00","entry_id":62701,"field1":"-0.25","field2":"0.125"},{"created_at":"2019-12-04T08:42:19-08:00","entry_id":62702,"field1":"-0.25","field2":"0.125"},{"created_at":"2019-12-04T08:51:54-08:00","entry_id":62703,"field1":"-0.1875","field2":"0.1875"},{"created_at":"2019-12-04T09:01:31-08:00","entry_id":62704,"field1":"-0.1875","field2":"0.1875"},{"created_at":"2019-12-04T09:11:08-08:00","entry_id":62705,"field1":"-0.1875","field2":"0.1875"},{"created_at":"2019-12-04T09:20:46-08:00","entry_id":62706,"field1":"-0.1875","field2":"0.25"},{"created_at":"2019-12-04T09:30:22-08:00","entry_id":62707,"field1":"-0.1875","field2":"0.3125"},{"created_at":"2019-12-04T09:39:59-08:00","entry_id":62708,"field1":"-0.1875","field2":"0.5"},{"created_at":"2019-12-04T09:49:36-08:00","entry_id":62709,"field1":"-0.125","field2":"0.5"},{"created_at":"2019-12-04T09:59:14-08:00","entry_id":62710,"field1":"-0.125","field2":"0.5625"},{"created_at":"2019-12-04T10:08:50-08:00","entry_id":62711,"field1":"-0.125","field2":"0.4375"},{"created_at":"2019-12-04T10:18:28-08:00","entry_id":62712,"field1":"-0.125","field2":"0.375"},{"created_at":"2019-12-04T10:28:06-08:00","entry_id":62713,"field1":"-0.125","field2":"0.375"},{"created_at":"2019-12-04T10:37:42-08:00","entry_id":62714,"field1":"-0.125","field2":"0.3125"},{"created_at":"2019-12-04T10:47:19-08:00","entry_id":62715,"field1":"-0.0625","field2":"0.3125"},{"created_at":"2019-12-04T10:56:55-08:00","entry_id":62716,"field1":"-0.0625","field2":"0.3125"},{"created_at":"2019-12-04T11:06:32-08:00","entry_id":62717,"field1":"-0.0625","field2":"0.375"},{"created_at":"2019-12-04T11:16:08-08:00","entry_id":62718,"field1":"-0.0625","field2":"0.3125"},{"created_at":"2019-12-04T11:25:45-08:00","entry_id":62719,"field1":"-0.0625","field2":"0.375"},{"created_at":"2019-12-04T11:35:22-08:00","entry_id":62720,"field1":"-0.0625","field2":"0.625"},{"created_at":"2019-12-04T11:44:58-08:00","entry_id":62721,"field1":"0","field2":"0.5625"},{"created_at":"2019-12-04T11:54:35-08:00","entry_id":62722,"field1":"0","field2":"0.5625"},{"created_at":"2019-12-04T12:04:12-08:00","entry_id":62723,"field1":"0","field2":"0.5"},{"created_at":"2019-12-04T12:13:50-08:00","entry_id":62724,"field1":"0","field2":"0.4375"},{"created_at":"2019-12-04T12:23:28-08:00","entry_id":62725,"field1":"0","field2":"0.4375"},{"created_at":"2019-12-04T12:33:04-08:00","entry_id":62726,"field1":"0","field2":"0.5"},{"created_at":"2019-12-04T12:42:40-08:00","entry_id":62727,"field1":"0","field2":"0.5"},{"created_at":"2019-12-04T12:52:18-08:00","entry_id":62728,"field1":"0","field2":"0.5625"},{"created_at":"2019-12-04T13:01:55-08:00","entry_id":62729,"field1":"0.0625","field2":"0.625"},{"created_at":"2019-12-04T13:11:31-08:00","entry_id":62730,"field1":"0.0625","field2":"0.625"},{"created_at":"2019-12-04T13:21:09-08:00","entry_id":62731,"field1":"0.0625","field2":"0.5625"},{"created_at":"2019-12-04T13:30:46-08:00","entry_id":62732,"field1":"0.0625","field2":"0.5625"},{"created_at":"2019-12-04T13:40:22-08:00","entry_id":62733,"field1":"0.125","field2":"0.6875"},{"created_at":"2019-12-04T13:49:59-08:00","entry_id":62734,"field1":"0.125","field2":"0.8125"},{"created_at":"2019-12-04T13:59:36-08:00","entry_id":62735,"field1":"0.125","field2":"0.875"},{"created_at":"2019-12-04T14:09:12-08:00","entry_id":62736,"field1":"0.125","field2":"0.8125"},{"created_at":"2019-12-04T14:18:49-08:00","entry_id":62737,"field1":"0.125","field2":"0.625"},{"created_at":"2019-12-04T14:28:26-08:00","entry_id":62738,"field1":"0.125","field2":"0.625"},{"created_at":"2019-12-04T14:38:03-08:00","entry_id":62739,"field1":"0.1875","field2":"0.625"},{"created_at":"2019-12-04T14:47:40-08:00","entry_id":62740,"field1":"0.1875","field2":"0.5625"},{"created_at":"2019-12-04T14:57:16-08:00","entry_id":62741,"field1":"0.1875","field2":"0.5"},{"created_at":"2019-12-04T15:06:54-08:00","entry_id":62742,"field1":"0.1875","field2":"0.5625"},{"created_at":"2019-12-04T15:16:30-08:00","entry_id":62743,"field1":"0.1875","field2":"0.5"},{"created_at":"2019-12-04T15:26:07-08:00","entry_id":62744,"field1":"0.1875","field2":"0.4375"},{"created_at":"2019-12-04T15:35:44-08:00","entry_id":62745,"field1":"0.1875","field2":"0.375"},{"created_at":"2019-12-04T15:45:22-08:00","entry_id":62746,"field1":"0.1875","field2":"0.375"},{"created_at":"2019-12-04T15:54:58-08:00","entry_id":62747,"field1":"0.1875","field2":"0.375"},{"created_at":"2019-12-04T16:04:35-08:00","entry_id":62748,"field1":"0.1875","field2":"0.375"},{"created_at":"2019-12-04T16:14:13-08:00","entry_id":62749,"field1":"0.1875","field2":"0.3125"},{"created_at":"2019-12-04T16:23:50-08:00","entry_id":62750,"field1":"0.25","field2":"0.3125"},{"created_at":"2019-12-04T16:33:26-08:00","entry_id":62751,"field1":"0.25","field2":"0.3125"},{"created_at":"2019-12-04T16:43:03-08:00","entry_id":62752,"field1":"0.25","field2":"0.25"},{"created_at":"2019-12-04T16:52:40-08:00","entry_id":62753,"field1":"0.25","field2":"0.25"},{"created_at":"2019-12-04T17:02:17-08:00","entry_id":62754,"field1":"0.25","field2":"0.1875"},{"created_at":"2019-12-04T17:11:54-08:00","entry_id":62755,"field1":"0.25","field2":"0.0625"},{"created_at":"2019-12-04T17:21:31-08:00","entry_id":62756,"field1":"0.25","field2":"0.125"},{"created_at":"2019-12-04T17:31:08-08:00","entry_id":62757,"field1":"0.25","field2":"0.1875"},{"created_at":"2019-12-04T17:40:44-08:00","entry_id":62758,"field1":"0.25","field2":"0.1875"},{"created_at":"2019-12-04T17:50:21-08:00","entry_id":62759,"field1":"0.25","field2":"0.25"},{"created_at":"2019-12-04T17:59:57-08:00","entry_id":62760,"field1":"0.25","field2":"0.1875"},{"created_at":"2019-12-04T18:09:35-08:00","entry_id":62761,"field1":"0.25","field2":"0.1875"},{"created_at":"2019-12-04T18:19:12-08:00","entry_id":62762,"field1":"0.25","field2":"0.1875"},{"created_at":"2019-12-04T18:28:48-08:00","entry_id":62763,"field1":"0.25","field2":"0.125"},{"created_at":"2019-12-04T18:38:25-08:00","entry_id":62764,"field1":"0.25","field2":"0.1875"},{"created_at":"2019-12-04T18:48:02-08:00","entry_id":62765,"field1":"0.25","field2":"0.1875"},{"created_at":"2019-12-04T18:57:39-08:00","entry_id":62766,"field1":"0.3125","field2":"0.1875"},{"created_at":"2019-12-04T19:07:15-08:00","entry_id":62767,"field1":"0.25","field2":"0.25"},{"created_at":"2019-12-04T19:16:52-08:00","entry_id":62768,"field1":"0.25","field2":"0.1875"},{"created_at":"2019-12-04T19:26:28-08:00","entry_id":62769,"field1":"0.25","field2":"0.1875"},{"created_at":"2019-12-04T19:36:04-08:00","entry_id":62770,"field1":"0.25","field2":"0.25"},{"created_at":"2019-12-04T19:45:41-08:00","entry_id":62771,"field1":"0.3125","field2":"0.1875"},{"created_at":"2019-12-04T19:55:18-08:00","entry_id":62772,"field1":"0.25","field2":"0.125"},{"created_at":"2019-12-04T20:04:55-08:00","entry_id":62773,"field1":"0.3125","field2":"0.125"},{"created_at":"2019-12-04T20:14:33-08:00","entry_id":62774,"field1":"0.3125","field2":"0.1875"},{"created_at":"2019-12-04T20:24:08-08:00","entry_id":62775,"field1":"0.3125","field2":"0.1875"},{"created_at":"2019-12-04T20:33:45-08:00","entry_id":62776,"field1":"0.3125","field2":"0.1875"},{"created_at":"2019-12-04T20:43:22-08:00","entry_id":62777,"field1":"0.25","field2":"0.1875"},{"created_at":"2019-12-04T20:52:58-08:00","entry_id":62778,"field1":"0.3125","field2":"0.1875"},{"created_at":"2019-12-04T21:02:36-08:00","entry_id":62779,"field1":"0.3125","field2":"0.1875"},{"created_at":"2019-12-04T21:12:13-08:00","entry_id":62780,"field1":"0.3125","field2":"0.1875"},{"created_at":"2019-12-04T21:21:49-08:00","entry_id":62781,"field1":"0.3125","field2":"0.1875"},{"created_at":"2019-12-04T21:31:27-08:00","entry_id":62782,"field1":"0.3125","field2":"0.25"},{"created_at":"2019-12-04T21:41:03-08:00","entry_id":62783,"field1":"0.3125","field2":"0.25"},{"created_at":"2019-12-04T21:50:40-08:00","entry_id":62784,"field1":"0.3125","field2":"0.1875"},{"created_at":"2019-12-04T22:00:17-08:00","entry_id":62785,"field1":"0.3125","field2":"0.1875"},{"created_at":"2019-12-04T22:09:55-08:00","entry_id":62786,"field1":"0.3125","field2":"0.1875"},{"created_at":"2019-12-04T22:19:32-08:00","entry_id":62787,"field1":"0.3125","field2":"0.1875"},{"created_at":"2019-12-04T22:29:08-08:00","entry_id":62788,"field1":"0.3125","field2":"0.1875"},{"created_at":"2019-12-04T22:38:44-08:00","entry_id":62789,"field1":"0.3125","field2":"0.1875"},{"created_at":"2019-12-04T22:48:21-08:00","entry_id":62790,"field1":"0.3125","field2":"0.125"},{"created_at":"2019-12-04T22:57:58-08:00","entry_id":62791,"field1":"0.3125","field2":"0.1875"},{"created_at":"2019-12-04T23:07:35-08:00","entry_id":62792,"field1":"0.3125","field2":"0.1875"},{"created_at":"2019-12-04T23:17:11-08:00","entry_id":62793,"field1":"0.3125","field2":"0.1875"},{"created_at":"2019-12-04T23:26:48-08:00","entry_id":62794,"field1":"0.3125","field2":"0.25"},{"created_at":"2019-12-04T23:36:25-08:00","entry_id":62795,"field1":"0.3125","field2":"0.25"},{"created_at":"2019-12-04T23:46:02-08:00","entry_id":62796,"field1":"0.3125","field2":"0.25"},{"created_at":"2019-12-04T23:55:38-08:00","entry_id":62797,"field1":"0.375","field2":"0.1875"}]}