{"channel":{"id":581842,"name":"Upstairs Small Window Indoor / Outdoor Sensor","latitude":"0.0","longitude":"0.0","field1":"Indoor Temperature","field2":"Outdoor Temperature","created_at":"2018-09-23T15:37:52-07:00","updated_at":"2020-07-27T05:59:41-07:00","last_entry_id":163844},"feeds":[{"created_at":"2021-11-15T00:08:28-08:00","entry_id":163596,"field1":"9.5625","field2":"2.5"},{"created_at":"2021-11-15T00:18:07-08:00","entry_id":163597,"field1":"9.625","field2":"2.4375"},{"created_at":"2021-11-15T00:27:44-08:00","entry_id":163598,"field1":"9.6875","field2":"2.4375"},{"created_at":"2021-11-15T00:37:21-08:00","entry_id":163599,"field1":"9.6875","field2":"2.5"},{"created_at":"2021-11-15T00:46:57-08:00","entry_id":163600,"field1":"9.75","field2":"2.5"},{"created_at":"2021-11-15T00:56:35-08:00","entry_id":163601,"field1":"9.75","field2":"2.5625"},{"created_at":"2021-11-15T01:06:12-08:00","entry_id":163602,"field1":"9.8125","field2":"2.5625"},{"created_at":"2021-11-15T01:15:49-08:00","entry_id":163603,"field1":"9.8125","field2":"2.5625"},{"created_at":"2021-11-15T01:25:27-08:00","entry_id":163604,"field1":"9.875","field2":"2.625"},{"created_at":"2021-11-15T01:35:04-08:00","entry_id":163605,"field1":"9.875","field2":"2.625"},{"created_at":"2021-11-15T01:44:40-08:00","entry_id":163606,"field1":"9.9375","field2":"2.625"},{"created_at":"2021-11-15T01:54:19-08:00","entry_id":163607,"field1":"9.9375","field2":"2.6875"},{"created_at":"2021-11-15T02:03:57-08:00","entry_id":163608,"field1":"9.9375","field2":"2.75"},{"created_at":"2021-11-15T02:13:32-08:00","entry_id":163609,"field1":"10","field2":"2.8125"},{"created_at":"2021-11-15T02:23:08-08:00","entry_id":163610,"field1":"9.875","field2":"2.875"},{"created_at":"2021-11-15T02:32:46-08:00","entry_id":163611,"field1":"9.625","field2":"2.875"},{"created_at":"2021-11-15T02:42:23-08:00","entry_id":163612,"field1":"9.4375","field2":"2.875"},{"created_at":"2021-11-15T02:51:58-08:00","entry_id":163613,"field1":"9.3125","field2":"3"},{"created_at":"2021-11-15T03:11:20-08:00","entry_id":163614,"field1":"9.3125","field2":"3.0625"},{"created_at":"2021-11-15T03:20:57-08:00","entry_id":163615,"field1":"9.5","field2":"3.125"},{"created_at":"2021-11-15T03:30:33-08:00","entry_id":163616,"field1":"9.5625","field2":"3.25"},{"created_at":"2021-11-15T03:40:10-08:00","entry_id":163617,"field1":"9.6875","field2":"3.25"},{"created_at":"2021-11-15T03:49:47-08:00","entry_id":163618,"field1":"9.75","field2":"3.375"},{"created_at":"2021-11-15T03:59:25-08:00","entry_id":163619,"field1":"9.75","field2":"3.4375"},{"created_at":"2021-11-15T04:09:03-08:00","entry_id":163620,"field1":"9.8125","field2":"3.5625"},{"created_at":"2021-11-15T04:18:38-08:00","entry_id":163621,"field1":"9.875","field2":"3.5625"},{"created_at":"2021-11-15T04:28:17-08:00","entry_id":163622,"field1":"9.9375","field2":"3.5"},{"created_at":"2021-11-15T04:37:52-08:00","entry_id":163623,"field1":"9.9375","field2":"3.5"},{"created_at":"2021-11-15T04:47:31-08:00","entry_id":163624,"field1":"9.625","field2":"3.5625"},{"created_at":"2021-11-15T04:57:07-08:00","entry_id":163625,"field1":"9.4375","field2":"3.625"},{"created_at":"2021-11-15T05:06:43-08:00","entry_id":163626,"field1":"9.3125","field2":"3.625"},{"created_at":"2021-11-15T05:16:22-08:00","entry_id":163627,"field1":"9.25","field2":"3.625"},{"created_at":"2021-11-15T05:25:59-08:00","entry_id":163628,"field1":"9.25","field2":"3.625"},{"created_at":"2021-11-15T05:35:36-08:00","entry_id":163629,"field1":"9.5","field2":"3.625"},{"created_at":"2021-11-15T05:45:11-08:00","entry_id":163630,"field1":"9.5625","field2":"3.625"},{"created_at":"2021-11-15T05:54:50-08:00","entry_id":163631,"field1":"9.625","field2":"3.625"},{"created_at":"2021-11-15T06:04:26-08:00","entry_id":163632,"field1":"9.75","field2":"3.6875"},{"created_at":"2021-11-15T06:14:03-08:00","entry_id":163633,"field1":"9.8125","field2":"3.6875"},{"created_at":"2021-11-15T06:23:41-08:00","entry_id":163634,"field1":"9.875","field2":"3.75"},{"created_at":"2021-11-15T06:33:17-08:00","entry_id":163635,"field1":"9.875","field2":"3.75"},{"created_at":"2021-11-15T06:42:56-08:00","entry_id":163636,"field1":"9.875","field2":"3.75"},{"created_at":"2021-11-15T06:52:31-08:00","entry_id":163637,"field1":"9.625","field2":"3.75"},{"created_at":"2021-11-15T07:02:09-08:00","entry_id":163638,"field1":"9.4375","field2":"3.8125"},{"created_at":"2021-11-15T07:11:47-08:00","entry_id":163639,"field1":"9.3125","field2":"3.8125"},{"created_at":"2021-11-15T07:21:24-08:00","entry_id":163640,"field1":"9.1875","field2":"3.8125"},{"created_at":"2021-11-15T07:31:00-08:00","entry_id":163641,"field1":"9.3125","field2":"3.875"},{"created_at":"2021-11-15T07:40:38-08:00","entry_id":163642,"field1":"9.5","field2":"3.875"},{"created_at":"2021-11-15T07:50:14-08:00","entry_id":163643,"field1":"9.625","field2":"3.9375"},{"created_at":"2021-11-15T07:59:51-08:00","entry_id":163644,"field1":"9.6875","field2":"4"},{"created_at":"2021-11-15T08:09:29-08:00","entry_id":163645,"field1":"9.8125","field2":"3.9375"},{"created_at":"2021-11-15T08:19:07-08:00","entry_id":163646,"field1":"9.875","field2":"3.9375"},{"created_at":"2021-11-15T08:28:42-08:00","entry_id":163647,"field1":"9.9375","field2":"4"},{"created_at":"2021-11-15T08:38:21-08:00","entry_id":163648,"field1":"9.9375","field2":"4.0625"},{"created_at":"2021-11-15T08:47:56-08:00","entry_id":163649,"field1":"9.75","field2":"4.1875"},{"created_at":"2021-11-15T08:57:34-08:00","entry_id":163650,"field1":"9.5","field2":"4.1875"},{"created_at":"2021-11-15T09:07:10-08:00","entry_id":163651,"field1":"9.375","field2":"4.375"},{"created_at":"2021-11-15T09:16:46-08:00","entry_id":163652,"field1":"9.3125","field2":"4.5"},{"created_at":"2021-11-15T09:26:24-08:00","entry_id":163653,"field1":"9.25","field2":"4.5"},{"created_at":"2021-11-15T09:36:00-08:00","entry_id":163654,"field1":"9.4375","field2":"4.5625"},{"created_at":"2021-11-15T09:45:36-08:00","entry_id":163655,"field1":"9.625","field2":"4.625"},{"created_at":"2021-11-15T09:55:14-08:00","entry_id":163656,"field1":"9.75","field2":"4.8125"},{"created_at":"2021-11-15T10:04:52-08:00","entry_id":163657,"field1":"9.875","field2":"4.75"},{"created_at":"2021-11-15T10:14:29-08:00","entry_id":163658,"field1":"9.9375","field2":"4.75"},{"created_at":"2021-11-15T10:24:07-08:00","entry_id":163659,"field1":"9.9375","field2":"4.8125"},{"created_at":"2021-11-15T10:33:45-08:00","entry_id":163660,"field1":"9.75","field2":"4.875"},{"created_at":"2021-11-15T10:43:20-08:00","entry_id":163661,"field1":"9.5625","field2":"4.8125"},{"created_at":"2021-11-15T10:52:58-08:00","entry_id":163662,"field1":"9.4375","field2":"4.75"},{"created_at":"2021-11-15T11:02:35-08:00","entry_id":163663,"field1":"9.375","field2":"4.875"},{"created_at":"2021-11-15T11:12:12-08:00","entry_id":163664,"field1":"9.3125","field2":"4.875"},{"created_at":"2021-11-15T11:21:48-08:00","entry_id":163665,"field1":"9.5","field2":"5"},{"created_at":"2021-11-15T11:31:27-08:00","entry_id":163666,"field1":"9.6875","field2":"4.875"},{"created_at":"2021-11-15T11:41:04-08:00","entry_id":163667,"field1":"9.8125","field2":"4.8125"},{"created_at":"2021-11-15T11:50:42-08:00","entry_id":163668,"field1":"9.875","field2":"4.8125"},{"created_at":"2021-11-15T12:00:19-08:00","entry_id":163669,"field1":"10","field2":"4.8125"},{"created_at":"2021-11-15T12:09:57-08:00","entry_id":163670,"field1":"10.0625","field2":"4.8125"},{"created_at":"2021-11-15T12:19:35-08:00","entry_id":163671,"field1":"9.8125","field2":"4.8125"},{"created_at":"2021-11-15T12:29:11-08:00","entry_id":163672,"field1":"9.625","field2":"5"},{"created_at":"2021-11-15T12:38:47-08:00","entry_id":163673,"field1":"9.5625","field2":"4.75"},{"created_at":"2021-11-15T12:48:23-08:00","entry_id":163674,"field1":"9.4375","field2":"4.875"},{"created_at":"2021-11-15T12:58:01-08:00","entry_id":163675,"field1":"9.375","field2":"4.8125"},{"created_at":"2021-11-15T13:07:39-08:00","entry_id":163676,"field1":"9.375","field2":"5.125"},{"created_at":"2021-11-15T13:17:15-08:00","entry_id":163677,"field1":"9.5625","field2":"4.9375"},{"created_at":"2021-11-15T13:26:51-08:00","entry_id":163678,"field1":"9.75","field2":"4.75"},{"created_at":"2021-11-15T13:36:28-08:00","entry_id":163679,"field1":"9.875","field2":"4.9375"},{"created_at":"2021-11-15T13:46:06-08:00","entry_id":163680,"field1":"9.9375","field2":"4.875"},{"created_at":"2021-11-15T13:55:42-08:00","entry_id":163681,"field1":"9.9375","field2":"4.9375"},{"created_at":"2021-11-15T14:05:19-08:00","entry_id":163682,"field1":"9.6875","field2":"4.875"},{"created_at":"2021-11-15T14:14:56-08:00","entry_id":163683,"field1":"9.5625","field2":"5"},{"created_at":"2021-11-15T14:24:34-08:00","entry_id":163684,"field1":"9.4375","field2":"5"},{"created_at":"2021-11-15T14:34:10-08:00","entry_id":163685,"field1":"9.4375","field2":"5"},{"created_at":"2021-11-15T14:43:46-08:00","entry_id":163686,"field1":"9.375","field2":"5.125"},{"created_at":"2021-11-15T14:53:23-08:00","entry_id":163687,"field1":"9.4375","field2":"5.25"},{"created_at":"2021-11-15T15:03:00-08:00","entry_id":163688,"field1":"9.6875","field2":"5.3125"},{"created_at":"2021-11-15T15:12:37-08:00","entry_id":163689,"field1":"9.8125","field2":"5.375"},{"created_at":"2021-11-15T15:22:14-08:00","entry_id":163690,"field1":"9.9375","field2":"5.25"},{"created_at":"2021-11-15T15:31:50-08:00","entry_id":163691,"field1":"10","field2":"5.1875"},{"created_at":"2021-11-15T15:41:28-08:00","entry_id":163692,"field1":"10","field2":"5.1875"},{"created_at":"2021-11-15T15:51:06-08:00","entry_id":163693,"field1":"9.8125","field2":"5.25"},{"created_at":"2021-11-15T16:00:42-08:00","entry_id":163694,"field1":"9.6875","field2":"5.375"},{"created_at":"2021-11-15T16:10:18-08:00","entry_id":163695,"field1":"9.5625","field2":"6.75"},{"created_at":"2021-11-15T16:19:54-08:00","entry_id":163696,"field1":"9.5","field2":"6.5625"},{"created_at":"2021-11-15T16:29:32-08:00","entry_id":163697,"field1":"9.4375","field2":"6.25"},{"created_at":"2021-11-15T16:39:11-08:00","entry_id":163698,"field1":"9.375","field2":"6.375"},{"created_at":"2021-11-15T16:48:46-08:00","entry_id":163699,"field1":"9.5","field2":"6.625"},{"created_at":"2021-11-15T16:58:23-08:00","entry_id":163700,"field1":"9.75","field2":"6.8125"},{"created_at":"2021-11-15T17:08:03-08:00","entry_id":163701,"field1":"9.875","field2":"6.75"},{"created_at":"2021-11-15T17:17:40-08:00","entry_id":163702,"field1":"10","field2":"6.875"},{"created_at":"2021-11-15T17:27:18-08:00","entry_id":163703,"field1":"10","field2":"7.125"},{"created_at":"2021-11-15T22:32:54-08:00","entry_id":163704,"field1":"8.8125","field2":"2.6875"},{"created_at":"2021-11-15T22:42:31-08:00","entry_id":163705,"field1":"9","field2":"2.5625"},{"created_at":"2021-11-15T22:52:08-08:00","entry_id":163706,"field1":"9.125","field2":"2.375"},{"created_at":"2021-11-15T23:01:47-08:00","entry_id":163707,"field1":"9.25","field2":"2.1875"},{"created_at":"2021-11-15T23:11:22-08:00","entry_id":163708,"field1":"9.3125","field2":"2.125"},{"created_at":"2021-11-15T23:21:01-08:00","entry_id":163709,"field1":"9.4375","field2":"2.1875"},{"created_at":"2021-11-15T23:30:38-08:00","entry_id":163710,"field1":"9.5","field2":"2.125"},{"created_at":"2021-11-15T23:40:16-08:00","entry_id":163711,"field1":"9.5","field2":"2"},{"created_at":"2021-11-15T23:49:54-08:00","entry_id":163712,"field1":"9.25","field2":"1.8125"},{"created_at":"2021-11-15T23:59:30-08:00","entry_id":163713,"field1":"9.0625","field2":"2.125"}]}