{"channel":{"id":581842,"name":"Upstairs Small Window Indoor / Outdoor Sensor","latitude":"0.0","longitude":"0.0","field1":"Indoor Temperature","field2":"Outdoor Temperature","created_at":"2018-09-23T15:37:52-07:00","updated_at":"2020-07-27T05:59:41-07:00","last_entry_id":150129},"feeds":[{"created_at":"2019-11-18T00:07:24-08:00","entry_id":60252,"field1":"4.5625","field2":"3.5625"},{"created_at":"2019-11-18T00:17:01-08:00","entry_id":60253,"field1":"4.5625","field2":"3.5"},{"created_at":"2019-11-18T00:26:39-08:00","entry_id":60254,"field1":"4.5625","field2":"3.5"},{"created_at":"2019-11-18T00:36:16-08:00","entry_id":60255,"field1":"4.5625","field2":"3.5"},{"created_at":"2019-11-18T00:45:53-08:00","entry_id":60256,"field1":"4.5625","field2":"3.4375"},{"created_at":"2019-11-18T00:55:30-08:00","entry_id":60257,"field1":"4.5625","field2":"3.4375"},{"created_at":"2019-11-18T01:05:07-08:00","entry_id":60258,"field1":"4.5625","field2":"3.5"},{"created_at":"2019-11-18T01:14:44-08:00","entry_id":60259,"field1":"4.5625","field2":"3.5"},{"created_at":"2019-11-18T01:24:22-08:00","entry_id":60260,"field1":"4.5625","field2":"3.4375"},{"created_at":"2019-11-18T01:33:58-08:00","entry_id":60261,"field1":"4.5625","field2":"3.375"},{"created_at":"2019-11-18T01:43:36-08:00","entry_id":60262,"field1":"4.5625","field2":"3.5"},{"created_at":"2019-11-18T01:53:13-08:00","entry_id":60263,"field1":"4.5625","field2":"3.4375"},{"created_at":"2019-11-18T02:02:50-08:00","entry_id":60264,"field1":"4.5625","field2":"3.4375"},{"created_at":"2019-11-18T02:12:26-08:00","entry_id":60265,"field1":"4.5625","field2":"3.4375"},{"created_at":"2019-11-18T02:22:04-08:00","entry_id":60266,"field1":"4.5625","field2":"3.4375"},{"created_at":"2019-11-18T02:31:41-08:00","entry_id":60267,"field1":"4.5","field2":"3.4375"},{"created_at":"2019-11-18T02:41:17-08:00","entry_id":60268,"field1":"4.5","field2":"3.375"},{"created_at":"2019-11-18T02:50:55-08:00","entry_id":60269,"field1":"4.5","field2":"3.375"},{"created_at":"2019-11-18T03:00:32-08:00","entry_id":60270,"field1":"4.5","field2":"3.375"},{"created_at":"2019-11-18T03:10:09-08:00","entry_id":60271,"field1":"4.5","field2":"3.375"},{"created_at":"2019-11-18T03:19:47-08:00","entry_id":60272,"field1":"4.5","field2":"3.375"},{"created_at":"2019-11-18T03:29:23-08:00","entry_id":60273,"field1":"4.5","field2":"3.375"},{"created_at":"2019-11-18T03:39:00-08:00","entry_id":60274,"field1":"4.5","field2":"3.3125"},{"created_at":"2019-11-18T03:48:36-08:00","entry_id":60275,"field1":"4.5","field2":"3.25"},{"created_at":"2019-11-18T03:58:13-08:00","entry_id":60276,"field1":"4.5","field2":"3.1875"},{"created_at":"2019-11-18T04:07:50-08:00","entry_id":60277,"field1":"4.5","field2":"3.1875"},{"created_at":"2019-11-18T04:17:27-08:00","entry_id":60278,"field1":"4.5","field2":"3.25"},{"created_at":"2019-11-18T04:27:04-08:00","entry_id":60279,"field1":"4.5","field2":"3.25"},{"created_at":"2019-11-18T04:36:41-08:00","entry_id":60280,"field1":"4.5","field2":"3.0625"},{"created_at":"2019-11-18T04:46:18-08:00","entry_id":60281,"field1":"4.5","field2":"3.125"},{"created_at":"2019-11-18T04:55:56-08:00","entry_id":60282,"field1":"4.5","field2":"3.25"},{"created_at":"2019-11-18T05:05:32-08:00","entry_id":60283,"field1":"4.5","field2":"3.25"},{"created_at":"2019-11-18T05:15:09-08:00","entry_id":60284,"field1":"4.5","field2":"3.25"},{"created_at":"2019-11-18T05:24:47-08:00","entry_id":60285,"field1":"4.5","field2":"3.1875"},{"created_at":"2019-11-18T05:34:24-08:00","entry_id":60286,"field1":"4.5","field2":"3.125"},{"created_at":"2019-11-18T05:44:05-08:00","entry_id":60287,"field1":"4.5","field2":"3.0625"},{"created_at":"2019-11-18T05:53:40-08:00","entry_id":60288,"field1":"4.5","field2":"3.125"},{"created_at":"2019-11-18T06:03:17-08:00","entry_id":60289,"field1":"4.4375","field2":"3.125"},{"created_at":"2019-11-18T06:12:53-08:00","entry_id":60290,"field1":"4.4375","field2":"3.0625"},{"created_at":"2019-11-18T06:22:30-08:00","entry_id":60291,"field1":"4.4375","field2":"3"},{"created_at":"2019-11-18T06:32:07-08:00","entry_id":60292,"field1":"4.4375","field2":"2.9375"},{"created_at":"2019-11-18T06:41:44-08:00","entry_id":60293,"field1":"4.4375","field2":"3"},{"created_at":"2019-11-18T06:51:21-08:00","entry_id":60294,"field1":"4.4375","field2":"2.9375"},{"created_at":"2019-11-18T07:00:57-08:00","entry_id":60295,"field1":"4.4375","field2":"2.875"},{"created_at":"2019-11-18T07:10:34-08:00","entry_id":60296,"field1":"4.4375","field2":"2.875"},{"created_at":"2019-11-18T07:20:11-08:00","entry_id":60297,"field1":"4.4375","field2":"2.9375"},{"created_at":"2019-11-18T07:29:48-08:00","entry_id":60298,"field1":"4.4375","field2":"2.875"},{"created_at":"2019-11-18T07:39:25-08:00","entry_id":60299,"field1":"4.4375","field2":"2.9375"},{"created_at":"2019-11-18T07:49:02-08:00","entry_id":60300,"field1":"4.4375","field2":"2.875"},{"created_at":"2019-11-18T07:58:39-08:00","entry_id":60301,"field1":"4.4375","field2":"2.9375"},{"created_at":"2019-11-18T08:08:16-08:00","entry_id":60302,"field1":"4.4375","field2":"2.9375"},{"created_at":"2019-11-18T08:17:53-08:00","entry_id":60303,"field1":"4.4375","field2":"3"},{"created_at":"2019-11-18T08:27:30-08:00","entry_id":60304,"field1":"4.4375","field2":"3"},{"created_at":"2019-11-18T08:37:06-08:00","entry_id":60305,"field1":"4.4375","field2":"3.125"},{"created_at":"2019-11-18T08:46:43-08:00","entry_id":60306,"field1":"4.4375","field2":"3.0625"},{"created_at":"2019-11-18T08:56:20-08:00","entry_id":60307,"field1":"4.375","field2":"3"},{"created_at":"2019-11-18T09:05:57-08:00","entry_id":60308,"field1":"4.375","field2":"3.0625"},{"created_at":"2019-11-18T09:15:35-08:00","entry_id":60309,"field1":"4.4375","field2":"3"},{"created_at":"2019-11-18T09:25:12-08:00","entry_id":60310,"field1":"4.4375","field2":"2.9375"},{"created_at":"2019-11-18T09:34:48-08:00","entry_id":60311,"field1":"4.4375","field2":"2.9375"},{"created_at":"2019-11-18T09:44:25-08:00","entry_id":60312,"field1":"4.4375","field2":"3.0625"},{"created_at":"2019-11-18T09:54:02-08:00","entry_id":60313,"field1":"4.4375","field2":"3.25"},{"created_at":"2019-11-18T10:03:39-08:00","entry_id":60314,"field1":"4.4375","field2":"3.3125"},{"created_at":"2019-11-18T10:13:17-08:00","entry_id":60315,"field1":"4.4375","field2":"3.3125"},{"created_at":"2019-11-18T10:22:54-08:00","entry_id":60316,"field1":"4.4375","field2":"3.375"},{"created_at":"2019-11-18T10:32:30-08:00","entry_id":60317,"field1":"4.4375","field2":"3.375"},{"created_at":"2019-11-18T10:42:07-08:00","entry_id":60318,"field1":"4.4375","field2":"3.375"},{"created_at":"2019-11-18T10:51:45-08:00","entry_id":60319,"field1":"4.5","field2":"3.3125"},{"created_at":"2019-11-18T11:01:22-08:00","entry_id":60320,"field1":"4.5","field2":"3.3125"},{"created_at":"2019-11-18T11:11:00-08:00","entry_id":60321,"field1":"4.5","field2":"3.375"},{"created_at":"2019-11-18T11:20:37-08:00","entry_id":60322,"field1":"4.5","field2":"3.4375"},{"created_at":"2019-11-18T11:30:14-08:00","entry_id":60323,"field1":"4.5625","field2":"3.5"},{"created_at":"2019-11-18T11:39:50-08:00","entry_id":60324,"field1":"4.5625","field2":"3.6875"},{"created_at":"2019-11-18T11:49:27-08:00","entry_id":60325,"field1":"4.5625","field2":"3.8125"},{"created_at":"2019-11-18T11:59:05-08:00","entry_id":60326,"field1":"4.5625","field2":"3.6875"},{"created_at":"2019-11-18T12:08:42-08:00","entry_id":60327,"field1":"4.5625","field2":"3.8125"},{"created_at":"2019-11-18T12:18:18-08:00","entry_id":60328,"field1":"4.625","field2":"3.8125"},{"created_at":"2019-11-18T12:27:56-08:00","entry_id":60329,"field1":"4.5625","field2":"3.9375"},{"created_at":"2019-11-18T12:37:33-08:00","entry_id":60330,"field1":"4.625","field2":"3.9375"},{"created_at":"2019-11-18T12:47:10-08:00","entry_id":60331,"field1":"4.625","field2":"4.25"},{"created_at":"2019-11-18T12:56:47-08:00","entry_id":60332,"field1":"4.6875","field2":"4.125"},{"created_at":"2019-11-18T13:06:23-08:00","entry_id":60333,"field1":"4.6875","field2":"4.0625"},{"created_at":"2019-11-18T13:16:00-08:00","entry_id":60334,"field1":"4.6875","field2":"4"},{"created_at":"2019-11-18T13:25:37-08:00","entry_id":60335,"field1":"4.6875","field2":"3.9375"},{"created_at":"2019-11-18T13:35:15-08:00","entry_id":60336,"field1":"4.6875","field2":"3.9375"},{"created_at":"2019-11-18T13:44:52-08:00","entry_id":60337,"field1":"4.6875","field2":"3.875"},{"created_at":"2019-11-18T13:54:29-08:00","entry_id":60338,"field1":"4.6875","field2":"3.9375"},{"created_at":"2019-11-18T14:04:06-08:00","entry_id":60339,"field1":"4.6875","field2":"4.0625"},{"created_at":"2019-11-18T14:13:43-08:00","entry_id":60340,"field1":"4.6875","field2":"4"},{"created_at":"2019-11-18T14:23:20-08:00","entry_id":60341,"field1":"4.6875","field2":"4"},{"created_at":"2019-11-18T14:32:57-08:00","entry_id":60342,"field1":"4.6875","field2":"4"},{"created_at":"2019-11-18T14:42:34-08:00","entry_id":60343,"field1":"4.6875","field2":"4.125"},{"created_at":"2019-11-18T14:52:11-08:00","entry_id":60344,"field1":"4.6875","field2":"4.0625"},{"created_at":"2019-11-18T15:01:48-08:00","entry_id":60345,"field1":"4.6875","field2":"4.0625"},{"created_at":"2019-11-18T15:11:25-08:00","entry_id":60346,"field1":"4.6875","field2":"4.0625"},{"created_at":"2019-11-18T15:21:02-08:00","entry_id":60347,"field1":"4.6875","field2":"4.0625"},{"created_at":"2019-11-18T15:30:39-08:00","entry_id":60348,"field1":"4.6875","field2":"4.1875"},{"created_at":"2019-11-18T15:40:16-08:00","entry_id":60349,"field1":"4.6875","field2":"4.0625"},{"created_at":"2019-11-18T15:49:53-08:00","entry_id":60350,"field1":"4.6875","field2":"4.125"},{"created_at":"2019-11-18T15:59:31-08:00","entry_id":60351,"field1":"4.6875","field2":"4"},{"created_at":"2019-11-18T16:09:07-08:00","entry_id":60352,"field1":"4.6875","field2":"3.9375"},{"created_at":"2019-11-18T16:18:44-08:00","entry_id":60353,"field1":"4.6875","field2":"3.9375"},{"created_at":"2019-11-18T16:28:21-08:00","entry_id":60354,"field1":"4.6875","field2":"4.125"},{"created_at":"2019-11-18T16:37:58-08:00","entry_id":60355,"field1":"4.6875","field2":"4.25"},{"created_at":"2019-11-18T16:47:36-08:00","entry_id":60356,"field1":"4.6875","field2":"4.375"},{"created_at":"2019-11-18T16:57:12-08:00","entry_id":60357,"field1":"4.6875","field2":"4.3125"},{"created_at":"2019-11-18T17:07:06-08:00","entry_id":60358,"field1":"4.6875","field2":"4.1875"},{"created_at":"2019-11-18T17:16:36-08:00","entry_id":60359,"field1":"4.6875","field2":"4.1875"},{"created_at":"2019-11-18T17:26:13-08:00","entry_id":60360,"field1":"4.6875","field2":"4.0625"},{"created_at":"2019-11-18T17:35:50-08:00","entry_id":60361,"field1":"4.6875","field2":"4"},{"created_at":"2019-11-18T17:45:27-08:00","entry_id":60362,"field1":"4.6875","field2":"4.0625"},{"created_at":"2019-11-18T17:55:04-08:00","entry_id":60363,"field1":"4.6875","field2":"4"},{"created_at":"2019-11-18T18:04:42-08:00","entry_id":60364,"field1":"4.6875","field2":"4"},{"created_at":"2019-11-18T18:14:22-08:00","entry_id":60365,"field1":"4.6875","field2":"4"},{"created_at":"2019-11-18T18:23:57-08:00","entry_id":60366,"field1":"4.6875","field2":"3.9375"},{"created_at":"2019-11-18T18:33:34-08:00","entry_id":60367,"field1":"4.6875","field2":"3.9375"},{"created_at":"2019-11-18T18:43:11-08:00","entry_id":60368,"field1":"4.6875","field2":"3.8125"},{"created_at":"2019-11-18T18:52:47-08:00","entry_id":60369,"field1":"4.6875","field2":"3.8125"},{"created_at":"2019-11-18T19:02:25-08:00","entry_id":60370,"field1":"4.6875","field2":"3.8125"},{"created_at":"2019-11-18T19:12:02-08:00","entry_id":60371,"field1":"4.6875","field2":"3.75"},{"created_at":"2019-11-18T19:21:38-08:00","entry_id":60372,"field1":"4.6875","field2":"3.75"},{"created_at":"2019-11-18T19:31:15-08:00","entry_id":60373,"field1":"4.6875","field2":"3.75"},{"created_at":"2019-11-18T19:40:52-08:00","entry_id":60374,"field1":"4.6875","field2":"3.75"},{"created_at":"2019-11-18T19:50:29-08:00","entry_id":60375,"field1":"4.625","field2":"3.75"},{"created_at":"2019-11-18T20:00:06-08:00","entry_id":60376,"field1":"4.625","field2":"3.75"},{"created_at":"2019-11-18T20:09:43-08:00","entry_id":60377,"field1":"4.625","field2":"3.75"},{"created_at":"2019-11-18T20:19:20-08:00","entry_id":60378,"field1":"4.625","field2":"3.75"},{"created_at":"2019-11-18T20:28:57-08:00","entry_id":60379,"field1":"4.6875","field2":"3.75"},{"created_at":"2019-11-18T20:38:34-08:00","entry_id":60380,"field1":"4.625","field2":"3.75"},{"created_at":"2019-11-18T20:48:11-08:00","entry_id":60381,"field1":"4.6875","field2":"3.75"},{"created_at":"2019-11-18T20:57:48-08:00","entry_id":60382,"field1":"4.625","field2":"3.8125"},{"created_at":"2019-11-18T21:07:26-08:00","entry_id":60383,"field1":"4.6875","field2":"3.8125"},{"created_at":"2019-11-18T21:17:03-08:00","entry_id":60384,"field1":"4.625","field2":"3.8125"},{"created_at":"2019-11-18T21:26:40-08:00","entry_id":60385,"field1":"4.625","field2":"3.875"},{"created_at":"2019-11-18T21:36:17-08:00","entry_id":60386,"field1":"4.625","field2":"3.875"},{"created_at":"2019-11-18T21:45:54-08:00","entry_id":60387,"field1":"4.625","field2":"3.875"},{"created_at":"2019-11-18T21:55:31-08:00","entry_id":60388,"field1":"4.625","field2":"3.9375"},{"created_at":"2019-11-18T22:05:08-08:00","entry_id":60389,"field1":"4.625","field2":"3.875"},{"created_at":"2019-11-18T22:14:45-08:00","entry_id":60390,"field1":"4.625","field2":"3.8125"},{"created_at":"2019-11-18T22:24:22-08:00","entry_id":60391,"field1":"4.625","field2":"3.875"},{"created_at":"2019-11-18T22:34:03-08:00","entry_id":60392,"field1":"4.625","field2":"3.8125"},{"created_at":"2019-11-18T22:43:38-08:00","entry_id":60393,"field1":"4.625","field2":"3.75"},{"created_at":"2019-11-18T22:53:15-08:00","entry_id":60394,"field1":"4.625","field2":"3.75"},{"created_at":"2019-11-18T23:02:52-08:00","entry_id":60395,"field1":"4.625","field2":"3.8125"},{"created_at":"2019-11-18T23:12:29-08:00","entry_id":60396,"field1":"4.625","field2":"3.8125"},{"created_at":"2019-11-18T23:22:05-08:00","entry_id":60397,"field1":"4.625","field2":"3.8125"},{"created_at":"2019-11-18T23:31:42-08:00","entry_id":60398,"field1":"4.625","field2":"3.875"},{"created_at":"2019-11-18T23:41:19-08:00","entry_id":60399,"field1":"4.625","field2":"3.9375"},{"created_at":"2019-11-18T23:50:56-08:00","entry_id":60400,"field1":"4.625","field2":"3.8125"}]}