{"channel":{"id":581842,"name":"Upstairs Small Window Indoor / Outdoor Sensor","latitude":"0.0","longitude":"0.0","field1":"Indoor Temperature","field2":"Outdoor Temperature","created_at":"2018-09-23T15:37:52-07:00","updated_at":"2020-07-27T05:59:41-07:00","last_entry_id":222729},"feeds":[{"created_at":"2022-12-15T00:01:14-08:00","entry_id":222448,"field1":"7.3125","field2":"-3.5"},{"created_at":"2022-12-15T00:10:51-08:00","entry_id":222449,"field1":"7.5625","field2":"-3.5625"},{"created_at":"2022-12-15T00:20:28-08:00","entry_id":222450,"field1":"7.75","field2":"-3.5625"},{"created_at":"2022-12-15T00:30:06-08:00","entry_id":222451,"field1":"7.4375","field2":"-3.5625"},{"created_at":"2022-12-15T00:39:43-08:00","entry_id":222452,"field1":"6.875","field2":"-3.375"},{"created_at":"2022-12-15T00:49:18-08:00","entry_id":222453,"field1":"6.5625","field2":"-3.4375"},{"created_at":"2022-12-15T00:58:54-08:00","entry_id":222454,"field1":"6.3125","field2":"-3.8125"},{"created_at":"2022-12-15T01:08:30-08:00","entry_id":222455,"field1":"6.0625","field2":"-3.625"},{"created_at":"2022-12-15T01:18:06-08:00","entry_id":222456,"field1":"5.8125","field2":"-3.5"},{"created_at":"2022-12-15T01:27:43-08:00","entry_id":222457,"field1":"6.125","field2":"-3.625"},{"created_at":"2022-12-15T01:37:20-08:00","entry_id":222458,"field1":"6.6875","field2":"-3.6875"},{"created_at":"2022-12-15T01:46:59-08:00","entry_id":222459,"field1":"7.0625","field2":"-4"},{"created_at":"2022-12-15T01:56:35-08:00","entry_id":222460,"field1":"7.3125","field2":"-4.1875"},{"created_at":"2022-12-15T02:06:13-08:00","entry_id":222461,"field1":"7.5625","field2":"-4"},{"created_at":"2022-12-15T02:15:49-08:00","entry_id":222462,"field1":"7.75","field2":"-3.9375"},{"created_at":"2022-12-15T02:25:28-08:00","entry_id":222463,"field1":"7.4375","field2":"-3.875"},{"created_at":"2022-12-15T02:35:05-08:00","entry_id":222464,"field1":"6.875","field2":"-3.8125"},{"created_at":"2022-12-15T02:44:41-08:00","entry_id":222465,"field1":"6.5625","field2":"-3.625"},{"created_at":"2022-12-15T02:54:17-08:00","entry_id":222466,"field1":"6.25","field2":"-4"},{"created_at":"2022-12-15T03:03:55-08:00","entry_id":222467,"field1":"6","field2":"-4.0625"},{"created_at":"2022-12-15T03:13:31-08:00","entry_id":222468,"field1":"5.8125","field2":"-4.0625"},{"created_at":"2022-12-15T03:23:12-08:00","entry_id":222469,"field1":"6.125","field2":"-4.125"},{"created_at":"2022-12-15T03:32:51-08:00","entry_id":222470,"field1":"6.6875","field2":"-4.1875"},{"created_at":"2022-12-15T03:42:29-08:00","entry_id":222471,"field1":"7","field2":"-4.1875"},{"created_at":"2022-12-15T03:52:05-08:00","entry_id":222472,"field1":"7.25","field2":"-4.4375"},{"created_at":"2022-12-15T04:01:42-08:00","entry_id":222473,"field1":"7.5","field2":"-4.3125"},{"created_at":"2022-12-15T04:11:19-08:00","entry_id":222474,"field1":"7.6875","field2":"-4.125"},{"created_at":"2022-12-15T04:20:56-08:00","entry_id":222475,"field1":"7.5625","field2":"-4.25"},{"created_at":"2022-12-15T04:30:34-08:00","entry_id":222476,"field1":"7","field2":"-4.3125"},{"created_at":"2022-12-15T04:40:10-08:00","entry_id":222477,"field1":"6.5625","field2":"-4.0625"},{"created_at":"2022-12-15T04:49:47-08:00","entry_id":222478,"field1":"6.25","field2":"-4.25"},{"created_at":"2022-12-15T04:59:23-08:00","entry_id":222479,"field1":"6","field2":"-4.5"},{"created_at":"2022-12-15T05:09:00-08:00","entry_id":222480,"field1":"5.75","field2":"-4.375"},{"created_at":"2022-12-15T05:18:36-08:00","entry_id":222481,"field1":"6","field2":"-4.4375"},{"created_at":"2022-12-15T05:28:12-08:00","entry_id":222482,"field1":"6.5625","field2":"-4.1875"},{"created_at":"2022-12-15T05:37:51-08:00","entry_id":222483,"field1":"6.9375","field2":"-4.25"},{"created_at":"2022-12-15T05:47:29-08:00","entry_id":222484,"field1":"7.1875","field2":"-4.3125"},{"created_at":"2022-12-15T05:57:04-08:00","entry_id":222485,"field1":"7.375","field2":"-4.1875"},{"created_at":"2022-12-15T06:06:41-08:00","entry_id":222486,"field1":"7.625","field2":"-4.0625"},{"created_at":"2022-12-15T06:16:18-08:00","entry_id":222487,"field1":"7.8125","field2":"-4.0625"},{"created_at":"2022-12-15T06:25:55-08:00","entry_id":222488,"field1":"7.3125","field2":"-4"},{"created_at":"2022-12-15T06:35:31-08:00","entry_id":222489,"field1":"6.75","field2":"-4.125"},{"created_at":"2022-12-15T06:45:07-08:00","entry_id":222490,"field1":"6.4375","field2":"-3.8125"},{"created_at":"2022-12-15T06:54:45-08:00","entry_id":222491,"field1":"6.125","field2":"-3.9375"},{"created_at":"2022-12-15T07:04:20-08:00","entry_id":222492,"field1":"5.875","field2":"-4"},{"created_at":"2022-12-15T07:13:56-08:00","entry_id":222493,"field1":"5.75","field2":"-4.25"},{"created_at":"2022-12-15T07:23:32-08:00","entry_id":222494,"field1":"6.25","field2":"-4.3125"},{"created_at":"2022-12-15T07:33:11-08:00","entry_id":222495,"field1":"6.75","field2":"-4.125"},{"created_at":"2022-12-15T07:42:49-08:00","entry_id":222496,"field1":"7.0625","field2":"-4.375"},{"created_at":"2022-12-15T07:52:25-08:00","entry_id":222497,"field1":"7.25","field2":"-4.375"},{"created_at":"2022-12-15T08:02:02-08:00","entry_id":222498,"field1":"7.5","field2":"-4.5"},{"created_at":"2022-12-15T08:11:41-08:00","entry_id":222499,"field1":"7.6875","field2":"-4.4375"},{"created_at":"2022-12-15T08:21:17-08:00","entry_id":222500,"field1":"7.375","field2":"-4.375"},{"created_at":"2022-12-15T08:30:53-08:00","entry_id":222501,"field1":"6.8125","field2":"-4.375"},{"created_at":"2022-12-15T08:40:30-08:00","entry_id":222502,"field1":"6.375","field2":"-4.3125"},{"created_at":"2022-12-15T08:50:06-08:00","entry_id":222503,"field1":"6.125","field2":"-4.25"},{"created_at":"2022-12-15T08:59:43-08:00","entry_id":222504,"field1":"5.875","field2":"-4.125"},{"created_at":"2022-12-15T09:09:19-08:00","entry_id":222505,"field1":"5.75","field2":"-3.9375"},{"created_at":"2022-12-15T09:18:56-08:00","entry_id":222506,"field1":"6.25","field2":"-3.9375"},{"created_at":"2022-12-15T09:28:34-08:00","entry_id":222507,"field1":"6.6875","field2":"-3.875"},{"created_at":"2022-12-15T09:38:12-08:00","entry_id":222508,"field1":"7.0625","field2":"-3.8125"},{"created_at":"2022-12-15T09:47:49-08:00","entry_id":222509,"field1":"7.25","field2":"-3.8125"},{"created_at":"2022-12-15T09:57:25-08:00","entry_id":222510,"field1":"7.5","field2":"-3.6875"},{"created_at":"2022-12-15T10:07:02-08:00","entry_id":222511,"field1":"7.625","field2":"-3.75"},{"created_at":"2022-12-15T10:16:38-08:00","entry_id":222512,"field1":"7.0625","field2":"-3.625"},{"created_at":"2022-12-15T10:26:18-08:00","entry_id":222513,"field1":"6.625","field2":"-3.25"},{"created_at":"2022-12-15T10:35:54-08:00","entry_id":222514,"field1":"6.3125","field2":"-3.125"},{"created_at":"2022-12-15T10:45:29-08:00","entry_id":222515,"field1":"6.0625","field2":"-3.1875"},{"created_at":"2022-12-15T10:55:07-08:00","entry_id":222516,"field1":"5.8125","field2":"-2.9375"},{"created_at":"2022-12-15T11:04:43-08:00","entry_id":222517,"field1":"5.8125","field2":"-2.875"},{"created_at":"2022-12-15T11:14:20-08:00","entry_id":222518,"field1":"6.4375","field2":"-2.875"},{"created_at":"2022-12-15T11:23:54-08:00","entry_id":222519,"field1":"6.875","field2":"-3"},{"created_at":"2022-12-15T11:33:33-08:00","entry_id":222520,"field1":"7.1875","field2":"-2.8125"},{"created_at":"2022-12-15T11:43:10-08:00","entry_id":222521,"field1":"7.4375","field2":"-2.6875"},{"created_at":"2022-12-15T11:52:48-08:00","entry_id":222522,"field1":"7.6875","field2":"-2.875"},{"created_at":"2022-12-15T12:02:24-08:00","entry_id":222523,"field1":"7.5625","field2":"-2.875"},{"created_at":"2022-12-15T12:12:00-08:00","entry_id":222524,"field1":"7","field2":"-2.8125"},{"created_at":"2022-12-15T12:21:39-08:00","entry_id":222525,"field1":"6.5625","field2":"-2.8125"},{"created_at":"2022-12-15T12:31:14-08:00","entry_id":222526,"field1":"6.3125","field2":"-2.625"},{"created_at":"2022-12-15T12:40:50-08:00","entry_id":222527,"field1":"6.125","field2":"-2.3125"},{"created_at":"2022-12-15T12:50:30-08:00","entry_id":222528,"field1":"5.875","field2":"-2.4375"},{"created_at":"2022-12-15T13:00:04-08:00","entry_id":222529,"field1":"5.875","field2":"-2.125"},{"created_at":"2022-12-15T13:09:44-08:00","entry_id":222530,"field1":"6.4375","field2":"-1.9375"},{"created_at":"2022-12-15T13:19:20-08:00","entry_id":222531,"field1":"6.9375","field2":"-2.5"},{"created_at":"2022-12-15T13:28:57-08:00","entry_id":222532,"field1":"7.25","field2":"-2.375"},{"created_at":"2022-12-15T13:38:35-08:00","entry_id":222533,"field1":"7.5","field2":"-2.4375"},{"created_at":"2022-12-15T13:48:14-08:00","entry_id":222534,"field1":"7.6875","field2":"-2.375"},{"created_at":"2022-12-15T13:57:50-08:00","entry_id":222535,"field1":"7.4375","field2":"-2.5"},{"created_at":"2022-12-15T14:07:26-08:00","entry_id":222536,"field1":"6.9375","field2":"-2.6875"},{"created_at":"2022-12-15T14:17:03-08:00","entry_id":222537,"field1":"6.5625","field2":"-2.75"},{"created_at":"2022-12-15T14:26:39-08:00","entry_id":222538,"field1":"6.25","field2":"-2.75"},{"created_at":"2022-12-15T14:36:19-08:00","entry_id":222539,"field1":"6","field2":"-2.875"},{"created_at":"2022-12-15T14:45:55-08:00","entry_id":222540,"field1":"5.8125","field2":"-2.875"},{"created_at":"2022-12-15T14:55:30-08:00","entry_id":222541,"field1":"6.125","field2":"-2.9375"},{"created_at":"2022-12-15T15:05:09-08:00","entry_id":222542,"field1":"6.6875","field2":"-3"},{"created_at":"2022-12-15T15:14:45-08:00","entry_id":222543,"field1":"7.0625","field2":"-3"},{"created_at":"2022-12-15T15:24:22-08:00","entry_id":222544,"field1":"7.375","field2":"-3.125"},{"created_at":"2022-12-15T15:34:01-08:00","entry_id":222545,"field1":"7.5625","field2":"-3.25"},{"created_at":"2022-12-15T15:43:39-08:00","entry_id":222546,"field1":"7.75","field2":"-3.375"},{"created_at":"2022-12-15T15:53:16-08:00","entry_id":222547,"field1":"7.3125","field2":"-3.4375"},{"created_at":"2022-12-15T16:02:51-08:00","entry_id":222548,"field1":"6.8125","field2":"-3.5"},{"created_at":"2022-12-15T16:12:27-08:00","entry_id":222549,"field1":"6.4375","field2":"-3.6875"},{"created_at":"2022-12-15T16:22:05-08:00","entry_id":222550,"field1":"6.125","field2":"-3.75"},{"created_at":"2022-12-15T16:31:42-08:00","entry_id":222551,"field1":"5.875","field2":"-3.875"},{"created_at":"2022-12-15T16:41:19-08:00","entry_id":222552,"field1":"5.8125","field2":"-4"},{"created_at":"2022-12-15T16:50:54-08:00","entry_id":222553,"field1":"6.375","field2":"-4"},{"created_at":"2022-12-15T17:00:31-08:00","entry_id":222554,"field1":"6.75","field2":"-4.125"},{"created_at":"2022-12-15T17:10:08-08:00","entry_id":222555,"field1":"7.0625","field2":"-4.1875"},{"created_at":"2022-12-15T17:19:47-08:00","entry_id":222556,"field1":"7.3125","field2":"-4.125"},{"created_at":"2022-12-15T17:29:23-08:00","entry_id":222557,"field1":"7.5","field2":"-4.1875"},{"created_at":"2022-12-15T17:38:59-08:00","entry_id":222558,"field1":"7.6875","field2":"-4.3125"},{"created_at":"2022-12-15T17:48:38-08:00","entry_id":222559,"field1":"7.75","field2":"-4.3125"},{"created_at":"2022-12-15T17:58:15-08:00","entry_id":222560,"field1":"7.1875","field2":"-4.3125"},{"created_at":"2022-12-15T18:07:52-08:00","entry_id":222561,"field1":"6.6875","field2":"-4.4375"},{"created_at":"2022-12-15T18:17:27-08:00","entry_id":222562,"field1":"6.3125","field2":"-4.5"},{"created_at":"2022-12-15T18:27:04-08:00","entry_id":222563,"field1":"6","field2":"-4.625"},{"created_at":"2022-12-15T18:36:39-08:00","entry_id":222564,"field1":"5.75","field2":"-4.625"},{"created_at":"2022-12-15T18:46:16-08:00","entry_id":222565,"field1":"5.8125","field2":"-4.6875"},{"created_at":"2022-12-15T18:55:52-08:00","entry_id":222566,"field1":"6.375","field2":"-4.6875"},{"created_at":"2022-12-15T19:05:35-08:00","entry_id":222567,"field1":"6.75","field2":"-5.0625"},{"created_at":"2022-12-15T19:15:16-08:00","entry_id":222568,"field1":"7.0625","field2":"-5.125"},{"created_at":"2022-12-15T19:24:52-08:00","entry_id":222569,"field1":"7.25","field2":"-5.0625"},{"created_at":"2022-12-15T19:34:28-08:00","entry_id":222570,"field1":"7.375","field2":"-4.875"},{"created_at":"2022-12-15T19:44:05-08:00","entry_id":222571,"field1":"7.5625","field2":"-4.8125"},{"created_at":"2022-12-15T19:53:44-08:00","entry_id":222572,"field1":"7.625","field2":"-4.75"},{"created_at":"2022-12-15T20:03:19-08:00","entry_id":222573,"field1":"7","field2":"-4.5625"},{"created_at":"2022-12-15T20:12:55-08:00","entry_id":222574,"field1":"6.5","field2":"-4.375"},{"created_at":"2022-12-15T20:22:31-08:00","entry_id":222575,"field1":"6.1875","field2":"-4.25"},{"created_at":"2022-12-15T20:32:09-08:00","entry_id":222576,"field1":"5.875","field2":"-4.125"},{"created_at":"2022-12-15T20:41:44-08:00","entry_id":222577,"field1":"5.6875","field2":"-4.0625"},{"created_at":"2022-12-15T20:51:21-08:00","entry_id":222578,"field1":"6","field2":"-4.0625"},{"created_at":"2022-12-15T21:01:00-08:00","entry_id":222579,"field1":"6.5","field2":"-4.125"},{"created_at":"2022-12-15T21:10:37-08:00","entry_id":222580,"field1":"6.875","field2":"-4.0625"},{"created_at":"2022-12-15T21:20:15-08:00","entry_id":222581,"field1":"7.125","field2":"-4"},{"created_at":"2022-12-15T21:29:51-08:00","entry_id":222582,"field1":"7.3125","field2":"-4.125"},{"created_at":"2022-12-15T21:39:29-08:00","entry_id":222583,"field1":"7.5","field2":"-4"},{"created_at":"2022-12-15T21:49:05-08:00","entry_id":222584,"field1":"7.625","field2":"-3.875"},{"created_at":"2022-12-15T21:58:45-08:00","entry_id":222585,"field1":"7.125","field2":"-3.9375"},{"created_at":"2022-12-15T22:08:21-08:00","entry_id":222586,"field1":"6.625","field2":"-4"},{"created_at":"2022-12-15T22:17:56-08:00","entry_id":222587,"field1":"6.25","field2":"-4.0625"},{"created_at":"2022-12-15T22:27:33-08:00","entry_id":222588,"field1":"5.9375","field2":"-4"},{"created_at":"2022-12-15T22:37:10-08:00","entry_id":222589,"field1":"5.6875","field2":"-4.0625"},{"created_at":"2022-12-15T22:46:48-08:00","entry_id":222590,"field1":"5.875","field2":"-3.9375"},{"created_at":"2022-12-15T22:56:24-08:00","entry_id":222591,"field1":"6.4375","field2":"-3.8125"},{"created_at":"2022-12-15T23:06:01-08:00","entry_id":222592,"field1":"6.8125","field2":"-3.75"},{"created_at":"2022-12-15T23:15:39-08:00","entry_id":222593,"field1":"7.0625","field2":"-3.75"},{"created_at":"2022-12-15T23:25:15-08:00","entry_id":222594,"field1":"7.3125","field2":"-3.5625"},{"created_at":"2022-12-15T23:34:58-08:00","entry_id":222595,"field1":"7.4375","field2":"-3.625"},{"created_at":"2022-12-15T23:44:36-08:00","entry_id":222596,"field1":"7.625","field2":"-3.625"},{"created_at":"2022-12-15T23:54:13-08:00","entry_id":222597,"field1":"7.5625","field2":"-3.5625"}]}