{"channel":{"id":581842,"name":"Upstairs Small Window Indoor / Outdoor Sensor","latitude":"0.0","longitude":"0.0","field1":"Indoor Temperature","field2":"Outdoor Temperature","created_at":"2018-09-23T15:37:52-07:00","updated_at":"2020-07-27T05:59:41-07:00","last_entry_id":231220},"feeds":[{"created_at":"2023-02-10T00:01:40-08:00","entry_id":230939,"field1":"7.1875","field2":"-0.1875"},{"created_at":"2023-02-10T00:11:18-08:00","entry_id":230940,"field1":"7.625","field2":"-0.1875"},{"created_at":"2023-02-10T00:20:54-08:00","entry_id":230941,"field1":"8","field2":"-0.1875"},{"created_at":"2023-02-10T00:30:32-08:00","entry_id":230942,"field1":"7.6875","field2":"-0.1875"},{"created_at":"2023-02-10T00:40:09-08:00","entry_id":230943,"field1":"7.25","field2":"-0.25"},{"created_at":"2023-02-10T00:49:46-08:00","entry_id":230944,"field1":"7","field2":"-0.25"},{"created_at":"2023-02-10T00:59:23-08:00","entry_id":230945,"field1":"6.8125","field2":"-0.25"},{"created_at":"2023-02-10T01:08:59-08:00","entry_id":230946,"field1":"6.625","field2":"-0.1875"},{"created_at":"2023-02-10T01:18:36-08:00","entry_id":230947,"field1":"6.5","field2":"-0.25"},{"created_at":"2023-02-10T01:28:13-08:00","entry_id":230948,"field1":"7.0625","field2":"-0.1875"},{"created_at":"2023-02-10T01:37:52-08:00","entry_id":230949,"field1":"7.5625","field2":"-0.25"},{"created_at":"2023-02-10T01:47:27-08:00","entry_id":230950,"field1":"7.875","field2":"-0.25"},{"created_at":"2023-02-10T01:57:06-08:00","entry_id":230951,"field1":"7.6875","field2":"-0.3125"},{"created_at":"2023-02-10T02:06:42-08:00","entry_id":230952,"field1":"7.25","field2":"-0.375"},{"created_at":"2023-02-10T02:16:19-08:00","entry_id":230953,"field1":"7","field2":"-0.375"},{"created_at":"2023-02-10T02:25:55-08:00","entry_id":230954,"field1":"6.8125","field2":"-0.3125"},{"created_at":"2023-02-10T02:35:32-08:00","entry_id":230955,"field1":"6.625","field2":"-0.25"},{"created_at":"2023-02-10T02:45:09-08:00","entry_id":230956,"field1":"6.5","field2":"-0.25"},{"created_at":"2023-02-10T02:54:47-08:00","entry_id":230957,"field1":"6.9375","field2":"-0.25"},{"created_at":"2023-02-10T03:04:23-08:00","entry_id":230958,"field1":"7.5","field2":"-0.25"},{"created_at":"2023-02-10T03:14:01-08:00","entry_id":230959,"field1":"7.8125","field2":"-0.25"},{"created_at":"2023-02-10T03:23:40-08:00","entry_id":230960,"field1":"8","field2":"-0.3125"},{"created_at":"2023-02-10T03:33:17-08:00","entry_id":230961,"field1":"7.5625","field2":"-0.375"},{"created_at":"2023-02-10T03:42:52-08:00","entry_id":230962,"field1":"7.1875","field2":"-0.5"},{"created_at":"2023-02-10T03:52:28-08:00","entry_id":230963,"field1":"6.9375","field2":"-0.4375"},{"created_at":"2023-02-10T04:02:05-08:00","entry_id":230964,"field1":"6.75","field2":"-0.4375"},{"created_at":"2023-02-10T04:11:42-08:00","entry_id":230965,"field1":"6.5625","field2":"-0.375"},{"created_at":"2023-02-10T04:21:19-08:00","entry_id":230966,"field1":"6.5625","field2":"-0.3125"},{"created_at":"2023-02-10T04:30:56-08:00","entry_id":230967,"field1":"7.125","field2":"-0.3125"},{"created_at":"2023-02-10T04:40:33-08:00","entry_id":230968,"field1":"7.625","field2":"-0.3125"},{"created_at":"2023-02-10T04:50:11-08:00","entry_id":230969,"field1":"7.9375","field2":"-0.3125"},{"created_at":"2023-02-10T04:59:48-08:00","entry_id":230970,"field1":"7.6875","field2":"-0.4375"},{"created_at":"2023-02-10T05:09:25-08:00","entry_id":230971,"field1":"7.3125","field2":"-0.375"},{"created_at":"2023-02-10T05:19:02-08:00","entry_id":230972,"field1":"7","field2":"-0.375"},{"created_at":"2023-02-10T05:28:39-08:00","entry_id":230973,"field1":"6.8125","field2":"-0.3125"},{"created_at":"2023-02-10T05:38:16-08:00","entry_id":230974,"field1":"6.625","field2":"-0.25"},{"created_at":"2023-02-10T05:47:53-08:00","entry_id":230975,"field1":"6.5","field2":"-0.3125"},{"created_at":"2023-02-10T05:57:30-08:00","entry_id":230976,"field1":"7","field2":"-0.3125"},{"created_at":"2023-02-10T06:07:08-08:00","entry_id":230977,"field1":"7.5","field2":"-0.3125"},{"created_at":"2023-02-10T06:16:46-08:00","entry_id":230978,"field1":"7.875","field2":"-0.3125"},{"created_at":"2023-02-10T06:26:23-08:00","entry_id":230979,"field1":"7.8125","field2":"-0.3125"},{"created_at":"2023-02-10T06:36:00-08:00","entry_id":230980,"field1":"7.375","field2":"-0.3125"},{"created_at":"2023-02-10T06:45:36-08:00","entry_id":230981,"field1":"7.0625","field2":"-0.4375"},{"created_at":"2023-02-10T06:55:13-08:00","entry_id":230982,"field1":"6.875","field2":"-0.4375"},{"created_at":"2023-02-10T07:04:50-08:00","entry_id":230983,"field1":"6.6875","field2":"-0.4375"},{"created_at":"2023-02-10T07:14:28-08:00","entry_id":230984,"field1":"6.5","field2":"-0.4375"},{"created_at":"2023-02-10T07:24:04-08:00","entry_id":230985,"field1":"6.8125","field2":"-0.5"},{"created_at":"2023-02-10T07:33:42-08:00","entry_id":230986,"field1":"7.375","field2":"-0.5"},{"created_at":"2023-02-10T07:43:18-08:00","entry_id":230987,"field1":"7.75","field2":"-0.5"},{"created_at":"2023-02-10T07:52:55-08:00","entry_id":230988,"field1":"7.875","field2":"-0.4375"},{"created_at":"2023-02-10T08:02:33-08:00","entry_id":230989,"field1":"7.375","field2":"-0.5625"},{"created_at":"2023-02-10T08:12:09-08:00","entry_id":230990,"field1":"7.0625","field2":"-0.375"},{"created_at":"2023-02-10T08:21:46-08:00","entry_id":230991,"field1":"6.8125","field2":"-0.375"},{"created_at":"2023-02-10T08:31:22-08:00","entry_id":230992,"field1":"6.6875","field2":"-0.4375"},{"created_at":"2023-02-10T08:41:00-08:00","entry_id":230993,"field1":"6.5","field2":"-0.375"},{"created_at":"2023-02-10T08:50:37-08:00","entry_id":230994,"field1":"6.75","field2":"-0.25"},{"created_at":"2023-02-10T09:00:15-08:00","entry_id":230995,"field1":"7.3125","field2":"-0.1875"},{"created_at":"2023-02-10T09:09:53-08:00","entry_id":230996,"field1":"7.75","field2":"-0.125"},{"created_at":"2023-02-10T09:19:30-08:00","entry_id":230997,"field1":"7.875","field2":"-0.25"},{"created_at":"2023-02-10T09:29:05-08:00","entry_id":230998,"field1":"7.4375","field2":"-0.1875"},{"created_at":"2023-02-10T09:38:42-08:00","entry_id":230999,"field1":"7.125","field2":"-0.25"},{"created_at":"2023-02-10T09:48:18-08:00","entry_id":231000,"field1":"6.875","field2":"-0.3125"},{"created_at":"2023-02-10T09:57:53-08:00","entry_id":231001,"field1":"6.6875","field2":"-0.25"},{"created_at":"2023-02-10T10:07:28-08:00","entry_id":231002,"field1":"6.5625","field2":"-0.125"},{"created_at":"2023-02-10T10:17:06-08:00","entry_id":231003,"field1":"6.625","field2":"-0.375"},{"created_at":"2023-02-10T10:26:44-08:00","entry_id":231004,"field1":"7.25","field2":"-0.25"},{"created_at":"2023-02-10T10:36:21-08:00","entry_id":231005,"field1":"7.6875","field2":"-0.375"},{"created_at":"2023-02-10T10:45:59-08:00","entry_id":231006,"field1":"7.9375","field2":"-0.125"},{"created_at":"2023-02-10T10:55:37-08:00","entry_id":231007,"field1":"7.5","field2":"0.1875"},{"created_at":"2023-02-10T11:05:13-08:00","entry_id":231008,"field1":"7.1875","field2":"0.25"},{"created_at":"2023-02-10T11:14:51-08:00","entry_id":231009,"field1":"7","field2":"0.375"},{"created_at":"2023-02-10T11:24:27-08:00","entry_id":231010,"field1":"6.875","field2":"0.5"},{"created_at":"2023-02-10T11:34:03-08:00","entry_id":231011,"field1":"6.75","field2":"0.875"},{"created_at":"2023-02-10T11:43:38-08:00","entry_id":231012,"field1":"6.6875","field2":"0.6875"},{"created_at":"2023-02-10T11:53:17-08:00","entry_id":231013,"field1":"6.5625","field2":"0.5625"},{"created_at":"2023-02-10T12:02:54-08:00","entry_id":231014,"field1":"7","field2":"0.5625"},{"created_at":"2023-02-10T12:12:30-08:00","entry_id":231015,"field1":"7.5625","field2":"0.6875"},{"created_at":"2023-02-10T12:22:09-08:00","entry_id":231016,"field1":"8","field2":"1.1875"},{"created_at":"2023-02-10T12:31:45-08:00","entry_id":231017,"field1":"7.875","field2":"1.25"},{"created_at":"2023-02-10T12:41:22-08:00","entry_id":231018,"field1":"7.4375","field2":"1.125"},{"created_at":"2023-02-10T12:50:59-08:00","entry_id":231019,"field1":"7.25","field2":"1.125"},{"created_at":"2023-02-10T13:00:40-08:00","entry_id":231020,"field1":"7.0625","field2":"1.4375"},{"created_at":"2023-02-10T13:10:16-08:00","entry_id":231021,"field1":"6.875","field2":"1.5"},{"created_at":"2023-02-10T13:19:51-08:00","entry_id":231022,"field1":"6.75","field2":"1.1875"},{"created_at":"2023-02-10T13:29:27-08:00","entry_id":231023,"field1":"6.625","field2":"1.6875"},{"created_at":"2023-02-10T13:39:05-08:00","entry_id":231024,"field1":"6.75","field2":"1.6875"},{"created_at":"2023-02-10T13:48:42-08:00","entry_id":231025,"field1":"7.375","field2":"1.375"},{"created_at":"2023-02-10T13:58:17-08:00","entry_id":231026,"field1":"7.8125","field2":"1.875"},{"created_at":"2023-02-10T14:07:56-08:00","entry_id":231027,"field1":"8.125","field2":"1.75"},{"created_at":"2023-02-10T14:17:33-08:00","entry_id":231028,"field1":"7.6875","field2":"1.625"},{"created_at":"2023-02-10T14:27:09-08:00","entry_id":231029,"field1":"7.375","field2":"1.875"},{"created_at":"2023-02-10T14:36:46-08:00","entry_id":231030,"field1":"7.1875","field2":"1.625"},{"created_at":"2023-02-10T14:46:23-08:00","entry_id":231031,"field1":"7","field2":"1.5625"},{"created_at":"2023-02-10T14:55:59-08:00","entry_id":231032,"field1":"6.875","field2":"1.25"},{"created_at":"2023-02-10T15:05:35-08:00","entry_id":231033,"field1":"6.6875","field2":"1.3125"},{"created_at":"2023-02-10T15:15:14-08:00","entry_id":231034,"field1":"6.625","field2":"1.25"},{"created_at":"2023-02-10T15:24:51-08:00","entry_id":231035,"field1":"7.1875","field2":"1.1875"},{"created_at":"2023-02-10T15:34:27-08:00","entry_id":231036,"field1":"7.75","field2":"1.375"},{"created_at":"2023-02-10T15:44:06-08:00","entry_id":231037,"field1":"8.0625","field2":"1.375"},{"created_at":"2023-02-10T15:53:43-08:00","entry_id":231038,"field1":"7.75","field2":"1.4375"},{"created_at":"2023-02-10T16:03:21-08:00","entry_id":231039,"field1":"7.375","field2":"1.375"},{"created_at":"2023-02-10T16:12:57-08:00","entry_id":231040,"field1":"7.1875","field2":"1.3125"},{"created_at":"2023-02-10T16:22:34-08:00","entry_id":231041,"field1":"7","field2":"1.125"},{"created_at":"2023-02-10T16:32:10-08:00","entry_id":231042,"field1":"6.8125","field2":"1.25"},{"created_at":"2023-02-10T16:41:45-08:00","entry_id":231043,"field1":"6.6875","field2":"1"},{"created_at":"2023-02-10T16:51:23-08:00","entry_id":231044,"field1":"6.6875","field2":"1.125"},{"created_at":"2023-02-10T17:01:00-08:00","entry_id":231045,"field1":"7.25","field2":"0.9375"},{"created_at":"2023-02-10T17:10:37-08:00","entry_id":231046,"field1":"7.8125","field2":"0.8125"},{"created_at":"2023-02-10T17:20:15-08:00","entry_id":231047,"field1":"8.0625","field2":"0.75"},{"created_at":"2023-02-10T17:29:50-08:00","entry_id":231048,"field1":"7.625","field2":"0.6875"},{"created_at":"2023-02-10T17:39:29-08:00","entry_id":231049,"field1":"7.3125","field2":"0.6875"},{"created_at":"2023-02-10T17:49:06-08:00","entry_id":231050,"field1":"7.125","field2":"0.6875"},{"created_at":"2023-02-10T17:58:42-08:00","entry_id":231051,"field1":"6.9375","field2":"0.625"},{"created_at":"2023-02-10T18:08:19-08:00","entry_id":231052,"field1":"6.75","field2":"0.5625"},{"created_at":"2023-02-10T18:17:54-08:00","entry_id":231053,"field1":"6.625","field2":"0.5625"},{"created_at":"2023-02-10T18:27:33-08:00","entry_id":231054,"field1":"6.9375","field2":"0.5625"},{"created_at":"2023-02-10T18:37:10-08:00","entry_id":231055,"field1":"7.5625","field2":"0.5625"},{"created_at":"2023-02-10T18:46:48-08:00","entry_id":231056,"field1":"7.9375","field2":"0.5"},{"created_at":"2023-02-10T18:56:25-08:00","entry_id":231057,"field1":"7.9375","field2":"0.5"},{"created_at":"2023-02-10T19:06:03-08:00","entry_id":231058,"field1":"7.5","field2":"0.5"},{"created_at":"2023-02-10T19:15:38-08:00","entry_id":231059,"field1":"7.1875","field2":"0.5"},{"created_at":"2023-02-10T19:25:16-08:00","entry_id":231060,"field1":"7","field2":"0.5"},{"created_at":"2023-02-10T19:34:53-08:00","entry_id":231061,"field1":"6.8125","field2":"0.5"},{"created_at":"2023-02-10T19:44:29-08:00","entry_id":231062,"field1":"6.6875","field2":"0.5"},{"created_at":"2023-02-10T19:54:05-08:00","entry_id":231063,"field1":"6.625","field2":"0.5625"},{"created_at":"2023-02-10T20:03:43-08:00","entry_id":231064,"field1":"7.1875","field2":"0.5625"},{"created_at":"2023-02-10T20:13:21-08:00","entry_id":231065,"field1":"7.75","field2":"0.5625"},{"created_at":"2023-02-10T20:22:58-08:00","entry_id":231066,"field1":"8","field2":"0.5"},{"created_at":"2023-02-10T20:32:37-08:00","entry_id":231067,"field1":"7.625","field2":"0.4375"},{"created_at":"2023-02-10T20:42:13-08:00","entry_id":231068,"field1":"7.3125","field2":"0.375"},{"created_at":"2023-02-10T20:51:50-08:00","entry_id":231069,"field1":"7.0625","field2":"0.4375"},{"created_at":"2023-02-10T21:01:27-08:00","entry_id":231070,"field1":"6.875","field2":"0.4375"},{"created_at":"2023-02-10T21:11:04-08:00","entry_id":231071,"field1":"6.6875","field2":"0.5"},{"created_at":"2023-02-10T21:20:41-08:00","entry_id":231072,"field1":"6.625","field2":"0.5"},{"created_at":"2023-02-10T21:30:18-08:00","entry_id":231073,"field1":"7","field2":"0.5"},{"created_at":"2023-02-10T21:39:55-08:00","entry_id":231074,"field1":"7.5625","field2":"0.5625"},{"created_at":"2023-02-10T21:49:33-08:00","entry_id":231075,"field1":"7.9375","field2":"0.5625"},{"created_at":"2023-02-10T21:59:10-08:00","entry_id":231076,"field1":"7.875","field2":"0.5625"},{"created_at":"2023-02-10T22:08:47-08:00","entry_id":231077,"field1":"7.4375","field2":"0.5625"},{"created_at":"2023-02-10T22:18:25-08:00","entry_id":231078,"field1":"7.1875","field2":"0.5625"},{"created_at":"2023-02-10T22:28:02-08:00","entry_id":231079,"field1":"6.9375","field2":"0.6875"},{"created_at":"2023-02-10T22:37:39-08:00","entry_id":231080,"field1":"6.8125","field2":"0.5"},{"created_at":"2023-02-10T22:47:15-08:00","entry_id":231081,"field1":"6.625","field2":"0.5"},{"created_at":"2023-02-10T22:56:50-08:00","entry_id":231082,"field1":"6.75","field2":"0.5625"},{"created_at":"2023-02-10T23:06:29-08:00","entry_id":231083,"field1":"7.375","field2":"0.5625"},{"created_at":"2023-02-10T23:16:05-08:00","entry_id":231084,"field1":"7.8125","field2":"0.4375"},{"created_at":"2023-02-10T23:25:44-08:00","entry_id":231085,"field1":"8.0625","field2":"0.5"},{"created_at":"2023-02-10T23:35:20-08:00","entry_id":231086,"field1":"7.625","field2":"0.4375"},{"created_at":"2023-02-10T23:44:57-08:00","entry_id":231087,"field1":"7.25","field2":"0.5"},{"created_at":"2023-02-10T23:54:33-08:00","entry_id":231088,"field1":"7.0625","field2":"0.5"}]}