{"channel":{"id":581842,"name":"Upstairs Small Window Indoor / Outdoor Sensor","latitude":"0.0","longitude":"0.0","field1":"Indoor Temperature","field2":"Outdoor Temperature","created_at":"2018-09-23T15:37:52-07:00","updated_at":"2020-07-27T05:59:41-07:00","last_entry_id":168034},"feeds":[{"created_at":"2021-12-13T00:04:05-08:00","entry_id":167753,"field1":"9.375","field2":"-0.25"},{"created_at":"2021-12-13T00:13:41-08:00","entry_id":167754,"field1":"9.375","field2":"-0.3125"},{"created_at":"2021-12-13T00:23:17-08:00","entry_id":167755,"field1":"9.375","field2":"-0.3125"},{"created_at":"2021-12-13T00:32:54-08:00","entry_id":167756,"field1":"9.375","field2":"-0.3125"},{"created_at":"2021-12-13T00:42:31-08:00","entry_id":167757,"field1":"9.375","field2":"-0.3125"},{"created_at":"2021-12-13T00:52:09-08:00","entry_id":167758,"field1":"9.375","field2":"-0.5"},{"created_at":"2021-12-13T01:01:47-08:00","entry_id":167759,"field1":"9.375","field2":"-0.5"},{"created_at":"2021-12-13T01:11:22-08:00","entry_id":167760,"field1":"9.375","field2":"-0.4375"},{"created_at":"2021-12-13T01:20:59-08:00","entry_id":167761,"field1":"9.375","field2":"-0.3125"},{"created_at":"2021-12-13T01:30:38-08:00","entry_id":167762,"field1":"9.375","field2":"-0.1875"},{"created_at":"2021-12-13T01:40:15-08:00","entry_id":167763,"field1":"9.375","field2":"-0.1875"},{"created_at":"2021-12-13T01:49:52-08:00","entry_id":167764,"field1":"9.375","field2":"-0.1875"},{"created_at":"2021-12-13T01:59:29-08:00","entry_id":167765,"field1":"9.375","field2":"-0.1875"},{"created_at":"2021-12-13T02:09:07-08:00","entry_id":167766,"field1":"9.375","field2":"-0.125"},{"created_at":"2021-12-13T02:18:44-08:00","entry_id":167767,"field1":"9.375","field2":"-0.125"},{"created_at":"2021-12-13T02:28:20-08:00","entry_id":167768,"field1":"9.375","field2":"-0.125"},{"created_at":"2021-12-13T02:37:58-08:00","entry_id":167769,"field1":"9.375","field2":"-0.125"},{"created_at":"2021-12-13T02:47:36-08:00","entry_id":167770,"field1":"9.375","field2":"-0.0625"},{"created_at":"2021-12-13T02:57:12-08:00","entry_id":167771,"field1":"9.3125","field2":"0"},{"created_at":"2021-12-13T03:06:50-08:00","entry_id":167772,"field1":"9.375","field2":"-0.125"},{"created_at":"2021-12-13T03:16:27-08:00","entry_id":167773,"field1":"9.375","field2":"-0.125"},{"created_at":"2021-12-13T03:26:05-08:00","entry_id":167774,"field1":"9.3125","field2":"-0.1875"},{"created_at":"2021-12-13T03:35:40-08:00","entry_id":167775,"field1":"9.3125","field2":"-0.1875"},{"created_at":"2021-12-13T03:45:16-08:00","entry_id":167776,"field1":"9.3125","field2":"-0.1875"},{"created_at":"2021-12-13T03:54:54-08:00","entry_id":167777,"field1":"9.3125","field2":"-0.1875"},{"created_at":"2021-12-13T04:04:32-08:00","entry_id":167778,"field1":"9.3125","field2":"-0.1875"},{"created_at":"2021-12-13T04:14:08-08:00","entry_id":167779,"field1":"9.3125","field2":"-0.25"},{"created_at":"2021-12-13T04:23:46-08:00","entry_id":167780,"field1":"9.25","field2":"-0.125"},{"created_at":"2021-12-13T04:33:21-08:00","entry_id":167781,"field1":"9.3125","field2":"-0.0625"},{"created_at":"2021-12-13T04:43:00-08:00","entry_id":167782,"field1":"9.3125","field2":"-0.125"},{"created_at":"2021-12-13T04:52:36-08:00","entry_id":167783,"field1":"9.3125","field2":"-0.0625"},{"created_at":"2021-12-13T05:02:12-08:00","entry_id":167784,"field1":"9.3125","field2":"0"},{"created_at":"2021-12-13T05:11:49-08:00","entry_id":167785,"field1":"9.3125","field2":"0"},{"created_at":"2021-12-13T05:21:26-08:00","entry_id":167786,"field1":"9.3125","field2":"0"},{"created_at":"2021-12-13T05:31:02-08:00","entry_id":167787,"field1":"9.3125","field2":"0.0625"},{"created_at":"2021-12-13T05:40:40-08:00","entry_id":167788,"field1":"9.3125","field2":"0"},{"created_at":"2021-12-13T05:50:18-08:00","entry_id":167789,"field1":"9.3125","field2":"0"},{"created_at":"2021-12-13T05:59:55-08:00","entry_id":167790,"field1":"9.3125","field2":"0.0625"},{"created_at":"2021-12-13T06:09:32-08:00","entry_id":167791,"field1":"9.3125","field2":"0"},{"created_at":"2021-12-13T06:19:09-08:00","entry_id":167792,"field1":"9.3125","field2":"-0.0625"},{"created_at":"2021-12-13T06:28:45-08:00","entry_id":167793,"field1":"9.25","field2":"-0.0625"},{"created_at":"2021-12-13T06:38:21-08:00","entry_id":167794,"field1":"9.3125","field2":"-0.0625"},{"created_at":"2021-12-13T06:47:58-08:00","entry_id":167795,"field1":"9.25","field2":"-0.0625"},{"created_at":"2021-12-13T06:57:36-08:00","entry_id":167796,"field1":"9.25","field2":"-0.0625"},{"created_at":"2021-12-13T07:07:14-08:00","entry_id":167797,"field1":"9.25","field2":"-0.125"},{"created_at":"2021-12-13T07:16:51-08:00","entry_id":167798,"field1":"9.25","field2":"-0.125"},{"created_at":"2021-12-13T07:26:27-08:00","entry_id":167799,"field1":"9.25","field2":"-0.0625"},{"created_at":"2021-12-13T07:36:04-08:00","entry_id":167800,"field1":"9.25","field2":"-0.0625"},{"created_at":"2021-12-13T07:45:43-08:00","entry_id":167801,"field1":"9.25","field2":"-0.0625"},{"created_at":"2021-12-13T07:55:20-08:00","entry_id":167802,"field1":"9.25","field2":"0.0625"},{"created_at":"2021-12-13T08:04:56-08:00","entry_id":167803,"field1":"9.25","field2":"0.125"},{"created_at":"2021-12-13T08:14:35-08:00","entry_id":167804,"field1":"9.25","field2":"0.125"},{"created_at":"2021-12-13T08:24:12-08:00","entry_id":167805,"field1":"9.25","field2":"0.1875"},{"created_at":"2021-12-13T08:33:48-08:00","entry_id":167806,"field1":"9.25","field2":"0.25"},{"created_at":"2021-12-13T08:43:26-08:00","entry_id":167807,"field1":"9.25","field2":"0.5"},{"created_at":"2021-12-13T08:53:04-08:00","entry_id":167808,"field1":"9.25","field2":"0.75"},{"created_at":"2021-12-13T09:02:39-08:00","entry_id":167809,"field1":"9.25","field2":"0.9375"},{"created_at":"2021-12-13T09:12:16-08:00","entry_id":167810,"field1":"9.3125","field2":"0.75"},{"created_at":"2021-12-13T09:21:54-08:00","entry_id":167811,"field1":"9.3125","field2":"0.8125"},{"created_at":"2021-12-13T09:31:30-08:00","entry_id":167812,"field1":"9.3125","field2":"0.875"},{"created_at":"2021-12-13T09:41:09-08:00","entry_id":167813,"field1":"9.3125","field2":"0.9375"},{"created_at":"2021-12-13T09:50:46-08:00","entry_id":167814,"field1":"9.3125","field2":"1.0625"},{"created_at":"2021-12-13T10:00:21-08:00","entry_id":167815,"field1":"9.3125","field2":"1.0625"},{"created_at":"2021-12-13T10:09:58-08:00","entry_id":167816,"field1":"9.375","field2":"1.1875"},{"created_at":"2021-12-13T10:19:37-08:00","entry_id":167817,"field1":"9.375","field2":"1.375"},{"created_at":"2021-12-13T10:29:12-08:00","entry_id":167818,"field1":"9.375","field2":"1.5625"},{"created_at":"2021-12-13T10:38:49-08:00","entry_id":167819,"field1":"9.375","field2":"1.6875"},{"created_at":"2021-12-13T10:48:27-08:00","entry_id":167820,"field1":"9.4375","field2":"2.4375"},{"created_at":"2021-12-13T10:58:02-08:00","entry_id":167821,"field1":"9.5","field2":"3.5"},{"created_at":"2021-12-13T11:07:41-08:00","entry_id":167822,"field1":"9.5625","field2":"3.1875"},{"created_at":"2021-12-13T11:17:19-08:00","entry_id":167823,"field1":"9.5625","field2":"3.125"},{"created_at":"2021-12-13T11:26:56-08:00","entry_id":167824,"field1":"9.625","field2":"3.25"},{"created_at":"2021-12-13T11:36:33-08:00","entry_id":167825,"field1":"9.625","field2":"3.0625"},{"created_at":"2021-12-13T11:46:10-08:00","entry_id":167826,"field1":"9.6875","field2":"3.5625"},{"created_at":"2021-12-13T11:55:48-08:00","entry_id":167827,"field1":"9.6875","field2":"2.8125"},{"created_at":"2021-12-13T12:05:25-08:00","entry_id":167828,"field1":"9.6875","field2":"2.75"},{"created_at":"2021-12-13T12:15:03-08:00","entry_id":167829,"field1":"9.6875","field2":"2.5625"},{"created_at":"2021-12-13T12:24:41-08:00","entry_id":167830,"field1":"9.75","field2":"2.3125"},{"created_at":"2021-12-13T12:34:18-08:00","entry_id":167831,"field1":"9.75","field2":"2.3125"},{"created_at":"2021-12-13T12:43:53-08:00","entry_id":167832,"field1":"9.75","field2":"2.3125"},{"created_at":"2021-12-13T12:53:32-08:00","entry_id":167833,"field1":"9.75","field2":"2.4375"},{"created_at":"2021-12-13T13:03:09-08:00","entry_id":167834,"field1":"9.75","field2":"2.4375"},{"created_at":"2021-12-13T13:12:45-08:00","entry_id":167835,"field1":"9.75","field2":"2.5"},{"created_at":"2021-12-13T13:22:24-08:00","entry_id":167836,"field1":"9.8125","field2":"2.1875"},{"created_at":"2021-12-13T13:32:01-08:00","entry_id":167837,"field1":"9.8125","field2":"2.125"},{"created_at":"2021-12-13T13:41:37-08:00","entry_id":167838,"field1":"9.8125","field2":"2.0625"},{"created_at":"2021-12-13T13:51:13-08:00","entry_id":167839,"field1":"9.8125","field2":"1.9375"},{"created_at":"2021-12-13T14:00:50-08:00","entry_id":167840,"field1":"9.8125","field2":"1.9375"},{"created_at":"2021-12-13T14:10:28-08:00","entry_id":167841,"field1":"9.8125","field2":"1.9375"},{"created_at":"2021-12-13T14:20:06-08:00","entry_id":167842,"field1":"9.8125","field2":"1.8125"},{"created_at":"2021-12-13T14:29:43-08:00","entry_id":167843,"field1":"9.8125","field2":"1.9375"},{"created_at":"2021-12-13T14:39:20-08:00","entry_id":167844,"field1":"9.8125","field2":"1.8125"},{"created_at":"2021-12-13T14:48:56-08:00","entry_id":167845,"field1":"9.8125","field2":"1.75"},{"created_at":"2021-12-13T14:58:35-08:00","entry_id":167846,"field1":"9.8125","field2":"1.75"},{"created_at":"2021-12-13T15:08:10-08:00","entry_id":167847,"field1":"9.8125","field2":"1.6875"},{"created_at":"2021-12-13T15:17:48-08:00","entry_id":167848,"field1":"9.8125","field2":"1.625"},{"created_at":"2021-12-13T15:27:26-08:00","entry_id":167849,"field1":"9.8125","field2":"1.625"},{"created_at":"2021-12-13T15:37:02-08:00","entry_id":167850,"field1":"9.8125","field2":"1.5625"},{"created_at":"2021-12-13T15:46:40-08:00","entry_id":167851,"field1":"9.8125","field2":"1.5625"},{"created_at":"2021-12-13T15:56:15-08:00","entry_id":167852,"field1":"9.8125","field2":"1.5625"},{"created_at":"2021-12-13T16:05:54-08:00","entry_id":167853,"field1":"9.8125","field2":"1.5"},{"created_at":"2021-12-13T16:15:31-08:00","entry_id":167854,"field1":"9.8125","field2":"1.6875"},{"created_at":"2021-12-13T16:25:09-08:00","entry_id":167855,"field1":"9.8125","field2":"1.625"},{"created_at":"2021-12-13T16:34:46-08:00","entry_id":167856,"field1":"9.8125","field2":"1.4375"},{"created_at":"2021-12-13T16:44:23-08:00","entry_id":167857,"field1":"9.8125","field2":"1.375"},{"created_at":"2021-12-13T16:53:59-08:00","entry_id":167858,"field1":"9.5625","field2":"1.625"},{"created_at":"2021-12-13T17:03:35-08:00","entry_id":167859,"field1":"9.3125","field2":"1.4375"},{"created_at":"2021-12-13T17:13:12-08:00","entry_id":167860,"field1":"9.25","field2":"1.5625"},{"created_at":"2021-12-13T17:22:50-08:00","entry_id":167861,"field1":"9.375","field2":"1.5"},{"created_at":"2021-12-13T17:32:26-08:00","entry_id":167862,"field1":"9.4375","field2":"1.625"},{"created_at":"2021-12-13T17:42:04-08:00","entry_id":167863,"field1":"9.5","field2":"1.625"},{"created_at":"2021-12-13T17:51:42-08:00","entry_id":167864,"field1":"9.5625","field2":"1.625"},{"created_at":"2021-12-13T18:01:19-08:00","entry_id":167865,"field1":"9.5625","field2":"1.625"},{"created_at":"2021-12-13T18:10:56-08:00","entry_id":167866,"field1":"9.5625","field2":"1.5625"},{"created_at":"2021-12-13T18:20:34-08:00","entry_id":167867,"field1":"9.625","field2":"1.5"},{"created_at":"2021-12-13T18:30:10-08:00","entry_id":167868,"field1":"9.625","field2":"1.5"},{"created_at":"2021-12-13T18:39:48-08:00","entry_id":167869,"field1":"9.625","field2":"1.5"},{"created_at":"2021-12-13T18:49:26-08:00","entry_id":167870,"field1":"9.625","field2":"1.4375"},{"created_at":"2021-12-13T18:59:01-08:00","entry_id":167871,"field1":"9.625","field2":"1.4375"},{"created_at":"2021-12-13T19:08:38-08:00","entry_id":167872,"field1":"9.6875","field2":"1.4375"},{"created_at":"2021-12-13T19:18:16-08:00","entry_id":167873,"field1":"9.6875","field2":"1.375"},{"created_at":"2021-12-13T19:27:53-08:00","entry_id":167874,"field1":"9.6875","field2":"1.375"},{"created_at":"2021-12-13T19:37:30-08:00","entry_id":167875,"field1":"9.6875","field2":"1.3125"},{"created_at":"2021-12-13T19:47:06-08:00","entry_id":167876,"field1":"9.6875","field2":"1.375"},{"created_at":"2021-12-13T19:56:43-08:00","entry_id":167877,"field1":"9.6875","field2":"1.375"},{"created_at":"2021-12-13T20:06:22-08:00","entry_id":167878,"field1":"9.6875","field2":"1.4375"},{"created_at":"2021-12-13T20:15:59-08:00","entry_id":167879,"field1":"9.6875","field2":"1.3125"},{"created_at":"2021-12-13T20:25:37-08:00","entry_id":167880,"field1":"9.6875","field2":"1.3125"},{"created_at":"2021-12-13T20:35:14-08:00","entry_id":167881,"field1":"9.75","field2":"1.375"},{"created_at":"2021-12-13T20:44:51-08:00","entry_id":167882,"field1":"9.75","field2":"1.125"},{"created_at":"2021-12-13T20:54:27-08:00","entry_id":167883,"field1":"9.75","field2":"0.875"},{"created_at":"2021-12-13T21:04:03-08:00","entry_id":167884,"field1":"9.75","field2":"0.5"},{"created_at":"2021-12-13T21:13:40-08:00","entry_id":167885,"field1":"9.75","field2":"0.3125"},{"created_at":"2021-12-13T21:23:17-08:00","entry_id":167886,"field1":"9.75","field2":"0.375"},{"created_at":"2021-12-13T21:32:55-08:00","entry_id":167887,"field1":"9.75","field2":"0.4375"},{"created_at":"2021-12-13T21:42:33-08:00","entry_id":167888,"field1":"9.75","field2":"0.25"},{"created_at":"2021-12-13T21:52:09-08:00","entry_id":167889,"field1":"9.75","field2":"0.1875"},{"created_at":"2021-12-13T22:01:45-08:00","entry_id":167890,"field1":"9.75","field2":"0.25"},{"created_at":"2021-12-13T22:11:22-08:00","entry_id":167891,"field1":"9.8125","field2":"0.375"},{"created_at":"2021-12-13T22:21:01-08:00","entry_id":167892,"field1":"9.8125","field2":"0.3125"},{"created_at":"2021-12-13T22:30:38-08:00","entry_id":167893,"field1":"9.8125","field2":"0.3125"},{"created_at":"2021-12-13T22:40:17-08:00","entry_id":167894,"field1":"9.8125","field2":"0.25"},{"created_at":"2021-12-13T22:49:54-08:00","entry_id":167895,"field1":"9.8125","field2":"0.25"},{"created_at":"2021-12-13T22:59:32-08:00","entry_id":167896,"field1":"9.8125","field2":"0.125"},{"created_at":"2021-12-13T23:09:09-08:00","entry_id":167897,"field1":"9.75","field2":"0.0625"},{"created_at":"2021-12-13T23:18:47-08:00","entry_id":167898,"field1":"9.75","field2":"0.125"},{"created_at":"2021-12-13T23:28:23-08:00","entry_id":167899,"field1":"9.8125","field2":"0.1875"},{"created_at":"2021-12-13T23:37:59-08:00","entry_id":167900,"field1":"9.8125","field2":"0.25"},{"created_at":"2021-12-13T23:47:36-08:00","entry_id":167901,"field1":"9.8125","field2":"0.25"},{"created_at":"2021-12-13T23:57:12-08:00","entry_id":167902,"field1":"9.75","field2":"0.25"}]}