{"channel":{"id":581842,"name":"Upstairs Small Window Indoor / Outdoor Sensor","latitude":"0.0","longitude":"0.0","field1":"Indoor Temperature","field2":"Outdoor Temperature","created_at":"2018-09-23T15:37:52-07:00","updated_at":"2020-07-27T05:59:41-07:00","last_entry_id":150129},"feeds":[{"created_at":"2019-11-05T00:01:24-08:00","entry_id":58311,"field1":"5.6875","field2":"5.3125"},{"created_at":"2019-11-05T00:11:01-08:00","entry_id":58312,"field1":"5.6875","field2":"5.3125"},{"created_at":"2019-11-05T00:20:38-08:00","entry_id":58313,"field1":"5.6875","field2":"5.3125"},{"created_at":"2019-11-05T00:30:14-08:00","entry_id":58314,"field1":"5.6875","field2":"5.3125"},{"created_at":"2019-11-05T00:39:51-08:00","entry_id":58315,"field1":"5.6875","field2":"5.25"},{"created_at":"2019-11-05T00:49:28-08:00","entry_id":58316,"field1":"5.6875","field2":"5.25"},{"created_at":"2019-11-05T00:59:05-08:00","entry_id":58317,"field1":"5.625","field2":"5.25"},{"created_at":"2019-11-05T01:08:42-08:00","entry_id":58318,"field1":"5.6875","field2":"5.1875"},{"created_at":"2019-11-05T01:18:19-08:00","entry_id":58319,"field1":"5.6875","field2":"5.125"},{"created_at":"2019-11-05T01:27:56-08:00","entry_id":58320,"field1":"5.6875","field2":"5.1875"},{"created_at":"2019-11-05T01:37:33-08:00","entry_id":58321,"field1":"5.625","field2":"5.125"},{"created_at":"2019-11-05T01:47:10-08:00","entry_id":58322,"field1":"5.6875","field2":"5.125"},{"created_at":"2019-11-05T01:56:47-08:00","entry_id":58323,"field1":"5.625","field2":"5.1875"},{"created_at":"2019-11-05T02:06:24-08:00","entry_id":58324,"field1":"5.625","field2":"5.125"},{"created_at":"2019-11-05T02:16:01-08:00","entry_id":58325,"field1":"5.625","field2":"5.125"},{"created_at":"2019-11-05T02:25:39-08:00","entry_id":58326,"field1":"5.625","field2":"5.125"},{"created_at":"2019-11-05T02:35:16-08:00","entry_id":58327,"field1":"5.625","field2":"5.125"},{"created_at":"2019-11-05T02:44:53-08:00","entry_id":58328,"field1":"5.625","field2":"5.125"},{"created_at":"2019-11-05T02:54:29-08:00","entry_id":58329,"field1":"5.625","field2":"5.1875"},{"created_at":"2019-11-05T03:04:06-08:00","entry_id":58330,"field1":"5.625","field2":"5.125"},{"created_at":"2019-11-05T03:13:43-08:00","entry_id":58331,"field1":"5.625","field2":"5.1875"},{"created_at":"2019-11-05T03:23:21-08:00","entry_id":58332,"field1":"5.625","field2":"5.125"},{"created_at":"2019-11-05T03:32:57-08:00","entry_id":58333,"field1":"5.6875","field2":"5.0625"},{"created_at":"2019-11-05T03:42:34-08:00","entry_id":58334,"field1":"5.625","field2":"5.125"},{"created_at":"2019-11-05T03:52:11-08:00","entry_id":58335,"field1":"5.625","field2":"5"},{"created_at":"2019-11-05T04:01:48-08:00","entry_id":58336,"field1":"5.625","field2":"4.9375"},{"created_at":"2019-11-05T04:11:25-08:00","entry_id":58337,"field1":"5.625","field2":"5.0625"},{"created_at":"2019-11-05T04:21:03-08:00","entry_id":58338,"field1":"5.625","field2":"5"},{"created_at":"2019-11-05T04:30:39-08:00","entry_id":58339,"field1":"5.625","field2":"5.0625"},{"created_at":"2019-11-05T04:40:17-08:00","entry_id":58340,"field1":"5.625","field2":"5"},{"created_at":"2019-11-05T04:49:54-08:00","entry_id":58341,"field1":"5.625","field2":"5"},{"created_at":"2019-11-05T04:59:31-08:00","entry_id":58342,"field1":"5.625","field2":"4.9375"},{"created_at":"2019-11-05T05:09:08-08:00","entry_id":58343,"field1":"5.625","field2":"5"},{"created_at":"2019-11-05T05:18:45-08:00","entry_id":58344,"field1":"5.625","field2":"5.0625"},{"created_at":"2019-11-05T05:28:22-08:00","entry_id":58345,"field1":"5.625","field2":"5.0625"},{"created_at":"2019-11-05T05:37:58-08:00","entry_id":58346,"field1":"5.625","field2":"5.0625"},{"created_at":"2019-11-05T05:47:35-08:00","entry_id":58347,"field1":"5.625","field2":"5.0625"},{"created_at":"2019-11-05T05:57:12-08:00","entry_id":58348,"field1":"5.625","field2":"5.0625"},{"created_at":"2019-11-05T06:06:49-08:00","entry_id":58349,"field1":"5.625","field2":"5.0625"},{"created_at":"2019-11-05T06:16:26-08:00","entry_id":58350,"field1":"5.625","field2":"5"},{"created_at":"2019-11-05T06:26:03-08:00","entry_id":58351,"field1":"5.625","field2":"5"},{"created_at":"2019-11-05T06:35:40-08:00","entry_id":58352,"field1":"5.625","field2":"4.875"},{"created_at":"2019-11-05T06:45:17-08:00","entry_id":58353,"field1":"5.625","field2":"4.9375"},{"created_at":"2019-11-05T06:54:54-08:00","entry_id":58354,"field1":"5.625","field2":"4.875"},{"created_at":"2019-11-05T07:04:32-08:00","entry_id":58355,"field1":"5.625","field2":"4.875"},{"created_at":"2019-11-05T07:14:10-08:00","entry_id":58356,"field1":"5.625","field2":"4.875"},{"created_at":"2019-11-05T07:23:47-08:00","entry_id":58357,"field1":"5.625","field2":"4.9375"},{"created_at":"2019-11-05T07:33:24-08:00","entry_id":58358,"field1":"5.625","field2":"4.9375"},{"created_at":"2019-11-05T07:43:01-08:00","entry_id":58359,"field1":"5.625","field2":"5"},{"created_at":"2019-11-05T07:52:38-08:00","entry_id":58360,"field1":"5.625","field2":"5.0625"},{"created_at":"2019-11-05T08:02:16-08:00","entry_id":58361,"field1":"5.625","field2":"5.0625"},{"created_at":"2019-11-05T08:11:53-08:00","entry_id":58362,"field1":"5.625","field2":"5.0625"},{"created_at":"2019-11-05T08:21:30-08:00","entry_id":58363,"field1":"5.625","field2":"5.125"},{"created_at":"2019-11-05T08:31:07-08:00","entry_id":58364,"field1":"5.6875","field2":"5.125"},{"created_at":"2019-11-05T08:40:44-08:00","entry_id":58365,"field1":"5.6875","field2":"5.125"},{"created_at":"2019-11-05T08:50:22-08:00","entry_id":58366,"field1":"5.6875","field2":"5.125"},{"created_at":"2019-11-05T08:59:59-08:00","entry_id":58367,"field1":"5.6875","field2":"5.1875"},{"created_at":"2019-11-05T09:09:36-08:00","entry_id":58368,"field1":"5.6875","field2":"5.1875"},{"created_at":"2019-11-05T09:19:14-08:00","entry_id":58369,"field1":"5.6875","field2":"5.1875"},{"created_at":"2019-11-05T09:28:50-08:00","entry_id":58370,"field1":"5.6875","field2":"5.1875"},{"created_at":"2019-11-05T09:38:27-08:00","entry_id":58371,"field1":"5.6875","field2":"5.25"},{"created_at":"2019-11-05T09:48:04-08:00","entry_id":58372,"field1":"5.6875","field2":"5.3125"},{"created_at":"2019-11-05T09:57:42-08:00","entry_id":58373,"field1":"5.6875","field2":"5.4375"},{"created_at":"2019-11-05T10:07:19-08:00","entry_id":58374,"field1":"5.6875","field2":"5.4375"},{"created_at":"2019-11-05T10:16:56-08:00","entry_id":58375,"field1":"5.6875","field2":"5.5"},{"created_at":"2019-11-05T10:26:34-08:00","entry_id":58376,"field1":"5.6875","field2":"5.5"},{"created_at":"2019-11-05T10:36:11-08:00","entry_id":58377,"field1":"5.75","field2":"5.5625"},{"created_at":"2019-11-05T10:45:48-08:00","entry_id":58378,"field1":"5.75","field2":"5.5625"},{"created_at":"2019-11-05T10:55:25-08:00","entry_id":58379,"field1":"5.75","field2":"5.6875"},{"created_at":"2019-11-05T11:05:03-08:00","entry_id":58380,"field1":"5.75","field2":"5.6875"},{"created_at":"2019-11-05T11:14:39-08:00","entry_id":58381,"field1":"5.75","field2":"5.75"},{"created_at":"2019-11-05T11:24:17-08:00","entry_id":58382,"field1":"5.75","field2":"5.625"},{"created_at":"2019-11-05T11:33:54-08:00","entry_id":58383,"field1":"5.8125","field2":"5.625"},{"created_at":"2019-11-05T11:43:31-08:00","entry_id":58384,"field1":"5.8125","field2":"5.75"},{"created_at":"2019-11-05T11:53:08-08:00","entry_id":58385,"field1":"5.8125","field2":"5.6875"},{"created_at":"2019-11-05T12:02:45-08:00","entry_id":58386,"field1":"5.8125","field2":"5.8125"},{"created_at":"2019-11-05T12:12:23-08:00","entry_id":58387,"field1":"5.8125","field2":"5.8125"},{"created_at":"2019-11-05T12:22:00-08:00","entry_id":58388,"field1":"5.8125","field2":"5.9375"},{"created_at":"2019-11-05T12:31:37-08:00","entry_id":58389,"field1":"5.875","field2":"5.875"},{"created_at":"2019-11-05T12:41:15-08:00","entry_id":58390,"field1":"5.875","field2":"6"},{"created_at":"2019-11-05T12:50:51-08:00","entry_id":58391,"field1":"5.875","field2":"6.125"},{"created_at":"2019-11-05T13:00:28-08:00","entry_id":58392,"field1":"5.875","field2":"5.9375"},{"created_at":"2019-11-05T13:10:07-08:00","entry_id":58393,"field1":"5.875","field2":"6.0625"},{"created_at":"2019-11-05T13:19:43-08:00","entry_id":58394,"field1":"5.9375","field2":"5.9375"},{"created_at":"2019-11-05T13:29:21-08:00","entry_id":58395,"field1":"5.9375","field2":"5.9375"},{"created_at":"2019-11-05T13:38:58-08:00","entry_id":58396,"field1":"5.9375","field2":"6.125"},{"created_at":"2019-11-05T13:48:35-08:00","entry_id":58397,"field1":"5.9375","field2":"6.25"},{"created_at":"2019-11-05T13:58:12-08:00","entry_id":58398,"field1":"6","field2":"6.25"},{"created_at":"2019-11-05T14:07:49-08:00","entry_id":58399,"field1":"6","field2":"6.125"},{"created_at":"2019-11-05T14:17:26-08:00","entry_id":58400,"field1":"6","field2":"6.25"},{"created_at":"2019-11-05T14:27:04-08:00","entry_id":58401,"field1":"6","field2":"6.1875"},{"created_at":"2019-11-05T14:36:41-08:00","entry_id":58402,"field1":"6.0625","field2":"6.25"},{"created_at":"2019-11-05T14:46:18-08:00","entry_id":58403,"field1":"6.0625","field2":"6.1875"},{"created_at":"2019-11-05T14:55:55-08:00","entry_id":58404,"field1":"6.0625","field2":"6.25"},{"created_at":"2019-11-05T15:05:32-08:00","entry_id":58405,"field1":"6.0625","field2":"6.25"},{"created_at":"2019-11-05T15:15:09-08:00","entry_id":58406,"field1":"6.125","field2":"6.3125"},{"created_at":"2019-11-05T15:24:46-08:00","entry_id":58407,"field1":"6.125","field2":"6.25"},{"created_at":"2019-11-05T15:34:23-08:00","entry_id":58408,"field1":"6.125","field2":"6.1875"},{"created_at":"2019-11-05T15:44:01-08:00","entry_id":58409,"field1":"6.125","field2":"6.3125"},{"created_at":"2019-11-05T15:53:37-08:00","entry_id":58410,"field1":"6.125","field2":"6.1875"},{"created_at":"2019-11-05T16:03:14-08:00","entry_id":58411,"field1":"6.125","field2":"6.0625"},{"created_at":"2019-11-05T16:12:52-08:00","entry_id":58412,"field1":"6.125","field2":"5.875"},{"created_at":"2019-11-05T16:22:29-08:00","entry_id":58413,"field1":"6.125","field2":"5.8125"},{"created_at":"2019-11-05T16:32:06-08:00","entry_id":58414,"field1":"6.125","field2":"5.75"},{"created_at":"2019-11-05T16:41:43-08:00","entry_id":58415,"field1":"6.125","field2":"5.75"},{"created_at":"2019-11-05T16:51:20-08:00","entry_id":58416,"field1":"6.125","field2":"5.6875"},{"created_at":"2019-11-05T17:00:57-08:00","entry_id":58417,"field1":"6.125","field2":"5.625"},{"created_at":"2019-11-05T17:10:34-08:00","entry_id":58418,"field1":"6.125","field2":"5.5625"},{"created_at":"2019-11-05T17:20:11-08:00","entry_id":58419,"field1":"6.125","field2":"5.5"},{"created_at":"2019-11-05T17:29:48-08:00","entry_id":58420,"field1":"6.125","field2":"5.4375"},{"created_at":"2019-11-05T17:39:25-08:00","entry_id":58421,"field1":"6.125","field2":"5.375"},{"created_at":"2019-11-05T17:49:02-08:00","entry_id":58422,"field1":"6.125","field2":"5.375"},{"created_at":"2019-11-05T17:58:40-08:00","entry_id":58423,"field1":"6.125","field2":"5.375"},{"created_at":"2019-11-05T18:08:17-08:00","entry_id":58424,"field1":"6.125","field2":"5.375"},{"created_at":"2019-11-05T18:17:54-08:00","entry_id":58425,"field1":"6.125","field2":"5.375"},{"created_at":"2019-11-05T18:27:31-08:00","entry_id":58426,"field1":"6.125","field2":"5.375"},{"created_at":"2019-11-05T18:37:08-08:00","entry_id":58427,"field1":"6.125","field2":"5.4375"},{"created_at":"2019-11-05T18:46:45-08:00","entry_id":58428,"field1":"6.125","field2":"5.4375"},{"created_at":"2019-11-05T18:56:23-08:00","entry_id":58429,"field1":"6.125","field2":"5.4375"},{"created_at":"2019-11-05T19:06:00-08:00","entry_id":58430,"field1":"6.125","field2":"5.4375"},{"created_at":"2019-11-05T19:15:36-08:00","entry_id":58431,"field1":"6.125","field2":"5.4375"},{"created_at":"2019-11-05T19:25:13-08:00","entry_id":58432,"field1":"6.125","field2":"5.4375"},{"created_at":"2019-11-05T19:34:50-08:00","entry_id":58433,"field1":"6.125","field2":"5.4375"},{"created_at":"2019-11-05T19:44:27-08:00","entry_id":58434,"field1":"6.125","field2":"5.375"},{"created_at":"2019-11-05T19:54:04-08:00","entry_id":58435,"field1":"6.125","field2":"5.375"},{"created_at":"2019-11-05T20:03:42-08:00","entry_id":58436,"field1":"6.125","field2":"5.375"},{"created_at":"2019-11-05T20:13:19-08:00","entry_id":58437,"field1":"6.125","field2":"5.375"},{"created_at":"2019-11-05T20:22:56-08:00","entry_id":58438,"field1":"6.125","field2":"5.375"},{"created_at":"2019-11-05T20:32:33-08:00","entry_id":58439,"field1":"6.125","field2":"5.375"},{"created_at":"2019-11-05T20:42:10-08:00","entry_id":58440,"field1":"6.125","field2":"5.375"},{"created_at":"2019-11-05T20:51:47-08:00","entry_id":58441,"field1":"6.125","field2":"5.3125"},{"created_at":"2019-11-05T21:01:25-08:00","entry_id":58442,"field1":"6.0625","field2":"5.3125"},{"created_at":"2019-11-05T21:11:02-08:00","entry_id":58443,"field1":"6.125","field2":"5.3125"},{"created_at":"2019-11-05T21:20:40-08:00","entry_id":58444,"field1":"6.0625","field2":"5.375"},{"created_at":"2019-11-05T21:30:16-08:00","entry_id":58445,"field1":"6.0625","field2":"5.3125"},{"created_at":"2019-11-05T21:39:54-08:00","entry_id":58446,"field1":"6.0625","field2":"5.3125"},{"created_at":"2019-11-05T21:49:31-08:00","entry_id":58447,"field1":"6.125","field2":"5.3125"},{"created_at":"2019-11-05T21:59:07-08:00","entry_id":58448,"field1":"6.0625","field2":"5.3125"},{"created_at":"2019-11-05T22:08:44-08:00","entry_id":58449,"field1":"6.0625","field2":"5.3125"},{"created_at":"2019-11-05T22:18:25-08:00","entry_id":58450,"field1":"6.0625","field2":"5.3125"},{"created_at":"2019-11-05T22:27:59-08:00","entry_id":58451,"field1":"6.0625","field2":"5.375"},{"created_at":"2019-11-05T22:37:36-08:00","entry_id":58452,"field1":"6.0625","field2":"5.375"},{"created_at":"2019-11-05T22:47:14-08:00","entry_id":58453,"field1":"6.0625","field2":"5.375"},{"created_at":"2019-11-05T22:56:50-08:00","entry_id":58454,"field1":"6.0625","field2":"5.3125"},{"created_at":"2019-11-05T23:06:27-08:00","entry_id":58455,"field1":"6.0625","field2":"5.3125"},{"created_at":"2019-11-05T23:16:04-08:00","entry_id":58456,"field1":"6.0625","field2":"5.25"},{"created_at":"2019-11-05T23:25:41-08:00","entry_id":58457,"field1":"6.0625","field2":"5.25"},{"created_at":"2019-11-05T23:35:18-08:00","entry_id":58458,"field1":"6.0625","field2":"5.125"},{"created_at":"2019-11-05T23:44:55-08:00","entry_id":58459,"field1":"6.0625","field2":"5.0625"},{"created_at":"2019-11-05T23:54:32-08:00","entry_id":58460,"field1":"6.0625","field2":"5.0625"}]}