{"channel":{"id":581842,"name":"Upstairs Small Window Indoor / Outdoor Sensor","latitude":"0.0","longitude":"0.0","field1":"Indoor Temperature","field2":"Outdoor Temperature","created_at":"2018-09-23T15:37:52-07:00","updated_at":"2020-07-27T05:59:41-07:00","last_entry_id":276655},"feeds":[{"created_at":"2023-12-13T00:03:01-08:00","entry_id":276375,"field1":"0.75","field2":"-0.9375"},{"created_at":"2023-12-13T00:12:40-08:00","entry_id":276376,"field1":"0.75","field2":"-0.9375"},{"created_at":"2023-12-13T00:22:16-08:00","entry_id":276377,"field1":"0.75","field2":"-0.9375"},{"created_at":"2023-12-13T00:31:52-08:00","entry_id":276378,"field1":"0.75","field2":"-0.9375"},{"created_at":"2023-12-13T00:41:28-08:00","entry_id":276379,"field1":"0.75","field2":"-1.0625"},{"created_at":"2023-12-13T00:51:06-08:00","entry_id":276380,"field1":"0.75","field2":"-1"},{"created_at":"2023-12-13T01:00:42-08:00","entry_id":276381,"field1":"0.75","field2":"-0.9375"},{"created_at":"2023-12-13T01:10:20-08:00","entry_id":276382,"field1":"0.75","field2":"-1"},{"created_at":"2023-12-13T01:19:57-08:00","entry_id":276383,"field1":"0.75","field2":"-0.9375"},{"created_at":"2023-12-13T01:29:32-08:00","entry_id":276384,"field1":"0.75","field2":"-1.0625"},{"created_at":"2023-12-13T01:39:08-08:00","entry_id":276385,"field1":"0.6875","field2":"-1.0625"},{"created_at":"2023-12-13T01:48:45-08:00","entry_id":276386,"field1":"0.6875","field2":"-1.1875"},{"created_at":"2023-12-13T01:58:23-08:00","entry_id":276387,"field1":"0.6875","field2":"-1.0625"},{"created_at":"2023-12-13T02:07:59-08:00","entry_id":276388,"field1":"0.6875","field2":"-1.0625"},{"created_at":"2023-12-13T02:17:37-08:00","entry_id":276389,"field1":"0.6875","field2":"-1.1875"},{"created_at":"2023-12-13T02:27:12-08:00","entry_id":276390,"field1":"0.6875","field2":"-1.1875"},{"created_at":"2023-12-13T02:36:48-08:00","entry_id":276391,"field1":"0.6875","field2":"-1.1875"},{"created_at":"2023-12-13T02:46:24-08:00","entry_id":276392,"field1":"0.6875","field2":"-1.4375"},{"created_at":"2023-12-13T02:56:02-08:00","entry_id":276393,"field1":"0.6875","field2":"-1.5"},{"created_at":"2023-12-13T03:05:38-08:00","entry_id":276394,"field1":"0.625","field2":"-1.6875"},{"created_at":"2023-12-13T03:15:15-08:00","entry_id":276395,"field1":"0.625","field2":"-1.75"},{"created_at":"2023-12-13T03:24:51-08:00","entry_id":276396,"field1":"0.625","field2":"-1.8125"},{"created_at":"2023-12-13T03:34:29-08:00","entry_id":276397,"field1":"0.625","field2":"-2"},{"created_at":"2023-12-13T03:44:06-08:00","entry_id":276398,"field1":"0.625","field2":"-2.125"},{"created_at":"2023-12-13T03:53:41-08:00","entry_id":276399,"field1":"0.625","field2":"-2.1875"},{"created_at":"2023-12-13T04:03:19-08:00","entry_id":276400,"field1":"0.625","field2":"-2.3125"},{"created_at":"2023-12-13T04:12:55-08:00","entry_id":276401,"field1":"0.5625","field2":"-2.375"},{"created_at":"2023-12-13T04:22:31-08:00","entry_id":276402,"field1":"0.5625","field2":"-2.3125"},{"created_at":"2023-12-13T04:32:10-08:00","entry_id":276403,"field1":"0.5625","field2":"-2.375"},{"created_at":"2023-12-13T04:41:47-08:00","entry_id":276404,"field1":"0.5625","field2":"-2.5"},{"created_at":"2023-12-13T04:51:24-08:00","entry_id":276405,"field1":"0.5625","field2":"-2.5"},{"created_at":"2023-12-13T05:01:01-08:00","entry_id":276406,"field1":"0.5625","field2":"-2.4375"},{"created_at":"2023-12-13T05:10:38-08:00","entry_id":276407,"field1":"0.5","field2":"-2.5625"},{"created_at":"2023-12-13T05:20:15-08:00","entry_id":276408,"field1":"0.5","field2":"-2.5"},{"created_at":"2023-12-13T05:29:52-08:00","entry_id":276409,"field1":"0.5","field2":"-2.6875"},{"created_at":"2023-12-13T05:39:28-08:00","entry_id":276410,"field1":"0.5","field2":"-2.875"},{"created_at":"2023-12-13T05:49:05-08:00","entry_id":276411,"field1":"0.4375","field2":"-2.5625"},{"created_at":"2023-12-13T05:58:43-08:00","entry_id":276412,"field1":"0.4375","field2":"-2.6875"},{"created_at":"2023-12-13T06:08:19-08:00","entry_id":276413,"field1":"0.4375","field2":"-2.4375"},{"created_at":"2023-12-13T06:17:56-08:00","entry_id":276414,"field1":"0.4375","field2":"-2.625"},{"created_at":"2023-12-13T06:27:32-08:00","entry_id":276415,"field1":"0.4375","field2":"-2.5625"},{"created_at":"2023-12-13T06:37:08-08:00","entry_id":276416,"field1":"0.4375","field2":"-2.75"},{"created_at":"2023-12-13T06:46:45-08:00","entry_id":276417,"field1":"0.375","field2":"-2.75"},{"created_at":"2023-12-13T06:56:22-08:00","entry_id":276418,"field1":"0.375","field2":"-2.8125"},{"created_at":"2023-12-13T07:05:59-08:00","entry_id":276419,"field1":"0.375","field2":"-2.6875"},{"created_at":"2023-12-13T07:15:36-08:00","entry_id":276420,"field1":"0.375","field2":"-2.625"},{"created_at":"2023-12-13T07:25:11-08:00","entry_id":276421,"field1":"0.375","field2":"-2.5625"},{"created_at":"2023-12-13T07:34:48-08:00","entry_id":276422,"field1":"0.3125","field2":"-2.6875"},{"created_at":"2023-12-13T07:44:24-08:00","entry_id":276423,"field1":"0.3125","field2":"-2.625"},{"created_at":"2023-12-13T07:54:03-08:00","entry_id":276424,"field1":"0.3125","field2":"-2.5625"},{"created_at":"2023-12-13T08:03:38-08:00","entry_id":276425,"field1":"0.3125","field2":"-2.5625"},{"created_at":"2023-12-13T08:13:16-08:00","entry_id":276426,"field1":"0.3125","field2":"-2.5625"},{"created_at":"2023-12-13T08:22:52-08:00","entry_id":276427,"field1":"0.3125","field2":"-2.4375"},{"created_at":"2023-12-13T08:32:30-08:00","entry_id":276428,"field1":"0.25","field2":"-2.3125"},{"created_at":"2023-12-13T08:42:04-08:00","entry_id":276429,"field1":"0.25","field2":"-2.4375"},{"created_at":"2023-12-13T08:51:42-08:00","entry_id":276430,"field1":"0.25","field2":"-2.4375"},{"created_at":"2023-12-13T09:01:19-08:00","entry_id":276431,"field1":"0.25","field2":"-2.25"},{"created_at":"2023-12-13T09:10:55-08:00","entry_id":276432,"field1":"0.25","field2":"-2.0625"},{"created_at":"2023-12-13T09:20:32-08:00","entry_id":276433,"field1":"0.25","field2":"-1.875"},{"created_at":"2023-12-13T09:30:10-08:00","entry_id":276434,"field1":"0.25","field2":"-1.9375"},{"created_at":"2023-12-13T09:39:45-08:00","entry_id":276435,"field1":"0.25","field2":"-1.875"},{"created_at":"2023-12-13T09:49:23-08:00","entry_id":276436,"field1":"0.25","field2":"-1.6875"},{"created_at":"2023-12-13T09:59:00-08:00","entry_id":276437,"field1":"0.25","field2":"-1.5625"},{"created_at":"2023-12-13T10:08:35-08:00","entry_id":276438,"field1":"0.25","field2":"-1.75"},{"created_at":"2023-12-13T10:18:13-08:00","entry_id":276439,"field1":"0.25","field2":"-1.6875"},{"created_at":"2023-12-13T10:27:49-08:00","entry_id":276440,"field1":"0.25","field2":"-1.5625"},{"created_at":"2023-12-13T10:37:25-08:00","entry_id":276441,"field1":"0.25","field2":"-1.6875"},{"created_at":"2023-12-13T10:47:02-08:00","entry_id":276442,"field1":"0.25","field2":"-1.5625"},{"created_at":"2023-12-13T10:56:39-08:00","entry_id":276443,"field1":"0.25","field2":"-1.5"},{"created_at":"2023-12-13T11:06:15-08:00","entry_id":276444,"field1":"0.25","field2":"-1.5"},{"created_at":"2023-12-13T11:15:52-08:00","entry_id":276445,"field1":"0.25","field2":"-1.25"},{"created_at":"2023-12-13T11:25:28-08:00","entry_id":276446,"field1":"0.25","field2":"-1.3125"},{"created_at":"2023-12-13T11:35:06-08:00","entry_id":276447,"field1":"0.25","field2":"-1.1875"},{"created_at":"2023-12-13T11:44:43-08:00","entry_id":276448,"field1":"0.25","field2":"-1.0625"},{"created_at":"2023-12-13T11:54:20-08:00","entry_id":276449,"field1":"0.25","field2":"-1.125"},{"created_at":"2023-12-13T12:03:57-08:00","entry_id":276450,"field1":"0.25","field2":"-0.6875"},{"created_at":"2023-12-13T12:13:32-08:00","entry_id":276451,"field1":"0.3125","field2":"-0.5"},{"created_at":"2023-12-13T12:23:10-08:00","entry_id":276452,"field1":"0.25","field2":"-0.8125"},{"created_at":"2023-12-13T12:32:46-08:00","entry_id":276453,"field1":"0.3125","field2":"-0.875"},{"created_at":"2023-12-13T12:42:22-08:00","entry_id":276454,"field1":"0.3125","field2":"-0.8125"},{"created_at":"2023-12-13T12:52:00-08:00","entry_id":276455,"field1":"0.3125","field2":"-0.6875"},{"created_at":"2023-12-13T13:01:35-08:00","entry_id":276456,"field1":"0.3125","field2":"-0.6875"},{"created_at":"2023-12-13T13:11:11-08:00","entry_id":276457,"field1":"0.3125","field2":"-0.8125"},{"created_at":"2023-12-13T13:20:47-08:00","entry_id":276458,"field1":"0.3125","field2":"-0.75"},{"created_at":"2023-12-13T13:30:23-08:00","entry_id":276459,"field1":"0.3125","field2":"-0.6875"},{"created_at":"2023-12-13T13:40:01-08:00","entry_id":276460,"field1":"0.3125","field2":"-0.5625"},{"created_at":"2023-12-13T13:49:36-08:00","entry_id":276461,"field1":"0.3125","field2":"-0.4375"},{"created_at":"2023-12-13T13:59:14-08:00","entry_id":276462,"field1":"0.3125","field2":"-0.6875"},{"created_at":"2023-12-13T14:08:49-08:00","entry_id":276463,"field1":"0.3125","field2":"-0.5625"},{"created_at":"2023-12-13T14:18:27-08:00","entry_id":276464,"field1":"0.3125","field2":"-0.5625"},{"created_at":"2023-12-13T14:28:03-08:00","entry_id":276465,"field1":"0.3125","field2":"-0.625"},{"created_at":"2023-12-13T14:37:39-08:00","entry_id":276466,"field1":"0.3125","field2":"-0.6875"},{"created_at":"2023-12-13T14:47:15-08:00","entry_id":276467,"field1":"0.3125","field2":"-0.6875"},{"created_at":"2023-12-13T14:56:51-08:00","entry_id":276468,"field1":"0.3125","field2":"-0.75"},{"created_at":"2023-12-13T15:06:27-08:00","entry_id":276469,"field1":"0.3125","field2":"-0.875"},{"created_at":"2023-12-13T15:16:05-08:00","entry_id":276470,"field1":"0.3125","field2":"-0.875"},{"created_at":"2023-12-13T15:25:42-08:00","entry_id":276471,"field1":"0.3125","field2":"-0.875"},{"created_at":"2023-12-13T15:35:17-08:00","entry_id":276472,"field1":"0.3125","field2":"-0.9375"},{"created_at":"2023-12-13T15:44:55-08:00","entry_id":276473,"field1":"0.3125","field2":"-0.9375"},{"created_at":"2023-12-13T15:54:32-08:00","entry_id":276474,"field1":"0.25","field2":"-1"},{"created_at":"2023-12-13T16:04:08-08:00","entry_id":276475,"field1":"0.3125","field2":"-1"},{"created_at":"2023-12-13T16:13:46-08:00","entry_id":276476,"field1":"0.25","field2":"-1"},{"created_at":"2023-12-13T16:23:21-08:00","entry_id":276477,"field1":"0.25","field2":"-1.0625"},{"created_at":"2023-12-13T16:32:59-08:00","entry_id":276478,"field1":"0.25","field2":"-1.0625"},{"created_at":"2023-12-13T16:42:34-08:00","entry_id":276479,"field1":"0.25","field2":"-1.0625"},{"created_at":"2023-12-13T16:52:12-08:00","entry_id":276480,"field1":"0.25","field2":"-1.0625"},{"created_at":"2023-12-13T17:01:48-08:00","entry_id":276481,"field1":"0.25","field2":"-1.125"},{"created_at":"2023-12-13T17:11:25-08:00","entry_id":276482,"field1":"0.25","field2":"-1.125"},{"created_at":"2023-12-13T17:21:01-08:00","entry_id":276483,"field1":"0.1875","field2":"-1.25"},{"created_at":"2023-12-13T17:30:39-08:00","entry_id":276484,"field1":"0.25","field2":"-1.1875"},{"created_at":"2023-12-13T17:40:16-08:00","entry_id":276485,"field1":"0.1875","field2":"-1.125"},{"created_at":"2023-12-13T17:49:53-08:00","entry_id":276486,"field1":"0.1875","field2":"-1.125"},{"created_at":"2023-12-13T17:59:28-08:00","entry_id":276487,"field1":"0.1875","field2":"-1.125"},{"created_at":"2023-12-13T18:09:05-08:00","entry_id":276488,"field1":"0.1875","field2":"-1.125"},{"created_at":"2023-12-13T18:18:43-08:00","entry_id":276489,"field1":"0.1875","field2":"-1.0625"},{"created_at":"2023-12-13T18:28:20-08:00","entry_id":276490,"field1":"0.1875","field2":"-1.0625"},{"created_at":"2023-12-13T18:37:55-08:00","entry_id":276491,"field1":"0.1875","field2":"-1"},{"created_at":"2023-12-13T18:47:31-08:00","entry_id":276492,"field1":"0.1875","field2":"-1.0625"},{"created_at":"2023-12-13T18:57:08-08:00","entry_id":276493,"field1":"0.1875","field2":"-1.0625"},{"created_at":"2023-12-13T19:06:46-08:00","entry_id":276494,"field1":"0.1875","field2":"-1"},{"created_at":"2023-12-13T19:16:22-08:00","entry_id":276495,"field1":"0.125","field2":"-1"},{"created_at":"2023-12-13T19:25:58-08:00","entry_id":276496,"field1":"0.125","field2":"-1"},{"created_at":"2023-12-13T19:35:35-08:00","entry_id":276497,"field1":"0.125","field2":"-1.0625"},{"created_at":"2023-12-13T19:45:11-08:00","entry_id":276498,"field1":"0.125","field2":"-1.0625"},{"created_at":"2023-12-13T19:54:49-08:00","entry_id":276499,"field1":"0.125","field2":"-0.9375"},{"created_at":"2023-12-13T20:04:26-08:00","entry_id":276500,"field1":"0.125","field2":"-1"},{"created_at":"2023-12-13T20:14:03-08:00","entry_id":276501,"field1":"0.125","field2":"-1"},{"created_at":"2023-12-13T20:23:40-08:00","entry_id":276502,"field1":"0.125","field2":"-0.9375"},{"created_at":"2023-12-13T20:33:17-08:00","entry_id":276503,"field1":"0.125","field2":"-0.9375"},{"created_at":"2023-12-13T20:42:53-08:00","entry_id":276504,"field1":"0.125","field2":"-0.9375"},{"created_at":"2023-12-13T20:52:29-08:00","entry_id":276505,"field1":"0.125","field2":"-0.875"},{"created_at":"2023-12-13T21:02:06-08:00","entry_id":276506,"field1":"0.125","field2":"-0.875"},{"created_at":"2023-12-13T21:11:44-08:00","entry_id":276507,"field1":"0.125","field2":"-0.8125"},{"created_at":"2023-12-13T21:21:20-08:00","entry_id":276508,"field1":"0.125","field2":"-0.875"},{"created_at":"2023-12-13T21:30:57-08:00","entry_id":276509,"field1":"0.0625","field2":"-0.8125"},{"created_at":"2023-12-13T21:40:33-08:00","entry_id":276510,"field1":"0.0625","field2":"-0.8125"},{"created_at":"2023-12-13T21:50:09-08:00","entry_id":276511,"field1":"0.125","field2":"-0.8125"},{"created_at":"2023-12-13T21:59:47-08:00","entry_id":276512,"field1":"0.0625","field2":"-0.75"},{"created_at":"2023-12-13T22:09:22-08:00","entry_id":276513,"field1":"0.0625","field2":"-0.75"},{"created_at":"2023-12-13T22:19:00-08:00","entry_id":276514,"field1":"0.0625","field2":"-0.75"},{"created_at":"2023-12-13T22:28:37-08:00","entry_id":276515,"field1":"0.0625","field2":"-0.75"},{"created_at":"2023-12-13T22:38:12-08:00","entry_id":276516,"field1":"0.0625","field2":"-0.75"},{"created_at":"2023-12-13T22:47:49-08:00","entry_id":276517,"field1":"0.0625","field2":"-0.6875"},{"created_at":"2023-12-13T22:57:25-08:00","entry_id":276518,"field1":"0.0625","field2":"-0.75"},{"created_at":"2023-12-13T23:07:03-08:00","entry_id":276519,"field1":"0.0625","field2":"-0.75"},{"created_at":"2023-12-13T23:16:40-08:00","entry_id":276520,"field1":"0.0625","field2":"-0.75"},{"created_at":"2023-12-13T23:26:15-08:00","entry_id":276521,"field1":"0.0625","field2":"-0.75"},{"created_at":"2023-12-13T23:35:52-08:00","entry_id":276522,"field1":"0.0625","field2":"-0.75"},{"created_at":"2023-12-13T23:45:28-08:00","entry_id":276523,"field1":"0.0625","field2":"-0.75"},{"created_at":"2023-12-13T23:55:06-08:00","entry_id":276524,"field1":"0.0625","field2":"-0.625"}]}