{"channel":{"id":581842,"name":"Upstairs Small Window Indoor / Outdoor Sensor","latitude":"0.0","longitude":"0.0","field1":"Indoor Temperature","field2":"Outdoor Temperature","created_at":"2018-09-23T15:37:52-07:00","updated_at":"2020-07-27T05:59:41-07:00","last_entry_id":280550},"feeds":[{"created_at":"2024-01-08T00:08:45-08:00","entry_id":280270,"field1":"0.75","field2":"-1.8125"},{"created_at":"2024-01-08T00:18:20-08:00","entry_id":280271,"field1":"0.75","field2":"-1.75"},{"created_at":"2024-01-08T00:27:56-08:00","entry_id":280272,"field1":"0.6875","field2":"-1.75"},{"created_at":"2024-01-08T00:37:35-08:00","entry_id":280273,"field1":"0.6875","field2":"-1.75"},{"created_at":"2024-01-08T00:47:11-08:00","entry_id":280274,"field1":"0.6875","field2":"-1.6875"},{"created_at":"2024-01-08T00:56:47-08:00","entry_id":280275,"field1":"0.6875","field2":"-1.75"},{"created_at":"2024-01-08T01:06:23-08:00","entry_id":280276,"field1":"0.6875","field2":"-1.8125"},{"created_at":"2024-01-08T01:16:00-08:00","entry_id":280277,"field1":"0.625","field2":"-1.75"},{"created_at":"2024-01-08T01:25:38-08:00","entry_id":280278,"field1":"0.625","field2":"-1.75"},{"created_at":"2024-01-08T01:35:13-08:00","entry_id":280279,"field1":"0.625","field2":"-1.875"},{"created_at":"2024-01-08T01:44:51-08:00","entry_id":280280,"field1":"0.625","field2":"-1.8125"},{"created_at":"2024-01-08T01:54:26-08:00","entry_id":280281,"field1":"0.625","field2":"-1.8125"},{"created_at":"2024-01-08T02:04:03-08:00","entry_id":280282,"field1":"0.5625","field2":"-1.8125"},{"created_at":"2024-01-08T02:13:39-08:00","entry_id":280283,"field1":"0.5625","field2":"-1.8125"},{"created_at":"2024-01-08T02:23:17-08:00","entry_id":280284,"field1":"0.5625","field2":"-1.875"},{"created_at":"2024-01-08T02:32:53-08:00","entry_id":280285,"field1":"0.5625","field2":"-1.875"},{"created_at":"2024-01-08T02:42:30-08:00","entry_id":280286,"field1":"0.5625","field2":"-1.9375"},{"created_at":"2024-01-08T02:52:08-08:00","entry_id":280287,"field1":"0.5625","field2":"-1.9375"},{"created_at":"2024-01-08T03:01:49-08:00","entry_id":280288,"field1":"0.5","field2":"-2"},{"created_at":"2024-01-08T03:11:26-08:00","entry_id":280289,"field1":"0.5","field2":"-2"},{"created_at":"2024-01-08T03:21:04-08:00","entry_id":280290,"field1":"0.5","field2":"-1.9375"},{"created_at":"2024-01-08T03:30:41-08:00","entry_id":280291,"field1":"0.5","field2":"-1.9375"},{"created_at":"2024-01-08T03:40:18-08:00","entry_id":280292,"field1":"0.4375","field2":"-1.8125"},{"created_at":"2024-01-08T03:49:55-08:00","entry_id":280293,"field1":"0.4375","field2":"-2"},{"created_at":"2024-01-08T03:59:30-08:00","entry_id":280294,"field1":"0.4375","field2":"-2.0625"},{"created_at":"2024-01-08T04:09:07-08:00","entry_id":280295,"field1":"0.4375","field2":"-2.1875"},{"created_at":"2024-01-08T04:18:45-08:00","entry_id":280296,"field1":"0.375","field2":"-2.3125"},{"created_at":"2024-01-08T04:28:20-08:00","entry_id":280297,"field1":"0.375","field2":"-2.25"},{"created_at":"2024-01-08T04:37:58-08:00","entry_id":280298,"field1":"0.375","field2":"-2.375"},{"created_at":"2024-01-08T04:47:35-08:00","entry_id":280299,"field1":"0.375","field2":"-2.375"},{"created_at":"2024-01-08T04:57:10-08:00","entry_id":280300,"field1":"0.375","field2":"-2.4375"},{"created_at":"2024-01-08T05:06:48-08:00","entry_id":280301,"field1":"0.375","field2":"-2.375"},{"created_at":"2024-01-08T05:16:25-08:00","entry_id":280302,"field1":"0.3125","field2":"-2.375"},{"created_at":"2024-01-08T05:26:01-08:00","entry_id":280303,"field1":"0.3125","field2":"-2.5"},{"created_at":"2024-01-08T05:35:38-08:00","entry_id":280304,"field1":"0.3125","field2":"-2.5"},{"created_at":"2024-01-08T05:45:15-08:00","entry_id":280305,"field1":"0.3125","field2":"-2.5"},{"created_at":"2024-01-08T05:54:51-08:00","entry_id":280306,"field1":"0.25","field2":"-2.5"},{"created_at":"2024-01-08T06:04:29-08:00","entry_id":280307,"field1":"0.25","field2":"-2.5"},{"created_at":"2024-01-08T06:14:04-08:00","entry_id":280308,"field1":"0.25","field2":"-2.5"},{"created_at":"2024-01-08T06:23:40-08:00","entry_id":280309,"field1":"0.25","field2":"-2.5"},{"created_at":"2024-01-08T06:33:18-08:00","entry_id":280310,"field1":"0.1875","field2":"-2.5"},{"created_at":"2024-01-08T06:42:56-08:00","entry_id":280311,"field1":"0.1875","field2":"-2.5"},{"created_at":"2024-01-08T06:52:31-08:00","entry_id":280312,"field1":"0.1875","field2":"-2.5625"},{"created_at":"2024-01-08T07:02:10-08:00","entry_id":280313,"field1":"0.1875","field2":"-2.625"},{"created_at":"2024-01-08T07:11:45-08:00","entry_id":280314,"field1":"0.1875","field2":"-2.625"},{"created_at":"2024-01-08T07:21:21-08:00","entry_id":280315,"field1":"0.125","field2":"-2.5625"},{"created_at":"2024-01-08T07:30:59-08:00","entry_id":280316,"field1":"0.125","field2":"-2.4375"},{"created_at":"2024-01-08T07:40:36-08:00","entry_id":280317,"field1":"0.125","field2":"-2.5625"},{"created_at":"2024-01-08T07:50:12-08:00","entry_id":280318,"field1":"0.125","field2":"-2.5625"},{"created_at":"2024-01-08T07:59:48-08:00","entry_id":280319,"field1":"0.0625","field2":"-2.5625"},{"created_at":"2024-01-08T08:09:25-08:00","entry_id":280320,"field1":"0.0625","field2":"-2.5625"},{"created_at":"2024-01-08T08:19:02-08:00","entry_id":280321,"field1":"0.0625","field2":"-2.5625"},{"created_at":"2024-01-08T08:28:39-08:00","entry_id":280322,"field1":"0.0625","field2":"-2.375"},{"created_at":"2024-01-08T08:38:17-08:00","entry_id":280323,"field1":"0.0625","field2":"-2.5"},{"created_at":"2024-01-08T08:47:52-08:00","entry_id":280324,"field1":"0","field2":"-2.375"},{"created_at":"2024-01-08T08:57:28-08:00","entry_id":280325,"field1":"0","field2":"-2.375"},{"created_at":"2024-01-08T09:07:04-08:00","entry_id":280326,"field1":"0","field2":"-2.3125"},{"created_at":"2024-01-08T09:16:40-08:00","entry_id":280327,"field1":"0","field2":"-2.1875"},{"created_at":"2024-01-08T09:26:18-08:00","entry_id":280328,"field1":"0","field2":"-2.0625"},{"created_at":"2024-01-08T09:35:55-08:00","entry_id":280329,"field1":"0","field2":"-2.0625"},{"created_at":"2024-01-08T09:45:32-08:00","entry_id":280330,"field1":"-0.0625","field2":"-2.1875"},{"created_at":"2024-01-08T09:55:07-08:00","entry_id":280331,"field1":"-0.0625","field2":"-2.125"},{"created_at":"2024-01-08T10:04:43-08:00","entry_id":280332,"field1":"-0.0625","field2":"-2.0625"},{"created_at":"2024-01-08T10:14:20-08:00","entry_id":280333,"field1":"-0.0625","field2":"-2.0625"},{"created_at":"2024-01-08T10:23:57-08:00","entry_id":280334,"field1":"-0.0625","field2":"-2.125"},{"created_at":"2024-01-08T10:33:33-08:00","entry_id":280335,"field1":"-0.0625","field2":"-2.125"},{"created_at":"2024-01-08T10:43:11-08:00","entry_id":280336,"field1":"-0.0625","field2":"-2.1875"},{"created_at":"2024-01-08T10:52:48-08:00","entry_id":280337,"field1":"-0.0625","field2":"-2.125"},{"created_at":"2024-01-08T11:02:23-08:00","entry_id":280338,"field1":"-0.0625","field2":"-2"},{"created_at":"2024-01-08T11:12:01-08:00","entry_id":280339,"field1":"-0.0625","field2":"-2"},{"created_at":"2024-01-08T11:21:37-08:00","entry_id":280340,"field1":"-0.0625","field2":"-2"},{"created_at":"2024-01-08T11:31:16-08:00","entry_id":280341,"field1":"-0.0625","field2":"-1.9375"},{"created_at":"2024-01-08T11:40:52-08:00","entry_id":280342,"field1":"-0.0625","field2":"-1.9375"},{"created_at":"2024-01-08T11:50:29-08:00","entry_id":280343,"field1":"-0.0625","field2":"-2"},{"created_at":"2024-01-08T12:00:05-08:00","entry_id":280344,"field1":"-0.0625","field2":"-2"},{"created_at":"2024-01-08T12:09:42-08:00","entry_id":280345,"field1":"-0.0625","field2":"-1.9375"},{"created_at":"2024-01-08T12:19:20-08:00","entry_id":280346,"field1":"-0.0625","field2":"-1.9375"},{"created_at":"2024-01-08T12:28:57-08:00","entry_id":280347,"field1":"-0.0625","field2":"-1.75"},{"created_at":"2024-01-08T12:38:34-08:00","entry_id":280348,"field1":"-0.0625","field2":"-1.75"},{"created_at":"2024-01-08T12:48:11-08:00","entry_id":280349,"field1":"-0.0625","field2":"-1.75"},{"created_at":"2024-01-08T12:57:48-08:00","entry_id":280350,"field1":"-0.0625","field2":"-1.8125"},{"created_at":"2024-01-08T13:07:25-08:00","entry_id":280351,"field1":"-0.0625","field2":"-1.875"},{"created_at":"2024-01-08T13:17:02-08:00","entry_id":280352,"field1":"-0.0625","field2":"-1.8125"},{"created_at":"2024-01-08T13:26:39-08:00","entry_id":280353,"field1":"-0.0625","field2":"-1.75"},{"created_at":"2024-01-08T13:36:17-08:00","entry_id":280354,"field1":"-0.0625","field2":"-1.8125"},{"created_at":"2024-01-08T13:45:53-08:00","entry_id":280355,"field1":"-0.0625","field2":"-2.0625"},{"created_at":"2024-01-08T13:55:29-08:00","entry_id":280356,"field1":"-0.0625","field2":"-2"},{"created_at":"2024-01-08T14:05:06-08:00","entry_id":280357,"field1":"-0.125","field2":"-2.0625"},{"created_at":"2024-01-08T14:14:42-08:00","entry_id":280358,"field1":"-0.125","field2":"-2.0625"},{"created_at":"2024-01-08T14:24:18-08:00","entry_id":280359,"field1":"-0.125","field2":"-2"},{"created_at":"2024-01-08T14:33:56-08:00","entry_id":280360,"field1":"-0.125","field2":"-2"},{"created_at":"2024-01-08T14:43:31-08:00","entry_id":280361,"field1":"-0.125","field2":"-2"},{"created_at":"2024-01-08T14:53:09-08:00","entry_id":280362,"field1":"-0.125","field2":"-1.9375"},{"created_at":"2024-01-08T15:02:44-08:00","entry_id":280363,"field1":"-0.125","field2":"-1.9375"},{"created_at":"2024-01-08T15:12:21-08:00","entry_id":280364,"field1":"-0.125","field2":"-1.875"},{"created_at":"2024-01-08T15:21:57-08:00","entry_id":280365,"field1":"-0.125","field2":"-2.0625"},{"created_at":"2024-01-08T15:31:33-08:00","entry_id":280366,"field1":"-0.125","field2":"-1.875"},{"created_at":"2024-01-08T15:41:11-08:00","entry_id":280367,"field1":"-0.125","field2":"-2"},{"created_at":"2024-01-08T15:50:48-08:00","entry_id":280368,"field1":"-0.125","field2":"-2"},{"created_at":"2024-01-08T16:00:23-08:00","entry_id":280369,"field1":"-0.125","field2":"-2"},{"created_at":"2024-01-08T16:09:59-08:00","entry_id":280370,"field1":"-0.125","field2":"-2.125"},{"created_at":"2024-01-08T16:19:37-08:00","entry_id":280371,"field1":"-0.125","field2":"-2.0625"},{"created_at":"2024-01-08T16:29:13-08:00","entry_id":280372,"field1":"-0.1875","field2":"-2.0625"},{"created_at":"2024-01-08T16:38:51-08:00","entry_id":280373,"field1":"-0.1875","field2":"-2.125"},{"created_at":"2024-01-08T16:48:26-08:00","entry_id":280374,"field1":"-0.1875","field2":"-2.0625"},{"created_at":"2024-01-08T16:58:04-08:00","entry_id":280375,"field1":"-0.1875","field2":"-2.0625"},{"created_at":"2024-01-08T17:07:40-08:00","entry_id":280376,"field1":"-0.1875","field2":"-2.0625"},{"created_at":"2024-01-08T17:17:18-08:00","entry_id":280377,"field1":"-0.1875","field2":"-2.125"},{"created_at":"2024-01-08T17:26:55-08:00","entry_id":280378,"field1":"-0.1875","field2":"-2.25"},{"created_at":"2024-01-08T17:36:32-08:00","entry_id":280379,"field1":"-0.25","field2":"-2.5"},{"created_at":"2024-01-08T17:46:09-08:00","entry_id":280380,"field1":"-0.25","field2":"-2.5"},{"created_at":"2024-01-08T17:55:46-08:00","entry_id":280381,"field1":"-0.25","field2":"-2.5625"},{"created_at":"2024-01-08T18:05:23-08:00","entry_id":280382,"field1":"-0.25","field2":"-2.5"},{"created_at":"2024-01-08T18:14:58-08:00","entry_id":280383,"field1":"-0.3125","field2":"-2.625"},{"created_at":"2024-01-08T18:24:36-08:00","entry_id":280384,"field1":"-0.25","field2":"-2.5625"},{"created_at":"2024-01-08T18:34:13-08:00","entry_id":280385,"field1":"-0.25","field2":"-2.6875"},{"created_at":"2024-01-08T18:43:48-08:00","entry_id":280386,"field1":"-0.3125","field2":"-2.75"},{"created_at":"2024-01-08T18:53:24-08:00","entry_id":280387,"field1":"-0.3125","field2":"-2.6875"},{"created_at":"2024-01-08T19:03:00-08:00","entry_id":280388,"field1":"-0.3125","field2":"-2.625"},{"created_at":"2024-01-08T19:12:39-08:00","entry_id":280389,"field1":"-0.3125","field2":"-2.625"},{"created_at":"2024-01-08T19:22:15-08:00","entry_id":280390,"field1":"-0.3125","field2":"-2.5625"},{"created_at":"2024-01-08T19:31:52-08:00","entry_id":280391,"field1":"-0.375","field2":"-2.625"},{"created_at":"2024-01-08T19:41:27-08:00","entry_id":280392,"field1":"-0.3125","field2":"-2.625"},{"created_at":"2024-01-08T19:51:04-08:00","entry_id":280393,"field1":"-0.375","field2":"-2.625"},{"created_at":"2024-01-08T20:00:40-08:00","entry_id":280394,"field1":"-0.375","field2":"-2.625"},{"created_at":"2024-01-08T20:10:17-08:00","entry_id":280395,"field1":"-0.375","field2":"-2.625"},{"created_at":"2024-01-08T20:19:54-08:00","entry_id":280396,"field1":"-0.375","field2":"-2.6875"},{"created_at":"2024-01-08T20:29:31-08:00","entry_id":280397,"field1":"-0.375","field2":"-2.625"},{"created_at":"2024-01-08T20:39:08-08:00","entry_id":280398,"field1":"-0.375","field2":"-2.625"},{"created_at":"2024-01-08T20:48:45-08:00","entry_id":280399,"field1":"-0.4375","field2":"-2.625"},{"created_at":"2024-01-08T20:58:20-08:00","entry_id":280400,"field1":"-0.4375","field2":"-2.6875"},{"created_at":"2024-01-08T21:07:58-08:00","entry_id":280401,"field1":"-0.4375","field2":"-2.6875"},{"created_at":"2024-01-08T21:17:35-08:00","entry_id":280402,"field1":"-0.4375","field2":"-2.6875"},{"created_at":"2024-01-08T21:27:12-08:00","entry_id":280403,"field1":"-0.4375","field2":"-2.75"},{"created_at":"2024-01-08T21:36:49-08:00","entry_id":280404,"field1":"-0.4375","field2":"-2.6875"},{"created_at":"2024-01-08T21:46:24-08:00","entry_id":280405,"field1":"-0.5","field2":"-2.625"},{"created_at":"2024-01-08T21:56:02-08:00","entry_id":280406,"field1":"-0.4375","field2":"-2.6875"},{"created_at":"2024-01-08T22:05:38-08:00","entry_id":280407,"field1":"-0.5","field2":"-2.6875"},{"created_at":"2024-01-08T22:15:14-08:00","entry_id":280408,"field1":"-0.5","field2":"-2.75"},{"created_at":"2024-01-08T22:24:52-08:00","entry_id":280409,"field1":"-0.5","field2":"-2.6875"},{"created_at":"2024-01-08T22:34:28-08:00","entry_id":280410,"field1":"-0.5","field2":"-2.6875"},{"created_at":"2024-01-08T22:44:06-08:00","entry_id":280411,"field1":"-0.5","field2":"-2.625"},{"created_at":"2024-01-08T22:53:42-08:00","entry_id":280412,"field1":"-0.5","field2":"-2.6875"},{"created_at":"2024-01-08T23:03:18-08:00","entry_id":280413,"field1":"-0.5625","field2":"-2.625"},{"created_at":"2024-01-08T23:12:56-08:00","entry_id":280414,"field1":"-0.5625","field2":"-2.75"},{"created_at":"2024-01-08T23:22:33-08:00","entry_id":280415,"field1":"-0.5625","field2":"-2.625"},{"created_at":"2024-01-08T23:32:10-08:00","entry_id":280416,"field1":"-0.5625","field2":"-2.5625"},{"created_at":"2024-01-08T23:41:47-08:00","entry_id":280417,"field1":"-0.5625","field2":"-2.5625"},{"created_at":"2024-01-08T23:51:24-08:00","entry_id":280418,"field1":"-0.5625","field2":"-2.5625"}]}