{"channel":{"id":581842,"name":"Upstairs Small Window Indoor / Outdoor Sensor","latitude":"0.0","longitude":"0.0","field1":"Indoor Temperature","field2":"Outdoor Temperature","created_at":"2018-09-23T15:37:52-07:00","updated_at":"2020-07-27T05:59:41-07:00","last_entry_id":150128},"feeds":[{"created_at":"2019-02-07T00:07:32-08:00","entry_id":18817,"field1":"-11.4375","field2":"-14.0625"},{"created_at":"2019-02-07T00:17:02-08:00","entry_id":18818,"field1":"-11.4375","field2":"-14"},{"created_at":"2019-02-07T00:26:38-08:00","entry_id":18819,"field1":"-11.4375","field2":"-14"},{"created_at":"2019-02-07T00:36:14-08:00","entry_id":18820,"field1":"-11.5","field2":"-13.5"},{"created_at":"2019-02-07T00:45:54-08:00","entry_id":18821,"field1":"-11.5","field2":"-13.625"},{"created_at":"2019-02-07T00:55:29-08:00","entry_id":18822,"field1":"-11.5","field2":"-13.6875"},{"created_at":"2019-02-07T01:05:04-08:00","entry_id":18823,"field1":"-11.5","field2":"-14.0625"},{"created_at":"2019-02-07T01:14:41-08:00","entry_id":18824,"field1":"-11.5","field2":"-14.3125"},{"created_at":"2019-02-07T01:24:16-08:00","entry_id":18825,"field1":"-11.5","field2":"-14.0625"},{"created_at":"2019-02-07T01:33:52-08:00","entry_id":18826,"field1":"-11.5","field2":"-13.9375"},{"created_at":"2019-02-07T01:43:28-08:00","entry_id":18827,"field1":"-11.5","field2":"-13.8125"},{"created_at":"2019-02-07T01:53:12-08:00","entry_id":18828,"field1":"-11.5","field2":"-13.6875"},{"created_at":"2019-02-07T02:02:46-08:00","entry_id":18829,"field1":"-11.5","field2":"-13.375"},{"created_at":"2019-02-07T02:12:21-08:00","entry_id":18830,"field1":"-11.5625","field2":"-13.4375"},{"created_at":"2019-02-07T02:22:02-08:00","entry_id":18831,"field1":"-11.5625","field2":"-13.625"},{"created_at":"2019-02-07T02:31:37-08:00","entry_id":18832,"field1":"-11.5625","field2":"-13.6875"},{"created_at":"2019-02-07T02:41:16-08:00","entry_id":18833,"field1":"-11.5625","field2":"-13.75"},{"created_at":"2019-02-07T02:50:51-08:00","entry_id":18834,"field1":"-11.5625","field2":"-13.625"},{"created_at":"2019-02-07T03:00:32-08:00","entry_id":18835,"field1":"-11.5625","field2":"-13.8125"},{"created_at":"2019-02-07T03:10:07-08:00","entry_id":18836,"field1":"-11.5625","field2":"-13.25"},{"created_at":"2019-02-07T03:19:46-08:00","entry_id":18837,"field1":"-11.5625","field2":"-13.625"},{"created_at":"2019-02-07T03:29:19-08:00","entry_id":18838,"field1":"-11.5625","field2":"-13.6875"},{"created_at":"2019-02-07T03:38:55-08:00","entry_id":18839,"field1":"-11.5625","field2":"-13.75"},{"created_at":"2019-02-07T03:48:31-08:00","entry_id":18840,"field1":"-11.5625","field2":"-13.75"},{"created_at":"2019-02-07T03:58:07-08:00","entry_id":18841,"field1":"-11.5625","field2":"-13.5625"},{"created_at":"2019-02-07T04:07:44-08:00","entry_id":18842,"field1":"-11.625","field2":"-13.5625"},{"created_at":"2019-02-07T04:17:20-08:00","entry_id":18843,"field1":"-11.625","field2":"-13.5"},{"created_at":"2019-02-07T04:26:55-08:00","entry_id":18844,"field1":"-11.625","field2":"-13.5"},{"created_at":"2019-02-07T04:36:35-08:00","entry_id":18845,"field1":"-11.625","field2":"-13.625"},{"created_at":"2019-02-07T04:46:10-08:00","entry_id":18846,"field1":"-11.625","field2":"-13.9375"},{"created_at":"2019-02-07T04:55:50-08:00","entry_id":18847,"field1":"-11.625","field2":"-13.75"},{"created_at":"2019-02-07T05:05:25-08:00","entry_id":18848,"field1":"-11.625","field2":"-13.625"},{"created_at":"2019-02-07T05:15:00-08:00","entry_id":18849,"field1":"-11.625","field2":"-13.4375"},{"created_at":"2019-02-07T05:24:37-08:00","entry_id":18850,"field1":"-11.625","field2":"-13.4375"},{"created_at":"2019-02-07T05:34:13-08:00","entry_id":18851,"field1":"-11.625","field2":"-13.375"},{"created_at":"2019-02-07T05:43:53-08:00","entry_id":18852,"field1":"-11.625","field2":"-13.375"},{"created_at":"2019-02-07T05:53:27-08:00","entry_id":18853,"field1":"-11.625","field2":"-13.25"},{"created_at":"2019-02-07T06:03:08-08:00","entry_id":18854,"field1":"-11.625","field2":"-13.3125"},{"created_at":"2019-02-07T06:12:42-08:00","entry_id":18855,"field1":"-11.625","field2":"-13.125"},{"created_at":"2019-02-07T06:22:18-08:00","entry_id":18856,"field1":"-11.6875","field2":"-13.25"},{"created_at":"2019-02-07T06:31:59-08:00","entry_id":18857,"field1":"-11.625","field2":"-13.0625"},{"created_at":"2019-02-07T06:41:33-08:00","entry_id":18858,"field1":"-11.6875","field2":"-13.1875"},{"created_at":"2019-02-07T06:51:13-08:00","entry_id":18859,"field1":"-11.625","field2":"-13"},{"created_at":"2019-02-07T07:00:49-08:00","entry_id":18860,"field1":"-11.625","field2":"-13"},{"created_at":"2019-02-07T07:10:24-08:00","entry_id":18861,"field1":"-11.6875","field2":"-12.625"},{"created_at":"2019-02-07T07:20:00-08:00","entry_id":18862,"field1":"-11.6875","field2":"-12.75"},{"created_at":"2019-02-07T07:29:36-08:00","entry_id":18863,"field1":"-11.6875","field2":"-13"},{"created_at":"2019-02-07T07:39:12-08:00","entry_id":18864,"field1":"-11.6875","field2":"-13"},{"created_at":"2019-02-07T07:48:48-08:00","entry_id":18865,"field1":"-11.6875","field2":"-12.75"},{"created_at":"2019-02-07T07:58:25-08:00","entry_id":18866,"field1":"-11.6875","field2":"-12.5"},{"created_at":"2019-02-07T08:08:02-08:00","entry_id":18867,"field1":"-11.625","field2":"-12.625"},{"created_at":"2019-02-07T08:17:38-08:00","entry_id":18868,"field1":"-11.625","field2":"-12.625"},{"created_at":"2019-02-07T08:27:14-08:00","entry_id":18869,"field1":"-11.625","field2":"-12.6875"},{"created_at":"2019-02-07T08:36:49-08:00","entry_id":18870,"field1":"-11.6875","field2":"-12.5"},{"created_at":"2019-02-07T08:46:25-08:00","entry_id":18871,"field1":"-11.625","field2":"-12.1875"},{"created_at":"2019-02-07T08:56:01-08:00","entry_id":18872,"field1":"-11.625","field2":"-12.1875"},{"created_at":"2019-02-07T09:05:37-08:00","entry_id":18873,"field1":"-11.625","field2":"-12.0625"},{"created_at":"2019-02-07T09:15:13-08:00","entry_id":18874,"field1":"-11.625","field2":"-11.6875"},{"created_at":"2019-02-07T09:24:49-08:00","entry_id":18875,"field1":"-11.5625","field2":"-11.4375"},{"created_at":"2019-02-07T09:34:29-08:00","entry_id":18876,"field1":"-11.5625","field2":"-11.4375"},{"created_at":"2019-02-07T09:44:03-08:00","entry_id":18877,"field1":"-11.5625","field2":"-11.125"},{"created_at":"2019-02-07T09:53:40-08:00","entry_id":18878,"field1":"-11.5","field2":"-11.25"},{"created_at":"2019-02-07T10:03:16-08:00","entry_id":18879,"field1":"-11.5","field2":"-11.125"},{"created_at":"2019-02-07T10:12:53-08:00","entry_id":18880,"field1":"-11.4375","field2":"-11.0625"},{"created_at":"2019-02-07T10:22:28-08:00","entry_id":18881,"field1":"-11.4375","field2":"-11.0625"},{"created_at":"2019-02-07T10:32:04-08:00","entry_id":18882,"field1":"-11.4375","field2":"-11"},{"created_at":"2019-02-07T10:41:41-08:00","entry_id":18883,"field1":"-11.375","field2":"-11"},{"created_at":"2019-02-07T10:51:20-08:00","entry_id":18884,"field1":"-11.375","field2":"-10.625"},{"created_at":"2019-02-07T11:00:56-08:00","entry_id":18885,"field1":"-11.3125","field2":"-10.625"},{"created_at":"2019-02-07T11:10:35-08:00","entry_id":18886,"field1":"-11.3125","field2":"-10.6875"},{"created_at":"2019-02-07T11:20:09-08:00","entry_id":18887,"field1":"-11.25","field2":"-10.625"},{"created_at":"2019-02-07T11:29:45-08:00","entry_id":18888,"field1":"-11.25","field2":"-10.4375"},{"created_at":"2019-02-07T11:39:22-08:00","entry_id":18889,"field1":"-11.25","field2":"-10.5"},{"created_at":"2019-02-07T11:48:58-08:00","entry_id":18890,"field1":"-11.25","field2":"-10.5"},{"created_at":"2019-02-07T11:58:38-08:00","entry_id":18891,"field1":"-11.1875","field2":"-10.625"},{"created_at":"2019-02-07T12:08:16-08:00","entry_id":18892,"field1":"-11.1875","field2":"-10.5"},{"created_at":"2019-02-07T12:17:50-08:00","entry_id":18893,"field1":"-11.1875","field2":"-10.375"},{"created_at":"2019-02-07T12:27:27-08:00","entry_id":18894,"field1":"-11.1875","field2":"-10.1875"},{"created_at":"2019-02-07T12:37:03-08:00","entry_id":18895,"field1":"-11.125","field2":"-10.1875"},{"created_at":"2019-02-07T12:46:39-08:00","entry_id":18896,"field1":"-11.125","field2":"-9.9375"},{"created_at":"2019-02-07T12:56:16-08:00","entry_id":18897,"field1":"-11.125","field2":"-10.0625"},{"created_at":"2019-02-07T13:05:52-08:00","entry_id":18898,"field1":"-11.0625","field2":"-10.0625"},{"created_at":"2019-02-07T13:15:31-08:00","entry_id":18899,"field1":"-11.0625","field2":"-10.125"},{"created_at":"2019-02-07T13:25:06-08:00","entry_id":18900,"field1":"-11.0625","field2":"-9.9375"},{"created_at":"2019-02-07T13:34:46-08:00","entry_id":18901,"field1":"-11","field2":"-9.75"},{"created_at":"2019-02-07T13:44:20-08:00","entry_id":18902,"field1":"-11","field2":"-9.6875"},{"created_at":"2019-02-07T13:53:57-08:00","entry_id":18903,"field1":"-11","field2":"-9.4375"},{"created_at":"2019-02-07T14:03:37-08:00","entry_id":18904,"field1":"-11","field2":"-9.375"},{"created_at":"2019-02-07T14:13:11-08:00","entry_id":18905,"field1":"-10.9375","field2":"-9.3125"},{"created_at":"2019-02-07T14:22:47-08:00","entry_id":18906,"field1":"-10.875","field2":"-9.5"},{"created_at":"2019-02-07T14:32:27-08:00","entry_id":18907,"field1":"-10.875","field2":"-9.4375"},{"created_at":"2019-02-07T14:42:01-08:00","entry_id":18908,"field1":"-10.875","field2":"-9.4375"},{"created_at":"2019-02-07T14:51:38-08:00","entry_id":18909,"field1":"-10.8125","field2":"-9.1875"},{"created_at":"2019-02-07T15:01:14-08:00","entry_id":18910,"field1":"-10.8125","field2":"-9.125"},{"created_at":"2019-02-07T15:10:49-08:00","entry_id":18911,"field1":"-10.8125","field2":"-9.125"},{"created_at":"2019-02-07T15:20:29-08:00","entry_id":18912,"field1":"-10.8125","field2":"-8.875"},{"created_at":"2019-02-07T15:30:03-08:00","entry_id":18913,"field1":"-10.75","field2":"-8.9375"},{"created_at":"2019-02-07T15:39:40-08:00","entry_id":18914,"field1":"-10.75","field2":"-8.9375"},{"created_at":"2019-02-07T15:49:16-08:00","entry_id":18915,"field1":"-10.75","field2":"-8.875"},{"created_at":"2019-02-07T15:58:53-08:00","entry_id":18916,"field1":"-10.6875","field2":"-8.875"},{"created_at":"2019-02-07T16:08:29-08:00","entry_id":18917,"field1":"-10.6875","field2":"-8.8125"},{"created_at":"2019-02-07T16:18:05-08:00","entry_id":18918,"field1":"-10.6875","field2":"-8.875"},{"created_at":"2019-02-07T16:27:40-08:00","entry_id":18919,"field1":"-10.6875","field2":"-8.8125"},{"created_at":"2019-02-07T16:37:16-08:00","entry_id":18920,"field1":"-10.6875","field2":"-8.875"},{"created_at":"2019-02-07T16:46:52-08:00","entry_id":18921,"field1":"-10.6875","field2":"-8.875"},{"created_at":"2019-02-07T16:56:28-08:00","entry_id":18922,"field1":"-10.625","field2":"-9.0625"},{"created_at":"2019-02-07T17:06:08-08:00","entry_id":18923,"field1":"-10.625","field2":"-9.0625"},{"created_at":"2019-02-07T17:15:42-08:00","entry_id":18924,"field1":"-10.625","field2":"-9.0625"},{"created_at":"2019-02-07T17:25:18-08:00","entry_id":18925,"field1":"-10.625","field2":"-9"},{"created_at":"2019-02-07T17:34:54-08:00","entry_id":18926,"field1":"-10.625","field2":"-9.0625"},{"created_at":"2019-02-07T17:44:34-08:00","entry_id":18927,"field1":"-10.5625","field2":"-9.125"},{"created_at":"2019-02-07T17:54:09-08:00","entry_id":18928,"field1":"-10.625","field2":"-9.25"},{"created_at":"2019-02-07T18:03:45-08:00","entry_id":18929,"field1":"-10.5625","field2":"-9.3125"},{"created_at":"2019-02-07T18:13:21-08:00","entry_id":18930,"field1":"-10.5625","field2":"-9.3125"},{"created_at":"2019-02-07T18:22:58-08:00","entry_id":18931,"field1":"-10.5625","field2":"-9.1875"},{"created_at":"2019-02-07T18:32:34-08:00","entry_id":18932,"field1":"-10.5625","field2":"-9.3125"},{"created_at":"2019-02-07T18:42:10-08:00","entry_id":18933,"field1":"-10.5625","field2":"-9.3125"},{"created_at":"2019-02-07T18:51:46-08:00","entry_id":18934,"field1":"-10.5625","field2":"-9.4375"},{"created_at":"2019-02-07T19:01:22-08:00","entry_id":18935,"field1":"-10.5","field2":"-9.4375"},{"created_at":"2019-02-07T19:11:02-08:00","entry_id":18936,"field1":"-10.5","field2":"-9.5"},{"created_at":"2019-02-07T19:20:40-08:00","entry_id":18937,"field1":"-10.5","field2":"-9.5625"},{"created_at":"2019-02-07T19:30:19-08:00","entry_id":18938,"field1":"-10.5","field2":"-9.5"},{"created_at":"2019-02-07T19:39:54-08:00","entry_id":18939,"field1":"-10.5","field2":"-9.5"},{"created_at":"2019-02-07T19:49:30-08:00","entry_id":18940,"field1":"-10.5","field2":"-9.5"},{"created_at":"2019-02-07T19:59:06-08:00","entry_id":18941,"field1":"-10.4375","field2":"-9.5"},{"created_at":"2019-02-07T20:08:41-08:00","entry_id":18942,"field1":"-10.4375","field2":"-9.375"},{"created_at":"2019-02-07T20:18:18-08:00","entry_id":18943,"field1":"-10.4375","field2":"-9.3125"},{"created_at":"2019-02-07T20:27:55-08:00","entry_id":18944,"field1":"-10.4375","field2":"-9.25"},{"created_at":"2019-02-07T20:37:35-08:00","entry_id":18945,"field1":"-10.4375","field2":"-9.3125"},{"created_at":"2019-02-07T20:47:09-08:00","entry_id":18946,"field1":"-10.4375","field2":"-9.25"},{"created_at":"2019-02-07T20:56:45-08:00","entry_id":18947,"field1":"-10.375","field2":"-9.3125"},{"created_at":"2019-02-07T21:06:21-08:00","entry_id":18948,"field1":"-10.4375","field2":"-9.3125"},{"created_at":"2019-02-07T21:16:01-08:00","entry_id":18949,"field1":"-10.375","field2":"-9.25"},{"created_at":"2019-02-07T21:25:35-08:00","entry_id":18950,"field1":"-10.375","field2":"-9.25"},{"created_at":"2019-02-07T21:35:15-08:00","entry_id":18951,"field1":"-10.375","field2":"-9"},{"created_at":"2019-02-07T21:44:51-08:00","entry_id":18952,"field1":"-10.375","field2":"-9.1875"},{"created_at":"2019-02-07T21:54:26-08:00","entry_id":18953,"field1":"-10.375","field2":"-8.9375"},{"created_at":"2019-02-07T22:04:03-08:00","entry_id":18954,"field1":"-10.3125","field2":"-8.9375"},{"created_at":"2019-02-07T22:13:39-08:00","entry_id":18955,"field1":"-10.3125","field2":"-8.875"},{"created_at":"2019-02-07T22:23:15-08:00","entry_id":18956,"field1":"-10.3125","field2":"-8.875"},{"created_at":"2019-02-07T22:32:55-08:00","entry_id":18957,"field1":"-10.3125","field2":"-8.875"},{"created_at":"2019-02-07T22:42:30-08:00","entry_id":18958,"field1":"-10.3125","field2":"-8.875"},{"created_at":"2019-02-07T22:52:09-08:00","entry_id":18959,"field1":"-10.3125","field2":"-9"},{"created_at":"2019-02-07T23:01:43-08:00","entry_id":18960,"field1":"-10.3125","field2":"-9.0625"},{"created_at":"2019-02-07T23:11:24-08:00","entry_id":18961,"field1":"-10.25","field2":"-8.875"},{"created_at":"2019-02-07T23:20:57-08:00","entry_id":18962,"field1":"-10.25","field2":"-9"},{"created_at":"2019-02-07T23:30:34-08:00","entry_id":18963,"field1":"-10.25","field2":"-8.8125"},{"created_at":"2019-02-07T23:40:09-08:00","entry_id":18964,"field1":"-10.25","field2":"-8.875"},{"created_at":"2019-02-07T23:49:45-08:00","entry_id":18965,"field1":"-10.1875","field2":"-8.875"},{"created_at":"2019-02-07T23:59:21-08:00","entry_id":18966,"field1":"-10.1875","field2":"-8.6875"}]}