{"channel":{"id":581842,"name":"Upstairs Small Window Indoor / Outdoor Sensor","latitude":"0.0","longitude":"0.0","field1":"Indoor Temperature","field2":"Outdoor Temperature","created_at":"2018-09-23T15:37:52-07:00","updated_at":"2020-07-27T05:59:41-07:00","last_entry_id":150128},"feeds":[{"created_at":"2018-12-24T00:01:11-08:00","entry_id":12090,"field1":"-0.0625","field2":"-0.5625"},{"created_at":"2018-12-24T00:10:47-08:00","entry_id":12091,"field1":"-0.0625","field2":"-0.5625"},{"created_at":"2018-12-24T00:20:24-08:00","entry_id":12092,"field1":"0","field2":"-0.5625"},{"created_at":"2018-12-24T00:30:01-08:00","entry_id":12093,"field1":"-0.0625","field2":"-0.5625"},{"created_at":"2018-12-24T00:39:37-08:00","entry_id":12094,"field1":"0","field2":"-0.5625"},{"created_at":"2018-12-24T00:49:14-08:00","entry_id":12095,"field1":"0","field2":"-0.5625"},{"created_at":"2018-12-24T00:58:52-08:00","entry_id":12096,"field1":"0","field2":"-0.5625"},{"created_at":"2018-12-24T01:08:28-08:00","entry_id":12097,"field1":"0","field2":"-0.5"},{"created_at":"2018-12-24T01:18:05-08:00","entry_id":12098,"field1":"0","field2":"-0.5625"},{"created_at":"2018-12-24T01:27:41-08:00","entry_id":12099,"field1":"0","field2":"-0.5625"},{"created_at":"2018-12-24T01:37:18-08:00","entry_id":12100,"field1":"0","field2":"-0.5625"},{"created_at":"2018-12-24T01:46:55-08:00","entry_id":12101,"field1":"0","field2":"-0.5625"},{"created_at":"2018-12-24T01:56:31-08:00","entry_id":12102,"field1":"0","field2":"-0.5625"},{"created_at":"2018-12-24T02:06:09-08:00","entry_id":12103,"field1":"0","field2":"-0.4375"},{"created_at":"2018-12-24T02:15:46-08:00","entry_id":12104,"field1":"0","field2":"-0.4375"},{"created_at":"2018-12-24T02:25:22-08:00","entry_id":12105,"field1":"0","field2":"-0.5"},{"created_at":"2018-12-24T02:34:59-08:00","entry_id":12106,"field1":"0","field2":"-0.5"},{"created_at":"2018-12-24T02:44:36-08:00","entry_id":12107,"field1":"0","field2":"-0.5625"},{"created_at":"2018-12-24T02:54:12-08:00","entry_id":12108,"field1":"0","field2":"-0.5625"},{"created_at":"2018-12-24T03:03:49-08:00","entry_id":12109,"field1":"0","field2":"-0.5625"},{"created_at":"2018-12-24T03:13:26-08:00","entry_id":12110,"field1":"0","field2":"-0.625"},{"created_at":"2018-12-24T03:23:03-08:00","entry_id":12111,"field1":"0","field2":"-0.625"},{"created_at":"2018-12-24T03:32:39-08:00","entry_id":12112,"field1":"0","field2":"-0.5625"},{"created_at":"2018-12-24T03:42:16-08:00","entry_id":12113,"field1":"0","field2":"-0.5625"},{"created_at":"2018-12-24T03:51:52-08:00","entry_id":12114,"field1":"0","field2":"-0.5625"},{"created_at":"2018-12-24T04:01:33-08:00","entry_id":12115,"field1":"0","field2":"-0.625"},{"created_at":"2018-12-24T04:11:08-08:00","entry_id":12116,"field1":"0","field2":"-0.625"},{"created_at":"2018-12-24T04:20:44-08:00","entry_id":12117,"field1":"0","field2":"-0.625"},{"created_at":"2018-12-24T04:30:21-08:00","entry_id":12118,"field1":"0","field2":"-0.5625"},{"created_at":"2018-12-24T04:39:58-08:00","entry_id":12119,"field1":"0","field2":"-0.5"},{"created_at":"2018-12-24T04:49:34-08:00","entry_id":12120,"field1":"0","field2":"-0.5"},{"created_at":"2018-12-24T04:59:11-08:00","entry_id":12121,"field1":"0","field2":"-0.5"},{"created_at":"2018-12-24T05:08:48-08:00","entry_id":12122,"field1":"0","field2":"-0.5"},{"created_at":"2018-12-24T05:18:24-08:00","entry_id":12123,"field1":"0","field2":"-0.5"},{"created_at":"2018-12-24T05:28:01-08:00","entry_id":12124,"field1":"0","field2":"-0.5"},{"created_at":"2018-12-24T05:37:38-08:00","entry_id":12125,"field1":"0","field2":"-0.5"},{"created_at":"2018-12-24T05:47:14-08:00","entry_id":12126,"field1":"0","field2":"-0.4375"},{"created_at":"2018-12-24T05:56:51-08:00","entry_id":12127,"field1":"0","field2":"-0.5"},{"created_at":"2018-12-24T06:06:28-08:00","entry_id":12128,"field1":"0","field2":"-0.5"},{"created_at":"2018-12-24T06:16:04-08:00","entry_id":12129,"field1":"0","field2":"-0.5625"},{"created_at":"2018-12-24T06:25:42-08:00","entry_id":12130,"field1":"0","field2":"-0.625"},{"created_at":"2018-12-24T06:35:18-08:00","entry_id":12131,"field1":"0","field2":"-0.625"},{"created_at":"2018-12-24T06:44:55-08:00","entry_id":12132,"field1":"0","field2":"-0.6875"},{"created_at":"2018-12-24T06:54:33-08:00","entry_id":12133,"field1":"0","field2":"-0.6875"},{"created_at":"2018-12-24T07:04:08-08:00","entry_id":12134,"field1":"0","field2":"-0.6875"},{"created_at":"2018-12-24T07:13:46-08:00","entry_id":12135,"field1":"0","field2":"-0.6875"},{"created_at":"2018-12-24T07:23:22-08:00","entry_id":12136,"field1":"0","field2":"-0.8125"},{"created_at":"2018-12-24T07:32:59-08:00","entry_id":12137,"field1":"0","field2":"-0.8125"},{"created_at":"2018-12-24T07:42:36-08:00","entry_id":12138,"field1":"0","field2":"-0.9375"},{"created_at":"2018-12-24T07:52:14-08:00","entry_id":12139,"field1":"0","field2":"-1"},{"created_at":"2018-12-24T08:01:51-08:00","entry_id":12140,"field1":"0","field2":"-1"},{"created_at":"2018-12-24T08:11:28-08:00","entry_id":12141,"field1":"0","field2":"-1"},{"created_at":"2018-12-24T08:21:05-08:00","entry_id":12142,"field1":"0","field2":"-0.9375"},{"created_at":"2018-12-24T08:30:41-08:00","entry_id":12143,"field1":"0","field2":"-0.9375"},{"created_at":"2018-12-24T08:40:18-08:00","entry_id":12144,"field1":"0","field2":"-0.8125"},{"created_at":"2018-12-24T08:49:55-08:00","entry_id":12145,"field1":"0","field2":"-0.75"},{"created_at":"2018-12-24T08:59:32-08:00","entry_id":12146,"field1":"0","field2":"-0.6875"},{"created_at":"2018-12-24T09:09:09-08:00","entry_id":12147,"field1":"0","field2":"-0.5625"},{"created_at":"2018-12-24T09:18:46-08:00","entry_id":12148,"field1":"0","field2":"-0.375"},{"created_at":"2018-12-24T09:28:23-08:00","entry_id":12149,"field1":"0","field2":"-0.25"},{"created_at":"2018-12-24T09:38:00-08:00","entry_id":12150,"field1":"0.0625","field2":"-0.1875"},{"created_at":"2018-12-24T09:47:36-08:00","entry_id":12151,"field1":"0.0625","field2":"0"},{"created_at":"2018-12-24T09:57:13-08:00","entry_id":12152,"field1":"0.125","field2":"0.125"},{"created_at":"2018-12-24T10:06:50-08:00","entry_id":12153,"field1":"0.125","field2":"0.25"},{"created_at":"2018-12-24T10:16:26-08:00","entry_id":12154,"field1":"0.125","field2":"0.4375"},{"created_at":"2018-12-24T10:26:04-08:00","entry_id":12155,"field1":"0.1875","field2":"0.5625"},{"created_at":"2018-12-24T10:35:40-08:00","entry_id":12156,"field1":"0.1875","field2":"0.6875"},{"created_at":"2018-12-24T10:45:17-08:00","entry_id":12157,"field1":"0.25","field2":"0.625"},{"created_at":"2018-12-24T10:54:54-08:00","entry_id":12158,"field1":"0.25","field2":"0.75"},{"created_at":"2018-12-24T11:04:31-08:00","entry_id":12159,"field1":"0.25","field2":"0.6875"},{"created_at":"2018-12-24T11:14:08-08:00","entry_id":12160,"field1":"0.25","field2":"0.875"},{"created_at":"2018-12-24T11:23:45-08:00","entry_id":12161,"field1":"0.3125","field2":"0.625"},{"created_at":"2018-12-24T11:33:22-08:00","entry_id":12162,"field1":"0.3125","field2":"0.8125"},{"created_at":"2018-12-24T11:42:59-08:00","entry_id":12163,"field1":"0.3125","field2":"0.6875"},{"created_at":"2018-12-24T11:52:35-08:00","entry_id":12164,"field1":"0.3125","field2":"0.6875"},{"created_at":"2018-12-24T12:02:12-08:00","entry_id":12165,"field1":"0.3125","field2":"0.6875"},{"created_at":"2018-12-24T12:11:50-08:00","entry_id":12166,"field1":"0.375","field2":"0.75"},{"created_at":"2018-12-24T12:21:26-08:00","entry_id":12167,"field1":"0.375","field2":"0.8125"},{"created_at":"2018-12-24T12:31:04-08:00","entry_id":12168,"field1":"0.375","field2":"0.8125"},{"created_at":"2018-12-24T12:40:40-08:00","entry_id":12169,"field1":"0.375","field2":"0.75"},{"created_at":"2018-12-24T12:50:18-08:00","entry_id":12170,"field1":"0.375","field2":"0.875"},{"created_at":"2018-12-24T12:59:55-08:00","entry_id":12171,"field1":"0.4375","field2":"0.8125"},{"created_at":"2018-12-24T13:09:32-08:00","entry_id":12172,"field1":"0.4375","field2":"0.9375"},{"created_at":"2018-12-24T13:19:09-08:00","entry_id":12173,"field1":"0.4375","field2":"0.8125"},{"created_at":"2018-12-24T13:28:45-08:00","entry_id":12174,"field1":"0.4375","field2":"0.8125"},{"created_at":"2018-12-24T13:38:22-08:00","entry_id":12175,"field1":"0.4375","field2":"0.75"},{"created_at":"2018-12-24T13:47:59-08:00","entry_id":12176,"field1":"0.4375","field2":"0.6875"},{"created_at":"2018-12-24T13:57:37-08:00","entry_id":12177,"field1":"0.4375","field2":"0.625"},{"created_at":"2018-12-24T14:07:13-08:00","entry_id":12178,"field1":"0.4375","field2":"0.5625"},{"created_at":"2018-12-24T14:16:51-08:00","entry_id":12179,"field1":"0.4375","field2":"0.5625"},{"created_at":"2018-12-24T14:26:28-08:00","entry_id":12180,"field1":"0.4375","field2":"0.5"},{"created_at":"2018-12-24T14:36:03-08:00","entry_id":12181,"field1":"0.4375","field2":"0.375"},{"created_at":"2018-12-24T14:45:40-08:00","entry_id":12182,"field1":"0.4375","field2":"0.3125"},{"created_at":"2018-12-24T14:55:17-08:00","entry_id":12183,"field1":"0.5","field2":"0.3125"},{"created_at":"2018-12-24T15:04:54-08:00","entry_id":12184,"field1":"0.5","field2":"0.25"},{"created_at":"2018-12-24T15:14:30-08:00","entry_id":12185,"field1":"0.4375","field2":"0.1875"},{"created_at":"2018-12-24T15:24:08-08:00","entry_id":12186,"field1":"0.5","field2":"0.125"},{"created_at":"2018-12-24T15:33:46-08:00","entry_id":12187,"field1":"0.5","field2":"0.0625"},{"created_at":"2018-12-24T15:43:23-08:00","entry_id":12188,"field1":"0.5","field2":"0.0625"},{"created_at":"2018-12-24T15:52:59-08:00","entry_id":12189,"field1":"0.5","field2":"0"},{"created_at":"2018-12-24T16:02:36-08:00","entry_id":12190,"field1":"0.5","field2":"0"},{"created_at":"2018-12-24T16:12:13-08:00","entry_id":12191,"field1":"0.5","field2":"-0.0625"},{"created_at":"2018-12-24T16:21:49-08:00","entry_id":12192,"field1":"0.5","field2":"-0.0625"},{"created_at":"2018-12-24T16:31:27-08:00","entry_id":12193,"field1":"0.5","field2":"-0.125"},{"created_at":"2018-12-24T16:41:05-08:00","entry_id":12194,"field1":"0.5","field2":"-0.125"},{"created_at":"2018-12-24T16:50:41-08:00","entry_id":12195,"field1":"0.4375","field2":"-0.125"},{"created_at":"2018-12-24T17:00:18-08:00","entry_id":12196,"field1":"0.4375","field2":"-0.125"},{"created_at":"2018-12-24T17:09:55-08:00","entry_id":12197,"field1":"0.4375","field2":"-0.125"},{"created_at":"2018-12-24T17:19:32-08:00","entry_id":12198,"field1":"0.4375","field2":"-0.1875"},{"created_at":"2018-12-24T17:29:09-08:00","entry_id":12199,"field1":"0.4375","field2":"-0.1875"},{"created_at":"2018-12-24T17:38:47-08:00","entry_id":12200,"field1":"0.4375","field2":"-0.25"},{"created_at":"2018-12-24T17:48:24-08:00","entry_id":12201,"field1":"0.4375","field2":"-0.25"},{"created_at":"2018-12-24T17:58:01-08:00","entry_id":12202,"field1":"0.4375","field2":"-0.25"},{"created_at":"2018-12-24T18:07:38-08:00","entry_id":12203,"field1":"0.4375","field2":"-0.25"},{"created_at":"2018-12-24T18:17:15-08:00","entry_id":12204,"field1":"0.4375","field2":"-0.25"},{"created_at":"2018-12-24T18:26:51-08:00","entry_id":12205,"field1":"0.4375","field2":"-0.25"},{"created_at":"2018-12-24T18:36:29-08:00","entry_id":12206,"field1":"0.4375","field2":"-0.25"},{"created_at":"2018-12-24T18:46:05-08:00","entry_id":12207,"field1":"0.4375","field2":"-0.25"},{"created_at":"2018-12-24T18:55:42-08:00","entry_id":12208,"field1":"0.4375","field2":"-0.3125"},{"created_at":"2018-12-24T19:05:19-08:00","entry_id":12209,"field1":"0.4375","field2":"-0.3125"},{"created_at":"2018-12-24T19:14:55-08:00","entry_id":12210,"field1":"0.4375","field2":"-0.3125"},{"created_at":"2018-12-24T19:24:32-08:00","entry_id":12211,"field1":"0.4375","field2":"-0.3125"},{"created_at":"2018-12-24T19:34:09-08:00","entry_id":12212,"field1":"0.4375","field2":"-0.3125"},{"created_at":"2018-12-24T19:43:45-08:00","entry_id":12213,"field1":"0.4375","field2":"-0.3125"},{"created_at":"2018-12-24T19:53:22-08:00","entry_id":12214,"field1":"0.375","field2":"-0.375"},{"created_at":"2018-12-24T20:02:59-08:00","entry_id":12215,"field1":"0.4375","field2":"-0.375"},{"created_at":"2018-12-24T20:12:35-08:00","entry_id":12216,"field1":"0.4375","field2":"-0.375"},{"created_at":"2018-12-24T20:22:12-08:00","entry_id":12217,"field1":"0.4375","field2":"-0.375"},{"created_at":"2018-12-24T20:31:49-08:00","entry_id":12218,"field1":"0.375","field2":"-0.4375"},{"created_at":"2018-12-24T20:41:26-08:00","entry_id":12219,"field1":"0.375","field2":"-0.4375"},{"created_at":"2018-12-24T20:51:03-08:00","entry_id":12220,"field1":"0.4375","field2":"-0.5"},{"created_at":"2018-12-24T21:00:40-08:00","entry_id":12221,"field1":"0.375","field2":"-0.5625"},{"created_at":"2018-12-24T21:10:17-08:00","entry_id":12222,"field1":"0.375","field2":"-0.5625"},{"created_at":"2018-12-24T21:19:54-08:00","entry_id":12223,"field1":"0.375","field2":"-0.625"},{"created_at":"2018-12-24T21:29:31-08:00","entry_id":12224,"field1":"0.375","field2":"-0.625"},{"created_at":"2018-12-24T21:39:08-08:00","entry_id":12225,"field1":"0.375","field2":"-0.5625"},{"created_at":"2018-12-24T21:48:48-08:00","entry_id":12226,"field1":"0.375","field2":"-0.625"},{"created_at":"2018-12-24T21:58:24-08:00","entry_id":12227,"field1":"0.375","field2":"-0.625"},{"created_at":"2018-12-24T22:08:01-08:00","entry_id":12228,"field1":"0.375","field2":"-0.6875"},{"created_at":"2018-12-24T22:17:38-08:00","entry_id":12229,"field1":"0.375","field2":"-0.6875"},{"created_at":"2018-12-24T22:27:14-08:00","entry_id":12230,"field1":"0.375","field2":"-0.625"},{"created_at":"2018-12-24T22:36:51-08:00","entry_id":12231,"field1":"0.375","field2":"-0.625"},{"created_at":"2018-12-24T22:46:28-08:00","entry_id":12232,"field1":"0.375","field2":"-0.6875"},{"created_at":"2018-12-24T22:56:05-08:00","entry_id":12233,"field1":"0.375","field2":"-0.6875"},{"created_at":"2018-12-24T23:05:44-08:00","entry_id":12234,"field1":"0.375","field2":"-0.6875"},{"created_at":"2018-12-24T23:15:24-08:00","entry_id":12235,"field1":"0.375","field2":"-0.625"},{"created_at":"2018-12-24T23:25:01-08:00","entry_id":12236,"field1":"0.3125","field2":"-0.625"},{"created_at":"2018-12-24T23:34:39-08:00","entry_id":12237,"field1":"0.3125","field2":"-0.625"},{"created_at":"2018-12-24T23:44:15-08:00","entry_id":12238,"field1":"0.375","field2":"-0.5625"},{"created_at":"2018-12-24T23:53:52-08:00","entry_id":12239,"field1":"0.3125","field2":"-0.5625"}]}