{"channel":{"id":581842,"name":"Upstairs Small Window Indoor / Outdoor Sensor","latitude":"0.0","longitude":"0.0","field1":"Indoor Temperature","field2":"Outdoor Temperature","created_at":"2018-09-23T15:37:52-07:00","updated_at":"2020-07-27T05:59:41-07:00","last_entry_id":335891},"feeds":[{"created_at":"2025-01-14T00:01:43-08:00","entry_id":335611,"field1":"4.6875","field2":"-0.0625"},{"created_at":"2025-01-14T00:11:21-08:00","entry_id":335612,"field1":"4.6875","field2":"-0.125"},{"created_at":"2025-01-14T00:20:58-08:00","entry_id":335613,"field1":"4.6875","field2":"-0.125"},{"created_at":"2025-01-14T00:30:35-08:00","entry_id":335614,"field1":"4.6875","field2":"-0.125"},{"created_at":"2025-01-14T00:40:12-08:00","entry_id":335615,"field1":"4.6875","field2":"-0.0625"},{"created_at":"2025-01-14T00:49:49-08:00","entry_id":335616,"field1":"4.75","field2":"-0.1875"},{"created_at":"2025-01-14T00:59:26-08:00","entry_id":335617,"field1":"4.75","field2":"-0.125"},{"created_at":"2025-01-14T01:09:02-08:00","entry_id":335618,"field1":"4.75","field2":"-0.125"},{"created_at":"2025-01-14T01:18:40-08:00","entry_id":335619,"field1":"4.75","field2":"-0.1875"},{"created_at":"2025-01-14T01:28:17-08:00","entry_id":335620,"field1":"4.75","field2":"-0.1875"},{"created_at":"2025-01-14T01:37:54-08:00","entry_id":335621,"field1":"4.75","field2":"-0.125"},{"created_at":"2025-01-14T01:47:32-08:00","entry_id":335622,"field1":"4.8125","field2":"-0.0625"},{"created_at":"2025-01-14T01:57:10-08:00","entry_id":335623,"field1":"4.8125","field2":"-0.125"},{"created_at":"2025-01-14T02:06:47-08:00","entry_id":335624,"field1":"4.8125","field2":"-0.125"},{"created_at":"2025-01-14T02:16:24-08:00","entry_id":335625,"field1":"4.8125","field2":"-0.125"},{"created_at":"2025-01-14T02:26:01-08:00","entry_id":335626,"field1":"4.8125","field2":"-0.1875"},{"created_at":"2025-01-14T02:35:37-08:00","entry_id":335627,"field1":"4.8125","field2":"-0.3125"},{"created_at":"2025-01-14T02:45:15-08:00","entry_id":335628,"field1":"4.8125","field2":"-0.25"},{"created_at":"2025-01-14T02:54:52-08:00","entry_id":335629,"field1":"4.8125","field2":"-0.25"},{"created_at":"2025-01-14T03:04:29-08:00","entry_id":335630,"field1":"4.8125","field2":"-0.1875"},{"created_at":"2025-01-14T03:14:07-08:00","entry_id":335631,"field1":"4.875","field2":"-0.25"},{"created_at":"2025-01-14T03:23:45-08:00","entry_id":335632,"field1":"4.8125","field2":"-0.1875"},{"created_at":"2025-01-14T03:33:22-08:00","entry_id":335633,"field1":"4.875","field2":"-0.125"},{"created_at":"2025-01-14T03:42:59-08:00","entry_id":335634,"field1":"4.875","field2":"-0.0625"},{"created_at":"2025-01-14T03:52:36-08:00","entry_id":335635,"field1":"4.875","field2":"0"},{"created_at":"2025-01-14T04:02:14-08:00","entry_id":335636,"field1":"4.875","field2":"-0.125"},{"created_at":"2025-01-14T04:11:52-08:00","entry_id":335637,"field1":"4.875","field2":"-0.125"},{"created_at":"2025-01-14T04:21:27-08:00","entry_id":335638,"field1":"4.875","field2":"-0.125"},{"created_at":"2025-01-14T04:31:05-08:00","entry_id":335639,"field1":"4.875","field2":"-0.125"},{"created_at":"2025-01-14T04:40:43-08:00","entry_id":335640,"field1":"4.875","field2":"-0.125"},{"created_at":"2025-01-14T04:50:20-08:00","entry_id":335641,"field1":"4.875","field2":"-0.1875"},{"created_at":"2025-01-14T04:59:58-08:00","entry_id":335642,"field1":"4.875","field2":"-0.125"},{"created_at":"2025-01-14T05:09:35-08:00","entry_id":335643,"field1":"4.875","field2":"-0.1875"},{"created_at":"2025-01-14T05:19:12-08:00","entry_id":335644,"field1":"4.9375","field2":"-0.3125"},{"created_at":"2025-01-14T05:28:49-08:00","entry_id":335645,"field1":"4.9375","field2":"-0.25"},{"created_at":"2025-01-14T05:38:27-08:00","entry_id":335646,"field1":"4.9375","field2":"-0.3125"},{"created_at":"2025-01-14T05:48:04-08:00","entry_id":335647,"field1":"4.9375","field2":"-0.375"},{"created_at":"2025-01-14T05:57:42-08:00","entry_id":335648,"field1":"4.9375","field2":"-0.25"},{"created_at":"2025-01-14T06:07:19-08:00","entry_id":335649,"field1":"4.9375","field2":"-0.3125"},{"created_at":"2025-01-14T06:16:56-08:00","entry_id":335650,"field1":"4.9375","field2":"-0.25"},{"created_at":"2025-01-14T06:26:33-08:00","entry_id":335651,"field1":"4.9375","field2":"-0.1875"},{"created_at":"2025-01-14T06:36:11-08:00","entry_id":335652,"field1":"4.9375","field2":"-0.25"},{"created_at":"2025-01-14T06:45:46-08:00","entry_id":335653,"field1":"4.9375","field2":"-0.1875"},{"created_at":"2025-01-14T06:55:23-08:00","entry_id":335654,"field1":"4.9375","field2":"-0.375"},{"created_at":"2025-01-14T07:05:01-08:00","entry_id":335655,"field1":"4.9375","field2":"-0.4375"},{"created_at":"2025-01-14T07:14:39-08:00","entry_id":335656,"field1":"4.9375","field2":"-0.3125"},{"created_at":"2025-01-14T07:24:14-08:00","entry_id":335657,"field1":"4.9375","field2":"-0.3125"},{"created_at":"2025-01-14T07:33:52-08:00","entry_id":335658,"field1":"4.9375","field2":"-0.375"},{"created_at":"2025-01-14T07:43:29-08:00","entry_id":335659,"field1":"4.9375","field2":"-0.3125"},{"created_at":"2025-01-14T07:53:06-08:00","entry_id":335660,"field1":"4.9375","field2":"-0.3125"},{"created_at":"2025-01-14T08:02:44-08:00","entry_id":335661,"field1":"5","field2":"-0.25"},{"created_at":"2025-01-14T08:12:21-08:00","entry_id":335662,"field1":"5","field2":"-0.4375"},{"created_at":"2025-01-14T08:21:58-08:00","entry_id":335663,"field1":"5","field2":"-0.375"},{"created_at":"2025-01-14T08:31:35-08:00","entry_id":335664,"field1":"5","field2":"-0.375"},{"created_at":"2025-01-14T08:41:13-08:00","entry_id":335665,"field1":"5","field2":"-0.375"},{"created_at":"2025-01-14T08:50:51-08:00","entry_id":335666,"field1":"5","field2":"-0.3125"},{"created_at":"2025-01-14T09:00:27-08:00","entry_id":335667,"field1":"5","field2":"-0.375"},{"created_at":"2025-01-14T09:10:02-08:00","entry_id":335668,"field1":"5","field2":"-0.1875"},{"created_at":"2025-01-14T09:19:39-08:00","entry_id":335669,"field1":"5","field2":"-0.1875"},{"created_at":"2025-01-14T09:29:17-08:00","entry_id":335670,"field1":"5","field2":"-0.1875"},{"created_at":"2025-01-14T09:38:53-08:00","entry_id":335671,"field1":"5","field2":"-0.1875"},{"created_at":"2025-01-14T09:48:32-08:00","entry_id":335672,"field1":"5","field2":"-0.0625"},{"created_at":"2025-01-14T09:58:07-08:00","entry_id":335673,"field1":"5","field2":"0"},{"created_at":"2025-01-14T10:07:45-08:00","entry_id":335674,"field1":"5","field2":"0"},{"created_at":"2025-01-14T10:17:22-08:00","entry_id":335675,"field1":"5.0625","field2":"0.125"},{"created_at":"2025-01-14T10:27:00-08:00","entry_id":335676,"field1":"5.0625","field2":"0.0625"},{"created_at":"2025-01-14T10:36:36-08:00","entry_id":335677,"field1":"5","field2":"0.3125"},{"created_at":"2025-01-14T10:46:12-08:00","entry_id":335678,"field1":"5.0625","field2":"0.25"},{"created_at":"2025-01-14T10:55:49-08:00","entry_id":335679,"field1":"5.0625","field2":"0.3125"},{"created_at":"2025-01-14T11:05:27-08:00","entry_id":335680,"field1":"5.0625","field2":"0.3125"},{"created_at":"2025-01-14T11:15:03-08:00","entry_id":335681,"field1":"5.0625","field2":"0.4375"},{"created_at":"2025-01-14T11:24:39-08:00","entry_id":335682,"field1":"5.0625","field2":"0.375"},{"created_at":"2025-01-14T11:34:17-08:00","entry_id":335683,"field1":"5.0625","field2":"0.375"},{"created_at":"2025-01-14T11:43:53-08:00","entry_id":335684,"field1":"5.125","field2":"0.5"},{"created_at":"2025-01-14T11:53:31-08:00","entry_id":335685,"field1":"5.125","field2":"0.5625"},{"created_at":"2025-01-14T12:03:08-08:00","entry_id":335686,"field1":"5.125","field2":"0.4375"},{"created_at":"2025-01-14T12:12:46-08:00","entry_id":335687,"field1":"5.125","field2":"0.375"},{"created_at":"2025-01-14T12:22:23-08:00","entry_id":335688,"field1":"5.125","field2":"0.625"},{"created_at":"2025-01-14T12:32:01-08:00","entry_id":335689,"field1":"4.9375","field2":"0.5625"},{"created_at":"2025-01-14T12:41:38-08:00","entry_id":335690,"field1":"4.8125","field2":"0.5625"},{"created_at":"2025-01-14T12:51:15-08:00","entry_id":335691,"field1":"4.8125","field2":"0.625"},{"created_at":"2025-01-14T13:00:53-08:00","entry_id":335692,"field1":"4.75","field2":"0.5625"},{"created_at":"2025-01-14T13:10:30-08:00","entry_id":335693,"field1":"4.6875","field2":"0.5625"},{"created_at":"2025-01-14T13:20:07-08:00","entry_id":335694,"field1":"4.625","field2":"0.8125"},{"created_at":"2025-01-14T13:29:44-08:00","entry_id":335695,"field1":"4.5625","field2":"0.8125"},{"created_at":"2025-01-14T13:39:21-08:00","entry_id":335696,"field1":"4.5625","field2":"0.875"},{"created_at":"2025-01-14T13:48:58-08:00","entry_id":335697,"field1":"4.5625","field2":"0.8125"},{"created_at":"2025-01-14T13:58:35-08:00","entry_id":335698,"field1":"4.5","field2":"0.8125"},{"created_at":"2025-01-14T14:08:13-08:00","entry_id":335699,"field1":"4.4375","field2":"0.9375"},{"created_at":"2025-01-14T14:17:50-08:00","entry_id":335700,"field1":"4.4375","field2":"0.9375"},{"created_at":"2025-01-14T14:27:28-08:00","entry_id":335701,"field1":"4.4375","field2":"0.875"},{"created_at":"2025-01-14T14:37:05-08:00","entry_id":335702,"field1":"4.375","field2":"0.875"},{"created_at":"2025-01-14T14:46:43-08:00","entry_id":335703,"field1":"4.375","field2":"0.875"},{"created_at":"2025-01-14T14:56:20-08:00","entry_id":335704,"field1":"4.375","field2":"0.875"},{"created_at":"2025-01-14T15:05:57-08:00","entry_id":335705,"field1":"4.3125","field2":"0.9375"},{"created_at":"2025-01-14T15:15:35-08:00","entry_id":335706,"field1":"4.3125","field2":"0.875"},{"created_at":"2025-01-14T15:25:11-08:00","entry_id":335707,"field1":"4.25","field2":"0.9375"},{"created_at":"2025-01-14T15:34:49-08:00","entry_id":335708,"field1":"4.25","field2":"0.6875"},{"created_at":"2025-01-14T15:44:26-08:00","entry_id":335709,"field1":"4.25","field2":"0.5625"},{"created_at":"2025-01-14T15:54:03-08:00","entry_id":335710,"field1":"4.1875","field2":"0.3125"},{"created_at":"2025-01-14T16:03:40-08:00","entry_id":335711,"field1":"4.1875","field2":"0.125"},{"created_at":"2025-01-14T16:13:17-08:00","entry_id":335712,"field1":"4.125","field2":"-0.0625"},{"created_at":"2025-01-14T16:22:55-08:00","entry_id":335713,"field1":"4.125","field2":"-0.25"},{"created_at":"2025-01-14T16:32:32-08:00","entry_id":335714,"field1":"4.125","field2":"-0.3125"},{"created_at":"2025-01-14T16:42:09-08:00","entry_id":335715,"field1":"4.0625","field2":"-0.375"},{"created_at":"2025-01-14T16:51:46-08:00","entry_id":335716,"field1":"4.0625","field2":"-0.375"},{"created_at":"2025-01-14T17:01:22-08:00","entry_id":335717,"field1":"4","field2":"-0.4375"},{"created_at":"2025-01-14T17:10:58-08:00","entry_id":335718,"field1":"4","field2":"-0.625"},{"created_at":"2025-01-14T17:20:36-08:00","entry_id":335719,"field1":"4","field2":"-0.6875"},{"created_at":"2025-01-14T17:30:13-08:00","entry_id":335720,"field1":"3.9375","field2":"-0.5625"},{"created_at":"2025-01-14T17:39:51-08:00","entry_id":335721,"field1":"4.0625","field2":"-0.625"},{"created_at":"2025-01-14T17:49:26-08:00","entry_id":335722,"field1":"4.125","field2":"-0.5"},{"created_at":"2025-01-14T17:59:05-08:00","entry_id":335723,"field1":"4.1875","field2":"-0.5625"},{"created_at":"2025-01-14T18:08:42-08:00","entry_id":335724,"field1":"4.25","field2":"-0.5625"},{"created_at":"2025-01-14T18:18:19-08:00","entry_id":335725,"field1":"4.25","field2":"-0.4375"},{"created_at":"2025-01-14T18:27:57-08:00","entry_id":335726,"field1":"4.3125","field2":"-0.5"},{"created_at":"2025-01-14T18:37:34-08:00","entry_id":335727,"field1":"4.3125","field2":"-0.375"},{"created_at":"2025-01-14T18:47:11-08:00","entry_id":335728,"field1":"4.375","field2":"-0.3125"},{"created_at":"2025-01-14T18:56:46-08:00","entry_id":335729,"field1":"4.375","field2":"-0.25"},{"created_at":"2025-01-14T19:06:24-08:00","entry_id":335730,"field1":"4.4375","field2":"-0.125"},{"created_at":"2025-01-14T19:16:02-08:00","entry_id":335731,"field1":"4.4375","field2":"-0.125"},{"created_at":"2025-01-14T19:25:39-08:00","entry_id":335732,"field1":"4.5","field2":"-0.125"},{"created_at":"2025-01-14T19:35:16-08:00","entry_id":335733,"field1":"4.5","field2":"-0.125"},{"created_at":"2025-01-14T19:44:53-08:00","entry_id":335734,"field1":"4.5","field2":"-0.0625"},{"created_at":"2025-01-14T19:54:30-08:00","entry_id":335735,"field1":"4.5625","field2":"-0.0625"},{"created_at":"2025-01-14T20:04:07-08:00","entry_id":335736,"field1":"4.5625","field2":"-0.125"},{"created_at":"2025-01-14T20:13:45-08:00","entry_id":335737,"field1":"4.5625","field2":"0.0625"},{"created_at":"2025-01-14T20:23:22-08:00","entry_id":335738,"field1":"4.5625","field2":"-0.0625"},{"created_at":"2025-01-14T20:32:59-08:00","entry_id":335739,"field1":"4.5625","field2":"0"},{"created_at":"2025-01-14T20:42:37-08:00","entry_id":335740,"field1":"4.625","field2":"0.0625"},{"created_at":"2025-01-14T20:52:14-08:00","entry_id":335741,"field1":"4.625","field2":"0"},{"created_at":"2025-01-14T21:01:51-08:00","entry_id":335742,"field1":"4.625","field2":"0"},{"created_at":"2025-01-14T21:11:29-08:00","entry_id":335743,"field1":"4.625","field2":"0"},{"created_at":"2025-01-14T21:21:07-08:00","entry_id":335744,"field1":"4.6875","field2":"0.125"},{"created_at":"2025-01-14T21:30:44-08:00","entry_id":335745,"field1":"4.6875","field2":"0.0625"},{"created_at":"2025-01-14T21:40:21-08:00","entry_id":335746,"field1":"4.6875","field2":"0.125"},{"created_at":"2025-01-14T21:49:58-08:00","entry_id":335747,"field1":"4.6875","field2":"0.125"},{"created_at":"2025-01-14T21:59:35-08:00","entry_id":335748,"field1":"4.6875","field2":"0.1875"},{"created_at":"2025-01-14T22:09:10-08:00","entry_id":335749,"field1":"4.75","field2":"0.5"},{"created_at":"2025-01-14T22:18:49-08:00","entry_id":335750,"field1":"4.75","field2":"0.375"},{"created_at":"2025-01-14T22:28:26-08:00","entry_id":335751,"field1":"4.75","field2":"0.125"},{"created_at":"2025-01-14T22:38:03-08:00","entry_id":335752,"field1":"4.75","field2":"0"},{"created_at":"2025-01-14T22:47:40-08:00","entry_id":335753,"field1":"4.75","field2":"0"},{"created_at":"2025-01-14T22:57:18-08:00","entry_id":335754,"field1":"4.8125","field2":"0"},{"created_at":"2025-01-14T23:06:56-08:00","entry_id":335755,"field1":"4.8125","field2":"0"},{"created_at":"2025-01-14T23:16:34-08:00","entry_id":335756,"field1":"4.8125","field2":"0.0625"},{"created_at":"2025-01-14T23:26:10-08:00","entry_id":335757,"field1":"4.8125","field2":"0"},{"created_at":"2025-01-14T23:35:47-08:00","entry_id":335758,"field1":"4.8125","field2":"0.0625"},{"created_at":"2025-01-14T23:45:23-08:00","entry_id":335759,"field1":"4.8125","field2":"0.125"},{"created_at":"2025-01-14T23:55:02-08:00","entry_id":335760,"field1":"4.8125","field2":"0"}]}