{"channel":{"id":581842,"name":"Upstairs Small Window Indoor / Outdoor Sensor","latitude":"0.0","longitude":"0.0","field1":"Indoor Temperature","field2":"Outdoor Temperature","created_at":"2018-09-23T15:37:52-07:00","updated_at":"2020-07-27T05:59:41-07:00","last_entry_id":150129},"feeds":[{"created_at":"2019-12-18T00:03:51-08:00","entry_id":64745,"field1":"-0.4375","field2":"-1.125"},{"created_at":"2019-12-18T00:13:27-08:00","entry_id":64746,"field1":"-0.4375","field2":"-1.0625"},{"created_at":"2019-12-18T00:23:04-08:00","entry_id":64747,"field1":"-0.4375","field2":"-1.0625"},{"created_at":"2019-12-18T00:32:41-08:00","entry_id":64748,"field1":"-0.4375","field2":"-1.0625"},{"created_at":"2019-12-18T00:42:18-08:00","entry_id":64749,"field1":"-0.4375","field2":"-1.0625"},{"created_at":"2019-12-18T00:51:55-08:00","entry_id":64750,"field1":"-0.4375","field2":"-1.0625"},{"created_at":"2019-12-18T01:01:32-08:00","entry_id":64751,"field1":"-0.4375","field2":"-1"},{"created_at":"2019-12-18T01:11:09-08:00","entry_id":64752,"field1":"-0.4375","field2":"-1"},{"created_at":"2019-12-18T01:20:47-08:00","entry_id":64753,"field1":"-0.4375","field2":"-1"},{"created_at":"2019-12-18T01:30:24-08:00","entry_id":64754,"field1":"-0.4375","field2":"-1"},{"created_at":"2019-12-18T01:40:01-08:00","entry_id":64755,"field1":"-0.4375","field2":"-1"},{"created_at":"2019-12-18T01:49:38-08:00","entry_id":64756,"field1":"-0.4375","field2":"-1"},{"created_at":"2019-12-18T01:59:15-08:00","entry_id":64757,"field1":"-0.4375","field2":"-1.0625"},{"created_at":"2019-12-18T02:08:51-08:00","entry_id":64758,"field1":"-0.4375","field2":"-1"},{"created_at":"2019-12-18T02:18:29-08:00","entry_id":64759,"field1":"-0.4375","field2":"-1"},{"created_at":"2019-12-18T02:28:05-08:00","entry_id":64760,"field1":"-0.4375","field2":"-1"},{"created_at":"2019-12-18T02:37:42-08:00","entry_id":64761,"field1":"-0.375","field2":"-1"},{"created_at":"2019-12-18T02:47:19-08:00","entry_id":64762,"field1":"-0.4375","field2":"-1"},{"created_at":"2019-12-18T02:56:56-08:00","entry_id":64763,"field1":"-0.4375","field2":"-0.9375"},{"created_at":"2019-12-18T03:06:33-08:00","entry_id":64764,"field1":"-0.4375","field2":"-0.9375"},{"created_at":"2019-12-18T03:16:09-08:00","entry_id":64765,"field1":"-0.4375","field2":"-0.9375"},{"created_at":"2019-12-18T03:25:46-08:00","entry_id":64766,"field1":"-0.4375","field2":"-0.9375"},{"created_at":"2019-12-18T03:35:23-08:00","entry_id":64767,"field1":"-0.4375","field2":"-0.9375"},{"created_at":"2019-12-18T03:44:59-08:00","entry_id":64768,"field1":"-0.4375","field2":"-0.9375"},{"created_at":"2019-12-18T03:54:36-08:00","entry_id":64769,"field1":"-0.375","field2":"-0.9375"},{"created_at":"2019-12-18T04:04:12-08:00","entry_id":64770,"field1":"-0.375","field2":"-0.9375"},{"created_at":"2019-12-18T04:13:50-08:00","entry_id":64771,"field1":"-0.375","field2":"-0.875"},{"created_at":"2019-12-18T04:23:26-08:00","entry_id":64772,"field1":"-0.4375","field2":"-0.9375"},{"created_at":"2019-12-18T04:33:02-08:00","entry_id":64773,"field1":"-0.4375","field2":"-0.9375"},{"created_at":"2019-12-18T04:42:39-08:00","entry_id":64774,"field1":"-0.4375","field2":"-0.9375"},{"created_at":"2019-12-18T04:52:16-08:00","entry_id":64775,"field1":"-0.375","field2":"-0.9375"},{"created_at":"2019-12-18T05:01:53-08:00","entry_id":64776,"field1":"-0.375","field2":"-0.9375"},{"created_at":"2019-12-18T05:11:31-08:00","entry_id":64777,"field1":"-0.375","field2":"-0.875"},{"created_at":"2019-12-18T05:21:07-08:00","entry_id":64778,"field1":"-0.375","field2":"-0.875"},{"created_at":"2019-12-18T05:30:44-08:00","entry_id":64779,"field1":"-0.375","field2":"-0.875"},{"created_at":"2019-12-18T05:40:21-08:00","entry_id":64780,"field1":"-0.375","field2":"-0.875"},{"created_at":"2019-12-18T05:49:58-08:00","entry_id":64781,"field1":"-0.375","field2":"-0.9375"},{"created_at":"2019-12-18T05:59:34-08:00","entry_id":64782,"field1":"-0.375","field2":"-0.875"},{"created_at":"2019-12-18T06:09:11-08:00","entry_id":64783,"field1":"-0.375","field2":"-0.875"},{"created_at":"2019-12-18T06:18:47-08:00","entry_id":64784,"field1":"-0.375","field2":"-0.875"},{"created_at":"2019-12-18T06:28:24-08:00","entry_id":64785,"field1":"-0.375","field2":"-0.875"},{"created_at":"2019-12-18T06:38:00-08:00","entry_id":64786,"field1":"-0.375","field2":"-0.875"},{"created_at":"2019-12-18T06:47:37-08:00","entry_id":64787,"field1":"-0.375","field2":"-0.875"},{"created_at":"2019-12-18T06:57:14-08:00","entry_id":64788,"field1":"-0.375","field2":"-0.875"},{"created_at":"2019-12-18T07:06:51-08:00","entry_id":64789,"field1":"-0.375","field2":"-0.875"},{"created_at":"2019-12-18T07:16:27-08:00","entry_id":64790,"field1":"-0.375","field2":"-0.8125"},{"created_at":"2019-12-18T07:26:04-08:00","entry_id":64791,"field1":"-0.375","field2":"-0.875"},{"created_at":"2019-12-18T07:35:41-08:00","entry_id":64792,"field1":"-0.375","field2":"-0.8125"},{"created_at":"2019-12-18T07:45:18-08:00","entry_id":64793,"field1":"-0.375","field2":"-0.8125"},{"created_at":"2019-12-18T07:54:55-08:00","entry_id":64794,"field1":"-0.375","field2":"-0.8125"},{"created_at":"2019-12-18T08:04:32-08:00","entry_id":64795,"field1":"-0.3125","field2":"-0.8125"},{"created_at":"2019-12-18T08:14:08-08:00","entry_id":64796,"field1":"-0.3125","field2":"-0.8125"},{"created_at":"2019-12-18T08:23:46-08:00","entry_id":64797,"field1":"-0.3125","field2":"-0.75"},{"created_at":"2019-12-18T08:33:22-08:00","entry_id":64798,"field1":"-0.3125","field2":"-0.75"},{"created_at":"2019-12-18T08:42:59-08:00","entry_id":64799,"field1":"-0.3125","field2":"-0.6875"},{"created_at":"2019-12-18T08:52:35-08:00","entry_id":64800,"field1":"-0.3125","field2":"-0.625"},{"created_at":"2019-12-18T09:02:11-08:00","entry_id":64801,"field1":"-0.3125","field2":"-0.625"},{"created_at":"2019-12-18T09:11:49-08:00","entry_id":64802,"field1":"-0.3125","field2":"-0.5625"},{"created_at":"2019-12-18T09:21:25-08:00","entry_id":64803,"field1":"-0.3125","field2":"-0.5"},{"created_at":"2019-12-18T09:31:02-08:00","entry_id":64804,"field1":"-0.3125","field2":"-0.4375"},{"created_at":"2019-12-18T09:40:38-08:00","entry_id":64805,"field1":"-0.25","field2":"-0.375"},{"created_at":"2019-12-18T09:50:16-08:00","entry_id":64806,"field1":"-0.25","field2":"-0.3125"},{"created_at":"2019-12-18T09:59:53-08:00","entry_id":64807,"field1":"-0.25","field2":"-0.25"},{"created_at":"2019-12-18T10:09:29-08:00","entry_id":64808,"field1":"-0.25","field2":"-0.1875"},{"created_at":"2019-12-18T10:19:06-08:00","entry_id":64809,"field1":"-0.25","field2":"-0.0625"},{"created_at":"2019-12-18T10:28:43-08:00","entry_id":64810,"field1":"-0.25","field2":"0"},{"created_at":"2019-12-18T10:38:20-08:00","entry_id":64811,"field1":"-0.1875","field2":"-0.0625"},{"created_at":"2019-12-18T10:47:56-08:00","entry_id":64812,"field1":"-0.1875","field2":"0"},{"created_at":"2019-12-18T10:57:33-08:00","entry_id":64813,"field1":"-0.1875","field2":"0"},{"created_at":"2019-12-18T11:07:12-08:00","entry_id":64814,"field1":"-0.1875","field2":"0.1875"},{"created_at":"2019-12-18T11:16:48-08:00","entry_id":64815,"field1":"-0.125","field2":"0.125"},{"created_at":"2019-12-18T11:26:25-08:00","entry_id":64816,"field1":"-0.125","field2":"0.1875"},{"created_at":"2019-12-18T11:36:01-08:00","entry_id":64817,"field1":"-0.125","field2":"0.125"},{"created_at":"2019-12-18T11:45:39-08:00","entry_id":64818,"field1":"-0.125","field2":"0.0625"},{"created_at":"2019-12-18T11:55:15-08:00","entry_id":64819,"field1":"-0.125","field2":"0.1875"},{"created_at":"2019-12-18T12:04:53-08:00","entry_id":64820,"field1":"-0.125","field2":"0.3125"},{"created_at":"2019-12-18T12:14:29-08:00","entry_id":64821,"field1":"-0.0625","field2":"0.375"},{"created_at":"2019-12-18T12:24:06-08:00","entry_id":64822,"field1":"-0.0625","field2":"0.3125"},{"created_at":"2019-12-18T12:33:42-08:00","entry_id":64823,"field1":"-0.0625","field2":"0.3125"},{"created_at":"2019-12-18T12:43:19-08:00","entry_id":64824,"field1":"-0.0625","field2":"0.3125"},{"created_at":"2019-12-18T12:52:56-08:00","entry_id":64825,"field1":"0","field2":"0.3125"},{"created_at":"2019-12-18T13:02:34-08:00","entry_id":64826,"field1":"0","field2":"0.375"},{"created_at":"2019-12-18T13:12:11-08:00","entry_id":64827,"field1":"0","field2":"0.3125"},{"created_at":"2019-12-18T13:21:48-08:00","entry_id":64828,"field1":"0","field2":"0.25"},{"created_at":"2019-12-18T13:31:24-08:00","entry_id":64829,"field1":"0","field2":"0.25"},{"created_at":"2019-12-18T13:41:02-08:00","entry_id":64830,"field1":"0","field2":"0.1875"},{"created_at":"2019-12-18T13:50:39-08:00","entry_id":64831,"field1":"0","field2":"0.125"},{"created_at":"2019-12-18T14:00:16-08:00","entry_id":64832,"field1":"0","field2":"0.0625"},{"created_at":"2019-12-18T14:09:52-08:00","entry_id":64833,"field1":"0","field2":"0.0625"},{"created_at":"2019-12-18T14:19:28-08:00","entry_id":64834,"field1":"0","field2":"0"},{"created_at":"2019-12-18T14:29:05-08:00","entry_id":64835,"field1":"0.0625","field2":"0"},{"created_at":"2019-12-18T14:38:42-08:00","entry_id":64836,"field1":"0.0625","field2":"0"},{"created_at":"2019-12-18T14:48:18-08:00","entry_id":64837,"field1":"0.0625","field2":"-0.0625"},{"created_at":"2019-12-18T14:57:55-08:00","entry_id":64838,"field1":"0.0625","field2":"-0.0625"},{"created_at":"2019-12-18T15:07:32-08:00","entry_id":64839,"field1":"0.0625","field2":"-0.0625"},{"created_at":"2019-12-18T15:17:09-08:00","entry_id":64840,"field1":"0.0625","field2":"-0.125"},{"created_at":"2019-12-18T15:26:45-08:00","entry_id":64841,"field1":"0.0625","field2":"-0.125"},{"created_at":"2019-12-18T15:36:22-08:00","entry_id":64842,"field1":"0.0625","field2":"-0.1875"},{"created_at":"2019-12-18T15:45:59-08:00","entry_id":64843,"field1":"0.0625","field2":"-0.1875"},{"created_at":"2019-12-18T15:55:36-08:00","entry_id":64844,"field1":"0.0625","field2":"-0.1875"},{"created_at":"2019-12-18T16:05:14-08:00","entry_id":64845,"field1":"0.0625","field2":"-0.1875"},{"created_at":"2019-12-18T16:14:50-08:00","entry_id":64846,"field1":"0.0625","field2":"-0.1875"},{"created_at":"2019-12-18T16:24:27-08:00","entry_id":64847,"field1":"0.0625","field2":"-0.25"},{"created_at":"2019-12-18T16:34:03-08:00","entry_id":64848,"field1":"0.0625","field2":"-0.25"},{"created_at":"2019-12-18T16:43:40-08:00","entry_id":64849,"field1":"0.0625","field2":"-0.25"},{"created_at":"2019-12-18T16:53:16-08:00","entry_id":64850,"field1":"0.0625","field2":"-0.25"},{"created_at":"2019-12-18T17:02:54-08:00","entry_id":64851,"field1":"0.0625","field2":"-0.25"},{"created_at":"2019-12-18T17:12:31-08:00","entry_id":64852,"field1":"0.0625","field2":"-0.25"},{"created_at":"2019-12-18T17:22:07-08:00","entry_id":64853,"field1":"0.0625","field2":"-0.25"},{"created_at":"2019-12-18T17:31:44-08:00","entry_id":64854,"field1":"0.0625","field2":"-0.25"},{"created_at":"2019-12-18T17:41:20-08:00","entry_id":64855,"field1":"0.0625","field2":"-0.25"},{"created_at":"2019-12-18T17:50:57-08:00","entry_id":64856,"field1":"0.0625","field2":"-0.25"},{"created_at":"2019-12-18T18:00:34-08:00","entry_id":64857,"field1":"0.0625","field2":"-0.25"},{"created_at":"2019-12-18T18:10:11-08:00","entry_id":64858,"field1":"0.0625","field2":"-0.25"},{"created_at":"2019-12-18T18:19:48-08:00","entry_id":64859,"field1":"0.0625","field2":"-0.3125"},{"created_at":"2019-12-18T18:29:25-08:00","entry_id":64860,"field1":"0.0625","field2":"-0.3125"},{"created_at":"2019-12-18T18:39:01-08:00","entry_id":64861,"field1":"0.0625","field2":"-0.3125"},{"created_at":"2019-12-18T18:48:38-08:00","entry_id":64862,"field1":"0.0625","field2":"-0.25"},{"created_at":"2019-12-18T18:58:14-08:00","entry_id":64863,"field1":"0.0625","field2":"-0.3125"},{"created_at":"2019-12-18T19:07:51-08:00","entry_id":64864,"field1":"0.0625","field2":"-0.25"},{"created_at":"2019-12-18T19:17:28-08:00","entry_id":64865,"field1":"0.0625","field2":"-0.25"},{"created_at":"2019-12-18T19:27:05-08:00","entry_id":64866,"field1":"0.0625","field2":"-0.3125"},{"created_at":"2019-12-18T19:36:41-08:00","entry_id":64867,"field1":"0.0625","field2":"-0.3125"},{"created_at":"2019-12-18T19:46:18-08:00","entry_id":64868,"field1":"0.0625","field2":"-0.3125"},{"created_at":"2019-12-18T19:55:55-08:00","entry_id":64869,"field1":"0.0625","field2":"-0.3125"},{"created_at":"2019-12-18T20:05:32-08:00","entry_id":64870,"field1":"0.0625","field2":"-0.3125"},{"created_at":"2019-12-18T20:15:08-08:00","entry_id":64871,"field1":"0.0625","field2":"-0.3125"},{"created_at":"2019-12-18T20:24:45-08:00","entry_id":64872,"field1":"0.125","field2":"-0.25"},{"created_at":"2019-12-18T20:34:22-08:00","entry_id":64873,"field1":"0.0625","field2":"-0.25"},{"created_at":"2019-12-18T20:43:58-08:00","entry_id":64874,"field1":"0.0625","field2":"-0.3125"},{"created_at":"2019-12-18T20:53:36-08:00","entry_id":64875,"field1":"0.125","field2":"-0.3125"},{"created_at":"2019-12-18T21:03:12-08:00","entry_id":64876,"field1":"0.125","field2":"-0.3125"},{"created_at":"2019-12-18T21:12:50-08:00","entry_id":64877,"field1":"0.0625","field2":"-0.25"},{"created_at":"2019-12-18T21:22:27-08:00","entry_id":64878,"field1":"0.125","field2":"-0.25"},{"created_at":"2019-12-18T21:32:03-08:00","entry_id":64879,"field1":"0.125","field2":"-0.3125"},{"created_at":"2019-12-18T21:41:41-08:00","entry_id":64880,"field1":"0.125","field2":"-0.25"},{"created_at":"2019-12-18T21:51:18-08:00","entry_id":64881,"field1":"0.125","field2":"-0.3125"},{"created_at":"2019-12-18T22:00:55-08:00","entry_id":64882,"field1":"0.125","field2":"-0.3125"},{"created_at":"2019-12-18T22:10:31-08:00","entry_id":64883,"field1":"0.125","field2":"-0.3125"},{"created_at":"2019-12-18T22:20:08-08:00","entry_id":64884,"field1":"0.125","field2":"-0.3125"},{"created_at":"2019-12-18T22:29:45-08:00","entry_id":64885,"field1":"0.125","field2":"-0.3125"},{"created_at":"2019-12-18T22:39:21-08:00","entry_id":64886,"field1":"0.125","field2":"-0.3125"},{"created_at":"2019-12-18T22:48:58-08:00","entry_id":64887,"field1":"0.125","field2":"-0.3125"},{"created_at":"2019-12-18T22:58:35-08:00","entry_id":64888,"field1":"0.125","field2":"-0.3125"},{"created_at":"2019-12-18T23:08:11-08:00","entry_id":64889,"field1":"0.125","field2":"-0.3125"},{"created_at":"2019-12-18T23:17:49-08:00","entry_id":64890,"field1":"0.125","field2":"-0.3125"},{"created_at":"2019-12-18T23:27:25-08:00","entry_id":64891,"field1":"0.125","field2":"-0.25"},{"created_at":"2019-12-18T23:37:02-08:00","entry_id":64892,"field1":"0.125","field2":"-0.3125"},{"created_at":"2019-12-18T23:46:38-08:00","entry_id":64893,"field1":"0.125","field2":"-0.3125"},{"created_at":"2019-12-18T23:56:15-08:00","entry_id":64894,"field1":"0.125","field2":"-0.3125"}]}