{"channel":{"id":581842,"name":"Upstairs Small Window Indoor / Outdoor Sensor","latitude":"0.0","longitude":"0.0","field1":"Indoor Temperature","field2":"Outdoor Temperature","created_at":"2018-09-23T15:37:52-07:00","updated_at":"2020-07-27T05:59:41-07:00","last_entry_id":340833},"feeds":[{"created_at":"2025-02-16T00:00:50-08:00","entry_id":340552,"field1":"1.1875","field2":"-3.5625"},{"created_at":"2025-02-16T00:10:28-08:00","entry_id":340553,"field1":"1.1875","field2":"-3.5625"},{"created_at":"2025-02-16T00:20:04-08:00","entry_id":340554,"field1":"1.1875","field2":"-3.625"},{"created_at":"2025-02-16T00:29:41-08:00","entry_id":340555,"field1":"1.1875","field2":"-3.625"},{"created_at":"2025-02-16T00:39:17-08:00","entry_id":340556,"field1":"1.1875","field2":"-3.625"},{"created_at":"2025-02-16T00:48:54-08:00","entry_id":340557,"field1":"1.1875","field2":"-3.5625"},{"created_at":"2025-02-16T00:58:32-08:00","entry_id":340558,"field1":"1.1875","field2":"-3.5625"},{"created_at":"2025-02-16T01:08:09-08:00","entry_id":340559,"field1":"1.1875","field2":"-3.5625"},{"created_at":"2025-02-16T01:17:46-08:00","entry_id":340560,"field1":"1.1875","field2":"-3.625"},{"created_at":"2025-02-16T01:27:23-08:00","entry_id":340561,"field1":"1.1875","field2":"-3.625"},{"created_at":"2025-02-16T01:37:00-08:00","entry_id":340562,"field1":"1.1875","field2":"-3.625"},{"created_at":"2025-02-16T01:46:37-08:00","entry_id":340563,"field1":"1.25","field2":"-3.625"},{"created_at":"2025-02-16T01:56:15-08:00","entry_id":340564,"field1":"1.25","field2":"-3.5625"},{"created_at":"2025-02-16T02:05:52-08:00","entry_id":340565,"field1":"1.25","field2":"-3.5625"},{"created_at":"2025-02-16T02:15:29-08:00","entry_id":340566,"field1":"1.1875","field2":"-3.5"},{"created_at":"2025-02-16T02:25:06-08:00","entry_id":340567,"field1":"1.25","field2":"-3.4375"},{"created_at":"2025-02-16T02:34:43-08:00","entry_id":340568,"field1":"1.25","field2":"-3.4375"},{"created_at":"2025-02-16T02:44:20-08:00","entry_id":340569,"field1":"1.25","field2":"-3.4375"},{"created_at":"2025-02-16T02:53:57-08:00","entry_id":340570,"field1":"1.25","field2":"-3.4375"},{"created_at":"2025-02-16T03:03:34-08:00","entry_id":340571,"field1":"1.25","field2":"-3.5"},{"created_at":"2025-02-16T03:13:11-08:00","entry_id":340572,"field1":"1.25","field2":"-3.5"},{"created_at":"2025-02-16T03:22:47-08:00","entry_id":340573,"field1":"1.3125","field2":"-3.5"},{"created_at":"2025-02-16T03:32:25-08:00","entry_id":340574,"field1":"1.3125","field2":"-3.5"},{"created_at":"2025-02-16T03:42:02-08:00","entry_id":340575,"field1":"1.3125","field2":"-3.4375"},{"created_at":"2025-02-16T03:51:39-08:00","entry_id":340576,"field1":"1.3125","field2":"-3.4375"},{"created_at":"2025-02-16T04:01:14-08:00","entry_id":340577,"field1":"1.3125","field2":"-3.4375"},{"created_at":"2025-02-16T04:10:53-08:00","entry_id":340578,"field1":"1.3125","field2":"-3.4375"},{"created_at":"2025-02-16T04:20:29-08:00","entry_id":340579,"field1":"1.3125","field2":"-3.375"},{"created_at":"2025-02-16T04:30:05-08:00","entry_id":340580,"field1":"1.3125","field2":"-3.375"},{"created_at":"2025-02-16T04:39:41-08:00","entry_id":340581,"field1":"1.3125","field2":"-3.375"},{"created_at":"2025-02-16T04:49:20-08:00","entry_id":340582,"field1":"1.3125","field2":"-3.375"},{"created_at":"2025-02-16T04:58:57-08:00","entry_id":340583,"field1":"1.375","field2":"-3.3125"},{"created_at":"2025-02-16T05:08:34-08:00","entry_id":340584,"field1":"1.375","field2":"-3.3125"},{"created_at":"2025-02-16T05:18:11-08:00","entry_id":340585,"field1":"1.375","field2":"-3.3125"},{"created_at":"2025-02-16T05:27:48-08:00","entry_id":340586,"field1":"1.375","field2":"-3.3125"},{"created_at":"2025-02-16T05:37:23-08:00","entry_id":340587,"field1":"1.375","field2":"-3.25"},{"created_at":"2025-02-16T05:47:01-08:00","entry_id":340588,"field1":"1.375","field2":"-3.3125"},{"created_at":"2025-02-16T05:56:39-08:00","entry_id":340589,"field1":"1.375","field2":"-3.3125"},{"created_at":"2025-02-16T06:06:14-08:00","entry_id":340590,"field1":"1.375","field2":"-3.3125"},{"created_at":"2025-02-16T06:15:52-08:00","entry_id":340591,"field1":"1.375","field2":"-3.25"},{"created_at":"2025-02-16T06:25:29-08:00","entry_id":340592,"field1":"1.375","field2":"-3.25"},{"created_at":"2025-02-16T06:35:07-08:00","entry_id":340593,"field1":"1.4375","field2":"-3.1875"},{"created_at":"2025-02-16T06:44:44-08:00","entry_id":340594,"field1":"1.4375","field2":"-3.1875"},{"created_at":"2025-02-16T06:54:21-08:00","entry_id":340595,"field1":"1.4375","field2":"-3.125"},{"created_at":"2025-02-16T07:03:58-08:00","entry_id":340596,"field1":"1.4375","field2":"-3.125"},{"created_at":"2025-02-16T07:13:34-08:00","entry_id":340597,"field1":"1.4375","field2":"-3.125"},{"created_at":"2025-02-16T07:23:11-08:00","entry_id":340598,"field1":"1.4375","field2":"-3.125"},{"created_at":"2025-02-16T07:32:48-08:00","entry_id":340599,"field1":"1.4375","field2":"-3.0625"},{"created_at":"2025-02-16T07:42:26-08:00","entry_id":340600,"field1":"1.5","field2":"-3.0625"},{"created_at":"2025-02-16T07:52:02-08:00","entry_id":340601,"field1":"1.5","field2":"-3"},{"created_at":"2025-02-16T08:01:40-08:00","entry_id":340602,"field1":"1.5","field2":"-3"},{"created_at":"2025-02-16T08:11:17-08:00","entry_id":340603,"field1":"1.5","field2":"-2.9375"},{"created_at":"2025-02-16T08:20:54-08:00","entry_id":340604,"field1":"1.5","field2":"-2.875"},{"created_at":"2025-02-16T08:30:31-08:00","entry_id":340605,"field1":"1.5625","field2":"-2.8125"},{"created_at":"2025-02-16T08:40:08-08:00","entry_id":340606,"field1":"1.5","field2":"-2.6875"},{"created_at":"2025-02-16T08:49:46-08:00","entry_id":340607,"field1":"1.5625","field2":"-2.5"},{"created_at":"2025-02-16T08:59:22-08:00","entry_id":340608,"field1":"1.5625","field2":"-2.4375"},{"created_at":"2025-02-16T09:09:00-08:00","entry_id":340609,"field1":"1.625","field2":"-2.3125"},{"created_at":"2025-02-16T09:18:36-08:00","entry_id":340610,"field1":"1.625","field2":"-2.25"},{"created_at":"2025-02-16T09:28:13-08:00","entry_id":340611,"field1":"1.625","field2":"-2.0625"},{"created_at":"2025-02-16T09:37:51-08:00","entry_id":340612,"field1":"1.625","field2":"-1.875"},{"created_at":"2025-02-16T09:47:29-08:00","entry_id":340613,"field1":"1.6875","field2":"-1.875"},{"created_at":"2025-02-16T09:57:06-08:00","entry_id":340614,"field1":"1.6875","field2":"-1.9375"},{"created_at":"2025-02-16T10:06:42-08:00","entry_id":340615,"field1":"1.6875","field2":"-1.8125"},{"created_at":"2025-02-16T10:16:20-08:00","entry_id":340616,"field1":"1.75","field2":"-1.8125"},{"created_at":"2025-02-16T10:25:55-08:00","entry_id":340617,"field1":"1.75","field2":"-1.625"},{"created_at":"2025-02-16T10:35:34-08:00","entry_id":340618,"field1":"1.8125","field2":"-1.5"},{"created_at":"2025-02-16T10:45:11-08:00","entry_id":340619,"field1":"1.8125","field2":"-1.25"},{"created_at":"2025-02-16T10:54:47-08:00","entry_id":340620,"field1":"1.8125","field2":"-1.125"},{"created_at":"2025-02-16T11:04:24-08:00","entry_id":340621,"field1":"1.875","field2":"-1.125"},{"created_at":"2025-02-16T11:14:01-08:00","entry_id":340622,"field1":"1.875","field2":"-1.0625"},{"created_at":"2025-02-16T11:23:38-08:00","entry_id":340623,"field1":"1.9375","field2":"-1.0625"},{"created_at":"2025-02-16T11:33:15-08:00","entry_id":340624,"field1":"1.9375","field2":"-1.0625"},{"created_at":"2025-02-16T11:42:52-08:00","entry_id":340625,"field1":"2","field2":"-1.125"},{"created_at":"2025-02-16T11:52:28-08:00","entry_id":340626,"field1":"2","field2":"-1.125"},{"created_at":"2025-02-16T12:02:05-08:00","entry_id":340627,"field1":"2.0625","field2":"-1.125"},{"created_at":"2025-02-16T12:11:43-08:00","entry_id":340628,"field1":"2.0625","field2":"-1"},{"created_at":"2025-02-16T12:21:22-08:00","entry_id":340629,"field1":"2.0625","field2":"-1"},{"created_at":"2025-02-16T12:30:57-08:00","entry_id":340630,"field1":"2.125","field2":"-1"},{"created_at":"2025-02-16T12:40:35-08:00","entry_id":340631,"field1":"2.125","field2":"-0.8125"},{"created_at":"2025-02-16T12:50:13-08:00","entry_id":340632,"field1":"2.1875","field2":"-0.8125"},{"created_at":"2025-02-16T12:59:48-08:00","entry_id":340633,"field1":"2.1875","field2":"-0.6875"},{"created_at":"2025-02-16T13:09:24-08:00","entry_id":340634,"field1":"2.1875","field2":"-0.6875"},{"created_at":"2025-02-16T13:19:03-08:00","entry_id":340635,"field1":"2.25","field2":"-0.8125"},{"created_at":"2025-02-16T13:28:40-08:00","entry_id":340636,"field1":"2.25","field2":"-0.9375"},{"created_at":"2025-02-16T13:38:17-08:00","entry_id":340637,"field1":"2.25","field2":"-0.9375"},{"created_at":"2025-02-16T13:47:54-08:00","entry_id":340638,"field1":"2.3125","field2":"-0.875"},{"created_at":"2025-02-16T13:57:29-08:00","entry_id":340639,"field1":"2.3125","field2":"-0.8125"},{"created_at":"2025-02-16T14:07:09-08:00","entry_id":340640,"field1":"2.375","field2":"-0.8125"},{"created_at":"2025-02-16T14:16:46-08:00","entry_id":340641,"field1":"2.375","field2":"-0.5"},{"created_at":"2025-02-16T14:26:21-08:00","entry_id":340642,"field1":"2.375","field2":"-0.125"},{"created_at":"2025-02-16T14:36:00-08:00","entry_id":340643,"field1":"2.4375","field2":"-0.625"},{"created_at":"2025-02-16T14:45:37-08:00","entry_id":340644,"field1":"2.4375","field2":"-0.5"},{"created_at":"2025-02-16T14:55:14-08:00","entry_id":340645,"field1":"2.4375","field2":"-0.75"},{"created_at":"2025-02-16T15:04:52-08:00","entry_id":340646,"field1":"2.5","field2":"-0.3125"},{"created_at":"2025-02-16T15:14:29-08:00","entry_id":340647,"field1":"2.5","field2":"-0.5625"},{"created_at":"2025-02-16T15:24:06-08:00","entry_id":340648,"field1":"2.5625","field2":"-0.5625"},{"created_at":"2025-02-16T15:33:43-08:00","entry_id":340649,"field1":"2.5625","field2":"-0.5625"},{"created_at":"2025-02-16T15:43:19-08:00","entry_id":340650,"field1":"2.5625","field2":"-0.625"},{"created_at":"2025-02-16T15:52:57-08:00","entry_id":340651,"field1":"2.625","field2":"-0.625"},{"created_at":"2025-02-16T16:02:34-08:00","entry_id":340652,"field1":"2.625","field2":"-0.5625"},{"created_at":"2025-02-16T16:12:12-08:00","entry_id":340653,"field1":"2.625","field2":"-0.625"},{"created_at":"2025-02-16T16:21:49-08:00","entry_id":340654,"field1":"2.625","field2":"-0.6875"},{"created_at":"2025-02-16T16:31:27-08:00","entry_id":340655,"field1":"2.625","field2":"-0.9375"},{"created_at":"2025-02-16T16:41:03-08:00","entry_id":340656,"field1":"2.625","field2":"-0.6875"},{"created_at":"2025-02-16T16:50:41-08:00","entry_id":340657,"field1":"2.6875","field2":"-0.75"},{"created_at":"2025-02-16T17:00:18-08:00","entry_id":340658,"field1":"2.6875","field2":"-0.8125"},{"created_at":"2025-02-16T17:09:55-08:00","entry_id":340659,"field1":"2.6875","field2":"-0.875"},{"created_at":"2025-02-16T17:19:32-08:00","entry_id":340660,"field1":"2.6875","field2":"-0.9375"},{"created_at":"2025-02-16T17:29:09-08:00","entry_id":340661,"field1":"2.6875","field2":"-1"},{"created_at":"2025-02-16T17:38:47-08:00","entry_id":340662,"field1":"2.6875","field2":"-1.0625"},{"created_at":"2025-02-16T17:48:24-08:00","entry_id":340663,"field1":"2.6875","field2":"-1.0625"},{"created_at":"2025-02-16T17:58:00-08:00","entry_id":340664,"field1":"2.75","field2":"-1.125"},{"created_at":"2025-02-16T18:07:38-08:00","entry_id":340665,"field1":"2.75","field2":"-1.1875"},{"created_at":"2025-02-16T18:17:13-08:00","entry_id":340666,"field1":"2.75","field2":"-1.1875"},{"created_at":"2025-02-16T18:26:52-08:00","entry_id":340667,"field1":"2.75","field2":"-1.25"},{"created_at":"2025-02-16T18:36:27-08:00","entry_id":340668,"field1":"2.75","field2":"-1.1875"},{"created_at":"2025-02-16T18:46:06-08:00","entry_id":340669,"field1":"2.8125","field2":"-1.25"},{"created_at":"2025-02-16T18:55:42-08:00","entry_id":340670,"field1":"2.8125","field2":"-1.25"},{"created_at":"2025-02-16T19:05:19-08:00","entry_id":340671,"field1":"2.8125","field2":"-1.25"},{"created_at":"2025-02-16T19:14:57-08:00","entry_id":340672,"field1":"2.8125","field2":"-1.25"},{"created_at":"2025-02-16T19:24:34-08:00","entry_id":340673,"field1":"2.8125","field2":"-1.3125"},{"created_at":"2025-02-16T19:34:11-08:00","entry_id":340674,"field1":"2.8125","field2":"-1.3125"},{"created_at":"2025-02-16T19:43:46-08:00","entry_id":340675,"field1":"2.875","field2":"-1.3125"},{"created_at":"2025-02-16T19:53:24-08:00","entry_id":340676,"field1":"2.875","field2":"-1.375"},{"created_at":"2025-02-16T20:03:01-08:00","entry_id":340677,"field1":"2.875","field2":"-1.375"},{"created_at":"2025-02-16T20:12:39-08:00","entry_id":340678,"field1":"2.875","field2":"-1.375"},{"created_at":"2025-02-16T20:22:14-08:00","entry_id":340679,"field1":"2.875","field2":"-1.375"},{"created_at":"2025-02-16T20:31:52-08:00","entry_id":340680,"field1":"2.875","field2":"-1.4375"},{"created_at":"2025-02-16T20:41:29-08:00","entry_id":340681,"field1":"2.875","field2":"-1.4375"},{"created_at":"2025-02-16T20:51:07-08:00","entry_id":340682,"field1":"2.9375","field2":"-1.4375"},{"created_at":"2025-02-16T21:00:44-08:00","entry_id":340683,"field1":"2.9375","field2":"-1.4375"},{"created_at":"2025-02-16T21:10:21-08:00","entry_id":340684,"field1":"2.9375","field2":"-1.4375"},{"created_at":"2025-02-16T21:19:58-08:00","entry_id":340685,"field1":"2.9375","field2":"-1.4375"},{"created_at":"2025-02-16T21:29:35-08:00","entry_id":340686,"field1":"2.9375","field2":"-1.5"},{"created_at":"2025-02-16T21:39:12-08:00","entry_id":340687,"field1":"2.9375","field2":"-1.5625"},{"created_at":"2025-02-16T21:48:49-08:00","entry_id":340688,"field1":"3","field2":"-1.5625"},{"created_at":"2025-02-16T21:58:26-08:00","entry_id":340689,"field1":"3","field2":"-1.5625"},{"created_at":"2025-02-16T22:08:04-08:00","entry_id":340690,"field1":"3","field2":"-1.5625"},{"created_at":"2025-02-16T22:17:41-08:00","entry_id":340691,"field1":"3","field2":"-1.5625"},{"created_at":"2025-02-16T22:27:18-08:00","entry_id":340692,"field1":"3","field2":"-1.625"},{"created_at":"2025-02-16T22:36:55-08:00","entry_id":340693,"field1":"3","field2":"-1.625"},{"created_at":"2025-02-16T22:46:33-08:00","entry_id":340694,"field1":"3","field2":"-1.6875"},{"created_at":"2025-02-16T22:56:12-08:00","entry_id":340695,"field1":"3","field2":"-1.6875"},{"created_at":"2025-02-16T23:05:49-08:00","entry_id":340696,"field1":"3","field2":"-1.75"},{"created_at":"2025-02-16T23:15:25-08:00","entry_id":340697,"field1":"3.0625","field2":"-1.75"},{"created_at":"2025-02-16T23:25:01-08:00","entry_id":340698,"field1":"3.0625","field2":"-1.75"},{"created_at":"2025-02-16T23:34:39-08:00","entry_id":340699,"field1":"3.0625","field2":"-1.75"},{"created_at":"2025-02-16T23:44:16-08:00","entry_id":340700,"field1":"3.0625","field2":"-1.75"},{"created_at":"2025-02-16T23:53:53-08:00","entry_id":340701,"field1":"3.0625","field2":"-1.75"}]}