{"channel":{"id":581842,"name":"Upstairs Small Window Indoor / Outdoor Sensor","latitude":"0.0","longitude":"0.0","field1":"Indoor Temperature","field2":"Outdoor Temperature","created_at":"2018-09-23T15:37:52-07:00","updated_at":"2020-07-27T05:59:41-07:00","last_entry_id":391489},"feeds":[{"created_at":"2026-01-25T00:07:21-08:00","entry_id":391208,"field1":"-3.6875","field2":"-8.125"},{"created_at":"2026-01-25T00:16:56-08:00","entry_id":391209,"field1":"-3.6875","field2":"-8"},{"created_at":"2026-01-25T00:26:32-08:00","entry_id":391210,"field1":"-3.75","field2":"-8"},{"created_at":"2026-01-25T00:36:08-08:00","entry_id":391211,"field1":"-3.75","field2":"-8"},{"created_at":"2026-01-25T00:45:46-08:00","entry_id":391212,"field1":"-3.75","field2":"-8.1875"},{"created_at":"2026-01-25T00:55:22-08:00","entry_id":391213,"field1":"-3.8125","field2":"-7.875"},{"created_at":"2026-01-25T01:04:58-08:00","entry_id":391214,"field1":"-3.8125","field2":"-8.1875"},{"created_at":"2026-01-25T01:14:33-08:00","entry_id":391215,"field1":"-3.875","field2":"-8.1875"},{"created_at":"2026-01-25T01:24:10-08:00","entry_id":391216,"field1":"-3.875","field2":"-7.8125"},{"created_at":"2026-01-25T01:33:45-08:00","entry_id":391217,"field1":"-3.875","field2":"-8"},{"created_at":"2026-01-25T01:43:21-08:00","entry_id":391218,"field1":"-3.9375","field2":"-8.1875"},{"created_at":"2026-01-25T01:52:58-08:00","entry_id":391219,"field1":"-3.9375","field2":"-7.875"},{"created_at":"2026-01-25T02:02:35-08:00","entry_id":391220,"field1":"-3.9375","field2":"-8"},{"created_at":"2026-01-25T02:12:11-08:00","entry_id":391221,"field1":"-4","field2":"-8"},{"created_at":"2026-01-25T02:21:47-08:00","entry_id":391222,"field1":"-4","field2":"-7.625"},{"created_at":"2026-01-25T02:31:22-08:00","entry_id":391223,"field1":"-4","field2":"-7.8125"},{"created_at":"2026-01-25T02:40:59-08:00","entry_id":391224,"field1":"-4","field2":"-7.875"},{"created_at":"2026-01-25T02:50:36-08:00","entry_id":391225,"field1":"-4.0625","field2":"-7.9375"},{"created_at":"2026-01-25T03:00:13-08:00","entry_id":391226,"field1":"-4.0625","field2":"-8"},{"created_at":"2026-01-25T03:09:50-08:00","entry_id":391227,"field1":"-4.0625","field2":"-7.75"},{"created_at":"2026-01-25T03:19:25-08:00","entry_id":391228,"field1":"-4.125","field2":"-7.625"},{"created_at":"2026-01-25T03:29:01-08:00","entry_id":391229,"field1":"-4.125","field2":"-7.5625"},{"created_at":"2026-01-25T03:38:37-08:00","entry_id":391230,"field1":"-4.125","field2":"-7.625"},{"created_at":"2026-01-25T03:48:14-08:00","entry_id":391231,"field1":"-4.125","field2":"-7.8125"},{"created_at":"2026-01-25T03:57:51-08:00","entry_id":391232,"field1":"-4.125","field2":"-7.9375"},{"created_at":"2026-01-25T04:07:26-08:00","entry_id":391233,"field1":"-4.1875","field2":"-8.0625"},{"created_at":"2026-01-25T04:17:02-08:00","entry_id":391234,"field1":"-4.1875","field2":"-8.1875"},{"created_at":"2026-01-25T04:26:40-08:00","entry_id":391235,"field1":"-4.1875","field2":"-8.125"},{"created_at":"2026-01-25T04:36:15-08:00","entry_id":391236,"field1":"-4.25","field2":"-8"},{"created_at":"2026-01-25T04:45:53-08:00","entry_id":391237,"field1":"-4.25","field2":"-7.9375"},{"created_at":"2026-01-25T04:55:28-08:00","entry_id":391238,"field1":"-4.25","field2":"-8"},{"created_at":"2026-01-25T05:05:06-08:00","entry_id":391239,"field1":"-4.25","field2":"-7.9375"},{"created_at":"2026-01-25T05:14:42-08:00","entry_id":391240,"field1":"-4.3125","field2":"-8.0625"},{"created_at":"2026-01-25T05:24:19-08:00","entry_id":391241,"field1":"-4.3125","field2":"-8.125"},{"created_at":"2026-01-25T05:33:54-08:00","entry_id":391242,"field1":"-4.3125","field2":"-7.8125"},{"created_at":"2026-01-25T05:43:30-08:00","entry_id":391243,"field1":"-4.3125","field2":"-8"},{"created_at":"2026-01-25T05:53:08-08:00","entry_id":391244,"field1":"-4.375","field2":"-7.9375"},{"created_at":"2026-01-25T06:02:45-08:00","entry_id":391245,"field1":"-4.375","field2":"-8.125"},{"created_at":"2026-01-25T06:12:19-08:00","entry_id":391246,"field1":"-4.375","field2":"-8.25"},{"created_at":"2026-01-25T06:21:55-08:00","entry_id":391247,"field1":"-4.375","field2":"-8.4375"},{"created_at":"2026-01-25T06:31:33-08:00","entry_id":391248,"field1":"-4.4375","field2":"-8.25"},{"created_at":"2026-01-25T06:41:08-08:00","entry_id":391249,"field1":"-4.4375","field2":"-8"},{"created_at":"2026-01-25T06:50:43-08:00","entry_id":391250,"field1":"-4.4375","field2":"-8.0625"},{"created_at":"2026-01-25T07:00:21-08:00","entry_id":391251,"field1":"-4.4375","field2":"-8.1875"},{"created_at":"2026-01-25T07:09:58-08:00","entry_id":391252,"field1":"-4.5","field2":"-8.125"},{"created_at":"2026-01-25T07:19:33-08:00","entry_id":391253,"field1":"-4.5","field2":"-7.875"},{"created_at":"2026-01-25T07:29:09-08:00","entry_id":391254,"field1":"-4.5","field2":"-7.875"},{"created_at":"2026-01-25T07:38:47-08:00","entry_id":391255,"field1":"-4.5","field2":"-8"},{"created_at":"2026-01-25T07:48:24-08:00","entry_id":391256,"field1":"-4.5","field2":"-7.9375"},{"created_at":"2026-01-25T07:57:59-08:00","entry_id":391257,"field1":"-4.5625","field2":"-8.25"},{"created_at":"2026-01-25T08:07:35-08:00","entry_id":391258,"field1":"-4.5625","field2":"-8.25"},{"created_at":"2026-01-25T08:17:11-08:00","entry_id":391259,"field1":"-4.5625","field2":"-7.75"},{"created_at":"2026-01-25T08:26:49-08:00","entry_id":391260,"field1":"-4.5625","field2":"-7.5625"},{"created_at":"2026-01-25T08:36:24-08:00","entry_id":391261,"field1":"-4.625","field2":"-7.5625"},{"created_at":"2026-01-25T08:46:02-08:00","entry_id":391262,"field1":"-4.625","field2":"-7.6875"},{"created_at":"2026-01-25T08:55:37-08:00","entry_id":391263,"field1":"-4.625","field2":"-7.8125"},{"created_at":"2026-01-25T09:05:13-08:00","entry_id":391264,"field1":"-4.625","field2":"-7.9375"},{"created_at":"2026-01-25T09:14:51-08:00","entry_id":391265,"field1":"-4.625","field2":"-7.6875"},{"created_at":"2026-01-25T09:24:25-08:00","entry_id":391266,"field1":"-4.625","field2":"-7.75"},{"created_at":"2026-01-25T09:34:02-08:00","entry_id":391267,"field1":"-4.6875","field2":"-7.625"},{"created_at":"2026-01-25T09:43:37-08:00","entry_id":391268,"field1":"-4.6875","field2":"-7.5"},{"created_at":"2026-01-25T09:53:14-08:00","entry_id":391269,"field1":"-4.6875","field2":"-7.3125"},{"created_at":"2026-01-25T10:02:51-08:00","entry_id":391270,"field1":"-4.6875","field2":"-7.125"},{"created_at":"2026-01-25T10:12:26-08:00","entry_id":391271,"field1":"-4.6875","field2":"-7"},{"created_at":"2026-01-25T10:22:04-08:00","entry_id":391272,"field1":"-4.6875","field2":"-6.875"},{"created_at":"2026-01-25T10:31:38-08:00","entry_id":391273,"field1":"-4.6875","field2":"-6.8125"},{"created_at":"2026-01-25T10:41:15-08:00","entry_id":391274,"field1":"-4.6875","field2":"-6.625"},{"created_at":"2026-01-25T10:50:51-08:00","entry_id":391275,"field1":"-4.625","field2":"-6.375"},{"created_at":"2026-01-25T11:00:27-08:00","entry_id":391276,"field1":"-4.625","field2":"-6.0625"},{"created_at":"2026-01-25T11:10:05-08:00","entry_id":391277,"field1":"-4.625","field2":"-6.25"},{"created_at":"2026-01-25T11:19:41-08:00","entry_id":391278,"field1":"-4.5625","field2":"-5.9375"},{"created_at":"2026-01-25T11:29:18-08:00","entry_id":391279,"field1":"-4.5625","field2":"-5.6875"},{"created_at":"2026-01-25T11:38:54-08:00","entry_id":391280,"field1":"-4.5625","field2":"-5.375"},{"created_at":"2026-01-25T11:48:32-08:00","entry_id":391281,"field1":"-4.5625","field2":"-5.3125"},{"created_at":"2026-01-25T11:58:10-08:00","entry_id":391282,"field1":"-4.5","field2":"-5.25"},{"created_at":"2026-01-25T12:07:46-08:00","entry_id":391283,"field1":"-4.5","field2":"-5.1875"},{"created_at":"2026-01-25T12:17:21-08:00","entry_id":391284,"field1":"-4.5","field2":"-4.9375"},{"created_at":"2026-01-25T12:26:57-08:00","entry_id":391285,"field1":"-4.5","field2":"-4.75"},{"created_at":"2026-01-25T12:36:34-08:00","entry_id":391286,"field1":"-4.5","field2":"-4.5625"},{"created_at":"2026-01-25T12:46:11-08:00","entry_id":391287,"field1":"-4.5","field2":"-3.8125"},{"created_at":"2026-01-25T12:55:47-08:00","entry_id":391288,"field1":"-4.5","field2":"-4.4375"},{"created_at":"2026-01-25T13:05:22-08:00","entry_id":391289,"field1":"-4.5","field2":"-4.625"},{"created_at":"2026-01-25T13:15:00-08:00","entry_id":391290,"field1":"-4.4375","field2":"0.5625"},{"created_at":"2026-01-25T13:24:37-08:00","entry_id":391291,"field1":"-4.4375","field2":"-3.75"},{"created_at":"2026-01-25T13:34:12-08:00","entry_id":391292,"field1":"-4.4375","field2":"-4.25"},{"created_at":"2026-01-25T13:43:50-08:00","entry_id":391293,"field1":"-4.4375","field2":"-4.125"},{"created_at":"2026-01-25T13:53:25-08:00","entry_id":391294,"field1":"-4.4375","field2":"-4.125"},{"created_at":"2026-01-25T14:03:01-08:00","entry_id":391295,"field1":"-4.375","field2":"-3.9375"},{"created_at":"2026-01-25T14:12:37-08:00","entry_id":391296,"field1":"-4.375","field2":"-4.125"},{"created_at":"2026-01-25T14:22:15-08:00","entry_id":391297,"field1":"-4.375","field2":"-4.1875"},{"created_at":"2026-01-25T14:31:51-08:00","entry_id":391298,"field1":"-4.375","field2":"-4.3125"},{"created_at":"2026-01-25T14:41:28-08:00","entry_id":391299,"field1":"-4.375","field2":"-4.5"},{"created_at":"2026-01-25T14:51:04-08:00","entry_id":391300,"field1":"-4.375","field2":"-4.625"},{"created_at":"2026-01-25T15:00:40-08:00","entry_id":391301,"field1":"-4.375","field2":"-4.8125"},{"created_at":"2026-01-25T15:10:19-08:00","entry_id":391302,"field1":"-4.375","field2":"-4.9375"},{"created_at":"2026-01-25T15:19:55-08:00","entry_id":391303,"field1":"-4.375","field2":"-5"},{"created_at":"2026-01-25T15:29:31-08:00","entry_id":391304,"field1":"-4.375","field2":"-5.125"},{"created_at":"2026-01-25T15:39:08-08:00","entry_id":391305,"field1":"-4.375","field2":"-5.1875"},{"created_at":"2026-01-25T15:48:44-08:00","entry_id":391306,"field1":"-4.375","field2":"-5.3125"},{"created_at":"2026-01-25T15:58:21-08:00","entry_id":391307,"field1":"-4.375","field2":"-5.3125"},{"created_at":"2026-01-25T16:07:57-08:00","entry_id":391308,"field1":"-4.375","field2":"-5.375"},{"created_at":"2026-01-25T16:17:33-08:00","entry_id":391309,"field1":"-4.375","field2":"-5.4375"},{"created_at":"2026-01-25T16:27:11-08:00","entry_id":391310,"field1":"-4.375","field2":"-5.5625"},{"created_at":"2026-01-25T16:36:46-08:00","entry_id":391311,"field1":"-4.375","field2":"-5.625"},{"created_at":"2026-01-25T16:46:22-08:00","entry_id":391312,"field1":"-4.375","field2":"-5.75"},{"created_at":"2026-01-25T16:55:58-08:00","entry_id":391313,"field1":"-4.375","field2":"-5.8125"},{"created_at":"2026-01-25T17:05:35-08:00","entry_id":391314,"field1":"-4.375","field2":"-5.9375"},{"created_at":"2026-01-25T17:15:11-08:00","entry_id":391315,"field1":"-4.375","field2":"-5.9375"},{"created_at":"2026-01-25T17:24:47-08:00","entry_id":391316,"field1":"-4.4375","field2":"-6.0625"},{"created_at":"2026-01-25T17:34:23-08:00","entry_id":391317,"field1":"-4.4375","field2":"-6.1875"},{"created_at":"2026-01-25T17:44:00-08:00","entry_id":391318,"field1":"-4.4375","field2":"-6.3125"},{"created_at":"2026-01-25T17:53:36-08:00","entry_id":391319,"field1":"-4.4375","field2":"-6.4375"},{"created_at":"2026-01-25T18:03:11-08:00","entry_id":391320,"field1":"-4.4375","field2":"-6.5"},{"created_at":"2026-01-25T18:12:48-08:00","entry_id":391321,"field1":"-4.4375","field2":"-6.5"},{"created_at":"2026-01-25T18:22:23-08:00","entry_id":391322,"field1":"-4.4375","field2":"-6.625"},{"created_at":"2026-01-25T18:32:01-08:00","entry_id":391323,"field1":"-4.5","field2":"-6.5"},{"created_at":"2026-01-25T18:41:37-08:00","entry_id":391324,"field1":"-4.5","field2":"-6.5625"},{"created_at":"2026-01-25T18:51:12-08:00","entry_id":391325,"field1":"-4.5","field2":"-6.9375"},{"created_at":"2026-01-25T19:00:50-08:00","entry_id":391326,"field1":"-4.5","field2":"-6.8125"},{"created_at":"2026-01-25T19:10:25-08:00","entry_id":391327,"field1":"-4.5","field2":"-6.6875"},{"created_at":"2026-01-25T19:20:01-08:00","entry_id":391328,"field1":"-4.5625","field2":"-6.6875"},{"created_at":"2026-01-25T19:29:37-08:00","entry_id":391329,"field1":"-4.5625","field2":"-6.5"},{"created_at":"2026-01-25T19:39:14-08:00","entry_id":391330,"field1":"-4.5625","field2":"-6.625"},{"created_at":"2026-01-25T19:48:49-08:00","entry_id":391331,"field1":"-4.5625","field2":"-6.8125"},{"created_at":"2026-01-25T19:58:25-08:00","entry_id":391332,"field1":"-4.625","field2":"-6.75"},{"created_at":"2026-01-25T20:08:02-08:00","entry_id":391333,"field1":"-4.625","field2":"-6.5625"},{"created_at":"2026-01-25T20:17:38-08:00","entry_id":391334,"field1":"-4.625","field2":"-6.4375"},{"created_at":"2026-01-25T20:27:15-08:00","entry_id":391335,"field1":"-4.625","field2":"-6.5"},{"created_at":"2026-01-25T20:36:50-08:00","entry_id":391336,"field1":"-4.625","field2":"-6.5625"},{"created_at":"2026-01-25T20:46:26-08:00","entry_id":391337,"field1":"-4.625","field2":"-6.75"},{"created_at":"2026-01-25T20:56:04-08:00","entry_id":391338,"field1":"-4.6875","field2":"-6.9375"},{"created_at":"2026-01-25T21:05:40-08:00","entry_id":391339,"field1":"-4.6875","field2":"-6.8125"},{"created_at":"2026-01-25T21:15:17-08:00","entry_id":391340,"field1":"-4.6875","field2":"-7.0625"},{"created_at":"2026-01-25T21:24:53-08:00","entry_id":391341,"field1":"-4.6875","field2":"-6.9375"},{"created_at":"2026-01-25T21:34:29-08:00","entry_id":391342,"field1":"-4.75","field2":"-7"},{"created_at":"2026-01-25T21:44:05-08:00","entry_id":391343,"field1":"-4.75","field2":"-7"},{"created_at":"2026-01-25T21:53:43-08:00","entry_id":391344,"field1":"-4.75","field2":"-6.9375"},{"created_at":"2026-01-25T22:03:19-08:00","entry_id":391345,"field1":"-4.75","field2":"-7.125"},{"created_at":"2026-01-25T22:12:55-08:00","entry_id":391346,"field1":"-4.8125","field2":"-7.125"},{"created_at":"2026-01-25T22:22:32-08:00","entry_id":391347,"field1":"-4.8125","field2":"-7"},{"created_at":"2026-01-25T22:32:09-08:00","entry_id":391348,"field1":"-4.8125","field2":"-6.9375"},{"created_at":"2026-01-25T22:41:45-08:00","entry_id":391349,"field1":"-4.8125","field2":"-6.875"},{"created_at":"2026-01-25T22:51:23-08:00","entry_id":391350,"field1":"-4.8125","field2":"-6.8125"},{"created_at":"2026-01-25T23:00:59-08:00","entry_id":391351,"field1":"-4.8125","field2":"-6.8125"},{"created_at":"2026-01-25T23:10:35-08:00","entry_id":391352,"field1":"-4.8125","field2":"-6.875"},{"created_at":"2026-01-25T23:20:12-08:00","entry_id":391353,"field1":"-4.875","field2":"-6.625"},{"created_at":"2026-01-25T23:29:49-08:00","entry_id":391354,"field1":"-4.875","field2":"-6.5625"},{"created_at":"2026-01-25T23:39:26-08:00","entry_id":391355,"field1":"-4.875","field2":"-6.6875"},{"created_at":"2026-01-25T23:49:01-08:00","entry_id":391356,"field1":"-4.875","field2":"-6.875"},{"created_at":"2026-01-25T23:58:37-08:00","entry_id":391357,"field1":"-4.875","field2":"-6.9375"}]}