{"channel":{"id":581842,"name":"Upstairs Small Window Indoor / Outdoor Sensor","latitude":"0.0","longitude":"0.0","field1":"Indoor Temperature","field2":"Outdoor Temperature","created_at":"2018-09-23T15:37:52-07:00","updated_at":"2020-07-27T05:59:41-07:00","last_entry_id":221681},"feeds":[{"created_at":"2022-12-08T00:06:13-08:00","entry_id":221400,"field1":"7.0625","field2":"-3.0625"},{"created_at":"2022-12-08T00:15:50-08:00","entry_id":221401,"field1":"7.3125","field2":"-3.125"},{"created_at":"2022-12-08T00:25:26-08:00","entry_id":221402,"field1":"7.5","field2":"-3.125"},{"created_at":"2022-12-08T00:35:02-08:00","entry_id":221403,"field1":"7.6875","field2":"-3.125"},{"created_at":"2022-12-08T00:44:41-08:00","entry_id":221404,"field1":"7.8125","field2":"-3.25"},{"created_at":"2022-12-08T00:54:16-08:00","entry_id":221405,"field1":"7.125","field2":"-3.1875"},{"created_at":"2022-12-08T01:03:52-08:00","entry_id":221406,"field1":"6.625","field2":"-3.25"},{"created_at":"2022-12-08T01:13:30-08:00","entry_id":221407,"field1":"6.25","field2":"-3.25"},{"created_at":"2022-12-08T01:23:05-08:00","entry_id":221408,"field1":"6","field2":"-3.25"},{"created_at":"2022-12-08T01:32:41-08:00","entry_id":221409,"field1":"5.75","field2":"-3.3125"},{"created_at":"2022-12-08T01:42:17-08:00","entry_id":221410,"field1":"5.9375","field2":"-3.375"},{"created_at":"2022-12-08T01:51:56-08:00","entry_id":221411,"field1":"6.5625","field2":"-3.375"},{"created_at":"2022-12-08T02:01:32-08:00","entry_id":221412,"field1":"6.9375","field2":"-3.375"},{"created_at":"2022-12-08T02:11:11-08:00","entry_id":221413,"field1":"7.1875","field2":"-3.375"},{"created_at":"2022-12-08T02:20:47-08:00","entry_id":221414,"field1":"7.375","field2":"-3.4375"},{"created_at":"2022-12-08T02:30:24-08:00","entry_id":221415,"field1":"7.5625","field2":"-3.4375"},{"created_at":"2022-12-08T02:40:00-08:00","entry_id":221416,"field1":"7.75","field2":"-3.4375"},{"created_at":"2022-12-08T02:49:37-08:00","entry_id":221417,"field1":"7.375","field2":"-3.4375"},{"created_at":"2022-12-08T02:59:13-08:00","entry_id":221418,"field1":"6.8125","field2":"-3.4375"},{"created_at":"2022-12-08T03:08:49-08:00","entry_id":221419,"field1":"6.4375","field2":"-3.4375"},{"created_at":"2022-12-08T03:18:25-08:00","entry_id":221420,"field1":"6.125","field2":"-3.5625"},{"created_at":"2022-12-08T03:28:01-08:00","entry_id":221421,"field1":"5.8125","field2":"-3.4375"},{"created_at":"2022-12-08T03:37:38-08:00","entry_id":221422,"field1":"5.75","field2":"-3.5625"},{"created_at":"2022-12-08T03:47:16-08:00","entry_id":221423,"field1":"6.375","field2":"-3.5625"},{"created_at":"2022-12-08T03:56:54-08:00","entry_id":221424,"field1":"6.8125","field2":"-3.625"},{"created_at":"2022-12-08T04:06:30-08:00","entry_id":221425,"field1":"7.0625","field2":"-3.625"},{"created_at":"2022-12-08T04:16:07-08:00","entry_id":221426,"field1":"7.3125","field2":"-3.5625"},{"created_at":"2022-12-08T04:25:44-08:00","entry_id":221427,"field1":"7.5","field2":"-3.5625"},{"created_at":"2022-12-08T04:35:20-08:00","entry_id":221428,"field1":"7.6875","field2":"-3.625"},{"created_at":"2022-12-08T04:44:57-08:00","entry_id":221429,"field1":"7.8125","field2":"-3.5625"},{"created_at":"2022-12-08T04:54:34-08:00","entry_id":221430,"field1":"7.25","field2":"-3.625"},{"created_at":"2022-12-08T05:04:10-08:00","entry_id":221431,"field1":"6.6875","field2":"-3.5625"},{"created_at":"2022-12-08T05:13:46-08:00","entry_id":221432,"field1":"6.3125","field2":"-3.5625"},{"created_at":"2022-12-08T05:23:22-08:00","entry_id":221433,"field1":"6.0625","field2":"-3.625"},{"created_at":"2022-12-08T05:32:58-08:00","entry_id":221434,"field1":"5.75","field2":"-3.5625"},{"created_at":"2022-12-08T05:42:36-08:00","entry_id":221435,"field1":"5.8125","field2":"-3.625"},{"created_at":"2022-12-08T05:52:12-08:00","entry_id":221436,"field1":"6.4375","field2":"-3.625"},{"created_at":"2022-12-08T06:01:49-08:00","entry_id":221437,"field1":"6.875","field2":"-3.5625"},{"created_at":"2022-12-08T06:11:26-08:00","entry_id":221438,"field1":"7.125","field2":"-3.4375"},{"created_at":"2022-12-08T06:21:02-08:00","entry_id":221439,"field1":"7.3125","field2":"-3.4375"},{"created_at":"2022-12-08T06:30:39-08:00","entry_id":221440,"field1":"7.5","field2":"-3.4375"},{"created_at":"2022-12-08T06:40:16-08:00","entry_id":221441,"field1":"7.6875","field2":"-3.375"},{"created_at":"2022-12-08T06:49:55-08:00","entry_id":221442,"field1":"7.5625","field2":"-3.4375"},{"created_at":"2022-12-08T06:59:30-08:00","entry_id":221443,"field1":"6.9375","field2":"-3.375"},{"created_at":"2022-12-08T07:09:08-08:00","entry_id":221444,"field1":"6.5","field2":"-3.4375"},{"created_at":"2022-12-08T07:18:43-08:00","entry_id":221445,"field1":"6.125","field2":"-3.4375"},{"created_at":"2022-12-08T07:28:19-08:00","entry_id":221446,"field1":"5.875","field2":"-3.3125"},{"created_at":"2022-12-08T07:37:56-08:00","entry_id":221447,"field1":"5.6875","field2":"-3.375"},{"created_at":"2022-12-08T07:47:34-08:00","entry_id":221448,"field1":"6.1875","field2":"-3.4375"},{"created_at":"2022-12-08T07:57:11-08:00","entry_id":221449,"field1":"6.6875","field2":"-3.3125"},{"created_at":"2022-12-08T08:06:49-08:00","entry_id":221450,"field1":"7","field2":"-3.375"},{"created_at":"2022-12-08T08:16:25-08:00","entry_id":221451,"field1":"7.1875","field2":"-3.3125"},{"created_at":"2022-12-08T08:26:01-08:00","entry_id":221452,"field1":"7.375","field2":"-3.375"},{"created_at":"2022-12-08T08:35:38-08:00","entry_id":221453,"field1":"7.625","field2":"-3.25"},{"created_at":"2022-12-08T08:45:15-08:00","entry_id":221454,"field1":"7.6875","field2":"-3.25"},{"created_at":"2022-12-08T08:54:51-08:00","entry_id":221455,"field1":"7.0625","field2":"-3.25"},{"created_at":"2022-12-08T09:04:27-08:00","entry_id":221456,"field1":"6.5625","field2":"-3.125"},{"created_at":"2022-12-08T09:14:04-08:00","entry_id":221457,"field1":"6.25","field2":"-3.0625"},{"created_at":"2022-12-08T09:23:40-08:00","entry_id":221458,"field1":"5.9375","field2":"-3.0625"},{"created_at":"2022-12-08T09:33:17-08:00","entry_id":221459,"field1":"5.75","field2":"-3.0625"},{"created_at":"2022-12-08T09:42:54-08:00","entry_id":221460,"field1":"6","field2":"-3.0625"},{"created_at":"2022-12-08T09:52:32-08:00","entry_id":221461,"field1":"6.5625","field2":"-3.0625"},{"created_at":"2022-12-08T10:02:07-08:00","entry_id":221462,"field1":"6.9375","field2":"-3"},{"created_at":"2022-12-08T10:11:44-08:00","entry_id":221463,"field1":"7.1875","field2":"-3"},{"created_at":"2022-12-08T10:21:21-08:00","entry_id":221464,"field1":"7.4375","field2":"-2.9375"},{"created_at":"2022-12-08T10:31:00-08:00","entry_id":221465,"field1":"7.625","field2":"-2.9375"},{"created_at":"2022-12-08T10:40:36-08:00","entry_id":221466,"field1":"7.625","field2":"-2.875"},{"created_at":"2022-12-08T10:50:12-08:00","entry_id":221467,"field1":"7","field2":"-2.8125"},{"created_at":"2022-12-08T10:59:50-08:00","entry_id":221468,"field1":"6.5625","field2":"-2.8125"},{"created_at":"2022-12-08T11:09:25-08:00","entry_id":221469,"field1":"6.1875","field2":"-2.75"},{"created_at":"2022-12-08T11:19:03-08:00","entry_id":221470,"field1":"5.9375","field2":"-2.75"},{"created_at":"2022-12-08T11:28:38-08:00","entry_id":221471,"field1":"5.75","field2":"-2.75"},{"created_at":"2022-12-08T11:38:15-08:00","entry_id":221472,"field1":"6.0625","field2":"-2.6875"},{"created_at":"2022-12-08T11:47:51-08:00","entry_id":221473,"field1":"6.625","field2":"-2.75"},{"created_at":"2022-12-08T11:57:30-08:00","entry_id":221474,"field1":"6.9375","field2":"-2.75"},{"created_at":"2022-12-08T12:07:08-08:00","entry_id":221475,"field1":"7.25","field2":"-2.75"},{"created_at":"2022-12-08T12:16:44-08:00","entry_id":221476,"field1":"7.4375","field2":"-2.75"},{"created_at":"2022-12-08T12:26:22-08:00","entry_id":221477,"field1":"7.625","field2":"-2.875"},{"created_at":"2022-12-08T12:35:59-08:00","entry_id":221478,"field1":"7.75","field2":"-2.75"},{"created_at":"2022-12-08T12:45:37-08:00","entry_id":221479,"field1":"7.0625","field2":"-2.6875"},{"created_at":"2022-12-08T12:55:12-08:00","entry_id":221480,"field1":"6.625","field2":"-2.8125"},{"created_at":"2022-12-08T13:04:48-08:00","entry_id":221481,"field1":"6.3125","field2":"-2.75"},{"created_at":"2022-12-08T13:14:25-08:00","entry_id":221482,"field1":"6","field2":"-2.625"},{"created_at":"2022-12-08T13:24:00-08:00","entry_id":221483,"field1":"5.8125","field2":"-2.625"},{"created_at":"2022-12-08T13:33:37-08:00","entry_id":221484,"field1":"5.9375","field2":"-2.5625"},{"created_at":"2022-12-08T13:43:14-08:00","entry_id":221485,"field1":"6.5","field2":"-2.5"},{"created_at":"2022-12-08T13:52:53-08:00","entry_id":221486,"field1":"6.875","field2":"-2.5625"},{"created_at":"2022-12-08T14:02:30-08:00","entry_id":221487,"field1":"7.1875","field2":"-2.5625"},{"created_at":"2022-12-08T14:12:07-08:00","entry_id":221488,"field1":"7.4375","field2":"-2.3125"},{"created_at":"2022-12-08T14:21:45-08:00","entry_id":221489,"field1":"7.625","field2":"-2.3125"},{"created_at":"2022-12-08T14:31:21-08:00","entry_id":221490,"field1":"7.75","field2":"-2.3125"},{"created_at":"2022-12-08T14:40:58-08:00","entry_id":221491,"field1":"7.25","field2":"-2.4375"},{"created_at":"2022-12-08T14:50:35-08:00","entry_id":221492,"field1":"6.75","field2":"-2.375"},{"created_at":"2022-12-08T15:00:11-08:00","entry_id":221493,"field1":"6.375","field2":"-2.4375"},{"created_at":"2022-12-08T15:09:49-08:00","entry_id":221494,"field1":"6.125","field2":"-2.375"},{"created_at":"2022-12-08T15:19:25-08:00","entry_id":221495,"field1":"5.875","field2":"-2.375"},{"created_at":"2022-12-08T15:29:01-08:00","entry_id":221496,"field1":"5.8125","field2":"-2.375"},{"created_at":"2022-12-08T15:38:38-08:00","entry_id":221497,"field1":"6.4375","field2":"-2.375"},{"created_at":"2022-12-08T15:48:15-08:00","entry_id":221498,"field1":"6.875","field2":"-2.4375"},{"created_at":"2022-12-08T15:57:54-08:00","entry_id":221499,"field1":"7.1875","field2":"-2.5"},{"created_at":"2022-12-08T16:07:30-08:00","entry_id":221500,"field1":"7.4375","field2":"-2.5"},{"created_at":"2022-12-08T16:17:07-08:00","entry_id":221501,"field1":"7.625","field2":"-2.5625"},{"created_at":"2022-12-08T16:26:45-08:00","entry_id":221502,"field1":"7.75","field2":"-2.5625"},{"created_at":"2022-12-08T16:36:21-08:00","entry_id":221503,"field1":"7.125","field2":"-2.5625"},{"created_at":"2022-12-08T16:45:57-08:00","entry_id":221504,"field1":"6.625","field2":"-2.5625"},{"created_at":"2022-12-08T16:55:33-08:00","entry_id":221505,"field1":"6.3125","field2":"-2.5625"},{"created_at":"2022-12-08T17:05:09-08:00","entry_id":221506,"field1":"6.0625","field2":"-2.5625"},{"created_at":"2022-12-08T17:14:47-08:00","entry_id":221507,"field1":"5.8125","field2":"-2.5625"},{"created_at":"2022-12-08T17:24:22-08:00","entry_id":221508,"field1":"5.9375","field2":"-2.5625"},{"created_at":"2022-12-08T17:34:01-08:00","entry_id":221509,"field1":"6.5625","field2":"-2.5625"},{"created_at":"2022-12-08T17:43:37-08:00","entry_id":221510,"field1":"6.9375","field2":"-2.5625"},{"created_at":"2022-12-08T17:53:14-08:00","entry_id":221511,"field1":"7.25","field2":"-2.5625"},{"created_at":"2022-12-08T18:02:52-08:00","entry_id":221512,"field1":"7.5","field2":"-2.5625"},{"created_at":"2022-12-08T18:12:29-08:00","entry_id":221513,"field1":"7.6875","field2":"-2.5625"},{"created_at":"2022-12-08T18:22:05-08:00","entry_id":221514,"field1":"7.4375","field2":"-2.5625"},{"created_at":"2022-12-08T18:31:44-08:00","entry_id":221515,"field1":"6.8125","field2":"-2.5"},{"created_at":"2022-12-08T18:41:19-08:00","entry_id":221516,"field1":"6.4375","field2":"-2.5"},{"created_at":"2022-12-08T18:50:57-08:00","entry_id":221517,"field1":"6.1875","field2":"-2.5"},{"created_at":"2022-12-08T19:00:33-08:00","entry_id":221518,"field1":"5.9375","field2":"-2.5"},{"created_at":"2022-12-08T19:10:09-08:00","entry_id":221519,"field1":"5.8125","field2":"-2.4375"},{"created_at":"2022-12-08T19:19:45-08:00","entry_id":221520,"field1":"6.3125","field2":"-2.4375"},{"created_at":"2022-12-08T19:29:24-08:00","entry_id":221521,"field1":"6.8125","field2":"-2.4375"},{"created_at":"2022-12-08T19:39:00-08:00","entry_id":221522,"field1":"7.1875","field2":"-2.4375"},{"created_at":"2022-12-08T19:48:39-08:00","entry_id":221523,"field1":"7.4375","field2":"-2.4375"},{"created_at":"2022-12-08T19:58:15-08:00","entry_id":221524,"field1":"7.625","field2":"-2.4375"},{"created_at":"2022-12-08T20:07:51-08:00","entry_id":221525,"field1":"7.75","field2":"-2.375"},{"created_at":"2022-12-08T20:17:30-08:00","entry_id":221526,"field1":"7.1875","field2":"-2.4375"},{"created_at":"2022-12-08T20:27:05-08:00","entry_id":221527,"field1":"6.75","field2":"-2.4375"},{"created_at":"2022-12-08T20:36:41-08:00","entry_id":221528,"field1":"6.375","field2":"-2.4375"},{"created_at":"2022-12-08T20:46:17-08:00","entry_id":221529,"field1":"6.125","field2":"-2.4375"},{"created_at":"2022-12-08T20:55:53-08:00","entry_id":221530,"field1":"5.875","field2":"-2.4375"},{"created_at":"2022-12-08T21:05:31-08:00","entry_id":221531,"field1":"5.875","field2":"-2.375"},{"created_at":"2022-12-08T21:15:08-08:00","entry_id":221532,"field1":"6.4375","field2":"-2.375"},{"created_at":"2022-12-08T21:24:47-08:00","entry_id":221533,"field1":"6.875","field2":"-2.3125"},{"created_at":"2022-12-08T21:34:24-08:00","entry_id":221534,"field1":"7.1875","field2":"-2.3125"},{"created_at":"2022-12-08T21:44:02-08:00","entry_id":221535,"field1":"7.4375","field2":"-2.3125"},{"created_at":"2022-12-08T21:53:38-08:00","entry_id":221536,"field1":"7.6875","field2":"-2.3125"},{"created_at":"2022-12-08T22:03:14-08:00","entry_id":221537,"field1":"7.5625","field2":"-2.3125"},{"created_at":"2022-12-08T22:12:52-08:00","entry_id":221538,"field1":"6.9375","field2":"-2.3125"},{"created_at":"2022-12-08T22:22:27-08:00","entry_id":221539,"field1":"6.5","field2":"-2.25"},{"created_at":"2022-12-08T22:32:03-08:00","entry_id":221540,"field1":"6.25","field2":"-2.25"},{"created_at":"2022-12-08T22:41:41-08:00","entry_id":221541,"field1":"6","field2":"-2.25"},{"created_at":"2022-12-08T22:51:17-08:00","entry_id":221542,"field1":"5.8125","field2":"-2.1875"},{"created_at":"2022-12-08T23:00:54-08:00","entry_id":221543,"field1":"6.1875","field2":"-2.125"},{"created_at":"2022-12-08T23:10:30-08:00","entry_id":221544,"field1":"6.75","field2":"-2.1875"},{"created_at":"2022-12-08T23:20:07-08:00","entry_id":221545,"field1":"7.125","field2":"-2.25"},{"created_at":"2022-12-08T23:29:46-08:00","entry_id":221546,"field1":"7.4375","field2":"-2.25"},{"created_at":"2022-12-08T23:39:22-08:00","entry_id":221547,"field1":"7.625","field2":"-2.25"},{"created_at":"2022-12-08T23:49:00-08:00","entry_id":221548,"field1":"7.8125","field2":"-2.25"},{"created_at":"2022-12-08T23:58:36-08:00","entry_id":221549,"field1":"7.3125","field2":"-2.25"}]}