{"channel":{"id":581842,"name":"Upstairs Small Window Indoor / Outdoor Sensor","latitude":"0.0","longitude":"0.0","field1":"Indoor Temperature","field2":"Outdoor Temperature","created_at":"2018-09-23T15:37:52-07:00","updated_at":"2020-07-27T05:59:41-07:00","last_entry_id":150128},"feeds":[{"created_at":"2019-01-20T00:06:28-08:00","entry_id":16123,"field1":"0.875","field2":"-0.0625"},{"created_at":"2019-01-20T00:16:05-08:00","entry_id":16124,"field1":"0.875","field2":"0"},{"created_at":"2019-01-20T00:25:43-08:00","entry_id":16125,"field1":"0.875","field2":"0"},{"created_at":"2019-01-20T00:35:19-08:00","entry_id":16126,"field1":"0.875","field2":"0"},{"created_at":"2019-01-20T00:44:56-08:00","entry_id":16127,"field1":"0.875","field2":"0"},{"created_at":"2019-01-20T00:54:33-08:00","entry_id":16128,"field1":"0.8125","field2":"0"},{"created_at":"2019-01-20T01:04:09-08:00","entry_id":16129,"field1":"0.8125","field2":"-0.0625"},{"created_at":"2019-01-20T01:13:46-08:00","entry_id":16130,"field1":"0.8125","field2":"0"},{"created_at":"2019-01-20T01:23:23-08:00","entry_id":16131,"field1":"0.8125","field2":"0"},{"created_at":"2019-01-20T01:33:00-08:00","entry_id":16132,"field1":"0.8125","field2":"0"},{"created_at":"2019-01-20T01:42:37-08:00","entry_id":16133,"field1":"0.8125","field2":"0"},{"created_at":"2019-01-20T01:52:14-08:00","entry_id":16134,"field1":"0.8125","field2":"0"},{"created_at":"2019-01-20T02:01:50-08:00","entry_id":16135,"field1":"0.8125","field2":"0"},{"created_at":"2019-01-20T02:11:26-08:00","entry_id":16136,"field1":"0.8125","field2":"0"},{"created_at":"2019-01-20T02:21:03-08:00","entry_id":16137,"field1":"0.8125","field2":"0"},{"created_at":"2019-01-20T02:30:40-08:00","entry_id":16138,"field1":"0.8125","field2":"0"},{"created_at":"2019-01-20T02:40:17-08:00","entry_id":16139,"field1":"0.8125","field2":"0.0625"},{"created_at":"2019-01-20T02:49:53-08:00","entry_id":16140,"field1":"0.8125","field2":"0"},{"created_at":"2019-01-20T02:59:30-08:00","entry_id":16141,"field1":"0.8125","field2":"0"},{"created_at":"2019-01-20T03:09:07-08:00","entry_id":16142,"field1":"0.8125","field2":"0"},{"created_at":"2019-01-20T03:18:44-08:00","entry_id":16143,"field1":"0.8125","field2":"0"},{"created_at":"2019-01-20T03:28:21-08:00","entry_id":16144,"field1":"0.8125","field2":"0"},{"created_at":"2019-01-20T03:37:58-08:00","entry_id":16145,"field1":"0.8125","field2":"0.25"},{"created_at":"2019-01-20T03:47:34-08:00","entry_id":16146,"field1":"0.8125","field2":"0.0625"},{"created_at":"2019-01-20T03:57:11-08:00","entry_id":16147,"field1":"0.8125","field2":"0.0625"},{"created_at":"2019-01-20T04:06:48-08:00","entry_id":16148,"field1":"0.8125","field2":"0.0625"},{"created_at":"2019-01-20T04:16:25-08:00","entry_id":16149,"field1":"0.8125","field2":"0"},{"created_at":"2019-01-20T04:26:01-08:00","entry_id":16150,"field1":"0.8125","field2":"0"},{"created_at":"2019-01-20T04:35:38-08:00","entry_id":16151,"field1":"0.8125","field2":"0"},{"created_at":"2019-01-20T04:45:15-08:00","entry_id":16152,"field1":"0.75","field2":"-0.0625"},{"created_at":"2019-01-20T04:54:52-08:00","entry_id":16153,"field1":"0.75","field2":"-0.0625"},{"created_at":"2019-01-20T05:04:29-08:00","entry_id":16154,"field1":"0.75","field2":"-0.0625"},{"created_at":"2019-01-20T05:14:05-08:00","entry_id":16155,"field1":"0.75","field2":"-0.0625"},{"created_at":"2019-01-20T05:23:42-08:00","entry_id":16156,"field1":"0.75","field2":"-0.125"},{"created_at":"2019-01-20T05:33:18-08:00","entry_id":16157,"field1":"0.75","field2":"-0.125"},{"created_at":"2019-01-20T05:42:55-08:00","entry_id":16158,"field1":"0.75","field2":"-0.125"},{"created_at":"2019-01-20T05:52:32-08:00","entry_id":16159,"field1":"0.75","field2":"-0.125"},{"created_at":"2019-01-20T06:02:09-08:00","entry_id":16160,"field1":"0.75","field2":"-0.125"},{"created_at":"2019-01-20T06:11:45-08:00","entry_id":16161,"field1":"0.75","field2":"-0.125"},{"created_at":"2019-01-20T06:21:22-08:00","entry_id":16162,"field1":"0.75","field2":"-0.125"},{"created_at":"2019-01-20T06:30:59-08:00","entry_id":16163,"field1":"0.75","field2":"-0.1875"},{"created_at":"2019-01-20T06:40:36-08:00","entry_id":16164,"field1":"0.75","field2":"-0.1875"},{"created_at":"2019-01-20T06:50:13-08:00","entry_id":16165,"field1":"0.75","field2":"-0.25"},{"created_at":"2019-01-20T06:59:49-08:00","entry_id":16166,"field1":"0.75","field2":"-0.25"},{"created_at":"2019-01-20T07:09:27-08:00","entry_id":16167,"field1":"0.75","field2":"-0.3125"},{"created_at":"2019-01-20T07:19:03-08:00","entry_id":16168,"field1":"0.75","field2":"-0.3125"},{"created_at":"2019-01-20T07:28:41-08:00","entry_id":16169,"field1":"0.6875","field2":"-0.375"},{"created_at":"2019-01-20T07:38:17-08:00","entry_id":16170,"field1":"0.6875","field2":"-0.375"},{"created_at":"2019-01-20T07:47:55-08:00","entry_id":16171,"field1":"0.75","field2":"-0.375"},{"created_at":"2019-01-20T07:57:31-08:00","entry_id":16172,"field1":"0.6875","field2":"-0.375"},{"created_at":"2019-01-20T08:07:08-08:00","entry_id":16173,"field1":"0.6875","field2":"-0.5625"},{"created_at":"2019-01-20T08:16:48-08:00","entry_id":16174,"field1":"0.6875","field2":"-0.4375"},{"created_at":"2019-01-20T08:26:24-08:00","entry_id":16175,"field1":"0.6875","field2":"-0.5625"},{"created_at":"2019-01-20T08:36:05-08:00","entry_id":16176,"field1":"0.6875","field2":"-0.375"},{"created_at":"2019-01-20T08:45:40-08:00","entry_id":16177,"field1":"0.6875","field2":"-0.375"},{"created_at":"2019-01-20T08:55:17-08:00","entry_id":16178,"field1":"0.6875","field2":"-0.25"},{"created_at":"2019-01-20T09:04:54-08:00","entry_id":16179,"field1":"0.6875","field2":"-0.1875"},{"created_at":"2019-01-20T09:14:31-08:00","entry_id":16180,"field1":"0.6875","field2":"-0.125"},{"created_at":"2019-01-20T09:24:08-08:00","entry_id":16181,"field1":"0.75","field2":"0.0625"},{"created_at":"2019-01-20T09:33:46-08:00","entry_id":16182,"field1":"0.75","field2":"0.125"},{"created_at":"2019-01-20T09:43:22-08:00","entry_id":16183,"field1":"0.75","field2":"-0.0625"},{"created_at":"2019-01-20T09:53:00-08:00","entry_id":16184,"field1":"0.75","field2":"0.125"},{"created_at":"2019-01-20T10:02:36-08:00","entry_id":16185,"field1":"0.75","field2":"0.25"},{"created_at":"2019-01-20T10:12:13-08:00","entry_id":16186,"field1":"0.75","field2":"0.3125"},{"created_at":"2019-01-20T10:21:49-08:00","entry_id":16187,"field1":"0.75","field2":"0.1875"},{"created_at":"2019-01-20T10:31:28-08:00","entry_id":16188,"field1":"0.8125","field2":"0.1875"},{"created_at":"2019-01-20T10:41:04-08:00","entry_id":16189,"field1":"0.8125","field2":"0.1875"},{"created_at":"2019-01-20T10:50:40-08:00","entry_id":16190,"field1":"0.8125","field2":"0.1875"},{"created_at":"2019-01-20T11:00:18-08:00","entry_id":16191,"field1":"0.8125","field2":"0"},{"created_at":"2019-01-20T11:09:55-08:00","entry_id":16192,"field1":"0.8125","field2":"0.125"},{"created_at":"2019-01-20T11:19:31-08:00","entry_id":16193,"field1":"0.8125","field2":"0.125"},{"created_at":"2019-01-20T11:29:10-08:00","entry_id":16194,"field1":"0.8125","field2":"0.125"},{"created_at":"2019-01-20T11:38:46-08:00","entry_id":16195,"field1":"0.875","field2":"0.125"},{"created_at":"2019-01-20T11:48:23-08:00","entry_id":16196,"field1":"0.875","field2":"0.1875"},{"created_at":"2019-01-20T11:58:00-08:00","entry_id":16197,"field1":"0.875","field2":"0.1875"},{"created_at":"2019-01-20T12:07:36-08:00","entry_id":16198,"field1":"0.875","field2":"0.0625"},{"created_at":"2019-01-20T12:17:13-08:00","entry_id":16199,"field1":"0.875","field2":"0.1875"},{"created_at":"2019-01-20T12:26:49-08:00","entry_id":16200,"field1":"0.875","field2":"0.1875"},{"created_at":"2019-01-20T12:36:27-08:00","entry_id":16201,"field1":"0.875","field2":"0.375"},{"created_at":"2019-01-20T12:46:05-08:00","entry_id":16202,"field1":"0.9375","field2":"0.125"},{"created_at":"2019-01-20T12:55:41-08:00","entry_id":16203,"field1":"0.9375","field2":"0.125"},{"created_at":"2019-01-20T13:05:18-08:00","entry_id":16204,"field1":"0.9375","field2":"0"},{"created_at":"2019-01-20T13:14:55-08:00","entry_id":16205,"field1":"0.9375","field2":"0"},{"created_at":"2019-01-20T13:24:32-08:00","entry_id":16206,"field1":"0.9375","field2":"0"},{"created_at":"2019-01-20T13:34:10-08:00","entry_id":16207,"field1":"0.9375","field2":"0"},{"created_at":"2019-01-20T13:43:47-08:00","entry_id":16208,"field1":"0.9375","field2":"0.0625"},{"created_at":"2019-01-20T13:53:23-08:00","entry_id":16209,"field1":"0.9375","field2":"0.0625"},{"created_at":"2019-01-20T14:03:04-08:00","entry_id":16210,"field1":"0.9375","field2":"0.125"},{"created_at":"2019-01-20T14:12:39-08:00","entry_id":16211,"field1":"0.9375","field2":"0.1875"},{"created_at":"2019-01-20T14:22:16-08:00","entry_id":16212,"field1":"0.9375","field2":"0.125"},{"created_at":"2019-01-20T14:31:53-08:00","entry_id":16213,"field1":"0.9375","field2":"0.125"},{"created_at":"2019-01-20T14:41:30-08:00","entry_id":16214,"field1":"0.9375","field2":"0.25"},{"created_at":"2019-01-20T14:51:07-08:00","entry_id":16215,"field1":"0.9375","field2":"0.25"},{"created_at":"2019-01-20T15:00:44-08:00","entry_id":16216,"field1":"0.9375","field2":"0.125"},{"created_at":"2019-01-20T15:10:21-08:00","entry_id":16217,"field1":"0.9375","field2":"0.125"},{"created_at":"2019-01-20T15:19:58-08:00","entry_id":16218,"field1":"0.9375","field2":"0.125"},{"created_at":"2019-01-20T15:29:36-08:00","entry_id":16219,"field1":"0.9375","field2":"0.125"},{"created_at":"2019-01-20T15:39:12-08:00","entry_id":16220,"field1":"0.9375","field2":"0.1875"},{"created_at":"2019-01-20T15:48:50-08:00","entry_id":16221,"field1":"0.9375","field2":"0.125"},{"created_at":"2019-01-20T15:58:26-08:00","entry_id":16222,"field1":"0.9375","field2":"0"},{"created_at":"2019-01-20T16:08:03-08:00","entry_id":16223,"field1":"0.9375","field2":"0.0625"},{"created_at":"2019-01-20T16:17:39-08:00","entry_id":16224,"field1":"0.9375","field2":"0.0625"},{"created_at":"2019-01-20T16:27:16-08:00","entry_id":16225,"field1":"0.875","field2":"0"},{"created_at":"2019-01-20T16:36:53-08:00","entry_id":16226,"field1":"0.875","field2":"0"},{"created_at":"2019-01-20T16:46:30-08:00","entry_id":16227,"field1":"0.875","field2":"-0.1875"},{"created_at":"2019-01-20T16:56:06-08:00","entry_id":16228,"field1":"0.875","field2":"-0.1875"},{"created_at":"2019-01-20T17:05:43-08:00","entry_id":16229,"field1":"0.875","field2":"-0.1875"},{"created_at":"2019-01-20T17:15:20-08:00","entry_id":16230,"field1":"0.875","field2":"-0.25"},{"created_at":"2019-01-20T17:25:01-08:00","entry_id":16231,"field1":"0.875","field2":"-0.3125"},{"created_at":"2019-01-20T17:34:36-08:00","entry_id":16232,"field1":"0.875","field2":"-0.3125"},{"created_at":"2019-01-20T17:44:13-08:00","entry_id":16233,"field1":"0.875","field2":"-0.3125"},{"created_at":"2019-01-20T17:53:50-08:00","entry_id":16234,"field1":"0.875","field2":"-0.375"},{"created_at":"2019-01-20T18:03:27-08:00","entry_id":16235,"field1":"0.875","field2":"-0.5"},{"created_at":"2019-01-20T18:13:04-08:00","entry_id":16236,"field1":"0.8125","field2":"-0.4375"},{"created_at":"2019-01-20T18:22:43-08:00","entry_id":16237,"field1":"0.8125","field2":"-0.375"},{"created_at":"2019-01-20T18:32:20-08:00","entry_id":16238,"field1":"0.8125","field2":"-0.375"},{"created_at":"2019-01-20T18:41:56-08:00","entry_id":16239,"field1":"0.8125","field2":"-0.375"},{"created_at":"2019-01-20T18:51:33-08:00","entry_id":16240,"field1":"0.8125","field2":"-0.5625"},{"created_at":"2019-01-20T19:01:10-08:00","entry_id":16241,"field1":"0.8125","field2":"-0.625"},{"created_at":"2019-01-20T19:10:51-08:00","entry_id":16242,"field1":"0.8125","field2":"-0.6875"},{"created_at":"2019-01-20T19:20:27-08:00","entry_id":16243,"field1":"0.8125","field2":"-0.75"},{"created_at":"2019-01-20T19:30:03-08:00","entry_id":16244,"field1":"0.8125","field2":"-0.75"},{"created_at":"2019-01-20T19:39:40-08:00","entry_id":16245,"field1":"0.8125","field2":"-0.75"},{"created_at":"2019-01-20T19:49:20-08:00","entry_id":16246,"field1":"0.8125","field2":"-0.625"},{"created_at":"2019-01-20T19:58:56-08:00","entry_id":16247,"field1":"0.8125","field2":"-0.625"},{"created_at":"2019-01-20T20:08:32-08:00","entry_id":16248,"field1":"0.8125","field2":"-0.625"},{"created_at":"2019-01-20T20:18:11-08:00","entry_id":16249,"field1":"0.75","field2":"-0.625"},{"created_at":"2019-01-20T20:27:47-08:00","entry_id":16250,"field1":"0.75","field2":"-0.625"},{"created_at":"2019-01-20T20:37:24-08:00","entry_id":16251,"field1":"0.75","field2":"-0.625"},{"created_at":"2019-01-20T20:47:01-08:00","entry_id":16252,"field1":"0.75","field2":"-0.5625"},{"created_at":"2019-01-20T20:56:38-08:00","entry_id":16253,"field1":"0.75","field2":"-0.5625"},{"created_at":"2019-01-20T21:06:19-08:00","entry_id":16254,"field1":"0.75","field2":"-0.5625"},{"created_at":"2019-01-20T21:15:56-08:00","entry_id":16255,"field1":"0.75","field2":"-0.5"},{"created_at":"2019-01-20T21:25:32-08:00","entry_id":16256,"field1":"0.75","field2":"-0.5"},{"created_at":"2019-01-20T21:35:09-08:00","entry_id":16257,"field1":"0.75","field2":"-0.5625"},{"created_at":"2019-01-20T21:44:49-08:00","entry_id":16258,"field1":"0.6875","field2":"-0.5625"},{"created_at":"2019-01-20T21:54:25-08:00","entry_id":16259,"field1":"0.75","field2":"-0.5625"},{"created_at":"2019-01-20T22:04:01-08:00","entry_id":16260,"field1":"0.75","field2":"-0.5625"},{"created_at":"2019-01-20T22:13:38-08:00","entry_id":16261,"field1":"0.75","field2":"-0.5625"},{"created_at":"2019-01-20T22:23:16-08:00","entry_id":16262,"field1":"0.6875","field2":"-0.5625"},{"created_at":"2019-01-20T22:32:52-08:00","entry_id":16263,"field1":"0.6875","field2":"-0.5"},{"created_at":"2019-01-20T22:42:45-08:00","entry_id":16264,"field1":"0.6875","field2":"-0.5625"},{"created_at":"2019-01-20T22:52:16-08:00","entry_id":16265,"field1":"0.6875","field2":"-0.5625"},{"created_at":"2019-01-20T23:01:52-08:00","entry_id":16266,"field1":"0.6875","field2":"-0.625"},{"created_at":"2019-01-20T23:11:30-08:00","entry_id":16267,"field1":"0.6875","field2":"-0.75"},{"created_at":"2019-01-20T23:21:07-08:00","entry_id":16268,"field1":"0.6875","field2":"-0.9375"},{"created_at":"2019-01-20T23:30:45-08:00","entry_id":16269,"field1":"0.6875","field2":"-0.875"},{"created_at":"2019-01-20T23:40:21-08:00","entry_id":16270,"field1":"0.6875","field2":"-0.875"},{"created_at":"2019-01-20T23:49:58-08:00","entry_id":16271,"field1":"0.6875","field2":"-1"},{"created_at":"2019-01-20T23:59:35-08:00","entry_id":16272,"field1":"0.6875","field2":"-1.125"}]}