{"channel":{"id":581842,"name":"Upstairs Small Window Indoor / Outdoor Sensor","latitude":"0.0","longitude":"0.0","field1":"Indoor Temperature","field2":"Outdoor Temperature","created_at":"2018-09-23T15:37:52-07:00","updated_at":"2020-07-27T05:59:41-07:00","last_entry_id":150129},"feeds":[{"created_at":"2021-01-23T00:02:07-08:00","entry_id":121520,"field1":"-2.9375","field2":"-5.125"},{"created_at":"2021-01-23T00:11:43-08:00","entry_id":121521,"field1":"-2.9375","field2":"-5"},{"created_at":"2021-01-23T00:21:19-08:00","entry_id":121522,"field1":"-3","field2":"-5.0625"},{"created_at":"2021-01-23T00:30:54-08:00","entry_id":121523,"field1":"-2.9375","field2":"-5.1875"},{"created_at":"2021-01-23T00:40:31-08:00","entry_id":121524,"field1":"-3","field2":"-5.1875"},{"created_at":"2021-01-23T00:50:09-08:00","entry_id":121525,"field1":"-3","field2":"-5.1875"},{"created_at":"2021-01-23T00:59:45-08:00","entry_id":121526,"field1":"-3","field2":"-5.25"},{"created_at":"2021-01-23T01:09:21-08:00","entry_id":121527,"field1":"-3","field2":"-5.3125"},{"created_at":"2021-01-23T01:18:58-08:00","entry_id":121528,"field1":"-3","field2":"-5.25"},{"created_at":"2021-01-23T01:28:33-08:00","entry_id":121529,"field1":"-3","field2":"-5.125"},{"created_at":"2021-01-23T01:38:11-08:00","entry_id":121530,"field1":"-3","field2":"-5.3125"},{"created_at":"2021-01-23T01:47:46-08:00","entry_id":121531,"field1":"-3","field2":"-5.375"},{"created_at":"2021-01-23T01:57:23-08:00","entry_id":121532,"field1":"-3","field2":"-5.1875"},{"created_at":"2021-01-23T02:06:58-08:00","entry_id":121533,"field1":"-3","field2":"-5.3125"},{"created_at":"2021-01-23T02:16:35-08:00","entry_id":121534,"field1":"-3","field2":"-5.1875"},{"created_at":"2021-01-23T02:26:12-08:00","entry_id":121535,"field1":"-3.0625","field2":"-5.25"},{"created_at":"2021-01-23T02:35:48-08:00","entry_id":121536,"field1":"-3.0625","field2":"-5.125"},{"created_at":"2021-01-23T02:45:25-08:00","entry_id":121537,"field1":"-3.0625","field2":"-5"},{"created_at":"2021-01-23T02:55:00-08:00","entry_id":121538,"field1":"-3.0625","field2":"-5.25"},{"created_at":"2021-01-23T03:04:38-08:00","entry_id":121539,"field1":"-3.0625","field2":"-5.375"},{"created_at":"2021-01-23T03:14:14-08:00","entry_id":121540,"field1":"-3.0625","field2":"-5.0625"},{"created_at":"2021-01-23T03:23:49-08:00","entry_id":121541,"field1":"-3.0625","field2":"-5.25"},{"created_at":"2021-01-23T03:33:26-08:00","entry_id":121542,"field1":"-3.0625","field2":"-5.1875"},{"created_at":"2021-01-23T03:43:03-08:00","entry_id":121543,"field1":"-3.0625","field2":"-5.125"},{"created_at":"2021-01-23T03:52:37-08:00","entry_id":121544,"field1":"-3.125","field2":"-5.125"},{"created_at":"2021-01-23T04:02:13-08:00","entry_id":121545,"field1":"-3.125","field2":"-5.125"},{"created_at":"2021-01-23T04:11:51-08:00","entry_id":121546,"field1":"-3.125","field2":"-5.125"},{"created_at":"2021-01-23T04:21:27-08:00","entry_id":121547,"field1":"-3.125","field2":"-5.375"},{"created_at":"2021-01-23T04:31:03-08:00","entry_id":121548,"field1":"-3.125","field2":"-5.3125"},{"created_at":"2021-01-23T04:40:39-08:00","entry_id":121549,"field1":"-3.125","field2":"-5.375"},{"created_at":"2021-01-23T04:50:14-08:00","entry_id":121550,"field1":"-3.125","field2":"-5.375"},{"created_at":"2021-01-23T04:59:52-08:00","entry_id":121551,"field1":"-3.125","field2":"-5.25"},{"created_at":"2021-01-23T05:09:28-08:00","entry_id":121552,"field1":"-3.1875","field2":"-5.3125"},{"created_at":"2021-01-23T05:19:03-08:00","entry_id":121553,"field1":"-3.1875","field2":"-5.1875"},{"created_at":"2021-01-23T05:28:40-08:00","entry_id":121554,"field1":"-3.125","field2":"-5.4375"},{"created_at":"2021-01-23T05:38:14-08:00","entry_id":121555,"field1":"-3.1875","field2":"-5.3125"},{"created_at":"2021-01-23T05:47:50-08:00","entry_id":121556,"field1":"-3.1875","field2":"-5.375"},{"created_at":"2021-01-23T05:57:28-08:00","entry_id":121557,"field1":"-3.1875","field2":"-5.1875"},{"created_at":"2021-01-23T06:07:04-08:00","entry_id":121558,"field1":"-3.1875","field2":"-5.1875"},{"created_at":"2021-01-23T06:16:41-08:00","entry_id":121559,"field1":"-3.1875","field2":"-5.375"},{"created_at":"2021-01-23T06:26:17-08:00","entry_id":121560,"field1":"-3.1875","field2":"-5.375"},{"created_at":"2021-01-23T06:35:53-08:00","entry_id":121561,"field1":"-3.1875","field2":"-5.375"},{"created_at":"2021-01-23T06:45:30-08:00","entry_id":121562,"field1":"-3.1875","field2":"-5.3125"},{"created_at":"2021-01-23T06:55:06-08:00","entry_id":121563,"field1":"-3.25","field2":"-5.25"},{"created_at":"2021-01-23T07:04:43-08:00","entry_id":121564,"field1":"-3.25","field2":"-5.375"},{"created_at":"2021-01-23T07:14:20-08:00","entry_id":121565,"field1":"-3.25","field2":"-5.125"},{"created_at":"2021-01-23T07:23:56-08:00","entry_id":121566,"field1":"-3.25","field2":"-5.3125"},{"created_at":"2021-01-23T07:33:33-08:00","entry_id":121567,"field1":"-3.25","field2":"-5.3125"},{"created_at":"2021-01-23T07:43:07-08:00","entry_id":121568,"field1":"-3.25","field2":"-5.125"},{"created_at":"2021-01-23T07:52:44-08:00","entry_id":121569,"field1":"-3.25","field2":"-5.25"},{"created_at":"2021-01-23T08:02:21-08:00","entry_id":121570,"field1":"-3.25","field2":"-5.25"},{"created_at":"2021-01-23T08:11:56-08:00","entry_id":121571,"field1":"-3.25","field2":"-5.1875"},{"created_at":"2021-01-23T08:21:33-08:00","entry_id":121572,"field1":"-3.25","field2":"-5.0625"},{"created_at":"2021-01-23T08:31:08-08:00","entry_id":121573,"field1":"-3.25","field2":"-5.125"},{"created_at":"2021-01-23T08:40:44-08:00","entry_id":121574,"field1":"-3.25","field2":"-5.125"},{"created_at":"2021-01-23T08:50:21-08:00","entry_id":121575,"field1":"-3.25","field2":"-5.1875"},{"created_at":"2021-01-23T08:59:56-08:00","entry_id":121576,"field1":"-3.25","field2":"-5.0625"},{"created_at":"2021-01-23T09:09:33-08:00","entry_id":121577,"field1":"-3.3125","field2":"-4.9375"},{"created_at":"2021-01-23T09:19:09-08:00","entry_id":121578,"field1":"-3.25","field2":"-4.8125"},{"created_at":"2021-01-23T09:28:45-08:00","entry_id":121579,"field1":"-3.25","field2":"-4.8125"},{"created_at":"2021-01-23T09:38:22-08:00","entry_id":121580,"field1":"-3.25","field2":"-4.8125"},{"created_at":"2021-01-23T09:47:59-08:00","entry_id":121581,"field1":"-3.25","field2":"-4.6875"},{"created_at":"2021-01-23T09:57:35-08:00","entry_id":121582,"field1":"-3.25","field2":"-4.625"},{"created_at":"2021-01-23T10:07:12-08:00","entry_id":121583,"field1":"-3.3125","field2":"-4.5"},{"created_at":"2021-01-23T10:16:48-08:00","entry_id":121584,"field1":"-3.25","field2":"-4.375"},{"created_at":"2021-01-23T10:26:24-08:00","entry_id":121585,"field1":"-3.25","field2":"-4.3125"},{"created_at":"2021-01-23T10:36:01-08:00","entry_id":121586,"field1":"-3.25","field2":"-4.25"},{"created_at":"2021-01-23T10:45:37-08:00","entry_id":121587,"field1":"-3.25","field2":"-4.125"},{"created_at":"2021-01-23T10:55:13-08:00","entry_id":121588,"field1":"-3.25","field2":"-4"},{"created_at":"2021-01-23T11:04:50-08:00","entry_id":121589,"field1":"-3.1875","field2":"-4.0625"},{"created_at":"2021-01-23T11:14:24-08:00","entry_id":121590,"field1":"-3.1875","field2":"-3.9375"},{"created_at":"2021-01-23T11:24:00-08:00","entry_id":121591,"field1":"-3.1875","field2":"-3.9375"},{"created_at":"2021-01-23T11:33:37-08:00","entry_id":121592,"field1":"-3.1875","field2":"-4"},{"created_at":"2021-01-23T11:43:13-08:00","entry_id":121593,"field1":"-3.1875","field2":"-3.8125"},{"created_at":"2021-01-23T11:52:50-08:00","entry_id":121594,"field1":"-3.1875","field2":"-3.9375"},{"created_at":"2021-01-23T12:02:26-08:00","entry_id":121595,"field1":"-3.125","field2":"-3.75"},{"created_at":"2021-01-23T12:12:03-08:00","entry_id":121596,"field1":"-3.125","field2":"-3.6875"},{"created_at":"2021-01-23T12:21:38-08:00","entry_id":121597,"field1":"-3.125","field2":"-3.6875"},{"created_at":"2021-01-23T12:31:15-08:00","entry_id":121598,"field1":"-3.125","field2":"-3.875"},{"created_at":"2021-01-23T12:40:51-08:00","entry_id":121599,"field1":"-3.125","field2":"-3.8125"},{"created_at":"2021-01-23T12:50:26-08:00","entry_id":121600,"field1":"-3.0625","field2":"-3.6875"},{"created_at":"2021-01-23T13:00:03-08:00","entry_id":121601,"field1":"-3.0625","field2":"-3.6875"},{"created_at":"2021-01-23T13:09:40-08:00","entry_id":121602,"field1":"-3.0625","field2":"-3.75"},{"created_at":"2021-01-23T13:19:14-08:00","entry_id":121603,"field1":"-3.0625","field2":"-3.5625"},{"created_at":"2021-01-23T13:28:52-08:00","entry_id":121604,"field1":"-3","field2":"-3.5625"},{"created_at":"2021-01-23T13:38:28-08:00","entry_id":121605,"field1":"-3.0625","field2":"-3.625"},{"created_at":"2021-01-23T13:48:05-08:00","entry_id":121606,"field1":"-3","field2":"-3.4375"},{"created_at":"2021-01-23T13:57:40-08:00","entry_id":121607,"field1":"-3","field2":"-3.3125"},{"created_at":"2021-01-23T14:07:17-08:00","entry_id":121608,"field1":"-3","field2":"-3.1875"},{"created_at":"2021-01-23T14:16:54-08:00","entry_id":121609,"field1":"-3","field2":"-3.3125"},{"created_at":"2021-01-23T14:26:29-08:00","entry_id":121610,"field1":"-3","field2":"-3.4375"},{"created_at":"2021-01-23T14:36:06-08:00","entry_id":121611,"field1":"-2.9375","field2":"-3.375"},{"created_at":"2021-01-23T14:45:43-08:00","entry_id":121612,"field1":"-2.9375","field2":"-3.3125"},{"created_at":"2021-01-23T14:55:19-08:00","entry_id":121613,"field1":"-2.9375","field2":"-3.4375"},{"created_at":"2021-01-23T15:04:54-08:00","entry_id":121614,"field1":"-2.9375","field2":"-3.5"},{"created_at":"2021-01-23T15:14:31-08:00","entry_id":121615,"field1":"-2.9375","field2":"-3.625"},{"created_at":"2021-01-23T15:24:08-08:00","entry_id":121616,"field1":"-2.9375","field2":"-3.5625"},{"created_at":"2021-01-23T15:33:44-08:00","entry_id":121617,"field1":"-2.9375","field2":"-3.5"},{"created_at":"2021-01-23T15:43:19-08:00","entry_id":121618,"field1":"-2.9375","field2":"-3.5"},{"created_at":"2021-01-23T15:52:55-08:00","entry_id":121619,"field1":"-2.9375","field2":"-3.625"},{"created_at":"2021-01-23T16:02:33-08:00","entry_id":121620,"field1":"-2.9375","field2":"-3.625"},{"created_at":"2021-01-23T16:12:09-08:00","entry_id":121621,"field1":"-2.9375","field2":"-3.75"},{"created_at":"2021-01-23T16:21:45-08:00","entry_id":121622,"field1":"-2.9375","field2":"-3.75"},{"created_at":"2021-01-23T16:31:21-08:00","entry_id":121623,"field1":"-2.9375","field2":"-3.8125"},{"created_at":"2021-01-23T16:40:58-08:00","entry_id":121624,"field1":"-2.9375","field2":"-3.9375"},{"created_at":"2021-01-23T16:50:34-08:00","entry_id":121625,"field1":"-2.9375","field2":"-3.9375"},{"created_at":"2021-01-23T17:00:10-08:00","entry_id":121626,"field1":"-2.9375","field2":"-4"},{"created_at":"2021-01-23T17:09:45-08:00","entry_id":121627,"field1":"-2.9375","field2":"-4.125"},{"created_at":"2021-01-23T17:19:21-08:00","entry_id":121628,"field1":"-2.9375","field2":"-4.125"},{"created_at":"2021-01-23T17:28:59-08:00","entry_id":121629,"field1":"-2.9375","field2":"-4.1875"},{"created_at":"2021-01-23T17:38:35-08:00","entry_id":121630,"field1":"-3","field2":"-4.375"},{"created_at":"2021-01-23T17:48:12-08:00","entry_id":121631,"field1":"-3","field2":"-4.4375"},{"created_at":"2021-01-23T17:57:46-08:00","entry_id":121632,"field1":"-3","field2":"-4.5"},{"created_at":"2021-01-23T18:07:24-08:00","entry_id":121633,"field1":"-3","field2":"-4.5625"},{"created_at":"2021-01-23T18:16:59-08:00","entry_id":121634,"field1":"-3","field2":"-4.5625"},{"created_at":"2021-01-23T18:26:35-08:00","entry_id":121635,"field1":"-3","field2":"-4.5"},{"created_at":"2021-01-23T18:36:10-08:00","entry_id":121636,"field1":"-3","field2":"-4.4375"},{"created_at":"2021-01-23T18:45:46-08:00","entry_id":121637,"field1":"-3","field2":"-4.5625"},{"created_at":"2021-01-23T18:55:21-08:00","entry_id":121638,"field1":"-3","field2":"-4.625"},{"created_at":"2021-01-23T19:04:57-08:00","entry_id":121639,"field1":"-3","field2":"-4.5625"},{"created_at":"2021-01-23T19:14:34-08:00","entry_id":121640,"field1":"-3","field2":"-4.625"},{"created_at":"2021-01-23T19:24:11-08:00","entry_id":121641,"field1":"-3","field2":"-4.625"},{"created_at":"2021-01-23T19:33:47-08:00","entry_id":121642,"field1":"-3","field2":"-4.5625"},{"created_at":"2021-01-23T19:43:22-08:00","entry_id":121643,"field1":"-3","field2":"-4.9375"},{"created_at":"2021-01-23T19:52:59-08:00","entry_id":121644,"field1":"-3.0625","field2":"-4.625"},{"created_at":"2021-01-23T20:02:34-08:00","entry_id":121645,"field1":"-3.0625","field2":"-4.6875"},{"created_at":"2021-01-23T20:12:12-08:00","entry_id":121646,"field1":"-3.0625","field2":"-4.625"},{"created_at":"2021-01-23T20:21:46-08:00","entry_id":121647,"field1":"-3.0625","field2":"-4.625"},{"created_at":"2021-01-23T20:31:24-08:00","entry_id":121648,"field1":"-3.0625","field2":"-4.625"},{"created_at":"2021-01-23T20:41:00-08:00","entry_id":121649,"field1":"-3.0625","field2":"-4.6875"},{"created_at":"2021-01-23T20:50:35-08:00","entry_id":121650,"field1":"-3.0625","field2":"-4.875"},{"created_at":"2021-01-23T21:00:12-08:00","entry_id":121651,"field1":"-3.0625","field2":"-4.75"},{"created_at":"2021-01-23T21:09:47-08:00","entry_id":121652,"field1":"-3.0625","field2":"-4.75"},{"created_at":"2021-01-23T21:19:23-08:00","entry_id":121653,"field1":"-3.0625","field2":"-4.75"},{"created_at":"2021-01-23T21:29:00-08:00","entry_id":121654,"field1":"-3.0625","field2":"-4.875"},{"created_at":"2021-01-23T21:38:37-08:00","entry_id":121655,"field1":"-3.125","field2":"-4.75"},{"created_at":"2021-01-23T21:48:14-08:00","entry_id":121656,"field1":"-3.0625","field2":"-4.6875"},{"created_at":"2021-01-23T21:57:49-08:00","entry_id":121657,"field1":"-3.125","field2":"-4.75"},{"created_at":"2021-01-23T22:07:24-08:00","entry_id":121658,"field1":"-3.0625","field2":"-4.6875"},{"created_at":"2021-01-23T22:17:01-08:00","entry_id":121659,"field1":"-3.0625","field2":"-4.8125"},{"created_at":"2021-01-23T22:26:36-08:00","entry_id":121660,"field1":"-3.125","field2":"-4.9375"},{"created_at":"2021-01-23T22:36:14-08:00","entry_id":121661,"field1":"-3.125","field2":"-5.1875"},{"created_at":"2021-01-23T22:45:49-08:00","entry_id":121662,"field1":"-3.125","field2":"-5.375"},{"created_at":"2021-01-23T22:55:26-08:00","entry_id":121663,"field1":"-3.125","field2":"-5.375"},{"created_at":"2021-01-23T23:05:01-08:00","entry_id":121664,"field1":"-3.125","field2":"-5.3125"},{"created_at":"2021-01-23T23:14:38-08:00","entry_id":121665,"field1":"-3.125","field2":"-4.9375"},{"created_at":"2021-01-23T23:24:13-08:00","entry_id":121666,"field1":"-3.1875","field2":"-4.8125"},{"created_at":"2021-01-23T23:33:48-08:00","entry_id":121667,"field1":"-3.1875","field2":"-4.75"},{"created_at":"2021-01-23T23:43:24-08:00","entry_id":121668,"field1":"-3.1875","field2":"-4.75"},{"created_at":"2021-01-23T23:52:59-08:00","entry_id":121669,"field1":"-3.1875","field2":"-4.6875"}]}