{"channel":{"id":581842,"name":"Upstairs Small Window Indoor / Outdoor Sensor","latitude":"0.0","longitude":"0.0","field1":"Indoor Temperature","field2":"Outdoor Temperature","created_at":"2018-09-23T15:37:52-07:00","updated_at":"2020-07-27T05:59:41-07:00","last_entry_id":150128},"feeds":[{"created_at":"2018-11-25T00:02:13-08:00","entry_id":7776,"field1":"3.4375","field2":"3.0625"},{"created_at":"2018-11-25T00:11:51-08:00","entry_id":7777,"field1":"3.4375","field2":"3.0625"},{"created_at":"2018-11-25T00:21:27-08:00","entry_id":7778,"field1":"3.4375","field2":"3.0625"},{"created_at":"2018-11-25T00:31:04-08:00","entry_id":7779,"field1":"3.5","field2":"3"},{"created_at":"2018-11-25T00:40:41-08:00","entry_id":7780,"field1":"3.5","field2":"3.0625"},{"created_at":"2018-11-25T00:50:18-08:00","entry_id":7781,"field1":"3.5","field2":"3.0625"},{"created_at":"2018-11-25T00:59:55-08:00","entry_id":7782,"field1":"3.5","field2":"3.125"},{"created_at":"2018-11-25T01:09:32-08:00","entry_id":7783,"field1":"3.4375","field2":"3.1875"},{"created_at":"2018-11-25T01:19:09-08:00","entry_id":7784,"field1":"3.5","field2":"3.0625"},{"created_at":"2018-11-25T01:28:47-08:00","entry_id":7785,"field1":"3.4375","field2":"3.0625"},{"created_at":"2018-11-25T01:38:23-08:00","entry_id":7786,"field1":"3.5","field2":"3.125"},{"created_at":"2018-11-25T01:48:00-08:00","entry_id":7787,"field1":"3.4375","field2":"3.0625"},{"created_at":"2018-11-25T01:57:37-08:00","entry_id":7788,"field1":"3.5","field2":"3.0625"},{"created_at":"2018-11-25T02:07:15-08:00","entry_id":7789,"field1":"3.5","field2":"3"},{"created_at":"2018-11-25T02:16:52-08:00","entry_id":7790,"field1":"3.4375","field2":"3"},{"created_at":"2018-11-25T02:26:28-08:00","entry_id":7791,"field1":"3.4375","field2":"3.0625"},{"created_at":"2018-11-25T02:36:05-08:00","entry_id":7792,"field1":"3.4375","field2":"3"},{"created_at":"2018-11-25T02:45:42-08:00","entry_id":7793,"field1":"3.4375","field2":"3"},{"created_at":"2018-11-25T02:55:20-08:00","entry_id":7794,"field1":"3.4375","field2":"3.0625"},{"created_at":"2018-11-25T03:04:57-08:00","entry_id":7795,"field1":"3.4375","field2":"2.9375"},{"created_at":"2018-11-25T03:14:35-08:00","entry_id":7796,"field1":"3.4375","field2":"2.875"},{"created_at":"2018-11-25T03:24:11-08:00","entry_id":7797,"field1":"3.4375","field2":"2.875"},{"created_at":"2018-11-25T03:33:48-08:00","entry_id":7798,"field1":"3.5","field2":"2.875"},{"created_at":"2018-11-25T03:43:24-08:00","entry_id":7799,"field1":"3.4375","field2":"2.9375"},{"created_at":"2018-11-25T03:53:01-08:00","entry_id":7800,"field1":"3.5","field2":"2.9375"},{"created_at":"2018-11-25T04:02:39-08:00","entry_id":7801,"field1":"3.4375","field2":"2.875"},{"created_at":"2018-11-25T04:12:16-08:00","entry_id":7802,"field1":"3.4375","field2":"2.8125"},{"created_at":"2018-11-25T04:21:54-08:00","entry_id":7803,"field1":"3.4375","field2":"2.8125"},{"created_at":"2018-11-25T04:31:31-08:00","entry_id":7804,"field1":"3.4375","field2":"2.75"},{"created_at":"2018-11-25T04:41:07-08:00","entry_id":7805,"field1":"3.4375","field2":"2.8125"},{"created_at":"2018-11-25T04:50:45-08:00","entry_id":7806,"field1":"3.4375","field2":"2.8125"},{"created_at":"2018-11-25T05:00:23-08:00","entry_id":7807,"field1":"3.4375","field2":"2.75"},{"created_at":"2018-11-25T05:09:59-08:00","entry_id":7808,"field1":"3.4375","field2":"2.8125"},{"created_at":"2018-11-25T05:19:38-08:00","entry_id":7809,"field1":"3.4375","field2":"2.8125"},{"created_at":"2018-11-25T05:29:15-08:00","entry_id":7810,"field1":"3.4375","field2":"2.6875"},{"created_at":"2018-11-25T05:38:52-08:00","entry_id":7811,"field1":"3.4375","field2":"2.6875"},{"created_at":"2018-11-25T05:48:29-08:00","entry_id":7812,"field1":"3.4375","field2":"2.8125"},{"created_at":"2018-11-25T05:58:06-08:00","entry_id":7813,"field1":"3.4375","field2":"2.6875"},{"created_at":"2018-11-25T06:07:43-08:00","entry_id":7814,"field1":"3.4375","field2":"2.625"},{"created_at":"2018-11-25T06:17:21-08:00","entry_id":7815,"field1":"3.4375","field2":"2.625"},{"created_at":"2018-11-25T06:26:57-08:00","entry_id":7816,"field1":"3.4375","field2":"2.6875"},{"created_at":"2018-11-25T06:36:35-08:00","entry_id":7817,"field1":"3.4375","field2":"2.625"},{"created_at":"2018-11-25T06:46:11-08:00","entry_id":7818,"field1":"3.4375","field2":"2.6875"},{"created_at":"2018-11-25T06:55:49-08:00","entry_id":7819,"field1":"3.4375","field2":"2.625"},{"created_at":"2018-11-25T07:05:26-08:00","entry_id":7820,"field1":"3.4375","field2":"2.625"},{"created_at":"2018-11-25T07:15:03-08:00","entry_id":7821,"field1":"3.4375","field2":"2.625"},{"created_at":"2018-11-25T07:24:40-08:00","entry_id":7822,"field1":"3.4375","field2":"2.625"},{"created_at":"2018-11-25T07:34:17-08:00","entry_id":7823,"field1":"3.4375","field2":"2.5625"},{"created_at":"2018-11-25T07:43:54-08:00","entry_id":7824,"field1":"3.4375","field2":"2.5625"},{"created_at":"2018-11-25T07:53:31-08:00","entry_id":7825,"field1":"3.4375","field2":"2.6875"},{"created_at":"2018-11-25T08:03:08-08:00","entry_id":7826,"field1":"3.4375","field2":"2.625"},{"created_at":"2018-11-25T08:12:45-08:00","entry_id":7827,"field1":"3.4375","field2":"2.75"},{"created_at":"2018-11-25T08:22:22-08:00","entry_id":7828,"field1":"3.4375","field2":"2.6875"},{"created_at":"2018-11-25T08:31:59-08:00","entry_id":7829,"field1":"3.4375","field2":"2.8125"},{"created_at":"2018-11-25T08:41:35-08:00","entry_id":7830,"field1":"3.4375","field2":"2.8125"},{"created_at":"2018-11-25T08:51:12-08:00","entry_id":7831,"field1":"3.4375","field2":"2.8125"},{"created_at":"2018-11-25T09:00:49-08:00","entry_id":7832,"field1":"3.4375","field2":"2.875"},{"created_at":"2018-11-25T09:10:26-08:00","entry_id":7833,"field1":"3.4375","field2":"2.9375"},{"created_at":"2018-11-25T09:20:05-08:00","entry_id":7834,"field1":"3.4375","field2":"3"},{"created_at":"2018-11-25T09:29:41-08:00","entry_id":7835,"field1":"3.4375","field2":"3.0625"},{"created_at":"2018-11-25T09:39:19-08:00","entry_id":7836,"field1":"3.5","field2":"3.125"},{"created_at":"2018-11-25T09:48:56-08:00","entry_id":7837,"field1":"3.5","field2":"3.0625"},{"created_at":"2018-11-25T09:58:34-08:00","entry_id":7838,"field1":"3.5","field2":"3.1875"},{"created_at":"2018-11-25T10:08:10-08:00","entry_id":7839,"field1":"3.5","field2":"3.3125"},{"created_at":"2018-11-25T10:17:49-08:00","entry_id":7840,"field1":"3.5","field2":"3.4375"},{"created_at":"2018-11-25T10:27:26-08:00","entry_id":7841,"field1":"3.5625","field2":"3.4375"},{"created_at":"2018-11-25T10:37:03-08:00","entry_id":7842,"field1":"3.5625","field2":"3.5625"},{"created_at":"2018-11-25T10:46:40-08:00","entry_id":7843,"field1":"3.5625","field2":"3.625"},{"created_at":"2018-11-25T10:56:17-08:00","entry_id":7844,"field1":"3.625","field2":"3.6875"},{"created_at":"2018-11-25T11:05:54-08:00","entry_id":7845,"field1":"3.625","field2":"3.8125"},{"created_at":"2018-11-25T11:15:32-08:00","entry_id":7846,"field1":"3.625","field2":"3.75"},{"created_at":"2018-11-25T11:25:09-08:00","entry_id":7847,"field1":"3.6875","field2":"3.9375"},{"created_at":"2018-11-25T11:34:49-08:00","entry_id":7848,"field1":"3.6875","field2":"4"},{"created_at":"2018-11-25T11:44:24-08:00","entry_id":7849,"field1":"3.6875","field2":"4"},{"created_at":"2018-11-25T11:54:01-08:00","entry_id":7850,"field1":"3.75","field2":"4"},{"created_at":"2018-11-25T12:03:38-08:00","entry_id":7851,"field1":"3.75","field2":"4"},{"created_at":"2018-11-25T12:13:15-08:00","entry_id":7852,"field1":"3.75","field2":"4.125"},{"created_at":"2018-11-25T12:22:52-08:00","entry_id":7853,"field1":"3.75","field2":"4.1875"},{"created_at":"2018-11-25T12:32:29-08:00","entry_id":7854,"field1":"3.8125","field2":"4.3125"},{"created_at":"2018-11-25T12:42:05-08:00","entry_id":7855,"field1":"3.8125","field2":"4.3125"},{"created_at":"2018-11-25T12:51:43-08:00","entry_id":7856,"field1":"3.8125","field2":"4.4375"},{"created_at":"2018-11-25T13:01:20-08:00","entry_id":7857,"field1":"3.8125","field2":"4.375"},{"created_at":"2018-11-25T13:10:59-08:00","entry_id":7858,"field1":"3.875","field2":"4.4375"},{"created_at":"2018-11-25T13:20:35-08:00","entry_id":7859,"field1":"3.875","field2":"4.5"},{"created_at":"2018-11-25T13:30:12-08:00","entry_id":7860,"field1":"3.875","field2":"4.625"},{"created_at":"2018-11-25T13:39:49-08:00","entry_id":7861,"field1":"3.875","field2":"4.5"},{"created_at":"2018-11-25T13:49:26-08:00","entry_id":7862,"field1":"3.9375","field2":"4.5625"},{"created_at":"2018-11-25T13:59:03-08:00","entry_id":7863,"field1":"3.9375","field2":"4.5"},{"created_at":"2018-11-25T14:08:41-08:00","entry_id":7864,"field1":"3.9375","field2":"4.5"},{"created_at":"2018-11-25T14:18:17-08:00","entry_id":7865,"field1":"3.9375","field2":"4.5625"},{"created_at":"2018-11-25T14:27:54-08:00","entry_id":7866,"field1":"3.9375","field2":"4.625"},{"created_at":"2018-11-25T14:37:31-08:00","entry_id":7867,"field1":"4","field2":"4.625"},{"created_at":"2018-11-25T14:47:08-08:00","entry_id":7868,"field1":"4","field2":"4.5625"},{"created_at":"2018-11-25T14:56:45-08:00","entry_id":7869,"field1":"4","field2":"4.5"},{"created_at":"2018-11-25T15:06:23-08:00","entry_id":7870,"field1":"4","field2":"4.4375"},{"created_at":"2018-11-25T15:16:00-08:00","entry_id":7871,"field1":"4","field2":"4.375"},{"created_at":"2018-11-25T15:25:37-08:00","entry_id":7872,"field1":"4","field2":"4.25"},{"created_at":"2018-11-25T15:35:14-08:00","entry_id":7873,"field1":"4","field2":"4.25"},{"created_at":"2018-11-25T15:44:50-08:00","entry_id":7874,"field1":"4.0625","field2":"4.125"},{"created_at":"2018-11-25T15:54:27-08:00","entry_id":7875,"field1":"4.0625","field2":"4"},{"created_at":"2018-11-25T16:04:04-08:00","entry_id":7876,"field1":"4.0625","field2":"3.9375"},{"created_at":"2018-11-25T16:13:41-08:00","entry_id":7877,"field1":"4.0625","field2":"3.8125"},{"created_at":"2018-11-25T16:23:18-08:00","entry_id":7878,"field1":"4.125","field2":"3.75"},{"created_at":"2018-11-25T16:32:55-08:00","entry_id":7879,"field1":"4.0625","field2":"3.625"},{"created_at":"2018-11-25T16:42:32-08:00","entry_id":7880,"field1":"4.0625","field2":"3.625"},{"created_at":"2018-11-25T16:52:08-08:00","entry_id":7881,"field1":"4.125","field2":"3.5625"},{"created_at":"2018-11-25T17:01:45-08:00","entry_id":7882,"field1":"4.125","field2":"3.5625"},{"created_at":"2018-11-25T17:11:22-08:00","entry_id":7883,"field1":"4.125","field2":"3.5625"},{"created_at":"2018-11-25T17:21:00-08:00","entry_id":7884,"field1":"4.0625","field2":"3.5"},{"created_at":"2018-11-25T17:30:37-08:00","entry_id":7885,"field1":"4.0625","field2":"3.5"},{"created_at":"2018-11-25T17:40:13-08:00","entry_id":7886,"field1":"4.0625","field2":"3.5"},{"created_at":"2018-11-25T17:49:50-08:00","entry_id":7887,"field1":"4.0625","field2":"3.5"},{"created_at":"2018-11-25T17:59:36-08:00","entry_id":7888,"field1":"4.0625","field2":"3.4375"},{"created_at":"2018-11-25T18:09:30-08:00","entry_id":7889,"field1":"4.0625","field2":"3.4375"},{"created_at":"2018-11-25T18:19:06-08:00","entry_id":7890,"field1":"4.0625","field2":"3.4375"},{"created_at":"2018-11-25T18:28:44-08:00","entry_id":7891,"field1":"4","field2":"3.375"},{"created_at":"2018-11-25T18:38:20-08:00","entry_id":7892,"field1":"4","field2":"3.375"},{"created_at":"2018-11-25T18:47:58-08:00","entry_id":7893,"field1":"4","field2":"3.375"},{"created_at":"2018-11-25T18:57:38-08:00","entry_id":7894,"field1":"4","field2":"3.375"},{"created_at":"2018-11-25T19:16:51-08:00","entry_id":7895,"field1":"4","field2":"3.375"},{"created_at":"2018-11-25T19:26:28-08:00","entry_id":7896,"field1":"4","field2":"3.375"},{"created_at":"2018-11-25T19:36:04-08:00","entry_id":7897,"field1":"4","field2":"3.375"},{"created_at":"2018-11-25T19:45:41-08:00","entry_id":7898,"field1":"4","field2":"3.3125"},{"created_at":"2018-11-25T19:55:20-08:00","entry_id":7899,"field1":"4","field2":"3.3125"},{"created_at":"2018-11-25T20:04:57-08:00","entry_id":7900,"field1":"4","field2":"3.3125"},{"created_at":"2018-11-25T20:14:34-08:00","entry_id":7901,"field1":"4","field2":"3.3125"},{"created_at":"2018-11-25T20:24:19-08:00","entry_id":7902,"field1":"4","field2":"3.3125"},{"created_at":"2018-11-25T20:33:59-08:00","entry_id":7903,"field1":"3.9375","field2":"3.3125"},{"created_at":"2018-11-25T20:43:36-08:00","entry_id":7904,"field1":"3.9375","field2":"3.3125"},{"created_at":"2018-11-25T20:53:12-08:00","entry_id":7905,"field1":"3.9375","field2":"3.3125"},{"created_at":"2018-11-25T21:02:50-08:00","entry_id":7906,"field1":"3.9375","field2":"3.25"},{"created_at":"2018-11-25T21:12:27-08:00","entry_id":7907,"field1":"3.9375","field2":"3.25"},{"created_at":"2018-11-25T21:22:04-08:00","entry_id":7908,"field1":"3.9375","field2":"3.1875"},{"created_at":"2018-11-25T21:31:40-08:00","entry_id":7909,"field1":"3.9375","field2":"3.25"},{"created_at":"2018-11-25T21:41:17-08:00","entry_id":7910,"field1":"3.9375","field2":"3.1875"},{"created_at":"2018-11-25T21:50:54-08:00","entry_id":7911,"field1":"3.9375","field2":"3.1875"},{"created_at":"2018-11-25T22:00:32-08:00","entry_id":7912,"field1":"3.9375","field2":"3.125"},{"created_at":"2018-11-25T22:10:08-08:00","entry_id":7913,"field1":"3.9375","field2":"3.125"},{"created_at":"2018-11-25T22:19:45-08:00","entry_id":7914,"field1":"3.9375","field2":"3.0625"},{"created_at":"2018-11-25T22:29:22-08:00","entry_id":7915,"field1":"3.9375","field2":"3"},{"created_at":"2018-11-25T22:38:58-08:00","entry_id":7916,"field1":"3.9375","field2":"2.9375"},{"created_at":"2018-11-25T22:48:36-08:00","entry_id":7917,"field1":"3.9375","field2":"2.875"},{"created_at":"2018-11-25T22:58:14-08:00","entry_id":7918,"field1":"3.875","field2":"2.75"},{"created_at":"2018-11-25T23:07:50-08:00","entry_id":7919,"field1":"3.875","field2":"2.6875"},{"created_at":"2018-11-25T23:17:28-08:00","entry_id":7920,"field1":"3.875","field2":"2.6875"},{"created_at":"2018-11-25T23:27:05-08:00","entry_id":7921,"field1":"3.875","field2":"2.75"},{"created_at":"2018-11-25T23:36:41-08:00","entry_id":7922,"field1":"3.875","field2":"2.625"},{"created_at":"2018-11-25T23:46:18-08:00","entry_id":7923,"field1":"3.875","field2":"2.6875"},{"created_at":"2018-11-25T23:55:56-08:00","entry_id":7924,"field1":"3.875","field2":"2.5625"}]}