{"channel":{"id":581842,"name":"Upstairs Small Window Indoor / Outdoor Sensor","latitude":"0.0","longitude":"0.0","field1":"Indoor Temperature","field2":"Outdoor Temperature","created_at":"2018-09-23T15:37:52-07:00","updated_at":"2020-07-27T05:59:41-07:00","last_entry_id":150129},"feeds":[{"created_at":"2019-11-10T00:05:28-08:00","entry_id":59054,"field1":"5.6875","field2":"5.5625"},{"created_at":"2019-11-10T00:15:05-08:00","entry_id":59055,"field1":"5.6875","field2":"5.5625"},{"created_at":"2019-11-10T00:24:42-08:00","entry_id":59056,"field1":"5.6875","field2":"5.5625"},{"created_at":"2019-11-10T00:34:19-08:00","entry_id":59057,"field1":"5.6875","field2":"5.5625"},{"created_at":"2019-11-10T00:43:56-08:00","entry_id":59058,"field1":"5.6875","field2":"5.625"},{"created_at":"2019-11-10T00:53:34-08:00","entry_id":59059,"field1":"5.6875","field2":"5.5625"},{"created_at":"2019-11-10T01:03:11-08:00","entry_id":59060,"field1":"5.75","field2":"5.5625"},{"created_at":"2019-11-10T01:12:48-08:00","entry_id":59061,"field1":"5.75","field2":"5.5625"},{"created_at":"2019-11-10T01:22:25-08:00","entry_id":59062,"field1":"5.75","field2":"5.5625"},{"created_at":"2019-11-10T01:32:02-08:00","entry_id":59063,"field1":"5.75","field2":"5.625"},{"created_at":"2019-11-10T01:41:39-08:00","entry_id":59064,"field1":"5.75","field2":"5.625"},{"created_at":"2019-11-10T01:51:16-08:00","entry_id":59065,"field1":"5.75","field2":"5.75"},{"created_at":"2019-11-10T02:00:53-08:00","entry_id":59066,"field1":"5.75","field2":"5.8125"},{"created_at":"2019-11-10T02:10:30-08:00","entry_id":59067,"field1":"5.75","field2":"5.625"},{"created_at":"2019-11-10T02:20:07-08:00","entry_id":59068,"field1":"5.75","field2":"5.5625"},{"created_at":"2019-11-10T02:29:44-08:00","entry_id":59069,"field1":"5.75","field2":"5.4375"},{"created_at":"2019-11-10T02:39:21-08:00","entry_id":59070,"field1":"5.75","field2":"5.4375"},{"created_at":"2019-11-10T02:49:05-08:00","entry_id":59071,"field1":"5.75","field2":"5.375"},{"created_at":"2019-11-10T02:58:42-08:00","entry_id":59072,"field1":"5.75","field2":"5.375"},{"created_at":"2019-11-10T03:08:19-08:00","entry_id":59073,"field1":"5.75","field2":"5.375"},{"created_at":"2019-11-10T03:17:55-08:00","entry_id":59074,"field1":"5.75","field2":"5.4375"},{"created_at":"2019-11-10T03:27:33-08:00","entry_id":59075,"field1":"5.75","field2":"5.4375"},{"created_at":"2019-11-10T03:37:10-08:00","entry_id":59076,"field1":"5.75","field2":"5.4375"},{"created_at":"2019-11-10T03:46:48-08:00","entry_id":59077,"field1":"5.75","field2":"5.4375"},{"created_at":"2019-11-10T03:56:24-08:00","entry_id":59078,"field1":"5.75","field2":"5.5"},{"created_at":"2019-11-10T04:06:02-08:00","entry_id":59079,"field1":"5.75","field2":"5.4375"},{"created_at":"2019-11-10T04:15:39-08:00","entry_id":59080,"field1":"5.75","field2":"5.375"},{"created_at":"2019-11-10T04:25:16-08:00","entry_id":59081,"field1":"5.75","field2":"5.375"},{"created_at":"2019-11-10T04:34:53-08:00","entry_id":59082,"field1":"5.75","field2":"5.3125"},{"created_at":"2019-11-10T04:44:30-08:00","entry_id":59083,"field1":"5.8125","field2":"5.3125"},{"created_at":"2019-11-10T04:54:07-08:00","entry_id":59084,"field1":"5.75","field2":"5.25"},{"created_at":"2019-11-10T05:03:44-08:00","entry_id":59085,"field1":"5.8125","field2":"5.1875"},{"created_at":"2019-11-10T05:13:21-08:00","entry_id":59086,"field1":"5.8125","field2":"5.1875"},{"created_at":"2019-11-10T05:22:58-08:00","entry_id":59087,"field1":"5.75","field2":"5.25"},{"created_at":"2019-11-10T05:32:35-08:00","entry_id":59088,"field1":"5.75","field2":"5.25"},{"created_at":"2019-11-10T05:42:12-08:00","entry_id":59089,"field1":"5.8125","field2":"5.3125"},{"created_at":"2019-11-10T05:51:49-08:00","entry_id":59090,"field1":"5.8125","field2":"5.25"},{"created_at":"2019-11-10T06:01:26-08:00","entry_id":59091,"field1":"5.75","field2":"5.25"},{"created_at":"2019-11-10T06:11:03-08:00","entry_id":59092,"field1":"5.8125","field2":"5.25"},{"created_at":"2019-11-10T06:20:40-08:00","entry_id":59093,"field1":"5.8125","field2":"5.25"},{"created_at":"2019-11-10T06:30:16-08:00","entry_id":59094,"field1":"5.75","field2":"5.1875"},{"created_at":"2019-11-10T06:39:53-08:00","entry_id":59095,"field1":"5.8125","field2":"5.125"},{"created_at":"2019-11-10T06:49:30-08:00","entry_id":59096,"field1":"5.8125","field2":"5"},{"created_at":"2019-11-10T06:59:07-08:00","entry_id":59097,"field1":"5.75","field2":"5.0625"},{"created_at":"2019-11-10T07:08:44-08:00","entry_id":59098,"field1":"5.75","field2":"5.0625"},{"created_at":"2019-11-10T07:18:22-08:00","entry_id":59099,"field1":"5.8125","field2":"5.125"},{"created_at":"2019-11-10T07:27:58-08:00","entry_id":59100,"field1":"5.8125","field2":"4.9375"},{"created_at":"2019-11-10T07:37:36-08:00","entry_id":59101,"field1":"5.8125","field2":"4.875"},{"created_at":"2019-11-10T07:47:14-08:00","entry_id":59102,"field1":"5.8125","field2":"4.8125"},{"created_at":"2019-11-10T07:56:50-08:00","entry_id":59103,"field1":"5.75","field2":"4.875"},{"created_at":"2019-11-10T08:06:26-08:00","entry_id":59104,"field1":"5.8125","field2":"4.875"},{"created_at":"2019-11-10T08:16:03-08:00","entry_id":59105,"field1":"5.75","field2":"5"},{"created_at":"2019-11-10T08:25:40-08:00","entry_id":59106,"field1":"5.75","field2":"5.0625"},{"created_at":"2019-11-10T08:35:18-08:00","entry_id":59107,"field1":"5.8125","field2":"5.0625"},{"created_at":"2019-11-10T08:44:56-08:00","entry_id":59108,"field1":"5.75","field2":"5.0625"},{"created_at":"2019-11-10T08:54:34-08:00","entry_id":59109,"field1":"5.8125","field2":"5"},{"created_at":"2019-11-10T09:04:10-08:00","entry_id":59110,"field1":"5.8125","field2":"5.0625"},{"created_at":"2019-11-10T09:13:48-08:00","entry_id":59111,"field1":"5.8125","field2":"5.0625"},{"created_at":"2019-11-10T09:23:24-08:00","entry_id":59112,"field1":"5.8125","field2":"5"},{"created_at":"2019-11-10T09:33:02-08:00","entry_id":59113,"field1":"5.8125","field2":"5.1875"},{"created_at":"2019-11-10T09:42:40-08:00","entry_id":59114,"field1":"5.8125","field2":"5.1875"},{"created_at":"2019-11-10T09:52:16-08:00","entry_id":59115,"field1":"5.8125","field2":"5.125"},{"created_at":"2019-11-10T10:01:53-08:00","entry_id":59116,"field1":"5.8125","field2":"5.125"},{"created_at":"2019-11-10T10:11:30-08:00","entry_id":59117,"field1":"5.875","field2":"5.3125"},{"created_at":"2019-11-10T10:21:07-08:00","entry_id":59118,"field1":"5.875","field2":"5.5"},{"created_at":"2019-11-10T10:30:44-08:00","entry_id":59119,"field1":"5.9375","field2":"5.5"},{"created_at":"2019-11-10T10:40:23-08:00","entry_id":59120,"field1":"6.0625","field2":"5.5625"},{"created_at":"2019-11-10T10:49:59-08:00","entry_id":59121,"field1":"6.125","field2":"6.125"},{"created_at":"2019-11-10T10:59:37-08:00","entry_id":59122,"field1":"6.125","field2":"6.1875"},{"created_at":"2019-11-10T11:09:13-08:00","entry_id":59123,"field1":"6.1875","field2":"6.375"},{"created_at":"2019-11-10T11:18:51-08:00","entry_id":59124,"field1":"6.25","field2":"5.875"},{"created_at":"2019-11-10T11:28:28-08:00","entry_id":59125,"field1":"6.25","field2":"6.5625"},{"created_at":"2019-11-10T11:38:06-08:00","entry_id":59126,"field1":"6.25","field2":"6.5625"},{"created_at":"2019-11-10T11:47:42-08:00","entry_id":59127,"field1":"6.25","field2":"6.3125"},{"created_at":"2019-11-10T11:57:20-08:00","entry_id":59128,"field1":"6.3125","field2":"6.5625"},{"created_at":"2019-11-10T12:06:57-08:00","entry_id":59129,"field1":"6.3125","field2":"6.3125"},{"created_at":"2019-11-10T12:16:33-08:00","entry_id":59130,"field1":"6.3125","field2":"6.8125"},{"created_at":"2019-11-10T12:26:11-08:00","entry_id":59131,"field1":"6.375","field2":"6.9375"},{"created_at":"2019-11-10T12:35:48-08:00","entry_id":59132,"field1":"6.375","field2":"6.875"},{"created_at":"2019-11-10T12:45:25-08:00","entry_id":59133,"field1":"6.4375","field2":"7.25"},{"created_at":"2019-11-10T12:55:02-08:00","entry_id":59134,"field1":"6.4375","field2":"6.875"},{"created_at":"2019-11-10T13:04:38-08:00","entry_id":59135,"field1":"6.4375","field2":"7.0625"},{"created_at":"2019-11-10T13:14:16-08:00","entry_id":59136,"field1":"6.4375","field2":"7"},{"created_at":"2019-11-10T13:23:53-08:00","entry_id":59137,"field1":"6.5","field2":"6.9375"},{"created_at":"2019-11-10T13:33:29-08:00","entry_id":59138,"field1":"6.5","field2":"7.1875"},{"created_at":"2019-11-10T13:43:06-08:00","entry_id":59139,"field1":"6.5","field2":"7.1875"},{"created_at":"2019-11-10T13:52:43-08:00","entry_id":59140,"field1":"6.5","field2":"7.4375"},{"created_at":"2019-11-10T14:02:20-08:00","entry_id":59141,"field1":"6.5625","field2":"7.4375"},{"created_at":"2019-11-10T14:11:58-08:00","entry_id":59142,"field1":"6.5625","field2":"7.4375"},{"created_at":"2019-11-10T14:21:35-08:00","entry_id":59143,"field1":"6.5625","field2":"7.25"},{"created_at":"2019-11-10T14:31:12-08:00","entry_id":59144,"field1":"6.5625","field2":"7.125"},{"created_at":"2019-11-10T14:40:48-08:00","entry_id":59145,"field1":"6.5625","field2":"6.8125"},{"created_at":"2019-11-10T14:50:26-08:00","entry_id":59146,"field1":"6.625","field2":"6.75"},{"created_at":"2019-11-10T15:00:02-08:00","entry_id":59147,"field1":"6.625","field2":"6.5625"},{"created_at":"2019-11-10T15:09:36-08:00","entry_id":59148,"field1":"6.625","field2":"6.25"},{"created_at":"2019-11-10T15:19:14-08:00","entry_id":59149,"field1":"6.625","field2":"6"},{"created_at":"2019-11-10T15:28:51-08:00","entry_id":59150,"field1":"6.625","field2":"5.6875"},{"created_at":"2019-11-10T15:38:28-08:00","entry_id":59151,"field1":"6.625","field2":"5.5"},{"created_at":"2019-11-10T15:48:05-08:00","entry_id":59152,"field1":"6.625","field2":"5.3125"},{"created_at":"2019-11-10T15:57:42-08:00","entry_id":59153,"field1":"6.625","field2":"5.125"},{"created_at":"2019-11-10T16:07:19-08:00","entry_id":59154,"field1":"6.5625","field2":"4.9375"},{"created_at":"2019-11-10T16:16:56-08:00","entry_id":59155,"field1":"6.5625","field2":"4.75"},{"created_at":"2019-11-10T16:26:33-08:00","entry_id":59156,"field1":"6.5625","field2":"4.6875"},{"created_at":"2019-11-10T16:36:10-08:00","entry_id":59157,"field1":"6.5625","field2":"4.5625"},{"created_at":"2019-11-10T16:45:47-08:00","entry_id":59158,"field1":"6.5625","field2":"4.375"},{"created_at":"2019-11-10T16:55:24-08:00","entry_id":59159,"field1":"6.5625","field2":"4.1875"},{"created_at":"2019-11-10T17:05:00-08:00","entry_id":59160,"field1":"6.5","field2":"4.0625"},{"created_at":"2019-11-10T17:14:37-08:00","entry_id":59161,"field1":"6.5","field2":"3.875"},{"created_at":"2019-11-10T17:24:14-08:00","entry_id":59162,"field1":"6.5","field2":"3.5625"},{"created_at":"2019-11-10T17:33:52-08:00","entry_id":59163,"field1":"6.4375","field2":"3.5"},{"created_at":"2019-11-10T17:43:29-08:00","entry_id":59164,"field1":"6.4375","field2":"3.3125"},{"created_at":"2019-11-10T17:53:06-08:00","entry_id":59165,"field1":"6.4375","field2":"3.3125"},{"created_at":"2019-11-10T18:02:43-08:00","entry_id":59166,"field1":"6.4375","field2":"3.125"},{"created_at":"2019-11-10T18:12:20-08:00","entry_id":59167,"field1":"6.375","field2":"2.9375"},{"created_at":"2019-11-10T18:21:57-08:00","entry_id":59168,"field1":"6.375","field2":"2.8125"},{"created_at":"2019-11-10T18:31:35-08:00","entry_id":59169,"field1":"6.375","field2":"2.6875"},{"created_at":"2019-11-10T18:41:11-08:00","entry_id":59170,"field1":"6.3125","field2":"2.5625"},{"created_at":"2019-11-10T18:50:49-08:00","entry_id":59171,"field1":"6.3125","field2":"2.3125"},{"created_at":"2019-11-10T19:00:25-08:00","entry_id":59172,"field1":"6.3125","field2":"2.25"},{"created_at":"2019-11-10T19:10:03-08:00","entry_id":59173,"field1":"6.25","field2":"2.25"},{"created_at":"2019-11-10T19:19:40-08:00","entry_id":59174,"field1":"6.25","field2":"2"},{"created_at":"2019-11-10T19:29:17-08:00","entry_id":59175,"field1":"6.25","field2":"1.9375"},{"created_at":"2019-11-10T19:38:53-08:00","entry_id":59176,"field1":"6.1875","field2":"1.9375"},{"created_at":"2019-11-10T19:48:30-08:00","entry_id":59177,"field1":"6.1875","field2":"1.875"},{"created_at":"2019-11-10T19:58:07-08:00","entry_id":59178,"field1":"6.125","field2":"1.9375"},{"created_at":"2019-11-10T20:07:44-08:00","entry_id":59179,"field1":"6.125","field2":"1.6875"},{"created_at":"2019-11-10T20:17:21-08:00","entry_id":59180,"field1":"6.0625","field2":"1.5"},{"created_at":"2019-11-10T20:26:58-08:00","entry_id":59181,"field1":"6.0625","field2":"1.4375"},{"created_at":"2019-11-10T20:36:36-08:00","entry_id":59182,"field1":"6.0625","field2":"1.6875"},{"created_at":"2019-11-10T20:46:12-08:00","entry_id":59183,"field1":"6","field2":"1.5"},{"created_at":"2019-11-10T20:55:49-08:00","entry_id":59184,"field1":"6","field2":"1.375"},{"created_at":"2019-11-10T21:05:27-08:00","entry_id":59185,"field1":"6","field2":"1.6875"},{"created_at":"2019-11-10T21:15:04-08:00","entry_id":59186,"field1":"5.9375","field2":"1.5625"},{"created_at":"2019-11-10T21:24:40-08:00","entry_id":59187,"field1":"5.9375","field2":"1.5"},{"created_at":"2019-11-10T21:34:17-08:00","entry_id":59188,"field1":"5.9375","field2":"1.5625"},{"created_at":"2019-11-10T21:43:54-08:00","entry_id":59189,"field1":"5.875","field2":"1.625"},{"created_at":"2019-11-10T21:53:31-08:00","entry_id":59190,"field1":"5.875","field2":"1.5625"},{"created_at":"2019-11-10T22:03:08-08:00","entry_id":59191,"field1":"5.8125","field2":"1.5625"},{"created_at":"2019-11-10T22:12:44-08:00","entry_id":59192,"field1":"5.8125","field2":"1.75"},{"created_at":"2019-11-10T22:22:21-08:00","entry_id":59193,"field1":"5.75","field2":"1.8125"},{"created_at":"2019-11-10T22:31:58-08:00","entry_id":59194,"field1":"5.75","field2":"1.75"},{"created_at":"2019-11-10T22:41:35-08:00","entry_id":59195,"field1":"5.6875","field2":"1.75"},{"created_at":"2019-11-10T22:51:12-08:00","entry_id":59196,"field1":"5.6875","field2":"1.8125"},{"created_at":"2019-11-10T23:00:49-08:00","entry_id":59197,"field1":"5.6875","field2":"1.6875"},{"created_at":"2019-11-10T23:10:26-08:00","entry_id":59198,"field1":"5.6875","field2":"1.375"},{"created_at":"2019-11-10T23:20:03-08:00","entry_id":59199,"field1":"5.625","field2":"1.1875"},{"created_at":"2019-11-10T23:29:40-08:00","entry_id":59200,"field1":"5.625","field2":"1.25"},{"created_at":"2019-11-10T23:39:17-08:00","entry_id":59201,"field1":"5.625","field2":"1.125"},{"created_at":"2019-11-10T23:48:53-08:00","entry_id":59202,"field1":"5.5625","field2":"1.4375"},{"created_at":"2019-11-10T23:58:30-08:00","entry_id":59203,"field1":"5.5625","field2":"1.5625"}]}