{"channel":{"id":581842,"name":"Upstairs Small Window Indoor / Outdoor Sensor","latitude":"0.0","longitude":"0.0","field1":"Indoor Temperature","field2":"Outdoor Temperature","created_at":"2018-09-23T15:37:52-07:00","updated_at":"2020-07-27T05:59:41-07:00","last_entry_id":184568},"feeds":[{"created_at":"2022-04-03T00:04:25-07:00","entry_id":184281,"field1":"9.3125","field2":"1.6875"},{"created_at":"2022-04-03T00:14:02-07:00","entry_id":184282,"field1":"9.25","field2":"1.6875"},{"created_at":"2022-04-03T00:23:40-07:00","entry_id":184283,"field1":"9.1875","field2":"1.5"},{"created_at":"2022-04-03T00:33:17-07:00","entry_id":184284,"field1":"9.3125","field2":"1.5"},{"created_at":"2022-04-03T00:42:55-07:00","entry_id":184285,"field1":"9.5","field2":"1.3125"},{"created_at":"2022-04-03T00:52:33-07:00","entry_id":184286,"field1":"9.6875","field2":"1.1875"},{"created_at":"2022-04-03T01:02:10-07:00","entry_id":184287,"field1":"9.625","field2":"1.3125"},{"created_at":"2022-04-03T01:11:47-07:00","entry_id":184288,"field1":"9.375","field2":"1.4375"},{"created_at":"2022-04-03T01:21:24-07:00","entry_id":184289,"field1":"9.25","field2":"1.25"},{"created_at":"2022-04-03T01:31:01-07:00","entry_id":184290,"field1":"9.1875","field2":"1.25"},{"created_at":"2022-04-03T01:40:38-07:00","entry_id":184291,"field1":"9.0625","field2":"1.25"},{"created_at":"2022-04-03T01:50:14-07:00","entry_id":184292,"field1":"9.1875","field2":"1.4375"},{"created_at":"2022-04-03T01:59:53-07:00","entry_id":184293,"field1":"9.375","field2":"1.4375"},{"created_at":"2022-04-03T02:09:30-07:00","entry_id":184294,"field1":"9.5","field2":"1.6875"},{"created_at":"2022-04-03T02:19:07-07:00","entry_id":184295,"field1":"9.625","field2":"1.8125"},{"created_at":"2022-04-03T02:28:44-07:00","entry_id":184296,"field1":"9.5","field2":"1.8125"},{"created_at":"2022-04-03T02:38:21-07:00","entry_id":184297,"field1":"9.3125","field2":"1.4375"},{"created_at":"2022-04-03T02:47:58-07:00","entry_id":184298,"field1":"9.1875","field2":"1.5625"},{"created_at":"2022-04-03T02:57:35-07:00","entry_id":184299,"field1":"9.0625","field2":"1.5625"},{"created_at":"2022-04-03T03:07:12-07:00","entry_id":184300,"field1":"9","field2":"1.625"},{"created_at":"2022-04-03T03:16:48-07:00","entry_id":184301,"field1":"9.1875","field2":"1.6875"},{"created_at":"2022-04-03T03:26:26-07:00","entry_id":184302,"field1":"9.4375","field2":"1.8125"},{"created_at":"2022-04-03T03:36:04-07:00","entry_id":184303,"field1":"9.5","field2":"1.875"},{"created_at":"2022-04-03T03:45:41-07:00","entry_id":184304,"field1":"9.5625","field2":"2"},{"created_at":"2022-04-03T03:55:18-07:00","entry_id":184305,"field1":"9.375","field2":"2"},{"created_at":"2022-04-03T04:04:55-07:00","entry_id":184306,"field1":"9.1875","field2":"1.9375"},{"created_at":"2022-04-03T04:14:33-07:00","entry_id":184307,"field1":"9.0625","field2":"2"},{"created_at":"2022-04-03T04:24:08-07:00","entry_id":184308,"field1":"8.9375","field2":"2.0625"},{"created_at":"2022-04-03T04:33:46-07:00","entry_id":184309,"field1":"9.0625","field2":"2.0625"},{"created_at":"2022-04-03T04:43:23-07:00","entry_id":184310,"field1":"9.25","field2":"2.0625"},{"created_at":"2022-04-03T04:53:01-07:00","entry_id":184311,"field1":"9.4375","field2":"2"},{"created_at":"2022-04-03T05:02:38-07:00","entry_id":184312,"field1":"9.5","field2":"2"},{"created_at":"2022-04-03T05:12:15-07:00","entry_id":184313,"field1":"9.5625","field2":"2.125"},{"created_at":"2022-04-03T05:21:53-07:00","entry_id":184314,"field1":"9.3125","field2":"2.1875"},{"created_at":"2022-04-03T05:31:28-07:00","entry_id":184315,"field1":"9.125","field2":"2.3125"},{"created_at":"2022-04-03T05:41:06-07:00","entry_id":184316,"field1":"9","field2":"2.4375"},{"created_at":"2022-04-03T05:50:41-07:00","entry_id":184317,"field1":"8.9375","field2":"2.5"},{"created_at":"2022-04-03T06:00:19-07:00","entry_id":184318,"field1":"9.125","field2":"2.5625"},{"created_at":"2022-04-03T06:09:57-07:00","entry_id":184319,"field1":"9.3125","field2":"2.375"},{"created_at":"2022-04-03T06:19:33-07:00","entry_id":184320,"field1":"9.4375","field2":"2.3125"},{"created_at":"2022-04-03T06:29:11-07:00","entry_id":184321,"field1":"9.5","field2":"2.3125"},{"created_at":"2022-04-03T06:38:48-07:00","entry_id":184322,"field1":"9.5625","field2":"2.3125"},{"created_at":"2022-04-03T06:48:26-07:00","entry_id":184323,"field1":"9.3125","field2":"2.4375"},{"created_at":"2022-04-03T06:58:03-07:00","entry_id":184324,"field1":"9.125","field2":"2.5"},{"created_at":"2022-04-03T07:07:41-07:00","entry_id":184325,"field1":"9","field2":"2.6875"},{"created_at":"2022-04-03T07:17:18-07:00","entry_id":184326,"field1":"8.9375","field2":"2.9375"},{"created_at":"2022-04-03T07:26:55-07:00","entry_id":184327,"field1":"9.1875","field2":"3.1875"},{"created_at":"2022-04-03T07:36:32-07:00","entry_id":184328,"field1":"9.375","field2":"3.375"},{"created_at":"2022-04-03T07:46:08-07:00","entry_id":184329,"field1":"9.5","field2":"3.125"},{"created_at":"2022-04-03T07:55:44-07:00","entry_id":184330,"field1":"9.625","field2":"3.125"},{"created_at":"2022-04-03T08:05:19-07:00","entry_id":184331,"field1":"9.6875","field2":"3.375"},{"created_at":"2022-04-03T08:14:57-07:00","entry_id":184332,"field1":"9.5","field2":"3.8125"},{"created_at":"2022-04-03T08:24:35-07:00","entry_id":184333,"field1":"9.3125","field2":"4.3125"},{"created_at":"2022-04-03T08:34:11-07:00","entry_id":184334,"field1":"9.25","field2":"4.5"},{"created_at":"2022-04-03T08:43:47-07:00","entry_id":184335,"field1":"9.1875","field2":"3.8125"},{"created_at":"2022-04-03T08:53:24-07:00","entry_id":184336,"field1":"9.25","field2":"3.625"},{"created_at":"2022-04-03T09:03:01-07:00","entry_id":184337,"field1":"9.5","field2":"3.9375"},{"created_at":"2022-04-03T09:12:38-07:00","entry_id":184338,"field1":"9.625","field2":"3.625"},{"created_at":"2022-04-03T09:22:15-07:00","entry_id":184339,"field1":"9.75","field2":"3.75"},{"created_at":"2022-04-03T09:31:52-07:00","entry_id":184340,"field1":"9.8125","field2":"3.6875"},{"created_at":"2022-04-03T09:41:29-07:00","entry_id":184341,"field1":"9.625","field2":"4.4375"},{"created_at":"2022-04-03T09:51:07-07:00","entry_id":184342,"field1":"9.4375","field2":"4.625"},{"created_at":"2022-04-03T10:00:44-07:00","entry_id":184343,"field1":"9.3125","field2":"4.25"},{"created_at":"2022-04-03T10:10:19-07:00","entry_id":184344,"field1":"9.3125","field2":"4.25"},{"created_at":"2022-04-03T10:19:56-07:00","entry_id":184345,"field1":"9.4375","field2":"4.5625"},{"created_at":"2022-04-03T10:29:32-07:00","entry_id":184346,"field1":"9.625","field2":"4.6875"},{"created_at":"2022-04-03T10:39:08-07:00","entry_id":184347,"field1":"9.8125","field2":"4.9375"},{"created_at":"2022-04-03T10:48:46-07:00","entry_id":184348,"field1":"9.9375","field2":"5.3125"},{"created_at":"2022-04-03T10:58:23-07:00","entry_id":184349,"field1":"9.8125","field2":"4.9375"},{"created_at":"2022-04-03T11:08:00-07:00","entry_id":184350,"field1":"9.625","field2":"5.1875"},{"created_at":"2022-04-03T11:17:38-07:00","entry_id":184351,"field1":"9.5","field2":"5.375"},{"created_at":"2022-04-03T11:27:15-07:00","entry_id":184352,"field1":"9.4375","field2":"5.5625"},{"created_at":"2022-04-03T11:36:51-07:00","entry_id":184353,"field1":"9.375","field2":"5.5"},{"created_at":"2022-04-03T11:46:28-07:00","entry_id":184354,"field1":"9.625","field2":"5.75"},{"created_at":"2022-04-03T11:56:07-07:00","entry_id":184355,"field1":"9.875","field2":"6.125"},{"created_at":"2022-04-03T12:05:44-07:00","entry_id":184356,"field1":"10","field2":"6.6875"},{"created_at":"2022-04-03T12:15:20-07:00","entry_id":184357,"field1":"9.875","field2":"6.625"},{"created_at":"2022-04-03T12:24:56-07:00","entry_id":184358,"field1":"9.75","field2":"6.625"},{"created_at":"2022-04-03T12:34:33-07:00","entry_id":184359,"field1":"9.75","field2":"7.0625"},{"created_at":"2022-04-03T12:44:10-07:00","entry_id":184360,"field1":"9.6875","field2":"7.5625"},{"created_at":"2022-04-03T12:53:48-07:00","entry_id":184361,"field1":"9.6875","field2":"7.8125"},{"created_at":"2022-04-03T13:03:25-07:00","entry_id":184362,"field1":"9.6875","field2":"7.75"},{"created_at":"2022-04-03T13:13:03-07:00","entry_id":184363,"field1":"9.875","field2":"7.8125"},{"created_at":"2022-04-03T13:22:40-07:00","entry_id":184364,"field1":"10.125","field2":"8"},{"created_at":"2022-04-03T13:32:17-07:00","entry_id":184365,"field1":"10.25","field2":"8.8125"},{"created_at":"2022-04-03T13:41:54-07:00","entry_id":184366,"field1":"10.125","field2":"8.5625"},{"created_at":"2022-04-03T13:51:32-07:00","entry_id":184367,"field1":"10","field2":"8.875"},{"created_at":"2022-04-03T14:01:09-07:00","entry_id":184368,"field1":"10","field2":"9.125"},{"created_at":"2022-04-03T14:10:47-07:00","entry_id":184369,"field1":"10","field2":"8.75"},{"created_at":"2022-04-03T14:20:23-07:00","entry_id":184370,"field1":"10","field2":"8.125"},{"created_at":"2022-04-03T14:30:01-07:00","entry_id":184371,"field1":"9.9375","field2":"8.125"},{"created_at":"2022-04-03T14:39:39-07:00","entry_id":184372,"field1":"9.9375","field2":"8.4375"},{"created_at":"2022-04-03T14:49:16-07:00","entry_id":184373,"field1":"10","field2":"8.625"},{"created_at":"2022-04-03T14:58:53-07:00","entry_id":184374,"field1":"10.0625","field2":"9.75"},{"created_at":"2022-04-03T15:08:31-07:00","entry_id":184375,"field1":"10.375","field2":"9.4375"},{"created_at":"2022-04-03T15:18:08-07:00","entry_id":184376,"field1":"10.5","field2":"9.375"},{"created_at":"2022-04-03T15:27:46-07:00","entry_id":184377,"field1":"10.375","field2":"9.5"},{"created_at":"2022-04-03T15:37:23-07:00","entry_id":184378,"field1":"10.25","field2":"9.625"},{"created_at":"2022-04-03T15:47:01-07:00","entry_id":184379,"field1":"10.25","field2":"9.5625"},{"created_at":"2022-04-03T15:56:38-07:00","entry_id":184380,"field1":"10.1875","field2":"9.9375"},{"created_at":"2022-04-03T16:06:15-07:00","entry_id":184381,"field1":"10.1875","field2":"10.1875"},{"created_at":"2022-04-03T16:15:51-07:00","entry_id":184382,"field1":"10.1875","field2":"9.9375"},{"created_at":"2022-04-03T16:25:30-07:00","entry_id":184383,"field1":"10.1875","field2":"10"},{"created_at":"2022-04-03T16:35:07-07:00","entry_id":184384,"field1":"10.1875","field2":"9.75"},{"created_at":"2022-04-03T16:44:44-07:00","entry_id":184385,"field1":"10.1875","field2":"9.75"},{"created_at":"2022-04-03T16:54:21-07:00","entry_id":184386,"field1":"10.1875","field2":"9.625"},{"created_at":"2022-04-03T17:03:58-07:00","entry_id":184387,"field1":"10.1875","field2":"9.375"},{"created_at":"2022-04-03T17:13:36-07:00","entry_id":184388,"field1":"10.125","field2":"9.0625"},{"created_at":"2022-04-03T17:23:13-07:00","entry_id":184389,"field1":"10.125","field2":"8.9375"},{"created_at":"2022-04-03T17:32:51-07:00","entry_id":184390,"field1":"10.375","field2":"8.875"},{"created_at":"2022-04-03T17:42:28-07:00","entry_id":184391,"field1":"10.5625","field2":"8.0625"},{"created_at":"2022-04-03T17:52:06-07:00","entry_id":184392,"field1":"10.4375","field2":"8.4375"},{"created_at":"2022-04-03T18:01:43-07:00","entry_id":184393,"field1":"10.3125","field2":"8.25"},{"created_at":"2022-04-03T18:11:21-07:00","entry_id":184394,"field1":"10.25","field2":"7.625"},{"created_at":"2022-04-03T18:20:57-07:00","entry_id":184395,"field1":"10.1875","field2":"7.5"},{"created_at":"2022-04-03T18:30:35-07:00","entry_id":184396,"field1":"10.1875","field2":"7.125"},{"created_at":"2022-04-03T18:40:12-07:00","entry_id":184397,"field1":"10.125","field2":"6.9375"},{"created_at":"2022-04-03T18:49:49-07:00","entry_id":184398,"field1":"10.125","field2":"7"},{"created_at":"2022-04-03T18:59:26-07:00","entry_id":184399,"field1":"10.125","field2":"6.875"},{"created_at":"2022-04-03T19:09:03-07:00","entry_id":184400,"field1":"10.0625","field2":"6.8125"},{"created_at":"2022-04-03T19:18:40-07:00","entry_id":184401,"field1":"10.0625","field2":"6.6875"},{"created_at":"2022-04-03T19:28:17-07:00","entry_id":184402,"field1":"10","field2":"6.625"},{"created_at":"2022-04-03T19:37:53-07:00","entry_id":184403,"field1":"10","field2":"6.5"},{"created_at":"2022-04-03T19:47:31-07:00","entry_id":184404,"field1":"10.0625","field2":"6.375"},{"created_at":"2022-04-03T19:57:08-07:00","entry_id":184405,"field1":"10.25","field2":"6.25"},{"created_at":"2022-04-03T20:06:45-07:00","entry_id":184406,"field1":"10.375","field2":"5.9375"},{"created_at":"2022-04-03T20:16:22-07:00","entry_id":184407,"field1":"10.25","field2":"5.9375"},{"created_at":"2022-04-03T20:26:00-07:00","entry_id":184408,"field1":"10.125","field2":"6"},{"created_at":"2022-04-03T20:35:37-07:00","entry_id":184409,"field1":"10.0625","field2":"5.75"},{"created_at":"2022-04-03T20:45:14-07:00","entry_id":184410,"field1":"10","field2":"5.6875"},{"created_at":"2022-04-03T20:54:51-07:00","entry_id":184411,"field1":"9.9375","field2":"5.4375"},{"created_at":"2022-04-03T21:04:29-07:00","entry_id":184412,"field1":"9.9375","field2":"5.5625"},{"created_at":"2022-04-03T21:14:07-07:00","entry_id":184413,"field1":"9.9375","field2":"5.5625"},{"created_at":"2022-04-03T21:23:43-07:00","entry_id":184414,"field1":"9.875","field2":"5.625"},{"created_at":"2022-04-03T21:33:21-07:00","entry_id":184415,"field1":"9.8125","field2":"5.5625"},{"created_at":"2022-04-03T21:42:58-07:00","entry_id":184416,"field1":"9.8125","field2":"5.5"},{"created_at":"2022-04-03T21:52:35-07:00","entry_id":184417,"field1":"9.8125","field2":"5.3125"},{"created_at":"2022-04-03T22:02:14-07:00","entry_id":184418,"field1":"10","field2":"5.0625"},{"created_at":"2022-04-03T22:11:52-07:00","entry_id":184419,"field1":"10.1875","field2":"5.0625"},{"created_at":"2022-04-03T22:21:29-07:00","entry_id":184420,"field1":"10.0625","field2":"5.0625"},{"created_at":"2022-04-03T22:31:06-07:00","entry_id":184421,"field1":"9.9375","field2":"4.9375"},{"created_at":"2022-04-03T22:40:44-07:00","entry_id":184422,"field1":"9.8125","field2":"5.125"},{"created_at":"2022-04-03T22:50:21-07:00","entry_id":184423,"field1":"9.8125","field2":"5.125"},{"created_at":"2022-04-03T22:59:59-07:00","entry_id":184424,"field1":"9.75","field2":"5.0625"},{"created_at":"2022-04-03T23:09:35-07:00","entry_id":184425,"field1":"9.6875","field2":"5.125"},{"created_at":"2022-04-03T23:19:12-07:00","entry_id":184426,"field1":"9.625","field2":"5.125"},{"created_at":"2022-04-03T23:28:49-07:00","entry_id":184427,"field1":"9.625","field2":"5.0625"},{"created_at":"2022-04-03T23:38:26-07:00","entry_id":184428,"field1":"9.625","field2":"5.0625"},{"created_at":"2022-04-03T23:48:03-07:00","entry_id":184429,"field1":"9.875","field2":"5"},{"created_at":"2022-04-03T23:57:41-07:00","entry_id":184430,"field1":"10.0625","field2":"4.875"}]}