{"channel":{"id":581842,"name":"Upstairs Small Window Indoor / Outdoor Sensor","latitude":"0.0","longitude":"0.0","field1":"Indoor Temperature","field2":"Outdoor Temperature","created_at":"2018-09-23T15:37:52-07:00","updated_at":"2020-07-27T05:59:41-07:00","last_entry_id":150128},"feeds":[{"created_at":"2019-03-02T00:06:59-08:00","entry_id":22258,"field1":"-3.0625","field2":"-3.4375"},{"created_at":"2019-03-02T00:16:35-08:00","entry_id":22259,"field1":"-3.0625","field2":"-3.5"},{"created_at":"2019-03-02T00:26:11-08:00","entry_id":22260,"field1":"-3.0625","field2":"-3.5625"},{"created_at":"2019-03-02T00:35:47-08:00","entry_id":22261,"field1":"-3.0625","field2":"-3.5625"},{"created_at":"2019-03-02T00:45:24-08:00","entry_id":22262,"field1":"-3.0625","field2":"-3.625"},{"created_at":"2019-03-02T00:55:01-08:00","entry_id":22263,"field1":"-3.0625","field2":"-3.8125"},{"created_at":"2019-03-02T01:04:37-08:00","entry_id":22264,"field1":"-3.0625","field2":"-4"},{"created_at":"2019-03-02T01:14:13-08:00","entry_id":22265,"field1":"-3.0625","field2":"-4.0625"},{"created_at":"2019-03-02T01:23:50-08:00","entry_id":22266,"field1":"-3.125","field2":"-4.25"},{"created_at":"2019-03-02T01:33:27-08:00","entry_id":22267,"field1":"-3.125","field2":"-4.375"},{"created_at":"2019-03-02T01:43:02-08:00","entry_id":22268,"field1":"-3.125","field2":"-4.5625"},{"created_at":"2019-03-02T01:52:39-08:00","entry_id":22269,"field1":"-3.125","field2":"-4.75"},{"created_at":"2019-03-02T02:02:15-08:00","entry_id":22270,"field1":"-3.1875","field2":"-4.9375"},{"created_at":"2019-03-02T02:21:47-08:00","entry_id":22271,"field1":"-3.1875","field2":"-5.25"},{"created_at":"2019-03-02T02:31:24-08:00","entry_id":22272,"field1":"-3.1875","field2":"-5.4375"},{"created_at":"2019-03-02T02:41:01-08:00","entry_id":22273,"field1":"-3.1875","field2":"-5.625"},{"created_at":"2019-03-02T02:50:37-08:00","entry_id":22274,"field1":"-3.25","field2":"-5.8125"},{"created_at":"2019-03-02T03:00:13-08:00","entry_id":22275,"field1":"-3.25","field2":"-5.9375"},{"created_at":"2019-03-02T03:09:50-08:00","entry_id":22276,"field1":"-3.25","field2":"-6"},{"created_at":"2019-03-02T03:19:26-08:00","entry_id":22277,"field1":"-3.25","field2":"-6"},{"created_at":"2019-03-02T03:29:04-08:00","entry_id":22278,"field1":"-3.25","field2":"-6.125"},{"created_at":"2019-03-02T03:38:41-08:00","entry_id":22279,"field1":"-3.25","field2":"-6"},{"created_at":"2019-03-02T03:48:18-08:00","entry_id":22280,"field1":"-3.25","field2":"-5.9375"},{"created_at":"2019-03-02T03:57:54-08:00","entry_id":22281,"field1":"-3.25","field2":"-6"},{"created_at":"2019-03-02T04:07:31-08:00","entry_id":22282,"field1":"-3.3125","field2":"-6.0625"},{"created_at":"2019-03-02T04:17:08-08:00","entry_id":22283,"field1":"-3.3125","field2":"-6"},{"created_at":"2019-03-02T04:26:49-08:00","entry_id":22284,"field1":"-3.3125","field2":"-6.1875"},{"created_at":"2019-03-02T04:36:23-08:00","entry_id":22285,"field1":"-3.3125","field2":"-6.25"},{"created_at":"2019-03-02T04:46:00-08:00","entry_id":22286,"field1":"-3.3125","field2":"-6.75"},{"created_at":"2019-03-02T04:55:38-08:00","entry_id":22287,"field1":"-3.375","field2":"-7.0625"},{"created_at":"2019-03-02T05:05:14-08:00","entry_id":22288,"field1":"-3.375","field2":"-7.1875"},{"created_at":"2019-03-02T05:14:55-08:00","entry_id":22289,"field1":"-3.375","field2":"-7.3125"},{"created_at":"2019-03-02T05:24:30-08:00","entry_id":22290,"field1":"-3.375","field2":"-7.6875"},{"created_at":"2019-03-02T05:34:07-08:00","entry_id":22291,"field1":"-3.4375","field2":"-7.6875"},{"created_at":"2019-03-02T05:43:44-08:00","entry_id":22292,"field1":"-3.5","field2":"-7.9375"},{"created_at":"2019-03-02T05:53:21-08:00","entry_id":22293,"field1":"-3.5","field2":"-8.125"},{"created_at":"2019-03-02T06:02:58-08:00","entry_id":22294,"field1":"-3.5","field2":"-8.25"},{"created_at":"2019-03-02T06:12:34-08:00","entry_id":22295,"field1":"-3.5","field2":"-8.25"},{"created_at":"2019-03-02T06:22:11-08:00","entry_id":22296,"field1":"-3.5625","field2":"-8.3125"},{"created_at":"2019-03-02T06:31:47-08:00","entry_id":22297,"field1":"-3.5625","field2":"-8.4375"},{"created_at":"2019-03-02T06:41:24-08:00","entry_id":22298,"field1":"-3.5625","field2":"-8.6875"},{"created_at":"2019-03-02T06:51:02-08:00","entry_id":22299,"field1":"-3.625","field2":"-8.6875"},{"created_at":"2019-03-02T07:00:39-08:00","entry_id":22300,"field1":"-3.625","field2":"-8.625"},{"created_at":"2019-03-02T07:10:15-08:00","entry_id":22301,"field1":"-3.625","field2":"-8.75"},{"created_at":"2019-03-02T07:19:52-08:00","entry_id":22302,"field1":"-3.6875","field2":"-8.875"},{"created_at":"2019-03-02T07:29:28-08:00","entry_id":22303,"field1":"-3.6875","field2":"-8.6875"},{"created_at":"2019-03-02T07:39:05-08:00","entry_id":22304,"field1":"-3.75","field2":"-8.625"},{"created_at":"2019-03-02T07:48:41-08:00","entry_id":22305,"field1":"-3.75","field2":"-8.625"},{"created_at":"2019-03-02T07:58:18-08:00","entry_id":22306,"field1":"-3.75","field2":"-8.8125"},{"created_at":"2019-03-02T08:07:55-08:00","entry_id":22307,"field1":"-3.5","field2":"-6.9375"},{"created_at":"2019-03-02T08:17:32-08:00","entry_id":22308,"field1":"-3.1875","field2":"-5.5"},{"created_at":"2019-03-02T08:27:09-08:00","entry_id":22309,"field1":"-3.0625","field2":"-5.375"},{"created_at":"2019-03-02T08:36:46-08:00","entry_id":22310,"field1":"-2.875","field2":"-4.6875"},{"created_at":"2019-03-02T08:46:23-08:00","entry_id":22311,"field1":"-2.875","field2":"-6.25"},{"created_at":"2019-03-02T08:55:59-08:00","entry_id":22312,"field1":"-2.9375","field2":"-5.875"},{"created_at":"2019-03-02T09:05:35-08:00","entry_id":22313,"field1":"-3","field2":"-5.875"},{"created_at":"2019-03-02T09:15:12-08:00","entry_id":22314,"field1":"-3","field2":"-5.6875"},{"created_at":"2019-03-02T09:24:48-08:00","entry_id":22315,"field1":"-3","field2":"-5.8125"},{"created_at":"2019-03-02T09:34:29-08:00","entry_id":22316,"field1":"-3","field2":"-5.8125"},{"created_at":"2019-03-02T09:44:04-08:00","entry_id":22317,"field1":"-3","field2":"-5.875"},{"created_at":"2019-03-02T09:53:41-08:00","entry_id":22318,"field1":"-3","field2":"-5.5625"},{"created_at":"2019-03-02T10:03:18-08:00","entry_id":22319,"field1":"-3","field2":"-5.375"},{"created_at":"2019-03-02T10:12:54-08:00","entry_id":22320,"field1":"-2.8125","field2":"-5"},{"created_at":"2019-03-02T10:22:31-08:00","entry_id":22321,"field1":"-2.625","field2":"-5.3125"},{"created_at":"2019-03-02T10:32:07-08:00","entry_id":22322,"field1":"-2.5","field2":"-5.0625"},{"created_at":"2019-03-02T10:41:45-08:00","entry_id":22323,"field1":"-2.375","field2":"-4.6875"},{"created_at":"2019-03-02T10:51:21-08:00","entry_id":22324,"field1":"-2.125","field2":"-4.1875"},{"created_at":"2019-03-02T11:00:59-08:00","entry_id":22325,"field1":"-2.0625","field2":"-4.1875"},{"created_at":"2019-03-02T11:10:35-08:00","entry_id":22326,"field1":"-1.9375","field2":"-4.125"},{"created_at":"2019-03-02T11:20:14-08:00","entry_id":22327,"field1":"-1.8125","field2":"-3.6875"},{"created_at":"2019-03-02T11:29:50-08:00","entry_id":22328,"field1":"-1.875","field2":"-4.1875"},{"created_at":"2019-03-02T11:39:26-08:00","entry_id":22329,"field1":"-1.875","field2":"-3.9375"},{"created_at":"2019-03-02T11:49:03-08:00","entry_id":22330,"field1":"-2","field2":"-3.6875"},{"created_at":"2019-03-02T11:58:39-08:00","entry_id":22331,"field1":"-2.0625","field2":"-3.5625"},{"created_at":"2019-03-02T12:08:16-08:00","entry_id":22332,"field1":"-2.125","field2":"-3.375"},{"created_at":"2019-03-02T12:17:52-08:00","entry_id":22333,"field1":"-2.0625","field2":"-3.3125"},{"created_at":"2019-03-02T12:27:28-08:00","entry_id":22334,"field1":"-2.0625","field2":"-3.0625"},{"created_at":"2019-03-02T12:37:05-08:00","entry_id":22335,"field1":"-2.0625","field2":"-3"},{"created_at":"2019-03-02T12:46:42-08:00","entry_id":22336,"field1":"-2","field2":"-2.875"},{"created_at":"2019-03-02T12:56:17-08:00","entry_id":22337,"field1":"-2","field2":"-2.8125"},{"created_at":"2019-03-02T13:05:54-08:00","entry_id":22338,"field1":"-2","field2":"-2.6875"},{"created_at":"2019-03-02T13:15:30-08:00","entry_id":22339,"field1":"-2","field2":"-2.5625"},{"created_at":"2019-03-02T13:25:08-08:00","entry_id":22340,"field1":"-2","field2":"-2.4375"},{"created_at":"2019-03-02T13:34:43-08:00","entry_id":22341,"field1":"-2.0625","field2":"-2.5"},{"created_at":"2019-03-02T13:44:20-08:00","entry_id":22342,"field1":"-2.0625","field2":"-2.375"},{"created_at":"2019-03-02T13:53:56-08:00","entry_id":22343,"field1":"-2.0625","field2":"-2.375"},{"created_at":"2019-03-02T14:03:33-08:00","entry_id":22344,"field1":"-2.0625","field2":"-2.3125"},{"created_at":"2019-03-02T14:13:10-08:00","entry_id":22345,"field1":"-2.0625","field2":"-2.25"},{"created_at":"2019-03-02T14:22:46-08:00","entry_id":22346,"field1":"-2.125","field2":"-2.1875"},{"created_at":"2019-03-02T14:32:23-08:00","entry_id":22347,"field1":"-2.125","field2":"-2.1875"},{"created_at":"2019-03-02T14:42:00-08:00","entry_id":22348,"field1":"-2.125","field2":"-2.25"},{"created_at":"2019-03-02T14:51:35-08:00","entry_id":22349,"field1":"-2.125","field2":"-2.625"},{"created_at":"2019-03-02T15:01:13-08:00","entry_id":22350,"field1":"-2.1875","field2":"-2.5625"},{"created_at":"2019-03-02T15:10:50-08:00","entry_id":22351,"field1":"-2.1875","field2":"-3"},{"created_at":"2019-03-02T15:20:26-08:00","entry_id":22352,"field1":"-2.1875","field2":"-3.125"},{"created_at":"2019-03-02T15:30:02-08:00","entry_id":22353,"field1":"-2.1875","field2":"-3.25"},{"created_at":"2019-03-02T15:39:39-08:00","entry_id":22354,"field1":"-2.1875","field2":"-3.3125"},{"created_at":"2019-03-02T15:49:16-08:00","entry_id":22355,"field1":"-2.1875","field2":"-3.3125"},{"created_at":"2019-03-02T15:58:52-08:00","entry_id":22356,"field1":"-2.25","field2":"-3.5"},{"created_at":"2019-03-02T16:08:30-08:00","entry_id":22357,"field1":"-2.25","field2":"-3.625"},{"created_at":"2019-03-02T16:18:06-08:00","entry_id":22358,"field1":"-2.25","field2":"-3.8125"},{"created_at":"2019-03-02T16:27:42-08:00","entry_id":22359,"field1":"-2.3125","field2":"-3.9375"},{"created_at":"2019-03-02T16:37:19-08:00","entry_id":22360,"field1":"-2.3125","field2":"-4.125"},{"created_at":"2019-03-02T16:46:55-08:00","entry_id":22361,"field1":"-2.375","field2":"-4.1875"},{"created_at":"2019-03-02T16:56:31-08:00","entry_id":22362,"field1":"-2.375","field2":"-4.3125"},{"created_at":"2019-03-02T17:06:08-08:00","entry_id":22363,"field1":"-2.375","field2":"-4.5"},{"created_at":"2019-03-02T17:15:45-08:00","entry_id":22364,"field1":"-2.4375","field2":"-4.625"},{"created_at":"2019-03-02T17:25:22-08:00","entry_id":22365,"field1":"-2.4375","field2":"-4.6875"},{"created_at":"2019-03-02T17:34:58-08:00","entry_id":22366,"field1":"-2.5","field2":"-4.75"},{"created_at":"2019-03-02T17:44:34-08:00","entry_id":22367,"field1":"-2.5","field2":"-4.9375"},{"created_at":"2019-03-02T17:54:11-08:00","entry_id":22368,"field1":"-2.5625","field2":"-5.0625"},{"created_at":"2019-03-02T18:03:47-08:00","entry_id":22369,"field1":"-2.5625","field2":"-5.1875"},{"created_at":"2019-03-02T18:13:23-08:00","entry_id":22370,"field1":"-2.5625","field2":"-5.3125"},{"created_at":"2019-03-02T18:22:59-08:00","entry_id":22371,"field1":"-2.625","field2":"-5.375"},{"created_at":"2019-03-02T18:32:35-08:00","entry_id":22372,"field1":"-2.625","field2":"-5.5625"},{"created_at":"2019-03-02T18:42:12-08:00","entry_id":22373,"field1":"-2.625","field2":"-5.6875"},{"created_at":"2019-03-02T18:51:48-08:00","entry_id":22374,"field1":"-2.625","field2":"-5.75"},{"created_at":"2019-03-02T19:01:24-08:00","entry_id":22375,"field1":"-2.6875","field2":"-5.8125"},{"created_at":"2019-03-02T19:11:02-08:00","entry_id":22376,"field1":"-2.6875","field2":"-5.9375"},{"created_at":"2019-03-02T19:20:38-08:00","entry_id":22377,"field1":"-2.6875","field2":"-6"},{"created_at":"2019-03-02T19:30:15-08:00","entry_id":22378,"field1":"-2.6875","field2":"-6.0625"},{"created_at":"2019-03-02T19:39:51-08:00","entry_id":22379,"field1":"-2.75","field2":"-6.25"},{"created_at":"2019-03-02T19:49:27-08:00","entry_id":22380,"field1":"-2.6875","field2":"-6.375"},{"created_at":"2019-03-02T19:59:03-08:00","entry_id":22381,"field1":"-2.75","field2":"-6.4375"},{"created_at":"2019-03-02T20:08:41-08:00","entry_id":22382,"field1":"-2.75","field2":"-6.625"},{"created_at":"2019-03-02T20:18:17-08:00","entry_id":22383,"field1":"-2.8125","field2":"-6.6875"},{"created_at":"2019-03-02T20:27:54-08:00","entry_id":22384,"field1":"-2.8125","field2":"-6.8125"},{"created_at":"2019-03-02T20:37:30-08:00","entry_id":22385,"field1":"-2.875","field2":"-6.9375"},{"created_at":"2019-03-02T20:47:07-08:00","entry_id":22386,"field1":"-2.875","field2":"-7.0625"},{"created_at":"2019-03-02T20:56:43-08:00","entry_id":22387,"field1":"-2.875","field2":"-7.1875"},{"created_at":"2019-03-02T21:06:20-08:00","entry_id":22388,"field1":"-2.9375","field2":"-7.25"},{"created_at":"2019-03-02T21:15:57-08:00","entry_id":22389,"field1":"-2.9375","field2":"-7.5625"},{"created_at":"2019-03-02T21:25:34-08:00","entry_id":22390,"field1":"-3","field2":"-7.5"},{"created_at":"2019-03-02T21:35:10-08:00","entry_id":22391,"field1":"-3","field2":"-7.5625"},{"created_at":"2019-03-02T21:44:48-08:00","entry_id":22392,"field1":"-3.0625","field2":"-7.625"},{"created_at":"2019-03-02T21:54:24-08:00","entry_id":22393,"field1":"-3.0625","field2":"-7.8125"},{"created_at":"2019-03-02T22:04:01-08:00","entry_id":22394,"field1":"-3.0625","field2":"-7.8125"},{"created_at":"2019-03-02T22:13:38-08:00","entry_id":22395,"field1":"-3.125","field2":"-8.125"},{"created_at":"2019-03-02T22:23:14-08:00","entry_id":22396,"field1":"-3.125","field2":"-8.125"},{"created_at":"2019-03-02T22:32:51-08:00","entry_id":22397,"field1":"-3.1875","field2":"-8.3125"},{"created_at":"2019-03-02T22:42:28-08:00","entry_id":22398,"field1":"-3.1875","field2":"-8.25"},{"created_at":"2019-03-02T22:52:04-08:00","entry_id":22399,"field1":"-3.1875","field2":"-8.4375"},{"created_at":"2019-03-02T23:01:41-08:00","entry_id":22400,"field1":"-3.25","field2":"-8.4375"},{"created_at":"2019-03-02T23:11:17-08:00","entry_id":22401,"field1":"-3.25","field2":"-8.625"},{"created_at":"2019-03-02T23:20:54-08:00","entry_id":22402,"field1":"-3.3125","field2":"-8.6875"},{"created_at":"2019-03-02T23:30:30-08:00","entry_id":22403,"field1":"-3.3125","field2":"-9"},{"created_at":"2019-03-02T23:40:07-08:00","entry_id":22404,"field1":"-3.3125","field2":"-9.75"},{"created_at":"2019-03-02T23:49:44-08:00","entry_id":22405,"field1":"-3.375","field2":"-9.5625"},{"created_at":"2019-03-02T23:59:21-08:00","entry_id":22406,"field1":"-3.375","field2":"-9.9375"}]}