{"channel":{"id":581842,"name":"Upstairs Small Window Indoor / Outdoor Sensor","latitude":"0.0","longitude":"0.0","field1":"Indoor Temperature","field2":"Outdoor Temperature","created_at":"2018-09-23T15:37:52-07:00","updated_at":"2020-07-27T05:59:41-07:00","last_entry_id":167137},"feeds":[{"created_at":"2021-12-07T00:07:43-08:00","entry_id":166856,"field1":"6.25","field2":"-5.0625"},{"created_at":"2021-12-07T00:17:21-08:00","entry_id":166857,"field1":"6.25","field2":"-5"},{"created_at":"2021-12-07T00:26:58-08:00","entry_id":166858,"field1":"6.25","field2":"-4.875"},{"created_at":"2021-12-07T00:36:35-08:00","entry_id":166859,"field1":"6.25","field2":"-4.875"},{"created_at":"2021-12-07T00:46:13-08:00","entry_id":166860,"field1":"6.1875","field2":"-4.5625"},{"created_at":"2021-12-07T00:55:49-08:00","entry_id":166861,"field1":"6.1875","field2":"-4.5625"},{"created_at":"2021-12-07T01:05:25-08:00","entry_id":166862,"field1":"6.1875","field2":"-4.6875"},{"created_at":"2021-12-07T01:15:01-08:00","entry_id":166863,"field1":"6.1875","field2":"-4.4375"},{"created_at":"2021-12-07T01:24:39-08:00","entry_id":166864,"field1":"6.1875","field2":"-4.375"},{"created_at":"2021-12-07T01:34:15-08:00","entry_id":166865,"field1":"6.1875","field2":"-4.25"},{"created_at":"2021-12-07T01:43:52-08:00","entry_id":166866,"field1":"6.1875","field2":"-4.3125"},{"created_at":"2021-12-07T01:53:30-08:00","entry_id":166867,"field1":"6.1875","field2":"-4.3125"},{"created_at":"2021-12-07T02:03:07-08:00","entry_id":166868,"field1":"6.1875","field2":"-4.375"},{"created_at":"2021-12-07T02:12:43-08:00","entry_id":166869,"field1":"6.125","field2":"-4.1875"},{"created_at":"2021-12-07T02:22:19-08:00","entry_id":166870,"field1":"6.1875","field2":"-4.1875"},{"created_at":"2021-12-07T02:31:55-08:00","entry_id":166871,"field1":"6.125","field2":"-4.1875"},{"created_at":"2021-12-07T02:41:33-08:00","entry_id":166872,"field1":"6.125","field2":"-4.25"},{"created_at":"2021-12-07T02:51:11-08:00","entry_id":166873,"field1":"6.125","field2":"-4.0625"},{"created_at":"2021-12-07T03:00:46-08:00","entry_id":166874,"field1":"6.125","field2":"-4.125"},{"created_at":"2021-12-07T03:10:23-08:00","entry_id":166875,"field1":"6.125","field2":"-4.25"},{"created_at":"2021-12-07T03:19:59-08:00","entry_id":166876,"field1":"6.125","field2":"-4.1875"},{"created_at":"2021-12-07T03:29:36-08:00","entry_id":166877,"field1":"6.125","field2":"-4"},{"created_at":"2021-12-07T03:39:15-08:00","entry_id":166878,"field1":"6.125","field2":"-4"},{"created_at":"2021-12-07T03:48:51-08:00","entry_id":166879,"field1":"6.125","field2":"-4.0625"},{"created_at":"2021-12-07T03:58:28-08:00","entry_id":166880,"field1":"6.0625","field2":"-4.1875"},{"created_at":"2021-12-07T04:08:04-08:00","entry_id":166881,"field1":"6.0625","field2":"-4.1875"},{"created_at":"2021-12-07T04:17:41-08:00","entry_id":166882,"field1":"6.0625","field2":"-3.9375"},{"created_at":"2021-12-07T04:27:17-08:00","entry_id":166883,"field1":"6.0625","field2":"-3.875"},{"created_at":"2021-12-07T04:36:54-08:00","entry_id":166884,"field1":"6.0625","field2":"-4.0625"},{"created_at":"2021-12-07T04:46:32-08:00","entry_id":166885,"field1":"6.0625","field2":"-4.25"},{"created_at":"2021-12-07T04:56:09-08:00","entry_id":166886,"field1":"6.0625","field2":"-4.125"},{"created_at":"2021-12-07T05:05:44-08:00","entry_id":166887,"field1":"6.0625","field2":"-3.9375"},{"created_at":"2021-12-07T05:15:21-08:00","entry_id":166888,"field1":"6.0625","field2":"-4"},{"created_at":"2021-12-07T05:24:59-08:00","entry_id":166889,"field1":"6.0625","field2":"-4"},{"created_at":"2021-12-07T05:34:35-08:00","entry_id":166890,"field1":"6.0625","field2":"-4.125"},{"created_at":"2021-12-07T05:44:12-08:00","entry_id":166891,"field1":"6","field2":"-4.1875"},{"created_at":"2021-12-07T05:53:50-08:00","entry_id":166892,"field1":"6.0625","field2":"-4.1875"},{"created_at":"2021-12-07T06:03:27-08:00","entry_id":166893,"field1":"6","field2":"-4.125"},{"created_at":"2021-12-07T06:13:04-08:00","entry_id":166894,"field1":"6.0625","field2":"-4.125"},{"created_at":"2021-12-07T06:22:39-08:00","entry_id":166895,"field1":"6.0625","field2":"-4"},{"created_at":"2021-12-07T06:32:17-08:00","entry_id":166896,"field1":"6.0625","field2":"-4.125"},{"created_at":"2021-12-07T06:41:55-08:00","entry_id":166897,"field1":"6.0625","field2":"-4.0625"},{"created_at":"2021-12-07T06:51:30-08:00","entry_id":166898,"field1":"6.0625","field2":"-4.125"},{"created_at":"2021-12-07T07:01:08-08:00","entry_id":166899,"field1":"6","field2":"-3.9375"},{"created_at":"2021-12-07T07:10:46-08:00","entry_id":166900,"field1":"6","field2":"-3.8125"},{"created_at":"2021-12-07T07:20:21-08:00","entry_id":166901,"field1":"6.0625","field2":"-3.875"},{"created_at":"2021-12-07T07:29:58-08:00","entry_id":166902,"field1":"6.0625","field2":"-3.75"},{"created_at":"2021-12-07T07:39:34-08:00","entry_id":166903,"field1":"6","field2":"-3.8125"},{"created_at":"2021-12-07T07:49:12-08:00","entry_id":166904,"field1":"6","field2":"-3.75"},{"created_at":"2021-12-07T07:58:48-08:00","entry_id":166905,"field1":"6","field2":"-3.6875"},{"created_at":"2021-12-07T08:08:26-08:00","entry_id":166906,"field1":"6","field2":"-3.625"},{"created_at":"2021-12-07T08:18:01-08:00","entry_id":166907,"field1":"6","field2":"-3.6875"},{"created_at":"2021-12-07T08:27:39-08:00","entry_id":166908,"field1":"6","field2":"-3.625"},{"created_at":"2021-12-07T08:37:16-08:00","entry_id":166909,"field1":"6","field2":"-3.5"},{"created_at":"2021-12-07T08:46:52-08:00","entry_id":166910,"field1":"6","field2":"-3.375"},{"created_at":"2021-12-07T08:56:28-08:00","entry_id":166911,"field1":"6","field2":"-3.4375"},{"created_at":"2021-12-07T09:06:04-08:00","entry_id":166912,"field1":"6","field2":"-3.5"},{"created_at":"2021-12-07T09:15:43-08:00","entry_id":166913,"field1":"6.0625","field2":"-3.5"},{"created_at":"2021-12-07T09:25:19-08:00","entry_id":166914,"field1":"6","field2":"-3.25"},{"created_at":"2021-12-07T09:34:56-08:00","entry_id":166915,"field1":"6","field2":"-3.3125"},{"created_at":"2021-12-07T09:44:33-08:00","entry_id":166916,"field1":"6.0625","field2":"-3.1875"},{"created_at":"2021-12-07T09:54:11-08:00","entry_id":166917,"field1":"6.0625","field2":"-3.0625"},{"created_at":"2021-12-07T10:03:48-08:00","entry_id":166918,"field1":"6.0625","field2":"-3.0625"},{"created_at":"2021-12-07T10:13:25-08:00","entry_id":166919,"field1":"6.0625","field2":"-3.0625"},{"created_at":"2021-12-07T10:23:03-08:00","entry_id":166920,"field1":"6.0625","field2":"-2.8125"},{"created_at":"2021-12-07T10:32:38-08:00","entry_id":166921,"field1":"6.0625","field2":"-2.875"},{"created_at":"2021-12-07T10:42:16-08:00","entry_id":166922,"field1":"6.0625","field2":"-2.75"},{"created_at":"2021-12-07T10:51:52-08:00","entry_id":166923,"field1":"6.0625","field2":"-2.625"},{"created_at":"2021-12-07T11:01:30-08:00","entry_id":166924,"field1":"6.125","field2":"-2.5625"},{"created_at":"2021-12-07T11:11:08-08:00","entry_id":166925,"field1":"6.125","field2":"-2.375"},{"created_at":"2021-12-07T11:20:43-08:00","entry_id":166926,"field1":"6.125","field2":"-2.375"},{"created_at":"2021-12-07T11:30:20-08:00","entry_id":166927,"field1":"6.125","field2":"-2.25"},{"created_at":"2021-12-07T11:39:59-08:00","entry_id":166928,"field1":"6.1875","field2":"-2.1875"},{"created_at":"2021-12-07T11:49:35-08:00","entry_id":166929,"field1":"6.1875","field2":"-2.125"},{"created_at":"2021-12-07T11:59:11-08:00","entry_id":166930,"field1":"6.1875","field2":"-2.1875"},{"created_at":"2021-12-07T12:08:49-08:00","entry_id":166931,"field1":"6.1875","field2":"-2"},{"created_at":"2021-12-07T12:18:24-08:00","entry_id":166932,"field1":"6.1875","field2":"-2"},{"created_at":"2021-12-07T12:28:01-08:00","entry_id":166933,"field1":"6.25","field2":"-1.875"},{"created_at":"2021-12-07T12:37:38-08:00","entry_id":166934,"field1":"6.25","field2":"-2.0625"},{"created_at":"2021-12-07T12:47:16-08:00","entry_id":166935,"field1":"6.25","field2":"-2.125"},{"created_at":"2021-12-07T12:56:51-08:00","entry_id":166936,"field1":"6.25","field2":"-1.9375"},{"created_at":"2021-12-07T13:06:28-08:00","entry_id":166937,"field1":"6.25","field2":"-1.9375"},{"created_at":"2021-12-07T13:16:04-08:00","entry_id":166938,"field1":"6.3125","field2":"-2"},{"created_at":"2021-12-07T13:25:43-08:00","entry_id":166939,"field1":"6.3125","field2":"-2.0625"},{"created_at":"2021-12-07T13:35:20-08:00","entry_id":166940,"field1":"6.3125","field2":"-2.1875"},{"created_at":"2021-12-07T13:44:56-08:00","entry_id":166941,"field1":"6.3125","field2":"-2.25"},{"created_at":"2021-12-07T13:54:32-08:00","entry_id":166942,"field1":"6.3125","field2":"-2.3125"},{"created_at":"2021-12-07T14:04:09-08:00","entry_id":166943,"field1":"6.3125","field2":"-2.3125"},{"created_at":"2021-12-07T14:13:46-08:00","entry_id":166944,"field1":"6.3125","field2":"-2.3125"},{"created_at":"2021-12-07T14:23:23-08:00","entry_id":166945,"field1":"6.3125","field2":"-2.25"},{"created_at":"2021-12-07T14:32:59-08:00","entry_id":166946,"field1":"6.375","field2":"-2.3125"},{"created_at":"2021-12-07T14:42:37-08:00","entry_id":166947,"field1":"6.375","field2":"-2.25"},{"created_at":"2021-12-07T14:52:15-08:00","entry_id":166948,"field1":"6.375","field2":"-2.1875"},{"created_at":"2021-12-07T15:01:50-08:00","entry_id":166949,"field1":"6.375","field2":"-2.25"},{"created_at":"2021-12-07T15:11:27-08:00","entry_id":166950,"field1":"6.375","field2":"-2.25"},{"created_at":"2021-12-07T15:21:05-08:00","entry_id":166951,"field1":"6.375","field2":"-2.25"},{"created_at":"2021-12-07T15:30:43-08:00","entry_id":166952,"field1":"6.375","field2":"-2.25"},{"created_at":"2021-12-07T15:40:20-08:00","entry_id":166953,"field1":"6.375","field2":"-2.3125"},{"created_at":"2021-12-07T15:49:56-08:00","entry_id":166954,"field1":"6.375","field2":"-2.3125"},{"created_at":"2021-12-07T15:59:32-08:00","entry_id":166955,"field1":"6.4375","field2":"-2.3125"},{"created_at":"2021-12-07T16:09:08-08:00","entry_id":166956,"field1":"6.4375","field2":"-2.3125"},{"created_at":"2021-12-07T16:18:45-08:00","entry_id":166957,"field1":"6.4375","field2":"-2.3125"},{"created_at":"2021-12-07T16:28:23-08:00","entry_id":166958,"field1":"6.4375","field2":"-2.375"},{"created_at":"2021-12-07T16:38:01-08:00","entry_id":166959,"field1":"6.4375","field2":"-2.375"},{"created_at":"2021-12-07T16:47:37-08:00","entry_id":166960,"field1":"6.4375","field2":"-2.3125"},{"created_at":"2021-12-07T16:57:15-08:00","entry_id":166961,"field1":"6.4375","field2":"-2.3125"},{"created_at":"2021-12-07T17:06:52-08:00","entry_id":166962,"field1":"6.4375","field2":"-2.375"},{"created_at":"2021-12-07T17:16:29-08:00","entry_id":166963,"field1":"6.4375","field2":"-2.375"},{"created_at":"2021-12-07T17:26:06-08:00","entry_id":166964,"field1":"6.4375","field2":"-2.3125"},{"created_at":"2021-12-07T17:35:42-08:00","entry_id":166965,"field1":"6.4375","field2":"-2.375"},{"created_at":"2021-12-07T17:45:19-08:00","entry_id":166966,"field1":"6.4375","field2":"-2.3125"},{"created_at":"2021-12-07T17:54:57-08:00","entry_id":166967,"field1":"6.4375","field2":"-2.3125"},{"created_at":"2021-12-07T18:04:32-08:00","entry_id":166968,"field1":"6.4375","field2":"-2.375"},{"created_at":"2021-12-07T18:14:09-08:00","entry_id":166969,"field1":"6.4375","field2":"-2.375"},{"created_at":"2021-12-07T18:23:45-08:00","entry_id":166970,"field1":"6.4375","field2":"-2.3125"},{"created_at":"2021-12-07T18:33:23-08:00","entry_id":166971,"field1":"6.4375","field2":"-2.375"},{"created_at":"2021-12-07T18:43:00-08:00","entry_id":166972,"field1":"6.5","field2":"-2.3125"},{"created_at":"2021-12-07T18:52:36-08:00","entry_id":166973,"field1":"6.5","field2":"-2.3125"},{"created_at":"2021-12-07T19:02:14-08:00","entry_id":166974,"field1":"6.5","field2":"-2.375"},{"created_at":"2021-12-07T19:11:52-08:00","entry_id":166975,"field1":"6.5","field2":"-2.3125"},{"created_at":"2021-12-07T19:21:28-08:00","entry_id":166976,"field1":"6.5","field2":"-2.1875"},{"created_at":"2021-12-07T19:31:04-08:00","entry_id":166977,"field1":"6.5","field2":"-2.25"},{"created_at":"2021-12-07T19:40:42-08:00","entry_id":166978,"field1":"6.5625","field2":"-2.25"},{"created_at":"2021-12-07T19:50:18-08:00","entry_id":166979,"field1":"6.5","field2":"-2.25"},{"created_at":"2021-12-07T19:59:54-08:00","entry_id":166980,"field1":"6.5","field2":"-2.25"},{"created_at":"2021-12-07T20:09:31-08:00","entry_id":166981,"field1":"6.5625","field2":"-2.1875"},{"created_at":"2021-12-07T20:19:09-08:00","entry_id":166982,"field1":"6.5625","field2":"-2.25"},{"created_at":"2021-12-07T20:28:45-08:00","entry_id":166983,"field1":"6.5625","field2":"-2.1875"},{"created_at":"2021-12-07T20:38:21-08:00","entry_id":166984,"field1":"6.5625","field2":"-2.25"},{"created_at":"2021-12-07T20:47:57-08:00","entry_id":166985,"field1":"6.5625","field2":"-2.1875"},{"created_at":"2021-12-07T20:57:33-08:00","entry_id":166986,"field1":"6.5625","field2":"-2.1875"},{"created_at":"2021-12-07T21:07:09-08:00","entry_id":166987,"field1":"6.5625","field2":"-2.1875"},{"created_at":"2021-12-07T21:16:48-08:00","entry_id":166988,"field1":"6.5625","field2":"-2.1875"},{"created_at":"2021-12-07T21:26:23-08:00","entry_id":166989,"field1":"6.5625","field2":"-2.125"},{"created_at":"2021-12-07T21:36:02-08:00","entry_id":166990,"field1":"6.5625","field2":"-2.125"},{"created_at":"2021-12-07T21:45:39-08:00","entry_id":166991,"field1":"6.625","field2":"-2.0625"},{"created_at":"2021-12-07T21:55:15-08:00","entry_id":166992,"field1":"6.625","field2":"-2.125"},{"created_at":"2021-12-07T22:04:53-08:00","entry_id":166993,"field1":"6.625","field2":"-2.0625"},{"created_at":"2021-12-07T22:14:29-08:00","entry_id":166994,"field1":"6.625","field2":"-2.125"},{"created_at":"2021-12-07T22:24:07-08:00","entry_id":166995,"field1":"6.625","field2":"-2.125"},{"created_at":"2021-12-07T22:33:43-08:00","entry_id":166996,"field1":"6.625","field2":"-2.0625"},{"created_at":"2021-12-07T22:43:19-08:00","entry_id":166997,"field1":"6.625","field2":"-2"},{"created_at":"2021-12-07T22:52:58-08:00","entry_id":166998,"field1":"6.625","field2":"-2.0625"},{"created_at":"2021-12-07T23:02:33-08:00","entry_id":166999,"field1":"6.625","field2":"-2.0625"},{"created_at":"2021-12-07T23:12:10-08:00","entry_id":167000,"field1":"6.625","field2":"-2.0625"},{"created_at":"2021-12-07T23:21:46-08:00","entry_id":167001,"field1":"6.625","field2":"-2.125"},{"created_at":"2021-12-07T23:31:23-08:00","entry_id":167002,"field1":"6.625","field2":"-2"},{"created_at":"2021-12-07T23:41:01-08:00","entry_id":167003,"field1":"6.625","field2":"-1.875"},{"created_at":"2021-12-07T23:50:38-08:00","entry_id":167004,"field1":"6.6875","field2":"-2"}]}