{"channel":{"id":581842,"name":"Upstairs Small Window Indoor / Outdoor Sensor","latitude":"0.0","longitude":"0.0","field1":"Indoor Temperature","field2":"Outdoor Temperature","created_at":"2018-09-23T15:37:52-07:00","updated_at":"2020-07-27T05:59:41-07:00","last_entry_id":150128},"feeds":[{"created_at":"2019-02-02T00:06:28-08:00","entry_id":18069,"field1":"-0.0625","field2":"-0.0625"},{"created_at":"2019-02-02T00:16:05-08:00","entry_id":18070,"field1":"-0.0625","field2":"-0.0625"},{"created_at":"2019-02-02T00:25:43-08:00","entry_id":18071,"field1":"-0.0625","field2":"-0.0625"},{"created_at":"2019-02-02T00:35:19-08:00","entry_id":18072,"field1":"0","field2":"-0.0625"},{"created_at":"2019-02-02T00:44:55-08:00","entry_id":18073,"field1":"0","field2":"-0.0625"},{"created_at":"2019-02-02T00:54:32-08:00","entry_id":18074,"field1":"0","field2":"-0.0625"},{"created_at":"2019-02-02T01:04:08-08:00","entry_id":18075,"field1":"0","field2":"-0.0625"},{"created_at":"2019-02-02T01:13:45-08:00","entry_id":18076,"field1":"-0.0625","field2":"-0.0625"},{"created_at":"2019-02-02T01:23:22-08:00","entry_id":18077,"field1":"0.0625","field2":"0"},{"created_at":"2019-02-02T01:32:58-08:00","entry_id":18078,"field1":"0","field2":"-0.0625"},{"created_at":"2019-02-02T01:42:36-08:00","entry_id":18079,"field1":"0.0625","field2":"-0.0625"},{"created_at":"2019-02-02T01:52:12-08:00","entry_id":18080,"field1":"0","field2":"-0.0625"},{"created_at":"2019-02-02T02:01:49-08:00","entry_id":18081,"field1":"0","field2":"-0.0625"},{"created_at":"2019-02-02T02:11:25-08:00","entry_id":18082,"field1":"0","field2":"-0.0625"},{"created_at":"2019-02-02T02:21:02-08:00","entry_id":18083,"field1":"0","field2":"-0.0625"},{"created_at":"2019-02-02T02:30:39-08:00","entry_id":18084,"field1":"0.0625","field2":"-0.0625"},{"created_at":"2019-02-02T02:40:16-08:00","entry_id":18085,"field1":"0.0625","field2":"-0.125"},{"created_at":"2019-02-02T02:49:52-08:00","entry_id":18086,"field1":"0.0625","field2":"-0.0625"},{"created_at":"2019-02-02T02:59:28-08:00","entry_id":18087,"field1":"0.0625","field2":"-0.0625"},{"created_at":"2019-02-02T03:09:04-08:00","entry_id":18088,"field1":"0.0625","field2":"0"},{"created_at":"2019-02-02T03:18:41-08:00","entry_id":18089,"field1":"0.0625","field2":"-0.0625"},{"created_at":"2019-02-02T03:28:18-08:00","entry_id":18090,"field1":"0.0625","field2":"-0.0625"},{"created_at":"2019-02-02T03:37:54-08:00","entry_id":18091,"field1":"0.0625","field2":"-0.0625"},{"created_at":"2019-02-02T03:47:31-08:00","entry_id":18092,"field1":"0.0625","field2":"0"},{"created_at":"2019-02-02T03:57:07-08:00","entry_id":18093,"field1":"0.0625","field2":"0"},{"created_at":"2019-02-02T04:06:44-08:00","entry_id":18094,"field1":"0.0625","field2":"0"},{"created_at":"2019-02-02T04:16:21-08:00","entry_id":18095,"field1":"0","field2":"0.0625"},{"created_at":"2019-02-02T04:25:57-08:00","entry_id":18096,"field1":"0.0625","field2":"0"},{"created_at":"2019-02-02T04:35:34-08:00","entry_id":18097,"field1":"0.0625","field2":"-0.0625"},{"created_at":"2019-02-02T04:45:10-08:00","entry_id":18098,"field1":"0.0625","field2":"-0.0625"},{"created_at":"2019-02-02T04:54:47-08:00","entry_id":18099,"field1":"0","field2":"-0.0625"},{"created_at":"2019-02-02T05:04:24-08:00","entry_id":18100,"field1":"0.0625","field2":"-0.0625"},{"created_at":"2019-02-02T05:14:01-08:00","entry_id":18101,"field1":"0","field2":"0"},{"created_at":"2019-02-02T05:23:37-08:00","entry_id":18102,"field1":"0","field2":"0"},{"created_at":"2019-02-02T05:33:14-08:00","entry_id":18103,"field1":"0.0625","field2":"0.0625"},{"created_at":"2019-02-02T05:42:50-08:00","entry_id":18104,"field1":"0","field2":"0"},{"created_at":"2019-02-02T05:52:27-08:00","entry_id":18105,"field1":"0.0625","field2":"0"},{"created_at":"2019-02-02T06:02:04-08:00","entry_id":18106,"field1":"0.0625","field2":"0"},{"created_at":"2019-02-02T06:11:40-08:00","entry_id":18107,"field1":"0.0625","field2":"0"},{"created_at":"2019-02-02T06:21:18-08:00","entry_id":18108,"field1":"0.0625","field2":"0.0625"},{"created_at":"2019-02-02T06:30:54-08:00","entry_id":18109,"field1":"0.125","field2":"0.0625"},{"created_at":"2019-02-02T06:40:32-08:00","entry_id":18110,"field1":"0.125","field2":"0"},{"created_at":"2019-02-02T06:50:08-08:00","entry_id":18111,"field1":"0.0625","field2":"0"},{"created_at":"2019-02-02T06:59:45-08:00","entry_id":18112,"field1":"0.0625","field2":"0"},{"created_at":"2019-02-02T07:09:22-08:00","entry_id":18113,"field1":"0.0625","field2":"-0.125"},{"created_at":"2019-02-02T07:19:00-08:00","entry_id":18114,"field1":"0.0625","field2":"-0.1875"},{"created_at":"2019-02-02T07:28:36-08:00","entry_id":18115,"field1":"0.0625","field2":"-0.1875"},{"created_at":"2019-02-02T07:38:13-08:00","entry_id":18116,"field1":"0.0625","field2":"-0.125"},{"created_at":"2019-02-02T07:47:50-08:00","entry_id":18117,"field1":"0.0625","field2":"-0.0625"},{"created_at":"2019-02-02T07:57:26-08:00","entry_id":18118,"field1":"0.125","field2":"0"},{"created_at":"2019-02-02T08:07:04-08:00","entry_id":18119,"field1":"0.0625","field2":"0"},{"created_at":"2019-02-02T08:16:40-08:00","entry_id":18120,"field1":"0.0625","field2":"-0.0625"},{"created_at":"2019-02-02T08:26:17-08:00","entry_id":18121,"field1":"0.0625","field2":"0.0625"},{"created_at":"2019-02-02T08:35:53-08:00","entry_id":18122,"field1":"0.125","field2":"0.0625"},{"created_at":"2019-02-02T08:45:31-08:00","entry_id":18123,"field1":"0.125","field2":"0.125"},{"created_at":"2019-02-02T08:55:08-08:00","entry_id":18124,"field1":"0.0625","field2":"0.5625"},{"created_at":"2019-02-02T09:04:45-08:00","entry_id":18125,"field1":"0.125","field2":"0.375"},{"created_at":"2019-02-02T09:14:21-08:00","entry_id":18126,"field1":"0.1875","field2":"0.3125"},{"created_at":"2019-02-02T09:23:59-08:00","entry_id":18127,"field1":"0.1875","field2":"0.25"},{"created_at":"2019-02-02T09:33:35-08:00","entry_id":18128,"field1":"0.1875","field2":"0.25"},{"created_at":"2019-02-02T09:43:12-08:00","entry_id":18129,"field1":"0.1875","field2":"0.25"},{"created_at":"2019-02-02T09:52:49-08:00","entry_id":18130,"field1":"0.1875","field2":"0.25"},{"created_at":"2019-02-02T10:02:26-08:00","entry_id":18131,"field1":"0.1875","field2":"0.3125"},{"created_at":"2019-02-02T10:12:03-08:00","entry_id":18132,"field1":"0.1875","field2":"0.4375"},{"created_at":"2019-02-02T10:21:40-08:00","entry_id":18133,"field1":"0.1875","field2":"0.3125"},{"created_at":"2019-02-02T10:31:17-08:00","entry_id":18134,"field1":"0.1875","field2":"0.375"},{"created_at":"2019-02-02T10:40:53-08:00","entry_id":18135,"field1":"0.1875","field2":"0.375"},{"created_at":"2019-02-02T10:50:30-08:00","entry_id":18136,"field1":"0.25","field2":"0.4375"},{"created_at":"2019-02-02T11:00:08-08:00","entry_id":18137,"field1":"0.25","field2":"0.5625"},{"created_at":"2019-02-02T11:09:44-08:00","entry_id":18138,"field1":"0.25","field2":"0.625"},{"created_at":"2019-02-02T11:19:21-08:00","entry_id":18139,"field1":"0.25","field2":"0.8125"},{"created_at":"2019-02-02T11:28:57-08:00","entry_id":18140,"field1":"0.25","field2":"0.8125"},{"created_at":"2019-02-02T11:38:34-08:00","entry_id":18141,"field1":"0.25","field2":"0.875"},{"created_at":"2019-02-02T11:48:11-08:00","entry_id":18142,"field1":"0.3125","field2":"0.9375"},{"created_at":"2019-02-02T11:57:47-08:00","entry_id":18143,"field1":"0.3125","field2":"1.125"},{"created_at":"2019-02-02T12:07:24-08:00","entry_id":18144,"field1":"0.3125","field2":"0.9375"},{"created_at":"2019-02-02T12:17:17-08:00","entry_id":18145,"field1":"0.375","field2":"1.625"},{"created_at":"2019-02-02T12:26:49-08:00","entry_id":18146,"field1":"0.375","field2":"1.5625"},{"created_at":"2019-02-02T12:36:26-08:00","entry_id":18147,"field1":"0.375","field2":"1.25"},{"created_at":"2019-02-02T12:46:02-08:00","entry_id":18148,"field1":"0.375","field2":"1.125"},{"created_at":"2019-02-02T12:55:40-08:00","entry_id":18149,"field1":"0.375","field2":"1.375"},{"created_at":"2019-02-02T13:05:17-08:00","entry_id":18150,"field1":"0.375","field2":"1.0625"},{"created_at":"2019-02-02T13:14:54-08:00","entry_id":18151,"field1":"0.4375","field2":"0.875"},{"created_at":"2019-02-02T13:24:31-08:00","entry_id":18152,"field1":"0.4375","field2":"0.9375"},{"created_at":"2019-02-02T13:34:07-08:00","entry_id":18153,"field1":"0.4375","field2":"0.9375"},{"created_at":"2019-02-02T13:43:44-08:00","entry_id":18154,"field1":"0.4375","field2":"1"},{"created_at":"2019-02-02T13:53:22-08:00","entry_id":18155,"field1":"0.4375","field2":"1.5625"},{"created_at":"2019-02-02T14:02:59-08:00","entry_id":18156,"field1":"0.4375","field2":"1.25"},{"created_at":"2019-02-02T14:12:39-08:00","entry_id":18157,"field1":"0.4375","field2":"1.4375"},{"created_at":"2019-02-02T14:22:14-08:00","entry_id":18158,"field1":"0.5","field2":"1"},{"created_at":"2019-02-02T14:31:52-08:00","entry_id":18159,"field1":"0.5","field2":"1"},{"created_at":"2019-02-02T14:41:29-08:00","entry_id":18160,"field1":"0.5","field2":"1"},{"created_at":"2019-02-02T14:51:06-08:00","entry_id":18161,"field1":"0.5","field2":"1.0625"},{"created_at":"2019-02-02T15:00:43-08:00","entry_id":18162,"field1":"0.5","field2":"1.125"},{"created_at":"2019-02-02T15:10:21-08:00","entry_id":18163,"field1":"0.5","field2":"0.875"},{"created_at":"2019-02-02T15:19:57-08:00","entry_id":18164,"field1":"0.5","field2":"0.9375"},{"created_at":"2019-02-02T15:29:34-08:00","entry_id":18165,"field1":"0.5625","field2":"0.75"},{"created_at":"2019-02-02T15:39:11-08:00","entry_id":18166,"field1":"0.5625","field2":"0.625"},{"created_at":"2019-02-02T15:48:48-08:00","entry_id":18167,"field1":"0.5625","field2":"0.625"},{"created_at":"2019-02-02T15:58:25-08:00","entry_id":18168,"field1":"0.5625","field2":"0.5625"},{"created_at":"2019-02-02T16:08:03-08:00","entry_id":18169,"field1":"0.5625","field2":"0.4375"},{"created_at":"2019-02-02T16:17:40-08:00","entry_id":18170,"field1":"0.5625","field2":"0.4375"},{"created_at":"2019-02-02T16:27:16-08:00","entry_id":18171,"field1":"0.5625","field2":"0.375"},{"created_at":"2019-02-02T16:36:53-08:00","entry_id":18172,"field1":"0.5625","field2":"0.25"},{"created_at":"2019-02-02T16:46:30-08:00","entry_id":18173,"field1":"0.5625","field2":"0.1875"},{"created_at":"2019-02-02T16:56:07-08:00","entry_id":18174,"field1":"0.5625","field2":"0.125"},{"created_at":"2019-02-02T17:05:45-08:00","entry_id":18175,"field1":"0.5625","field2":"0"},{"created_at":"2019-02-02T17:15:21-08:00","entry_id":18176,"field1":"0.5","field2":"-0.1875"},{"created_at":"2019-02-02T17:24:58-08:00","entry_id":18177,"field1":"0.5","field2":"-0.3125"},{"created_at":"2019-02-02T17:34:36-08:00","entry_id":18178,"field1":"0.5","field2":"-0.0625"},{"created_at":"2019-02-02T17:44:12-08:00","entry_id":18179,"field1":"0.5","field2":"-0.125"},{"created_at":"2019-02-02T17:53:49-08:00","entry_id":18180,"field1":"0.5","field2":"0"},{"created_at":"2019-02-02T18:03:28-08:00","entry_id":18181,"field1":"0.4375","field2":"-0.125"},{"created_at":"2019-02-02T18:13:03-08:00","entry_id":18182,"field1":"0.4375","field2":"-0.0625"},{"created_at":"2019-02-02T18:22:41-08:00","entry_id":18183,"field1":"0.4375","field2":"0.0625"},{"created_at":"2019-02-02T18:32:17-08:00","entry_id":18184,"field1":"0.4375","field2":"0.0625"},{"created_at":"2019-02-02T18:41:55-08:00","entry_id":18185,"field1":"0.4375","field2":"-0.125"},{"created_at":"2019-02-02T18:51:31-08:00","entry_id":18186,"field1":"0.4375","field2":"0"},{"created_at":"2019-02-02T19:01:08-08:00","entry_id":18187,"field1":"0.4375","field2":"-0.25"},{"created_at":"2019-02-02T19:10:45-08:00","entry_id":18188,"field1":"0.4375","field2":"-0.3125"},{"created_at":"2019-02-02T19:20:38-08:00","entry_id":18189,"field1":"0.4375","field2":"-0.375"},{"created_at":"2019-02-02T19:30:08-08:00","entry_id":18190,"field1":"0.4375","field2":"-0.4375"},{"created_at":"2019-02-02T19:39:45-08:00","entry_id":18191,"field1":"0.4375","field2":"-0.4375"},{"created_at":"2019-02-02T19:49:22-08:00","entry_id":18192,"field1":"0.4375","field2":"-0.4375"},{"created_at":"2019-02-02T19:58:59-08:00","entry_id":18193,"field1":"0.4375","field2":"-0.0625"},{"created_at":"2019-02-02T20:08:37-08:00","entry_id":18194,"field1":"0.375","field2":"-0.4375"},{"created_at":"2019-02-02T20:18:14-08:00","entry_id":18195,"field1":"0.4375","field2":"-0.5625"},{"created_at":"2019-02-02T20:27:51-08:00","entry_id":18196,"field1":"0.375","field2":"-0.625"},{"created_at":"2019-02-02T20:37:28-08:00","entry_id":18197,"field1":"0.375","field2":"-0.625"},{"created_at":"2019-02-02T20:47:05-08:00","entry_id":18198,"field1":"0.375","field2":"-0.75"},{"created_at":"2019-02-02T20:56:42-08:00","entry_id":18199,"field1":"0.375","field2":"-0.625"},{"created_at":"2019-02-02T21:06:19-08:00","entry_id":18200,"field1":"0.375","field2":"-0.75"},{"created_at":"2019-02-02T21:15:56-08:00","entry_id":18201,"field1":"0.3125","field2":"-0.75"},{"created_at":"2019-02-02T21:25:32-08:00","entry_id":18202,"field1":"0.375","field2":"-1"},{"created_at":"2019-02-02T21:35:09-08:00","entry_id":18203,"field1":"0.375","field2":"-0.875"},{"created_at":"2019-02-02T21:44:46-08:00","entry_id":18204,"field1":"0.375","field2":"-0.9375"},{"created_at":"2019-02-02T21:54:23-08:00","entry_id":18205,"field1":"0.375","field2":"-1"},{"created_at":"2019-02-02T22:03:59-08:00","entry_id":18206,"field1":"0.375","field2":"-1.125"},{"created_at":"2019-02-02T22:13:37-08:00","entry_id":18207,"field1":"0.375","field2":"-1.25"},{"created_at":"2019-02-02T22:23:13-08:00","entry_id":18208,"field1":"0.3125","field2":"-1.25"},{"created_at":"2019-02-02T22:32:50-08:00","entry_id":18209,"field1":"0.3125","field2":"-1.3125"},{"created_at":"2019-02-02T22:42:27-08:00","entry_id":18210,"field1":"0.3125","field2":"-1.375"},{"created_at":"2019-02-02T22:52:04-08:00","entry_id":18211,"field1":"0.25","field2":"-1.5"},{"created_at":"2019-02-02T23:01:41-08:00","entry_id":18212,"field1":"0.0625","field2":"-1.5"},{"created_at":"2019-02-02T23:11:17-08:00","entry_id":18213,"field1":"0.125","field2":"-1.6875"},{"created_at":"2019-02-02T23:20:54-08:00","entry_id":18214,"field1":"0.25","field2":"-1.6875"},{"created_at":"2019-02-02T23:30:31-08:00","entry_id":18215,"field1":"0.25","field2":"-1.75"},{"created_at":"2019-02-02T23:40:08-08:00","entry_id":18216,"field1":"0.25","field2":"-1.9375"},{"created_at":"2019-02-02T23:49:44-08:00","entry_id":18217,"field1":"0.25","field2":"-2.125"},{"created_at":"2019-02-02T23:59:21-08:00","entry_id":18218,"field1":"0.25","field2":"-2.1875"}]}