{"channel":{"id":581842,"name":"Upstairs Small Window Indoor / Outdoor Sensor","latitude":"0.0","longitude":"0.0","field1":"Indoor Temperature","field2":"Outdoor Temperature","created_at":"2018-09-23T15:37:52-07:00","updated_at":"2020-07-27T05:59:41-07:00","last_entry_id":150129},"feeds":[{"created_at":"2020-03-14T00:09:17-07:00","entry_id":77214,"field1":"1","field2":"-2.8125"},{"created_at":"2020-03-14T00:18:53-07:00","entry_id":77215,"field1":"1","field2":"-2.875"},{"created_at":"2020-03-14T00:28:31-07:00","entry_id":77216,"field1":"1","field2":"-2.875"},{"created_at":"2020-03-14T00:38:08-07:00","entry_id":77217,"field1":"0.9375","field2":"-3"},{"created_at":"2020-03-14T00:47:45-07:00","entry_id":77218,"field1":"0.9375","field2":"-3.125"},{"created_at":"2020-03-14T00:57:21-07:00","entry_id":77219,"field1":"0.9375","field2":"-3.125"},{"created_at":"2020-03-14T01:06:58-07:00","entry_id":77220,"field1":"0.875","field2":"-3.25"},{"created_at":"2020-03-14T01:16:34-07:00","entry_id":77221,"field1":"0.875","field2":"-3.25"},{"created_at":"2020-03-14T01:26:11-07:00","entry_id":77222,"field1":"0.875","field2":"-3.375"},{"created_at":"2020-03-14T01:35:53-07:00","entry_id":77223,"field1":"0.8125","field2":"-3.375"},{"created_at":"2020-03-14T01:45:28-07:00","entry_id":77224,"field1":"0.8125","field2":"-3.375"},{"created_at":"2020-03-14T01:55:04-07:00","entry_id":77225,"field1":"0.8125","field2":"-3.4375"},{"created_at":"2020-03-14T02:04:41-07:00","entry_id":77226,"field1":"0.75","field2":"-3.5625"},{"created_at":"2020-03-14T02:14:18-07:00","entry_id":77227,"field1":"0.75","field2":"-3.6875"},{"created_at":"2020-03-14T02:23:55-07:00","entry_id":77228,"field1":"0.6875","field2":"-3.8125"},{"created_at":"2020-03-14T02:33:32-07:00","entry_id":77229,"field1":"0.6875","field2":"-3.8125"},{"created_at":"2020-03-14T02:43:09-07:00","entry_id":77230,"field1":"0.6875","field2":"-4"},{"created_at":"2020-03-14T02:52:47-07:00","entry_id":77231,"field1":"0.625","field2":"-4.125"},{"created_at":"2020-03-14T03:02:23-07:00","entry_id":77232,"field1":"0.625","field2":"-4.1875"},{"created_at":"2020-03-14T03:12:00-07:00","entry_id":77233,"field1":"0.5625","field2":"-4.3125"},{"created_at":"2020-03-14T03:21:36-07:00","entry_id":77234,"field1":"0.5625","field2":"-4.4375"},{"created_at":"2020-03-14T03:31:13-07:00","entry_id":77235,"field1":"0.5625","field2":"-4.5"},{"created_at":"2020-03-14T03:40:50-07:00","entry_id":77236,"field1":"0.5","field2":"-4.625"},{"created_at":"2020-03-14T03:50:27-07:00","entry_id":77237,"field1":"0.5","field2":"-4.625"},{"created_at":"2020-03-14T04:00:05-07:00","entry_id":77238,"field1":"0.4375","field2":"-4.6875"},{"created_at":"2020-03-14T04:09:42-07:00","entry_id":77239,"field1":"0.4375","field2":"-4.8125"},{"created_at":"2020-03-14T04:19:18-07:00","entry_id":77240,"field1":"0.375","field2":"-4.8125"},{"created_at":"2020-03-14T04:28:55-07:00","entry_id":77241,"field1":"0.375","field2":"-4.8125"},{"created_at":"2020-03-14T04:38:31-07:00","entry_id":77242,"field1":"0.375","field2":"-4.8125"},{"created_at":"2020-03-14T04:48:09-07:00","entry_id":77243,"field1":"0.3125","field2":"-4.75"},{"created_at":"2020-03-14T04:57:45-07:00","entry_id":77244,"field1":"0.3125","field2":"-4.875"},{"created_at":"2020-03-14T05:07:22-07:00","entry_id":77245,"field1":"0.25","field2":"-4.875"},{"created_at":"2020-03-14T05:16:59-07:00","entry_id":77246,"field1":"0.25","field2":"-4.9375"},{"created_at":"2020-03-14T05:26:35-07:00","entry_id":77247,"field1":"0.25","field2":"-5"},{"created_at":"2020-03-14T05:36:12-07:00","entry_id":77248,"field1":"0.1875","field2":"-5"},{"created_at":"2020-03-14T05:45:50-07:00","entry_id":77249,"field1":"0.125","field2":"-5.0625"},{"created_at":"2020-03-14T05:55:26-07:00","entry_id":77250,"field1":"0.125","field2":"-5.125"},{"created_at":"2020-03-14T06:05:03-07:00","entry_id":77251,"field1":"0.125","field2":"-5.1875"},{"created_at":"2020-03-14T06:14:39-07:00","entry_id":77252,"field1":"0.0625","field2":"-5.25"},{"created_at":"2020-03-14T06:24:16-07:00","entry_id":77253,"field1":"0.0625","field2":"-5.3125"},{"created_at":"2020-03-14T06:33:54-07:00","entry_id":77254,"field1":"0.0625","field2":"-5.3125"},{"created_at":"2020-03-14T06:43:30-07:00","entry_id":77255,"field1":"0","field2":"-5.4375"},{"created_at":"2020-03-14T06:53:07-07:00","entry_id":77256,"field1":"-0.0625","field2":"-5.5625"},{"created_at":"2020-03-14T07:02:45-07:00","entry_id":77257,"field1":"-0.0625","field2":"-5.6875"},{"created_at":"2020-03-14T07:12:21-07:00","entry_id":77258,"field1":"-0.125","field2":"-5.6875"},{"created_at":"2020-03-14T07:21:58-07:00","entry_id":77259,"field1":"-0.125","field2":"-5.75"},{"created_at":"2020-03-14T07:31:35-07:00","entry_id":77260,"field1":"-0.125","field2":"-5.75"},{"created_at":"2020-03-14T07:41:12-07:00","entry_id":77261,"field1":"-0.1875","field2":"-5.625"},{"created_at":"2020-03-14T07:50:49-07:00","entry_id":77262,"field1":"-0.1875","field2":"-5.625"},{"created_at":"2020-03-14T08:00:26-07:00","entry_id":77263,"field1":"-0.1875","field2":"-5.5625"},{"created_at":"2020-03-14T08:10:03-07:00","entry_id":77264,"field1":"-0.25","field2":"-5.5625"},{"created_at":"2020-03-14T08:19:40-07:00","entry_id":77265,"field1":"-0.25","field2":"-5.375"},{"created_at":"2020-03-14T08:29:17-07:00","entry_id":77266,"field1":"-0.25","field2":"-5.25"},{"created_at":"2020-03-14T08:38:54-07:00","entry_id":77267,"field1":"-0.3125","field2":"-5.25"},{"created_at":"2020-03-14T08:48:31-07:00","entry_id":77268,"field1":"-0.3125","field2":"-5.25"},{"created_at":"2020-03-14T08:58:08-07:00","entry_id":77269,"field1":"-0.3125","field2":"-5.3125"},{"created_at":"2020-03-14T09:07:45-07:00","entry_id":77270,"field1":"-0.3125","field2":"-5.125"},{"created_at":"2020-03-14T09:17:21-07:00","entry_id":77271,"field1":"-0.25","field2":"-4.5625"},{"created_at":"2020-03-14T09:26:58-07:00","entry_id":77272,"field1":"-0.0625","field2":"-2.5625"},{"created_at":"2020-03-14T09:36:35-07:00","entry_id":77273,"field1":"0.1875","field2":"-2.875"},{"created_at":"2020-03-14T09:46:12-07:00","entry_id":77274,"field1":"0.3125","field2":"-3.75"},{"created_at":"2020-03-14T09:55:49-07:00","entry_id":77275,"field1":"0.375","field2":"-3.25"},{"created_at":"2020-03-14T10:05:26-07:00","entry_id":77276,"field1":"0.5","field2":"-3.8125"},{"created_at":"2020-03-14T10:15:02-07:00","entry_id":77277,"field1":"0.5625","field2":"-3.6875"},{"created_at":"2020-03-14T10:24:39-07:00","entry_id":77278,"field1":"0.4375","field2":"-4.375"},{"created_at":"2020-03-14T10:34:16-07:00","entry_id":77279,"field1":"0.5625","field2":"-4.0625"},{"created_at":"2020-03-14T10:43:53-07:00","entry_id":77280,"field1":"0.5","field2":"-4.1875"},{"created_at":"2020-03-14T10:53:30-07:00","entry_id":77281,"field1":"0.4375","field2":"-3.625"},{"created_at":"2020-03-14T11:03:06-07:00","entry_id":77282,"field1":"0.4375","field2":"-3.75"},{"created_at":"2020-03-14T11:12:44-07:00","entry_id":77283,"field1":"0.375","field2":"-3.25"},{"created_at":"2020-03-14T11:22:24-07:00","entry_id":77284,"field1":"0.375","field2":"-3.5"},{"created_at":"2020-03-14T11:31:58-07:00","entry_id":77285,"field1":"0.3125","field2":"-3.6875"},{"created_at":"2020-03-14T11:41:35-07:00","entry_id":77286,"field1":"0.1875","field2":"-3.75"},{"created_at":"2020-03-14T11:51:12-07:00","entry_id":77287,"field1":"0.125","field2":"-3.4375"},{"created_at":"2020-03-14T12:00:49-07:00","entry_id":77288,"field1":"0.25","field2":"-3.125"},{"created_at":"2020-03-14T12:10:25-07:00","entry_id":77289,"field1":"0.3125","field2":"-2.9375"},{"created_at":"2020-03-14T12:20:02-07:00","entry_id":77290,"field1":"0.3125","field2":"-3.0625"},{"created_at":"2020-03-14T12:29:40-07:00","entry_id":77291,"field1":"0.3125","field2":"-2.375"},{"created_at":"2020-03-14T12:39:16-07:00","entry_id":77292,"field1":"0.125","field2":"-2.875"},{"created_at":"2020-03-14T12:48:54-07:00","entry_id":77293,"field1":"0.25","field2":"-2.375"},{"created_at":"2020-03-14T12:58:31-07:00","entry_id":77294,"field1":"0.375","field2":"-2.1875"},{"created_at":"2020-03-14T13:08:08-07:00","entry_id":77295,"field1":"0.3125","field2":"-2.3125"},{"created_at":"2020-03-14T13:17:45-07:00","entry_id":77296,"field1":"0.1875","field2":"-2.625"},{"created_at":"2020-03-14T13:27:22-07:00","entry_id":77297,"field1":"0.0625","field2":"-3.0625"},{"created_at":"2020-03-14T13:36:59-07:00","entry_id":77298,"field1":"0.125","field2":"-2.8125"},{"created_at":"2020-03-14T13:46:35-07:00","entry_id":77299,"field1":"0","field2":"-2.75"},{"created_at":"2020-03-14T13:56:10-07:00","entry_id":77300,"field1":"-0.0625","field2":"-2.625"},{"created_at":"2020-03-14T14:05:47-07:00","entry_id":77301,"field1":"-0.0625","field2":"-2.6875"},{"created_at":"2020-03-14T14:15:23-07:00","entry_id":77302,"field1":"-0.1875","field2":"-2.75"},{"created_at":"2020-03-14T14:25:00-07:00","entry_id":77303,"field1":"-0.3125","field2":"-2.8125"},{"created_at":"2020-03-14T14:34:38-07:00","entry_id":77304,"field1":"-0.4375","field2":"-2.8125"},{"created_at":"2020-03-14T14:44:14-07:00","entry_id":77305,"field1":"-0.4375","field2":"-2.6875"},{"created_at":"2020-03-14T14:53:51-07:00","entry_id":77306,"field1":"-0.125","field2":"-2.6875"},{"created_at":"2020-03-14T15:03:27-07:00","entry_id":77307,"field1":"-0.3125","field2":"-2.5625"},{"created_at":"2020-03-14T15:13:04-07:00","entry_id":77308,"field1":"0","field2":"-2.3125"},{"created_at":"2020-03-14T15:22:40-07:00","entry_id":77309,"field1":"0.0625","field2":"-2.375"},{"created_at":"2020-03-14T15:32:17-07:00","entry_id":77310,"field1":"0.125","field2":"-2.3125"},{"created_at":"2020-03-14T15:41:54-07:00","entry_id":77311,"field1":"0.125","field2":"-2.25"},{"created_at":"2020-03-14T15:51:31-07:00","entry_id":77312,"field1":"0.125","field2":"-2.375"},{"created_at":"2020-03-14T16:01:08-07:00","entry_id":77313,"field1":"0.125","field2":"-2.25"},{"created_at":"2020-03-14T16:10:44-07:00","entry_id":77314,"field1":"0.125","field2":"-2.3125"},{"created_at":"2020-03-14T16:20:20-07:00","entry_id":77315,"field1":"0.125","field2":"-2.1875"},{"created_at":"2020-03-14T16:29:57-07:00","entry_id":77316,"field1":"0.0625","field2":"-2.3125"},{"created_at":"2020-03-14T16:39:34-07:00","entry_id":77317,"field1":"0.125","field2":"-2.25"},{"created_at":"2020-03-14T16:49:11-07:00","entry_id":77318,"field1":"-0.0625","field2":"-2.375"},{"created_at":"2020-03-14T16:58:47-07:00","entry_id":77319,"field1":"0","field2":"-2.3125"},{"created_at":"2020-03-14T17:08:24-07:00","entry_id":77320,"field1":"0","field2":"-2.0625"},{"created_at":"2020-03-14T17:18:01-07:00","entry_id":77321,"field1":"0.0625","field2":"-2.25"},{"created_at":"2020-03-14T17:27:39-07:00","entry_id":77322,"field1":"0.0625","field2":"-2.125"},{"created_at":"2020-03-14T17:37:15-07:00","entry_id":77323,"field1":"0.0625","field2":"-2.125"},{"created_at":"2020-03-14T17:46:51-07:00","entry_id":77324,"field1":"0.0625","field2":"-2.1875"},{"created_at":"2020-03-14T17:56:28-07:00","entry_id":77325,"field1":"0.0625","field2":"-2.3125"},{"created_at":"2020-03-14T18:06:06-07:00","entry_id":77326,"field1":"-0.1875","field2":"-2.4375"},{"created_at":"2020-03-14T18:15:42-07:00","entry_id":77327,"field1":"-0.1875","field2":"-2.5625"},{"created_at":"2020-03-14T18:25:19-07:00","entry_id":77328,"field1":"0","field2":"-2.625"},{"created_at":"2020-03-14T18:34:57-07:00","entry_id":77329,"field1":"0","field2":"-2.9375"},{"created_at":"2020-03-14T18:44:33-07:00","entry_id":77330,"field1":"0","field2":"-3"},{"created_at":"2020-03-14T18:54:10-07:00","entry_id":77331,"field1":"-0.0625","field2":"-3.3125"},{"created_at":"2020-03-14T19:03:47-07:00","entry_id":77332,"field1":"-0.125","field2":"-3.5"},{"created_at":"2020-03-14T19:13:24-07:00","entry_id":77333,"field1":"-0.125","field2":"-3.6875"},{"created_at":"2020-03-14T19:23:01-07:00","entry_id":77334,"field1":"-0.125","field2":"-4"},{"created_at":"2020-03-14T19:32:38-07:00","entry_id":77335,"field1":"-0.1875","field2":"-4.25"},{"created_at":"2020-03-14T19:42:15-07:00","entry_id":77336,"field1":"-0.1875","field2":"-4.4375"},{"created_at":"2020-03-14T19:51:51-07:00","entry_id":77337,"field1":"-0.25","field2":"-4.6875"},{"created_at":"2020-03-14T20:01:28-07:00","entry_id":77338,"field1":"-0.25","field2":"-4.75"},{"created_at":"2020-03-14T20:11:04-07:00","entry_id":77339,"field1":"-0.3125","field2":"-4.875"},{"created_at":"2020-03-14T20:20:41-07:00","entry_id":77340,"field1":"-0.3125","field2":"-4.8125"},{"created_at":"2020-03-14T20:30:17-07:00","entry_id":77341,"field1":"-0.375","field2":"-5.125"},{"created_at":"2020-03-14T20:39:54-07:00","entry_id":77342,"field1":"-0.375","field2":"-5.3125"},{"created_at":"2020-03-14T20:49:31-07:00","entry_id":77343,"field1":"-0.375","field2":"-5.3125"},{"created_at":"2020-03-14T20:59:08-07:00","entry_id":77344,"field1":"-0.4375","field2":"-5.375"},{"created_at":"2020-03-14T21:08:45-07:00","entry_id":77345,"field1":"-0.4375","field2":"-5.4375"},{"created_at":"2020-03-14T21:18:21-07:00","entry_id":77346,"field1":"-0.5","field2":"-5.75"},{"created_at":"2020-03-14T21:27:58-07:00","entry_id":77347,"field1":"-0.5","field2":"-5.9375"},{"created_at":"2020-03-14T21:37:36-07:00","entry_id":77348,"field1":"-0.5","field2":"-6.3125"},{"created_at":"2020-03-14T21:47:12-07:00","entry_id":77349,"field1":"-0.5625","field2":"-6.125"},{"created_at":"2020-03-14T21:56:49-07:00","entry_id":77350,"field1":"-0.5625","field2":"-6"},{"created_at":"2020-03-14T22:06:26-07:00","entry_id":77351,"field1":"-0.625","field2":"-6.4375"},{"created_at":"2020-03-14T22:16:03-07:00","entry_id":77352,"field1":"-0.625","field2":"-6.8125"},{"created_at":"2020-03-14T22:25:40-07:00","entry_id":77353,"field1":"-0.6875","field2":"-6.5625"},{"created_at":"2020-03-14T22:35:17-07:00","entry_id":77354,"field1":"-0.6875","field2":"-7.0625"},{"created_at":"2020-03-14T22:44:53-07:00","entry_id":77355,"field1":"-0.75","field2":"-7.75"},{"created_at":"2020-03-14T22:54:30-07:00","entry_id":77356,"field1":"-0.75","field2":"-7.6875"},{"created_at":"2020-03-14T23:04:07-07:00","entry_id":77357,"field1":"-0.8125","field2":"-7.5"},{"created_at":"2020-03-14T23:13:43-07:00","entry_id":77358,"field1":"-0.8125","field2":"-7.6875"},{"created_at":"2020-03-14T23:23:20-07:00","entry_id":77359,"field1":"-0.875","field2":"-7.5625"},{"created_at":"2020-03-14T23:32:56-07:00","entry_id":77360,"field1":"-0.875","field2":"-7.5625"},{"created_at":"2020-03-14T23:42:34-07:00","entry_id":77361,"field1":"-0.9375","field2":"-7.3125"},{"created_at":"2020-03-14T23:52:10-07:00","entry_id":77362,"field1":"-1","field2":"-7.875"}]}