{"channel":{"id":581842,"name":"Upstairs Small Window Indoor / Outdoor Sensor","latitude":"0.0","longitude":"0.0","field1":"Indoor Temperature","field2":"Outdoor Temperature","created_at":"2018-09-23T15:37:52-07:00","updated_at":"2020-07-27T05:59:41-07:00","last_entry_id":390590},"feeds":[{"created_at":"2026-01-19T00:08:04-08:00","entry_id":390310,"field1":"-0.0625","field2":"-2.0625"},{"created_at":"2026-01-19T00:17:41-08:00","entry_id":390311,"field1":"-0.0625","field2":"-2.1875"},{"created_at":"2026-01-19T00:27:19-08:00","entry_id":390312,"field1":"-0.0625","field2":"-2.125"},{"created_at":"2026-01-19T00:36:56-08:00","entry_id":390313,"field1":"-0.0625","field2":"-2.125"},{"created_at":"2026-01-19T00:46:32-08:00","entry_id":390314,"field1":"-0.0625","field2":"-2.25"},{"created_at":"2026-01-19T00:56:07-08:00","entry_id":390315,"field1":"-0.0625","field2":"-2.3125"},{"created_at":"2026-01-19T01:05:45-08:00","entry_id":390316,"field1":"-0.0625","field2":"-2.1875"},{"created_at":"2026-01-19T01:15:22-08:00","entry_id":390317,"field1":"-0.125","field2":"-2.1875"},{"created_at":"2026-01-19T01:24:59-08:00","entry_id":390318,"field1":"-0.125","field2":"-2.25"},{"created_at":"2026-01-19T01:34:36-08:00","entry_id":390319,"field1":"-0.125","field2":"-2.25"},{"created_at":"2026-01-19T01:44:13-08:00","entry_id":390320,"field1":"-0.125","field2":"-2.25"},{"created_at":"2026-01-19T01:53:48-08:00","entry_id":390321,"field1":"-0.125","field2":"-2.25"},{"created_at":"2026-01-19T02:03:26-08:00","entry_id":390322,"field1":"-0.125","field2":"-2.375"},{"created_at":"2026-01-19T02:13:01-08:00","entry_id":390323,"field1":"-0.125","field2":"-2.4375"},{"created_at":"2026-01-19T02:22:37-08:00","entry_id":390324,"field1":"-0.1875","field2":"-2.4375"},{"created_at":"2026-01-19T02:32:13-08:00","entry_id":390325,"field1":"-0.1875","field2":"-2.375"},{"created_at":"2026-01-19T02:41:50-08:00","entry_id":390326,"field1":"-0.1875","field2":"-2.375"},{"created_at":"2026-01-19T02:51:28-08:00","entry_id":390327,"field1":"-0.1875","field2":"-2.3125"},{"created_at":"2026-01-19T03:11:32-08:00","entry_id":390328,"field1":"-0.1875","field2":"-2.5"},{"created_at":"2026-01-19T03:21:10-08:00","entry_id":390329,"field1":"-0.25","field2":"-2.4375"},{"created_at":"2026-01-19T03:30:45-08:00","entry_id":390330,"field1":"-0.25","field2":"-2.5"},{"created_at":"2026-01-19T03:40:21-08:00","entry_id":390331,"field1":"-0.25","field2":"-2.5"},{"created_at":"2026-01-19T03:49:59-08:00","entry_id":390332,"field1":"-0.25","field2":"-2.5"},{"created_at":"2026-01-19T03:59:34-08:00","entry_id":390333,"field1":"-0.25","field2":"-2.5625"},{"created_at":"2026-01-19T04:09:10-08:00","entry_id":390334,"field1":"-0.25","field2":"-2.5"},{"created_at":"2026-01-19T04:18:46-08:00","entry_id":390335,"field1":"-0.25","field2":"-2.6875"},{"created_at":"2026-01-19T04:28:25-08:00","entry_id":390336,"field1":"-0.3125","field2":"-2.6875"},{"created_at":"2026-01-19T04:38:02-08:00","entry_id":390337,"field1":"-0.3125","field2":"-2.625"},{"created_at":"2026-01-19T04:47:38-08:00","entry_id":390338,"field1":"-0.3125","field2":"-2.8125"},{"created_at":"2026-01-19T04:57:14-08:00","entry_id":390339,"field1":"-0.3125","field2":"-2.75"},{"created_at":"2026-01-19T05:06:49-08:00","entry_id":390340,"field1":"-0.3125","field2":"-2.75"},{"created_at":"2026-01-19T05:16:28-08:00","entry_id":390341,"field1":"-0.3125","field2":"-2.8125"},{"created_at":"2026-01-19T05:26:03-08:00","entry_id":390342,"field1":"-0.375","field2":"-2.6875"},{"created_at":"2026-01-19T05:35:39-08:00","entry_id":390343,"field1":"-0.375","field2":"-2.625"},{"created_at":"2026-01-19T05:45:17-08:00","entry_id":390344,"field1":"-0.375","field2":"-2.9375"},{"created_at":"2026-01-19T05:54:54-08:00","entry_id":390345,"field1":"-0.375","field2":"-3"},{"created_at":"2026-01-19T06:04:31-08:00","entry_id":390346,"field1":"-0.375","field2":"-2.9375"},{"created_at":"2026-01-19T06:14:07-08:00","entry_id":390347,"field1":"-0.375","field2":"-3"},{"created_at":"2026-01-19T06:23:43-08:00","entry_id":390348,"field1":"-0.375","field2":"-2.875"},{"created_at":"2026-01-19T06:33:19-08:00","entry_id":390349,"field1":"-0.4375","field2":"-2.875"},{"created_at":"2026-01-19T06:42:57-08:00","entry_id":390350,"field1":"-0.4375","field2":"-2.875"},{"created_at":"2026-01-19T06:52:32-08:00","entry_id":390351,"field1":"-0.4375","field2":"-2.9375"},{"created_at":"2026-01-19T07:02:09-08:00","entry_id":390352,"field1":"-0.4375","field2":"-3"},{"created_at":"2026-01-19T07:11:46-08:00","entry_id":390353,"field1":"-0.4375","field2":"-3"},{"created_at":"2026-01-19T07:21:23-08:00","entry_id":390354,"field1":"-0.5","field2":"-3"},{"created_at":"2026-01-19T07:31:01-08:00","entry_id":390355,"field1":"-0.5","field2":"-3"},{"created_at":"2026-01-19T07:40:37-08:00","entry_id":390356,"field1":"-0.5","field2":"-3"},{"created_at":"2026-01-19T07:50:14-08:00","entry_id":390357,"field1":"-0.5","field2":"-3.0625"},{"created_at":"2026-01-19T07:59:52-08:00","entry_id":390358,"field1":"-0.5","field2":"-3"},{"created_at":"2026-01-19T08:09:29-08:00","entry_id":390359,"field1":"-0.5","field2":"-3.125"},{"created_at":"2026-01-19T08:19:05-08:00","entry_id":390360,"field1":"-0.5625","field2":"-3.1875"},{"created_at":"2026-01-19T08:28:40-08:00","entry_id":390361,"field1":"-0.5625","field2":"-3.1875"},{"created_at":"2026-01-19T08:38:19-08:00","entry_id":390362,"field1":"-0.5625","field2":"-3.125"},{"created_at":"2026-01-19T08:47:54-08:00","entry_id":390363,"field1":"-0.5625","field2":"-3.1875"},{"created_at":"2026-01-19T08:57:32-08:00","entry_id":390364,"field1":"-0.5625","field2":"-3.125"},{"created_at":"2026-01-19T09:07:08-08:00","entry_id":390365,"field1":"-0.5625","field2":"-3.125"},{"created_at":"2026-01-19T09:16:46-08:00","entry_id":390366,"field1":"-0.625","field2":"-3.125"},{"created_at":"2026-01-19T09:26:23-08:00","entry_id":390367,"field1":"-0.625","field2":"-3.0625"},{"created_at":"2026-01-19T09:36:00-08:00","entry_id":390368,"field1":"-0.625","field2":"-3.0625"},{"created_at":"2026-01-19T09:45:36-08:00","entry_id":390369,"field1":"-0.625","field2":"-3.0625"},{"created_at":"2026-01-19T09:55:14-08:00","entry_id":390370,"field1":"-0.625","field2":"-2.9375"},{"created_at":"2026-01-19T10:04:51-08:00","entry_id":390371,"field1":"-0.625","field2":"-2.9375"},{"created_at":"2026-01-19T10:14:28-08:00","entry_id":390372,"field1":"-0.625","field2":"-2.875"},{"created_at":"2026-01-19T10:24:04-08:00","entry_id":390373,"field1":"-0.625","field2":"-2.875"},{"created_at":"2026-01-19T10:33:41-08:00","entry_id":390374,"field1":"-0.625","field2":"-2.8125"},{"created_at":"2026-01-19T10:43:18-08:00","entry_id":390375,"field1":"-0.6875","field2":"-2.75"},{"created_at":"2026-01-19T10:52:55-08:00","entry_id":390376,"field1":"-0.6875","field2":"-2.8125"},{"created_at":"2026-01-19T11:02:33-08:00","entry_id":390377,"field1":"-0.6875","field2":"-2.75"},{"created_at":"2026-01-19T11:12:09-08:00","entry_id":390378,"field1":"-0.6875","field2":"-2.625"},{"created_at":"2026-01-19T11:21:47-08:00","entry_id":390379,"field1":"-0.6875","field2":"-2.625"},{"created_at":"2026-01-19T11:31:23-08:00","entry_id":390380,"field1":"-0.6875","field2":"-2.5"},{"created_at":"2026-01-19T11:41:01-08:00","entry_id":390381,"field1":"-0.6875","field2":"-2.5625"},{"created_at":"2026-01-19T11:50:37-08:00","entry_id":390382,"field1":"-0.6875","field2":"-2.4375"},{"created_at":"2026-01-19T12:00:12-08:00","entry_id":390383,"field1":"-0.6875","field2":"-2.4375"},{"created_at":"2026-01-19T12:09:49-08:00","entry_id":390384,"field1":"-0.6875","field2":"-2.375"},{"created_at":"2026-01-19T12:19:25-08:00","entry_id":390385,"field1":"-0.6875","field2":"-2.3125"},{"created_at":"2026-01-19T12:29:02-08:00","entry_id":390386,"field1":"-0.6875","field2":"-2.25"},{"created_at":"2026-01-19T12:38:40-08:00","entry_id":390387,"field1":"-0.6875","field2":"-2.25"},{"created_at":"2026-01-19T12:48:17-08:00","entry_id":390388,"field1":"-0.6875","field2":"-2.25"},{"created_at":"2026-01-19T12:57:54-08:00","entry_id":390389,"field1":"-0.6875","field2":"-2.1875"},{"created_at":"2026-01-19T13:07:29-08:00","entry_id":390390,"field1":"-0.6875","field2":"-2.3125"},{"created_at":"2026-01-19T13:17:06-08:00","entry_id":390391,"field1":"-0.6875","field2":"-2.1875"},{"created_at":"2026-01-19T13:26:44-08:00","entry_id":390392,"field1":"-0.6875","field2":"-2.25"},{"created_at":"2026-01-19T13:36:21-08:00","entry_id":390393,"field1":"-0.6875","field2":"-2"},{"created_at":"2026-01-19T13:45:58-08:00","entry_id":390394,"field1":"-0.6875","field2":"-2.125"},{"created_at":"2026-01-19T13:55:35-08:00","entry_id":390395,"field1":"-0.6875","field2":"-2.1875"},{"created_at":"2026-01-19T14:05:12-08:00","entry_id":390396,"field1":"-0.75","field2":"-2.25"},{"created_at":"2026-01-19T14:14:49-08:00","entry_id":390397,"field1":"-0.75","field2":"-2.3125"},{"created_at":"2026-01-19T14:24:24-08:00","entry_id":390398,"field1":"-0.75","field2":"-2.375"},{"created_at":"2026-01-19T14:34:02-08:00","entry_id":390399,"field1":"-0.75","field2":"-2.1875"},{"created_at":"2026-01-19T14:43:37-08:00","entry_id":390400,"field1":"-0.75","field2":"-2.125"},{"created_at":"2026-01-19T14:53:16-08:00","entry_id":390401,"field1":"-0.75","field2":"-2.25"},{"created_at":"2026-01-19T15:02:52-08:00","entry_id":390402,"field1":"-0.75","field2":"-2.3125"},{"created_at":"2026-01-19T15:12:28-08:00","entry_id":390403,"field1":"-0.75","field2":"-2.1875"},{"created_at":"2026-01-19T15:22:04-08:00","entry_id":390404,"field1":"-0.75","field2":"-2.4375"},{"created_at":"2026-01-19T15:31:40-08:00","entry_id":390405,"field1":"-0.75","field2":"-2.375"},{"created_at":"2026-01-19T15:41:16-08:00","entry_id":390406,"field1":"-0.75","field2":"-2.375"},{"created_at":"2026-01-19T15:50:53-08:00","entry_id":390407,"field1":"-0.75","field2":"-2.4375"},{"created_at":"2026-01-19T16:00:29-08:00","entry_id":390408,"field1":"-0.75","field2":"-2.5"},{"created_at":"2026-01-19T16:10:06-08:00","entry_id":390409,"field1":"-0.8125","field2":"-2.5625"},{"created_at":"2026-01-19T16:19:42-08:00","entry_id":390410,"field1":"-0.8125","field2":"-2.5"},{"created_at":"2026-01-19T16:29:20-08:00","entry_id":390411,"field1":"-0.75","field2":"-2.5625"},{"created_at":"2026-01-19T16:38:57-08:00","entry_id":390412,"field1":"-0.8125","field2":"-2.4375"},{"created_at":"2026-01-19T16:48:32-08:00","entry_id":390413,"field1":"-0.8125","field2":"-2.4375"},{"created_at":"2026-01-19T16:58:09-08:00","entry_id":390414,"field1":"-0.8125","field2":"-2.5625"},{"created_at":"2026-01-19T17:07:46-08:00","entry_id":390415,"field1":"-0.8125","field2":"-2.5625"},{"created_at":"2026-01-19T17:17:23-08:00","entry_id":390416,"field1":"-0.8125","field2":"-2.625"},{"created_at":"2026-01-19T17:27:00-08:00","entry_id":390417,"field1":"-0.8125","field2":"-2.5"},{"created_at":"2026-01-19T17:36:37-08:00","entry_id":390418,"field1":"-0.8125","field2":"-2.5625"},{"created_at":"2026-01-19T17:46:13-08:00","entry_id":390419,"field1":"-0.8125","field2":"-2.625"},{"created_at":"2026-01-19T17:55:50-08:00","entry_id":390420,"field1":"-0.8125","field2":"-2.6875"},{"created_at":"2026-01-19T18:05:26-08:00","entry_id":390421,"field1":"-0.875","field2":"-2.6875"},{"created_at":"2026-01-19T18:15:02-08:00","entry_id":390422,"field1":"-0.875","field2":"-2.75"},{"created_at":"2026-01-19T18:24:38-08:00","entry_id":390423,"field1":"-0.875","field2":"-2.75"},{"created_at":"2026-01-19T18:34:17-08:00","entry_id":390424,"field1":"-0.875","field2":"-2.75"},{"created_at":"2026-01-19T18:43:52-08:00","entry_id":390425,"field1":"-0.875","field2":"-2.75"},{"created_at":"2026-01-19T18:53:28-08:00","entry_id":390426,"field1":"-0.875","field2":"-2.75"},{"created_at":"2026-01-19T19:03:05-08:00","entry_id":390427,"field1":"-0.875","field2":"-2.6875"},{"created_at":"2026-01-19T19:12:41-08:00","entry_id":390428,"field1":"-0.875","field2":"-2.6875"},{"created_at":"2026-01-19T19:22:19-08:00","entry_id":390429,"field1":"-0.875","field2":"-2.6875"},{"created_at":"2026-01-19T19:31:54-08:00","entry_id":390430,"field1":"-0.9375","field2":"-2.6875"},{"created_at":"2026-01-19T19:41:32-08:00","entry_id":390431,"field1":"-0.9375","field2":"-2.6875"},{"created_at":"2026-01-19T19:51:08-08:00","entry_id":390432,"field1":"-0.9375","field2":"-2.75"},{"created_at":"2026-01-19T20:00:45-08:00","entry_id":390433,"field1":"-0.9375","field2":"-2.75"},{"created_at":"2026-01-19T20:10:20-08:00","entry_id":390434,"field1":"-0.9375","field2":"-2.875"},{"created_at":"2026-01-19T20:19:57-08:00","entry_id":390435,"field1":"-0.9375","field2":"-2.8125"},{"created_at":"2026-01-19T20:29:34-08:00","entry_id":390436,"field1":"-0.9375","field2":"-2.75"},{"created_at":"2026-01-19T20:39:12-08:00","entry_id":390437,"field1":"-0.9375","field2":"-2.875"},{"created_at":"2026-01-19T20:48:47-08:00","entry_id":390438,"field1":"-0.9375","field2":"-2.8125"},{"created_at":"2026-01-19T20:58:25-08:00","entry_id":390439,"field1":"-0.9375","field2":"-2.875"},{"created_at":"2026-01-19T21:08:01-08:00","entry_id":390440,"field1":"-1","field2":"-2.875"},{"created_at":"2026-01-19T21:17:37-08:00","entry_id":390441,"field1":"-1","field2":"-2.9375"},{"created_at":"2026-01-19T21:27:15-08:00","entry_id":390442,"field1":"-1","field2":"-2.9375"},{"created_at":"2026-01-19T21:36:50-08:00","entry_id":390443,"field1":"-1","field2":"-3"},{"created_at":"2026-01-19T21:46:26-08:00","entry_id":390444,"field1":"-1","field2":"-2.8125"},{"created_at":"2026-01-19T21:56:03-08:00","entry_id":390445,"field1":"-1","field2":"-3"},{"created_at":"2026-01-19T22:05:38-08:00","entry_id":390446,"field1":"-1","field2":"-2.875"},{"created_at":"2026-01-19T22:15:16-08:00","entry_id":390447,"field1":"-1","field2":"-2.8125"},{"created_at":"2026-01-19T22:24:51-08:00","entry_id":390448,"field1":"-1.0625","field2":"-2.75"},{"created_at":"2026-01-19T22:34:29-08:00","entry_id":390449,"field1":"-1.0625","field2":"-2.8125"},{"created_at":"2026-01-19T22:44:04-08:00","entry_id":390450,"field1":"-1.0625","field2":"-2.8125"},{"created_at":"2026-01-19T22:53:40-08:00","entry_id":390451,"field1":"-1.0625","field2":"-2.875"},{"created_at":"2026-01-19T23:03:18-08:00","entry_id":390452,"field1":"-1.0625","field2":"-2.875"},{"created_at":"2026-01-19T23:12:55-08:00","entry_id":390453,"field1":"-1.0625","field2":"-2.9375"},{"created_at":"2026-01-19T23:22:31-08:00","entry_id":390454,"field1":"-1.0625","field2":"-2.875"},{"created_at":"2026-01-19T23:32:08-08:00","entry_id":390455,"field1":"-1.0625","field2":"-2.875"},{"created_at":"2026-01-19T23:41:44-08:00","entry_id":390456,"field1":"-1.125","field2":"-2.8125"},{"created_at":"2026-01-19T23:51:23-08:00","entry_id":390457,"field1":"-1.125","field2":"-2.875"}]}