{"channel":{"id":581842,"name":"Upstairs Small Window Indoor / Outdoor Sensor","latitude":"0.0","longitude":"0.0","field1":"Indoor Temperature","field2":"Outdoor Temperature","created_at":"2018-09-23T15:37:52-07:00","updated_at":"2020-07-27T05:59:41-07:00","last_entry_id":150129},"feeds":[{"created_at":"2020-04-15T00:04:22-07:00","entry_id":82002,"field1":"7.4375","field2":"4.4375"},{"created_at":"2020-04-15T00:13:59-07:00","entry_id":82003,"field1":"7.4375","field2":"4.5625"},{"created_at":"2020-04-15T00:23:36-07:00","entry_id":82004,"field1":"7.4375","field2":"4.5"},{"created_at":"2020-04-15T00:33:13-07:00","entry_id":82005,"field1":"7.4375","field2":"4.4375"},{"created_at":"2020-04-15T00:42:50-07:00","entry_id":82006,"field1":"7.375","field2":"4.3125"},{"created_at":"2020-04-15T00:52:27-07:00","entry_id":82007,"field1":"7.375","field2":"4.25"},{"created_at":"2020-04-15T01:02:04-07:00","entry_id":82008,"field1":"7.375","field2":"4.1875"},{"created_at":"2020-04-15T01:11:41-07:00","entry_id":82009,"field1":"7.375","field2":"4.0625"},{"created_at":"2020-04-15T01:21:17-07:00","entry_id":82010,"field1":"7.3125","field2":"3.9375"},{"created_at":"2020-04-15T01:30:54-07:00","entry_id":82011,"field1":"7.3125","field2":"3.8125"},{"created_at":"2020-04-15T01:40:31-07:00","entry_id":82012,"field1":"7.3125","field2":"3.5"},{"created_at":"2020-04-15T01:50:09-07:00","entry_id":82013,"field1":"7.25","field2":"3.5625"},{"created_at":"2020-04-15T01:59:47-07:00","entry_id":82014,"field1":"7.25","field2":"3.3125"},{"created_at":"2020-04-15T02:09:23-07:00","entry_id":82015,"field1":"7.25","field2":"3.25"},{"created_at":"2020-04-15T02:19:00-07:00","entry_id":82016,"field1":"7.1875","field2":"3.3125"},{"created_at":"2020-04-15T02:28:37-07:00","entry_id":82017,"field1":"7.1875","field2":"3.25"},{"created_at":"2020-04-15T02:38:14-07:00","entry_id":82018,"field1":"7.1875","field2":"3.25"},{"created_at":"2020-04-15T02:47:51-07:00","entry_id":82019,"field1":"7.1875","field2":"3.4375"},{"created_at":"2020-04-15T02:57:29-07:00","entry_id":82020,"field1":"7.125","field2":"3.5625"},{"created_at":"2020-04-15T03:07:05-07:00","entry_id":82021,"field1":"7.125","field2":"3.6875"},{"created_at":"2020-04-15T03:16:42-07:00","entry_id":82022,"field1":"7.125","field2":"3.5625"},{"created_at":"2020-04-15T03:26:19-07:00","entry_id":82023,"field1":"7.0625","field2":"3.625"},{"created_at":"2020-04-15T03:35:56-07:00","entry_id":82024,"field1":"7.0625","field2":"3.6875"},{"created_at":"2020-04-15T03:45:33-07:00","entry_id":82025,"field1":"7.0625","field2":"3.6875"},{"created_at":"2020-04-15T03:55:11-07:00","entry_id":82026,"field1":"7","field2":"3.6875"},{"created_at":"2020-04-15T04:04:47-07:00","entry_id":82027,"field1":"7","field2":"3.625"},{"created_at":"2020-04-15T04:14:24-07:00","entry_id":82028,"field1":"7","field2":"3.5625"},{"created_at":"2020-04-15T04:24:01-07:00","entry_id":82029,"field1":"7","field2":"3.5"},{"created_at":"2020-04-15T04:33:38-07:00","entry_id":82030,"field1":"7","field2":"3.4375"},{"created_at":"2020-04-15T04:43:20-07:00","entry_id":82031,"field1":"6.9375","field2":"3.5625"},{"created_at":"2020-04-15T04:52:56-07:00","entry_id":82032,"field1":"6.9375","field2":"3.625"},{"created_at":"2020-04-15T05:02:33-07:00","entry_id":82033,"field1":"6.9375","field2":"3.625"},{"created_at":"2020-04-15T05:12:10-07:00","entry_id":82034,"field1":"6.875","field2":"3.5625"},{"created_at":"2020-04-15T05:21:47-07:00","entry_id":82035,"field1":"6.875","field2":"3.4375"},{"created_at":"2020-04-15T05:31:24-07:00","entry_id":82036,"field1":"6.875","field2":"3.3125"},{"created_at":"2020-04-15T05:41:01-07:00","entry_id":82037,"field1":"6.875","field2":"3.3125"},{"created_at":"2020-04-15T05:50:39-07:00","entry_id":82038,"field1":"6.8125","field2":"3.3125"},{"created_at":"2020-04-15T06:00:16-07:00","entry_id":82039,"field1":"6.8125","field2":"3.4375"},{"created_at":"2020-04-15T06:09:53-07:00","entry_id":82040,"field1":"6.8125","field2":"3.5"},{"created_at":"2020-04-15T06:19:31-07:00","entry_id":82041,"field1":"6.75","field2":"3.5"},{"created_at":"2020-04-15T06:29:08-07:00","entry_id":82042,"field1":"6.8125","field2":"3.5625"},{"created_at":"2020-04-15T06:38:49-07:00","entry_id":82043,"field1":"6.75","field2":"3.4375"},{"created_at":"2020-04-15T06:48:23-07:00","entry_id":82044,"field1":"6.75","field2":"3.5625"},{"created_at":"2020-04-15T06:58:00-07:00","entry_id":82045,"field1":"6.75","field2":"3.6875"},{"created_at":"2020-04-15T07:07:37-07:00","entry_id":82046,"field1":"6.75","field2":"3.8125"},{"created_at":"2020-04-15T07:17:15-07:00","entry_id":82047,"field1":"6.75","field2":"3.875"},{"created_at":"2020-04-15T07:26:52-07:00","entry_id":82048,"field1":"6.6875","field2":"3.8125"},{"created_at":"2020-04-15T07:36:30-07:00","entry_id":82049,"field1":"6.75","field2":"4.25"},{"created_at":"2020-04-15T07:46:07-07:00","entry_id":82050,"field1":"6.8125","field2":"5.25"},{"created_at":"2020-04-15T07:55:45-07:00","entry_id":82051,"field1":"7.0625","field2":"6.1875"},{"created_at":"2020-04-15T08:05:23-07:00","entry_id":82052,"field1":"7.375","field2":"6.8125"},{"created_at":"2020-04-15T08:15:00-07:00","entry_id":82053,"field1":"7.75","field2":"7.4375"},{"created_at":"2020-04-15T08:24:38-07:00","entry_id":82054,"field1":"8.1875","field2":"7.1875"},{"created_at":"2020-04-15T08:34:16-07:00","entry_id":82055,"field1":"8.4375","field2":"8.9375"},{"created_at":"2020-04-15T08:43:54-07:00","entry_id":82056,"field1":"8.6875","field2":"9.75"},{"created_at":"2020-04-15T08:53:31-07:00","entry_id":82057,"field1":"8.8125","field2":"9.1875"},{"created_at":"2020-04-15T09:03:08-07:00","entry_id":82058,"field1":"9.125","field2":"7.9375"},{"created_at":"2020-04-15T09:12:45-07:00","entry_id":82059,"field1":"9.625","field2":"7.1875"},{"created_at":"2020-04-15T09:22:23-07:00","entry_id":82060,"field1":"10.1875","field2":"8.4375"},{"created_at":"2020-04-15T09:32:00-07:00","entry_id":82061,"field1":"10.5625","field2":"7.8125"},{"created_at":"2020-04-15T09:41:38-07:00","entry_id":82062,"field1":"11.0625","field2":"7.8125"},{"created_at":"2020-04-15T09:51:20-07:00","entry_id":82063,"field1":"11.375","field2":"8.9375"},{"created_at":"2020-04-15T10:00:55-07:00","entry_id":82064,"field1":"11.3125","field2":"6.125"},{"created_at":"2020-04-15T10:10:32-07:00","entry_id":82065,"field1":"11.6875","field2":"7.125"},{"created_at":"2020-04-15T10:20:10-07:00","entry_id":82066,"field1":"11.5625","field2":"7.0625"},{"created_at":"2020-04-15T10:29:47-07:00","entry_id":82067,"field1":"11.8125","field2":"7.9375"},{"created_at":"2020-04-15T10:39:25-07:00","entry_id":82068,"field1":"12.1875","field2":"9.4375"},{"created_at":"2020-04-15T10:49:03-07:00","entry_id":82069,"field1":"12.3125","field2":"7.6875"},{"created_at":"2020-04-15T10:58:43-07:00","entry_id":82070,"field1":"12.375","field2":"7.8125"},{"created_at":"2020-04-15T11:08:21-07:00","entry_id":82071,"field1":"12.5","field2":"8.25"},{"created_at":"2020-04-15T11:17:59-07:00","entry_id":82072,"field1":"12.5625","field2":"8.5625"},{"created_at":"2020-04-15T11:27:36-07:00","entry_id":82073,"field1":"12.375","field2":"8.3125"},{"created_at":"2020-04-15T11:37:15-07:00","entry_id":82074,"field1":"12.3125","field2":"8.0625"},{"created_at":"2020-04-15T11:46:51-07:00","entry_id":82075,"field1":"12.0625","field2":"7.8125"},{"created_at":"2020-04-15T11:56:30-07:00","entry_id":82076,"field1":"11.9375","field2":"8.3125"},{"created_at":"2020-04-15T12:06:07-07:00","entry_id":82077,"field1":"11.9375","field2":"7.5"},{"created_at":"2020-04-15T12:15:44-07:00","entry_id":82078,"field1":"12","field2":"8.3125"},{"created_at":"2020-04-15T12:25:22-07:00","entry_id":82079,"field1":"11.9375","field2":"8.0625"},{"created_at":"2020-04-15T12:34:59-07:00","entry_id":82080,"field1":"11.9375","field2":"10.0625"},{"created_at":"2020-04-15T12:44:36-07:00","entry_id":82081,"field1":"11.875","field2":"10.625"},{"created_at":"2020-04-15T12:54:15-07:00","entry_id":82082,"field1":"11.9375","field2":"9.8125"},{"created_at":"2020-04-15T13:03:56-07:00","entry_id":82083,"field1":"12.0625","field2":"12"},{"created_at":"2020-04-15T13:13:31-07:00","entry_id":82084,"field1":"12.0625","field2":"13.0625"},{"created_at":"2020-04-15T13:23:08-07:00","entry_id":82085,"field1":"12.0625","field2":"12.5"},{"created_at":"2020-04-15T13:32:49-07:00","entry_id":82086,"field1":"12.0625","field2":"13.1875"},{"created_at":"2020-04-15T13:42:25-07:00","entry_id":82087,"field1":"12.125","field2":"13.75"},{"created_at":"2020-04-15T13:52:03-07:00","entry_id":82088,"field1":"12.125","field2":"14.5625"},{"created_at":"2020-04-15T14:01:40-07:00","entry_id":82089,"field1":"12.125","field2":"14.125"},{"created_at":"2020-04-15T14:11:17-07:00","entry_id":82090,"field1":"12.125","field2":"13.3125"},{"created_at":"2020-04-15T14:20:55-07:00","entry_id":82091,"field1":"12.125","field2":"13"},{"created_at":"2020-04-15T14:30:32-07:00","entry_id":82092,"field1":"12.125","field2":"13.3125"},{"created_at":"2020-04-15T14:40:10-07:00","entry_id":82093,"field1":"12.125","field2":"12.75"},{"created_at":"2020-04-15T14:49:48-07:00","entry_id":82094,"field1":"12.0625","field2":"13.0625"},{"created_at":"2020-04-15T14:59:26-07:00","entry_id":82095,"field1":"12.0625","field2":"13.0625"},{"created_at":"2020-04-15T15:09:05-07:00","entry_id":82096,"field1":"12.1875","field2":"12.1875"},{"created_at":"2020-04-15T15:18:41-07:00","entry_id":82097,"field1":"12.125","field2":"11.5625"},{"created_at":"2020-04-15T15:28:18-07:00","entry_id":82098,"field1":"12.0625","field2":"12.375"},{"created_at":"2020-04-15T15:37:55-07:00","entry_id":82099,"field1":"12.0625","field2":"12.5625"},{"created_at":"2020-04-15T15:47:33-07:00","entry_id":82100,"field1":"12.125","field2":"12.5625"},{"created_at":"2020-04-15T15:57:10-07:00","entry_id":82101,"field1":"12.125","field2":"12.125"},{"created_at":"2020-04-15T16:06:47-07:00","entry_id":82102,"field1":"12.0625","field2":"12.25"},{"created_at":"2020-04-15T16:16:25-07:00","entry_id":82103,"field1":"12","field2":"11.8125"},{"created_at":"2020-04-15T16:26:03-07:00","entry_id":82104,"field1":"12","field2":"11"},{"created_at":"2020-04-15T16:35:40-07:00","entry_id":82105,"field1":"12","field2":"10.875"},{"created_at":"2020-04-15T16:45:18-07:00","entry_id":82106,"field1":"11.9375","field2":"10.75"},{"created_at":"2020-04-15T16:54:56-07:00","entry_id":82107,"field1":"11.9375","field2":"10.8125"},{"created_at":"2020-04-15T17:04:33-07:00","entry_id":82108,"field1":"11.875","field2":"10.8125"},{"created_at":"2020-04-15T17:14:10-07:00","entry_id":82109,"field1":"11.875","field2":"10.375"},{"created_at":"2020-04-15T17:23:48-07:00","entry_id":82110,"field1":"11.8125","field2":"10.3125"},{"created_at":"2020-04-15T17:33:25-07:00","entry_id":82111,"field1":"11.8125","field2":"10.0625"},{"created_at":"2020-04-15T17:43:02-07:00","entry_id":82112,"field1":"11.75","field2":"10"},{"created_at":"2020-04-15T17:52:40-07:00","entry_id":82113,"field1":"11.75","field2":"9.875"},{"created_at":"2020-04-15T18:02:17-07:00","entry_id":82114,"field1":"11.6875","field2":"9.875"},{"created_at":"2020-04-15T18:11:56-07:00","entry_id":82115,"field1":"11.6875","field2":"9.6875"},{"created_at":"2020-04-15T18:21:33-07:00","entry_id":82116,"field1":"11.625","field2":"9.3125"},{"created_at":"2020-04-15T18:31:10-07:00","entry_id":82117,"field1":"11.5625","field2":"9"},{"created_at":"2020-04-15T18:40:47-07:00","entry_id":82118,"field1":"11.5","field2":"8.875"},{"created_at":"2020-04-15T18:50:24-07:00","entry_id":82119,"field1":"11.5","field2":"8.6875"},{"created_at":"2020-04-15T19:00:01-07:00","entry_id":82120,"field1":"11.4375","field2":"8.4375"},{"created_at":"2020-04-15T19:09:38-07:00","entry_id":82121,"field1":"11.375","field2":"8.25"},{"created_at":"2020-04-15T19:19:17-07:00","entry_id":82122,"field1":"11.3125","field2":"7.9375"},{"created_at":"2020-04-15T19:28:54-07:00","entry_id":82123,"field1":"11.25","field2":"7.625"},{"created_at":"2020-04-15T19:38:31-07:00","entry_id":82124,"field1":"11.25","field2":"7.3125"},{"created_at":"2020-04-15T19:48:08-07:00","entry_id":82125,"field1":"11.1875","field2":"7.125"},{"created_at":"2020-04-15T19:57:46-07:00","entry_id":82126,"field1":"11.0625","field2":"6.8125"},{"created_at":"2020-04-15T20:07:23-07:00","entry_id":82127,"field1":"11.0625","field2":"6.6875"},{"created_at":"2020-04-15T20:17:01-07:00","entry_id":82128,"field1":"11.0625","field2":"6.3125"},{"created_at":"2020-04-15T20:26:39-07:00","entry_id":82129,"field1":"11.0625","field2":"6.1875"},{"created_at":"2020-04-15T20:36:16-07:00","entry_id":82130,"field1":"11","field2":"5.8125"},{"created_at":"2020-04-15T20:45:54-07:00","entry_id":82131,"field1":"10.9375","field2":"5.625"},{"created_at":"2020-04-15T20:55:32-07:00","entry_id":82132,"field1":"10.875","field2":"5.625"},{"created_at":"2020-04-15T21:05:09-07:00","entry_id":82133,"field1":"10.875","field2":"5.375"},{"created_at":"2020-04-15T21:14:47-07:00","entry_id":82134,"field1":"10.75","field2":"5.5"},{"created_at":"2020-04-15T21:24:24-07:00","entry_id":82135,"field1":"10.75","field2":"5.5"},{"created_at":"2020-04-15T21:34:01-07:00","entry_id":82136,"field1":"10.6875","field2":"5.375"},{"created_at":"2020-04-15T21:43:38-07:00","entry_id":82137,"field1":"10.625","field2":"5.1875"},{"created_at":"2020-04-15T21:53:15-07:00","entry_id":82138,"field1":"10.625","field2":"4.75"},{"created_at":"2020-04-15T22:02:52-07:00","entry_id":82139,"field1":"10.5625","field2":"4.4375"},{"created_at":"2020-04-15T22:12:30-07:00","entry_id":82140,"field1":"10.5","field2":"4.5625"},{"created_at":"2020-04-15T22:22:06-07:00","entry_id":82141,"field1":"10.5","field2":"4.5"},{"created_at":"2020-04-15T22:31:44-07:00","entry_id":82142,"field1":"10.4375","field2":"4.4375"},{"created_at":"2020-04-15T22:41:21-07:00","entry_id":82143,"field1":"10.375","field2":"4.3125"},{"created_at":"2020-04-15T22:50:58-07:00","entry_id":82144,"field1":"10.3125","field2":"3.875"},{"created_at":"2020-04-15T23:00:35-07:00","entry_id":82145,"field1":"10.25","field2":"3.5"},{"created_at":"2020-04-15T23:10:13-07:00","entry_id":82146,"field1":"10.1875","field2":"3.125"},{"created_at":"2020-04-15T23:19:51-07:00","entry_id":82147,"field1":"10.125","field2":"3"},{"created_at":"2020-04-15T23:29:28-07:00","entry_id":82148,"field1":"10.125","field2":"2.8125"},{"created_at":"2020-04-15T23:39:04-07:00","entry_id":82149,"field1":"10.0625","field2":"2.6875"},{"created_at":"2020-04-15T23:48:42-07:00","entry_id":82150,"field1":"10","field2":"2.625"},{"created_at":"2020-04-15T23:58:19-07:00","entry_id":82151,"field1":"9.9375","field2":"2.4375"}]}