{"channel":{"id":581842,"name":"Upstairs Small Window Indoor / Outdoor Sensor","latitude":"0.0","longitude":"0.0","field1":"Indoor Temperature","field2":"Outdoor Temperature","created_at":"2018-09-23T15:37:52-07:00","updated_at":"2020-07-27T05:59:41-07:00","last_entry_id":150129},"feeds":[{"created_at":"2019-12-16T00:09:20-08:00","entry_id":64446,"field1":"0.6875","field2":"-0.875"},{"created_at":"2019-12-16T00:18:57-08:00","entry_id":64447,"field1":"0.6875","field2":"-1"},{"created_at":"2019-12-16T00:28:33-08:00","entry_id":64448,"field1":"0.6875","field2":"-1.0625"},{"created_at":"2019-12-16T00:38:10-08:00","entry_id":64449,"field1":"0.625","field2":"-1.0625"},{"created_at":"2019-12-16T00:47:46-08:00","entry_id":64450,"field1":"0.625","field2":"-1.0625"},{"created_at":"2019-12-16T00:57:23-08:00","entry_id":64451,"field1":"0.6875","field2":"-1.125"},{"created_at":"2019-12-16T01:06:59-08:00","entry_id":64452,"field1":"0.5625","field2":"-1.25"},{"created_at":"2019-12-16T01:16:36-08:00","entry_id":64453,"field1":"0.5625","field2":"-1.3125"},{"created_at":"2019-12-16T01:26:12-08:00","entry_id":64454,"field1":"0.4375","field2":"-1.375"},{"created_at":"2019-12-16T01:35:49-08:00","entry_id":64455,"field1":"0.5625","field2":"-1.5"},{"created_at":"2019-12-16T01:45:26-08:00","entry_id":64456,"field1":"0.375","field2":"-1.625"},{"created_at":"2019-12-16T01:55:02-08:00","entry_id":64457,"field1":"0.3125","field2":"-1.625"},{"created_at":"2019-12-16T02:04:39-08:00","entry_id":64458,"field1":"0.125","field2":"-1.625"},{"created_at":"2019-12-16T02:14:15-08:00","entry_id":64459,"field1":"0.125","field2":"-1.75"},{"created_at":"2019-12-16T02:23:52-08:00","entry_id":64460,"field1":"0.25","field2":"-1.8125"},{"created_at":"2019-12-16T02:33:29-08:00","entry_id":64461,"field1":"0.25","field2":"-1.875"},{"created_at":"2019-12-16T02:43:06-08:00","entry_id":64462,"field1":"0.1875","field2":"-2"},{"created_at":"2019-12-16T02:52:42-08:00","entry_id":64463,"field1":"0.1875","field2":"-2.0625"},{"created_at":"2019-12-16T03:02:20-08:00","entry_id":64464,"field1":"0.25","field2":"-2.1875"},{"created_at":"2019-12-16T03:11:57-08:00","entry_id":64465,"field1":"0.25","field2":"-2.1875"},{"created_at":"2019-12-16T03:21:33-08:00","entry_id":64466,"field1":"0.125","field2":"-2.25"},{"created_at":"2019-12-16T03:31:10-08:00","entry_id":64467,"field1":"0.125","field2":"-2.375"},{"created_at":"2019-12-16T03:40:47-08:00","entry_id":64468,"field1":"0.25","field2":"-2.375"},{"created_at":"2019-12-16T03:50:24-08:00","entry_id":64469,"field1":"0.3125","field2":"-2.5625"},{"created_at":"2019-12-16T04:00:00-08:00","entry_id":64470,"field1":"0.25","field2":"-2.4375"},{"created_at":"2019-12-16T04:09:37-08:00","entry_id":64471,"field1":"0.0625","field2":"-2.375"},{"created_at":"2019-12-16T04:19:13-08:00","entry_id":64472,"field1":"-0.0625","field2":"-2.5625"},{"created_at":"2019-12-16T04:28:50-08:00","entry_id":64473,"field1":"-0.0625","field2":"-2.5625"},{"created_at":"2019-12-16T04:38:27-08:00","entry_id":64474,"field1":"0","field2":"-2.5625"},{"created_at":"2019-12-16T04:48:04-08:00","entry_id":64475,"field1":"0.125","field2":"-2.6875"},{"created_at":"2019-12-16T04:57:41-08:00","entry_id":64476,"field1":"0.1875","field2":"-2.6875"},{"created_at":"2019-12-16T05:07:22-08:00","entry_id":64477,"field1":"-0.0625","field2":"-2.75"},{"created_at":"2019-12-16T05:16:57-08:00","entry_id":64478,"field1":"0.125","field2":"-2.75"},{"created_at":"2019-12-16T05:26:33-08:00","entry_id":64479,"field1":"0.125","field2":"-2.9375"},{"created_at":"2019-12-16T05:36:09-08:00","entry_id":64480,"field1":"0.0625","field2":"-2.8125"},{"created_at":"2019-12-16T05:45:46-08:00","entry_id":64481,"field1":"0.3125","field2":"-2.9375"},{"created_at":"2019-12-16T05:55:23-08:00","entry_id":64482,"field1":"-0.125","field2":"-2.9375"},{"created_at":"2019-12-16T06:04:59-08:00","entry_id":64483,"field1":"-0.3125","field2":"-2.9375"},{"created_at":"2019-12-16T06:14:36-08:00","entry_id":64484,"field1":"0","field2":"-3.0625"},{"created_at":"2019-12-16T06:24:13-08:00","entry_id":64485,"field1":"0.0625","field2":"-3"},{"created_at":"2019-12-16T06:33:49-08:00","entry_id":64486,"field1":"0.0625","field2":"-2.9375"},{"created_at":"2019-12-16T06:43:26-08:00","entry_id":64487,"field1":"-0.3125","field2":"-3.0625"},{"created_at":"2019-12-16T06:53:02-08:00","entry_id":64488,"field1":"-0.375","field2":"-3.375"},{"created_at":"2019-12-16T07:02:40-08:00","entry_id":64489,"field1":"-0.1875","field2":"-3.375"},{"created_at":"2019-12-16T07:12:16-08:00","entry_id":64490,"field1":"-0.5625","field2":"-3.25"},{"created_at":"2019-12-16T07:21:54-08:00","entry_id":64491,"field1":"-0.3125","field2":"-3.25"},{"created_at":"2019-12-16T07:31:30-08:00","entry_id":64492,"field1":"-0.1875","field2":"-3.375"},{"created_at":"2019-12-16T07:41:06-08:00","entry_id":64493,"field1":"-0.4375","field2":"-3.3125"},{"created_at":"2019-12-16T07:50:44-08:00","entry_id":64494,"field1":"-0.1875","field2":"-3.375"},{"created_at":"2019-12-16T08:00:21-08:00","entry_id":64495,"field1":"-0.3125","field2":"-3.4375"},{"created_at":"2019-12-16T08:09:57-08:00","entry_id":64496,"field1":"-0.5625","field2":"-3.5"},{"created_at":"2019-12-16T08:19:34-08:00","entry_id":64497,"field1":"-0.5625","field2":"-3.4375"},{"created_at":"2019-12-16T08:29:11-08:00","entry_id":64498,"field1":"-0.5","field2":"-3.4375"},{"created_at":"2019-12-16T08:38:49-08:00","entry_id":64499,"field1":"-0.5625","field2":"-3.5"},{"created_at":"2019-12-16T08:48:25-08:00","entry_id":64500,"field1":"-0.8125","field2":"-3.625"},{"created_at":"2019-12-16T08:58:02-08:00","entry_id":64501,"field1":"-0.875","field2":"-3.5625"},{"created_at":"2019-12-16T09:07:38-08:00","entry_id":64502,"field1":"-0.8125","field2":"-3.5625"},{"created_at":"2019-12-16T09:17:15-08:00","entry_id":64503,"field1":"-0.625","field2":"-3.625"},{"created_at":"2019-12-16T09:26:52-08:00","entry_id":64504,"field1":"-0.625","field2":"-3.375"},{"created_at":"2019-12-16T09:36:29-08:00","entry_id":64505,"field1":"-0.625","field2":"-3.4375"},{"created_at":"2019-12-16T09:46:06-08:00","entry_id":64506,"field1":"-0.5625","field2":"-3.4375"},{"created_at":"2019-12-16T09:55:42-08:00","entry_id":64507,"field1":"-0.8125","field2":"-3.5"},{"created_at":"2019-12-16T10:05:19-08:00","entry_id":64508,"field1":"-0.625","field2":"-3.5"},{"created_at":"2019-12-16T10:14:55-08:00","entry_id":64509,"field1":"-0.8125","field2":"-3.4375"},{"created_at":"2019-12-16T10:24:32-08:00","entry_id":64510,"field1":"-0.8125","field2":"-3.5625"},{"created_at":"2019-12-16T10:34:10-08:00","entry_id":64511,"field1":"-0.4375","field2":"-3.375"},{"created_at":"2019-12-16T10:43:48-08:00","entry_id":64512,"field1":"-0.0625","field2":"-3.1875"},{"created_at":"2019-12-16T10:53:24-08:00","entry_id":64513,"field1":"-0.5","field2":"-3.125"},{"created_at":"2019-12-16T11:03:01-08:00","entry_id":64514,"field1":"-0.625","field2":"-3.0625"},{"created_at":"2019-12-16T11:12:37-08:00","entry_id":64515,"field1":"-0.625","field2":"-3.1875"},{"created_at":"2019-12-16T11:22:14-08:00","entry_id":64516,"field1":"-0.625","field2":"-3.375"},{"created_at":"2019-12-16T11:31:50-08:00","entry_id":64517,"field1":"-0.75","field2":"-3.3125"},{"created_at":"2019-12-16T11:41:28-08:00","entry_id":64518,"field1":"-0.375","field2":"-3.25"},{"created_at":"2019-12-16T11:51:04-08:00","entry_id":64519,"field1":"-0.8125","field2":"-3.1875"},{"created_at":"2019-12-16T12:00:42-08:00","entry_id":64520,"field1":"-0.8125","field2":"-3.25"},{"created_at":"2019-12-16T12:10:18-08:00","entry_id":64521,"field1":"-0.5625","field2":"-3.1875"},{"created_at":"2019-12-16T12:19:55-08:00","entry_id":64522,"field1":"-0.8125","field2":"-3.0625"},{"created_at":"2019-12-16T12:29:32-08:00","entry_id":64523,"field1":"-0.375","field2":"-3.125"},{"created_at":"2019-12-16T12:39:09-08:00","entry_id":64524,"field1":"-0.375","field2":"-3.0625"},{"created_at":"2019-12-16T12:48:46-08:00","entry_id":64525,"field1":"-0.3125","field2":"-3.0625"},{"created_at":"2019-12-16T12:58:23-08:00","entry_id":64526,"field1":"-0.1875","field2":"-3.0625"},{"created_at":"2019-12-16T13:08:00-08:00","entry_id":64527,"field1":"-0.125","field2":"-3.0625"},{"created_at":"2019-12-16T13:17:36-08:00","entry_id":64528,"field1":"-0.125","field2":"-3"},{"created_at":"2019-12-16T13:27:13-08:00","entry_id":64529,"field1":"-0.3125","field2":"-3.0625"},{"created_at":"2019-12-16T13:36:49-08:00","entry_id":64530,"field1":"-0.1875","field2":"-3"},{"created_at":"2019-12-16T13:46:26-08:00","entry_id":64531,"field1":"-0.25","field2":"-2.875"},{"created_at":"2019-12-16T13:56:04-08:00","entry_id":64532,"field1":"-0.25","field2":"-2.8125"},{"created_at":"2019-12-16T14:05:41-08:00","entry_id":64533,"field1":"-0.1875","field2":"-2.8125"},{"created_at":"2019-12-16T14:15:18-08:00","entry_id":64534,"field1":"-0.125","field2":"-2.75"},{"created_at":"2019-12-16T14:24:55-08:00","entry_id":64535,"field1":"-0.125","field2":"-2.8125"},{"created_at":"2019-12-16T14:34:31-08:00","entry_id":64536,"field1":"-0.1875","field2":"-2.75"},{"created_at":"2019-12-16T14:44:08-08:00","entry_id":64537,"field1":"-0.3125","field2":"-2.625"},{"created_at":"2019-12-16T14:53:46-08:00","entry_id":64538,"field1":"-0.3125","field2":"-2.6875"},{"created_at":"2019-12-16T15:03:22-08:00","entry_id":64539,"field1":"-0.3125","field2":"-2.6875"},{"created_at":"2019-12-16T15:12:59-08:00","entry_id":64540,"field1":"-0.3125","field2":"-2.6875"},{"created_at":"2019-12-16T15:22:36-08:00","entry_id":64541,"field1":"-0.3125","field2":"-2.5625"},{"created_at":"2019-12-16T15:32:13-08:00","entry_id":64542,"field1":"-0.1875","field2":"-2.625"},{"created_at":"2019-12-16T15:41:50-08:00","entry_id":64543,"field1":"-0.1875","field2":"-2.5625"},{"created_at":"2019-12-16T15:51:27-08:00","entry_id":64544,"field1":"-0.1875","field2":"-2.5625"},{"created_at":"2019-12-16T16:01:04-08:00","entry_id":64545,"field1":"-0.3125","field2":"-2.5"},{"created_at":"2019-12-16T16:10:41-08:00","entry_id":64546,"field1":"-0.25","field2":"-2.5625"},{"created_at":"2019-12-16T16:20:18-08:00","entry_id":64547,"field1":"-0.1875","field2":"-2.5625"},{"created_at":"2019-12-16T16:29:55-08:00","entry_id":64548,"field1":"-0.25","field2":"-2.5625"},{"created_at":"2019-12-16T16:39:32-08:00","entry_id":64549,"field1":"-0.25","field2":"-2.5"},{"created_at":"2019-12-16T16:49:09-08:00","entry_id":64550,"field1":"-0.25","field2":"-2.5625"},{"created_at":"2019-12-16T16:58:46-08:00","entry_id":64551,"field1":"-0.25","field2":"-2.5625"},{"created_at":"2019-12-16T17:08:23-08:00","entry_id":64552,"field1":"-0.25","field2":"-2.5625"},{"created_at":"2019-12-16T17:18:00-08:00","entry_id":64553,"field1":"-0.25","field2":"-2.5"},{"created_at":"2019-12-16T17:27:37-08:00","entry_id":64554,"field1":"-0.25","field2":"-2.4375"},{"created_at":"2019-12-16T17:37:14-08:00","entry_id":64555,"field1":"-0.25","field2":"-2.4375"},{"created_at":"2019-12-16T17:46:50-08:00","entry_id":64556,"field1":"-0.25","field2":"-2.5"},{"created_at":"2019-12-16T17:56:27-08:00","entry_id":64557,"field1":"-0.25","field2":"-2.5"},{"created_at":"2019-12-16T18:06:04-08:00","entry_id":64558,"field1":"-0.25","field2":"-2.4375"},{"created_at":"2019-12-16T18:15:41-08:00","entry_id":64559,"field1":"-0.25","field2":"-2.5"},{"created_at":"2019-12-16T18:25:18-08:00","entry_id":64560,"field1":"-0.3125","field2":"-2.5"},{"created_at":"2019-12-16T18:34:55-08:00","entry_id":64561,"field1":"-0.3125","field2":"-2.4375"},{"created_at":"2019-12-16T18:44:32-08:00","entry_id":64562,"field1":"-0.3125","field2":"-2.4375"},{"created_at":"2019-12-16T18:54:09-08:00","entry_id":64563,"field1":"-0.3125","field2":"-2.4375"},{"created_at":"2019-12-16T19:03:46-08:00","entry_id":64564,"field1":"-0.3125","field2":"-2.4375"},{"created_at":"2019-12-16T19:13:22-08:00","entry_id":64565,"field1":"-0.3125","field2":"-2.4375"},{"created_at":"2019-12-16T19:22:59-08:00","entry_id":64566,"field1":"-0.3125","field2":"-2.4375"},{"created_at":"2019-12-16T19:32:36-08:00","entry_id":64567,"field1":"-0.3125","field2":"-2.4375"},{"created_at":"2019-12-16T19:42:13-08:00","entry_id":64568,"field1":"-0.3125","field2":"-2.5"},{"created_at":"2019-12-16T19:51:51-08:00","entry_id":64569,"field1":"-0.3125","field2":"-2.4375"},{"created_at":"2019-12-16T20:01:27-08:00","entry_id":64570,"field1":"-0.3125","field2":"-2.4375"},{"created_at":"2019-12-16T20:11:04-08:00","entry_id":64571,"field1":"-0.3125","field2":"-2.4375"},{"created_at":"2019-12-16T20:20:40-08:00","entry_id":64572,"field1":"-0.375","field2":"-2.4375"},{"created_at":"2019-12-16T20:30:17-08:00","entry_id":64573,"field1":"-0.375","field2":"-2.4375"},{"created_at":"2019-12-16T20:39:54-08:00","entry_id":64574,"field1":"-0.375","field2":"-2.4375"},{"created_at":"2019-12-16T20:49:31-08:00","entry_id":64575,"field1":"-0.375","field2":"-2.4375"},{"created_at":"2019-12-16T20:59:08-08:00","entry_id":64576,"field1":"-0.375","field2":"-2.4375"},{"created_at":"2019-12-16T21:08:45-08:00","entry_id":64577,"field1":"-0.375","field2":"-2.375"},{"created_at":"2019-12-16T21:18:22-08:00","entry_id":64578,"field1":"-0.375","field2":"-2.3125"},{"created_at":"2019-12-16T21:27:59-08:00","entry_id":64579,"field1":"-0.375","field2":"-2.3125"},{"created_at":"2019-12-16T21:37:36-08:00","entry_id":64580,"field1":"-0.375","field2":"-2.3125"},{"created_at":"2019-12-16T21:47:12-08:00","entry_id":64581,"field1":"-0.375","field2":"-2.3125"},{"created_at":"2019-12-16T21:56:50-08:00","entry_id":64582,"field1":"-0.375","field2":"-2.3125"},{"created_at":"2019-12-16T22:06:27-08:00","entry_id":64583,"field1":"-0.375","field2":"-2.3125"},{"created_at":"2019-12-16T22:16:04-08:00","entry_id":64584,"field1":"-0.375","field2":"-2.3125"},{"created_at":"2019-12-16T22:25:40-08:00","entry_id":64585,"field1":"-0.375","field2":"-2.25"},{"created_at":"2019-12-16T22:35:17-08:00","entry_id":64586,"field1":"-0.375","field2":"-2.3125"},{"created_at":"2019-12-16T22:44:55-08:00","entry_id":64587,"field1":"-0.375","field2":"-2.25"},{"created_at":"2019-12-16T22:54:31-08:00","entry_id":64588,"field1":"-0.4375","field2":"-2.25"},{"created_at":"2019-12-16T23:04:08-08:00","entry_id":64589,"field1":"-0.4375","field2":"-2.25"},{"created_at":"2019-12-16T23:13:44-08:00","entry_id":64590,"field1":"-0.4375","field2":"-2.25"},{"created_at":"2019-12-16T23:23:21-08:00","entry_id":64591,"field1":"-0.4375","field2":"-2.3125"},{"created_at":"2019-12-16T23:32:58-08:00","entry_id":64592,"field1":"-0.4375","field2":"-2.25"},{"created_at":"2019-12-16T23:42:36-08:00","entry_id":64593,"field1":"-0.4375","field2":"-2.3125"},{"created_at":"2019-12-16T23:52:12-08:00","entry_id":64594,"field1":"-0.4375","field2":"-2.3125"}]}