{"channel":{"id":581842,"name":"Upstairs Small Window Indoor / Outdoor Sensor","latitude":"0.0","longitude":"0.0","field1":"Indoor Temperature","field2":"Outdoor Temperature","created_at":"2018-09-23T15:37:52-07:00","updated_at":"2020-07-27T05:59:41-07:00","last_entry_id":387294},"feeds":[{"created_at":"2025-12-28T00:08:21-08:00","entry_id":387015,"field1":"-4.1875","field2":"-10.625"},{"created_at":"2025-12-28T00:17:57-08:00","entry_id":387016,"field1":"-4.25","field2":"-10.0625"},{"created_at":"2025-12-28T00:27:33-08:00","entry_id":387017,"field1":"-4.25","field2":"-10.3125"},{"created_at":"2025-12-28T00:37:09-08:00","entry_id":387018,"field1":"-4.3125","field2":"-10.8125"},{"created_at":"2025-12-28T00:46:44-08:00","entry_id":387019,"field1":"-4.3125","field2":"-10.5"},{"created_at":"2025-12-28T00:56:20-08:00","entry_id":387020,"field1":"-4.375","field2":"-10.375"},{"created_at":"2025-12-28T01:05:57-08:00","entry_id":387021,"field1":"-4.375","field2":"-10.5"},{"created_at":"2025-12-28T01:15:32-08:00","entry_id":387022,"field1":"-4.4375","field2":"-10.4375"},{"created_at":"2025-12-28T01:25:10-08:00","entry_id":387023,"field1":"-4.4375","field2":"-10.6875"},{"created_at":"2025-12-28T01:34:45-08:00","entry_id":387024,"field1":"-4.5","field2":"-10.9375"},{"created_at":"2025-12-28T01:44:22-08:00","entry_id":387025,"field1":"-4.5625","field2":"-10.875"},{"created_at":"2025-12-28T01:53:59-08:00","entry_id":387026,"field1":"-4.5625","field2":"-10.5625"},{"created_at":"2025-12-28T02:03:36-08:00","entry_id":387027,"field1":"-4.625","field2":"-10.625"},{"created_at":"2025-12-28T02:13:11-08:00","entry_id":387028,"field1":"-4.625","field2":"-10.5625"},{"created_at":"2025-12-28T02:22:47-08:00","entry_id":387029,"field1":"-4.6875","field2":"-10.6875"},{"created_at":"2025-12-28T02:32:23-08:00","entry_id":387030,"field1":"-4.6875","field2":"-10.4375"},{"created_at":"2025-12-28T02:42:00-08:00","entry_id":387031,"field1":"-4.75","field2":"-10.125"},{"created_at":"2025-12-28T02:51:36-08:00","entry_id":387032,"field1":"-4.75","field2":"-10.5"},{"created_at":"2025-12-28T03:01:13-08:00","entry_id":387033,"field1":"-4.8125","field2":"-10.3125"},{"created_at":"2025-12-28T03:10:48-08:00","entry_id":387034,"field1":"-4.8125","field2":"-10.25"},{"created_at":"2025-12-28T03:20:25-08:00","entry_id":387035,"field1":"-4.875","field2":"-10.5625"},{"created_at":"2025-12-28T03:30:00-08:00","entry_id":387036,"field1":"-4.9375","field2":"-10.625"},{"created_at":"2025-12-28T03:39:36-08:00","entry_id":387037,"field1":"-4.9375","field2":"-10.5"},{"created_at":"2025-12-28T03:49:12-08:00","entry_id":387038,"field1":"-4.9375","field2":"-10.125"},{"created_at":"2025-12-28T03:58:49-08:00","entry_id":387039,"field1":"-5","field2":"-10.25"},{"created_at":"2025-12-28T04:08:24-08:00","entry_id":387040,"field1":"-5","field2":"-10.25"},{"created_at":"2025-12-28T04:18:00-08:00","entry_id":387041,"field1":"-5.0625","field2":"-10.3125"},{"created_at":"2025-12-28T04:27:37-08:00","entry_id":387042,"field1":"-5.0625","field2":"-10"},{"created_at":"2025-12-28T04:37:12-08:00","entry_id":387043,"field1":"-5.125","field2":"-10.5"},{"created_at":"2025-12-28T04:46:48-08:00","entry_id":387044,"field1":"-5.125","field2":"-10.3125"},{"created_at":"2025-12-28T04:56:24-08:00","entry_id":387045,"field1":"-5.1875","field2":"-10.25"},{"created_at":"2025-12-28T05:05:59-08:00","entry_id":387046,"field1":"-5.1875","field2":"-10.25"},{"created_at":"2025-12-28T05:15:36-08:00","entry_id":387047,"field1":"-5.25","field2":"-10.25"},{"created_at":"2025-12-28T05:25:13-08:00","entry_id":387048,"field1":"-5.25","field2":"-10.125"},{"created_at":"2025-12-28T05:34:48-08:00","entry_id":387049,"field1":"-5.25","field2":"-9.875"},{"created_at":"2025-12-28T05:44:24-08:00","entry_id":387050,"field1":"-5.3125","field2":"-10.0625"},{"created_at":"2025-12-28T05:54:00-08:00","entry_id":387051,"field1":"-5.3125","field2":"-10.0625"},{"created_at":"2025-12-28T06:03:38-08:00","entry_id":387052,"field1":"-5.375","field2":"-10.1875"},{"created_at":"2025-12-28T06:13:12-08:00","entry_id":387053,"field1":"-5.375","field2":"-10.1875"},{"created_at":"2025-12-28T06:22:50-08:00","entry_id":387054,"field1":"-5.375","field2":"-10.1875"},{"created_at":"2025-12-28T06:32:27-08:00","entry_id":387055,"field1":"-5.4375","field2":"-10.3125"},{"created_at":"2025-12-28T06:42:03-08:00","entry_id":387056,"field1":"-5.4375","field2":"-10.25"},{"created_at":"2025-12-28T06:51:38-08:00","entry_id":387057,"field1":"-5.5","field2":"-9.9375"},{"created_at":"2025-12-28T07:01:14-08:00","entry_id":387058,"field1":"-5.5","field2":"-9.8125"},{"created_at":"2025-12-28T07:10:49-08:00","entry_id":387059,"field1":"-5.5","field2":"-9.5"},{"created_at":"2025-12-28T07:20:27-08:00","entry_id":387060,"field1":"-5.5625","field2":"-9.5"},{"created_at":"2025-12-28T07:30:02-08:00","entry_id":387061,"field1":"-5.5625","field2":"-9.4375"},{"created_at":"2025-12-28T07:39:38-08:00","entry_id":387062,"field1":"-5.5625","field2":"-9.375"},{"created_at":"2025-12-28T07:49:14-08:00","entry_id":387063,"field1":"-5.625","field2":"-9.3125"},{"created_at":"2025-12-28T07:58:49-08:00","entry_id":387064,"field1":"-5.625","field2":"-9.375"},{"created_at":"2025-12-28T08:08:25-08:00","entry_id":387065,"field1":"-5.6875","field2":"-9.625"},{"created_at":"2025-12-28T08:18:03-08:00","entry_id":387066,"field1":"-5.6875","field2":"-9.125"},{"created_at":"2025-12-28T08:27:38-08:00","entry_id":387067,"field1":"-5.6875","field2":"-8.625"},{"created_at":"2025-12-28T08:37:13-08:00","entry_id":387068,"field1":"-5.6875","field2":"-8.75"},{"created_at":"2025-12-28T08:46:52-08:00","entry_id":387069,"field1":"-5.75","field2":"-9.1875"},{"created_at":"2025-12-28T08:56:28-08:00","entry_id":387070,"field1":"-5.75","field2":"-9.625"},{"created_at":"2025-12-28T09:06:04-08:00","entry_id":387071,"field1":"-5.75","field2":"-9.0625"},{"created_at":"2025-12-28T09:15:41-08:00","entry_id":387072,"field1":"-5.75","field2":"-9.125"},{"created_at":"2025-12-28T09:25:17-08:00","entry_id":387073,"field1":"-5.8125","field2":"-8.9375"},{"created_at":"2025-12-28T09:34:52-08:00","entry_id":387074,"field1":"-5.8125","field2":"-8.75"},{"created_at":"2025-12-28T09:44:27-08:00","entry_id":387075,"field1":"-5.8125","field2":"-8.8125"},{"created_at":"2025-12-28T09:54:04-08:00","entry_id":387076,"field1":"-5.8125","field2":"-8.5"},{"created_at":"2025-12-28T10:03:39-08:00","entry_id":387077,"field1":"-5.875","field2":"-8.75"},{"created_at":"2025-12-28T10:13:15-08:00","entry_id":387078,"field1":"-5.875","field2":"-8.5"},{"created_at":"2025-12-28T10:22:51-08:00","entry_id":387079,"field1":"-5.875","field2":"-8.4375"},{"created_at":"2025-12-28T10:32:27-08:00","entry_id":387080,"field1":"-5.875","field2":"-8.5"},{"created_at":"2025-12-28T10:42:02-08:00","entry_id":387081,"field1":"-5.875","field2":"-8.4375"},{"created_at":"2025-12-28T10:51:38-08:00","entry_id":387082,"field1":"-5.875","field2":"-8.4375"},{"created_at":"2025-12-28T11:01:14-08:00","entry_id":387083,"field1":"-5.875","field2":"-8.75"},{"created_at":"2025-12-28T11:10:50-08:00","entry_id":387084,"field1":"-5.875","field2":"-8.6875"},{"created_at":"2025-12-28T11:20:26-08:00","entry_id":387085,"field1":"-5.875","field2":"-8.5625"},{"created_at":"2025-12-28T11:30:03-08:00","entry_id":387086,"field1":"-5.9375","field2":"-8.5625"},{"created_at":"2025-12-28T11:39:39-08:00","entry_id":387087,"field1":"-5.9375","field2":"-8.5625"},{"created_at":"2025-12-28T11:49:16-08:00","entry_id":387088,"field1":"-5.9375","field2":"-8.4375"},{"created_at":"2025-12-28T11:58:53-08:00","entry_id":387089,"field1":"-5.9375","field2":"-8.3125"},{"created_at":"2025-12-28T12:08:27-08:00","entry_id":387090,"field1":"-5.9375","field2":"-8.4375"},{"created_at":"2025-12-28T12:18:04-08:00","entry_id":387091,"field1":"-5.9375","field2":"-8.1875"},{"created_at":"2025-12-28T12:27:39-08:00","entry_id":387092,"field1":"-5.9375","field2":"-8.25"},{"created_at":"2025-12-28T12:37:17-08:00","entry_id":387093,"field1":"-5.9375","field2":"-8.0625"},{"created_at":"2025-12-28T12:46:53-08:00","entry_id":387094,"field1":"-5.9375","field2":"-7.9375"},{"created_at":"2025-12-28T12:56:29-08:00","entry_id":387095,"field1":"-5.9375","field2":"-7.875"},{"created_at":"2025-12-28T13:06:05-08:00","entry_id":387096,"field1":"-5.9375","field2":"-7.875"},{"created_at":"2025-12-28T13:15:41-08:00","entry_id":387097,"field1":"-5.9375","field2":"-7.875"},{"created_at":"2025-12-28T13:25:17-08:00","entry_id":387098,"field1":"-5.9375","field2":"-7.6875"},{"created_at":"2025-12-28T13:34:53-08:00","entry_id":387099,"field1":"-6","field2":"-7.9375"},{"created_at":"2025-12-28T13:44:30-08:00","entry_id":387100,"field1":"-6","field2":"-7.75"},{"created_at":"2025-12-28T13:54:07-08:00","entry_id":387101,"field1":"-6","field2":"-7.8125"},{"created_at":"2025-12-28T14:03:42-08:00","entry_id":387102,"field1":"-6","field2":"-7.375"},{"created_at":"2025-12-28T14:13:19-08:00","entry_id":387103,"field1":"-6","field2":"-7.375"},{"created_at":"2025-12-28T14:22:56-08:00","entry_id":387104,"field1":"-6","field2":"-7.75"},{"created_at":"2025-12-28T14:32:32-08:00","entry_id":387105,"field1":"-6","field2":"-7.6875"},{"created_at":"2025-12-28T14:42:07-08:00","entry_id":387106,"field1":"-6","field2":"-7.5"},{"created_at":"2025-12-28T14:51:44-08:00","entry_id":387107,"field1":"-6","field2":"-7.3125"},{"created_at":"2025-12-28T15:01:21-08:00","entry_id":387108,"field1":"-6","field2":"-7.1875"},{"created_at":"2025-12-28T15:10:58-08:00","entry_id":387109,"field1":"-6","field2":"-7.375"},{"created_at":"2025-12-28T15:20:34-08:00","entry_id":387110,"field1":"-6","field2":"-7.25"},{"created_at":"2025-12-28T15:30:09-08:00","entry_id":387111,"field1":"-6","field2":"-7.3125"},{"created_at":"2025-12-28T15:39:47-08:00","entry_id":387112,"field1":"-6","field2":"-7.25"},{"created_at":"2025-12-28T15:49:23-08:00","entry_id":387113,"field1":"-6","field2":"-7.3125"},{"created_at":"2025-12-28T15:59:00-08:00","entry_id":387114,"field1":"-6","field2":"-7.5"},{"created_at":"2025-12-28T16:08:35-08:00","entry_id":387115,"field1":"-6","field2":"-7.3125"},{"created_at":"2025-12-28T16:18:11-08:00","entry_id":387116,"field1":"-6","field2":"-7.3125"},{"created_at":"2025-12-28T16:27:47-08:00","entry_id":387117,"field1":"-6.0625","field2":"-7.25"},{"created_at":"2025-12-28T16:37:23-08:00","entry_id":387118,"field1":"-6.0625","field2":"-7.3125"},{"created_at":"2025-12-28T16:46:58-08:00","entry_id":387119,"field1":"-6.0625","field2":"-7.5625"},{"created_at":"2025-12-28T16:56:35-08:00","entry_id":387120,"field1":"-6.0625","field2":"-7.375"},{"created_at":"2025-12-28T17:06:12-08:00","entry_id":387121,"field1":"-6.0625","field2":"-7.3125"},{"created_at":"2025-12-28T17:15:48-08:00","entry_id":387122,"field1":"-6.0625","field2":"-7.5"},{"created_at":"2025-12-28T17:25:24-08:00","entry_id":387123,"field1":"-6.0625","field2":"-7.4375"},{"created_at":"2025-12-28T17:35:00-08:00","entry_id":387124,"field1":"-6.0625","field2":"-7.1875"},{"created_at":"2025-12-28T17:44:38-08:00","entry_id":387125,"field1":"-6.0625","field2":"-7.1875"},{"created_at":"2025-12-28T17:54:12-08:00","entry_id":387126,"field1":"-6.0625","field2":"-7.1875"},{"created_at":"2025-12-28T18:03:48-08:00","entry_id":387127,"field1":"-6.0625","field2":"-7.125"},{"created_at":"2025-12-28T18:13:24-08:00","entry_id":387128,"field1":"-6.0625","field2":"-7.125"},{"created_at":"2025-12-28T18:23:00-08:00","entry_id":387129,"field1":"-6.0625","field2":"-7.125"},{"created_at":"2025-12-28T18:32:36-08:00","entry_id":387130,"field1":"-6.0625","field2":"-7.0625"},{"created_at":"2025-12-28T18:42:13-08:00","entry_id":387131,"field1":"-6.0625","field2":"-7.1875"},{"created_at":"2025-12-28T18:51:48-08:00","entry_id":387132,"field1":"-6.0625","field2":"-7"},{"created_at":"2025-12-28T19:01:24-08:00","entry_id":387133,"field1":"-6.0625","field2":"-7.0625"},{"created_at":"2025-12-28T19:11:01-08:00","entry_id":387134,"field1":"-6.125","field2":"-6.9375"},{"created_at":"2025-12-28T19:20:39-08:00","entry_id":387135,"field1":"-6.125","field2":"-6.875"},{"created_at":"2025-12-28T19:30:15-08:00","entry_id":387136,"field1":"-6.125","field2":"-6.875"},{"created_at":"2025-12-28T19:39:49-08:00","entry_id":387137,"field1":"-6.125","field2":"-6.875"},{"created_at":"2025-12-28T19:49:26-08:00","entry_id":387138,"field1":"-6.125","field2":"-7.125"},{"created_at":"2025-12-28T19:59:01-08:00","entry_id":387139,"field1":"-6.125","field2":"-7"},{"created_at":"2025-12-28T20:08:37-08:00","entry_id":387140,"field1":"-6.125","field2":"-7.0625"},{"created_at":"2025-12-28T20:18:13-08:00","entry_id":387141,"field1":"-6.125","field2":"-7"},{"created_at":"2025-12-28T20:27:51-08:00","entry_id":387142,"field1":"-6.125","field2":"-6.8125"},{"created_at":"2025-12-28T20:37:26-08:00","entry_id":387143,"field1":"-6.125","field2":"-6.8125"},{"created_at":"2025-12-28T20:47:02-08:00","entry_id":387144,"field1":"-6.125","field2":"-6.75"},{"created_at":"2025-12-28T20:56:39-08:00","entry_id":387145,"field1":"-6.125","field2":"-6.6875"},{"created_at":"2025-12-28T21:06:14-08:00","entry_id":387146,"field1":"-6.125","field2":"-6.625"},{"created_at":"2025-12-28T21:15:52-08:00","entry_id":387147,"field1":"-6.125","field2":"-6.5625"},{"created_at":"2025-12-28T21:25:29-08:00","entry_id":387148,"field1":"-6.125","field2":"-6.5625"},{"created_at":"2025-12-28T21:35:05-08:00","entry_id":387149,"field1":"-6.125","field2":"-6.625"},{"created_at":"2025-12-28T21:44:41-08:00","entry_id":387150,"field1":"-6.125","field2":"-6.8125"},{"created_at":"2025-12-28T21:54:16-08:00","entry_id":387151,"field1":"-6.125","field2":"-6.8125"},{"created_at":"2025-12-28T22:03:52-08:00","entry_id":387152,"field1":"-6.125","field2":"-6.75"},{"created_at":"2025-12-28T22:13:29-08:00","entry_id":387153,"field1":"-6.125","field2":"-6.75"},{"created_at":"2025-12-28T22:23:05-08:00","entry_id":387154,"field1":"-6.125","field2":"-6.5625"},{"created_at":"2025-12-28T22:32:41-08:00","entry_id":387155,"field1":"-6.125","field2":"-6.375"},{"created_at":"2025-12-28T22:42:17-08:00","entry_id":387156,"field1":"-6.125","field2":"-6.375"},{"created_at":"2025-12-28T22:51:52-08:00","entry_id":387157,"field1":"-6.125","field2":"-6.4375"},{"created_at":"2025-12-28T23:01:28-08:00","entry_id":387158,"field1":"-6.125","field2":"-6.3125"},{"created_at":"2025-12-28T23:11:05-08:00","entry_id":387159,"field1":"-6.125","field2":"-6.25"},{"created_at":"2025-12-28T23:20:40-08:00","entry_id":387160,"field1":"-6.125","field2":"-6.375"},{"created_at":"2025-12-28T23:30:16-08:00","entry_id":387161,"field1":"-6.125","field2":"-6.5"},{"created_at":"2025-12-28T23:39:52-08:00","entry_id":387162,"field1":"-6.125","field2":"-6.625"},{"created_at":"2025-12-28T23:49:27-08:00","entry_id":387163,"field1":"-6.125","field2":"-6.5"},{"created_at":"2025-12-28T23:59:04-08:00","entry_id":387164,"field1":"-6.125","field2":"-6.625"}]}