{"channel":{"id":581842,"name":"Upstairs Small Window Indoor / Outdoor Sensor","latitude":"0.0","longitude":"0.0","field1":"Indoor Temperature","field2":"Outdoor Temperature","created_at":"2018-09-23T15:37:52-07:00","updated_at":"2020-07-27T05:59:41-07:00","last_entry_id":295720},"feeds":[{"created_at":"2024-04-19T00:04:56-07:00","entry_id":295434,"field1":"10","field2":"4.1875"},{"created_at":"2024-04-19T00:14:34-07:00","entry_id":295435,"field1":"9.9375","field2":"4.0625"},{"created_at":"2024-04-19T00:24:10-07:00","entry_id":295436,"field1":"9.875","field2":"3.4375"},{"created_at":"2024-04-19T00:33:48-07:00","entry_id":295437,"field1":"9.875","field2":"3.3125"},{"created_at":"2024-04-19T00:43:24-07:00","entry_id":295438,"field1":"9.8125","field2":"2.875"},{"created_at":"2024-04-19T00:53:03-07:00","entry_id":295439,"field1":"9.75","field2":"3"},{"created_at":"2024-04-19T01:02:40-07:00","entry_id":295440,"field1":"9.75","field2":"3"},{"created_at":"2024-04-19T01:12:18-07:00","entry_id":295441,"field1":"9.6875","field2":"2.875"},{"created_at":"2024-04-19T01:21:54-07:00","entry_id":295442,"field1":"9.625","field2":"2.75"},{"created_at":"2024-04-19T01:31:32-07:00","entry_id":295443,"field1":"9.5625","field2":"2.625"},{"created_at":"2024-04-19T01:41:10-07:00","entry_id":295444,"field1":"9.5","field2":"2.5"},{"created_at":"2024-04-19T01:50:45-07:00","entry_id":295445,"field1":"9.5","field2":"2.375"},{"created_at":"2024-04-19T02:00:24-07:00","entry_id":295446,"field1":"9.4375","field2":"1.875"},{"created_at":"2024-04-19T02:10:01-07:00","entry_id":295447,"field1":"9.375","field2":"1.875"},{"created_at":"2024-04-19T02:19:39-07:00","entry_id":295448,"field1":"9.3125","field2":"1.625"},{"created_at":"2024-04-19T02:29:17-07:00","entry_id":295449,"field1":"9.3125","field2":"1.6875"},{"created_at":"2024-04-19T02:38:54-07:00","entry_id":295450,"field1":"9.25","field2":"1.5625"},{"created_at":"2024-04-19T02:48:31-07:00","entry_id":295451,"field1":"9.1875","field2":"1.5"},{"created_at":"2024-04-19T02:58:09-07:00","entry_id":295452,"field1":"9.125","field2":"1.25"},{"created_at":"2024-04-19T03:07:45-07:00","entry_id":295453,"field1":"9.0625","field2":"1.25"},{"created_at":"2024-04-19T03:17:23-07:00","entry_id":295454,"field1":"9","field2":"1.375"},{"created_at":"2024-04-19T03:27:01-07:00","entry_id":295455,"field1":"9","field2":"1.25"},{"created_at":"2024-04-19T03:36:38-07:00","entry_id":295456,"field1":"8.9375","field2":"1.125"},{"created_at":"2024-04-19T03:46:14-07:00","entry_id":295457,"field1":"8.875","field2":"1.0625"},{"created_at":"2024-04-19T03:55:53-07:00","entry_id":295458,"field1":"8.8125","field2":"0.9375"},{"created_at":"2024-04-19T04:05:29-07:00","entry_id":295459,"field1":"8.75","field2":"0.8125"},{"created_at":"2024-04-19T04:15:07-07:00","entry_id":295460,"field1":"8.6875","field2":"0.6875"},{"created_at":"2024-04-19T04:24:45-07:00","entry_id":295461,"field1":"8.6875","field2":"0.625"},{"created_at":"2024-04-19T04:34:23-07:00","entry_id":295462,"field1":"8.625","field2":"0.5"},{"created_at":"2024-04-19T04:43:58-07:00","entry_id":295463,"field1":"8.5625","field2":"0.5625"},{"created_at":"2024-04-19T04:53:37-07:00","entry_id":295464,"field1":"8.5","field2":"0.375"},{"created_at":"2024-04-19T05:03:12-07:00","entry_id":295465,"field1":"8.4375","field2":"0.375"},{"created_at":"2024-04-19T05:12:49-07:00","entry_id":295466,"field1":"8.375","field2":"0.25"},{"created_at":"2024-04-19T05:22:28-07:00","entry_id":295467,"field1":"8.375","field2":"0.125"},{"created_at":"2024-04-19T05:32:03-07:00","entry_id":295468,"field1":"8.3125","field2":"0.0625"},{"created_at":"2024-04-19T05:41:41-07:00","entry_id":295469,"field1":"8.25","field2":"-0.0625"},{"created_at":"2024-04-19T05:51:19-07:00","entry_id":295470,"field1":"8.1875","field2":"0"},{"created_at":"2024-04-19T06:00:54-07:00","entry_id":295471,"field1":"8.125","field2":"-0.125"},{"created_at":"2024-04-19T06:10:31-07:00","entry_id":295472,"field1":"8.125","field2":"0"},{"created_at":"2024-04-19T06:20:07-07:00","entry_id":295473,"field1":"8.0625","field2":"0.125"},{"created_at":"2024-04-19T06:29:44-07:00","entry_id":295474,"field1":"8","field2":"0.3125"},{"created_at":"2024-04-19T06:39:21-07:00","entry_id":295475,"field1":"8","field2":"0.375"},{"created_at":"2024-04-19T06:48:59-07:00","entry_id":295476,"field1":"8","field2":"0.8125"},{"created_at":"2024-04-19T06:58:36-07:00","entry_id":295477,"field1":"8.0625","field2":"3"},{"created_at":"2024-04-19T07:08:14-07:00","entry_id":295478,"field1":"8.125","field2":"4.25"},{"created_at":"2024-04-19T07:17:51-07:00","entry_id":295479,"field1":"8.1875","field2":"2.5"},{"created_at":"2024-04-19T07:27:30-07:00","entry_id":295480,"field1":"8.25","field2":"4.6875"},{"created_at":"2024-04-19T07:37:07-07:00","entry_id":295481,"field1":"8.3125","field2":"4.25"},{"created_at":"2024-04-19T07:46:43-07:00","entry_id":295482,"field1":"8.4375","field2":"2.6875"},{"created_at":"2024-04-19T07:56:21-07:00","entry_id":295483,"field1":"8.5625","field2":"4.8125"},{"created_at":"2024-04-19T08:05:58-07:00","entry_id":295484,"field1":"8.6875","field2":"4.3125"},{"created_at":"2024-04-19T08:15:35-07:00","entry_id":295485,"field1":"8.8125","field2":"7.6875"},{"created_at":"2024-04-19T08:25:11-07:00","entry_id":295486,"field1":"8.8125","field2":"6.625"},{"created_at":"2024-04-19T08:34:49-07:00","entry_id":295487,"field1":"8.875","field2":"5.3125"},{"created_at":"2024-04-19T08:44:26-07:00","entry_id":295488,"field1":"8.875","field2":"6.8125"},{"created_at":"2024-04-19T08:54:01-07:00","entry_id":295489,"field1":"8.9375","field2":"6.125"},{"created_at":"2024-04-19T09:03:39-07:00","entry_id":295490,"field1":"8.9375","field2":"4.9375"},{"created_at":"2024-04-19T09:13:16-07:00","entry_id":295491,"field1":"9","field2":"4.4375"},{"created_at":"2024-04-19T09:22:53-07:00","entry_id":295492,"field1":"9.125","field2":"7.125"},{"created_at":"2024-04-19T09:32:30-07:00","entry_id":295493,"field1":"9.3125","field2":"7.0625"},{"created_at":"2024-04-19T09:42:08-07:00","entry_id":295494,"field1":"9.5","field2":"5.375"},{"created_at":"2024-04-19T09:51:46-07:00","entry_id":295495,"field1":"9.6875","field2":"5.75"},{"created_at":"2024-04-19T10:01:24-07:00","entry_id":295496,"field1":"9.8125","field2":"6.125"},{"created_at":"2024-04-19T10:11:02-07:00","entry_id":295497,"field1":"10","field2":"5.625"},{"created_at":"2024-04-19T10:20:39-07:00","entry_id":295498,"field1":"10.125","field2":"6.5625"},{"created_at":"2024-04-19T10:30:17-07:00","entry_id":295499,"field1":"10.25","field2":"6.75"},{"created_at":"2024-04-19T10:39:56-07:00","entry_id":295500,"field1":"10.375","field2":"6.5625"},{"created_at":"2024-04-19T10:49:33-07:00","entry_id":295501,"field1":"10.5","field2":"6.9375"},{"created_at":"2024-04-19T10:59:11-07:00","entry_id":295502,"field1":"10.625","field2":"7.0625"},{"created_at":"2024-04-19T11:08:48-07:00","entry_id":295503,"field1":"10.6875","field2":"7.9375"},{"created_at":"2024-04-19T11:18:27-07:00","entry_id":295504,"field1":"10.75","field2":"7.75"},{"created_at":"2024-04-19T11:28:05-07:00","entry_id":295505,"field1":"10.8125","field2":"8.375"},{"created_at":"2024-04-19T11:37:42-07:00","entry_id":295506,"field1":"10.875","field2":"8.75"},{"created_at":"2024-04-19T11:47:19-07:00","entry_id":295507,"field1":"10.875","field2":"8.3125"},{"created_at":"2024-04-19T11:56:56-07:00","entry_id":295508,"field1":"10.875","field2":"9.1875"},{"created_at":"2024-04-19T12:06:34-07:00","entry_id":295509,"field1":"10.9375","field2":"10.6875"},{"created_at":"2024-04-19T12:16:13-07:00","entry_id":295510,"field1":"10.9375","field2":"10.9375"},{"created_at":"2024-04-19T12:25:50-07:00","entry_id":295511,"field1":"11","field2":"10.9375"},{"created_at":"2024-04-19T12:35:28-07:00","entry_id":295512,"field1":"11.0625","field2":"11.4375"},{"created_at":"2024-04-19T12:45:05-07:00","entry_id":295513,"field1":"11.125","field2":"11.75"},{"created_at":"2024-04-19T12:54:43-07:00","entry_id":295514,"field1":"11.125","field2":"11.3125"},{"created_at":"2024-04-19T13:04:20-07:00","entry_id":295515,"field1":"11.1875","field2":"11"},{"created_at":"2024-04-19T13:13:59-07:00","entry_id":295516,"field1":"11.25","field2":"11.375"},{"created_at":"2024-04-19T13:23:36-07:00","entry_id":295517,"field1":"11.25","field2":"11.25"},{"created_at":"2024-04-19T13:33:14-07:00","entry_id":295518,"field1":"11.3125","field2":"11.3125"},{"created_at":"2024-04-19T13:42:52-07:00","entry_id":295519,"field1":"11.3125","field2":"11.75"},{"created_at":"2024-04-19T13:52:29-07:00","entry_id":295520,"field1":"11.375","field2":"11.5625"},{"created_at":"2024-04-19T14:02:07-07:00","entry_id":295521,"field1":"11.375","field2":"11.4375"},{"created_at":"2024-04-19T14:11:45-07:00","entry_id":295522,"field1":"11.4375","field2":"11.9375"},{"created_at":"2024-04-19T14:21:23-07:00","entry_id":295523,"field1":"11.4375","field2":"11.625"},{"created_at":"2024-04-19T14:31:01-07:00","entry_id":295524,"field1":"11.4375","field2":"11.875"},{"created_at":"2024-04-19T14:40:39-07:00","entry_id":295525,"field1":"11.5","field2":"11.0625"},{"created_at":"2024-04-19T14:50:16-07:00","entry_id":295526,"field1":"11.5","field2":"10.8125"},{"created_at":"2024-04-19T14:59:54-07:00","entry_id":295527,"field1":"11.5","field2":"11"},{"created_at":"2024-04-19T15:09:32-07:00","entry_id":295528,"field1":"11.5625","field2":"11.4375"},{"created_at":"2024-04-19T15:19:09-07:00","entry_id":295529,"field1":"11.5625","field2":"11.625"},{"created_at":"2024-04-19T15:28:46-07:00","entry_id":295530,"field1":"11.5625","field2":"11"},{"created_at":"2024-04-19T15:38:25-07:00","entry_id":295531,"field1":"11.5625","field2":"11.4375"},{"created_at":"2024-04-19T15:48:02-07:00","entry_id":295532,"field1":"11.625","field2":"11.25"},{"created_at":"2024-04-19T15:57:40-07:00","entry_id":295533,"field1":"11.625","field2":"11.625"},{"created_at":"2024-04-19T16:07:18-07:00","entry_id":295534,"field1":"11.625","field2":"10.625"},{"created_at":"2024-04-19T16:16:56-07:00","entry_id":295535,"field1":"11.625","field2":"11.1875"},{"created_at":"2024-04-19T16:26:32-07:00","entry_id":295536,"field1":"11.625","field2":"10.0625"},{"created_at":"2024-04-19T16:36:11-07:00","entry_id":295537,"field1":"11.625","field2":"10.75"},{"created_at":"2024-04-19T16:45:48-07:00","entry_id":295538,"field1":"11.625","field2":"11.375"},{"created_at":"2024-04-19T16:55:26-07:00","entry_id":295539,"field1":"11.625","field2":"11.4375"},{"created_at":"2024-04-19T17:05:04-07:00","entry_id":295540,"field1":"11.625","field2":"11.625"},{"created_at":"2024-04-19T17:14:41-07:00","entry_id":295541,"field1":"11.625","field2":"11.5"},{"created_at":"2024-04-19T17:24:19-07:00","entry_id":295542,"field1":"11.5625","field2":"11.375"},{"created_at":"2024-04-19T17:33:57-07:00","entry_id":295543,"field1":"11.5625","field2":"11.1875"},{"created_at":"2024-04-19T17:43:35-07:00","entry_id":295544,"field1":"11.5625","field2":"11"},{"created_at":"2024-04-19T17:53:12-07:00","entry_id":295545,"field1":"11.5625","field2":"10.75"},{"created_at":"2024-04-19T18:02:50-07:00","entry_id":295546,"field1":"11.5","field2":"10.4375"},{"created_at":"2024-04-19T18:12:27-07:00","entry_id":295547,"field1":"11.5","field2":"10.25"},{"created_at":"2024-04-19T18:22:05-07:00","entry_id":295548,"field1":"11.4375","field2":"10.125"},{"created_at":"2024-04-19T18:31:43-07:00","entry_id":295549,"field1":"11.4375","field2":"10.0625"},{"created_at":"2024-04-19T18:41:18-07:00","entry_id":295550,"field1":"11.4375","field2":"9.9375"},{"created_at":"2024-04-19T18:50:56-07:00","entry_id":295551,"field1":"11.375","field2":"9.75"},{"created_at":"2024-04-19T19:00:35-07:00","entry_id":295552,"field1":"11.375","field2":"9.5"},{"created_at":"2024-04-19T19:10:12-07:00","entry_id":295553,"field1":"11.3125","field2":"9.1875"},{"created_at":"2024-04-19T19:19:48-07:00","entry_id":295554,"field1":"11.3125","field2":"9.1875"},{"created_at":"2024-04-19T19:29:27-07:00","entry_id":295555,"field1":"11.25","field2":"9.125"},{"created_at":"2024-04-19T19:39:05-07:00","entry_id":295556,"field1":"11.25","field2":"9.0625"},{"created_at":"2024-04-19T19:48:41-07:00","entry_id":295557,"field1":"11.1875","field2":"8.75"},{"created_at":"2024-04-19T19:58:21-07:00","entry_id":295558,"field1":"11.1875","field2":"8.5"},{"created_at":"2024-04-19T20:07:58-07:00","entry_id":295559,"field1":"11.125","field2":"8.375"},{"created_at":"2024-04-19T20:17:35-07:00","entry_id":295560,"field1":"11.125","field2":"8.375"},{"created_at":"2024-04-19T20:27:15-07:00","entry_id":295561,"field1":"11.0625","field2":"8.0625"},{"created_at":"2024-04-19T20:36:52-07:00","entry_id":295562,"field1":"11.0625","field2":"8"},{"created_at":"2024-04-19T20:46:30-07:00","entry_id":295563,"field1":"11","field2":"7.875"},{"created_at":"2024-04-19T20:56:08-07:00","entry_id":295564,"field1":"10.9375","field2":"7.8125"},{"created_at":"2024-04-19T21:05:46-07:00","entry_id":295565,"field1":"10.9375","field2":"7.6875"},{"created_at":"2024-04-19T21:15:21-07:00","entry_id":295566,"field1":"10.9375","field2":"7.625"},{"created_at":"2024-04-19T21:25:00-07:00","entry_id":295567,"field1":"10.875","field2":"7.4375"},{"created_at":"2024-04-19T21:34:37-07:00","entry_id":295568,"field1":"10.8125","field2":"7.25"},{"created_at":"2024-04-19T21:44:13-07:00","entry_id":295569,"field1":"10.8125","field2":"7.0625"},{"created_at":"2024-04-19T21:53:51-07:00","entry_id":295570,"field1":"10.75","field2":"7.0625"},{"created_at":"2024-04-19T22:03:29-07:00","entry_id":295571,"field1":"10.75","field2":"6.8125"},{"created_at":"2024-04-19T22:13:06-07:00","entry_id":295572,"field1":"10.6875","field2":"6.6875"},{"created_at":"2024-04-19T22:22:42-07:00","entry_id":295573,"field1":"10.6875","field2":"6.5625"},{"created_at":"2024-04-19T22:32:20-07:00","entry_id":295574,"field1":"10.625","field2":"6.4375"},{"created_at":"2024-04-19T22:41:58-07:00","entry_id":295575,"field1":"10.625","field2":"6.3125"},{"created_at":"2024-04-19T22:51:36-07:00","entry_id":295576,"field1":"10.5625","field2":"6.1875"},{"created_at":"2024-04-19T23:01:13-07:00","entry_id":295577,"field1":"10.5625","field2":"6"},{"created_at":"2024-04-19T23:10:50-07:00","entry_id":295578,"field1":"10.5","field2":"6.125"},{"created_at":"2024-04-19T23:20:28-07:00","entry_id":295579,"field1":"10.4375","field2":"5.8125"},{"created_at":"2024-04-19T23:30:05-07:00","entry_id":295580,"field1":"10.4375","field2":"5.75"},{"created_at":"2024-04-19T23:39:43-07:00","entry_id":295581,"field1":"10.375","field2":"5.4375"},{"created_at":"2024-04-19T23:49:20-07:00","entry_id":295582,"field1":"10.375","field2":"5.3125"},{"created_at":"2024-04-19T23:58:56-07:00","entry_id":295583,"field1":"10.3125","field2":"5.1875"}]}