{"channel":{"id":581842,"name":"Upstairs Small Window Indoor / Outdoor Sensor","latitude":"0.0","longitude":"0.0","field1":"Indoor Temperature","field2":"Outdoor Temperature","created_at":"2018-09-23T15:37:52-07:00","updated_at":"2020-07-27T05:59:41-07:00","last_entry_id":150129},"feeds":[{"created_at":"2020-02-02T00:00:43-08:00","entry_id":71202,"field1":"1.9375","field2":"-0.75"},{"created_at":"2020-02-02T00:10:20-08:00","entry_id":71203,"field1":"1.875","field2":"-1"},{"created_at":"2020-02-02T00:19:57-08:00","entry_id":71204,"field1":"1.875","field2":"-1"},{"created_at":"2020-02-02T00:29:33-08:00","entry_id":71205,"field1":"1.875","field2":"-1"},{"created_at":"2020-02-02T00:39:10-08:00","entry_id":71206,"field1":"1.875","field2":"-1"},{"created_at":"2020-02-02T00:48:47-08:00","entry_id":71207,"field1":"1.8125","field2":"-1.0625"},{"created_at":"2020-02-02T00:58:24-08:00","entry_id":71208,"field1":"1.8125","field2":"-1.125"},{"created_at":"2020-02-02T01:08:02-08:00","entry_id":71209,"field1":"1.8125","field2":"-1.1875"},{"created_at":"2020-02-02T01:17:38-08:00","entry_id":71210,"field1":"1.75","field2":"-1.25"},{"created_at":"2020-02-02T01:27:15-08:00","entry_id":71211,"field1":"1.75","field2":"-1.3125"},{"created_at":"2020-02-02T01:36:52-08:00","entry_id":71212,"field1":"1.75","field2":"-1.375"},{"created_at":"2020-02-02T01:46:29-08:00","entry_id":71213,"field1":"1.75","field2":"-1.5"},{"created_at":"2020-02-02T01:56:06-08:00","entry_id":71214,"field1":"1.6875","field2":"-1.5"},{"created_at":"2020-02-02T02:05:43-08:00","entry_id":71215,"field1":"1.6875","field2":"-1.4375"},{"created_at":"2020-02-02T02:15:19-08:00","entry_id":71216,"field1":"1.6875","field2":"-1.5625"},{"created_at":"2020-02-02T02:24:56-08:00","entry_id":71217,"field1":"1.6875","field2":"-1.6875"},{"created_at":"2020-02-02T02:34:33-08:00","entry_id":71218,"field1":"1.625","field2":"-1.8125"},{"created_at":"2020-02-02T02:44:11-08:00","entry_id":71219,"field1":"1.625","field2":"-1.75"},{"created_at":"2020-02-02T02:53:48-08:00","entry_id":71220,"field1":"1.625","field2":"-2"},{"created_at":"2020-02-02T03:03:24-08:00","entry_id":71221,"field1":"1.5625","field2":"-1.875"},{"created_at":"2020-02-02T03:13:01-08:00","entry_id":71222,"field1":"1.5625","field2":"-1.875"},{"created_at":"2020-02-02T03:22:38-08:00","entry_id":71223,"field1":"1.5625","field2":"-1.875"},{"created_at":"2020-02-02T03:32:16-08:00","entry_id":71224,"field1":"1.5625","field2":"-1.875"},{"created_at":"2020-02-02T03:41:52-08:00","entry_id":71225,"field1":"1.5","field2":"-2.125"},{"created_at":"2020-02-02T03:51:29-08:00","entry_id":71226,"field1":"1.5","field2":"-2.1875"},{"created_at":"2020-02-02T04:01:07-08:00","entry_id":71227,"field1":"1.5","field2":"-2.3125"},{"created_at":"2020-02-02T04:10:43-08:00","entry_id":71228,"field1":"1.4375","field2":"-2.25"},{"created_at":"2020-02-02T04:20:20-08:00","entry_id":71229,"field1":"1.4375","field2":"-2.625"},{"created_at":"2020-02-02T04:29:57-08:00","entry_id":71230,"field1":"1.4375","field2":"-2.5"},{"created_at":"2020-02-02T04:39:34-08:00","entry_id":71231,"field1":"1.375","field2":"-2.625"},{"created_at":"2020-02-02T04:49:11-08:00","entry_id":71232,"field1":"1.375","field2":"-2.6875"},{"created_at":"2020-02-02T04:58:48-08:00","entry_id":71233,"field1":"1.375","field2":"-2.625"},{"created_at":"2020-02-02T05:08:24-08:00","entry_id":71234,"field1":"1.3125","field2":"-2.625"},{"created_at":"2020-02-02T05:18:02-08:00","entry_id":71235,"field1":"1.3125","field2":"-2.75"},{"created_at":"2020-02-02T05:27:38-08:00","entry_id":71236,"field1":"1.3125","field2":"-2.8125"},{"created_at":"2020-02-02T05:37:16-08:00","entry_id":71237,"field1":"1.25","field2":"-2.75"},{"created_at":"2020-02-02T05:46:53-08:00","entry_id":71238,"field1":"1.25","field2":"-3"},{"created_at":"2020-02-02T05:56:32-08:00","entry_id":71239,"field1":"1.25","field2":"-3"},{"created_at":"2020-02-02T06:06:08-08:00","entry_id":71240,"field1":"1.1875","field2":"-3.125"},{"created_at":"2020-02-02T06:15:45-08:00","entry_id":71241,"field1":"1.1875","field2":"-3.0625"},{"created_at":"2020-02-02T06:25:22-08:00","entry_id":71242,"field1":"1.125","field2":"-2.9375"},{"created_at":"2020-02-02T06:34:58-08:00","entry_id":71243,"field1":"1.125","field2":"-3.125"},{"created_at":"2020-02-02T06:44:35-08:00","entry_id":71244,"field1":"1.125","field2":"-3.1875"},{"created_at":"2020-02-02T06:54:12-08:00","entry_id":71245,"field1":"1.125","field2":"-3.1875"},{"created_at":"2020-02-02T07:03:48-08:00","entry_id":71246,"field1":"1.0625","field2":"-3.5"},{"created_at":"2020-02-02T07:13:25-08:00","entry_id":71247,"field1":"1.0625","field2":"-3.375"},{"created_at":"2020-02-02T07:23:02-08:00","entry_id":71248,"field1":"1.0625","field2":"-3.375"},{"created_at":"2020-02-02T07:32:38-08:00","entry_id":71249,"field1":"1","field2":"-3.5625"},{"created_at":"2020-02-02T07:42:15-08:00","entry_id":71250,"field1":"1","field2":"-3.375"},{"created_at":"2020-02-02T07:51:52-08:00","entry_id":71251,"field1":"0.9375","field2":"-3.3125"},{"created_at":"2020-02-02T08:01:29-08:00","entry_id":71252,"field1":"0.9375","field2":"-3.625"},{"created_at":"2020-02-02T08:11:06-08:00","entry_id":71253,"field1":"0.9375","field2":"-3.5625"},{"created_at":"2020-02-02T08:20:43-08:00","entry_id":71254,"field1":"0.9375","field2":"-3.5"},{"created_at":"2020-02-02T08:30:19-08:00","entry_id":71255,"field1":"0.875","field2":"-3.5625"},{"created_at":"2020-02-02T08:39:56-08:00","entry_id":71256,"field1":"0.875","field2":"-3.4375"},{"created_at":"2020-02-02T08:49:32-08:00","entry_id":71257,"field1":"0.875","field2":"-3.625"},{"created_at":"2020-02-02T08:59:09-08:00","entry_id":71258,"field1":"1.0625","field2":"-2.75"},{"created_at":"2020-02-02T09:08:47-08:00","entry_id":71259,"field1":"1.25","field2":"-1.6875"},{"created_at":"2020-02-02T09:18:25-08:00","entry_id":71260,"field1":"1.3125","field2":"-2.25"},{"created_at":"2020-02-02T09:28:01-08:00","entry_id":71261,"field1":"1.375","field2":"-1.5"},{"created_at":"2020-02-02T09:37:38-08:00","entry_id":71262,"field1":"1.4375","field2":"-1.625"},{"created_at":"2020-02-02T09:47:15-08:00","entry_id":71263,"field1":"1.4375","field2":"-1.8125"},{"created_at":"2020-02-02T09:56:52-08:00","entry_id":71264,"field1":"1.4375","field2":"-2"},{"created_at":"2020-02-02T10:06:28-08:00","entry_id":71265,"field1":"1.375","field2":"-2.1875"},{"created_at":"2020-02-02T10:16:05-08:00","entry_id":71266,"field1":"1.375","field2":"-2.125"},{"created_at":"2020-02-02T10:25:42-08:00","entry_id":71267,"field1":"1.3125","field2":"-2.0625"},{"created_at":"2020-02-02T10:35:18-08:00","entry_id":71268,"field1":"1.3125","field2":"-2.0625"},{"created_at":"2020-02-02T10:44:55-08:00","entry_id":71269,"field1":"1.3125","field2":"-1.9375"},{"created_at":"2020-02-02T10:54:33-08:00","entry_id":71270,"field1":"1.3125","field2":"-1.8125"},{"created_at":"2020-02-02T11:04:09-08:00","entry_id":71271,"field1":"1.3125","field2":"-1.9375"},{"created_at":"2020-02-02T11:13:45-08:00","entry_id":71272,"field1":"1.25","field2":"-1.9375"},{"created_at":"2020-02-02T11:23:23-08:00","entry_id":71273,"field1":"1.25","field2":"-1.75"},{"created_at":"2020-02-02T11:32:59-08:00","entry_id":71274,"field1":"1.1875","field2":"-1.75"},{"created_at":"2020-02-02T11:42:37-08:00","entry_id":71275,"field1":"1.25","field2":"-1.6875"},{"created_at":"2020-02-02T11:52:14-08:00","entry_id":71276,"field1":"1.25","field2":"-1.5625"},{"created_at":"2020-02-02T12:01:51-08:00","entry_id":71277,"field1":"1.25","field2":"-1.625"},{"created_at":"2020-02-02T12:11:28-08:00","entry_id":71278,"field1":"1.25","field2":"-1.5"},{"created_at":"2020-02-02T12:21:05-08:00","entry_id":71279,"field1":"1.25","field2":"-1.3125"},{"created_at":"2020-02-02T12:30:43-08:00","entry_id":71280,"field1":"1.25","field2":"-1.375"},{"created_at":"2020-02-02T12:40:19-08:00","entry_id":71281,"field1":"1.25","field2":"-1.25"},{"created_at":"2020-02-02T12:49:56-08:00","entry_id":71282,"field1":"1.25","field2":"-1.25"},{"created_at":"2020-02-02T12:59:33-08:00","entry_id":71283,"field1":"1.25","field2":"-1.125"},{"created_at":"2020-02-02T13:09:10-08:00","entry_id":71284,"field1":"1.25","field2":"-1.1875"},{"created_at":"2020-02-02T13:18:47-08:00","entry_id":71285,"field1":"1.25","field2":"-1"},{"created_at":"2020-02-02T13:28:23-08:00","entry_id":71286,"field1":"1.25","field2":"-1"},{"created_at":"2020-02-02T13:38:01-08:00","entry_id":71287,"field1":"1.1875","field2":"-1"},{"created_at":"2020-02-02T13:47:38-08:00","entry_id":71288,"field1":"1.1875","field2":"-0.875"},{"created_at":"2020-02-02T13:57:14-08:00","entry_id":71289,"field1":"1.1875","field2":"-0.875"},{"created_at":"2020-02-02T14:06:51-08:00","entry_id":71290,"field1":"1.1875","field2":"-0.875"},{"created_at":"2020-02-02T14:16:28-08:00","entry_id":71291,"field1":"1.1875","field2":"-0.875"},{"created_at":"2020-02-02T14:26:05-08:00","entry_id":71292,"field1":"1.1875","field2":"-0.875"},{"created_at":"2020-02-02T14:35:42-08:00","entry_id":71293,"field1":"1.1875","field2":"-0.75"},{"created_at":"2020-02-02T14:45:20-08:00","entry_id":71294,"field1":"1.1875","field2":"-0.6875"},{"created_at":"2020-02-02T14:54:56-08:00","entry_id":71295,"field1":"1.1875","field2":"-0.625"},{"created_at":"2020-02-02T15:04:32-08:00","entry_id":71296,"field1":"1.1875","field2":"-0.5625"},{"created_at":"2020-02-02T15:14:09-08:00","entry_id":71297,"field1":"1.1875","field2":"-0.5625"},{"created_at":"2020-02-02T15:23:46-08:00","entry_id":71298,"field1":"1.1875","field2":"-0.625"},{"created_at":"2020-02-02T15:33:23-08:00","entry_id":71299,"field1":"1.125","field2":"-0.625"},{"created_at":"2020-02-02T15:43:00-08:00","entry_id":71300,"field1":"1.125","field2":"-0.75"},{"created_at":"2020-02-02T15:52:37-08:00","entry_id":71301,"field1":"1.125","field2":"-0.8125"},{"created_at":"2020-02-02T16:02:14-08:00","entry_id":71302,"field1":"1.125","field2":"-0.9375"},{"created_at":"2020-02-02T16:11:51-08:00","entry_id":71303,"field1":"1.125","field2":"-1"},{"created_at":"2020-02-02T16:21:27-08:00","entry_id":71304,"field1":"1.0625","field2":"-1.1875"},{"created_at":"2020-02-02T16:31:04-08:00","entry_id":71305,"field1":"1.0625","field2":"-1.3125"},{"created_at":"2020-02-02T16:40:40-08:00","entry_id":71306,"field1":"1.0625","field2":"-1.4375"},{"created_at":"2020-02-02T16:50:18-08:00","entry_id":71307,"field1":"1","field2":"-1.5"},{"created_at":"2020-02-02T16:59:55-08:00","entry_id":71308,"field1":"1","field2":"-1.625"},{"created_at":"2020-02-02T17:09:31-08:00","entry_id":71309,"field1":"1","field2":"-1.75"},{"created_at":"2020-02-02T17:19:09-08:00","entry_id":71310,"field1":"1","field2":"-1.6875"},{"created_at":"2020-02-02T17:28:45-08:00","entry_id":71311,"field1":"1","field2":"-1.8125"},{"created_at":"2020-02-02T17:38:22-08:00","entry_id":71312,"field1":"0.9375","field2":"-1.8125"},{"created_at":"2020-02-02T17:47:59-08:00","entry_id":71313,"field1":"0.9375","field2":"-1.8125"},{"created_at":"2020-02-02T17:57:36-08:00","entry_id":71314,"field1":"0.9375","field2":"-1.6875"},{"created_at":"2020-02-02T18:07:13-08:00","entry_id":71315,"field1":"0.9375","field2":"-1.625"},{"created_at":"2020-02-02T18:16:50-08:00","entry_id":71316,"field1":"0.9375","field2":"-1.625"},{"created_at":"2020-02-02T18:26:28-08:00","entry_id":71317,"field1":"0.875","field2":"-1.625"},{"created_at":"2020-02-02T18:36:04-08:00","entry_id":71318,"field1":"0.9375","field2":"-1.625"},{"created_at":"2020-02-02T18:45:41-08:00","entry_id":71319,"field1":"0.875","field2":"-1.625"},{"created_at":"2020-02-02T18:55:17-08:00","entry_id":71320,"field1":"0.875","field2":"-1.5625"},{"created_at":"2020-02-02T19:04:54-08:00","entry_id":71321,"field1":"0.875","field2":"-1.5625"},{"created_at":"2020-02-02T19:14:31-08:00","entry_id":71322,"field1":"0.875","field2":"-1.5625"},{"created_at":"2020-02-02T19:24:08-08:00","entry_id":71323,"field1":"0.875","field2":"-1.5"},{"created_at":"2020-02-02T19:33:45-08:00","entry_id":71324,"field1":"0.8125","field2":"-1.625"},{"created_at":"2020-02-02T19:43:22-08:00","entry_id":71325,"field1":"0.8125","field2":"-1.75"},{"created_at":"2020-02-02T19:52:58-08:00","entry_id":71326,"field1":"0.8125","field2":"-1.75"},{"created_at":"2020-02-02T20:02:35-08:00","entry_id":71327,"field1":"0.8125","field2":"-1.625"},{"created_at":"2020-02-02T20:12:12-08:00","entry_id":71328,"field1":"0.8125","field2":"-1.5"},{"created_at":"2020-02-02T20:21:49-08:00","entry_id":71329,"field1":"0.75","field2":"-1.5625"},{"created_at":"2020-02-02T20:31:27-08:00","entry_id":71330,"field1":"0.75","field2":"-1.625"},{"created_at":"2020-02-02T20:41:04-08:00","entry_id":71331,"field1":"0.75","field2":"-1.5625"},{"created_at":"2020-02-02T20:50:40-08:00","entry_id":71332,"field1":"0.75","field2":"-1.5"},{"created_at":"2020-02-02T21:00:17-08:00","entry_id":71333,"field1":"0.75","field2":"-1.5"},{"created_at":"2020-02-02T21:09:58-08:00","entry_id":71334,"field1":"0.6875","field2":"-1.5"},{"created_at":"2020-02-02T21:19:33-08:00","entry_id":71335,"field1":"0.6875","field2":"-1.4375"},{"created_at":"2020-02-02T21:29:09-08:00","entry_id":71336,"field1":"0.6875","field2":"-1.5"},{"created_at":"2020-02-02T21:38:47-08:00","entry_id":71337,"field1":"0.6875","field2":"-1.5"},{"created_at":"2020-02-02T21:48:24-08:00","entry_id":71338,"field1":"0.6875","field2":"-1.5"},{"created_at":"2020-02-02T21:58:01-08:00","entry_id":71339,"field1":"0.6875","field2":"-1.5"},{"created_at":"2020-02-02T22:07:38-08:00","entry_id":71340,"field1":"0.6875","field2":"-1.5"},{"created_at":"2020-02-02T22:17:16-08:00","entry_id":71341,"field1":"0.6875","field2":"-1.5"},{"created_at":"2020-02-02T22:26:53-08:00","entry_id":71342,"field1":"0.625","field2":"-1.4375"},{"created_at":"2020-02-02T22:36:30-08:00","entry_id":71343,"field1":"0.625","field2":"-1.4375"},{"created_at":"2020-02-02T22:46:07-08:00","entry_id":71344,"field1":"0.625","field2":"-1.4375"},{"created_at":"2020-02-02T22:55:43-08:00","entry_id":71345,"field1":"0.625","field2":"-1.4375"},{"created_at":"2020-02-02T23:05:20-08:00","entry_id":71346,"field1":"0.625","field2":"-1.4375"},{"created_at":"2020-02-02T23:14:56-08:00","entry_id":71347,"field1":"0.625","field2":"-1.5625"},{"created_at":"2020-02-02T23:24:34-08:00","entry_id":71348,"field1":"0.625","field2":"-1.5625"},{"created_at":"2020-02-02T23:34:11-08:00","entry_id":71349,"field1":"0.625","field2":"-1.625"},{"created_at":"2020-02-02T23:43:48-08:00","entry_id":71350,"field1":"0.625","field2":"-1.6875"},{"created_at":"2020-02-02T23:53:24-08:00","entry_id":71351,"field1":"0.5625","field2":"-1.6875"}]}