{"channel":{"id":581842,"name":"Upstairs Small Window Indoor / Outdoor Sensor","latitude":"0.0","longitude":"0.0","field1":"Indoor Temperature","field2":"Outdoor Temperature","created_at":"2018-09-23T15:37:52-07:00","updated_at":"2020-07-27T05:59:41-07:00","last_entry_id":150129},"feeds":[{"created_at":"2020-04-03T00:04:12-07:00","entry_id":80207,"field1":"4.0625","field2":"0.625"},{"created_at":"2020-04-03T00:13:49-07:00","entry_id":80208,"field1":"4","field2":"0.625"},{"created_at":"2020-04-03T00:23:26-07:00","entry_id":80209,"field1":"4","field2":"0.625"},{"created_at":"2020-04-03T00:33:03-07:00","entry_id":80210,"field1":"4","field2":"0.5625"},{"created_at":"2020-04-03T00:42:41-07:00","entry_id":80211,"field1":"3.9375","field2":"0.5625"},{"created_at":"2020-04-03T00:52:17-07:00","entry_id":80212,"field1":"3.9375","field2":"0.5625"},{"created_at":"2020-04-03T01:01:54-07:00","entry_id":80213,"field1":"3.9375","field2":"0.5625"},{"created_at":"2020-04-03T01:11:32-07:00","entry_id":80214,"field1":"3.9375","field2":"0.5625"},{"created_at":"2020-04-03T01:21:09-07:00","entry_id":80215,"field1":"3.875","field2":"0.5625"},{"created_at":"2020-04-03T01:30:46-07:00","entry_id":80216,"field1":"3.875","field2":"0.5"},{"created_at":"2020-04-03T01:40:22-07:00","entry_id":80217,"field1":"3.875","field2":"0.375"},{"created_at":"2020-04-03T01:49:59-07:00","entry_id":80218,"field1":"3.8125","field2":"0.25"},{"created_at":"2020-04-03T01:59:36-07:00","entry_id":80219,"field1":"3.8125","field2":"0.25"},{"created_at":"2020-04-03T02:09:13-07:00","entry_id":80220,"field1":"3.8125","field2":"0.125"},{"created_at":"2020-04-03T02:18:50-07:00","entry_id":80221,"field1":"3.75","field2":"0.125"},{"created_at":"2020-04-03T02:28:27-07:00","entry_id":80222,"field1":"3.75","field2":"0.1875"},{"created_at":"2020-04-03T02:38:04-07:00","entry_id":80223,"field1":"3.6875","field2":"0.125"},{"created_at":"2020-04-03T02:47:41-07:00","entry_id":80224,"field1":"3.6875","field2":"-0.0625"},{"created_at":"2020-04-03T02:57:18-07:00","entry_id":80225,"field1":"3.6875","field2":"0"},{"created_at":"2020-04-03T03:06:55-07:00","entry_id":80226,"field1":"3.6875","field2":"-0.125"},{"created_at":"2020-04-03T03:16:33-07:00","entry_id":80227,"field1":"3.625","field2":"-0.1875"},{"created_at":"2020-04-03T03:26:10-07:00","entry_id":80228,"field1":"3.625","field2":"-0.25"},{"created_at":"2020-04-03T03:35:46-07:00","entry_id":80229,"field1":"3.5625","field2":"-0.3125"},{"created_at":"2020-04-03T03:45:24-07:00","entry_id":80230,"field1":"3.5625","field2":"-0.375"},{"created_at":"2020-04-03T03:55:01-07:00","entry_id":80231,"field1":"3.5625","field2":"-0.5625"},{"created_at":"2020-04-03T04:04:37-07:00","entry_id":80232,"field1":"3.5625","field2":"-0.625"},{"created_at":"2020-04-03T04:14:14-07:00","entry_id":80233,"field1":"3.5625","field2":"-0.6875"},{"created_at":"2020-04-03T04:23:51-07:00","entry_id":80234,"field1":"3.5","field2":"-0.6875"},{"created_at":"2020-04-03T04:33:28-07:00","entry_id":80235,"field1":"3.5","field2":"-0.625"},{"created_at":"2020-04-03T04:43:06-07:00","entry_id":80236,"field1":"3.5","field2":"-0.5625"},{"created_at":"2020-04-03T04:52:42-07:00","entry_id":80237,"field1":"3.4375","field2":"-0.5625"},{"created_at":"2020-04-03T05:02:19-07:00","entry_id":80238,"field1":"3.4375","field2":"-0.5"},{"created_at":"2020-04-03T05:11:56-07:00","entry_id":80239,"field1":"3.4375","field2":"-0.5"},{"created_at":"2020-04-03T05:21:33-07:00","entry_id":80240,"field1":"3.375","field2":"-0.4375"},{"created_at":"2020-04-03T05:31:10-07:00","entry_id":80241,"field1":"3.375","field2":"-0.5"},{"created_at":"2020-04-03T05:40:48-07:00","entry_id":80242,"field1":"3.375","field2":"-0.375"},{"created_at":"2020-04-03T05:50:25-07:00","entry_id":80243,"field1":"3.3125","field2":"-0.375"},{"created_at":"2020-04-03T06:00:01-07:00","entry_id":80244,"field1":"3.3125","field2":"-0.4375"},{"created_at":"2020-04-03T06:09:39-07:00","entry_id":80245,"field1":"3.3125","field2":"-0.4375"},{"created_at":"2020-04-03T06:19:20-07:00","entry_id":80246,"field1":"3.25","field2":"-0.4375"},{"created_at":"2020-04-03T06:28:55-07:00","entry_id":80247,"field1":"3.25","field2":"-0.4375"},{"created_at":"2020-04-03T06:38:32-07:00","entry_id":80248,"field1":"3.25","field2":"-0.5"},{"created_at":"2020-04-03T06:48:09-07:00","entry_id":80249,"field1":"3.1875","field2":"-0.4375"},{"created_at":"2020-04-03T06:57:45-07:00","entry_id":80250,"field1":"3.1875","field2":"-0.4375"},{"created_at":"2020-04-03T07:07:22-07:00","entry_id":80251,"field1":"3.1875","field2":"-0.5"},{"created_at":"2020-04-03T07:16:59-07:00","entry_id":80252,"field1":"3.1875","field2":"-0.375"},{"created_at":"2020-04-03T07:26:36-07:00","entry_id":80253,"field1":"3.1875","field2":"-0.25"},{"created_at":"2020-04-03T07:36:13-07:00","entry_id":80254,"field1":"3.125","field2":"-0.25"},{"created_at":"2020-04-03T07:45:50-07:00","entry_id":80255,"field1":"3.125","field2":"-0.4375"},{"created_at":"2020-04-03T07:55:27-07:00","entry_id":80256,"field1":"3.125","field2":"-0.125"},{"created_at":"2020-04-03T08:05:04-07:00","entry_id":80257,"field1":"3.125","field2":"0.125"},{"created_at":"2020-04-03T08:14:41-07:00","entry_id":80258,"field1":"3.125","field2":"0.0625"},{"created_at":"2020-04-03T08:24:19-07:00","entry_id":80259,"field1":"3.125","field2":"0.375"},{"created_at":"2020-04-03T08:33:55-07:00","entry_id":80260,"field1":"3.125","field2":"0.25"},{"created_at":"2020-04-03T08:43:32-07:00","entry_id":80261,"field1":"3.0625","field2":"0.0625"},{"created_at":"2020-04-03T08:53:09-07:00","entry_id":80262,"field1":"3.0625","field2":"0.125"},{"created_at":"2020-04-03T09:02:45-07:00","entry_id":80263,"field1":"3.0625","field2":"0.1875"},{"created_at":"2020-04-03T09:12:23-07:00","entry_id":80264,"field1":"3.125","field2":"0.375"},{"created_at":"2020-04-03T09:21:59-07:00","entry_id":80265,"field1":"3.125","field2":"0.3125"},{"created_at":"2020-04-03T09:31:37-07:00","entry_id":80266,"field1":"3.125","field2":"0.375"},{"created_at":"2020-04-03T09:41:14-07:00","entry_id":80267,"field1":"3.125","field2":"0.4375"},{"created_at":"2020-04-03T09:50:50-07:00","entry_id":80268,"field1":"3.125","field2":"0.5625"},{"created_at":"2020-04-03T10:00:27-07:00","entry_id":80269,"field1":"3.125","field2":"0.625"},{"created_at":"2020-04-03T10:10:04-07:00","entry_id":80270,"field1":"3.125","field2":"0.6875"},{"created_at":"2020-04-03T10:19:41-07:00","entry_id":80271,"field1":"3.125","field2":"0.625"},{"created_at":"2020-04-03T10:29:17-07:00","entry_id":80272,"field1":"3.125","field2":"0.5625"},{"created_at":"2020-04-03T10:38:55-07:00","entry_id":80273,"field1":"2.875","field2":"0.3125"},{"created_at":"2020-04-03T10:48:31-07:00","entry_id":80274,"field1":"2.8125","field2":"0.0625"},{"created_at":"2020-04-03T10:58:08-07:00","entry_id":80275,"field1":"3","field2":"-0.125"},{"created_at":"2020-04-03T11:07:42-07:00","entry_id":80276,"field1":"3.125","field2":"0.4375"},{"created_at":"2020-04-03T11:17:19-07:00","entry_id":80277,"field1":"3.125","field2":"0.4375"},{"created_at":"2020-04-03T11:26:56-07:00","entry_id":80278,"field1":"3.125","field2":"0.625"},{"created_at":"2020-04-03T11:36:33-07:00","entry_id":80279,"field1":"3","field2":"0.625"},{"created_at":"2020-04-03T11:46:10-07:00","entry_id":80280,"field1":"3.0625","field2":"1.0625"},{"created_at":"2020-04-03T11:55:48-07:00","entry_id":80281,"field1":"3.25","field2":"1.5"},{"created_at":"2020-04-03T12:05:26-07:00","entry_id":80282,"field1":"3.3125","field2":"1.5625"},{"created_at":"2020-04-03T12:15:02-07:00","entry_id":80283,"field1":"3.3125","field2":"1.5"},{"created_at":"2020-04-03T12:24:40-07:00","entry_id":80284,"field1":"3.375","field2":"1.5"},{"created_at":"2020-04-03T12:34:17-07:00","entry_id":80285,"field1":"3.4375","field2":"1.4375"},{"created_at":"2020-04-03T12:43:58-07:00","entry_id":80286,"field1":"3.4375","field2":"1.6875"},{"created_at":"2020-04-03T12:53:34-07:00","entry_id":80287,"field1":"3.5","field2":"1.8125"},{"created_at":"2020-04-03T13:03:11-07:00","entry_id":80288,"field1":"3.4375","field2":"2"},{"created_at":"2020-04-03T13:12:48-07:00","entry_id":80289,"field1":"3.5","field2":"2.25"},{"created_at":"2020-04-03T13:22:26-07:00","entry_id":80290,"field1":"3.5625","field2":"2.75"},{"created_at":"2020-04-03T13:32:03-07:00","entry_id":80291,"field1":"3.5625","field2":"2.4375"},{"created_at":"2020-04-03T13:41:40-07:00","entry_id":80292,"field1":"3.5625","field2":"2.375"},{"created_at":"2020-04-03T13:51:16-07:00","entry_id":80293,"field1":"3.5","field2":"2.1875"},{"created_at":"2020-04-03T14:00:54-07:00","entry_id":80294,"field1":"3.5","field2":"1.625"},{"created_at":"2020-04-03T14:10:29-07:00","entry_id":80295,"field1":"3.5625","field2":"2.125"},{"created_at":"2020-04-03T14:20:06-07:00","entry_id":80296,"field1":"3.5625","field2":"2.4375"},{"created_at":"2020-04-03T14:29:43-07:00","entry_id":80297,"field1":"3.5625","field2":"2.1875"},{"created_at":"2020-04-03T14:39:20-07:00","entry_id":80298,"field1":"3.5","field2":"1.875"},{"created_at":"2020-04-03T14:48:57-07:00","entry_id":80299,"field1":"3.5","field2":"1.8125"},{"created_at":"2020-04-03T14:58:34-07:00","entry_id":80300,"field1":"3.5","field2":"1.875"},{"created_at":"2020-04-03T15:08:11-07:00","entry_id":80301,"field1":"3.5","field2":"2.0625"},{"created_at":"2020-04-03T15:17:48-07:00","entry_id":80302,"field1":"3.5","field2":"2.3125"},{"created_at":"2020-04-03T15:27:24-07:00","entry_id":80303,"field1":"3.4375","field2":"2.375"},{"created_at":"2020-04-03T15:37:01-07:00","entry_id":80304,"field1":"3.4375","field2":"2.625"},{"created_at":"2020-04-03T15:46:38-07:00","entry_id":80305,"field1":"3.4375","field2":"2.125"},{"created_at":"2020-04-03T15:56:15-07:00","entry_id":80306,"field1":"3.4375","field2":"2.1875"},{"created_at":"2020-04-03T16:05:52-07:00","entry_id":80307,"field1":"3.4375","field2":"2.375"},{"created_at":"2020-04-03T16:15:30-07:00","entry_id":80308,"field1":"3.5","field2":"2.75"},{"created_at":"2020-04-03T16:25:07-07:00","entry_id":80309,"field1":"3.5","field2":"2.875"},{"created_at":"2020-04-03T16:34:44-07:00","entry_id":80310,"field1":"3.5","field2":"3"},{"created_at":"2020-04-03T16:44:21-07:00","entry_id":80311,"field1":"3.5625","field2":"3.125"},{"created_at":"2020-04-03T16:53:59-07:00","entry_id":80312,"field1":"3.5625","field2":"3.1875"},{"created_at":"2020-04-03T17:03:36-07:00","entry_id":80313,"field1":"3.5625","field2":"3.125"},{"created_at":"2020-04-03T17:13:13-07:00","entry_id":80314,"field1":"3.5625","field2":"3.3125"},{"created_at":"2020-04-03T17:22:50-07:00","entry_id":80315,"field1":"3.5625","field2":"2.9375"},{"created_at":"2020-04-03T17:32:27-07:00","entry_id":80316,"field1":"3.5625","field2":"2.9375"},{"created_at":"2020-04-03T17:42:04-07:00","entry_id":80317,"field1":"3.5625","field2":"2.625"},{"created_at":"2020-04-03T17:51:41-07:00","entry_id":80318,"field1":"3.5625","field2":"2.875"},{"created_at":"2020-04-03T18:01:19-07:00","entry_id":80319,"field1":"3.5","field2":"2.9375"},{"created_at":"2020-04-03T18:10:56-07:00","entry_id":80320,"field1":"3.5","field2":"2.9375"},{"created_at":"2020-04-03T18:20:34-07:00","entry_id":80321,"field1":"3.5","field2":"2.6875"},{"created_at":"2020-04-03T18:30:11-07:00","entry_id":80322,"field1":"3.5","field2":"2.4375"},{"created_at":"2020-04-03T18:39:48-07:00","entry_id":80323,"field1":"3.5","field2":"2.5"},{"created_at":"2020-04-03T18:49:25-07:00","entry_id":80324,"field1":"3.5","field2":"2.1875"},{"created_at":"2020-04-03T18:59:03-07:00","entry_id":80325,"field1":"3.5","field2":"2"},{"created_at":"2020-04-03T19:08:40-07:00","entry_id":80326,"field1":"3.5","field2":"2.0625"},{"created_at":"2020-04-03T19:18:21-07:00","entry_id":80327,"field1":"3.5","field2":"2"},{"created_at":"2020-04-03T19:27:57-07:00","entry_id":80328,"field1":"3.4375","field2":"1.8125"},{"created_at":"2020-04-03T19:37:34-07:00","entry_id":80329,"field1":"3.4375","field2":"1.75"},{"created_at":"2020-04-03T19:47:11-07:00","entry_id":80330,"field1":"3.4375","field2":"1.625"},{"created_at":"2020-04-03T19:56:48-07:00","entry_id":80331,"field1":"3.4375","field2":"1.375"},{"created_at":"2020-04-03T20:06:25-07:00","entry_id":80332,"field1":"3.375","field2":"1.375"},{"created_at":"2020-04-03T20:16:02-07:00","entry_id":80333,"field1":"3.375","field2":"1.5625"},{"created_at":"2020-04-03T20:25:39-07:00","entry_id":80334,"field1":"3.375","field2":"1.5625"},{"created_at":"2020-04-03T20:35:16-07:00","entry_id":80335,"field1":"3.3125","field2":"1.4375"},{"created_at":"2020-04-03T20:44:53-07:00","entry_id":80336,"field1":"3.3125","field2":"1.25"},{"created_at":"2020-04-03T20:54:30-07:00","entry_id":80337,"field1":"3.3125","field2":"1.1875"},{"created_at":"2020-04-03T21:04:06-07:00","entry_id":80338,"field1":"3.3125","field2":"1.0625"},{"created_at":"2020-04-03T21:13:43-07:00","entry_id":80339,"field1":"3.3125","field2":"0.9375"},{"created_at":"2020-04-03T21:23:20-07:00","entry_id":80340,"field1":"3.3125","field2":"0.75"},{"created_at":"2020-04-03T21:32:56-07:00","entry_id":80341,"field1":"3.25","field2":"0.4375"},{"created_at":"2020-04-03T21:42:34-07:00","entry_id":80342,"field1":"3.25","field2":"0.875"},{"created_at":"2020-04-03T21:52:10-07:00","entry_id":80343,"field1":"3.25","field2":"0.375"},{"created_at":"2020-04-03T22:01:47-07:00","entry_id":80344,"field1":"3.25","field2":"0.375"},{"created_at":"2020-04-03T22:11:25-07:00","entry_id":80345,"field1":"3.25","field2":"0.1875"},{"created_at":"2020-04-03T22:21:01-07:00","entry_id":80346,"field1":"3.25","field2":"-0.0625"},{"created_at":"2020-04-03T22:30:38-07:00","entry_id":80347,"field1":"3.25","field2":"0"},{"created_at":"2020-04-03T22:40:15-07:00","entry_id":80348,"field1":"3.1875","field2":"0.125"},{"created_at":"2020-04-03T22:49:52-07:00","entry_id":80349,"field1":"3.1875","field2":"0.0625"},{"created_at":"2020-04-03T22:59:33-07:00","entry_id":80350,"field1":"3.1875","field2":"-0.1875"},{"created_at":"2020-04-03T23:09:09-07:00","entry_id":80351,"field1":"3.1875","field2":"-0.4375"},{"created_at":"2020-04-03T23:18:46-07:00","entry_id":80352,"field1":"3.125","field2":"-0.625"},{"created_at":"2020-04-03T23:28:23-07:00","entry_id":80353,"field1":"3.125","field2":"-0.875"},{"created_at":"2020-04-03T23:37:59-07:00","entry_id":80354,"field1":"3.0625","field2":"-1"},{"created_at":"2020-04-03T23:47:37-07:00","entry_id":80355,"field1":"3.0625","field2":"-1.125"},{"created_at":"2020-04-03T23:57:14-07:00","entry_id":80356,"field1":"3.0625","field2":"-0.9375"}]}