{"channel":{"id":581842,"name":"Upstairs Small Window Indoor / Outdoor Sensor","latitude":"0.0","longitude":"0.0","field1":"Indoor Temperature","field2":"Outdoor Temperature","created_at":"2018-09-23T15:37:52-07:00","updated_at":"2020-07-27T05:59:41-07:00","last_entry_id":150129},"feeds":[{"created_at":"2021-02-24T00:05:17-08:00","entry_id":126316,"field1":"2.9375","field2":"-1.1875"},{"created_at":"2021-02-24T00:14:54-08:00","entry_id":126317,"field1":"2.875","field2":"-1.4375"},{"created_at":"2021-02-24T00:24:31-08:00","entry_id":126318,"field1":"2.875","field2":"-1.4375"},{"created_at":"2021-02-24T00:34:08-08:00","entry_id":126319,"field1":"2.8125","field2":"-1.3125"},{"created_at":"2021-02-24T00:43:43-08:00","entry_id":126320,"field1":"2.8125","field2":"-1.3125"},{"created_at":"2021-02-24T00:53:21-08:00","entry_id":126321,"field1":"2.8125","field2":"-1.3125"},{"created_at":"2021-02-24T01:02:56-08:00","entry_id":126322,"field1":"2.75","field2":"-1.3125"},{"created_at":"2021-02-24T01:12:34-08:00","entry_id":126323,"field1":"2.75","field2":"-1.3125"},{"created_at":"2021-02-24T01:22:09-08:00","entry_id":126324,"field1":"2.6875","field2":"-1.25"},{"created_at":"2021-02-24T01:31:47-08:00","entry_id":126325,"field1":"2.6875","field2":"-1.1875"},{"created_at":"2021-02-24T01:41:24-08:00","entry_id":126326,"field1":"2.6875","field2":"-1.125"},{"created_at":"2021-02-24T01:51:01-08:00","entry_id":126327,"field1":"2.6875","field2":"-1.25"},{"created_at":"2021-02-24T02:00:37-08:00","entry_id":126328,"field1":"2.625","field2":"-1.25"},{"created_at":"2021-02-24T02:10:12-08:00","entry_id":126329,"field1":"2.625","field2":"-1.375"},{"created_at":"2021-02-24T02:19:50-08:00","entry_id":126330,"field1":"2.625","field2":"-1.375"},{"created_at":"2021-02-24T02:29:27-08:00","entry_id":126331,"field1":"2.625","field2":"-1.5"},{"created_at":"2021-02-24T02:39:05-08:00","entry_id":126332,"field1":"2.5625","field2":"-1.5"},{"created_at":"2021-02-24T02:48:40-08:00","entry_id":126333,"field1":"2.5625","field2":"-1.375"},{"created_at":"2021-02-24T02:58:17-08:00","entry_id":126334,"field1":"2.5","field2":"-1.5625"},{"created_at":"2021-02-24T03:07:54-08:00","entry_id":126335,"field1":"2.5","field2":"-1.6875"},{"created_at":"2021-02-24T03:17:31-08:00","entry_id":126336,"field1":"2.5","field2":"-1.9375"},{"created_at":"2021-02-24T03:27:07-08:00","entry_id":126337,"field1":"2.4375","field2":"-1.9375"},{"created_at":"2021-02-24T03:36:45-08:00","entry_id":126338,"field1":"2.4375","field2":"-1.9375"},{"created_at":"2021-02-24T03:46:22-08:00","entry_id":126339,"field1":"2.4375","field2":"-2.0625"},{"created_at":"2021-02-24T03:55:59-08:00","entry_id":126340,"field1":"2.375","field2":"-2.25"},{"created_at":"2021-02-24T04:05:34-08:00","entry_id":126341,"field1":"2.375","field2":"-2.25"},{"created_at":"2021-02-24T04:15:10-08:00","entry_id":126342,"field1":"2.3125","field2":"-2.125"},{"created_at":"2021-02-24T04:24:48-08:00","entry_id":126343,"field1":"2.3125","field2":"-2.25"},{"created_at":"2021-02-24T04:34:25-08:00","entry_id":126344,"field1":"2.3125","field2":"-2.25"},{"created_at":"2021-02-24T04:44:00-08:00","entry_id":126345,"field1":"2.25","field2":"-2.3125"},{"created_at":"2021-02-24T04:53:38-08:00","entry_id":126346,"field1":"2.25","field2":"-2.375"},{"created_at":"2021-02-24T05:03:15-08:00","entry_id":126347,"field1":"2.25","field2":"-2.4375"},{"created_at":"2021-02-24T05:12:50-08:00","entry_id":126348,"field1":"2.1875","field2":"-2.5"},{"created_at":"2021-02-24T05:22:28-08:00","entry_id":126349,"field1":"2.1875","field2":"-2.5625"},{"created_at":"2021-02-24T05:32:04-08:00","entry_id":126350,"field1":"2.125","field2":"-2.625"},{"created_at":"2021-02-24T05:41:41-08:00","entry_id":126351,"field1":"2.125","field2":"-2.75"},{"created_at":"2021-02-24T05:51:16-08:00","entry_id":126352,"field1":"2.0625","field2":"-2.75"},{"created_at":"2021-02-24T06:00:53-08:00","entry_id":126353,"field1":"2.0625","field2":"-2.5"},{"created_at":"2021-02-24T06:10:31-08:00","entry_id":126354,"field1":"2.0625","field2":"-2.6875"},{"created_at":"2021-02-24T06:20:07-08:00","entry_id":126355,"field1":"2","field2":"-2.625"},{"created_at":"2021-02-24T06:29:44-08:00","entry_id":126356,"field1":"2","field2":"-2.75"},{"created_at":"2021-02-24T06:39:20-08:00","entry_id":126357,"field1":"1.9375","field2":"-2.8125"},{"created_at":"2021-02-24T06:48:57-08:00","entry_id":126358,"field1":"1.9375","field2":"-2.625"},{"created_at":"2021-02-24T06:58:34-08:00","entry_id":126359,"field1":"1.9375","field2":"-2.625"},{"created_at":"2021-02-24T07:08:11-08:00","entry_id":126360,"field1":"1.875","field2":"-2.75"},{"created_at":"2021-02-24T07:17:46-08:00","entry_id":126361,"field1":"1.875","field2":"-2.8125"},{"created_at":"2021-02-24T07:27:24-08:00","entry_id":126362,"field1":"1.8125","field2":"-2.5"},{"created_at":"2021-02-24T07:37:01-08:00","entry_id":126363,"field1":"1.8125","field2":"-2.5"},{"created_at":"2021-02-24T07:46:37-08:00","entry_id":126364,"field1":"1.75","field2":"-2.4375"},{"created_at":"2021-02-24T07:56:15-08:00","entry_id":126365,"field1":"1.75","field2":"-2.4375"},{"created_at":"2021-02-24T08:05:52-08:00","entry_id":126366,"field1":"1.6875","field2":"-2.6875"},{"created_at":"2021-02-24T08:15:28-08:00","entry_id":126367,"field1":"1.6875","field2":"-2.625"},{"created_at":"2021-02-24T08:25:06-08:00","entry_id":126368,"field1":"1.9375","field2":"-0.6875"},{"created_at":"2021-02-24T08:34:43-08:00","entry_id":126369,"field1":"2.0625","field2":"-0.25"},{"created_at":"2021-02-24T08:44:18-08:00","entry_id":126370,"field1":"2.125","field2":"-0.375"},{"created_at":"2021-02-24T08:53:56-08:00","entry_id":126371,"field1":"2.3125","field2":"-0.5625"},{"created_at":"2021-02-24T09:03:33-08:00","entry_id":126372,"field1":"2.625","field2":"-0.4375"},{"created_at":"2021-02-24T09:13:08-08:00","entry_id":126373,"field1":"2.9375","field2":"-0.5"},{"created_at":"2021-02-24T09:22:46-08:00","entry_id":126374,"field1":"3.25","field2":"0.4375"},{"created_at":"2021-02-24T09:32:22-08:00","entry_id":126375,"field1":"3.4375","field2":"0.5"},{"created_at":"2021-02-24T09:41:59-08:00","entry_id":126376,"field1":"3.5","field2":"1.9375"},{"created_at":"2021-02-24T09:51:37-08:00","entry_id":126377,"field1":"3.375","field2":"6.875"},{"created_at":"2021-02-24T10:01:13-08:00","entry_id":126378,"field1":"3.125","field2":"7.0625"},{"created_at":"2021-02-24T10:10:48-08:00","entry_id":126379,"field1":"3.0625","field2":"6.0625"},{"created_at":"2021-02-24T10:20:26-08:00","entry_id":126380,"field1":"3.375","field2":"2.1875"},{"created_at":"2021-02-24T10:30:03-08:00","entry_id":126381,"field1":"3.5","field2":"0.9375"},{"created_at":"2021-02-24T10:39:40-08:00","entry_id":126382,"field1":"3.6875","field2":"0.875"},{"created_at":"2021-02-24T10:49:17-08:00","entry_id":126383,"field1":"3.875","field2":"0.875"},{"created_at":"2021-02-24T10:58:53-08:00","entry_id":126384,"field1":"4.1875","field2":"1"},{"created_at":"2021-02-24T11:08:30-08:00","entry_id":126385,"field1":"4.25","field2":"1.125"},{"created_at":"2021-02-24T11:18:08-08:00","entry_id":126386,"field1":"4.1875","field2":"1.1875"},{"created_at":"2021-02-24T11:27:45-08:00","entry_id":126387,"field1":"3.875","field2":"1.25"},{"created_at":"2021-02-24T11:37:21-08:00","entry_id":126388,"field1":"3.625","field2":"1.125"},{"created_at":"2021-02-24T11:46:58-08:00","entry_id":126389,"field1":"3.5","field2":"1.3125"},{"created_at":"2021-02-24T11:56:35-08:00","entry_id":126390,"field1":"3.5","field2":"1.5"},{"created_at":"2021-02-24T12:06:12-08:00","entry_id":126391,"field1":"3.6875","field2":"1.6875"},{"created_at":"2021-02-24T12:15:49-08:00","entry_id":126392,"field1":"3.8125","field2":"1.625"},{"created_at":"2021-02-24T12:25:24-08:00","entry_id":126393,"field1":"3.8125","field2":"1.625"},{"created_at":"2021-02-24T12:35:02-08:00","entry_id":126394,"field1":"3.9375","field2":"1.5625"},{"created_at":"2021-02-24T12:44:38-08:00","entry_id":126395,"field1":"3.875","field2":"1.6875"},{"created_at":"2021-02-24T12:54:14-08:00","entry_id":126396,"field1":"3.9375","field2":"1.875"},{"created_at":"2021-02-24T13:03:52-08:00","entry_id":126397,"field1":"3.8125","field2":"1.9375"},{"created_at":"2021-02-24T13:13:28-08:00","entry_id":126398,"field1":"3.75","field2":"2"},{"created_at":"2021-02-24T13:23:06-08:00","entry_id":126399,"field1":"3.8125","field2":"2"},{"created_at":"2021-02-24T13:32:41-08:00","entry_id":126400,"field1":"3.8125","field2":"2.1875"},{"created_at":"2021-02-24T13:42:19-08:00","entry_id":126401,"field1":"3.75","field2":"2.0625"},{"created_at":"2021-02-24T13:51:55-08:00","entry_id":126402,"field1":"3.75","field2":"2.25"},{"created_at":"2021-02-24T14:01:33-08:00","entry_id":126403,"field1":"3.6875","field2":"2.1875"},{"created_at":"2021-02-24T14:11:09-08:00","entry_id":126404,"field1":"3.6875","field2":"2.1875"},{"created_at":"2021-02-24T14:20:46-08:00","entry_id":126405,"field1":"3.625","field2":"2.0625"},{"created_at":"2021-02-24T14:30:23-08:00","entry_id":126406,"field1":"3.625","field2":"2.0625"},{"created_at":"2021-02-24T14:40:00-08:00","entry_id":126407,"field1":"3.625","field2":"1.9375"},{"created_at":"2021-02-24T14:49:37-08:00","entry_id":126408,"field1":"3.5625","field2":"1.8125"},{"created_at":"2021-02-24T14:59:14-08:00","entry_id":126409,"field1":"3.5625","field2":"1.6875"},{"created_at":"2021-02-24T15:08:51-08:00","entry_id":126410,"field1":"3.5625","field2":"1.6875"},{"created_at":"2021-02-24T15:18:29-08:00","entry_id":126411,"field1":"3.5625","field2":"1.6875"},{"created_at":"2021-02-24T15:28:06-08:00","entry_id":126412,"field1":"3.5625","field2":"1.6875"},{"created_at":"2021-02-24T15:37:42-08:00","entry_id":126413,"field1":"3.5","field2":"1.6875"},{"created_at":"2021-02-24T15:47:19-08:00","entry_id":126414,"field1":"3.5","field2":"1.5625"},{"created_at":"2021-02-24T15:56:56-08:00","entry_id":126415,"field1":"3.5","field2":"1.5625"},{"created_at":"2021-02-24T16:06:32-08:00","entry_id":126416,"field1":"3.4375","field2":"1.5"},{"created_at":"2021-02-24T16:16:10-08:00","entry_id":126417,"field1":"3.4375","field2":"1.5"},{"created_at":"2021-02-24T16:25:45-08:00","entry_id":126418,"field1":"3.4375","field2":"1.4375"},{"created_at":"2021-02-24T16:35:22-08:00","entry_id":126419,"field1":"3.375","field2":"1.4375"},{"created_at":"2021-02-24T16:44:58-08:00","entry_id":126420,"field1":"3.375","field2":"1.3125"},{"created_at":"2021-02-24T16:54:36-08:00","entry_id":126421,"field1":"3.375","field2":"1.1875"},{"created_at":"2021-02-24T17:04:13-08:00","entry_id":126422,"field1":"3.3125","field2":"1.0625"},{"created_at":"2021-02-24T17:13:49-08:00","entry_id":126423,"field1":"3.3125","field2":"1"},{"created_at":"2021-02-24T17:23:26-08:00","entry_id":126424,"field1":"3.25","field2":"0.875"},{"created_at":"2021-02-24T17:33:04-08:00","entry_id":126425,"field1":"3.25","field2":"0.8125"},{"created_at":"2021-02-24T17:42:39-08:00","entry_id":126426,"field1":"3.1875","field2":"0.6875"},{"created_at":"2021-02-24T17:52:17-08:00","entry_id":126427,"field1":"3.1875","field2":"0.5"},{"created_at":"2021-02-24T18:01:54-08:00","entry_id":126428,"field1":"3.125","field2":"0.4375"},{"created_at":"2021-02-24T18:11:29-08:00","entry_id":126429,"field1":"3.125","field2":"0.3125"},{"created_at":"2021-02-24T18:21:07-08:00","entry_id":126430,"field1":"3.125","field2":"0.3125"},{"created_at":"2021-02-24T18:30:44-08:00","entry_id":126431,"field1":"3.0625","field2":"0.1875"},{"created_at":"2021-02-24T18:40:19-08:00","entry_id":126432,"field1":"3.0625","field2":"0"},{"created_at":"2021-02-24T18:49:56-08:00","entry_id":126433,"field1":"3.0625","field2":"0"},{"created_at":"2021-02-24T18:59:32-08:00","entry_id":126434,"field1":"3","field2":"0"},{"created_at":"2021-02-24T19:09:09-08:00","entry_id":126435,"field1":"3","field2":"-0.0625"},{"created_at":"2021-02-24T19:18:46-08:00","entry_id":126436,"field1":"2.9375","field2":"-0.125"},{"created_at":"2021-02-24T19:28:21-08:00","entry_id":126437,"field1":"2.9375","field2":"-0.1875"},{"created_at":"2021-02-24T19:37:58-08:00","entry_id":126438,"field1":"2.9375","field2":"-0.3125"},{"created_at":"2021-02-24T19:47:34-08:00","entry_id":126439,"field1":"2.875","field2":"-0.3125"},{"created_at":"2021-02-24T19:57:10-08:00","entry_id":126440,"field1":"2.875","field2":"-0.4375"},{"created_at":"2021-02-24T20:06:48-08:00","entry_id":126441,"field1":"2.875","field2":"-0.5"},{"created_at":"2021-02-24T20:16:24-08:00","entry_id":126442,"field1":"2.8125","field2":"-0.4375"},{"created_at":"2021-02-24T20:26:01-08:00","entry_id":126443,"field1":"2.8125","field2":"-0.5"},{"created_at":"2021-02-24T20:35:38-08:00","entry_id":126444,"field1":"2.8125","field2":"-0.5"},{"created_at":"2021-02-24T20:45:16-08:00","entry_id":126445,"field1":"2.75","field2":"-0.5"},{"created_at":"2021-02-24T20:54:52-08:00","entry_id":126446,"field1":"2.75","field2":"-0.5625"},{"created_at":"2021-02-24T21:04:28-08:00","entry_id":126447,"field1":"2.6875","field2":"-0.625"},{"created_at":"2021-02-24T21:14:06-08:00","entry_id":126448,"field1":"2.6875","field2":"-0.6875"},{"created_at":"2021-02-24T21:23:43-08:00","entry_id":126449,"field1":"2.6875","field2":"-0.75"},{"created_at":"2021-02-24T21:33:18-08:00","entry_id":126450,"field1":"2.625","field2":"-0.75"},{"created_at":"2021-02-24T21:42:56-08:00","entry_id":126451,"field1":"2.625","field2":"-0.8125"},{"created_at":"2021-02-24T21:52:33-08:00","entry_id":126452,"field1":"2.5625","field2":"-0.875"},{"created_at":"2021-02-24T22:02:10-08:00","entry_id":126453,"field1":"2.5625","field2":"-0.875"},{"created_at":"2021-02-24T22:11:46-08:00","entry_id":126454,"field1":"2.5625","field2":"-0.8125"},{"created_at":"2021-02-24T22:21:23-08:00","entry_id":126455,"field1":"2.5","field2":"-0.8125"},{"created_at":"2021-02-24T22:30:59-08:00","entry_id":126456,"field1":"2.5","field2":"-0.75"},{"created_at":"2021-02-24T22:40:36-08:00","entry_id":126457,"field1":"2.5","field2":"-0.75"},{"created_at":"2021-02-24T22:50:12-08:00","entry_id":126458,"field1":"2.4375","field2":"-0.6875"},{"created_at":"2021-02-24T22:59:50-08:00","entry_id":126459,"field1":"2.4375","field2":"-0.625"},{"created_at":"2021-02-24T23:09:26-08:00","entry_id":126460,"field1":"2.4375","field2":"-0.625"},{"created_at":"2021-02-24T23:19:03-08:00","entry_id":126461,"field1":"2.375","field2":"-0.625"},{"created_at":"2021-02-24T23:28:40-08:00","entry_id":126462,"field1":"2.375","field2":"-0.6875"},{"created_at":"2021-02-24T23:38:16-08:00","entry_id":126463,"field1":"2.3125","field2":"-0.625"},{"created_at":"2021-02-24T23:47:52-08:00","entry_id":126464,"field1":"2.3125","field2":"-0.6875"},{"created_at":"2021-02-24T23:57:28-08:00","entry_id":126465,"field1":"2.3125","field2":"-0.625"}]}