{"channel":{"id":581842,"name":"Upstairs Small Window Indoor / Outdoor Sensor","latitude":"0.0","longitude":"0.0","field1":"Indoor Temperature","field2":"Outdoor Temperature","created_at":"2018-09-23T15:37:52-07:00","updated_at":"2020-07-27T05:59:41-07:00","last_entry_id":150129},"feeds":[{"created_at":"2021-01-19T00:08:01-08:00","entry_id":120922,"field1":"1.3125","field2":"-0.9375"},{"created_at":"2021-01-19T00:17:39-08:00","entry_id":120923,"field1":"1.3125","field2":"-1.0625"},{"created_at":"2021-01-19T00:27:16-08:00","entry_id":120924,"field1":"1.3125","field2":"-0.9375"},{"created_at":"2021-01-19T00:36:53-08:00","entry_id":120925,"field1":"1.3125","field2":"-1"},{"created_at":"2021-01-19T00:46:30-08:00","entry_id":120926,"field1":"1.25","field2":"-1.0625"},{"created_at":"2021-01-19T00:56:06-08:00","entry_id":120927,"field1":"1.25","field2":"-1.125"},{"created_at":"2021-01-19T01:05:43-08:00","entry_id":120928,"field1":"1.25","field2":"-1.3125"},{"created_at":"2021-01-19T01:15:20-08:00","entry_id":120929,"field1":"1.25","field2":"-1.1875"},{"created_at":"2021-01-19T01:24:57-08:00","entry_id":120930,"field1":"1.25","field2":"-1.25"},{"created_at":"2021-01-19T01:34:32-08:00","entry_id":120931,"field1":"1.25","field2":"-1.5"},{"created_at":"2021-01-19T01:44:10-08:00","entry_id":120932,"field1":"1.25","field2":"-1.375"},{"created_at":"2021-01-19T01:53:47-08:00","entry_id":120933,"field1":"1.25","field2":"-1.4375"},{"created_at":"2021-01-19T02:03:24-08:00","entry_id":120934,"field1":"1.25","field2":"-1.5"},{"created_at":"2021-01-19T02:13:01-08:00","entry_id":120935,"field1":"1.25","field2":"-1.3125"},{"created_at":"2021-01-19T02:22:38-08:00","entry_id":120936,"field1":"1.25","field2":"-1.375"},{"created_at":"2021-01-19T02:32:14-08:00","entry_id":120937,"field1":"1.25","field2":"-1.625"},{"created_at":"2021-01-19T02:41:50-08:00","entry_id":120938,"field1":"1.25","field2":"-1.5"},{"created_at":"2021-01-19T02:51:27-08:00","entry_id":120939,"field1":"1.25","field2":"-1.5"},{"created_at":"2021-01-19T03:01:04-08:00","entry_id":120940,"field1":"1.1875","field2":"-1.625"},{"created_at":"2021-01-19T03:10:39-08:00","entry_id":120941,"field1":"1.1875","field2":"-1.5"},{"created_at":"2021-01-19T03:20:15-08:00","entry_id":120942,"field1":"1.1875","field2":"-1.5625"},{"created_at":"2021-01-19T03:29:51-08:00","entry_id":120943,"field1":"1.1875","field2":"-1.4375"},{"created_at":"2021-01-19T03:39:28-08:00","entry_id":120944,"field1":"1.1875","field2":"-1.5625"},{"created_at":"2021-01-19T03:49:05-08:00","entry_id":120945,"field1":"1.1875","field2":"-1.6875"},{"created_at":"2021-01-19T03:58:42-08:00","entry_id":120946,"field1":"1.1875","field2":"-1.5625"},{"created_at":"2021-01-19T04:08:19-08:00","entry_id":120947,"field1":"1.125","field2":"-1.5625"},{"created_at":"2021-01-19T04:17:54-08:00","entry_id":120948,"field1":"1.125","field2":"-1.4375"},{"created_at":"2021-01-19T04:27:32-08:00","entry_id":120949,"field1":"1.125","field2":"-1.5625"},{"created_at":"2021-01-19T04:37:09-08:00","entry_id":120950,"field1":"1.125","field2":"-1.625"},{"created_at":"2021-01-19T04:46:46-08:00","entry_id":120951,"field1":"1.125","field2":"-1.4375"},{"created_at":"2021-01-19T04:56:20-08:00","entry_id":120952,"field1":"1.125","field2":"-1.6875"},{"created_at":"2021-01-19T05:05:56-08:00","entry_id":120953,"field1":"1.125","field2":"-1.6875"},{"created_at":"2021-01-19T05:15:34-08:00","entry_id":120954,"field1":"1.125","field2":"-1.625"},{"created_at":"2021-01-19T05:25:09-08:00","entry_id":120955,"field1":"1.0625","field2":"-1.625"},{"created_at":"2021-01-19T05:34:47-08:00","entry_id":120956,"field1":"1.0625","field2":"-1.4375"},{"created_at":"2021-01-19T05:44:24-08:00","entry_id":120957,"field1":"1.0625","field2":"-1.375"},{"created_at":"2021-01-19T05:54:01-08:00","entry_id":120958,"field1":"1.0625","field2":"-1.3125"},{"created_at":"2021-01-19T06:03:37-08:00","entry_id":120959,"field1":"1.0625","field2":"-1.25"},{"created_at":"2021-01-19T06:13:14-08:00","entry_id":120960,"field1":"0.875","field2":"-1.125"},{"created_at":"2021-01-19T06:22:50-08:00","entry_id":120961,"field1":"0.8125","field2":"-1.125"},{"created_at":"2021-01-19T06:32:27-08:00","entry_id":120962,"field1":"0.875","field2":"-1.0625"},{"created_at":"2021-01-19T06:42:03-08:00","entry_id":120963,"field1":"0.9375","field2":"-1.125"},{"created_at":"2021-01-19T06:51:40-08:00","entry_id":120964,"field1":"1","field2":"-1.1875"},{"created_at":"2021-01-19T07:01:17-08:00","entry_id":120965,"field1":"0.875","field2":"-1.1875"},{"created_at":"2021-01-19T07:10:53-08:00","entry_id":120966,"field1":"0.9375","field2":"-1.25"},{"created_at":"2021-01-19T07:20:28-08:00","entry_id":120967,"field1":"0.9375","field2":"-1.25"},{"created_at":"2021-01-19T07:30:04-08:00","entry_id":120968,"field1":"1","field2":"-1.1875"},{"created_at":"2021-01-19T07:39:42-08:00","entry_id":120969,"field1":"1","field2":"-1.25"},{"created_at":"2021-01-19T07:49:18-08:00","entry_id":120970,"field1":"1","field2":"-1.1875"},{"created_at":"2021-01-19T07:58:53-08:00","entry_id":120971,"field1":"0.875","field2":"-1.1875"},{"created_at":"2021-01-19T08:08:29-08:00","entry_id":120972,"field1":"0.9375","field2":"-1.375"},{"created_at":"2021-01-19T08:18:06-08:00","entry_id":120973,"field1":"0.9375","field2":"-1.5"},{"created_at":"2021-01-19T08:27:42-08:00","entry_id":120974,"field1":"0.9375","field2":"-1.5"},{"created_at":"2021-01-19T08:37:19-08:00","entry_id":120975,"field1":"0.9375","field2":"-1.3125"},{"created_at":"2021-01-19T08:46:56-08:00","entry_id":120976,"field1":"0.9375","field2":"-1.3125"},{"created_at":"2021-01-19T08:56:33-08:00","entry_id":120977,"field1":"0.9375","field2":"-1.375"},{"created_at":"2021-01-19T09:06:09-08:00","entry_id":120978,"field1":"0.9375","field2":"-1.25"},{"created_at":"2021-01-19T09:15:46-08:00","entry_id":120979,"field1":"0.9375","field2":"-1.125"},{"created_at":"2021-01-19T09:25:22-08:00","entry_id":120980,"field1":"0.9375","field2":"-1.125"},{"created_at":"2021-01-19T09:34:58-08:00","entry_id":120981,"field1":"0.875","field2":"-0.875"},{"created_at":"2021-01-19T09:44:34-08:00","entry_id":120982,"field1":"0.625","field2":"-0.75"},{"created_at":"2021-01-19T09:54:09-08:00","entry_id":120983,"field1":"0.75","field2":"-0.25"},{"created_at":"2021-01-19T10:03:45-08:00","entry_id":120984,"field1":"0.75","field2":"-0.625"},{"created_at":"2021-01-19T10:13:22-08:00","entry_id":120985,"field1":"0.6875","field2":"-0.75"},{"created_at":"2021-01-19T10:32:34-08:00","entry_id":120986,"field1":"0.875","field2":"-0.75"},{"created_at":"2021-01-19T10:42:11-08:00","entry_id":120987,"field1":"0.8125","field2":"-0.75"},{"created_at":"2021-01-19T10:51:47-08:00","entry_id":120988,"field1":"0.875","field2":"-0.6875"},{"created_at":"2021-01-19T11:01:24-08:00","entry_id":120989,"field1":"0.9375","field2":"-0.75"},{"created_at":"2021-01-19T11:11:01-08:00","entry_id":120990,"field1":"0.875","field2":"-0.6875"},{"created_at":"2021-01-19T11:20:38-08:00","entry_id":120991,"field1":"0.875","field2":"-0.8125"},{"created_at":"2021-01-19T11:30:15-08:00","entry_id":120992,"field1":"0.8125","field2":"-0.6875"},{"created_at":"2021-01-19T11:39:51-08:00","entry_id":120993,"field1":"0.875","field2":"-0.5625"},{"created_at":"2021-01-19T11:49:28-08:00","entry_id":120994,"field1":"1","field2":"-0.625"},{"created_at":"2021-01-19T11:59:04-08:00","entry_id":120995,"field1":"1.0625","field2":"-0.4375"},{"created_at":"2021-01-19T12:08:42-08:00","entry_id":120996,"field1":"1.0625","field2":"-0.6875"},{"created_at":"2021-01-19T12:18:17-08:00","entry_id":120997,"field1":"1.0625","field2":"-0.6875"},{"created_at":"2021-01-19T12:27:54-08:00","entry_id":120998,"field1":"1.0625","field2":"-0.6875"},{"created_at":"2021-01-19T12:37:31-08:00","entry_id":120999,"field1":"1.125","field2":"-0.5625"},{"created_at":"2021-01-19T12:47:08-08:00","entry_id":121000,"field1":"1.0625","field2":"-0.625"},{"created_at":"2021-01-19T12:56:45-08:00","entry_id":121001,"field1":"1.0625","field2":"-0.6875"},{"created_at":"2021-01-19T13:06:21-08:00","entry_id":121002,"field1":"1.0625","field2":"-0.625"},{"created_at":"2021-01-19T13:15:57-08:00","entry_id":121003,"field1":"1.0625","field2":"-0.75"},{"created_at":"2021-01-19T13:25:35-08:00","entry_id":121004,"field1":"1.0625","field2":"-0.625"},{"created_at":"2021-01-19T13:35:12-08:00","entry_id":121005,"field1":"1.0625","field2":"-0.5625"},{"created_at":"2021-01-19T13:44:49-08:00","entry_id":121006,"field1":"1.0625","field2":"-0.625"},{"created_at":"2021-01-19T13:54:25-08:00","entry_id":121007,"field1":"1.0625","field2":"-0.6875"},{"created_at":"2021-01-19T14:04:02-08:00","entry_id":121008,"field1":"1.0625","field2":"-0.5625"},{"created_at":"2021-01-19T14:13:36-08:00","entry_id":121009,"field1":"1.0625","field2":"-0.625"},{"created_at":"2021-01-19T14:23:14-08:00","entry_id":121010,"field1":"1.0625","field2":"-0.5625"},{"created_at":"2021-01-19T14:32:50-08:00","entry_id":121011,"field1":"1.0625","field2":"-0.5625"},{"created_at":"2021-01-19T14:42:28-08:00","entry_id":121012,"field1":"1.0625","field2":"-0.5"},{"created_at":"2021-01-19T14:52:04-08:00","entry_id":121013,"field1":"1.0625","field2":"-0.5"},{"created_at":"2021-01-19T15:01:41-08:00","entry_id":121014,"field1":"1.0625","field2":"-0.4375"},{"created_at":"2021-01-19T15:11:17-08:00","entry_id":121015,"field1":"1.0625","field2":"-0.4375"},{"created_at":"2021-01-19T15:20:54-08:00","entry_id":121016,"field1":"1","field2":"-0.5625"},{"created_at":"2021-01-19T15:30:31-08:00","entry_id":121017,"field1":"1","field2":"-0.625"},{"created_at":"2021-01-19T15:40:07-08:00","entry_id":121018,"field1":"1","field2":"-0.5"},{"created_at":"2021-01-19T15:49:45-08:00","entry_id":121019,"field1":"1","field2":"-0.625"},{"created_at":"2021-01-19T15:59:21-08:00","entry_id":121020,"field1":"1","field2":"-0.6875"},{"created_at":"2021-01-19T16:08:58-08:00","entry_id":121021,"field1":"1","field2":"-0.75"},{"created_at":"2021-01-19T16:18:35-08:00","entry_id":121022,"field1":"1","field2":"-0.6875"},{"created_at":"2021-01-19T16:28:10-08:00","entry_id":121023,"field1":"1","field2":"-0.6875"},{"created_at":"2021-01-19T16:37:46-08:00","entry_id":121024,"field1":"1","field2":"-0.75"},{"created_at":"2021-01-19T16:47:23-08:00","entry_id":121025,"field1":"1","field2":"-0.6875"},{"created_at":"2021-01-19T16:56:58-08:00","entry_id":121026,"field1":"1","field2":"-0.8125"},{"created_at":"2021-01-19T17:06:34-08:00","entry_id":121027,"field1":"1","field2":"-0.75"},{"created_at":"2021-01-19T17:16:11-08:00","entry_id":121028,"field1":"0.9375","field2":"-0.75"},{"created_at":"2021-01-19T17:25:47-08:00","entry_id":121029,"field1":"0.9375","field2":"-0.75"},{"created_at":"2021-01-19T17:35:23-08:00","entry_id":121030,"field1":"0.9375","field2":"-0.6875"},{"created_at":"2021-01-19T17:45:01-08:00","entry_id":121031,"field1":"1","field2":"-0.6875"},{"created_at":"2021-01-19T17:54:38-08:00","entry_id":121032,"field1":"0.9375","field2":"-0.75"},{"created_at":"2021-01-19T18:04:13-08:00","entry_id":121033,"field1":"0.9375","field2":"-0.8125"},{"created_at":"2021-01-19T18:13:51-08:00","entry_id":121034,"field1":"0.9375","field2":"-0.6875"},{"created_at":"2021-01-19T18:23:28-08:00","entry_id":121035,"field1":"0.9375","field2":"-0.75"},{"created_at":"2021-01-19T18:33:03-08:00","entry_id":121036,"field1":"0.9375","field2":"-0.6875"},{"created_at":"2021-01-19T18:42:41-08:00","entry_id":121037,"field1":"0.9375","field2":"-0.6875"},{"created_at":"2021-01-19T18:52:16-08:00","entry_id":121038,"field1":"0.9375","field2":"-0.75"},{"created_at":"2021-01-19T19:01:55-08:00","entry_id":121039,"field1":"0.9375","field2":"-0.6875"},{"created_at":"2021-01-19T19:11:29-08:00","entry_id":121040,"field1":"0.9375","field2":"-0.75"},{"created_at":"2021-01-19T19:21:07-08:00","entry_id":121041,"field1":"0.9375","field2":"-0.6875"},{"created_at":"2021-01-19T19:30:43-08:00","entry_id":121042,"field1":"0.9375","field2":"-0.625"},{"created_at":"2021-01-19T19:40:19-08:00","entry_id":121043,"field1":"0.875","field2":"-0.75"},{"created_at":"2021-01-19T19:49:56-08:00","entry_id":121044,"field1":"0.875","field2":"-0.8125"},{"created_at":"2021-01-19T19:59:31-08:00","entry_id":121045,"field1":"0.8125","field2":"-0.625"},{"created_at":"2021-01-19T20:09:09-08:00","entry_id":121046,"field1":"0.875","field2":"-0.875"},{"created_at":"2021-01-19T20:18:46-08:00","entry_id":121047,"field1":"0.875","field2":"-1"},{"created_at":"2021-01-19T20:28:22-08:00","entry_id":121048,"field1":"0.875","field2":"-1.1875"},{"created_at":"2021-01-19T20:37:57-08:00","entry_id":121049,"field1":"0.875","field2":"-1.3125"},{"created_at":"2021-01-19T20:47:33-08:00","entry_id":121050,"field1":"0.875","field2":"-1.375"},{"created_at":"2021-01-19T20:57:11-08:00","entry_id":121051,"field1":"0.875","field2":"-1.5"},{"created_at":"2021-01-19T21:06:48-08:00","entry_id":121052,"field1":"0.875","field2":"-1.375"},{"created_at":"2021-01-19T21:16:23-08:00","entry_id":121053,"field1":"0.8125","field2":"-1.25"},{"created_at":"2021-01-19T21:26:00-08:00","entry_id":121054,"field1":"0.875","field2":"-1.25"},{"created_at":"2021-01-19T21:35:35-08:00","entry_id":121055,"field1":"0.8125","field2":"-1"},{"created_at":"2021-01-19T21:45:13-08:00","entry_id":121056,"field1":"0.8125","field2":"-1"},{"created_at":"2021-01-19T21:54:50-08:00","entry_id":121057,"field1":"0.875","field2":"-0.875"},{"created_at":"2021-01-19T22:04:25-08:00","entry_id":121058,"field1":"0.8125","field2":"-0.8125"},{"created_at":"2021-01-19T22:14:02-08:00","entry_id":121059,"field1":"0.8125","field2":"-0.875"},{"created_at":"2021-01-19T22:23:39-08:00","entry_id":121060,"field1":"0.8125","field2":"-0.9375"},{"created_at":"2021-01-19T22:33:15-08:00","entry_id":121061,"field1":"0.8125","field2":"-1"},{"created_at":"2021-01-19T22:42:51-08:00","entry_id":121062,"field1":"0.8125","field2":"-0.875"},{"created_at":"2021-01-19T22:52:28-08:00","entry_id":121063,"field1":"0.8125","field2":"-1"},{"created_at":"2021-01-19T23:02:05-08:00","entry_id":121064,"field1":"0.8125","field2":"-1.0625"},{"created_at":"2021-01-19T23:11:40-08:00","entry_id":121065,"field1":"0.75","field2":"-1.125"},{"created_at":"2021-01-19T23:21:18-08:00","entry_id":121066,"field1":"0.8125","field2":"-1.25"},{"created_at":"2021-01-19T23:30:54-08:00","entry_id":121067,"field1":"0.75","field2":"-1.375"},{"created_at":"2021-01-19T23:40:31-08:00","entry_id":121068,"field1":"0.75","field2":"-1.3125"},{"created_at":"2021-01-19T23:50:07-08:00","entry_id":121069,"field1":"0.75","field2":"-1.3125"},{"created_at":"2021-01-19T23:59:44-08:00","entry_id":121070,"field1":"0.75","field2":"-1.25"}]}