{"channel":{"id":581842,"name":"Upstairs Small Window Indoor / Outdoor Sensor","latitude":"0.0","longitude":"0.0","field1":"Indoor Temperature","field2":"Outdoor Temperature","created_at":"2018-09-23T15:37:52-07:00","updated_at":"2020-07-27T05:59:41-07:00","last_entry_id":150128},"feeds":[{"created_at":"2019-04-20T00:08:31-07:00","entry_id":28891,"field1":"10.1875","field2":"7.25"},{"created_at":"2019-04-20T00:18:09-07:00","entry_id":28892,"field1":"10.1875","field2":"7.0625"},{"created_at":"2019-04-20T00:27:46-07:00","entry_id":28893,"field1":"10.125","field2":"6.9375"},{"created_at":"2019-04-20T00:37:24-07:00","entry_id":28894,"field1":"10.125","field2":"6.875"},{"created_at":"2019-04-20T00:47:01-07:00","entry_id":28895,"field1":"10.125","field2":"6.625"},{"created_at":"2019-04-20T00:56:39-07:00","entry_id":28896,"field1":"10.125","field2":"6.5625"},{"created_at":"2019-04-20T01:06:16-07:00","entry_id":28897,"field1":"10.0625","field2":"6.3125"},{"created_at":"2019-04-20T01:15:53-07:00","entry_id":28898,"field1":"10.0625","field2":"6.3125"},{"created_at":"2019-04-20T01:25:31-07:00","entry_id":28899,"field1":"10","field2":"6.125"},{"created_at":"2019-04-20T01:35:08-07:00","entry_id":28900,"field1":"10","field2":"6.0625"},{"created_at":"2019-04-20T01:44:46-07:00","entry_id":28901,"field1":"10","field2":"5.625"},{"created_at":"2019-04-20T01:54:24-07:00","entry_id":28902,"field1":"9.9375","field2":"5.5"},{"created_at":"2019-04-20T02:04:03-07:00","entry_id":28903,"field1":"9.9375","field2":"5.5"},{"created_at":"2019-04-20T02:13:39-07:00","entry_id":28904,"field1":"9.875","field2":"5.375"},{"created_at":"2019-04-20T02:23:17-07:00","entry_id":28905,"field1":"9.875","field2":"5.3125"},{"created_at":"2019-04-20T02:32:54-07:00","entry_id":28906,"field1":"9.8125","field2":"5.3125"},{"created_at":"2019-04-20T02:42:32-07:00","entry_id":28907,"field1":"9.8125","field2":"5.125"},{"created_at":"2019-04-20T02:52:09-07:00","entry_id":28908,"field1":"9.8125","field2":"4.8125"},{"created_at":"2019-04-20T03:01:48-07:00","entry_id":28909,"field1":"9.75","field2":"4.875"},{"created_at":"2019-04-20T03:11:25-07:00","entry_id":28910,"field1":"9.75","field2":"4.875"},{"created_at":"2019-04-20T03:21:02-07:00","entry_id":28911,"field1":"9.6875","field2":"4.8125"},{"created_at":"2019-04-20T03:30:39-07:00","entry_id":28912,"field1":"9.6875","field2":"4.75"},{"created_at":"2019-04-20T03:40:17-07:00","entry_id":28913,"field1":"9.625","field2":"4.8125"},{"created_at":"2019-04-20T03:49:54-07:00","entry_id":28914,"field1":"9.625","field2":"4.625"},{"created_at":"2019-04-20T03:59:31-07:00","entry_id":28915,"field1":"9.5625","field2":"4.5"},{"created_at":"2019-04-20T04:09:10-07:00","entry_id":28916,"field1":"9.5625","field2":"4.5"},{"created_at":"2019-04-20T04:18:47-07:00","entry_id":28917,"field1":"9.5","field2":"4.125"},{"created_at":"2019-04-20T04:28:25-07:00","entry_id":28918,"field1":"9.5","field2":"4.375"},{"created_at":"2019-04-20T04:38:02-07:00","entry_id":28919,"field1":"9.5","field2":"4"},{"created_at":"2019-04-20T04:47:39-07:00","entry_id":28920,"field1":"9.4375","field2":"3.875"},{"created_at":"2019-04-20T04:57:17-07:00","entry_id":28921,"field1":"9.375","field2":"4.0625"},{"created_at":"2019-04-20T05:06:54-07:00","entry_id":28922,"field1":"9.375","field2":"3.8125"},{"created_at":"2019-04-20T05:16:32-07:00","entry_id":28923,"field1":"9.3125","field2":"3.5625"},{"created_at":"2019-04-20T05:26:10-07:00","entry_id":28924,"field1":"9.3125","field2":"3.5"},{"created_at":"2019-04-20T05:35:47-07:00","entry_id":28925,"field1":"9.25","field2":"3.875"},{"created_at":"2019-04-20T05:45:24-07:00","entry_id":28926,"field1":"9.25","field2":"3.875"},{"created_at":"2019-04-20T05:55:01-07:00","entry_id":28927,"field1":"9.1875","field2":"3.75"},{"created_at":"2019-04-20T06:04:40-07:00","entry_id":28928,"field1":"9.1875","field2":"3.25"},{"created_at":"2019-04-20T06:14:16-07:00","entry_id":28929,"field1":"9.125","field2":"2.875"},{"created_at":"2019-04-20T06:23:54-07:00","entry_id":28930,"field1":"9.125","field2":"2.75"},{"created_at":"2019-04-20T06:33:31-07:00","entry_id":28931,"field1":"9.125","field2":"2.8125"},{"created_at":"2019-04-20T06:43:08-07:00","entry_id":28932,"field1":"9.0625","field2":"2.6875"},{"created_at":"2019-04-20T06:52:45-07:00","entry_id":28933,"field1":"9.0625","field2":"2.875"},{"created_at":"2019-04-20T07:02:24-07:00","entry_id":28934,"field1":"9","field2":"3.5"},{"created_at":"2019-04-20T07:12:01-07:00","entry_id":28935,"field1":"9.125","field2":"4"},{"created_at":"2019-04-20T07:21:39-07:00","entry_id":28936,"field1":"9.3125","field2":"4.75"},{"created_at":"2019-04-20T07:31:16-07:00","entry_id":28937,"field1":"9.375","field2":"5.1875"},{"created_at":"2019-04-20T07:40:54-07:00","entry_id":28938,"field1":"9.5","field2":"4.75"},{"created_at":"2019-04-20T07:50:32-07:00","entry_id":28939,"field1":"9.75","field2":"5.1875"},{"created_at":"2019-04-20T08:00:10-07:00","entry_id":28940,"field1":"9.9375","field2":"4.875"},{"created_at":"2019-04-20T08:09:48-07:00","entry_id":28941,"field1":"10.25","field2":"5.9375"},{"created_at":"2019-04-20T08:19:26-07:00","entry_id":28942,"field1":"10.5","field2":"7.375"},{"created_at":"2019-04-20T08:29:04-07:00","entry_id":28943,"field1":"10.75","field2":"9.5625"},{"created_at":"2019-04-20T08:38:42-07:00","entry_id":28944,"field1":"10.9375","field2":"10.75"},{"created_at":"2019-04-20T08:48:20-07:00","entry_id":28945,"field1":"11.0625","field2":"11.0625"},{"created_at":"2019-04-20T08:57:59-07:00","entry_id":28946,"field1":"11.25","field2":"11.1875"},{"created_at":"2019-04-20T09:07:36-07:00","entry_id":28947,"field1":"11.5625","field2":"9.125"},{"created_at":"2019-04-20T09:17:15-07:00","entry_id":28948,"field1":"11.875","field2":"9.625"},{"created_at":"2019-04-20T09:26:53-07:00","entry_id":28949,"field1":"12.375","field2":"11"},{"created_at":"2019-04-20T09:36:30-07:00","entry_id":28950,"field1":"12.6875","field2":"7.5625"},{"created_at":"2019-04-20T09:46:09-07:00","entry_id":28951,"field1":"13.25","field2":"8.4375"},{"created_at":"2019-04-20T09:55:47-07:00","entry_id":28952,"field1":"13.375","field2":"6.5625"},{"created_at":"2019-04-20T10:05:24-07:00","entry_id":28953,"field1":"13.5625","field2":"7.625"},{"created_at":"2019-04-20T10:15:02-07:00","entry_id":28954,"field1":"13.875","field2":"9.5"},{"created_at":"2019-04-20T10:24:39-07:00","entry_id":28955,"field1":"13.3125","field2":"6.8125"},{"created_at":"2019-04-20T10:34:16-07:00","entry_id":28956,"field1":"13.4375","field2":"7.6875"},{"created_at":"2019-04-20T10:43:55-07:00","entry_id":28957,"field1":"13.375","field2":"7.5625"},{"created_at":"2019-04-20T10:53:33-07:00","entry_id":28958,"field1":"13.9375","field2":"9"},{"created_at":"2019-04-20T11:03:10-07:00","entry_id":28959,"field1":"13.5625","field2":"8.25"},{"created_at":"2019-04-20T11:12:48-07:00","entry_id":28960,"field1":"13.875","field2":"8.3125"},{"created_at":"2019-04-20T11:22:25-07:00","entry_id":28961,"field1":"13.5","field2":"9"},{"created_at":"2019-04-20T11:32:02-07:00","entry_id":28962,"field1":"13.1875","field2":"9.375"},{"created_at":"2019-04-20T11:41:40-07:00","entry_id":28963,"field1":"13.3125","field2":"8.75"},{"created_at":"2019-04-20T11:51:20-07:00","entry_id":28964,"field1":"13.375","field2":"8.5625"},{"created_at":"2019-04-20T12:00:57-07:00","entry_id":28965,"field1":"13.625","field2":"8.3125"},{"created_at":"2019-04-20T12:10:36-07:00","entry_id":28966,"field1":"13.5625","field2":"9.75"},{"created_at":"2019-04-20T12:20:13-07:00","entry_id":28967,"field1":"13.0625","field2":"10.4375"},{"created_at":"2019-04-20T12:29:51-07:00","entry_id":28968,"field1":"13.1875","field2":"10.3125"},{"created_at":"2019-04-20T12:39:29-07:00","entry_id":28969,"field1":"13.3125","field2":"9.5625"},{"created_at":"2019-04-20T12:49:08-07:00","entry_id":28970,"field1":"13.5625","field2":"9.625"},{"created_at":"2019-04-20T12:58:46-07:00","entry_id":28971,"field1":"13.5625","field2":"9.9375"},{"created_at":"2019-04-20T13:08:23-07:00","entry_id":28972,"field1":"13.5","field2":"10.375"},{"created_at":"2019-04-20T13:18:02-07:00","entry_id":28973,"field1":"13.5","field2":"11.3125"},{"created_at":"2019-04-20T13:27:39-07:00","entry_id":28974,"field1":"13.25","field2":"11"},{"created_at":"2019-04-20T13:37:17-07:00","entry_id":28975,"field1":"13.0625","field2":"10.5625"},{"created_at":"2019-04-20T13:46:55-07:00","entry_id":28976,"field1":"13.375","field2":"10.8125"},{"created_at":"2019-04-20T13:56:35-07:00","entry_id":28977,"field1":"13.375","field2":"11.125"},{"created_at":"2019-04-20T14:06:12-07:00","entry_id":28978,"field1":"13.375","field2":"11"},{"created_at":"2019-04-20T14:15:50-07:00","entry_id":28979,"field1":"13.1875","field2":"11.25"},{"created_at":"2019-04-20T14:25:28-07:00","entry_id":28980,"field1":"13.25","field2":"11.3125"},{"created_at":"2019-04-20T14:35:05-07:00","entry_id":28981,"field1":"13.125","field2":"11.1875"},{"created_at":"2019-04-20T14:44:43-07:00","entry_id":28982,"field1":"13.1875","field2":"11.5"},{"created_at":"2019-04-20T14:54:22-07:00","entry_id":28983,"field1":"13.25","field2":"11.75"},{"created_at":"2019-04-20T15:03:59-07:00","entry_id":28984,"field1":"13.25","field2":"11.75"},{"created_at":"2019-04-20T15:13:37-07:00","entry_id":28985,"field1":"13.125","field2":"11.125"},{"created_at":"2019-04-20T15:23:15-07:00","entry_id":28986,"field1":"13.1875","field2":"11.875"},{"created_at":"2019-04-20T15:32:53-07:00","entry_id":28987,"field1":"13.1875","field2":"12.0625"},{"created_at":"2019-04-20T15:42:30-07:00","entry_id":28988,"field1":"13.1875","field2":"11.6875"},{"created_at":"2019-04-20T15:52:09-07:00","entry_id":28989,"field1":"13.1875","field2":"11.75"},{"created_at":"2019-04-20T16:01:46-07:00","entry_id":28990,"field1":"13.125","field2":"12"},{"created_at":"2019-04-20T16:11:24-07:00","entry_id":28991,"field1":"13.125","field2":"12.125"},{"created_at":"2019-04-20T16:21:01-07:00","entry_id":28992,"field1":"13.125","field2":"12"},{"created_at":"2019-04-20T16:30:39-07:00","entry_id":28993,"field1":"13.0625","field2":"11.5"},{"created_at":"2019-04-20T16:40:17-07:00","entry_id":28994,"field1":"13.0625","field2":"11.3125"},{"created_at":"2019-04-20T16:49:56-07:00","entry_id":28995,"field1":"13.0625","field2":"11.125"},{"created_at":"2019-04-20T16:59:32-07:00","entry_id":28996,"field1":"13","field2":"10.9375"},{"created_at":"2019-04-20T17:09:10-07:00","entry_id":28997,"field1":"13","field2":"10.75"},{"created_at":"2019-04-20T17:18:47-07:00","entry_id":28998,"field1":"12.9375","field2":"10.5"},{"created_at":"2019-04-20T17:28:25-07:00","entry_id":28999,"field1":"12.875","field2":"10.375"},{"created_at":"2019-04-20T17:38:04-07:00","entry_id":29000,"field1":"12.875","field2":"10.1875"},{"created_at":"2019-04-20T17:47:44-07:00","entry_id":29001,"field1":"12.8125","field2":"9.9375"},{"created_at":"2019-04-20T17:57:25-07:00","entry_id":29002,"field1":"12.75","field2":"9.8125"},{"created_at":"2019-04-20T18:07:03-07:00","entry_id":29003,"field1":"12.75","field2":"9.6875"},{"created_at":"2019-04-20T18:16:41-07:00","entry_id":29004,"field1":"12.6875","field2":"9.5625"},{"created_at":"2019-04-20T18:26:18-07:00","entry_id":29005,"field1":"12.625","field2":"9.4375"},{"created_at":"2019-04-20T18:35:58-07:00","entry_id":29006,"field1":"12.5625","field2":"9.3125"},{"created_at":"2019-04-20T18:45:35-07:00","entry_id":29007,"field1":"12.5625","field2":"9.375"},{"created_at":"2019-04-20T18:55:12-07:00","entry_id":29008,"field1":"12.5","field2":"9.3125"},{"created_at":"2019-04-20T19:04:50-07:00","entry_id":29009,"field1":"12.4375","field2":"9.125"},{"created_at":"2019-04-20T19:14:28-07:00","entry_id":29010,"field1":"12.4375","field2":"8.9375"},{"created_at":"2019-04-20T19:24:06-07:00","entry_id":29011,"field1":"12.375","field2":"8.875"},{"created_at":"2019-04-20T19:33:45-07:00","entry_id":29012,"field1":"12.3125","field2":"8.75"},{"created_at":"2019-04-20T19:43:21-07:00","entry_id":29013,"field1":"12.3125","field2":"8.5625"},{"created_at":"2019-04-20T19:53:00-07:00","entry_id":29014,"field1":"12.3125","field2":"8.3125"},{"created_at":"2019-04-20T20:02:38-07:00","entry_id":29015,"field1":"12.25","field2":"8"},{"created_at":"2019-04-20T20:12:16-07:00","entry_id":29016,"field1":"12.3125","field2":"7.6875"},{"created_at":"2019-04-20T20:21:54-07:00","entry_id":29017,"field1":"12.25","field2":"7.5625"},{"created_at":"2019-04-20T20:31:33-07:00","entry_id":29018,"field1":"12.1875","field2":"7.5"},{"created_at":"2019-04-20T20:41:10-07:00","entry_id":29019,"field1":"12.125","field2":"7.3125"},{"created_at":"2019-04-20T20:50:48-07:00","entry_id":29020,"field1":"12.0625","field2":"7.1875"},{"created_at":"2019-04-20T21:00:25-07:00","entry_id":29021,"field1":"12.0625","field2":"6.9375"},{"created_at":"2019-04-20T21:10:03-07:00","entry_id":29022,"field1":"12","field2":"6.8125"},{"created_at":"2019-04-20T21:19:40-07:00","entry_id":29023,"field1":"12","field2":"6.6875"},{"created_at":"2019-04-20T21:29:18-07:00","entry_id":29024,"field1":"11.9375","field2":"6.625"},{"created_at":"2019-04-20T21:38:57-07:00","entry_id":29025,"field1":"11.875","field2":"6.4375"},{"created_at":"2019-04-20T21:48:35-07:00","entry_id":29026,"field1":"11.875","field2":"6.1875"},{"created_at":"2019-04-20T21:58:12-07:00","entry_id":29027,"field1":"11.8125","field2":"6.0625"},{"created_at":"2019-04-20T22:07:50-07:00","entry_id":29028,"field1":"11.75","field2":"5.9375"},{"created_at":"2019-04-20T22:17:28-07:00","entry_id":29029,"field1":"11.75","field2":"5.875"},{"created_at":"2019-04-20T22:27:05-07:00","entry_id":29030,"field1":"11.6875","field2":"5.8125"},{"created_at":"2019-04-20T22:36:43-07:00","entry_id":29031,"field1":"11.625","field2":"5.5"},{"created_at":"2019-04-20T22:46:21-07:00","entry_id":29032,"field1":"11.5625","field2":"5.375"},{"created_at":"2019-04-20T22:55:59-07:00","entry_id":29033,"field1":"11.5625","field2":"5.25"},{"created_at":"2019-04-20T23:05:37-07:00","entry_id":29034,"field1":"11.5","field2":"5.125"},{"created_at":"2019-04-20T23:15:15-07:00","entry_id":29035,"field1":"11.4375","field2":"5"},{"created_at":"2019-04-20T23:24:53-07:00","entry_id":29036,"field1":"11.375","field2":"5"},{"created_at":"2019-04-20T23:34:31-07:00","entry_id":29037,"field1":"11.3125","field2":"4.625"},{"created_at":"2019-04-20T23:44:08-07:00","entry_id":29038,"field1":"11.3125","field2":"4.4375"},{"created_at":"2019-04-20T23:53:47-07:00","entry_id":29039,"field1":"11.25","field2":"4.375"}]}