{"channel":{"id":581842,"name":"Upstairs Small Window Indoor / Outdoor Sensor","latitude":"0.0","longitude":"0.0","field1":"Indoor Temperature","field2":"Outdoor Temperature","created_at":"2018-09-23T15:37:52-07:00","updated_at":"2020-07-27T05:59:41-07:00","last_entry_id":150129},"feeds":[{"created_at":"2019-12-17T00:01:49-08:00","entry_id":64595,"field1":"-0.4375","field2":"-2.25"},{"created_at":"2019-12-17T00:11:25-08:00","entry_id":64596,"field1":"-0.4375","field2":"-2.25"},{"created_at":"2019-12-17T00:21:03-08:00","entry_id":64597,"field1":"-0.4375","field2":"-2.25"},{"created_at":"2019-12-17T00:30:40-08:00","entry_id":64598,"field1":"-0.4375","field2":"-2.25"},{"created_at":"2019-12-17T00:40:16-08:00","entry_id":64599,"field1":"-0.4375","field2":"-2.25"},{"created_at":"2019-12-17T00:49:53-08:00","entry_id":64600,"field1":"-0.4375","field2":"-2.25"},{"created_at":"2019-12-17T00:59:30-08:00","entry_id":64601,"field1":"-0.4375","field2":"-2.1875"},{"created_at":"2019-12-17T01:09:06-08:00","entry_id":64602,"field1":"-0.5","field2":"-2.1875"},{"created_at":"2019-12-17T01:18:43-08:00","entry_id":64603,"field1":"-0.4375","field2":"-2.1875"},{"created_at":"2019-12-17T01:28:19-08:00","entry_id":64604,"field1":"-0.4375","field2":"-2.1875"},{"created_at":"2019-12-17T01:37:56-08:00","entry_id":64605,"field1":"-0.5","field2":"-2.1875"},{"created_at":"2019-12-17T01:47:31-08:00","entry_id":64606,"field1":"-0.5","field2":"-2.125"},{"created_at":"2019-12-17T01:57:08-08:00","entry_id":64607,"field1":"-0.5","field2":"-2.1875"},{"created_at":"2019-12-17T02:06:45-08:00","entry_id":64608,"field1":"-0.5","field2":"-2.125"},{"created_at":"2019-12-17T02:16:21-08:00","entry_id":64609,"field1":"-0.5","field2":"-2.125"},{"created_at":"2019-12-17T02:25:58-08:00","entry_id":64610,"field1":"-0.5","field2":"-2.125"},{"created_at":"2019-12-17T02:35:35-08:00","entry_id":64611,"field1":"-0.5","field2":"-2.125"},{"created_at":"2019-12-17T02:45:12-08:00","entry_id":64612,"field1":"-0.5","field2":"-2.125"},{"created_at":"2019-12-17T02:54:49-08:00","entry_id":64613,"field1":"-0.5","field2":"-2.0625"},{"created_at":"2019-12-17T03:04:26-08:00","entry_id":64614,"field1":"-0.5","field2":"-2.125"},{"created_at":"2019-12-17T03:14:03-08:00","entry_id":64615,"field1":"-0.5","field2":"-2.0625"},{"created_at":"2019-12-17T03:23:40-08:00","entry_id":64616,"field1":"-0.5","field2":"-2.0625"},{"created_at":"2019-12-17T03:33:16-08:00","entry_id":64617,"field1":"-0.5","field2":"-2.0625"},{"created_at":"2019-12-17T03:42:54-08:00","entry_id":64618,"field1":"-0.5","field2":"-2.0625"},{"created_at":"2019-12-17T03:52:30-08:00","entry_id":64619,"field1":"-0.5","field2":"-2.0625"},{"created_at":"2019-12-17T04:02:06-08:00","entry_id":64620,"field1":"-0.5625","field2":"-2.0625"},{"created_at":"2019-12-17T04:11:43-08:00","entry_id":64621,"field1":"-0.5625","field2":"-2.0625"},{"created_at":"2019-12-17T04:21:20-08:00","entry_id":64622,"field1":"-0.5","field2":"-2.0625"},{"created_at":"2019-12-17T04:30:57-08:00","entry_id":64623,"field1":"-0.5","field2":"-2.0625"},{"created_at":"2019-12-17T04:40:34-08:00","entry_id":64624,"field1":"-0.5625","field2":"-2.0625"},{"created_at":"2019-12-17T04:50:15-08:00","entry_id":64625,"field1":"-0.5625","field2":"-2.0625"},{"created_at":"2019-12-17T04:59:50-08:00","entry_id":64626,"field1":"-0.5625","field2":"-2"},{"created_at":"2019-12-17T05:09:27-08:00","entry_id":64627,"field1":"-0.5625","field2":"-2"},{"created_at":"2019-12-17T05:19:03-08:00","entry_id":64628,"field1":"-0.5625","field2":"-2"},{"created_at":"2019-12-17T05:28:40-08:00","entry_id":64629,"field1":"-0.5625","field2":"-2.0625"},{"created_at":"2019-12-17T05:38:17-08:00","entry_id":64630,"field1":"-0.5625","field2":"-2.0625"},{"created_at":"2019-12-17T05:47:53-08:00","entry_id":64631,"field1":"-0.5625","field2":"-2"},{"created_at":"2019-12-17T05:57:31-08:00","entry_id":64632,"field1":"-0.5625","field2":"-1.9375"},{"created_at":"2019-12-17T06:07:08-08:00","entry_id":64633,"field1":"-0.5625","field2":"-1.8125"},{"created_at":"2019-12-17T06:16:44-08:00","entry_id":64634,"field1":"-0.5625","field2":"-1.875"},{"created_at":"2019-12-17T06:26:21-08:00","entry_id":64635,"field1":"-0.5625","field2":"-1.9375"},{"created_at":"2019-12-17T06:36:00-08:00","entry_id":64636,"field1":"-0.5625","field2":"-1.9375"},{"created_at":"2019-12-17T06:45:36-08:00","entry_id":64637,"field1":"-0.5625","field2":"-1.9375"},{"created_at":"2019-12-17T06:55:12-08:00","entry_id":64638,"field1":"-0.5625","field2":"-1.9375"},{"created_at":"2019-12-17T07:04:49-08:00","entry_id":64639,"field1":"-0.5625","field2":"-1.9375"},{"created_at":"2019-12-17T07:14:26-08:00","entry_id":64640,"field1":"-0.5625","field2":"-1.9375"},{"created_at":"2019-12-17T07:24:03-08:00","entry_id":64641,"field1":"-0.625","field2":"-1.9375"},{"created_at":"2019-12-17T07:33:40-08:00","entry_id":64642,"field1":"-0.5625","field2":"-2"},{"created_at":"2019-12-17T07:43:17-08:00","entry_id":64643,"field1":"-0.625","field2":"-2"},{"created_at":"2019-12-17T07:52:54-08:00","entry_id":64644,"field1":"-0.625","field2":"-2"},{"created_at":"2019-12-17T08:02:31-08:00","entry_id":64645,"field1":"-0.625","field2":"-2"},{"created_at":"2019-12-17T08:12:08-08:00","entry_id":64646,"field1":"-0.625","field2":"-2"},{"created_at":"2019-12-17T08:21:44-08:00","entry_id":64647,"field1":"-0.625","field2":"-1.9375"},{"created_at":"2019-12-17T08:31:21-08:00","entry_id":64648,"field1":"-0.5625","field2":"-1.9375"},{"created_at":"2019-12-17T08:40:58-08:00","entry_id":64649,"field1":"-0.625","field2":"-1.9375"},{"created_at":"2019-12-17T08:50:35-08:00","entry_id":64650,"field1":"-0.625","field2":"-1.9375"},{"created_at":"2019-12-17T09:00:12-08:00","entry_id":64651,"field1":"-0.625","field2":"-1.9375"},{"created_at":"2019-12-17T09:09:48-08:00","entry_id":64652,"field1":"-0.625","field2":"-1.875"},{"created_at":"2019-12-17T09:19:25-08:00","entry_id":64653,"field1":"-0.625","field2":"-1.875"},{"created_at":"2019-12-17T09:29:01-08:00","entry_id":64654,"field1":"-0.625","field2":"-1.8125"},{"created_at":"2019-12-17T09:38:39-08:00","entry_id":64655,"field1":"-0.625","field2":"-1.75"},{"created_at":"2019-12-17T09:48:15-08:00","entry_id":64656,"field1":"-0.625","field2":"-1.75"},{"created_at":"2019-12-17T09:57:52-08:00","entry_id":64657,"field1":"-0.625","field2":"-1.75"},{"created_at":"2019-12-17T10:07:29-08:00","entry_id":64658,"field1":"-0.625","field2":"-1.75"},{"created_at":"2019-12-17T10:17:05-08:00","entry_id":64659,"field1":"-0.625","field2":"-1.6875"},{"created_at":"2019-12-17T10:26:43-08:00","entry_id":64660,"field1":"-0.625","field2":"-1.5625"},{"created_at":"2019-12-17T10:36:19-08:00","entry_id":64661,"field1":"-0.5625","field2":"-1.5625"},{"created_at":"2019-12-17T10:45:56-08:00","entry_id":64662,"field1":"-0.5625","field2":"-1.5625"},{"created_at":"2019-12-17T10:55:32-08:00","entry_id":64663,"field1":"-0.5625","field2":"-1.5625"},{"created_at":"2019-12-17T11:05:09-08:00","entry_id":64664,"field1":"-0.5625","field2":"-1.5"},{"created_at":"2019-12-17T11:14:46-08:00","entry_id":64665,"field1":"-0.5625","field2":"-1.5"},{"created_at":"2019-12-17T11:24:23-08:00","entry_id":64666,"field1":"-0.5625","field2":"-1.5"},{"created_at":"2019-12-17T11:34:00-08:00","entry_id":64667,"field1":"-0.5625","field2":"-1.4375"},{"created_at":"2019-12-17T11:43:36-08:00","entry_id":64668,"field1":"-0.5625","field2":"-1.4375"},{"created_at":"2019-12-17T11:53:13-08:00","entry_id":64669,"field1":"-0.5625","field2":"-1.4375"},{"created_at":"2019-12-17T12:02:50-08:00","entry_id":64670,"field1":"-0.5625","field2":"-1.375"},{"created_at":"2019-12-17T12:12:27-08:00","entry_id":64671,"field1":"-0.5625","field2":"-1.375"},{"created_at":"2019-12-17T12:22:03-08:00","entry_id":64672,"field1":"-0.5625","field2":"-1.3125"},{"created_at":"2019-12-17T12:31:40-08:00","entry_id":64673,"field1":"-0.5625","field2":"-1.3125"},{"created_at":"2019-12-17T12:41:17-08:00","entry_id":64674,"field1":"-0.5625","field2":"-1.25"},{"created_at":"2019-12-17T12:50:53-08:00","entry_id":64675,"field1":"-0.5625","field2":"-1.1875"},{"created_at":"2019-12-17T13:00:31-08:00","entry_id":64676,"field1":"-0.5625","field2":"-1.125"},{"created_at":"2019-12-17T13:10:08-08:00","entry_id":64677,"field1":"-0.5","field2":"-1.0625"},{"created_at":"2019-12-17T13:19:44-08:00","entry_id":64678,"field1":"-0.5","field2":"-1.0625"},{"created_at":"2019-12-17T13:29:22-08:00","entry_id":64679,"field1":"-0.5","field2":"-1"},{"created_at":"2019-12-17T13:38:58-08:00","entry_id":64680,"field1":"-0.5","field2":"-1.0625"},{"created_at":"2019-12-17T13:48:35-08:00","entry_id":64681,"field1":"-0.5","field2":"-1.125"},{"created_at":"2019-12-17T13:58:11-08:00","entry_id":64682,"field1":"-0.5","field2":"-1.0625"},{"created_at":"2019-12-17T14:07:48-08:00","entry_id":64683,"field1":"-0.5","field2":"-1"},{"created_at":"2019-12-17T14:17:24-08:00","entry_id":64684,"field1":"-0.5","field2":"-1.0625"},{"created_at":"2019-12-17T14:27:01-08:00","entry_id":64685,"field1":"-0.5","field2":"-1.0625"},{"created_at":"2019-12-17T14:36:39-08:00","entry_id":64686,"field1":"-0.5","field2":"-1.125"},{"created_at":"2019-12-17T14:46:15-08:00","entry_id":64687,"field1":"-0.5","field2":"-1.1875"},{"created_at":"2019-12-17T14:55:52-08:00","entry_id":64688,"field1":"-0.5","field2":"-1.1875"},{"created_at":"2019-12-17T15:05:28-08:00","entry_id":64689,"field1":"-0.5","field2":"-1.25"},{"created_at":"2019-12-17T15:15:05-08:00","entry_id":64690,"field1":"-0.5","field2":"-1.25"},{"created_at":"2019-12-17T15:24:43-08:00","entry_id":64691,"field1":"-0.5","field2":"-1.25"},{"created_at":"2019-12-17T15:34:23-08:00","entry_id":64692,"field1":"-0.5","field2":"-1.25"},{"created_at":"2019-12-17T15:43:58-08:00","entry_id":64693,"field1":"-0.5","field2":"-1.25"},{"created_at":"2019-12-17T15:53:35-08:00","entry_id":64694,"field1":"-0.5","field2":"-1.25"},{"created_at":"2019-12-17T16:03:12-08:00","entry_id":64695,"field1":"-0.5","field2":"-1.3125"},{"created_at":"2019-12-17T16:12:48-08:00","entry_id":64696,"field1":"-0.5","field2":"-1.3125"},{"created_at":"2019-12-17T16:22:25-08:00","entry_id":64697,"field1":"-0.5","field2":"-1.3125"},{"created_at":"2019-12-17T16:32:02-08:00","entry_id":64698,"field1":"-0.5","field2":"-1.25"},{"created_at":"2019-12-17T16:41:38-08:00","entry_id":64699,"field1":"-0.5","field2":"-1.3125"},{"created_at":"2019-12-17T16:51:15-08:00","entry_id":64700,"field1":"-0.5","field2":"-1.25"},{"created_at":"2019-12-17T17:00:52-08:00","entry_id":64701,"field1":"-0.5","field2":"-1.1875"},{"created_at":"2019-12-17T17:10:28-08:00","entry_id":64702,"field1":"-0.5","field2":"-1.1875"},{"created_at":"2019-12-17T17:20:05-08:00","entry_id":64703,"field1":"-0.5","field2":"-1.25"},{"created_at":"2019-12-17T17:29:42-08:00","entry_id":64704,"field1":"-0.5","field2":"-1.1875"},{"created_at":"2019-12-17T17:39:19-08:00","entry_id":64705,"field1":"-0.5","field2":"-1.1875"},{"created_at":"2019-12-17T17:48:56-08:00","entry_id":64706,"field1":"-0.5","field2":"-1.1875"},{"created_at":"2019-12-17T17:58:33-08:00","entry_id":64707,"field1":"-0.5","field2":"-1.1875"},{"created_at":"2019-12-17T18:08:10-08:00","entry_id":64708,"field1":"-0.5","field2":"-1.25"},{"created_at":"2019-12-17T18:17:46-08:00","entry_id":64709,"field1":"-0.5","field2":"-1.25"},{"created_at":"2019-12-17T18:27:23-08:00","entry_id":64710,"field1":"-0.5","field2":"-1.25"},{"created_at":"2019-12-17T18:36:59-08:00","entry_id":64711,"field1":"-0.5","field2":"-1.25"},{"created_at":"2019-12-17T18:46:36-08:00","entry_id":64712,"field1":"-0.5","field2":"-1.25"},{"created_at":"2019-12-17T18:56:13-08:00","entry_id":64713,"field1":"-0.5","field2":"-1.25"},{"created_at":"2019-12-17T19:05:49-08:00","entry_id":64714,"field1":"-0.5","field2":"-1.25"},{"created_at":"2019-12-17T19:15:26-08:00","entry_id":64715,"field1":"-0.5","field2":"-1.25"},{"created_at":"2019-12-17T19:25:02-08:00","entry_id":64716,"field1":"-0.4375","field2":"-1.25"},{"created_at":"2019-12-17T19:34:39-08:00","entry_id":64717,"field1":"-0.4375","field2":"-1.25"},{"created_at":"2019-12-17T19:44:16-08:00","entry_id":64718,"field1":"-0.5","field2":"-1.25"},{"created_at":"2019-12-17T19:53:53-08:00","entry_id":64719,"field1":"-0.4375","field2":"-1.25"},{"created_at":"2019-12-17T20:03:30-08:00","entry_id":64720,"field1":"-0.5","field2":"-1.25"},{"created_at":"2019-12-17T20:13:07-08:00","entry_id":64721,"field1":"-0.4375","field2":"-1.25"},{"created_at":"2019-12-17T20:22:45-08:00","entry_id":64722,"field1":"-0.4375","field2":"-1.25"},{"created_at":"2019-12-17T20:32:21-08:00","entry_id":64723,"field1":"-0.4375","field2":"-1.25"},{"created_at":"2019-12-17T20:41:58-08:00","entry_id":64724,"field1":"-0.5","field2":"-1.25"},{"created_at":"2019-12-17T20:51:39-08:00","entry_id":64725,"field1":"-0.4375","field2":"-1.25"},{"created_at":"2019-12-17T21:01:13-08:00","entry_id":64726,"field1":"-0.4375","field2":"-1.3125"},{"created_at":"2019-12-17T21:10:50-08:00","entry_id":64727,"field1":"-0.4375","field2":"-1.3125"},{"created_at":"2019-12-17T21:20:27-08:00","entry_id":64728,"field1":"-0.5","field2":"-1.25"},{"created_at":"2019-12-17T21:30:02-08:00","entry_id":64729,"field1":"-0.5","field2":"-1.25"},{"created_at":"2019-12-17T21:39:39-08:00","entry_id":64730,"field1":"-0.4375","field2":"-1.3125"},{"created_at":"2019-12-17T21:49:16-08:00","entry_id":64731,"field1":"-0.4375","field2":"-1.25"},{"created_at":"2019-12-17T21:58:52-08:00","entry_id":64732,"field1":"-0.4375","field2":"-1.25"},{"created_at":"2019-12-17T22:08:29-08:00","entry_id":64733,"field1":"-0.4375","field2":"-1.25"},{"created_at":"2019-12-17T22:18:05-08:00","entry_id":64734,"field1":"-0.4375","field2":"-1.25"},{"created_at":"2019-12-17T22:27:42-08:00","entry_id":64735,"field1":"-0.4375","field2":"-1.1875"},{"created_at":"2019-12-17T22:37:18-08:00","entry_id":64736,"field1":"-0.4375","field2":"-1.125"},{"created_at":"2019-12-17T22:46:56-08:00","entry_id":64737,"field1":"-0.4375","field2":"-1.125"},{"created_at":"2019-12-17T22:56:33-08:00","entry_id":64738,"field1":"-0.4375","field2":"-1.125"},{"created_at":"2019-12-17T23:06:10-08:00","entry_id":64739,"field1":"-0.4375","field2":"-1.125"},{"created_at":"2019-12-17T23:15:47-08:00","entry_id":64740,"field1":"-0.4375","field2":"-1.1875"},{"created_at":"2019-12-17T23:25:24-08:00","entry_id":64741,"field1":"-0.4375","field2":"-1.125"},{"created_at":"2019-12-17T23:35:01-08:00","entry_id":64742,"field1":"-0.4375","field2":"-1.125"},{"created_at":"2019-12-17T23:44:37-08:00","entry_id":64743,"field1":"-0.4375","field2":"-1.125"},{"created_at":"2019-12-17T23:54:13-08:00","entry_id":64744,"field1":"-0.4375","field2":"-1.0625"}]}