{"channel":{"id":581842,"name":"Upstairs Small Window Indoor / Outdoor Sensor","latitude":"0.0","longitude":"0.0","field1":"Indoor Temperature","field2":"Outdoor Temperature","created_at":"2018-09-23T15:37:52-07:00","updated_at":"2020-07-27T05:59:41-07:00","last_entry_id":238519},"feeds":[{"created_at":"2023-03-31T00:02:49-07:00","entry_id":238232,"field1":"7.6875","field2":"1.125"},{"created_at":"2023-03-31T00:12:25-07:00","entry_id":238233,"field1":"7.625","field2":"1.25"},{"created_at":"2023-03-31T00:22:03-07:00","entry_id":238234,"field1":"7.625","field2":"0.8125"},{"created_at":"2023-03-31T00:31:40-07:00","entry_id":238235,"field1":"7.5625","field2":"0.875"},{"created_at":"2023-03-31T00:41:16-07:00","entry_id":238236,"field1":"7.5","field2":"1"},{"created_at":"2023-03-31T00:50:53-07:00","entry_id":238237,"field1":"7.4375","field2":"0.8125"},{"created_at":"2023-03-31T01:00:31-07:00","entry_id":238238,"field1":"7.4375","field2":"0.375"},{"created_at":"2023-03-31T01:10:08-07:00","entry_id":238239,"field1":"7.375","field2":"0.3125"},{"created_at":"2023-03-31T01:19:43-07:00","entry_id":238240,"field1":"7.3125","field2":"0.3125"},{"created_at":"2023-03-31T01:29:20-07:00","entry_id":238241,"field1":"7.25","field2":"0.25"},{"created_at":"2023-03-31T01:38:57-07:00","entry_id":238242,"field1":"7.4375","field2":"0.1875"},{"created_at":"2023-03-31T01:48:35-07:00","entry_id":238243,"field1":"8.0625","field2":"0.3125"},{"created_at":"2023-03-31T01:58:13-07:00","entry_id":238244,"field1":"8.375","field2":"0"},{"created_at":"2023-03-31T02:07:50-07:00","entry_id":238245,"field1":"8","field2":"-0.125"},{"created_at":"2023-03-31T02:17:28-07:00","entry_id":238246,"field1":"7.8125","field2":"-0.125"},{"created_at":"2023-03-31T02:27:04-07:00","entry_id":238247,"field1":"7.6875","field2":"-0.125"},{"created_at":"2023-03-31T02:36:41-07:00","entry_id":238248,"field1":"7.5625","field2":"-0.125"},{"created_at":"2023-03-31T02:46:19-07:00","entry_id":238249,"field1":"7.4375","field2":"-0.375"},{"created_at":"2023-03-31T02:55:56-07:00","entry_id":238250,"field1":"7.375","field2":"-0.3125"},{"created_at":"2023-03-31T03:05:33-07:00","entry_id":238251,"field1":"7.3125","field2":"-0.375"},{"created_at":"2023-03-31T03:15:10-07:00","entry_id":238252,"field1":"7.25","field2":"-0.5"},{"created_at":"2023-03-31T03:24:47-07:00","entry_id":238253,"field1":"7.1875","field2":"-0.6875"},{"created_at":"2023-03-31T03:34:22-07:00","entry_id":238254,"field1":"7.0625","field2":"-0.6875"},{"created_at":"2023-03-31T03:44:00-07:00","entry_id":238255,"field1":"7.125","field2":"-0.6875"},{"created_at":"2023-03-31T03:53:36-07:00","entry_id":238256,"field1":"7.6875","field2":"-0.75"},{"created_at":"2023-03-31T04:03:15-07:00","entry_id":238257,"field1":"8.1875","field2":"-0.75"},{"created_at":"2023-03-31T04:12:52-07:00","entry_id":238258,"field1":"8.0625","field2":"-0.75"},{"created_at":"2023-03-31T04:22:30-07:00","entry_id":238259,"field1":"7.6875","field2":"-0.8125"},{"created_at":"2023-03-31T04:32:07-07:00","entry_id":238260,"field1":"7.5","field2":"-0.875"},{"created_at":"2023-03-31T04:41:44-07:00","entry_id":238261,"field1":"7.375","field2":"-0.9375"},{"created_at":"2023-03-31T04:51:22-07:00","entry_id":238262,"field1":"7.25","field2":"-0.9375"},{"created_at":"2023-03-31T05:00:58-07:00","entry_id":238263,"field1":"7.1875","field2":"-1.0625"},{"created_at":"2023-03-31T05:10:35-07:00","entry_id":238264,"field1":"7.125","field2":"-1.125"},{"created_at":"2023-03-31T05:20:13-07:00","entry_id":238265,"field1":"7","field2":"-1"},{"created_at":"2023-03-31T05:29:51-07:00","entry_id":238266,"field1":"6.9375","field2":"-1.0625"},{"created_at":"2023-03-31T05:39:26-07:00","entry_id":238267,"field1":"7.25","field2":"-1.1875"},{"created_at":"2023-03-31T05:49:02-07:00","entry_id":238268,"field1":"7.8125","field2":"-1"},{"created_at":"2023-03-31T05:58:41-07:00","entry_id":238269,"field1":"8.125","field2":"-0.8125"},{"created_at":"2023-03-31T06:08:18-07:00","entry_id":238270,"field1":"7.8125","field2":"-0.6875"},{"created_at":"2023-03-31T06:17:55-07:00","entry_id":238271,"field1":"7.5","field2":"-0.625"},{"created_at":"2023-03-31T06:27:32-07:00","entry_id":238272,"field1":"7.3125","field2":"-0.75"},{"created_at":"2023-03-31T06:37:07-07:00","entry_id":238273,"field1":"7.1875","field2":"-0.6875"},{"created_at":"2023-03-31T06:46:45-07:00","entry_id":238274,"field1":"7.125","field2":"-0.5625"},{"created_at":"2023-03-31T06:56:22-07:00","entry_id":238275,"field1":"7","field2":"-0.4375"},{"created_at":"2023-03-31T07:05:59-07:00","entry_id":238276,"field1":"6.9375","field2":"-0.375"},{"created_at":"2023-03-31T07:15:36-07:00","entry_id":238277,"field1":"6.875","field2":"-0.25"},{"created_at":"2023-03-31T07:25:12-07:00","entry_id":238278,"field1":"7.25","field2":"-0.0625"},{"created_at":"2023-03-31T07:34:49-07:00","entry_id":238279,"field1":"7.8125","field2":"0"},{"created_at":"2023-03-31T07:44:25-07:00","entry_id":238280,"field1":"8.1875","field2":"0.1875"},{"created_at":"2023-03-31T07:54:03-07:00","entry_id":238281,"field1":"7.8125","field2":"0.1875"},{"created_at":"2023-03-31T08:03:40-07:00","entry_id":238282,"field1":"7.5625","field2":"0.1875"},{"created_at":"2023-03-31T08:13:17-07:00","entry_id":238283,"field1":"7.3125","field2":"0.1875"},{"created_at":"2023-03-31T08:22:53-07:00","entry_id":238284,"field1":"7.1875","field2":"0.375"},{"created_at":"2023-03-31T08:32:30-07:00","entry_id":238285,"field1":"7.125","field2":"0.4375"},{"created_at":"2023-03-31T08:42:07-07:00","entry_id":238286,"field1":"7","field2":"0.5625"},{"created_at":"2023-03-31T08:51:44-07:00","entry_id":238287,"field1":"6.9375","field2":"0.5625"},{"created_at":"2023-03-31T09:01:21-07:00","entry_id":238288,"field1":"6.875","field2":"0.6875"},{"created_at":"2023-03-31T09:10:56-07:00","entry_id":238289,"field1":"6.875","field2":"0.6875"},{"created_at":"2023-03-31T09:20:34-07:00","entry_id":238290,"field1":"7.5","field2":"0.75"},{"created_at":"2023-03-31T09:30:12-07:00","entry_id":238291,"field1":"8","field2":"0.8125"},{"created_at":"2023-03-31T09:39:50-07:00","entry_id":238292,"field1":"8","field2":"0.9375"},{"created_at":"2023-03-31T09:49:27-07:00","entry_id":238293,"field1":"7.625","field2":"1"},{"created_at":"2023-03-31T09:59:02-07:00","entry_id":238294,"field1":"7.375","field2":"1"},{"created_at":"2023-03-31T10:08:39-07:00","entry_id":238295,"field1":"7.25","field2":"1.125"},{"created_at":"2023-03-31T10:18:17-07:00","entry_id":238296,"field1":"7.1875","field2":"1.25"},{"created_at":"2023-03-31T10:27:54-07:00","entry_id":238297,"field1":"7.0625","field2":"1.3125"},{"created_at":"2023-03-31T10:37:31-07:00","entry_id":238298,"field1":"7","field2":"1.75"},{"created_at":"2023-03-31T10:47:09-07:00","entry_id":238299,"field1":"6.9375","field2":"1.8125"},{"created_at":"2023-03-31T10:56:45-07:00","entry_id":238300,"field1":"6.875","field2":"1.8125"},{"created_at":"2023-03-31T11:06:21-07:00","entry_id":238301,"field1":"6.875","field2":"2.125"},{"created_at":"2023-03-31T11:15:59-07:00","entry_id":238302,"field1":"7.5","field2":"2.125"},{"created_at":"2023-03-31T11:25:35-07:00","entry_id":238303,"field1":"8","field2":"2.25"},{"created_at":"2023-03-31T11:35:13-07:00","entry_id":238304,"field1":"8.0625","field2":"2.375"},{"created_at":"2023-03-31T11:44:50-07:00","entry_id":238305,"field1":"7.6875","field2":"2.4375"},{"created_at":"2023-03-31T11:54:28-07:00","entry_id":238306,"field1":"7.5625","field2":"2.625"},{"created_at":"2023-03-31T12:04:05-07:00","entry_id":238307,"field1":"7.4375","field2":"2.5625"},{"created_at":"2023-03-31T12:13:39-07:00","entry_id":238308,"field1":"7.3125","field2":"2.6875"},{"created_at":"2023-03-31T12:23:16-07:00","entry_id":238309,"field1":"7.25","field2":"2.8125"},{"created_at":"2023-03-31T12:32:51-07:00","entry_id":238310,"field1":"7.1875","field2":"3"},{"created_at":"2023-03-31T12:42:27-07:00","entry_id":238311,"field1":"7.1875","field2":"3.375"},{"created_at":"2023-03-31T12:52:05-07:00","entry_id":238312,"field1":"7.125","field2":"3.6875"},{"created_at":"2023-03-31T13:01:42-07:00","entry_id":238313,"field1":"7.125","field2":"3.625"},{"created_at":"2023-03-31T13:11:20-07:00","entry_id":238314,"field1":"7.0625","field2":"3.625"},{"created_at":"2023-03-31T13:20:57-07:00","entry_id":238315,"field1":"7.0625","field2":"3.4375"},{"created_at":"2023-03-31T13:30:35-07:00","entry_id":238316,"field1":"7","field2":"3.375"},{"created_at":"2023-03-31T13:40:12-07:00","entry_id":238317,"field1":"7","field2":"3.5625"},{"created_at":"2023-03-31T13:49:49-07:00","entry_id":238318,"field1":"7","field2":"4.3125"},{"created_at":"2023-03-31T13:59:25-07:00","entry_id":238319,"field1":"7","field2":"4.3125"},{"created_at":"2023-03-31T14:09:03-07:00","entry_id":238320,"field1":"7","field2":"4.375"},{"created_at":"2023-03-31T14:18:40-07:00","entry_id":238321,"field1":"6.9375","field2":"4.0625"},{"created_at":"2023-03-31T14:28:17-07:00","entry_id":238322,"field1":"7.3125","field2":"3.875"},{"created_at":"2023-03-31T14:37:55-07:00","entry_id":238323,"field1":"8.0625","field2":"4.1875"},{"created_at":"2023-03-31T14:47:33-07:00","entry_id":238324,"field1":"8.3125","field2":"5.3125"},{"created_at":"2023-03-31T14:57:11-07:00","entry_id":238325,"field1":"8","field2":"5.1875"},{"created_at":"2023-03-31T15:06:48-07:00","entry_id":238326,"field1":"7.8125","field2":"6.0625"},{"created_at":"2023-03-31T15:16:25-07:00","entry_id":238327,"field1":"7.6875","field2":"6.4375"},{"created_at":"2023-03-31T15:26:02-07:00","entry_id":238328,"field1":"7.625","field2":"7.0625"},{"created_at":"2023-03-31T15:35:39-07:00","entry_id":238329,"field1":"7.5625","field2":"7.125"},{"created_at":"2023-03-31T15:45:17-07:00","entry_id":238330,"field1":"7.5625","field2":"7.1875"},{"created_at":"2023-03-31T15:54:54-07:00","entry_id":238331,"field1":"7.5","field2":"6.5625"},{"created_at":"2023-03-31T16:04:30-07:00","entry_id":238332,"field1":"7.4375","field2":"6.5"},{"created_at":"2023-03-31T16:14:07-07:00","entry_id":238333,"field1":"7.4375","field2":"6.1875"},{"created_at":"2023-03-31T16:23:45-07:00","entry_id":238334,"field1":"7.375","field2":"5.75"},{"created_at":"2023-03-31T16:33:22-07:00","entry_id":238335,"field1":"7.3125","field2":"5.6875"},{"created_at":"2023-03-31T16:42:58-07:00","entry_id":238336,"field1":"7.3125","field2":"5.625"},{"created_at":"2023-03-31T16:52:36-07:00","entry_id":238337,"field1":"7.3125","field2":"5.6875"},{"created_at":"2023-03-31T17:02:14-07:00","entry_id":238338,"field1":"7.25","field2":"5.75"},{"created_at":"2023-03-31T17:11:51-07:00","entry_id":238339,"field1":"7.25","field2":"5.5"},{"created_at":"2023-03-31T17:21:29-07:00","entry_id":238340,"field1":"7.1875","field2":"4.5"},{"created_at":"2023-03-31T17:31:04-07:00","entry_id":238341,"field1":"7.1875","field2":"4.8125"},{"created_at":"2023-03-31T17:40:40-07:00","entry_id":238342,"field1":"7.1875","field2":"4.6875"},{"created_at":"2023-03-31T17:50:19-07:00","entry_id":238343,"field1":"7.125","field2":"4.6875"},{"created_at":"2023-03-31T17:59:56-07:00","entry_id":238344,"field1":"7.125","field2":"4.8125"},{"created_at":"2023-03-31T18:09:33-07:00","entry_id":238345,"field1":"7.5","field2":"4.625"},{"created_at":"2023-03-31T18:19:11-07:00","entry_id":238346,"field1":"8.1875","field2":"4.5625"},{"created_at":"2023-03-31T18:28:47-07:00","entry_id":238347,"field1":"8.4375","field2":"4.5625"},{"created_at":"2023-03-31T18:38:25-07:00","entry_id":238348,"field1":"8.0625","field2":"4.625"},{"created_at":"2023-03-31T18:48:02-07:00","entry_id":238349,"field1":"7.875","field2":"4.4375"},{"created_at":"2023-03-31T18:57:39-07:00","entry_id":238350,"field1":"7.75","field2":"4.3125"},{"created_at":"2023-03-31T19:07:14-07:00","entry_id":238351,"field1":"7.625","field2":"4.375"},{"created_at":"2023-03-31T19:16:50-07:00","entry_id":238352,"field1":"7.5625","field2":"4.25"},{"created_at":"2023-03-31T19:26:28-07:00","entry_id":238353,"field1":"7.5","field2":"4.125"},{"created_at":"2023-03-31T19:36:05-07:00","entry_id":238354,"field1":"7.4375","field2":"4.0625"},{"created_at":"2023-03-31T19:45:41-07:00","entry_id":238355,"field1":"7.375","field2":"3.9375"},{"created_at":"2023-03-31T19:55:18-07:00","entry_id":238356,"field1":"7.3125","field2":"3.875"},{"created_at":"2023-03-31T20:04:55-07:00","entry_id":238357,"field1":"7.25","field2":"3.875"},{"created_at":"2023-03-31T20:14:32-07:00","entry_id":238358,"field1":"7.1875","field2":"3.75"},{"created_at":"2023-03-31T20:24:09-07:00","entry_id":238359,"field1":"7.1875","field2":"3.6875"},{"created_at":"2023-03-31T20:33:46-07:00","entry_id":238360,"field1":"7.125","field2":"3.625"},{"created_at":"2023-03-31T20:43:24-07:00","entry_id":238361,"field1":"7.0625","field2":"3.4375"},{"created_at":"2023-03-31T20:52:59-07:00","entry_id":238362,"field1":"7.4375","field2":"3.4375"},{"created_at":"2023-03-31T21:02:36-07:00","entry_id":238363,"field1":"8.125","field2":"3.375"},{"created_at":"2023-03-31T21:12:14-07:00","entry_id":238364,"field1":"8.375","field2":"3.25"},{"created_at":"2023-03-31T21:21:50-07:00","entry_id":238365,"field1":"8","field2":"3.1875"},{"created_at":"2023-03-31T21:31:28-07:00","entry_id":238366,"field1":"7.8125","field2":"3.125"},{"created_at":"2023-03-31T21:41:04-07:00","entry_id":238367,"field1":"7.625","field2":"3.125"},{"created_at":"2023-03-31T21:50:41-07:00","entry_id":238368,"field1":"7.5625","field2":"3.0625"},{"created_at":"2023-03-31T22:00:18-07:00","entry_id":238369,"field1":"7.4375","field2":"3"},{"created_at":"2023-03-31T22:09:55-07:00","entry_id":238370,"field1":"7.375","field2":"3"},{"created_at":"2023-03-31T22:19:32-07:00","entry_id":238371,"field1":"7.3125","field2":"2.9375"},{"created_at":"2023-03-31T22:29:09-07:00","entry_id":238372,"field1":"7.1875","field2":"2.8125"},{"created_at":"2023-03-31T22:38:44-07:00","entry_id":238373,"field1":"7.1875","field2":"2.75"},{"created_at":"2023-03-31T22:48:22-07:00","entry_id":238374,"field1":"7.0625","field2":"2.625"},{"created_at":"2023-03-31T22:58:00-07:00","entry_id":238375,"field1":"7.0625","field2":"2.5"},{"created_at":"2023-03-31T23:07:37-07:00","entry_id":238376,"field1":"7.0625","field2":"2.4375"},{"created_at":"2023-03-31T23:17:15-07:00","entry_id":238377,"field1":"7.6875","field2":"2.4375"},{"created_at":"2023-03-31T23:26:52-07:00","entry_id":238378,"field1":"8.25","field2":"2.375"},{"created_at":"2023-03-31T23:36:30-07:00","entry_id":238379,"field1":"8.1875","field2":"2.375"},{"created_at":"2023-03-31T23:46:07-07:00","entry_id":238380,"field1":"7.8125","field2":"2.25"},{"created_at":"2023-03-31T23:55:42-07:00","entry_id":238381,"field1":"7.625","field2":"2.1875"}]}