{"channel":{"id":581842,"name":"Upstairs Small Window Indoor / Outdoor Sensor","latitude":"0.0","longitude":"0.0","field1":"Indoor Temperature","field2":"Outdoor Temperature","created_at":"2018-09-23T15:37:52-07:00","updated_at":"2020-07-27T05:59:41-07:00","last_entry_id":289888},"feeds":[{"created_at":"2024-03-11T00:06:05-07:00","entry_id":289602,"field1":"2.5","field2":"1.5"},{"created_at":"2024-03-11T00:15:41-07:00","entry_id":289603,"field1":"2.5","field2":"1.5"},{"created_at":"2024-03-11T00:25:19-07:00","entry_id":289604,"field1":"2.4375","field2":"1.5"},{"created_at":"2024-03-11T00:34:55-07:00","entry_id":289605,"field1":"2.4375","field2":"1.75"},{"created_at":"2024-03-11T00:44:32-07:00","entry_id":289606,"field1":"2.4375","field2":"1.5625"},{"created_at":"2024-03-11T00:54:09-07:00","entry_id":289607,"field1":"2.4375","field2":"1.5"},{"created_at":"2024-03-11T01:03:47-07:00","entry_id":289608,"field1":"2.4375","field2":"1.5"},{"created_at":"2024-03-11T01:13:24-07:00","entry_id":289609,"field1":"2.4375","field2":"1.5"},{"created_at":"2024-03-11T01:23:01-07:00","entry_id":289610,"field1":"2.4375","field2":"1.5"},{"created_at":"2024-03-11T01:32:38-07:00","entry_id":289611,"field1":"2.4375","field2":"1.4375"},{"created_at":"2024-03-11T01:42:15-07:00","entry_id":289612,"field1":"2.4375","field2":"1.5"},{"created_at":"2024-03-11T01:51:53-07:00","entry_id":289613,"field1":"2.4375","field2":"1.4375"},{"created_at":"2024-03-11T02:01:30-07:00","entry_id":289614,"field1":"2.375","field2":"1.5"},{"created_at":"2024-03-11T02:11:08-07:00","entry_id":289615,"field1":"2.4375","field2":"1.5"},{"created_at":"2024-03-11T02:20:45-07:00","entry_id":289616,"field1":"2.375","field2":"1.4375"},{"created_at":"2024-03-11T02:30:22-07:00","entry_id":289617,"field1":"2.375","field2":"1.5"},{"created_at":"2024-03-11T02:39:59-07:00","entry_id":289618,"field1":"2.375","field2":"1.5"},{"created_at":"2024-03-11T02:49:37-07:00","entry_id":289619,"field1":"2.375","field2":"1.4375"},{"created_at":"2024-03-11T02:59:14-07:00","entry_id":289620,"field1":"2.375","field2":"1.4375"},{"created_at":"2024-03-11T03:08:52-07:00","entry_id":289621,"field1":"2.375","field2":"1.5"},{"created_at":"2024-03-11T03:18:29-07:00","entry_id":289622,"field1":"2.375","field2":"1.5625"},{"created_at":"2024-03-11T03:28:05-07:00","entry_id":289623,"field1":"2.375","field2":"1.5"},{"created_at":"2024-03-11T03:37:43-07:00","entry_id":289624,"field1":"2.375","field2":"1.5"},{"created_at":"2024-03-11T03:47:20-07:00","entry_id":289625,"field1":"2.375","field2":"1.375"},{"created_at":"2024-03-11T03:56:58-07:00","entry_id":289626,"field1":"2.3125","field2":"1.375"},{"created_at":"2024-03-11T04:06:36-07:00","entry_id":289627,"field1":"2.3125","field2":"1.4375"},{"created_at":"2024-03-11T04:16:12-07:00","entry_id":289628,"field1":"2.3125","field2":"1.5"},{"created_at":"2024-03-11T04:25:50-07:00","entry_id":289629,"field1":"2.3125","field2":"1.5"},{"created_at":"2024-03-11T04:35:27-07:00","entry_id":289630,"field1":"2.3125","field2":"1.375"},{"created_at":"2024-03-11T04:45:04-07:00","entry_id":289631,"field1":"2.3125","field2":"1.4375"},{"created_at":"2024-03-11T04:54:39-07:00","entry_id":289632,"field1":"2.3125","field2":"1.375"},{"created_at":"2024-03-11T05:04:18-07:00","entry_id":289633,"field1":"2.3125","field2":"1.375"},{"created_at":"2024-03-11T05:13:55-07:00","entry_id":289634,"field1":"2.3125","field2":"1.375"},{"created_at":"2024-03-11T05:23:32-07:00","entry_id":289635,"field1":"2.3125","field2":"1.375"},{"created_at":"2024-03-11T05:33:09-07:00","entry_id":289636,"field1":"2.3125","field2":"1.3125"},{"created_at":"2024-03-11T05:42:46-07:00","entry_id":289637,"field1":"2.3125","field2":"1.375"},{"created_at":"2024-03-11T05:52:23-07:00","entry_id":289638,"field1":"2.3125","field2":"1.375"},{"created_at":"2024-03-11T06:01:59-07:00","entry_id":289639,"field1":"2.3125","field2":"1.4375"},{"created_at":"2024-03-11T06:11:36-07:00","entry_id":289640,"field1":"2.25","field2":"1.625"},{"created_at":"2024-03-11T06:21:13-07:00","entry_id":289641,"field1":"2.25","field2":"1.375"},{"created_at":"2024-03-11T06:30:50-07:00","entry_id":289642,"field1":"2.25","field2":"1.25"},{"created_at":"2024-03-11T06:40:27-07:00","entry_id":289643,"field1":"2.25","field2":"1.25"},{"created_at":"2024-03-11T06:50:04-07:00","entry_id":289644,"field1":"2.25","field2":"1.3125"},{"created_at":"2024-03-11T06:59:41-07:00","entry_id":289645,"field1":"2.25","field2":"1.25"},{"created_at":"2024-03-11T07:09:19-07:00","entry_id":289646,"field1":"2.25","field2":"1.3125"},{"created_at":"2024-03-11T07:18:56-07:00","entry_id":289647,"field1":"2.25","field2":"1.3125"},{"created_at":"2024-03-11T07:28:33-07:00","entry_id":289648,"field1":"2.25","field2":"1.3125"},{"created_at":"2024-03-11T07:38:09-07:00","entry_id":289649,"field1":"2.25","field2":"1.4375"},{"created_at":"2024-03-11T07:47:47-07:00","entry_id":289650,"field1":"2.25","field2":"1.375"},{"created_at":"2024-03-11T07:57:23-07:00","entry_id":289651,"field1":"2.25","field2":"1.625"},{"created_at":"2024-03-11T08:07:00-07:00","entry_id":289652,"field1":"2.25","field2":"1.6875"},{"created_at":"2024-03-11T08:16:37-07:00","entry_id":289653,"field1":"2.25","field2":"1.625"},{"created_at":"2024-03-11T08:26:14-07:00","entry_id":289654,"field1":"2.25","field2":"1.5625"},{"created_at":"2024-03-11T08:35:51-07:00","entry_id":289655,"field1":"2.25","field2":"1.625"},{"created_at":"2024-03-11T08:45:28-07:00","entry_id":289656,"field1":"2.25","field2":"1.625"},{"created_at":"2024-03-11T08:55:06-07:00","entry_id":289657,"field1":"2.25","field2":"1.6875"},{"created_at":"2024-03-11T09:04:43-07:00","entry_id":289658,"field1":"2.25","field2":"1.9375"},{"created_at":"2024-03-11T09:14:20-07:00","entry_id":289659,"field1":"2.25","field2":"1.875"},{"created_at":"2024-03-11T09:23:57-07:00","entry_id":289660,"field1":"2.25","field2":"1.9375"},{"created_at":"2024-03-11T09:33:34-07:00","entry_id":289661,"field1":"2.25","field2":"2.0625"},{"created_at":"2024-03-11T09:43:11-07:00","entry_id":289662,"field1":"2.3125","field2":"2.0625"},{"created_at":"2024-03-11T09:52:49-07:00","entry_id":289663,"field1":"2.3125","field2":"2.1875"},{"created_at":"2024-03-11T10:02:26-07:00","entry_id":289664,"field1":"2.3125","field2":"2.3125"},{"created_at":"2024-03-11T10:12:03-07:00","entry_id":289665,"field1":"2.3125","field2":"2.375"},{"created_at":"2024-03-11T10:21:41-07:00","entry_id":289666,"field1":"2.375","field2":"2.375"},{"created_at":"2024-03-11T10:31:18-07:00","entry_id":289667,"field1":"2.375","field2":"2.5"},{"created_at":"2024-03-11T10:40:55-07:00","entry_id":289668,"field1":"2.4375","field2":"2.4375"},{"created_at":"2024-03-11T10:50:32-07:00","entry_id":289669,"field1":"2.4375","field2":"2.6875"},{"created_at":"2024-03-11T11:00:10-07:00","entry_id":289670,"field1":"2.5","field2":"2.5"},{"created_at":"2024-03-11T11:09:47-07:00","entry_id":289671,"field1":"2.5","field2":"2.5"},{"created_at":"2024-03-11T11:19:24-07:00","entry_id":289672,"field1":"2.5625","field2":"2.375"},{"created_at":"2024-03-11T11:29:01-07:00","entry_id":289673,"field1":"2.5625","field2":"2.6875"},{"created_at":"2024-03-11T11:38:39-07:00","entry_id":289674,"field1":"2.625","field2":"2.5625"},{"created_at":"2024-03-11T11:48:16-07:00","entry_id":289675,"field1":"2.625","field2":"2.875"},{"created_at":"2024-03-11T11:57:53-07:00","entry_id":289676,"field1":"2.6875","field2":"2.625"},{"created_at":"2024-03-11T12:07:30-07:00","entry_id":289677,"field1":"2.75","field2":"3.375"},{"created_at":"2024-03-11T12:17:07-07:00","entry_id":289678,"field1":"2.8125","field2":"2.8125"},{"created_at":"2024-03-11T12:26:45-07:00","entry_id":289679,"field1":"2.875","field2":"2.875"},{"created_at":"2024-03-11T12:36:22-07:00","entry_id":289680,"field1":"2.9375","field2":"3.25"},{"created_at":"2024-03-11T12:45:59-07:00","entry_id":289681,"field1":"2.9375","field2":"3.1875"},{"created_at":"2024-03-11T12:55:36-07:00","entry_id":289682,"field1":"3","field2":"3.5625"},{"created_at":"2024-03-11T13:05:13-07:00","entry_id":289683,"field1":"3","field2":"4.125"},{"created_at":"2024-03-11T13:14:50-07:00","entry_id":289684,"field1":"3.0625","field2":"3.8125"},{"created_at":"2024-03-11T13:24:28-07:00","entry_id":289685,"field1":"3.125","field2":"4"},{"created_at":"2024-03-11T13:34:05-07:00","entry_id":289686,"field1":"3.1875","field2":"5.5"},{"created_at":"2024-03-11T13:43:43-07:00","entry_id":289687,"field1":"3.25","field2":"5.3125"},{"created_at":"2024-03-11T13:53:20-07:00","entry_id":289688,"field1":"3.25","field2":"6.25"},{"created_at":"2024-03-11T14:02:58-07:00","entry_id":289689,"field1":"3.3125","field2":"5.375"},{"created_at":"2024-03-11T14:12:35-07:00","entry_id":289690,"field1":"3.375","field2":"5.3125"},{"created_at":"2024-03-11T14:22:12-07:00","entry_id":289691,"field1":"3.4375","field2":"6.25"},{"created_at":"2024-03-11T14:31:49-07:00","entry_id":289692,"field1":"3.5","field2":"5.6875"},{"created_at":"2024-03-11T14:41:27-07:00","entry_id":289693,"field1":"3.5625","field2":"6.125"},{"created_at":"2024-03-11T14:51:04-07:00","entry_id":289694,"field1":"3.625","field2":"6.4375"},{"created_at":"2024-03-11T15:00:41-07:00","entry_id":289695,"field1":"3.625","field2":"6.9375"},{"created_at":"2024-03-11T15:10:19-07:00","entry_id":289696,"field1":"3.6875","field2":"6.8125"},{"created_at":"2024-03-11T15:19:56-07:00","entry_id":289697,"field1":"3.75","field2":"6.625"},{"created_at":"2024-03-11T15:29:34-07:00","entry_id":289698,"field1":"3.8125","field2":"6.8125"},{"created_at":"2024-03-11T15:39:11-07:00","entry_id":289699,"field1":"3.875","field2":"6.875"},{"created_at":"2024-03-11T15:48:49-07:00","entry_id":289700,"field1":"3.9375","field2":"6.875"},{"created_at":"2024-03-11T15:58:26-07:00","entry_id":289701,"field1":"3.9375","field2":"7.0625"},{"created_at":"2024-03-11T16:08:03-07:00","entry_id":289702,"field1":"4","field2":"6.75"},{"created_at":"2024-03-11T16:17:41-07:00","entry_id":289703,"field1":"4.0625","field2":"6.8125"},{"created_at":"2024-03-11T16:27:18-07:00","entry_id":289704,"field1":"4.0625","field2":"6.3125"},{"created_at":"2024-03-11T16:36:56-07:00","entry_id":289705,"field1":"4.125","field2":"6.1875"},{"created_at":"2024-03-11T16:46:33-07:00","entry_id":289706,"field1":"4.125","field2":"5.875"},{"created_at":"2024-03-11T16:56:10-07:00","entry_id":289707,"field1":"4.125","field2":"5.6875"},{"created_at":"2024-03-11T17:05:47-07:00","entry_id":289708,"field1":"4.1875","field2":"5.375"},{"created_at":"2024-03-11T17:15:25-07:00","entry_id":289709,"field1":"4.1875","field2":"4.875"},{"created_at":"2024-03-11T17:25:02-07:00","entry_id":289710,"field1":"4.1875","field2":"4.75"},{"created_at":"2024-03-11T17:34:39-07:00","entry_id":289711,"field1":"4.1875","field2":"4.5625"},{"created_at":"2024-03-11T17:44:17-07:00","entry_id":289712,"field1":"4.1875","field2":"4.375"},{"created_at":"2024-03-11T17:53:54-07:00","entry_id":289713,"field1":"4.1875","field2":"4.4375"},{"created_at":"2024-03-11T18:03:32-07:00","entry_id":289714,"field1":"4.1875","field2":"4.0625"},{"created_at":"2024-03-11T18:13:08-07:00","entry_id":289715,"field1":"4.1875","field2":"4.125"},{"created_at":"2024-03-11T18:22:45-07:00","entry_id":289716,"field1":"4.1875","field2":"3.875"},{"created_at":"2024-03-11T18:32:23-07:00","entry_id":289717,"field1":"4.1875","field2":"3.6875"},{"created_at":"2024-03-11T18:42:00-07:00","entry_id":289718,"field1":"4.1875","field2":"3.5625"},{"created_at":"2024-03-11T18:51:37-07:00","entry_id":289719,"field1":"4.1875","field2":"3.375"},{"created_at":"2024-03-11T19:01:14-07:00","entry_id":289720,"field1":"4.1875","field2":"3.25"},{"created_at":"2024-03-11T19:10:52-07:00","entry_id":289721,"field1":"4.125","field2":"3.125"},{"created_at":"2024-03-11T19:20:29-07:00","entry_id":289722,"field1":"4.125","field2":"2.9375"},{"created_at":"2024-03-11T19:30:07-07:00","entry_id":289723,"field1":"4.125","field2":"3.0625"},{"created_at":"2024-03-11T19:39:44-07:00","entry_id":289724,"field1":"4.125","field2":"3"},{"created_at":"2024-03-11T19:49:21-07:00","entry_id":289725,"field1":"4.125","field2":"3"},{"created_at":"2024-03-11T19:58:58-07:00","entry_id":289726,"field1":"4.0625","field2":"2.9375"},{"created_at":"2024-03-11T20:08:35-07:00","entry_id":289727,"field1":"4.0625","field2":"2.875"},{"created_at":"2024-03-11T20:18:12-07:00","entry_id":289728,"field1":"4.0625","field2":"2.875"},{"created_at":"2024-03-11T20:27:50-07:00","entry_id":289729,"field1":"4.0625","field2":"2.875"},{"created_at":"2024-03-11T20:37:27-07:00","entry_id":289730,"field1":"4.0625","field2":"2.875"},{"created_at":"2024-03-11T20:47:04-07:00","entry_id":289731,"field1":"4","field2":"2.75"},{"created_at":"2024-03-11T20:56:41-07:00","entry_id":289732,"field1":"4","field2":"2.6875"},{"created_at":"2024-03-11T21:06:19-07:00","entry_id":289733,"field1":"4","field2":"2.6875"},{"created_at":"2024-03-11T21:15:56-07:00","entry_id":289734,"field1":"4","field2":"2.6875"},{"created_at":"2024-03-11T21:25:33-07:00","entry_id":289735,"field1":"4","field2":"2.625"},{"created_at":"2024-03-11T21:35:11-07:00","entry_id":289736,"field1":"3.9375","field2":"2.625"},{"created_at":"2024-03-11T21:44:48-07:00","entry_id":289737,"field1":"3.9375","field2":"2.625"},{"created_at":"2024-03-11T21:54:25-07:00","entry_id":289738,"field1":"3.9375","field2":"2.5"},{"created_at":"2024-03-11T22:04:03-07:00","entry_id":289739,"field1":"3.9375","field2":"2.4375"},{"created_at":"2024-03-11T22:13:40-07:00","entry_id":289740,"field1":"3.9375","field2":"2.4375"},{"created_at":"2024-03-11T22:23:17-07:00","entry_id":289741,"field1":"3.875","field2":"2.4375"},{"created_at":"2024-03-11T22:32:54-07:00","entry_id":289742,"field1":"3.875","field2":"2.375"},{"created_at":"2024-03-11T22:42:31-07:00","entry_id":289743,"field1":"3.875","field2":"2.3125"},{"created_at":"2024-03-11T22:52:08-07:00","entry_id":289744,"field1":"3.875","field2":"2.375"},{"created_at":"2024-03-11T23:01:45-07:00","entry_id":289745,"field1":"3.875","field2":"2.375"},{"created_at":"2024-03-11T23:11:22-07:00","entry_id":289746,"field1":"3.8125","field2":"2.4375"},{"created_at":"2024-03-11T23:21:00-07:00","entry_id":289747,"field1":"3.8125","field2":"2.5"},{"created_at":"2024-03-11T23:30:37-07:00","entry_id":289748,"field1":"3.8125","field2":"2.625"},{"created_at":"2024-03-11T23:40:14-07:00","entry_id":289749,"field1":"3.8125","field2":"2.5625"},{"created_at":"2024-03-11T23:49:52-07:00","entry_id":289750,"field1":"3.8125","field2":"2.4375"},{"created_at":"2024-03-11T23:59:27-07:00","entry_id":289751,"field1":"3.8125","field2":"2.4375"}]}