{"channel":{"id":581842,"name":"Upstairs Small Window Indoor / Outdoor Sensor","latitude":"0.0","longitude":"0.0","field1":"Indoor Temperature","field2":"Outdoor Temperature","created_at":"2018-09-23T15:37:52-07:00","updated_at":"2020-07-27T05:59:41-07:00","last_entry_id":150129},"feeds":[{"created_at":"2021-03-29T00:05:09-07:00","entry_id":131244,"field1":"6.8125","field2":"2.6875"},{"created_at":"2021-03-29T00:14:46-07:00","entry_id":131245,"field1":"6.8125","field2":"2.6875"},{"created_at":"2021-03-29T00:24:24-07:00","entry_id":131246,"field1":"6.8125","field2":"2.5625"},{"created_at":"2021-03-29T00:34:01-07:00","entry_id":131247,"field1":"6.75","field2":"2.4375"},{"created_at":"2021-03-29T00:43:38-07:00","entry_id":131248,"field1":"6.75","field2":"2.125"},{"created_at":"2021-03-29T00:53:15-07:00","entry_id":131249,"field1":"6.6875","field2":"1.875"},{"created_at":"2021-03-29T01:02:52-07:00","entry_id":131250,"field1":"6.625","field2":"2.25"},{"created_at":"2021-03-29T01:12:29-07:00","entry_id":131251,"field1":"6.625","field2":"2.0625"},{"created_at":"2021-03-29T01:22:05-07:00","entry_id":131252,"field1":"6.4375","field2":"2.5"},{"created_at":"2021-03-29T01:31:42-07:00","entry_id":131253,"field1":"6.5625","field2":"2.5"},{"created_at":"2021-03-29T01:41:19-07:00","entry_id":131254,"field1":"6.375","field2":"2.5"},{"created_at":"2021-03-29T01:50:56-07:00","entry_id":131255,"field1":"6.375","field2":"2.1875"},{"created_at":"2021-03-29T02:00:34-07:00","entry_id":131256,"field1":"6.4375","field2":"1.9375"},{"created_at":"2021-03-29T02:10:12-07:00","entry_id":131257,"field1":"6.5","field2":"1.625"},{"created_at":"2021-03-29T02:19:49-07:00","entry_id":131258,"field1":"6.4375","field2":"1.4375"},{"created_at":"2021-03-29T02:29:26-07:00","entry_id":131259,"field1":"6.4375","field2":"1.625"},{"created_at":"2021-03-29T02:39:03-07:00","entry_id":131260,"field1":"6.375","field2":"1.9375"},{"created_at":"2021-03-29T02:48:41-07:00","entry_id":131261,"field1":"6.375","field2":"1.6875"},{"created_at":"2021-03-29T02:58:19-07:00","entry_id":131262,"field1":"6.375","field2":"1.6875"},{"created_at":"2021-03-29T03:07:54-07:00","entry_id":131263,"field1":"6.3125","field2":"2.375"},{"created_at":"2021-03-29T03:17:31-07:00","entry_id":131264,"field1":"6.3125","field2":"1.875"},{"created_at":"2021-03-29T03:27:09-07:00","entry_id":131265,"field1":"6.25","field2":"1.75"},{"created_at":"2021-03-29T03:36:46-07:00","entry_id":131266,"field1":"6.25","field2":"1.75"},{"created_at":"2021-03-29T03:46:23-07:00","entry_id":131267,"field1":"6.1875","field2":"1.5625"},{"created_at":"2021-03-29T03:56:00-07:00","entry_id":131268,"field1":"6.1875","field2":"1.375"},{"created_at":"2021-03-29T04:05:38-07:00","entry_id":131269,"field1":"6.1875","field2":"1.25"},{"created_at":"2021-03-29T04:15:15-07:00","entry_id":131270,"field1":"6.1875","field2":"1.1875"},{"created_at":"2021-03-29T04:24:52-07:00","entry_id":131271,"field1":"5.9375","field2":"2.0625"},{"created_at":"2021-03-29T04:34:29-07:00","entry_id":131272,"field1":"6","field2":"1.625"},{"created_at":"2021-03-29T04:44:06-07:00","entry_id":131273,"field1":"6","field2":"1.3125"},{"created_at":"2021-03-29T04:53:43-07:00","entry_id":131274,"field1":"6","field2":"1.25"},{"created_at":"2021-03-29T05:03:20-07:00","entry_id":131275,"field1":"6","field2":"1.125"},{"created_at":"2021-03-29T05:12:58-07:00","entry_id":131276,"field1":"5.9375","field2":"1.125"},{"created_at":"2021-03-29T05:22:35-07:00","entry_id":131277,"field1":"5.9375","field2":"1.1875"},{"created_at":"2021-03-29T05:32:12-07:00","entry_id":131278,"field1":"5.875","field2":"1.75"},{"created_at":"2021-03-29T05:41:49-07:00","entry_id":131279,"field1":"5.8125","field2":"2.1875"},{"created_at":"2021-03-29T05:51:27-07:00","entry_id":131280,"field1":"5.8125","field2":"2.0625"},{"created_at":"2021-03-29T06:01:05-07:00","entry_id":131281,"field1":"5.8125","field2":"2"},{"created_at":"2021-03-29T06:10:41-07:00","entry_id":131282,"field1":"5.75","field2":"1.625"},{"created_at":"2021-03-29T06:20:19-07:00","entry_id":131283,"field1":"5.75","field2":"1.8125"},{"created_at":"2021-03-29T06:29:54-07:00","entry_id":131284,"field1":"5.75","field2":"1.5625"},{"created_at":"2021-03-29T06:39:32-07:00","entry_id":131285,"field1":"5.6875","field2":"1.3125"},{"created_at":"2021-03-29T06:49:09-07:00","entry_id":131286,"field1":"5.5625","field2":"1.1875"},{"created_at":"2021-03-29T06:58:46-07:00","entry_id":131287,"field1":"5.625","field2":"1.1875"},{"created_at":"2021-03-29T07:08:23-07:00","entry_id":131288,"field1":"5.4375","field2":"1"},{"created_at":"2021-03-29T07:18:00-07:00","entry_id":131289,"field1":"4.9375","field2":"0.875"},{"created_at":"2021-03-29T07:27:37-07:00","entry_id":131290,"field1":"5.375","field2":"0.875"},{"created_at":"2021-03-29T07:37:15-07:00","entry_id":131291,"field1":"5.5","field2":"0.875"},{"created_at":"2021-03-29T07:46:52-07:00","entry_id":131292,"field1":"5.5","field2":"1"},{"created_at":"2021-03-29T07:56:29-07:00","entry_id":131293,"field1":"5.5","field2":"1.0625"},{"created_at":"2021-03-29T08:06:06-07:00","entry_id":131294,"field1":"5.5","field2":"0.75"},{"created_at":"2021-03-29T08:15:44-07:00","entry_id":131295,"field1":"5.5","field2":"1"},{"created_at":"2021-03-29T08:25:21-07:00","entry_id":131296,"field1":"5.4375","field2":"1.25"},{"created_at":"2021-03-29T08:34:58-07:00","entry_id":131297,"field1":"5.625","field2":"2"},{"created_at":"2021-03-29T08:44:35-07:00","entry_id":131298,"field1":"5.5","field2":"1.625"},{"created_at":"2021-03-29T08:54:12-07:00","entry_id":131299,"field1":"5.5625","field2":"1.5"},{"created_at":"2021-03-29T09:03:50-07:00","entry_id":131300,"field1":"5.5625","field2":"1.5"},{"created_at":"2021-03-29T09:13:27-07:00","entry_id":131301,"field1":"5.4375","field2":"1.1875"},{"created_at":"2021-03-29T09:23:04-07:00","entry_id":131302,"field1":"5.25","field2":"1.1875"},{"created_at":"2021-03-29T09:32:42-07:00","entry_id":131303,"field1":"5.25","field2":"1.25"},{"created_at":"2021-03-29T09:42:19-07:00","entry_id":131304,"field1":"5.0625","field2":"1.1875"},{"created_at":"2021-03-29T09:51:56-07:00","entry_id":131305,"field1":"5.3125","field2":"1.5"},{"created_at":"2021-03-29T10:01:34-07:00","entry_id":131306,"field1":"5.375","field2":"1.75"},{"created_at":"2021-03-29T10:11:09-07:00","entry_id":131307,"field1":"5.25","field2":"1.9375"},{"created_at":"2021-03-29T10:20:47-07:00","entry_id":131308,"field1":"5.375","field2":"2.3125"},{"created_at":"2021-03-29T10:30:24-07:00","entry_id":131309,"field1":"5.1875","field2":"2.8125"},{"created_at":"2021-03-29T10:40:02-07:00","entry_id":131310,"field1":"5.5625","field2":"3.3125"},{"created_at":"2021-03-29T10:49:38-07:00","entry_id":131311,"field1":"5.5625","field2":"3.0625"},{"created_at":"2021-03-29T10:59:14-07:00","entry_id":131312,"field1":"5.625","field2":"3.1875"},{"created_at":"2021-03-29T11:08:52-07:00","entry_id":131313,"field1":"5.875","field2":"3.6875"},{"created_at":"2021-03-29T11:18:30-07:00","entry_id":131314,"field1":"6.375","field2":"4.8125"},{"created_at":"2021-03-29T11:28:08-07:00","entry_id":131315,"field1":"6.75","field2":"4.75"},{"created_at":"2021-03-29T11:37:45-07:00","entry_id":131316,"field1":"6.875","field2":"4.4375"},{"created_at":"2021-03-29T11:47:23-07:00","entry_id":131317,"field1":"7","field2":"4.125"},{"created_at":"2021-03-29T11:57:00-07:00","entry_id":131318,"field1":"7","field2":"3.8125"},{"created_at":"2021-03-29T12:06:38-07:00","entry_id":131319,"field1":"6.8125","field2":"3.0625"},{"created_at":"2021-03-29T12:16:15-07:00","entry_id":131320,"field1":"6.8125","field2":"3.625"},{"created_at":"2021-03-29T12:25:52-07:00","entry_id":131321,"field1":"6.6875","field2":"3.625"},{"created_at":"2021-03-29T12:35:29-07:00","entry_id":131322,"field1":"6.5625","field2":"3.4375"},{"created_at":"2021-03-29T12:45:06-07:00","entry_id":131323,"field1":"6.8125","field2":"4.5"},{"created_at":"2021-03-29T12:54:43-07:00","entry_id":131324,"field1":"6.1875","field2":"3.1875"},{"created_at":"2021-03-29T13:04:21-07:00","entry_id":131325,"field1":"6.125","field2":"3.5"},{"created_at":"2021-03-29T13:13:58-07:00","entry_id":131326,"field1":"5.9375","field2":"3.8125"},{"created_at":"2021-03-29T13:23:35-07:00","entry_id":131327,"field1":"6.25","field2":"4.1875"},{"created_at":"2021-03-29T13:33:13-07:00","entry_id":131328,"field1":"6","field2":"3.5"},{"created_at":"2021-03-29T13:42:50-07:00","entry_id":131329,"field1":"6.375","field2":"3.6875"},{"created_at":"2021-03-29T13:52:28-07:00","entry_id":131330,"field1":"6.4375","field2":"3.9375"},{"created_at":"2021-03-29T14:02:05-07:00","entry_id":131331,"field1":"6.1875","field2":"3.625"},{"created_at":"2021-03-29T14:11:42-07:00","entry_id":131332,"field1":"6.125","field2":"3.8125"},{"created_at":"2021-03-29T14:21:19-07:00","entry_id":131333,"field1":"6","field2":"3.75"},{"created_at":"2021-03-29T14:30:56-07:00","entry_id":131334,"field1":"5.9375","field2":"3.625"},{"created_at":"2021-03-29T14:40:34-07:00","entry_id":131335,"field1":"6","field2":"4"},{"created_at":"2021-03-29T14:50:11-07:00","entry_id":131336,"field1":"5.9375","field2":"4.25"},{"created_at":"2021-03-29T14:59:48-07:00","entry_id":131337,"field1":"6.375","field2":"4.375"},{"created_at":"2021-03-29T15:09:26-07:00","entry_id":131338,"field1":"6.1875","field2":"4.125"},{"created_at":"2021-03-29T15:19:04-07:00","entry_id":131339,"field1":"6.1875","field2":"4.5"},{"created_at":"2021-03-29T15:28:41-07:00","entry_id":131340,"field1":"6.375","field2":"4.75"},{"created_at":"2021-03-29T15:38:18-07:00","entry_id":131341,"field1":"6.4375","field2":"5.0625"},{"created_at":"2021-03-29T15:47:55-07:00","entry_id":131342,"field1":"6.5625","field2":"4.75"},{"created_at":"2021-03-29T15:57:33-07:00","entry_id":131343,"field1":"6.625","field2":"4.75"},{"created_at":"2021-03-29T16:07:10-07:00","entry_id":131344,"field1":"6.5","field2":"4.8125"},{"created_at":"2021-03-29T16:16:47-07:00","entry_id":131345,"field1":"6.5","field2":"4.8125"},{"created_at":"2021-03-29T16:26:25-07:00","entry_id":131346,"field1":"6.25","field2":"4.4375"},{"created_at":"2021-03-29T16:36:02-07:00","entry_id":131347,"field1":"6.1875","field2":"4.375"},{"created_at":"2021-03-29T16:45:40-07:00","entry_id":131348,"field1":"6.4375","field2":"4.5"},{"created_at":"2021-03-29T16:55:17-07:00","entry_id":131349,"field1":"6.375","field2":"4.375"},{"created_at":"2021-03-29T17:04:54-07:00","entry_id":131350,"field1":"6.4375","field2":"4.4375"},{"created_at":"2021-03-29T17:14:32-07:00","entry_id":131351,"field1":"6.5","field2":"4.5625"},{"created_at":"2021-03-29T17:24:09-07:00","entry_id":131352,"field1":"6.4375","field2":"4.5"},{"created_at":"2021-03-29T17:33:47-07:00","entry_id":131353,"field1":"6.375","field2":"4.5"},{"created_at":"2021-03-29T17:43:25-07:00","entry_id":131354,"field1":"6.5","field2":"4.5"},{"created_at":"2021-03-29T17:53:03-07:00","entry_id":131355,"field1":"6.3125","field2":"4.5625"},{"created_at":"2021-03-29T18:02:40-07:00","entry_id":131356,"field1":"6.375","field2":"4.6875"},{"created_at":"2021-03-29T18:12:17-07:00","entry_id":131357,"field1":"6.4375","field2":"4.625"},{"created_at":"2021-03-29T18:21:55-07:00","entry_id":131358,"field1":"6.5","field2":"4.6875"},{"created_at":"2021-03-29T18:31:32-07:00","entry_id":131359,"field1":"6.4375","field2":"4.375"},{"created_at":"2021-03-29T18:41:09-07:00","entry_id":131360,"field1":"6.5","field2":"3.875"},{"created_at":"2021-03-29T18:50:46-07:00","entry_id":131361,"field1":"6.375","field2":"3.875"},{"created_at":"2021-03-29T19:00:23-07:00","entry_id":131362,"field1":"6.5","field2":"3.125"},{"created_at":"2021-03-29T19:10:01-07:00","entry_id":131363,"field1":"6.5","field2":"2.6875"},{"created_at":"2021-03-29T19:19:38-07:00","entry_id":131364,"field1":"6.4375","field2":"2.3125"},{"created_at":"2021-03-29T19:29:16-07:00","entry_id":131365,"field1":"6.4375","field2":"2.125"},{"created_at":"2021-03-29T19:38:53-07:00","entry_id":131366,"field1":"6.375","field2":"1.875"},{"created_at":"2021-03-29T19:48:30-07:00","entry_id":131367,"field1":"6.375","field2":"1.6875"},{"created_at":"2021-03-29T19:58:08-07:00","entry_id":131368,"field1":"6.3125","field2":"1.4375"},{"created_at":"2021-03-29T20:07:45-07:00","entry_id":131369,"field1":"6.25","field2":"1.3125"},{"created_at":"2021-03-29T20:17:22-07:00","entry_id":131370,"field1":"6.25","field2":"1.1875"},{"created_at":"2021-03-29T20:26:58-07:00","entry_id":131371,"field1":"6.1875","field2":"1.125"},{"created_at":"2021-03-29T20:36:36-07:00","entry_id":131372,"field1":"6.125","field2":"0.6875"},{"created_at":"2021-03-29T20:46:14-07:00","entry_id":131373,"field1":"6.0625","field2":"0.625"},{"created_at":"2021-03-29T20:55:50-07:00","entry_id":131374,"field1":"6.0625","field2":"0.625"},{"created_at":"2021-03-29T21:05:27-07:00","entry_id":131375,"field1":"6","field2":"0.4375"},{"created_at":"2021-03-29T21:15:05-07:00","entry_id":131376,"field1":"6","field2":"0.4375"},{"created_at":"2021-03-29T21:24:42-07:00","entry_id":131377,"field1":"5.9375","field2":"0.1875"},{"created_at":"2021-03-29T21:34:19-07:00","entry_id":131378,"field1":"5.875","field2":"0"},{"created_at":"2021-03-29T21:43:56-07:00","entry_id":131379,"field1":"5.875","field2":"-0.25"},{"created_at":"2021-03-29T21:53:33-07:00","entry_id":131380,"field1":"5.8125","field2":"-0.375"},{"created_at":"2021-03-29T22:03:10-07:00","entry_id":131381,"field1":"5.75","field2":"-0.375"},{"created_at":"2021-03-29T22:12:47-07:00","entry_id":131382,"field1":"5.75","field2":"-0.8125"},{"created_at":"2021-03-29T22:22:24-07:00","entry_id":131383,"field1":"5.6875","field2":"-0.75"},{"created_at":"2021-03-29T22:32:02-07:00","entry_id":131384,"field1":"5.625","field2":"-0.625"},{"created_at":"2021-03-29T22:41:39-07:00","entry_id":131385,"field1":"5.625","field2":"-0.875"},{"created_at":"2021-03-29T22:51:16-07:00","entry_id":131386,"field1":"5.5625","field2":"-1.1875"},{"created_at":"2021-03-29T23:00:53-07:00","entry_id":131387,"field1":"5.5","field2":"-1.25"},{"created_at":"2021-03-29T23:10:30-07:00","entry_id":131388,"field1":"5.4375","field2":"-1.25"},{"created_at":"2021-03-29T23:20:08-07:00","entry_id":131389,"field1":"5.4375","field2":"-1.375"},{"created_at":"2021-03-29T23:29:45-07:00","entry_id":131390,"field1":"5.375","field2":"-1.375"},{"created_at":"2021-03-29T23:39:23-07:00","entry_id":131391,"field1":"5.375","field2":"-1.375"},{"created_at":"2021-03-29T23:48:59-07:00","entry_id":131392,"field1":"5.3125","field2":"-1.4375"},{"created_at":"2021-03-29T23:58:36-07:00","entry_id":131393,"field1":"5.25","field2":"-1.375"}]}