{"channel":{"id":581842,"name":"Upstairs Small Window Indoor / Outdoor Sensor","latitude":"0.0","longitude":"0.0","field1":"Indoor Temperature","field2":"Outdoor Temperature","created_at":"2018-09-23T15:37:52-07:00","updated_at":"2020-07-27T05:59:41-07:00","last_entry_id":270698},"feeds":[{"created_at":"2023-11-03T00:00:31-07:00","entry_id":270411,"field1":"3.0625","field2":"3.3125"},{"created_at":"2023-11-03T00:10:08-07:00","entry_id":270412,"field1":"3.0625","field2":"3.3125"},{"created_at":"2023-11-03T00:19:44-07:00","entry_id":270413,"field1":"3.125","field2":"3.375"},{"created_at":"2023-11-03T00:29:20-07:00","entry_id":270414,"field1":"3.125","field2":"3.375"},{"created_at":"2023-11-03T00:38:58-07:00","entry_id":270415,"field1":"3.125","field2":"3.375"},{"created_at":"2023-11-03T00:48:36-07:00","entry_id":270416,"field1":"3.125","field2":"3.375"},{"created_at":"2023-11-03T00:58:13-07:00","entry_id":270417,"field1":"3.125","field2":"3.4375"},{"created_at":"2023-11-03T01:07:49-07:00","entry_id":270418,"field1":"3.125","field2":"3.375"},{"created_at":"2023-11-03T01:17:26-07:00","entry_id":270419,"field1":"3.125","field2":"3.375"},{"created_at":"2023-11-03T01:27:02-07:00","entry_id":270420,"field1":"3.125","field2":"3.375"},{"created_at":"2023-11-03T01:36:40-07:00","entry_id":270421,"field1":"3.125","field2":"3.3125"},{"created_at":"2023-11-03T01:46:17-07:00","entry_id":270422,"field1":"3.1875","field2":"3.375"},{"created_at":"2023-11-03T01:55:54-07:00","entry_id":270423,"field1":"3.1875","field2":"3.375"},{"created_at":"2023-11-03T02:05:31-07:00","entry_id":270424,"field1":"3.1875","field2":"3.375"},{"created_at":"2023-11-03T02:15:08-07:00","entry_id":270425,"field1":"3.1875","field2":"3.375"},{"created_at":"2023-11-03T02:24:45-07:00","entry_id":270426,"field1":"3.1875","field2":"3.4375"},{"created_at":"2023-11-03T02:34:21-07:00","entry_id":270427,"field1":"3.1875","field2":"3.4375"},{"created_at":"2023-11-03T02:43:59-07:00","entry_id":270428,"field1":"3.25","field2":"3.4375"},{"created_at":"2023-11-03T02:53:35-07:00","entry_id":270429,"field1":"3.1875","field2":"3.4375"},{"created_at":"2023-11-03T03:03:12-07:00","entry_id":270430,"field1":"3.25","field2":"3.5"},{"created_at":"2023-11-03T03:12:48-07:00","entry_id":270431,"field1":"3.25","field2":"3.4375"},{"created_at":"2023-11-03T03:22:26-07:00","entry_id":270432,"field1":"3.25","field2":"3.5"},{"created_at":"2023-11-03T03:32:03-07:00","entry_id":270433,"field1":"3.25","field2":"3.4375"},{"created_at":"2023-11-03T03:41:40-07:00","entry_id":270434,"field1":"3.25","field2":"3.4375"},{"created_at":"2023-11-03T03:51:17-07:00","entry_id":270435,"field1":"3.25","field2":"3.4375"},{"created_at":"2023-11-03T04:00:54-07:00","entry_id":270436,"field1":"3.25","field2":"3.4375"},{"created_at":"2023-11-03T04:10:31-07:00","entry_id":270437,"field1":"3.25","field2":"3.5"},{"created_at":"2023-11-03T04:20:08-07:00","entry_id":270438,"field1":"3.3125","field2":"3.5"},{"created_at":"2023-11-03T04:29:44-07:00","entry_id":270439,"field1":"3.3125","field2":"3.5"},{"created_at":"2023-11-03T04:39:22-07:00","entry_id":270440,"field1":"3.3125","field2":"3.4375"},{"created_at":"2023-11-03T04:49:00-07:00","entry_id":270441,"field1":"3.3125","field2":"3.4375"},{"created_at":"2023-11-03T04:58:37-07:00","entry_id":270442,"field1":"3.3125","field2":"3.5"},{"created_at":"2023-11-03T05:08:14-07:00","entry_id":270443,"field1":"3.3125","field2":"3.5"},{"created_at":"2023-11-03T05:17:51-07:00","entry_id":270444,"field1":"3.3125","field2":"3.5"},{"created_at":"2023-11-03T05:27:29-07:00","entry_id":270445,"field1":"3.3125","field2":"3.5"},{"created_at":"2023-11-03T05:37:06-07:00","entry_id":270446,"field1":"3.3125","field2":"3.5"},{"created_at":"2023-11-03T05:46:42-07:00","entry_id":270447,"field1":"3.3125","field2":"3.5"},{"created_at":"2023-11-03T05:56:18-07:00","entry_id":270448,"field1":"3.375","field2":"3.5"},{"created_at":"2023-11-03T06:05:56-07:00","entry_id":270449,"field1":"3.375","field2":"3.5"},{"created_at":"2023-11-03T06:15:33-07:00","entry_id":270450,"field1":"3.375","field2":"3.5"},{"created_at":"2023-11-03T06:25:09-07:00","entry_id":270451,"field1":"3.375","field2":"3.5"},{"created_at":"2023-11-03T06:34:46-07:00","entry_id":270452,"field1":"3.375","field2":"3.5"},{"created_at":"2023-11-03T06:44:25-07:00","entry_id":270453,"field1":"3.375","field2":"3.5625"},{"created_at":"2023-11-03T06:54:02-07:00","entry_id":270454,"field1":"3.375","field2":"3.5"},{"created_at":"2023-11-03T07:03:39-07:00","entry_id":270455,"field1":"3.375","field2":"3.5625"},{"created_at":"2023-11-03T07:13:16-07:00","entry_id":270456,"field1":"3.375","field2":"3.5625"},{"created_at":"2023-11-03T07:22:53-07:00","entry_id":270457,"field1":"3.4375","field2":"3.5625"},{"created_at":"2023-11-03T07:32:30-07:00","entry_id":270458,"field1":"3.4375","field2":"3.5625"},{"created_at":"2023-11-03T07:42:05-07:00","entry_id":270459,"field1":"3.4375","field2":"3.5625"},{"created_at":"2023-11-03T07:51:42-07:00","entry_id":270460,"field1":"3.4375","field2":"3.625"},{"created_at":"2023-11-03T08:01:18-07:00","entry_id":270461,"field1":"3.4375","field2":"3.6875"},{"created_at":"2023-11-03T08:10:56-07:00","entry_id":270462,"field1":"3.4375","field2":"3.625"},{"created_at":"2023-11-03T08:20:33-07:00","entry_id":270463,"field1":"3.4375","field2":"3.6875"},{"created_at":"2023-11-03T08:30:09-07:00","entry_id":270464,"field1":"3.4375","field2":"3.6875"},{"created_at":"2023-11-03T08:39:45-07:00","entry_id":270465,"field1":"3.5","field2":"3.75"},{"created_at":"2023-11-03T08:49:22-07:00","entry_id":270466,"field1":"3.5","field2":"3.8125"},{"created_at":"2023-11-03T08:59:00-07:00","entry_id":270467,"field1":"3.5","field2":"3.875"},{"created_at":"2023-11-03T09:08:36-07:00","entry_id":270468,"field1":"3.5","field2":"3.9375"},{"created_at":"2023-11-03T09:18:12-07:00","entry_id":270469,"field1":"3.5","field2":"4"},{"created_at":"2023-11-03T09:27:49-07:00","entry_id":270470,"field1":"3.5","field2":"4.125"},{"created_at":"2023-11-03T09:37:25-07:00","entry_id":270471,"field1":"3.5625","field2":"4.1875"},{"created_at":"2023-11-03T09:47:03-07:00","entry_id":270472,"field1":"3.5625","field2":"4.3125"},{"created_at":"2023-11-03T09:56:40-07:00","entry_id":270473,"field1":"3.5625","field2":"4.4375"},{"created_at":"2023-11-03T10:06:17-07:00","entry_id":270474,"field1":"3.5625","field2":"4.5625"},{"created_at":"2023-11-03T10:15:55-07:00","entry_id":270475,"field1":"3.625","field2":"4.8125"},{"created_at":"2023-11-03T10:25:32-07:00","entry_id":270476,"field1":"3.625","field2":"4.75"},{"created_at":"2023-11-03T10:35:09-07:00","entry_id":270477,"field1":"3.625","field2":"4.9375"},{"created_at":"2023-11-03T10:44:46-07:00","entry_id":270478,"field1":"3.6875","field2":"5.1875"},{"created_at":"2023-11-03T10:54:22-07:00","entry_id":270479,"field1":"3.6875","field2":"5.125"},{"created_at":"2023-11-03T11:04:00-07:00","entry_id":270480,"field1":"3.75","field2":"5.125"},{"created_at":"2023-11-03T11:13:35-07:00","entry_id":270481,"field1":"3.75","field2":"5.375"},{"created_at":"2023-11-03T11:23:13-07:00","entry_id":270482,"field1":"3.8125","field2":"5.8125"},{"created_at":"2023-11-03T11:32:51-07:00","entry_id":270483,"field1":"3.875","field2":"5.625"},{"created_at":"2023-11-03T11:42:28-07:00","entry_id":270484,"field1":"3.875","field2":"5.75"},{"created_at":"2023-11-03T11:52:05-07:00","entry_id":270485,"field1":"3.9375","field2":"5.75"},{"created_at":"2023-11-03T12:01:42-07:00","entry_id":270486,"field1":"4","field2":"5.9375"},{"created_at":"2023-11-03T12:11:20-07:00","entry_id":270487,"field1":"4.0625","field2":"5.875"},{"created_at":"2023-11-03T12:20:57-07:00","entry_id":270488,"field1":"4.0625","field2":"5.875"},{"created_at":"2023-11-03T12:30:35-07:00","entry_id":270489,"field1":"4.125","field2":"5.9375"},{"created_at":"2023-11-03T12:40:12-07:00","entry_id":270490,"field1":"4.1875","field2":"6.25"},{"created_at":"2023-11-03T12:49:49-07:00","entry_id":270491,"field1":"4.25","field2":"6.5"},{"created_at":"2023-11-03T12:59:26-07:00","entry_id":270492,"field1":"4.3125","field2":"6.375"},{"created_at":"2023-11-03T13:09:02-07:00","entry_id":270493,"field1":"4.375","field2":"6.625"},{"created_at":"2023-11-03T13:18:41-07:00","entry_id":270494,"field1":"4.4375","field2":"6.5625"},{"created_at":"2023-11-03T13:28:16-07:00","entry_id":270495,"field1":"4.4375","field2":"6.625"},{"created_at":"2023-11-03T13:37:54-07:00","entry_id":270496,"field1":"4.5","field2":"6.5"},{"created_at":"2023-11-03T13:47:32-07:00","entry_id":270497,"field1":"4.5625","field2":"7.5"},{"created_at":"2023-11-03T13:57:10-07:00","entry_id":270498,"field1":"4.625","field2":"6.6875"},{"created_at":"2023-11-03T14:06:47-07:00","entry_id":270499,"field1":"4.625","field2":"6.875"},{"created_at":"2023-11-03T14:16:25-07:00","entry_id":270500,"field1":"4.6875","field2":"7.0625"},{"created_at":"2023-11-03T14:26:00-07:00","entry_id":270501,"field1":"4.75","field2":"6.9375"},{"created_at":"2023-11-03T14:35:39-07:00","entry_id":270502,"field1":"4.8125","field2":"6.875"},{"created_at":"2023-11-03T14:45:14-07:00","entry_id":270503,"field1":"4.8125","field2":"7"},{"created_at":"2023-11-03T14:54:51-07:00","entry_id":270504,"field1":"4.875","field2":"6.875"},{"created_at":"2023-11-03T15:04:29-07:00","entry_id":270505,"field1":"4.9375","field2":"7"},{"created_at":"2023-11-03T15:14:06-07:00","entry_id":270506,"field1":"4.9375","field2":"6.875"},{"created_at":"2023-11-03T15:23:43-07:00","entry_id":270507,"field1":"5","field2":"6.9375"},{"created_at":"2023-11-03T15:33:21-07:00","entry_id":270508,"field1":"5","field2":"6.75"},{"created_at":"2023-11-03T15:42:58-07:00","entry_id":270509,"field1":"5.0625","field2":"6.5625"},{"created_at":"2023-11-03T15:52:35-07:00","entry_id":270510,"field1":"5.0625","field2":"6.3125"},{"created_at":"2023-11-03T16:02:14-07:00","entry_id":270511,"field1":"5.0625","field2":"6.1875"},{"created_at":"2023-11-03T16:11:51-07:00","entry_id":270512,"field1":"5.0625","field2":"6.125"},{"created_at":"2023-11-03T16:21:28-07:00","entry_id":270513,"field1":"5.125","field2":"6.0625"},{"created_at":"2023-11-03T16:31:06-07:00","entry_id":270514,"field1":"5.125","field2":"5.9375"},{"created_at":"2023-11-03T16:40:43-07:00","entry_id":270515,"field1":"5.125","field2":"5.8125"},{"created_at":"2023-11-03T16:50:20-07:00","entry_id":270516,"field1":"5.125","field2":"5.75"},{"created_at":"2023-11-03T16:59:58-07:00","entry_id":270517,"field1":"5.1875","field2":"5.6875"},{"created_at":"2023-11-03T17:09:35-07:00","entry_id":270518,"field1":"5.125","field2":"5.6875"},{"created_at":"2023-11-03T17:19:12-07:00","entry_id":270519,"field1":"5.1875","field2":"5.625"},{"created_at":"2023-11-03T17:28:50-07:00","entry_id":270520,"field1":"5.1875","field2":"5.5625"},{"created_at":"2023-11-03T17:38:27-07:00","entry_id":270521,"field1":"5.1875","field2":"5.5"},{"created_at":"2023-11-03T17:48:04-07:00","entry_id":270522,"field1":"5.1875","field2":"5.375"},{"created_at":"2023-11-03T17:57:41-07:00","entry_id":270523,"field1":"5.1875","field2":"5.375"},{"created_at":"2023-11-03T18:07:18-07:00","entry_id":270524,"field1":"5.1875","field2":"5.375"},{"created_at":"2023-11-03T18:16:56-07:00","entry_id":270525,"field1":"5.1875","field2":"5.375"},{"created_at":"2023-11-03T18:26:31-07:00","entry_id":270526,"field1":"5.1875","field2":"5.375"},{"created_at":"2023-11-03T18:36:09-07:00","entry_id":270527,"field1":"5.1875","field2":"5.375"},{"created_at":"2023-11-03T18:45:47-07:00","entry_id":270528,"field1":"5.1875","field2":"5.4375"},{"created_at":"2023-11-03T18:55:24-07:00","entry_id":270529,"field1":"5.1875","field2":"5.4375"},{"created_at":"2023-11-03T19:05:01-07:00","entry_id":270530,"field1":"5.1875","field2":"5.5"},{"created_at":"2023-11-03T19:14:38-07:00","entry_id":270531,"field1":"5.1875","field2":"5.5"},{"created_at":"2023-11-03T19:24:15-07:00","entry_id":270532,"field1":"5.1875","field2":"5.5"},{"created_at":"2023-11-03T19:33:52-07:00","entry_id":270533,"field1":"5.1875","field2":"5.5625"},{"created_at":"2023-11-03T19:43:30-07:00","entry_id":270534,"field1":"5.1875","field2":"5.5625"},{"created_at":"2023-11-03T19:53:06-07:00","entry_id":270535,"field1":"5.25","field2":"5.5625"},{"created_at":"2023-11-03T20:02:44-07:00","entry_id":270536,"field1":"5.25","field2":"5.5625"},{"created_at":"2023-11-03T20:12:21-07:00","entry_id":270537,"field1":"5.25","field2":"5.5625"},{"created_at":"2023-11-03T20:21:57-07:00","entry_id":270538,"field1":"5.25","field2":"5.5625"},{"created_at":"2023-11-03T20:31:36-07:00","entry_id":270539,"field1":"5.25","field2":"5.625"},{"created_at":"2023-11-03T20:41:13-07:00","entry_id":270540,"field1":"5.25","field2":"5.625"},{"created_at":"2023-11-03T20:50:51-07:00","entry_id":270541,"field1":"5.25","field2":"5.625"},{"created_at":"2023-11-03T21:00:28-07:00","entry_id":270542,"field1":"5.3125","field2":"5.625"},{"created_at":"2023-11-03T21:10:05-07:00","entry_id":270543,"field1":"5.25","field2":"5.625"},{"created_at":"2023-11-03T21:19:43-07:00","entry_id":270544,"field1":"5.3125","field2":"5.625"},{"created_at":"2023-11-03T21:29:20-07:00","entry_id":270545,"field1":"5.25","field2":"5.625"},{"created_at":"2023-11-03T21:38:57-07:00","entry_id":270546,"field1":"5.3125","field2":"5.5625"},{"created_at":"2023-11-03T21:48:33-07:00","entry_id":270547,"field1":"5.25","field2":"5.5625"},{"created_at":"2023-11-03T21:58:11-07:00","entry_id":270548,"field1":"5.3125","field2":"5.625"},{"created_at":"2023-11-03T22:07:48-07:00","entry_id":270549,"field1":"5.3125","field2":"5.625"},{"created_at":"2023-11-03T22:17:25-07:00","entry_id":270550,"field1":"5.3125","field2":"5.5"},{"created_at":"2023-11-03T22:27:02-07:00","entry_id":270551,"field1":"5.3125","field2":"5.5"},{"created_at":"2023-11-03T22:36:40-07:00","entry_id":270552,"field1":"5.3125","field2":"5.5"},{"created_at":"2023-11-03T22:46:18-07:00","entry_id":270553,"field1":"5.3125","field2":"5.5"},{"created_at":"2023-11-03T22:55:55-07:00","entry_id":270554,"field1":"5.3125","field2":"5.5"},{"created_at":"2023-11-03T23:05:32-07:00","entry_id":270555,"field1":"5.3125","field2":"5.5"},{"created_at":"2023-11-03T23:15:09-07:00","entry_id":270556,"field1":"5.3125","field2":"5.4375"},{"created_at":"2023-11-03T23:24:47-07:00","entry_id":270557,"field1":"5.3125","field2":"5.4375"},{"created_at":"2023-11-03T23:34:24-07:00","entry_id":270558,"field1":"5.3125","field2":"5.375"},{"created_at":"2023-11-03T23:44:02-07:00","entry_id":270559,"field1":"5.3125","field2":"5.375"},{"created_at":"2023-11-03T23:53:39-07:00","entry_id":270560,"field1":"5.375","field2":"5.3125"}]}