{"channel":{"id":581842,"name":"Upstairs Small Window Indoor / Outdoor Sensor","latitude":"0.0","longitude":"0.0","field1":"Indoor Temperature","field2":"Outdoor Temperature","created_at":"2018-09-23T15:37:52-07:00","updated_at":"2020-07-27T05:59:41-07:00","last_entry_id":337239},"feeds":[{"created_at":"2025-01-23T00:05:51-08:00","entry_id":336959,"field1":"2.25","field2":"-3.375"},{"created_at":"2025-01-23T00:15:32-08:00","entry_id":336960,"field1":"2.25","field2":"-3.3125"},{"created_at":"2025-01-23T00:25:07-08:00","entry_id":336961,"field1":"2.25","field2":"-3.4375"},{"created_at":"2025-01-23T00:34:42-08:00","entry_id":336962,"field1":"2.25","field2":"-3.375"},{"created_at":"2025-01-23T00:44:20-08:00","entry_id":336963,"field1":"2.25","field2":"-3.375"},{"created_at":"2025-01-23T00:53:57-08:00","entry_id":336964,"field1":"2.25","field2":"-3.375"},{"created_at":"2025-01-23T01:03:33-08:00","entry_id":336965,"field1":"2.25","field2":"-3.3125"},{"created_at":"2025-01-23T01:13:10-08:00","entry_id":336966,"field1":"2.25","field2":"-3.375"},{"created_at":"2025-01-23T01:22:47-08:00","entry_id":336967,"field1":"2.25","field2":"-3.5"},{"created_at":"2025-01-23T01:32:24-08:00","entry_id":336968,"field1":"2.3125","field2":"-3.5"},{"created_at":"2025-01-23T01:42:01-08:00","entry_id":336969,"field1":"2.25","field2":"-3.5"},{"created_at":"2025-01-23T01:51:38-08:00","entry_id":336970,"field1":"2.25","field2":"-3.6875"},{"created_at":"2025-01-23T02:01:15-08:00","entry_id":336971,"field1":"2.25","field2":"-3.75"},{"created_at":"2025-01-23T02:10:52-08:00","entry_id":336972,"field1":"2.25","field2":"-3.625"},{"created_at":"2025-01-23T02:20:27-08:00","entry_id":336973,"field1":"2.25","field2":"-3.6875"},{"created_at":"2025-01-23T02:30:05-08:00","entry_id":336974,"field1":"2.25","field2":"-3.5625"},{"created_at":"2025-01-23T02:39:42-08:00","entry_id":336975,"field1":"2.25","field2":"-3.75"},{"created_at":"2025-01-23T02:49:18-08:00","entry_id":336976,"field1":"2.25","field2":"-3.75"},{"created_at":"2025-01-23T02:58:55-08:00","entry_id":336977,"field1":"2.25","field2":"-3.4375"},{"created_at":"2025-01-23T03:08:33-08:00","entry_id":336978,"field1":"2.25","field2":"-3.5625"},{"created_at":"2025-01-23T03:18:10-08:00","entry_id":336979,"field1":"2.25","field2":"-3.625"},{"created_at":"2025-01-23T03:27:46-08:00","entry_id":336980,"field1":"2.25","field2":"-3.375"},{"created_at":"2025-01-23T03:37:23-08:00","entry_id":336981,"field1":"2.25","field2":"-3.25"},{"created_at":"2025-01-23T03:47:01-08:00","entry_id":336982,"field1":"2.25","field2":"-3.375"},{"created_at":"2025-01-23T03:56:38-08:00","entry_id":336983,"field1":"2.25","field2":"-3.5"},{"created_at":"2025-01-23T04:06:15-08:00","entry_id":336984,"field1":"2.25","field2":"-3.6875"},{"created_at":"2025-01-23T04:15:51-08:00","entry_id":336985,"field1":"2.25","field2":"-3.4375"},{"created_at":"2025-01-23T04:25:28-08:00","entry_id":336986,"field1":"2.25","field2":"-3.3125"},{"created_at":"2025-01-23T04:35:05-08:00","entry_id":336987,"field1":"2.25","field2":"-3.3125"},{"created_at":"2025-01-23T04:44:41-08:00","entry_id":336988,"field1":"2.25","field2":"-3.5"},{"created_at":"2025-01-23T04:54:18-08:00","entry_id":336989,"field1":"2.25","field2":"-3.5"},{"created_at":"2025-01-23T05:03:55-08:00","entry_id":336990,"field1":"2.25","field2":"-3.375"},{"created_at":"2025-01-23T05:13:32-08:00","entry_id":336991,"field1":"2.25","field2":"-3.375"},{"created_at":"2025-01-23T05:23:07-08:00","entry_id":336992,"field1":"2.25","field2":"-3.4375"},{"created_at":"2025-01-23T05:32:45-08:00","entry_id":336993,"field1":"2.25","field2":"-3.4375"},{"created_at":"2025-01-23T05:42:22-08:00","entry_id":336994,"field1":"2.25","field2":"-3.4375"},{"created_at":"2025-01-23T05:51:59-08:00","entry_id":336995,"field1":"2.25","field2":"-3.4375"},{"created_at":"2025-01-23T06:01:36-08:00","entry_id":336996,"field1":"2.25","field2":"-3.5625"},{"created_at":"2025-01-23T06:11:13-08:00","entry_id":336997,"field1":"2.25","field2":"-3.5"},{"created_at":"2025-01-23T06:20:49-08:00","entry_id":336998,"field1":"2.25","field2":"-3.5"},{"created_at":"2025-01-23T06:30:27-08:00","entry_id":336999,"field1":"2.25","field2":"-3.1875"},{"created_at":"2025-01-23T06:40:03-08:00","entry_id":337000,"field1":"2.25","field2":"-3.4375"},{"created_at":"2025-01-23T06:49:40-08:00","entry_id":337001,"field1":"2.25","field2":"-3.1875"},{"created_at":"2025-01-23T06:59:17-08:00","entry_id":337002,"field1":"2.25","field2":"-3.25"},{"created_at":"2025-01-23T07:08:54-08:00","entry_id":337003,"field1":"2.25","field2":"-3.25"},{"created_at":"2025-01-23T07:18:31-08:00","entry_id":337004,"field1":"2.25","field2":"-3.375"},{"created_at":"2025-01-23T07:28:08-08:00","entry_id":337005,"field1":"2.25","field2":"-3.25"},{"created_at":"2025-01-23T07:37:44-08:00","entry_id":337006,"field1":"2.25","field2":"-3.375"},{"created_at":"2025-01-23T07:47:21-08:00","entry_id":337007,"field1":"2.25","field2":"-3.25"},{"created_at":"2025-01-23T07:56:58-08:00","entry_id":337008,"field1":"2.25","field2":"-3.3125"},{"created_at":"2025-01-23T08:06:35-08:00","entry_id":337009,"field1":"2.25","field2":"-3.1875"},{"created_at":"2025-01-23T08:16:12-08:00","entry_id":337010,"field1":"2.25","field2":"-3.1875"},{"created_at":"2025-01-23T08:25:47-08:00","entry_id":337011,"field1":"2.25","field2":"-3.25"},{"created_at":"2025-01-23T08:35:25-08:00","entry_id":337012,"field1":"2.25","field2":"-3.0625"},{"created_at":"2025-01-23T08:45:02-08:00","entry_id":337013,"field1":"2.25","field2":"-3.125"},{"created_at":"2025-01-23T08:54:39-08:00","entry_id":337014,"field1":"2.25","field2":"-3.125"},{"created_at":"2025-01-23T09:04:15-08:00","entry_id":337015,"field1":"2.25","field2":"-2.9375"},{"created_at":"2025-01-23T09:13:53-08:00","entry_id":337016,"field1":"2.25","field2":"-3.0625"},{"created_at":"2025-01-23T09:23:29-08:00","entry_id":337017,"field1":"2.25","field2":"-3"},{"created_at":"2025-01-23T09:33:07-08:00","entry_id":337018,"field1":"2.25","field2":"-2.8125"},{"created_at":"2025-01-23T09:42:44-08:00","entry_id":337019,"field1":"2.3125","field2":"-2.8125"},{"created_at":"2025-01-23T09:52:21-08:00","entry_id":337020,"field1":"2.3125","field2":"-2.75"},{"created_at":"2025-01-23T10:01:56-08:00","entry_id":337021,"field1":"2.3125","field2":"-2.6875"},{"created_at":"2025-01-23T10:11:34-08:00","entry_id":337022,"field1":"2.3125","field2":"-2.6875"},{"created_at":"2025-01-23T10:21:11-08:00","entry_id":337023,"field1":"2.3125","field2":"-2.5625"},{"created_at":"2025-01-23T10:30:49-08:00","entry_id":337024,"field1":"2.3125","field2":"-2.75"},{"created_at":"2025-01-23T10:40:26-08:00","entry_id":337025,"field1":"2.3125","field2":"-2.5"},{"created_at":"2025-01-23T10:50:03-08:00","entry_id":337026,"field1":"2.3125","field2":"-2.5625"},{"created_at":"2025-01-23T10:59:39-08:00","entry_id":337027,"field1":"2.3125","field2":"-2.5"},{"created_at":"2025-01-23T11:09:16-08:00","entry_id":337028,"field1":"2.3125","field2":"-2.5625"},{"created_at":"2025-01-23T11:18:53-08:00","entry_id":337029,"field1":"2.375","field2":"-2.5625"},{"created_at":"2025-01-23T11:28:30-08:00","entry_id":337030,"field1":"2.375","field2":"-2.5625"},{"created_at":"2025-01-23T11:38:07-08:00","entry_id":337031,"field1":"2.375","field2":"-2.5625"},{"created_at":"2025-01-23T11:47:44-08:00","entry_id":337032,"field1":"2.375","field2":"-2.625"},{"created_at":"2025-01-23T11:57:21-08:00","entry_id":337033,"field1":"2.375","field2":"-2.5"},{"created_at":"2025-01-23T12:06:58-08:00","entry_id":337034,"field1":"2.4375","field2":"-2.6875"},{"created_at":"2025-01-23T12:16:35-08:00","entry_id":337035,"field1":"2.4375","field2":"-2.5625"},{"created_at":"2025-01-23T12:26:12-08:00","entry_id":337036,"field1":"2.4375","field2":"-2.5625"},{"created_at":"2025-01-23T12:35:49-08:00","entry_id":337037,"field1":"2.4375","field2":"-2.625"},{"created_at":"2025-01-23T12:45:26-08:00","entry_id":337038,"field1":"2.4375","field2":"-2.625"},{"created_at":"2025-01-23T12:55:03-08:00","entry_id":337039,"field1":"2.5","field2":"-2.3125"},{"created_at":"2025-01-23T13:04:40-08:00","entry_id":337040,"field1":"2.5","field2":"-2.4375"},{"created_at":"2025-01-23T13:14:17-08:00","entry_id":337041,"field1":"2.5","field2":"-2.4375"},{"created_at":"2025-01-23T13:23:54-08:00","entry_id":337042,"field1":"2.5","field2":"-2.4375"},{"created_at":"2025-01-23T13:33:32-08:00","entry_id":337043,"field1":"2.5","field2":"-2.3125"},{"created_at":"2025-01-23T13:43:08-08:00","entry_id":337044,"field1":"2.5","field2":"-2.25"},{"created_at":"2025-01-23T13:52:45-08:00","entry_id":337045,"field1":"2.5","field2":"-2.3125"},{"created_at":"2025-01-23T14:02:23-08:00","entry_id":337046,"field1":"2.5625","field2":"-2.375"},{"created_at":"2025-01-23T14:11:59-08:00","entry_id":337047,"field1":"2.5625","field2":"-2.3125"},{"created_at":"2025-01-23T14:21:34-08:00","entry_id":337048,"field1":"2.5625","field2":"-2.25"},{"created_at":"2025-01-23T14:31:12-08:00","entry_id":337049,"field1":"2.5625","field2":"-2.25"},{"created_at":"2025-01-23T14:40:49-08:00","entry_id":337050,"field1":"2.5625","field2":"-2.3125"},{"created_at":"2025-01-23T14:50:26-08:00","entry_id":337051,"field1":"2.5625","field2":"-2.25"},{"created_at":"2025-01-23T15:00:02-08:00","entry_id":337052,"field1":"2.625","field2":"-2.125"},{"created_at":"2025-01-23T15:09:39-08:00","entry_id":337053,"field1":"2.625","field2":"-2.0625"},{"created_at":"2025-01-23T15:19:16-08:00","entry_id":337054,"field1":"2.625","field2":"-2.0625"},{"created_at":"2025-01-23T15:28:53-08:00","entry_id":337055,"field1":"2.625","field2":"-2.0625"},{"created_at":"2025-01-23T15:38:28-08:00","entry_id":337056,"field1":"2.625","field2":"-2.0625"},{"created_at":"2025-01-23T15:48:06-08:00","entry_id":337057,"field1":"2.6875","field2":"-2.125"},{"created_at":"2025-01-23T15:57:41-08:00","entry_id":337058,"field1":"2.6875","field2":"-2.1875"},{"created_at":"2025-01-23T16:07:19-08:00","entry_id":337059,"field1":"2.6875","field2":"-2.125"},{"created_at":"2025-01-23T16:16:54-08:00","entry_id":337060,"field1":"2.6875","field2":"-2.1875"},{"created_at":"2025-01-23T16:26:30-08:00","entry_id":337061,"field1":"2.6875","field2":"-2.125"},{"created_at":"2025-01-23T16:36:08-08:00","entry_id":337062,"field1":"2.6875","field2":"-2.1875"},{"created_at":"2025-01-23T16:45:45-08:00","entry_id":337063,"field1":"2.6875","field2":"-2.25"},{"created_at":"2025-01-23T16:55:22-08:00","entry_id":337064,"field1":"2.6875","field2":"-2.1875"},{"created_at":"2025-01-23T17:04:59-08:00","entry_id":337065,"field1":"2.6875","field2":"-2.25"},{"created_at":"2025-01-23T17:14:35-08:00","entry_id":337066,"field1":"2.6875","field2":"-2.25"},{"created_at":"2025-01-23T17:24:13-08:00","entry_id":337067,"field1":"2.6875","field2":"-2.25"},{"created_at":"2025-01-23T17:33:49-08:00","entry_id":337068,"field1":"2.6875","field2":"-2.3125"},{"created_at":"2025-01-23T17:43:27-08:00","entry_id":337069,"field1":"2.6875","field2":"-2.3125"},{"created_at":"2025-01-23T17:53:04-08:00","entry_id":337070,"field1":"2.6875","field2":"-2.4375"},{"created_at":"2025-01-23T18:02:41-08:00","entry_id":337071,"field1":"2.6875","field2":"-2.5"},{"created_at":"2025-01-23T18:12:18-08:00","entry_id":337072,"field1":"2.75","field2":"-2.5"},{"created_at":"2025-01-23T18:21:56-08:00","entry_id":337073,"field1":"2.75","field2":"-2.5625"},{"created_at":"2025-01-23T18:31:33-08:00","entry_id":337074,"field1":"2.75","field2":"-2.5625"},{"created_at":"2025-01-23T18:41:10-08:00","entry_id":337075,"field1":"2.75","field2":"-2.5"},{"created_at":"2025-01-23T18:50:47-08:00","entry_id":337076,"field1":"2.75","field2":"-2.5"},{"created_at":"2025-01-23T19:00:24-08:00","entry_id":337077,"field1":"2.75","field2":"-2.625"},{"created_at":"2025-01-23T19:10:01-08:00","entry_id":337078,"field1":"2.75","field2":"-2.5"},{"created_at":"2025-01-23T19:19:38-08:00","entry_id":337079,"field1":"2.75","field2":"-2.5"},{"created_at":"2025-01-23T19:29:15-08:00","entry_id":337080,"field1":"2.75","field2":"-2.5625"},{"created_at":"2025-01-23T19:38:52-08:00","entry_id":337081,"field1":"2.75","field2":"-2.5"},{"created_at":"2025-01-23T19:48:28-08:00","entry_id":337082,"field1":"2.75","field2":"-2.5"},{"created_at":"2025-01-23T19:58:04-08:00","entry_id":337083,"field1":"2.75","field2":"-2.4375"},{"created_at":"2025-01-23T20:07:43-08:00","entry_id":337084,"field1":"2.75","field2":"-2.5625"},{"created_at":"2025-01-23T20:17:19-08:00","entry_id":337085,"field1":"2.75","field2":"-2.5"},{"created_at":"2025-01-23T20:26:57-08:00","entry_id":337086,"field1":"2.75","field2":"-2.4375"},{"created_at":"2025-01-23T20:36:33-08:00","entry_id":337087,"field1":"2.8125","field2":"-2.4375"},{"created_at":"2025-01-23T20:46:10-08:00","entry_id":337088,"field1":"2.8125","field2":"-2.4375"},{"created_at":"2025-01-23T20:55:48-08:00","entry_id":337089,"field1":"2.8125","field2":"-2.375"},{"created_at":"2025-01-23T21:05:23-08:00","entry_id":337090,"field1":"2.8125","field2":"-2.375"},{"created_at":"2025-01-23T21:15:01-08:00","entry_id":337091,"field1":"2.8125","field2":"-2.375"},{"created_at":"2025-01-23T21:24:38-08:00","entry_id":337092,"field1":"2.8125","field2":"-2.3125"},{"created_at":"2025-01-23T21:34:15-08:00","entry_id":337093,"field1":"2.8125","field2":"-2.375"},{"created_at":"2025-01-23T21:43:52-08:00","entry_id":337094,"field1":"2.8125","field2":"-2.4375"},{"created_at":"2025-01-23T21:53:28-08:00","entry_id":337095,"field1":"2.8125","field2":"-2.3125"},{"created_at":"2025-01-23T22:03:05-08:00","entry_id":337096,"field1":"2.8125","field2":"-2.375"},{"created_at":"2025-01-23T22:12:43-08:00","entry_id":337097,"field1":"2.8125","field2":"-2.375"},{"created_at":"2025-01-23T22:22:20-08:00","entry_id":337098,"field1":"2.8125","field2":"-2.4375"},{"created_at":"2025-01-23T22:31:56-08:00","entry_id":337099,"field1":"2.8125","field2":"-2.625"},{"created_at":"2025-01-23T22:41:33-08:00","entry_id":337100,"field1":"2.8125","field2":"-2.5625"},{"created_at":"2025-01-23T22:51:10-08:00","entry_id":337101,"field1":"2.8125","field2":"-2.5625"},{"created_at":"2025-01-23T23:00:47-08:00","entry_id":337102,"field1":"2.8125","field2":"-2.5625"},{"created_at":"2025-01-23T23:10:22-08:00","entry_id":337103,"field1":"2.8125","field2":"-2.5625"},{"created_at":"2025-01-23T23:19:59-08:00","entry_id":337104,"field1":"2.8125","field2":"-2.5625"},{"created_at":"2025-01-23T23:29:37-08:00","entry_id":337105,"field1":"2.8125","field2":"-2.5"},{"created_at":"2025-01-23T23:39:14-08:00","entry_id":337106,"field1":"2.8125","field2":"-2.625"},{"created_at":"2025-01-23T23:48:51-08:00","entry_id":337107,"field1":"2.8125","field2":"-2.625"},{"created_at":"2025-01-23T23:58:28-08:00","entry_id":337108,"field1":"2.875","field2":"-2.625"}]}