{"channel":{"id":581842,"name":"Upstairs Small Window Indoor / Outdoor Sensor","latitude":"0.0","longitude":"0.0","field1":"Indoor Temperature","field2":"Outdoor Temperature","created_at":"2018-09-23T15:37:52-07:00","updated_at":"2020-07-27T05:59:41-07:00","last_entry_id":285343},"feeds":[{"created_at":"2024-02-09T00:04:20-08:00","entry_id":285063,"field1":"1.5625","field2":"-0.125"},{"created_at":"2024-02-09T00:13:57-08:00","entry_id":285064,"field1":"1.5","field2":"-0.125"},{"created_at":"2024-02-09T00:23:34-08:00","entry_id":285065,"field1":"1.5","field2":"-0.1875"},{"created_at":"2024-02-09T00:33:09-08:00","entry_id":285066,"field1":"1.5","field2":"-0.125"},{"created_at":"2024-02-09T00:42:46-08:00","entry_id":285067,"field1":"1.5","field2":"-0.1875"},{"created_at":"2024-02-09T00:52:23-08:00","entry_id":285068,"field1":"1.5","field2":"-0.125"},{"created_at":"2024-02-09T01:02:01-08:00","entry_id":285069,"field1":"1.5","field2":"-0.1875"},{"created_at":"2024-02-09T01:11:36-08:00","entry_id":285070,"field1":"1.5","field2":"-0.125"},{"created_at":"2024-02-09T01:21:15-08:00","entry_id":285071,"field1":"1.5","field2":"-0.125"},{"created_at":"2024-02-09T01:30:52-08:00","entry_id":285072,"field1":"1.4375","field2":"-0.0625"},{"created_at":"2024-02-09T01:40:29-08:00","entry_id":285073,"field1":"1.4375","field2":"-0.25"},{"created_at":"2024-02-09T01:50:06-08:00","entry_id":285074,"field1":"1.4375","field2":"-0.1875"},{"created_at":"2024-02-09T01:59:43-08:00","entry_id":285075,"field1":"1.4375","field2":"-0.1875"},{"created_at":"2024-02-09T02:09:19-08:00","entry_id":285076,"field1":"1.4375","field2":"-0.3125"},{"created_at":"2024-02-09T02:18:57-08:00","entry_id":285077,"field1":"1.4375","field2":"-0.375"},{"created_at":"2024-02-09T02:28:34-08:00","entry_id":285078,"field1":"1.4375","field2":"-0.375"},{"created_at":"2024-02-09T02:38:11-08:00","entry_id":285079,"field1":"1.4375","field2":"-0.5"},{"created_at":"2024-02-09T02:47:46-08:00","entry_id":285080,"field1":"1.375","field2":"-0.5625"},{"created_at":"2024-02-09T02:57:24-08:00","entry_id":285081,"field1":"1.375","field2":"-0.4375"},{"created_at":"2024-02-09T03:07:02-08:00","entry_id":285082,"field1":"1.375","field2":"-0.625"},{"created_at":"2024-02-09T03:16:39-08:00","entry_id":285083,"field1":"1.375","field2":"-0.5625"},{"created_at":"2024-02-09T03:26:16-08:00","entry_id":285084,"field1":"1.375","field2":"-0.4375"},{"created_at":"2024-02-09T03:35:51-08:00","entry_id":285085,"field1":"1.375","field2":"-0.5"},{"created_at":"2024-02-09T03:45:29-08:00","entry_id":285086,"field1":"1.375","field2":"-0.375"},{"created_at":"2024-02-09T03:55:05-08:00","entry_id":285087,"field1":"1.375","field2":"-0.375"},{"created_at":"2024-02-09T04:04:43-08:00","entry_id":285088,"field1":"1.3125","field2":"-0.375"},{"created_at":"2024-02-09T04:14:20-08:00","entry_id":285089,"field1":"1.375","field2":"-0.4375"},{"created_at":"2024-02-09T04:23:55-08:00","entry_id":285090,"field1":"1.3125","field2":"-0.4375"},{"created_at":"2024-02-09T04:33:33-08:00","entry_id":285091,"field1":"1.3125","field2":"-0.5625"},{"created_at":"2024-02-09T04:43:11-08:00","entry_id":285092,"field1":"1.3125","field2":"-0.5625"},{"created_at":"2024-02-09T04:52:48-08:00","entry_id":285093,"field1":"1.3125","field2":"-0.5625"},{"created_at":"2024-02-09T05:02:24-08:00","entry_id":285094,"field1":"1.3125","field2":"-0.375"},{"created_at":"2024-02-09T05:12:00-08:00","entry_id":285095,"field1":"1.3125","field2":"-0.5"},{"created_at":"2024-02-09T05:21:37-08:00","entry_id":285096,"field1":"1.3125","field2":"-0.4375"},{"created_at":"2024-02-09T05:31:15-08:00","entry_id":285097,"field1":"1.3125","field2":"-0.5"},{"created_at":"2024-02-09T05:40:50-08:00","entry_id":285098,"field1":"1.25","field2":"-0.5"},{"created_at":"2024-02-09T05:50:29-08:00","entry_id":285099,"field1":"1.25","field2":"-0.4375"},{"created_at":"2024-02-09T06:00:05-08:00","entry_id":285100,"field1":"1.25","field2":"-0.5625"},{"created_at":"2024-02-09T06:09:43-08:00","entry_id":285101,"field1":"1.25","field2":"-0.4375"},{"created_at":"2024-02-09T06:19:20-08:00","entry_id":285102,"field1":"1.25","field2":"-0.5"},{"created_at":"2024-02-09T06:28:57-08:00","entry_id":285103,"field1":"1.25","field2":"-0.5"},{"created_at":"2024-02-09T06:38:33-08:00","entry_id":285104,"field1":"1.25","field2":"-0.6875"},{"created_at":"2024-02-09T06:48:11-08:00","entry_id":285105,"field1":"1.1875","field2":"-0.75"},{"created_at":"2024-02-09T06:57:48-08:00","entry_id":285106,"field1":"1.25","field2":"-0.6875"},{"created_at":"2024-02-09T07:07:23-08:00","entry_id":285107,"field1":"1.1875","field2":"-0.9375"},{"created_at":"2024-02-09T07:17:02-08:00","entry_id":285108,"field1":"1.1875","field2":"-1"},{"created_at":"2024-02-09T07:26:38-08:00","entry_id":285109,"field1":"1.1875","field2":"-1.0625"},{"created_at":"2024-02-09T07:36:15-08:00","entry_id":285110,"field1":"1.1875","field2":"-1.125"},{"created_at":"2024-02-09T07:45:52-08:00","entry_id":285111,"field1":"1.1875","field2":"-1.125"},{"created_at":"2024-02-09T07:55:30-08:00","entry_id":285112,"field1":"1.1875","field2":"-1.0625"},{"created_at":"2024-02-09T08:05:05-08:00","entry_id":285113,"field1":"1.1875","field2":"-1.0625"},{"created_at":"2024-02-09T08:14:42-08:00","entry_id":285114,"field1":"1.1875","field2":"-1.125"},{"created_at":"2024-02-09T08:24:20-08:00","entry_id":285115,"field1":"1.1875","field2":"-1.0625"},{"created_at":"2024-02-09T08:33:55-08:00","entry_id":285116,"field1":"1.125","field2":"-1"},{"created_at":"2024-02-09T08:43:33-08:00","entry_id":285117,"field1":"1.1875","field2":"0.625"},{"created_at":"2024-02-09T08:53:09-08:00","entry_id":285118,"field1":"1.3125","field2":"0.625"},{"created_at":"2024-02-09T09:02:47-08:00","entry_id":285119,"field1":"1.25","field2":"0.3125"},{"created_at":"2024-02-09T09:12:24-08:00","entry_id":285120,"field1":"1.25","field2":"0.5625"},{"created_at":"2024-02-09T09:22:01-08:00","entry_id":285121,"field1":"1.3125","field2":"0.6875"},{"created_at":"2024-02-09T09:31:38-08:00","entry_id":285122,"field1":"1.3125","field2":"0.625"},{"created_at":"2024-02-09T09:41:14-08:00","entry_id":285123,"field1":"1.3125","field2":"0.6875"},{"created_at":"2024-02-09T09:50:52-08:00","entry_id":285124,"field1":"1.375","field2":"3.0625"},{"created_at":"2024-02-09T10:00:28-08:00","entry_id":285125,"field1":"1.5","field2":"3.75"},{"created_at":"2024-02-09T10:10:06-08:00","entry_id":285126,"field1":"1.625","field2":"2.6875"},{"created_at":"2024-02-09T10:19:44-08:00","entry_id":285127,"field1":"1.875","field2":"1.9375"},{"created_at":"2024-02-09T10:29:21-08:00","entry_id":285128,"field1":"2.125","field2":"1.8125"},{"created_at":"2024-02-09T10:38:58-08:00","entry_id":285129,"field1":"2.125","field2":"1.6875"},{"created_at":"2024-02-09T10:48:35-08:00","entry_id":285130,"field1":"2.125","field2":"1.6875"},{"created_at":"2024-02-09T10:58:12-08:00","entry_id":285131,"field1":"2.0625","field2":"1.4375"},{"created_at":"2024-02-09T11:07:49-08:00","entry_id":285132,"field1":"2.0625","field2":"1.3125"},{"created_at":"2024-02-09T11:17:27-08:00","entry_id":285133,"field1":"2.0625","field2":"1.3125"},{"created_at":"2024-02-09T11:27:04-08:00","entry_id":285134,"field1":"2.0625","field2":"1.5"},{"created_at":"2024-02-09T11:36:41-08:00","entry_id":285135,"field1":"2.125","field2":"1.8125"},{"created_at":"2024-02-09T11:46:18-08:00","entry_id":285136,"field1":"2.125","field2":"1.875"},{"created_at":"2024-02-09T11:55:56-08:00","entry_id":285137,"field1":"2.125","field2":"2.0625"},{"created_at":"2024-02-09T12:05:33-08:00","entry_id":285138,"field1":"2.125","field2":"2.0625"},{"created_at":"2024-02-09T12:15:10-08:00","entry_id":285139,"field1":"2.125","field2":"2.1875"},{"created_at":"2024-02-09T12:24:46-08:00","entry_id":285140,"field1":"2.125","field2":"2.375"},{"created_at":"2024-02-09T12:34:23-08:00","entry_id":285141,"field1":"2.125","field2":"1.8125"},{"created_at":"2024-02-09T12:44:01-08:00","entry_id":285142,"field1":"2.125","field2":"1.75"},{"created_at":"2024-02-09T12:53:38-08:00","entry_id":285143,"field1":"2.125","field2":"1.6875"},{"created_at":"2024-02-09T13:03:15-08:00","entry_id":285144,"field1":"2.125","field2":"1.5"},{"created_at":"2024-02-09T13:12:52-08:00","entry_id":285145,"field1":"2.125","field2":"1.375"},{"created_at":"2024-02-09T13:22:29-08:00","entry_id":285146,"field1":"2.125","field2":"1.375"},{"created_at":"2024-02-09T13:32:06-08:00","entry_id":285147,"field1":"2.125","field2":"1.4375"},{"created_at":"2024-02-09T13:41:44-08:00","entry_id":285148,"field1":"2.125","field2":"1.5"},{"created_at":"2024-02-09T13:51:21-08:00","entry_id":285149,"field1":"2.0625","field2":"1.625"},{"created_at":"2024-02-09T14:00:58-08:00","entry_id":285150,"field1":"2.125","field2":"1.9375"},{"created_at":"2024-02-09T14:10:35-08:00","entry_id":285151,"field1":"2.0625","field2":"2.3125"},{"created_at":"2024-02-09T14:20:12-08:00","entry_id":285152,"field1":"2.0625","field2":"2.125"},{"created_at":"2024-02-09T14:29:49-08:00","entry_id":285153,"field1":"2.125","field2":"2.125"},{"created_at":"2024-02-09T14:39:26-08:00","entry_id":285154,"field1":"2.0625","field2":"2.1875"},{"created_at":"2024-02-09T14:49:04-08:00","entry_id":285155,"field1":"2.0625","field2":"2.1875"},{"created_at":"2024-02-09T14:58:39-08:00","entry_id":285156,"field1":"2.125","field2":"2.1875"},{"created_at":"2024-02-09T15:08:16-08:00","entry_id":285157,"field1":"2.125","field2":"2.1875"},{"created_at":"2024-02-09T15:17:53-08:00","entry_id":285158,"field1":"2.125","field2":"2.1875"},{"created_at":"2024-02-09T15:27:29-08:00","entry_id":285159,"field1":"2.125","field2":"1.9375"},{"created_at":"2024-02-09T15:37:07-08:00","entry_id":285160,"field1":"2.125","field2":"1.625"},{"created_at":"2024-02-09T15:46:42-08:00","entry_id":285161,"field1":"2.125","field2":"1.3125"},{"created_at":"2024-02-09T15:56:19-08:00","entry_id":285162,"field1":"2.125","field2":"1.0625"},{"created_at":"2024-02-09T16:05:56-08:00","entry_id":285163,"field1":"2.125","field2":"0.875"},{"created_at":"2024-02-09T16:15:34-08:00","entry_id":285164,"field1":"2.0625","field2":"0.625"},{"created_at":"2024-02-09T16:25:11-08:00","entry_id":285165,"field1":"2.0625","field2":"0.4375"},{"created_at":"2024-02-09T16:34:48-08:00","entry_id":285166,"field1":"2.0625","field2":"0.25"},{"created_at":"2024-02-09T16:44:25-08:00","entry_id":285167,"field1":"2.0625","field2":"0.0625"},{"created_at":"2024-02-09T16:54:02-08:00","entry_id":285168,"field1":"2.0625","field2":"-0.125"},{"created_at":"2024-02-09T17:03:39-08:00","entry_id":285169,"field1":"2","field2":"-0.3125"},{"created_at":"2024-02-09T17:13:16-08:00","entry_id":285170,"field1":"2","field2":"-0.4375"},{"created_at":"2024-02-09T17:22:53-08:00","entry_id":285171,"field1":"2","field2":"-0.5625"},{"created_at":"2024-02-09T17:32:30-08:00","entry_id":285172,"field1":"2","field2":"-0.6875"},{"created_at":"2024-02-09T17:42:07-08:00","entry_id":285173,"field1":"1.9375","field2":"-0.8125"},{"created_at":"2024-02-09T17:51:42-08:00","entry_id":285174,"field1":"1.9375","field2":"-1"},{"created_at":"2024-02-09T18:01:20-08:00","entry_id":285175,"field1":"1.9375","field2":"-1"},{"created_at":"2024-02-09T18:10:57-08:00","entry_id":285176,"field1":"1.875","field2":"-1.125"},{"created_at":"2024-02-09T18:20:34-08:00","entry_id":285177,"field1":"1.875","field2":"-1.125"},{"created_at":"2024-02-09T18:30:09-08:00","entry_id":285178,"field1":"1.875","field2":"-1.0625"},{"created_at":"2024-02-09T18:39:46-08:00","entry_id":285179,"field1":"1.8125","field2":"-1.25"},{"created_at":"2024-02-09T18:49:23-08:00","entry_id":285180,"field1":"1.8125","field2":"-1.375"},{"created_at":"2024-02-09T18:58:59-08:00","entry_id":285181,"field1":"1.8125","field2":"-1.5"},{"created_at":"2024-02-09T19:08:37-08:00","entry_id":285182,"field1":"1.8125","field2":"-1.4375"},{"created_at":"2024-02-09T19:18:14-08:00","entry_id":285183,"field1":"1.75","field2":"-1.5"},{"created_at":"2024-02-09T19:27:49-08:00","entry_id":285184,"field1":"1.75","field2":"-1.5625"},{"created_at":"2024-02-09T19:37:26-08:00","entry_id":285185,"field1":"1.6875","field2":"-1.6875"},{"created_at":"2024-02-09T19:47:04-08:00","entry_id":285186,"field1":"1.6875","field2":"-1.6875"},{"created_at":"2024-02-09T19:56:41-08:00","entry_id":285187,"field1":"1.6875","field2":"-1.6875"},{"created_at":"2024-02-09T20:06:18-08:00","entry_id":285188,"field1":"1.625","field2":"-1.625"},{"created_at":"2024-02-09T20:15:55-08:00","entry_id":285189,"field1":"1.625","field2":"-1.6875"},{"created_at":"2024-02-09T20:25:32-08:00","entry_id":285190,"field1":"1.625","field2":"-1.75"},{"created_at":"2024-02-09T20:35:10-08:00","entry_id":285191,"field1":"1.5625","field2":"-1.75"},{"created_at":"2024-02-09T20:44:47-08:00","entry_id":285192,"field1":"1.5625","field2":"-1.8125"},{"created_at":"2024-02-09T20:54:22-08:00","entry_id":285193,"field1":"1.5625","field2":"-1.9375"},{"created_at":"2024-02-09T21:04:01-08:00","entry_id":285194,"field1":"1.5","field2":"-2.0625"},{"created_at":"2024-02-09T21:13:36-08:00","entry_id":285195,"field1":"1.5","field2":"-1.9375"},{"created_at":"2024-02-09T21:23:14-08:00","entry_id":285196,"field1":"1.5","field2":"-1.9375"},{"created_at":"2024-02-09T21:32:49-08:00","entry_id":285197,"field1":"1.4375","field2":"-2.125"},{"created_at":"2024-02-09T21:42:27-08:00","entry_id":285198,"field1":"1.4375","field2":"-2.125"},{"created_at":"2024-02-09T21:52:02-08:00","entry_id":285199,"field1":"1.4375","field2":"-2.1875"},{"created_at":"2024-02-09T22:01:40-08:00","entry_id":285200,"field1":"1.375","field2":"-2.25"},{"created_at":"2024-02-09T22:11:18-08:00","entry_id":285201,"field1":"1.375","field2":"-2.1875"},{"created_at":"2024-02-09T22:20:53-08:00","entry_id":285202,"field1":"1.375","field2":"-2.3125"},{"created_at":"2024-02-09T22:30:30-08:00","entry_id":285203,"field1":"1.3125","field2":"-2.25"},{"created_at":"2024-02-09T22:40:07-08:00","entry_id":285204,"field1":"1.3125","field2":"-2.375"},{"created_at":"2024-02-09T22:49:45-08:00","entry_id":285205,"field1":"1.25","field2":"-2.3125"},{"created_at":"2024-02-09T22:59:22-08:00","entry_id":285206,"field1":"1.25","field2":"-2.4375"},{"created_at":"2024-02-09T23:08:57-08:00","entry_id":285207,"field1":"1.1875","field2":"-2.4375"},{"created_at":"2024-02-09T23:18:35-08:00","entry_id":285208,"field1":"1.1875","field2":"-2.4375"},{"created_at":"2024-02-09T23:28:10-08:00","entry_id":285209,"field1":"1.1875","field2":"-2.5"},{"created_at":"2024-02-09T23:37:47-08:00","entry_id":285210,"field1":"1.1875","field2":"-2.5"},{"created_at":"2024-02-09T23:47:25-08:00","entry_id":285211,"field1":"1.125","field2":"-2.5625"},{"created_at":"2024-02-09T23:57:00-08:00","entry_id":285212,"field1":"1.125","field2":"-2.5625"}]}