{"channel":{"id":581842,"name":"Upstairs Small Window Indoor / Outdoor Sensor","latitude":"0.0","longitude":"0.0","field1":"Indoor Temperature","field2":"Outdoor Temperature","created_at":"2018-09-23T15:37:52-07:00","updated_at":"2020-07-27T05:59:41-07:00","last_entry_id":150129},"feeds":[{"created_at":"2019-10-23T00:08:41-07:00","entry_id":56431,"field1":"7.25","field2":"3.6875"},{"created_at":"2019-10-23T00:18:17-07:00","entry_id":56432,"field1":"7.3125","field2":"3.6875"},{"created_at":"2019-10-23T00:27:55-07:00","entry_id":56433,"field1":"7.25","field2":"3.625"},{"created_at":"2019-10-23T00:37:31-07:00","entry_id":56434,"field1":"7.1875","field2":"3.625"},{"created_at":"2019-10-23T00:47:09-07:00","entry_id":56435,"field1":"7.1875","field2":"3.5625"},{"created_at":"2019-10-23T00:56:46-07:00","entry_id":56436,"field1":"7.1875","field2":"3.5"},{"created_at":"2019-10-23T01:06:23-07:00","entry_id":56437,"field1":"7.1875","field2":"3.375"},{"created_at":"2019-10-23T01:16:00-07:00","entry_id":56438,"field1":"7.125","field2":"3.1875"},{"created_at":"2019-10-23T01:25:37-07:00","entry_id":56439,"field1":"7.125","field2":"3.4375"},{"created_at":"2019-10-23T01:35:15-07:00","entry_id":56440,"field1":"7.125","field2":"3.5625"},{"created_at":"2019-10-23T01:44:51-07:00","entry_id":56441,"field1":"7.0625","field2":"3.5625"},{"created_at":"2019-10-23T01:54:29-07:00","entry_id":56442,"field1":"7.0625","field2":"3.5"},{"created_at":"2019-10-23T02:04:06-07:00","entry_id":56443,"field1":"7.0625","field2":"3.4375"},{"created_at":"2019-10-23T02:13:42-07:00","entry_id":56444,"field1":"7","field2":"3.375"},{"created_at":"2019-10-23T02:23:20-07:00","entry_id":56445,"field1":"7","field2":"3.25"},{"created_at":"2019-10-23T02:32:57-07:00","entry_id":56446,"field1":"7","field2":"3.375"},{"created_at":"2019-10-23T02:42:34-07:00","entry_id":56447,"field1":"6.9375","field2":"3.25"},{"created_at":"2019-10-23T02:52:11-07:00","entry_id":56448,"field1":"6.9375","field2":"3.1875"},{"created_at":"2019-10-23T03:01:48-07:00","entry_id":56449,"field1":"6.9375","field2":"3.25"},{"created_at":"2019-10-23T03:11:25-07:00","entry_id":56450,"field1":"6.9375","field2":"3.0625"},{"created_at":"2019-10-23T03:21:02-07:00","entry_id":56451,"field1":"6.875","field2":"3.1875"},{"created_at":"2019-10-23T03:30:39-07:00","entry_id":56452,"field1":"6.875","field2":"3.4375"},{"created_at":"2019-10-23T03:40:16-07:00","entry_id":56453,"field1":"6.875","field2":"3.1875"},{"created_at":"2019-10-23T03:49:54-07:00","entry_id":56454,"field1":"6.8125","field2":"3.125"},{"created_at":"2019-10-23T03:59:32-07:00","entry_id":56455,"field1":"6.8125","field2":"3.125"},{"created_at":"2019-10-23T04:09:08-07:00","entry_id":56456,"field1":"6.8125","field2":"3.0625"},{"created_at":"2019-10-23T04:18:45-07:00","entry_id":56457,"field1":"6.75","field2":"3.0625"},{"created_at":"2019-10-23T04:28:22-07:00","entry_id":56458,"field1":"6.75","field2":"2.75"},{"created_at":"2019-10-23T04:37:59-07:00","entry_id":56459,"field1":"6.75","field2":"2.8125"},{"created_at":"2019-10-23T04:47:35-07:00","entry_id":56460,"field1":"6.6875","field2":"2.8125"},{"created_at":"2019-10-23T04:57:13-07:00","entry_id":56461,"field1":"6.6875","field2":"2.75"},{"created_at":"2019-10-23T05:06:50-07:00","entry_id":56462,"field1":"6.6875","field2":"2.5"},{"created_at":"2019-10-23T05:16:27-07:00","entry_id":56463,"field1":"6.625","field2":"2.625"},{"created_at":"2019-10-23T05:26:04-07:00","entry_id":56464,"field1":"6.625","field2":"2.6875"},{"created_at":"2019-10-23T05:35:40-07:00","entry_id":56465,"field1":"6.625","field2":"2.625"},{"created_at":"2019-10-23T05:45:17-07:00","entry_id":56466,"field1":"6.5625","field2":"2.75"},{"created_at":"2019-10-23T05:54:54-07:00","entry_id":56467,"field1":"6.5625","field2":"2.6875"},{"created_at":"2019-10-23T06:04:31-07:00","entry_id":56468,"field1":"6.5625","field2":"2.8125"},{"created_at":"2019-10-23T06:14:08-07:00","entry_id":56469,"field1":"6.5","field2":"2.9375"},{"created_at":"2019-10-23T06:23:45-07:00","entry_id":56470,"field1":"6.5","field2":"2.8125"},{"created_at":"2019-10-23T06:33:22-07:00","entry_id":56471,"field1":"6.5","field2":"2.875"},{"created_at":"2019-10-23T06:43:02-07:00","entry_id":56472,"field1":"6.4375","field2":"2.9375"},{"created_at":"2019-10-23T06:52:38-07:00","entry_id":56473,"field1":"6.4375","field2":"3.125"},{"created_at":"2019-10-23T07:02:15-07:00","entry_id":56474,"field1":"6.4375","field2":"3.125"},{"created_at":"2019-10-23T07:11:52-07:00","entry_id":56475,"field1":"6.4375","field2":"3.125"},{"created_at":"2019-10-23T07:21:29-07:00","entry_id":56476,"field1":"6.4375","field2":"3.25"},{"created_at":"2019-10-23T07:31:06-07:00","entry_id":56477,"field1":"6.375","field2":"3.3125"},{"created_at":"2019-10-23T07:40:43-07:00","entry_id":56478,"field1":"6.375","field2":"3.25"},{"created_at":"2019-10-23T07:50:22-07:00","entry_id":56479,"field1":"6.375","field2":"3.25"},{"created_at":"2019-10-23T07:59:58-07:00","entry_id":56480,"field1":"6.375","field2":"3.375"},{"created_at":"2019-10-23T08:09:35-07:00","entry_id":56481,"field1":"6.3125","field2":"3.4375"},{"created_at":"2019-10-23T08:19:12-07:00","entry_id":56482,"field1":"6.3125","field2":"3.4375"},{"created_at":"2019-10-23T08:28:49-07:00","entry_id":56483,"field1":"6.3125","field2":"3.5625"},{"created_at":"2019-10-23T08:38:27-07:00","entry_id":56484,"field1":"6.3125","field2":"3.625"},{"created_at":"2019-10-23T08:48:05-07:00","entry_id":56485,"field1":"6.3125","field2":"3.6875"},{"created_at":"2019-10-23T08:57:42-07:00","entry_id":56486,"field1":"6.3125","field2":"3.8125"},{"created_at":"2019-10-23T09:07:18-07:00","entry_id":56487,"field1":"6.25","field2":"3.625"},{"created_at":"2019-10-23T09:16:55-07:00","entry_id":56488,"field1":"6.25","field2":"3.8125"},{"created_at":"2019-10-23T09:26:32-07:00","entry_id":56489,"field1":"6.3125","field2":"3.75"},{"created_at":"2019-10-23T09:36:09-07:00","entry_id":56490,"field1":"6.3125","field2":"4.375"},{"created_at":"2019-10-23T09:45:47-07:00","entry_id":56491,"field1":"6.3125","field2":"4.625"},{"created_at":"2019-10-23T09:55:23-07:00","entry_id":56492,"field1":"6.4375","field2":"5"},{"created_at":"2019-10-23T10:05:00-07:00","entry_id":56493,"field1":"6.5625","field2":"5.1875"},{"created_at":"2019-10-23T10:14:37-07:00","entry_id":56494,"field1":"6.6875","field2":"5.4375"},{"created_at":"2019-10-23T10:24:14-07:00","entry_id":56495,"field1":"6.75","field2":"5.8125"},{"created_at":"2019-10-23T10:33:52-07:00","entry_id":56496,"field1":"6.875","field2":"5.9375"},{"created_at":"2019-10-23T10:43:29-07:00","entry_id":56497,"field1":"7.0625","field2":"6.8125"},{"created_at":"2019-10-23T10:53:06-07:00","entry_id":56498,"field1":"7.25","field2":"5.8125"},{"created_at":"2019-10-23T11:02:43-07:00","entry_id":56499,"field1":"7.4375","field2":"6.25"},{"created_at":"2019-10-23T11:12:21-07:00","entry_id":56500,"field1":"7.6875","field2":"6.25"},{"created_at":"2019-10-23T11:21:58-07:00","entry_id":56501,"field1":"7.875","field2":"6.5625"},{"created_at":"2019-10-23T11:31:35-07:00","entry_id":56502,"field1":"7.9375","field2":"6.5"},{"created_at":"2019-10-23T11:41:12-07:00","entry_id":56503,"field1":"7.8125","field2":"6.6875"},{"created_at":"2019-10-23T11:50:50-07:00","entry_id":56504,"field1":"7.875","field2":"6.75"},{"created_at":"2019-10-23T12:00:26-07:00","entry_id":56505,"field1":"7.875","field2":"6.6875"},{"created_at":"2019-10-23T12:10:03-07:00","entry_id":56506,"field1":"7.8125","field2":"6.9375"},{"created_at":"2019-10-23T12:19:41-07:00","entry_id":56507,"field1":"7.8125","field2":"6.9375"},{"created_at":"2019-10-23T12:29:18-07:00","entry_id":56508,"field1":"7.8125","field2":"7.25"},{"created_at":"2019-10-23T12:38:55-07:00","entry_id":56509,"field1":"7.8125","field2":"7.375"},{"created_at":"2019-10-23T12:48:32-07:00","entry_id":56510,"field1":"7.8125","field2":"7.5625"},{"created_at":"2019-10-23T12:58:10-07:00","entry_id":56511,"field1":"7.8125","field2":"8"},{"created_at":"2019-10-23T13:07:48-07:00","entry_id":56512,"field1":"7.8125","field2":"8.0625"},{"created_at":"2019-10-23T13:17:25-07:00","entry_id":56513,"field1":"7.8125","field2":"8.25"},{"created_at":"2019-10-23T13:27:02-07:00","entry_id":56514,"field1":"7.8125","field2":"8.4375"},{"created_at":"2019-10-23T13:36:38-07:00","entry_id":56515,"field1":"7.8125","field2":"8.6875"},{"created_at":"2019-10-23T13:46:15-07:00","entry_id":56516,"field1":"7.8125","field2":"8.6875"},{"created_at":"2019-10-23T13:55:53-07:00","entry_id":56517,"field1":"7.8125","field2":"8.75"},{"created_at":"2019-10-23T14:05:30-07:00","entry_id":56518,"field1":"7.8125","field2":"8.75"},{"created_at":"2019-10-23T14:15:07-07:00","entry_id":56519,"field1":"7.8125","field2":"8.625"},{"created_at":"2019-10-23T14:24:44-07:00","entry_id":56520,"field1":"7.8125","field2":"8.6875"},{"created_at":"2019-10-23T14:34:21-07:00","entry_id":56521,"field1":"7.8125","field2":"8.75"},{"created_at":"2019-10-23T14:43:58-07:00","entry_id":56522,"field1":"7.8125","field2":"8.6875"},{"created_at":"2019-10-23T14:53:35-07:00","entry_id":56523,"field1":"7.875","field2":"8.5"},{"created_at":"2019-10-23T15:03:12-07:00","entry_id":56524,"field1":"7.875","field2":"8.1875"},{"created_at":"2019-10-23T15:12:49-07:00","entry_id":56525,"field1":"7.8125","field2":"7.9375"},{"created_at":"2019-10-23T15:22:27-07:00","entry_id":56526,"field1":"7.8125","field2":"7.625"},{"created_at":"2019-10-23T15:32:04-07:00","entry_id":56527,"field1":"7.8125","field2":"7.375"},{"created_at":"2019-10-23T15:41:43-07:00","entry_id":56528,"field1":"7.8125","field2":"7.25"},{"created_at":"2019-10-23T15:51:19-07:00","entry_id":56529,"field1":"7.8125","field2":"7.0625"},{"created_at":"2019-10-23T16:00:56-07:00","entry_id":56530,"field1":"7.8125","field2":"7"},{"created_at":"2019-10-23T16:10:33-07:00","entry_id":56531,"field1":"7.8125","field2":"6.875"},{"created_at":"2019-10-23T16:20:10-07:00","entry_id":56532,"field1":"7.8125","field2":"6.75"},{"created_at":"2019-10-23T16:29:47-07:00","entry_id":56533,"field1":"7.75","field2":"6.625"},{"created_at":"2019-10-23T16:39:25-07:00","entry_id":56534,"field1":"7.75","field2":"6.5625"},{"created_at":"2019-10-23T16:49:06-07:00","entry_id":56535,"field1":"7.75","field2":"6.5"},{"created_at":"2019-10-23T16:58:41-07:00","entry_id":56536,"field1":"7.75","field2":"6.375"},{"created_at":"2019-10-23T17:08:18-07:00","entry_id":56537,"field1":"7.75","field2":"6.3125"},{"created_at":"2019-10-23T17:17:55-07:00","entry_id":56538,"field1":"7.6875","field2":"6.25"},{"created_at":"2019-10-23T17:27:32-07:00","entry_id":56539,"field1":"7.6875","field2":"6.125"},{"created_at":"2019-10-23T17:37:10-07:00","entry_id":56540,"field1":"7.6875","field2":"6"},{"created_at":"2019-10-23T17:46:46-07:00","entry_id":56541,"field1":"7.625","field2":"5.8125"},{"created_at":"2019-10-23T17:56:23-07:00","entry_id":56542,"field1":"7.625","field2":"5.625"},{"created_at":"2019-10-23T18:06:00-07:00","entry_id":56543,"field1":"7.625","field2":"5.5"},{"created_at":"2019-10-23T18:15:38-07:00","entry_id":56544,"field1":"7.625","field2":"5.4375"},{"created_at":"2019-10-23T18:25:14-07:00","entry_id":56545,"field1":"7.5625","field2":"5.3125"},{"created_at":"2019-10-23T18:34:52-07:00","entry_id":56546,"field1":"7.5625","field2":"5.1875"},{"created_at":"2019-10-23T18:44:32-07:00","entry_id":56547,"field1":"7.5625","field2":"5.3125"},{"created_at":"2019-10-23T18:54:07-07:00","entry_id":56548,"field1":"7.5","field2":"5.375"},{"created_at":"2019-10-23T19:03:44-07:00","entry_id":56549,"field1":"7.5","field2":"5.3125"},{"created_at":"2019-10-23T19:13:20-07:00","entry_id":56550,"field1":"7.5","field2":"5.25"},{"created_at":"2019-10-23T19:22:57-07:00","entry_id":56551,"field1":"7.5","field2":"5.25"},{"created_at":"2019-10-23T19:32:35-07:00","entry_id":56552,"field1":"7.5","field2":"5.0625"},{"created_at":"2019-10-23T19:42:13-07:00","entry_id":56553,"field1":"7.5","field2":"5"},{"created_at":"2019-10-23T19:51:49-07:00","entry_id":56554,"field1":"7.4375","field2":"4.9375"},{"created_at":"2019-10-23T20:01:26-07:00","entry_id":56555,"field1":"7.4375","field2":"4.9375"},{"created_at":"2019-10-23T20:11:03-07:00","entry_id":56556,"field1":"7.4375","field2":"4.75"},{"created_at":"2019-10-23T20:20:40-07:00","entry_id":56557,"field1":"7.4375","field2":"4.5"},{"created_at":"2019-10-23T20:30:17-07:00","entry_id":56558,"field1":"7.4375","field2":"4.4375"},{"created_at":"2019-10-23T20:39:54-07:00","entry_id":56559,"field1":"7.4375","field2":"4.375"},{"created_at":"2019-10-23T20:49:31-07:00","entry_id":56560,"field1":"7.375","field2":"4.4375"},{"created_at":"2019-10-23T20:59:08-07:00","entry_id":56561,"field1":"7.375","field2":"4.25"},{"created_at":"2019-10-23T21:08:45-07:00","entry_id":56562,"field1":"7.375","field2":"4.125"},{"created_at":"2019-10-23T21:18:22-07:00","entry_id":56563,"field1":"7.3125","field2":"4"},{"created_at":"2019-10-23T21:27:59-07:00","entry_id":56564,"field1":"7.3125","field2":"3.875"},{"created_at":"2019-10-23T21:37:41-07:00","entry_id":56565,"field1":"7.3125","field2":"3.875"},{"created_at":"2019-10-23T21:47:16-07:00","entry_id":56566,"field1":"7.25","field2":"3.75"},{"created_at":"2019-10-23T21:56:53-07:00","entry_id":56567,"field1":"7.25","field2":"3.625"},{"created_at":"2019-10-23T22:06:30-07:00","entry_id":56568,"field1":"7.25","field2":"3.5625"},{"created_at":"2019-10-23T22:16:07-07:00","entry_id":56569,"field1":"7.1875","field2":"3.5625"},{"created_at":"2019-10-23T22:25:44-07:00","entry_id":56570,"field1":"7.1875","field2":"3.625"},{"created_at":"2019-10-23T22:35:22-07:00","entry_id":56571,"field1":"7.125","field2":"3.625"},{"created_at":"2019-10-23T22:44:59-07:00","entry_id":56572,"field1":"7.125","field2":"3.75"},{"created_at":"2019-10-23T22:54:35-07:00","entry_id":56573,"field1":"7.125","field2":"3.5"},{"created_at":"2019-10-23T23:04:12-07:00","entry_id":56574,"field1":"7.125","field2":"3.6875"},{"created_at":"2019-10-23T23:13:49-07:00","entry_id":56575,"field1":"7.0625","field2":"3.625"},{"created_at":"2019-10-23T23:23:26-07:00","entry_id":56576,"field1":"7.0625","field2":"3.625"},{"created_at":"2019-10-23T23:33:02-07:00","entry_id":56577,"field1":"7.0625","field2":"3.6875"},{"created_at":"2019-10-23T23:42:40-07:00","entry_id":56578,"field1":"7","field2":"3.875"},{"created_at":"2019-10-23T23:52:16-07:00","entry_id":56579,"field1":"7","field2":"3.875"}]}