{"channel":{"id":581842,"name":"Upstairs Small Window Indoor / Outdoor Sensor","latitude":"0.0","longitude":"0.0","field1":"Indoor Temperature","field2":"Outdoor Temperature","created_at":"2018-09-23T15:37:52-07:00","updated_at":"2020-07-27T05:59:41-07:00","last_entry_id":325586},"feeds":[{"created_at":"2024-11-06T00:05:58-08:00","entry_id":325306,"field1":"4.375","field2":"1"},{"created_at":"2024-11-06T00:15:33-08:00","entry_id":325307,"field1":"4.375","field2":"0.875"},{"created_at":"2024-11-06T00:25:11-08:00","entry_id":325308,"field1":"4.375","field2":"0.6875"},{"created_at":"2024-11-06T00:34:49-08:00","entry_id":325309,"field1":"4.3125","field2":"0.625"},{"created_at":"2024-11-06T00:44:26-08:00","entry_id":325310,"field1":"4.3125","field2":"0.6875"},{"created_at":"2024-11-06T00:54:02-08:00","entry_id":325311,"field1":"4.3125","field2":"0.75"},{"created_at":"2024-11-06T01:03:40-08:00","entry_id":325312,"field1":"4.25","field2":"0.9375"},{"created_at":"2024-11-06T01:13:16-08:00","entry_id":325313,"field1":"4.25","field2":"0.875"},{"created_at":"2024-11-06T01:22:52-08:00","entry_id":325314,"field1":"4.25","field2":"0.875"},{"created_at":"2024-11-06T01:32:28-08:00","entry_id":325315,"field1":"4.25","field2":"0.625"},{"created_at":"2024-11-06T01:42:06-08:00","entry_id":325316,"field1":"4.1875","field2":"0.625"},{"created_at":"2024-11-06T01:51:43-08:00","entry_id":325317,"field1":"4.1875","field2":"0.5"},{"created_at":"2024-11-06T02:01:20-08:00","entry_id":325318,"field1":"4.1875","field2":"0.75"},{"created_at":"2024-11-06T02:10:57-08:00","entry_id":325319,"field1":"4.1875","field2":"0.5625"},{"created_at":"2024-11-06T02:20:34-08:00","entry_id":325320,"field1":"4.125","field2":"0.5625"},{"created_at":"2024-11-06T02:30:11-08:00","entry_id":325321,"field1":"4.125","field2":"0.625"},{"created_at":"2024-11-06T02:39:47-08:00","entry_id":325322,"field1":"4.0625","field2":"0.5625"},{"created_at":"2024-11-06T02:49:24-08:00","entry_id":325323,"field1":"4.0625","field2":"0.75"},{"created_at":"2024-11-06T02:59:01-08:00","entry_id":325324,"field1":"4.0625","field2":"0.8125"},{"created_at":"2024-11-06T03:08:36-08:00","entry_id":325325,"field1":"4.0625","field2":"0.9375"},{"created_at":"2024-11-06T03:18:14-08:00","entry_id":325326,"field1":"4.125","field2":"0.9375"},{"created_at":"2024-11-06T03:27:50-08:00","entry_id":325327,"field1":"4.1875","field2":"1"},{"created_at":"2024-11-06T03:37:28-08:00","entry_id":325328,"field1":"4.3125","field2":"1.0625"},{"created_at":"2024-11-06T03:47:05-08:00","entry_id":325329,"field1":"4.375","field2":"1.125"},{"created_at":"2024-11-06T03:56:43-08:00","entry_id":325330,"field1":"4.4375","field2":"1.125"},{"created_at":"2024-11-06T04:06:18-08:00","entry_id":325331,"field1":"4.5","field2":"1.1875"},{"created_at":"2024-11-06T04:15:54-08:00","entry_id":325332,"field1":"4.5625","field2":"1.25"},{"created_at":"2024-11-06T04:25:32-08:00","entry_id":325333,"field1":"4.625","field2":"1.375"},{"created_at":"2024-11-06T04:35:09-08:00","entry_id":325334,"field1":"4.6875","field2":"1.4375"},{"created_at":"2024-11-06T04:44:44-08:00","entry_id":325335,"field1":"4.75","field2":"1.375"},{"created_at":"2024-11-06T04:54:21-08:00","entry_id":325336,"field1":"4.75","field2":"1.375"},{"created_at":"2024-11-06T05:03:58-08:00","entry_id":325337,"field1":"4.75","field2":"1.4375"},{"created_at":"2024-11-06T05:13:35-08:00","entry_id":325338,"field1":"4.8125","field2":"1.5"},{"created_at":"2024-11-06T05:23:13-08:00","entry_id":325339,"field1":"4.875","field2":"1.5625"},{"created_at":"2024-11-06T05:32:49-08:00","entry_id":325340,"field1":"4.9375","field2":"1.625"},{"created_at":"2024-11-06T05:42:26-08:00","entry_id":325341,"field1":"4.9375","field2":"1.625"},{"created_at":"2024-11-06T05:52:04-08:00","entry_id":325342,"field1":"5","field2":"1.5625"},{"created_at":"2024-11-06T06:01:39-08:00","entry_id":325343,"field1":"5","field2":"1.6875"},{"created_at":"2024-11-06T06:11:17-08:00","entry_id":325344,"field1":"5","field2":"1.625"},{"created_at":"2024-11-06T06:20:52-08:00","entry_id":325345,"field1":"5.0625","field2":"1.5"},{"created_at":"2024-11-06T06:30:28-08:00","entry_id":325346,"field1":"5.0625","field2":"1.625"},{"created_at":"2024-11-06T06:40:04-08:00","entry_id":325347,"field1":"5.125","field2":"1.5625"},{"created_at":"2024-11-06T06:49:42-08:00","entry_id":325348,"field1":"5.125","field2":"1.5"},{"created_at":"2024-11-06T06:59:19-08:00","entry_id":325349,"field1":"5.1875","field2":"1.625"},{"created_at":"2024-11-06T07:08:55-08:00","entry_id":325350,"field1":"5.1875","field2":"1.625"},{"created_at":"2024-11-06T07:18:33-08:00","entry_id":325351,"field1":"5.25","field2":"1.75"},{"created_at":"2024-11-06T07:28:10-08:00","entry_id":325352,"field1":"5.25","field2":"1.75"},{"created_at":"2024-11-06T07:37:47-08:00","entry_id":325353,"field1":"5.3125","field2":"1.875"},{"created_at":"2024-11-06T07:47:24-08:00","entry_id":325354,"field1":"5.3125","field2":"2"},{"created_at":"2024-11-06T07:57:01-08:00","entry_id":325355,"field1":"5.3125","field2":"2.25"},{"created_at":"2024-11-06T08:06:38-08:00","entry_id":325356,"field1":"5.375","field2":"2.4375"},{"created_at":"2024-11-06T08:16:15-08:00","entry_id":325357,"field1":"5.375","field2":"2.4375"},{"created_at":"2024-11-06T08:25:51-08:00","entry_id":325358,"field1":"5.4375","field2":"2.5"},{"created_at":"2024-11-06T08:35:26-08:00","entry_id":325359,"field1":"5.4375","field2":"2.5"},{"created_at":"2024-11-06T08:45:05-08:00","entry_id":325360,"field1":"5.4375","field2":"2.5625"},{"created_at":"2024-11-06T08:54:42-08:00","entry_id":325361,"field1":"5.5","field2":"2.75"},{"created_at":"2024-11-06T09:04:19-08:00","entry_id":325362,"field1":"5.5625","field2":"2.9375"},{"created_at":"2024-11-06T09:13:56-08:00","entry_id":325363,"field1":"5.5","field2":"2.8125"},{"created_at":"2024-11-06T09:23:33-08:00","entry_id":325364,"field1":"5.375","field2":"3"},{"created_at":"2024-11-06T09:33:10-08:00","entry_id":325365,"field1":"5.25","field2":"3.0625"},{"created_at":"2024-11-06T09:42:46-08:00","entry_id":325366,"field1":"5.1875","field2":"3.125"},{"created_at":"2024-11-06T09:52:22-08:00","entry_id":325367,"field1":"5.1875","field2":"3.4375"},{"created_at":"2024-11-06T10:02:00-08:00","entry_id":325368,"field1":"5.125","field2":"3.5"},{"created_at":"2024-11-06T10:11:37-08:00","entry_id":325369,"field1":"5.125","field2":"3.6875"},{"created_at":"2024-11-06T10:21:14-08:00","entry_id":325370,"field1":"5.0625","field2":"3.75"},{"created_at":"2024-11-06T10:30:51-08:00","entry_id":325371,"field1":"5.0625","field2":"3.8125"},{"created_at":"2024-11-06T10:40:26-08:00","entry_id":325372,"field1":"5.0625","field2":"3.875"},{"created_at":"2024-11-06T10:50:04-08:00","entry_id":325373,"field1":"5","field2":"3.9375"},{"created_at":"2024-11-06T10:59:41-08:00","entry_id":325374,"field1":"5","field2":"3.8125"},{"created_at":"2024-11-06T11:09:18-08:00","entry_id":325375,"field1":"5","field2":"4"},{"created_at":"2024-11-06T11:18:55-08:00","entry_id":325376,"field1":"5","field2":"4.1875"},{"created_at":"2024-11-06T11:28:32-08:00","entry_id":325377,"field1":"5","field2":"4.25"},{"created_at":"2024-11-06T11:38:07-08:00","entry_id":325378,"field1":"5","field2":"4.1875"},{"created_at":"2024-11-06T11:47:43-08:00","entry_id":325379,"field1":"5","field2":"4.25"},{"created_at":"2024-11-06T11:57:21-08:00","entry_id":325380,"field1":"5","field2":"4.3125"},{"created_at":"2024-11-06T12:06:58-08:00","entry_id":325381,"field1":"5","field2":"4.375"},{"created_at":"2024-11-06T12:16:35-08:00","entry_id":325382,"field1":"5","field2":"4.4375"},{"created_at":"2024-11-06T12:26:12-08:00","entry_id":325383,"field1":"5","field2":"4.5625"},{"created_at":"2024-11-06T12:35:49-08:00","entry_id":325384,"field1":"5","field2":"4.625"},{"created_at":"2024-11-06T12:45:26-08:00","entry_id":325385,"field1":"5","field2":"4.875"},{"created_at":"2024-11-06T12:55:03-08:00","entry_id":325386,"field1":"5","field2":"4.875"},{"created_at":"2024-11-06T13:04:41-08:00","entry_id":325387,"field1":"5.0625","field2":"4.8125"},{"created_at":"2024-11-06T13:14:15-08:00","entry_id":325388,"field1":"5","field2":"4.875"},{"created_at":"2024-11-06T13:23:54-08:00","entry_id":325389,"field1":"5.0625","field2":"4.875"},{"created_at":"2024-11-06T13:33:30-08:00","entry_id":325390,"field1":"5.0625","field2":"5.25"},{"created_at":"2024-11-06T13:43:08-08:00","entry_id":325391,"field1":"5.0625","field2":"5.125"},{"created_at":"2024-11-06T13:52:44-08:00","entry_id":325392,"field1":"5.0625","field2":"5.125"},{"created_at":"2024-11-06T14:02:22-08:00","entry_id":325393,"field1":"5.0625","field2":"5.3125"},{"created_at":"2024-11-06T14:11:59-08:00","entry_id":325394,"field1":"5.125","field2":"5.375"},{"created_at":"2024-11-06T14:21:36-08:00","entry_id":325395,"field1":"5.125","field2":"5.375"},{"created_at":"2024-11-06T14:31:12-08:00","entry_id":325396,"field1":"5.125","field2":"5.375"},{"created_at":"2024-11-06T14:40:48-08:00","entry_id":325397,"field1":"5.1875","field2":"5.4375"},{"created_at":"2024-11-06T14:50:26-08:00","entry_id":325398,"field1":"5.1875","field2":"5.375"},{"created_at":"2024-11-06T15:00:03-08:00","entry_id":325399,"field1":"5.1875","field2":"5.375"},{"created_at":"2024-11-06T15:09:39-08:00","entry_id":325400,"field1":"5.1875","field2":"5.4375"},{"created_at":"2024-11-06T15:19:17-08:00","entry_id":325401,"field1":"5.1875","field2":"5.3125"},{"created_at":"2024-11-06T15:28:54-08:00","entry_id":325402,"field1":"5.1875","field2":"5.1875"},{"created_at":"2024-11-06T15:38:30-08:00","entry_id":325403,"field1":"5.1875","field2":"5.0625"},{"created_at":"2024-11-06T15:48:08-08:00","entry_id":325404,"field1":"5.1875","field2":"4.9375"},{"created_at":"2024-11-06T15:57:43-08:00","entry_id":325405,"field1":"5.1875","field2":"4.8125"},{"created_at":"2024-11-06T16:07:22-08:00","entry_id":325406,"field1":"5.1875","field2":"4.75"},{"created_at":"2024-11-06T16:16:58-08:00","entry_id":325407,"field1":"5.1875","field2":"4.75"},{"created_at":"2024-11-06T16:26:35-08:00","entry_id":325408,"field1":"5.1875","field2":"4.625"},{"created_at":"2024-11-06T16:36:11-08:00","entry_id":325409,"field1":"5.1875","field2":"4.4375"},{"created_at":"2024-11-06T16:45:47-08:00","entry_id":325410,"field1":"5.1875","field2":"4.375"},{"created_at":"2024-11-06T16:55:25-08:00","entry_id":325411,"field1":"5.1875","field2":"4.25"},{"created_at":"2024-11-06T17:05:03-08:00","entry_id":325412,"field1":"5.1875","field2":"4.125"},{"created_at":"2024-11-06T17:14:39-08:00","entry_id":325413,"field1":"5.1875","field2":"4"},{"created_at":"2024-11-06T17:24:17-08:00","entry_id":325414,"field1":"5.1875","field2":"3.875"},{"created_at":"2024-11-06T17:33:52-08:00","entry_id":325415,"field1":"5.1875","field2":"3.6875"},{"created_at":"2024-11-06T17:43:30-08:00","entry_id":325416,"field1":"5.1875","field2":"3.4375"},{"created_at":"2024-11-06T17:53:07-08:00","entry_id":325417,"field1":"5.125","field2":"3.125"},{"created_at":"2024-11-06T18:02:43-08:00","entry_id":325418,"field1":"5.125","field2":"3"},{"created_at":"2024-11-06T18:12:21-08:00","entry_id":325419,"field1":"5.125","field2":"2.9375"},{"created_at":"2024-11-06T18:21:58-08:00","entry_id":325420,"field1":"5.125","field2":"2.8125"},{"created_at":"2024-11-06T18:31:35-08:00","entry_id":325421,"field1":"5.125","field2":"2.625"},{"created_at":"2024-11-06T18:41:11-08:00","entry_id":325422,"field1":"5.0625","field2":"2.5"},{"created_at":"2024-11-06T18:50:48-08:00","entry_id":325423,"field1":"5.0625","field2":"2.4375"},{"created_at":"2024-11-06T19:00:25-08:00","entry_id":325424,"field1":"5.0625","field2":"2.5"},{"created_at":"2024-11-06T19:10:02-08:00","entry_id":325425,"field1":"5.0625","field2":"2.6875"},{"created_at":"2024-11-06T19:19:39-08:00","entry_id":325426,"field1":"5.0625","field2":"2.8125"},{"created_at":"2024-11-06T19:29:17-08:00","entry_id":325427,"field1":"5","field2":"2.9375"},{"created_at":"2024-11-06T19:38:53-08:00","entry_id":325428,"field1":"5","field2":"2.9375"},{"created_at":"2024-11-06T19:48:30-08:00","entry_id":325429,"field1":"5","field2":"2.9375"},{"created_at":"2024-11-06T19:58:07-08:00","entry_id":325430,"field1":"4.9375","field2":"2.75"},{"created_at":"2024-11-06T20:07:45-08:00","entry_id":325431,"field1":"4.9375","field2":"2.625"},{"created_at":"2024-11-06T20:17:22-08:00","entry_id":325432,"field1":"4.9375","field2":"2.5"},{"created_at":"2024-11-06T20:26:59-08:00","entry_id":325433,"field1":"4.9375","field2":"2.5625"},{"created_at":"2024-11-06T20:36:36-08:00","entry_id":325434,"field1":"4.875","field2":"2.5"},{"created_at":"2024-11-06T20:46:13-08:00","entry_id":325435,"field1":"4.875","field2":"2.625"},{"created_at":"2024-11-06T20:55:50-08:00","entry_id":325436,"field1":"4.875","field2":"2.6875"},{"created_at":"2024-11-06T21:05:26-08:00","entry_id":325437,"field1":"4.875","field2":"2.6875"},{"created_at":"2024-11-06T21:15:02-08:00","entry_id":325438,"field1":"4.875","field2":"2.6875"},{"created_at":"2024-11-06T21:24:40-08:00","entry_id":325439,"field1":"4.8125","field2":"2.5"},{"created_at":"2024-11-06T21:34:17-08:00","entry_id":325440,"field1":"4.8125","field2":"2.3125"},{"created_at":"2024-11-06T21:43:54-08:00","entry_id":325441,"field1":"4.8125","field2":"2.375"},{"created_at":"2024-11-06T21:53:31-08:00","entry_id":325442,"field1":"4.8125","field2":"2.375"},{"created_at":"2024-11-06T22:03:08-08:00","entry_id":325443,"field1":"4.8125","field2":"2.3125"},{"created_at":"2024-11-06T22:12:45-08:00","entry_id":325444,"field1":"4.75","field2":"2.3125"},{"created_at":"2024-11-06T22:22:20-08:00","entry_id":325445,"field1":"4.75","field2":"2.375"},{"created_at":"2024-11-06T22:31:59-08:00","entry_id":325446,"field1":"4.75","field2":"2.5"},{"created_at":"2024-11-06T22:41:36-08:00","entry_id":325447,"field1":"4.75","field2":"2.625"},{"created_at":"2024-11-06T22:51:13-08:00","entry_id":325448,"field1":"4.6875","field2":"2.75"},{"created_at":"2024-11-06T23:00:50-08:00","entry_id":325449,"field1":"4.6875","field2":"2.75"},{"created_at":"2024-11-06T23:10:25-08:00","entry_id":325450,"field1":"4.6875","field2":"2.8125"},{"created_at":"2024-11-06T23:20:03-08:00","entry_id":325451,"field1":"4.6875","field2":"2.9375"},{"created_at":"2024-11-06T23:29:41-08:00","entry_id":325452,"field1":"4.6875","field2":"2.875"},{"created_at":"2024-11-06T23:39:18-08:00","entry_id":325453,"field1":"4.625","field2":"2.9375"},{"created_at":"2024-11-06T23:48:56-08:00","entry_id":325454,"field1":"4.625","field2":"2.875"},{"created_at":"2024-11-06T23:58:32-08:00","entry_id":325455,"field1":"4.625","field2":"3"}]}