{"channel":{"id":581842,"name":"Upstairs Small Window Indoor / Outdoor Sensor","latitude":"0.0","longitude":"0.0","field1":"Indoor Temperature","field2":"Outdoor Temperature","created_at":"2018-09-23T15:37:52-07:00","updated_at":"2020-07-27T05:59:41-07:00","last_entry_id":150129},"feeds":[{"created_at":"2019-10-28T00:03:01-07:00","entry_id":57107,"field1":"5.5","field2":"2.75"},{"created_at":"2019-10-28T00:12:37-07:00","entry_id":57108,"field1":"5.5","field2":"2.75"},{"created_at":"2019-10-28T00:22:15-07:00","entry_id":57109,"field1":"5.5","field2":"2.6875"},{"created_at":"2019-10-28T00:31:51-07:00","entry_id":57110,"field1":"5.5","field2":"2.75"},{"created_at":"2019-10-28T00:41:29-07:00","entry_id":57111,"field1":"5.4375","field2":"2.625"},{"created_at":"2019-10-28T00:51:05-07:00","entry_id":57112,"field1":"5.4375","field2":"2.8125"},{"created_at":"2019-10-28T01:00:42-07:00","entry_id":57113,"field1":"5.4375","field2":"2.625"},{"created_at":"2019-10-28T01:10:19-07:00","entry_id":57114,"field1":"5.4375","field2":"2.75"},{"created_at":"2019-10-28T01:19:56-07:00","entry_id":57115,"field1":"5.375","field2":"2.6875"},{"created_at":"2019-10-28T01:29:33-07:00","entry_id":57116,"field1":"5.375","field2":"2.6875"},{"created_at":"2019-10-28T01:39:10-07:00","entry_id":57117,"field1":"5.375","field2":"2.625"},{"created_at":"2019-10-28T01:48:47-07:00","entry_id":57118,"field1":"5.375","field2":"2.625"},{"created_at":"2019-10-28T01:58:24-07:00","entry_id":57119,"field1":"5.3125","field2":"2.625"},{"created_at":"2019-10-28T02:08:01-07:00","entry_id":57120,"field1":"5.3125","field2":"2.6875"},{"created_at":"2019-10-28T02:17:38-07:00","entry_id":57121,"field1":"5.3125","field2":"2.6875"},{"created_at":"2019-10-28T02:27:15-07:00","entry_id":57122,"field1":"5.3125","field2":"2.625"},{"created_at":"2019-10-28T02:36:52-07:00","entry_id":57123,"field1":"5.25","field2":"2.5625"},{"created_at":"2019-10-28T02:46:28-07:00","entry_id":57124,"field1":"5.25","field2":"2.5625"},{"created_at":"2019-10-28T02:56:05-07:00","entry_id":57125,"field1":"5.25","field2":"2.5"},{"created_at":"2019-10-28T03:05:42-07:00","entry_id":57126,"field1":"5.25","field2":"2.5"},{"created_at":"2019-10-28T03:15:19-07:00","entry_id":57127,"field1":"5.1875","field2":"2.5"},{"created_at":"2019-10-28T03:24:56-07:00","entry_id":57128,"field1":"5.1875","field2":"2.375"},{"created_at":"2019-10-28T03:34:33-07:00","entry_id":57129,"field1":"5.1875","field2":"2.375"},{"created_at":"2019-10-28T03:44:10-07:00","entry_id":57130,"field1":"5.1875","field2":"2.1875"},{"created_at":"2019-10-28T03:53:48-07:00","entry_id":57131,"field1":"5.125","field2":"2.0625"},{"created_at":"2019-10-28T04:03:25-07:00","entry_id":57132,"field1":"5.125","field2":"2.1875"},{"created_at":"2019-10-28T04:13:03-07:00","entry_id":57133,"field1":"5.125","field2":"2.125"},{"created_at":"2019-10-28T04:22:39-07:00","entry_id":57134,"field1":"5.125","field2":"2.375"},{"created_at":"2019-10-28T04:32:16-07:00","entry_id":57135,"field1":"5.125","field2":"2.1875"},{"created_at":"2019-10-28T04:41:54-07:00","entry_id":57136,"field1":"5.125","field2":"2"},{"created_at":"2019-10-28T04:51:32-07:00","entry_id":57137,"field1":"5.0625","field2":"2.125"},{"created_at":"2019-10-28T05:01:09-07:00","entry_id":57138,"field1":"5.0625","field2":"2.0625"},{"created_at":"2019-10-28T05:10:46-07:00","entry_id":57139,"field1":"5.0625","field2":"2"},{"created_at":"2019-10-28T05:20:23-07:00","entry_id":57140,"field1":"5","field2":"2.1875"},{"created_at":"2019-10-28T05:30:00-07:00","entry_id":57141,"field1":"5","field2":"1.875"},{"created_at":"2019-10-28T05:39:37-07:00","entry_id":57142,"field1":"5","field2":"1.8125"},{"created_at":"2019-10-28T05:49:16-07:00","entry_id":57143,"field1":"4.9375","field2":"1.75"},{"created_at":"2019-10-28T05:58:52-07:00","entry_id":57144,"field1":"4.9375","field2":"1.5625"},{"created_at":"2019-10-28T06:08:29-07:00","entry_id":57145,"field1":"4.9375","field2":"1.25"},{"created_at":"2019-10-28T06:18:06-07:00","entry_id":57146,"field1":"4.9375","field2":"1.3125"},{"created_at":"2019-10-28T06:27:43-07:00","entry_id":57147,"field1":"4.9375","field2":"1.1875"},{"created_at":"2019-10-28T06:37:20-07:00","entry_id":57148,"field1":"4.875","field2":"1"},{"created_at":"2019-10-28T06:46:59-07:00","entry_id":57149,"field1":"4.875","field2":"1.125"},{"created_at":"2019-10-28T06:56:35-07:00","entry_id":57150,"field1":"4.8125","field2":"0.875"},{"created_at":"2019-10-28T07:06:12-07:00","entry_id":57151,"field1":"4.8125","field2":"0.6875"},{"created_at":"2019-10-28T07:15:49-07:00","entry_id":57152,"field1":"4.8125","field2":"0.375"},{"created_at":"2019-10-28T07:25:26-07:00","entry_id":57153,"field1":"4.75","field2":"0.25"},{"created_at":"2019-10-28T07:35:03-07:00","entry_id":57154,"field1":"4.75","field2":"0.8125"},{"created_at":"2019-10-28T07:44:40-07:00","entry_id":57155,"field1":"4.75","field2":"0.8125"},{"created_at":"2019-10-28T07:54:17-07:00","entry_id":57156,"field1":"4.75","field2":"0.75"},{"created_at":"2019-10-28T08:03:54-07:00","entry_id":57157,"field1":"4.6875","field2":"0.5625"},{"created_at":"2019-10-28T08:13:31-07:00","entry_id":57158,"field1":"4.6875","field2":"1.1875"},{"created_at":"2019-10-28T08:23:08-07:00","entry_id":57159,"field1":"4.6875","field2":"1.1875"},{"created_at":"2019-10-28T08:32:45-07:00","entry_id":57160,"field1":"4.625","field2":"1"},{"created_at":"2019-10-28T08:42:22-07:00","entry_id":57161,"field1":"4.625","field2":"1.125"},{"created_at":"2019-10-28T08:52:00-07:00","entry_id":57162,"field1":"4.625","field2":"0.9375"},{"created_at":"2019-10-28T09:01:37-07:00","entry_id":57163,"field1":"4.5625","field2":"1"},{"created_at":"2019-10-28T09:11:14-07:00","entry_id":57164,"field1":"4.5625","field2":"1.0625"},{"created_at":"2019-10-28T09:20:51-07:00","entry_id":57165,"field1":"4.5625","field2":"1.0625"},{"created_at":"2019-10-28T09:30:32-07:00","entry_id":57166,"field1":"4.5625","field2":"1.125"},{"created_at":"2019-10-28T09:40:07-07:00","entry_id":57167,"field1":"4.5625","field2":"1.125"},{"created_at":"2019-10-28T09:49:44-07:00","entry_id":57168,"field1":"4.5625","field2":"1.375"},{"created_at":"2019-10-28T09:59:21-07:00","entry_id":57169,"field1":"4.5625","field2":"1.8125"},{"created_at":"2019-10-28T10:08:59-07:00","entry_id":57170,"field1":"4.625","field2":"2.4375"},{"created_at":"2019-10-28T10:18:36-07:00","entry_id":57171,"field1":"4.625","field2":"2.8125"},{"created_at":"2019-10-28T10:28:13-07:00","entry_id":57172,"field1":"4.625","field2":"2.375"},{"created_at":"2019-10-28T10:37:50-07:00","entry_id":57173,"field1":"4.625","field2":"2.375"},{"created_at":"2019-10-28T10:47:26-07:00","entry_id":57174,"field1":"4.75","field2":"3.0625"},{"created_at":"2019-10-28T10:57:03-07:00","entry_id":57175,"field1":"4.75","field2":"3.125"},{"created_at":"2019-10-28T11:06:41-07:00","entry_id":57176,"field1":"4.6875","field2":"3.5"},{"created_at":"2019-10-28T11:16:18-07:00","entry_id":57177,"field1":"4.6875","field2":"3.5625"},{"created_at":"2019-10-28T11:25:55-07:00","entry_id":57178,"field1":"4.6875","field2":"3.6875"},{"created_at":"2019-10-28T11:35:33-07:00","entry_id":57179,"field1":"4.75","field2":"4.0625"},{"created_at":"2019-10-28T11:45:09-07:00","entry_id":57180,"field1":"4.8125","field2":"5.125"},{"created_at":"2019-10-28T11:54:46-07:00","entry_id":57181,"field1":"4.875","field2":"5.875"},{"created_at":"2019-10-28T12:04:24-07:00","entry_id":57182,"field1":"4.875","field2":"6.375"},{"created_at":"2019-10-28T12:14:00-07:00","entry_id":57183,"field1":"4.9375","field2":"6.875"},{"created_at":"2019-10-28T12:23:37-07:00","entry_id":57184,"field1":"4.9375","field2":"6.75"},{"created_at":"2019-10-28T12:33:15-07:00","entry_id":57185,"field1":"5","field2":"7"},{"created_at":"2019-10-28T12:42:53-07:00","entry_id":57186,"field1":"5","field2":"6.8125"},{"created_at":"2019-10-28T12:52:30-07:00","entry_id":57187,"field1":"5.0625","field2":"6.625"},{"created_at":"2019-10-28T13:02:07-07:00","entry_id":57188,"field1":"5.0625","field2":"6.25"},{"created_at":"2019-10-28T13:11:43-07:00","entry_id":57189,"field1":"5.0625","field2":"6.375"},{"created_at":"2019-10-28T13:21:21-07:00","entry_id":57190,"field1":"5.125","field2":"6.75"},{"created_at":"2019-10-28T13:30:58-07:00","entry_id":57191,"field1":"5.125","field2":"6.625"},{"created_at":"2019-10-28T13:40:35-07:00","entry_id":57192,"field1":"5.125","field2":"6.5625"},{"created_at":"2019-10-28T13:50:12-07:00","entry_id":57193,"field1":"5.125","field2":"6.625"},{"created_at":"2019-10-28T13:59:49-07:00","entry_id":57194,"field1":"5.1875","field2":"6.25"},{"created_at":"2019-10-28T14:09:26-07:00","entry_id":57195,"field1":"5.1875","field2":"6"},{"created_at":"2019-10-28T14:19:04-07:00","entry_id":57196,"field1":"5.1875","field2":"5.875"},{"created_at":"2019-10-28T14:28:42-07:00","entry_id":57197,"field1":"5.1875","field2":"5.6875"},{"created_at":"2019-10-28T14:38:19-07:00","entry_id":57198,"field1":"5.1875","field2":"5.75"},{"created_at":"2019-10-28T14:47:56-07:00","entry_id":57199,"field1":"5.1875","field2":"5.5"},{"created_at":"2019-10-28T14:57:34-07:00","entry_id":57200,"field1":"5.1875","field2":"5.5"},{"created_at":"2019-10-28T15:07:11-07:00","entry_id":57201,"field1":"5.1875","field2":"5.125"},{"created_at":"2019-10-28T15:16:47-07:00","entry_id":57202,"field1":"5.1875","field2":"4.9375"},{"created_at":"2019-10-28T15:26:25-07:00","entry_id":57203,"field1":"5.1875","field2":"4.6875"},{"created_at":"2019-10-28T15:36:02-07:00","entry_id":57204,"field1":"5.1875","field2":"4.4375"},{"created_at":"2019-10-28T15:45:42-07:00","entry_id":57205,"field1":"5.1875","field2":"4.25"},{"created_at":"2019-10-28T15:55:17-07:00","entry_id":57206,"field1":"5.1875","field2":"4.125"},{"created_at":"2019-10-28T16:04:54-07:00","entry_id":57207,"field1":"5.1875","field2":"3.875"},{"created_at":"2019-10-28T16:14:32-07:00","entry_id":57208,"field1":"5.1875","field2":"3.75"},{"created_at":"2019-10-28T16:24:09-07:00","entry_id":57209,"field1":"5.125","field2":"3.5625"},{"created_at":"2019-10-28T16:33:46-07:00","entry_id":57210,"field1":"5.125","field2":"3.375"},{"created_at":"2019-10-28T16:43:23-07:00","entry_id":57211,"field1":"5.125","field2":"3.3125"},{"created_at":"2019-10-28T16:53:00-07:00","entry_id":57212,"field1":"5.125","field2":"3.1875"},{"created_at":"2019-10-28T17:02:37-07:00","entry_id":57213,"field1":"5.0625","field2":"3.1875"},{"created_at":"2019-10-28T17:12:14-07:00","entry_id":57214,"field1":"5.0625","field2":"2.9375"},{"created_at":"2019-10-28T17:21:50-07:00","entry_id":57215,"field1":"5.0625","field2":"2.875"},{"created_at":"2019-10-28T17:31:28-07:00","entry_id":57216,"field1":"5.0625","field2":"2.5625"},{"created_at":"2019-10-28T17:41:04-07:00","entry_id":57217,"field1":"5","field2":"2.4375"},{"created_at":"2019-10-28T17:50:41-07:00","entry_id":57218,"field1":"4.9375","field2":"2.3125"},{"created_at":"2019-10-28T18:00:18-07:00","entry_id":57219,"field1":"4.9375","field2":"2.0625"},{"created_at":"2019-10-28T18:09:55-07:00","entry_id":57220,"field1":"4.9375","field2":"2"},{"created_at":"2019-10-28T18:19:32-07:00","entry_id":57221,"field1":"4.9375","field2":"1.8125"},{"created_at":"2019-10-28T18:29:09-07:00","entry_id":57222,"field1":"4.875","field2":"1.5625"},{"created_at":"2019-10-28T18:38:46-07:00","entry_id":57223,"field1":"4.875","field2":"1.4375"},{"created_at":"2019-10-28T18:48:23-07:00","entry_id":57224,"field1":"4.875","field2":"1.375"},{"created_at":"2019-10-28T18:58:00-07:00","entry_id":57225,"field1":"4.8125","field2":"1.1875"},{"created_at":"2019-10-28T19:07:37-07:00","entry_id":57226,"field1":"4.8125","field2":"1"},{"created_at":"2019-10-28T19:17:15-07:00","entry_id":57227,"field1":"4.8125","field2":"0.875"},{"created_at":"2019-10-28T19:26:52-07:00","entry_id":57228,"field1":"4.75","field2":"0.875"},{"created_at":"2019-10-28T19:36:29-07:00","entry_id":57229,"field1":"4.75","field2":"0.75"},{"created_at":"2019-10-28T19:46:06-07:00","entry_id":57230,"field1":"4.75","field2":"0.4375"},{"created_at":"2019-10-28T19:55:42-07:00","entry_id":57231,"field1":"4.6875","field2":"0.375"},{"created_at":"2019-10-28T20:05:19-07:00","entry_id":57232,"field1":"4.6875","field2":"0.125"},{"created_at":"2019-10-28T20:14:56-07:00","entry_id":57233,"field1":"4.625","field2":"-0.0625"},{"created_at":"2019-10-28T20:24:33-07:00","entry_id":57234,"field1":"4.625","field2":"-0.1875"},{"created_at":"2019-10-28T20:34:10-07:00","entry_id":57235,"field1":"4.5625","field2":"-0.375"},{"created_at":"2019-10-28T20:43:46-07:00","entry_id":57236,"field1":"4.5625","field2":"-0.625"},{"created_at":"2019-10-28T20:53:23-07:00","entry_id":57237,"field1":"4.5","field2":"-0.75"},{"created_at":"2019-10-28T21:03:00-07:00","entry_id":57238,"field1":"4.5","field2":"-0.75"},{"created_at":"2019-10-28T21:12:37-07:00","entry_id":57239,"field1":"4.4375","field2":"-0.9375"},{"created_at":"2019-10-28T21:22:13-07:00","entry_id":57240,"field1":"4.4375","field2":"-0.9375"},{"created_at":"2019-10-28T21:31:50-07:00","entry_id":57241,"field1":"4.375","field2":"-0.75"},{"created_at":"2019-10-28T21:41:27-07:00","entry_id":57242,"field1":"4.3125","field2":"-0.875"},{"created_at":"2019-10-28T21:51:04-07:00","entry_id":57243,"field1":"4.25","field2":"-0.8125"},{"created_at":"2019-10-28T22:00:40-07:00","entry_id":57244,"field1":"4.25","field2":"-1"},{"created_at":"2019-10-28T22:10:17-07:00","entry_id":57245,"field1":"4.25","field2":"-0.8125"},{"created_at":"2019-10-28T22:19:54-07:00","entry_id":57246,"field1":"4.1875","field2":"-0.9375"},{"created_at":"2019-10-28T22:29:30-07:00","entry_id":57247,"field1":"4.1875","field2":"-0.875"},{"created_at":"2019-10-28T22:39:07-07:00","entry_id":57248,"field1":"4.125","field2":"-1"},{"created_at":"2019-10-28T22:48:43-07:00","entry_id":57249,"field1":"4.125","field2":"-1.1875"},{"created_at":"2019-10-28T22:58:21-07:00","entry_id":57250,"field1":"4.0625","field2":"-1.125"},{"created_at":"2019-10-28T23:07:58-07:00","entry_id":57251,"field1":"4","field2":"-1.1875"},{"created_at":"2019-10-28T23:17:34-07:00","entry_id":57252,"field1":"4","field2":"-1.375"},{"created_at":"2019-10-28T23:27:11-07:00","entry_id":57253,"field1":"3.9375","field2":"-1.4375"},{"created_at":"2019-10-28T23:36:48-07:00","entry_id":57254,"field1":"3.875","field2":"-1.4375"},{"created_at":"2019-10-28T23:46:25-07:00","entry_id":57255,"field1":"3.875","field2":"-1.6875"},{"created_at":"2019-10-28T23:56:02-07:00","entry_id":57256,"field1":"3.8125","field2":"-1.625"}]}