{"channel":{"id":581842,"name":"Upstairs Small Window Indoor / Outdoor Sensor","latitude":"0.0","longitude":"0.0","field1":"Indoor Temperature","field2":"Outdoor Temperature","created_at":"2018-09-23T15:37:52-07:00","updated_at":"2020-07-27T05:59:41-07:00","last_entry_id":286989},"feeds":[{"created_at":"2024-02-20T00:06:00-08:00","entry_id":286709,"field1":"0.5","field2":"0.4375"},{"created_at":"2024-02-20T00:15:36-08:00","entry_id":286710,"field1":"0.5","field2":"0.375"},{"created_at":"2024-02-20T00:25:12-08:00","entry_id":286711,"field1":"0.5","field2":"0.5625"},{"created_at":"2024-02-20T00:34:50-08:00","entry_id":286712,"field1":"0.5","field2":"0.4375"},{"created_at":"2024-02-20T00:44:27-08:00","entry_id":286713,"field1":"0.5","field2":"0.4375"},{"created_at":"2024-02-20T00:54:03-08:00","entry_id":286714,"field1":"0.5","field2":"0.4375"},{"created_at":"2024-02-20T01:03:40-08:00","entry_id":286715,"field1":"0.5","field2":"0.375"},{"created_at":"2024-02-20T01:13:17-08:00","entry_id":286716,"field1":"0.5","field2":"0.4375"},{"created_at":"2024-02-20T01:22:54-08:00","entry_id":286717,"field1":"0.5","field2":"0.375"},{"created_at":"2024-02-20T01:32:30-08:00","entry_id":286718,"field1":"0.5","field2":"0.375"},{"created_at":"2024-02-20T01:42:07-08:00","entry_id":286719,"field1":"0.5","field2":"0.3125"},{"created_at":"2024-02-20T01:51:44-08:00","entry_id":286720,"field1":"0.5","field2":"0.3125"},{"created_at":"2024-02-20T02:01:21-08:00","entry_id":286721,"field1":"0.5","field2":"0.3125"},{"created_at":"2024-02-20T02:10:56-08:00","entry_id":286722,"field1":"0.5","field2":"0.3125"},{"created_at":"2024-02-20T02:20:34-08:00","entry_id":286723,"field1":"0.5","field2":"0.3125"},{"created_at":"2024-02-20T02:30:11-08:00","entry_id":286724,"field1":"0.5","field2":"0.25"},{"created_at":"2024-02-20T02:39:48-08:00","entry_id":286725,"field1":"0.5","field2":"0.25"},{"created_at":"2024-02-20T02:49:26-08:00","entry_id":286726,"field1":"0.5","field2":"0.3125"},{"created_at":"2024-02-20T02:59:02-08:00","entry_id":286727,"field1":"0.4375","field2":"0.25"},{"created_at":"2024-02-20T03:08:39-08:00","entry_id":286728,"field1":"0.5","field2":"0.25"},{"created_at":"2024-02-20T03:18:17-08:00","entry_id":286729,"field1":"0.4375","field2":"0.25"},{"created_at":"2024-02-20T03:27:54-08:00","entry_id":286730,"field1":"0.4375","field2":"0.25"},{"created_at":"2024-02-20T03:37:31-08:00","entry_id":286731,"field1":"0.4375","field2":"0.25"},{"created_at":"2024-02-20T03:47:08-08:00","entry_id":286732,"field1":"0.4375","field2":"0.25"},{"created_at":"2024-02-20T03:56:45-08:00","entry_id":286733,"field1":"0.4375","field2":"0.25"},{"created_at":"2024-02-20T04:06:22-08:00","entry_id":286734,"field1":"0.4375","field2":"0.25"},{"created_at":"2024-02-20T04:15:58-08:00","entry_id":286735,"field1":"0.4375","field2":"0.3125"},{"created_at":"2024-02-20T04:25:36-08:00","entry_id":286736,"field1":"0.4375","field2":"0.25"},{"created_at":"2024-02-20T04:35:12-08:00","entry_id":286737,"field1":"0.4375","field2":"0.1875"},{"created_at":"2024-02-20T04:44:49-08:00","entry_id":286738,"field1":"0.4375","field2":"0.1875"},{"created_at":"2024-02-20T04:54:26-08:00","entry_id":286739,"field1":"0.4375","field2":"0.25"},{"created_at":"2024-02-20T05:04:03-08:00","entry_id":286740,"field1":"0.4375","field2":"0.1875"},{"created_at":"2024-02-20T05:13:41-08:00","entry_id":286741,"field1":"0.4375","field2":"0.25"},{"created_at":"2024-02-20T05:23:17-08:00","entry_id":286742,"field1":"0.4375","field2":"0.25"},{"created_at":"2024-02-20T05:32:54-08:00","entry_id":286743,"field1":"0.4375","field2":"0.25"},{"created_at":"2024-02-20T05:42:30-08:00","entry_id":286744,"field1":"0.4375","field2":"0.25"},{"created_at":"2024-02-20T05:52:07-08:00","entry_id":286745,"field1":"0.4375","field2":"0.25"},{"created_at":"2024-02-20T06:01:44-08:00","entry_id":286746,"field1":"0.4375","field2":"0.25"},{"created_at":"2024-02-20T06:11:21-08:00","entry_id":286747,"field1":"0.4375","field2":"0.25"},{"created_at":"2024-02-20T06:20:57-08:00","entry_id":286748,"field1":"0.4375","field2":"0.25"},{"created_at":"2024-02-20T06:30:35-08:00","entry_id":286749,"field1":"0.4375","field2":"0.1875"},{"created_at":"2024-02-20T06:40:12-08:00","entry_id":286750,"field1":"0.4375","field2":"0.25"},{"created_at":"2024-02-20T06:49:50-08:00","entry_id":286751,"field1":"0.4375","field2":"0.25"},{"created_at":"2024-02-20T06:59:28-08:00","entry_id":286752,"field1":"0.4375","field2":"0.25"},{"created_at":"2024-02-20T07:09:03-08:00","entry_id":286753,"field1":"0.4375","field2":"0.25"},{"created_at":"2024-02-20T07:18:41-08:00","entry_id":286754,"field1":"0.4375","field2":"0.25"},{"created_at":"2024-02-20T07:28:19-08:00","entry_id":286755,"field1":"0.4375","field2":"0.3125"},{"created_at":"2024-02-20T07:37:56-08:00","entry_id":286756,"field1":"0.4375","field2":"0.3125"},{"created_at":"2024-02-20T07:47:33-08:00","entry_id":286757,"field1":"0.4375","field2":"0.375"},{"created_at":"2024-02-20T07:57:10-08:00","entry_id":286758,"field1":"0.4375","field2":"0.375"},{"created_at":"2024-02-20T08:06:47-08:00","entry_id":286759,"field1":"0.4375","field2":"0.4375"},{"created_at":"2024-02-20T08:16:23-08:00","entry_id":286760,"field1":"0.4375","field2":"0.625"},{"created_at":"2024-02-20T08:26:01-08:00","entry_id":286761,"field1":"0.4375","field2":"0.8125"},{"created_at":"2024-02-20T08:35:38-08:00","entry_id":286762,"field1":"0.5","field2":"1.0625"},{"created_at":"2024-02-20T08:45:15-08:00","entry_id":286763,"field1":"0.5","field2":"1.3125"},{"created_at":"2024-02-20T08:54:52-08:00","entry_id":286764,"field1":"0.5","field2":"1.25"},{"created_at":"2024-02-20T09:04:29-08:00","entry_id":286765,"field1":"0.5","field2":"1.375"},{"created_at":"2024-02-20T09:14:06-08:00","entry_id":286766,"field1":"0.5","field2":"1.3125"},{"created_at":"2024-02-20T09:23:41-08:00","entry_id":286767,"field1":"0.5625","field2":"1.3125"},{"created_at":"2024-02-20T09:33:19-08:00","entry_id":286768,"field1":"0.5625","field2":"1.1875"},{"created_at":"2024-02-20T09:42:56-08:00","entry_id":286769,"field1":"0.5625","field2":"1.0625"},{"created_at":"2024-02-20T09:52:33-08:00","entry_id":286770,"field1":"0.5625","field2":"1.1875"},{"created_at":"2024-02-20T10:02:10-08:00","entry_id":286771,"field1":"0.5625","field2":"1.25"},{"created_at":"2024-02-20T10:11:47-08:00","entry_id":286772,"field1":"0.5625","field2":"1.25"},{"created_at":"2024-02-20T10:21:24-08:00","entry_id":286773,"field1":"0.5625","field2":"1.125"},{"created_at":"2024-02-20T10:31:01-08:00","entry_id":286774,"field1":"0.5625","field2":"1.1875"},{"created_at":"2024-02-20T10:40:37-08:00","entry_id":286775,"field1":"0.625","field2":"1.5"},{"created_at":"2024-02-20T10:50:15-08:00","entry_id":286776,"field1":"0.625","field2":"1.5625"},{"created_at":"2024-02-20T10:59:52-08:00","entry_id":286777,"field1":"0.625","field2":"1.625"},{"created_at":"2024-02-20T11:09:29-08:00","entry_id":286778,"field1":"0.6875","field2":"1.75"},{"created_at":"2024-02-20T11:19:06-08:00","entry_id":286779,"field1":"0.6875","field2":"1.9375"},{"created_at":"2024-02-20T11:28:44-08:00","entry_id":286780,"field1":"0.75","field2":"2.375"},{"created_at":"2024-02-20T11:38:20-08:00","entry_id":286781,"field1":"0.8125","field2":"2.375"},{"created_at":"2024-02-20T11:47:57-08:00","entry_id":286782,"field1":"0.8125","field2":"2.5"},{"created_at":"2024-02-20T11:57:35-08:00","entry_id":286783,"field1":"0.875","field2":"2.8125"},{"created_at":"2024-02-20T12:07:12-08:00","entry_id":286784,"field1":"0.875","field2":"2.8125"},{"created_at":"2024-02-20T12:16:49-08:00","entry_id":286785,"field1":"0.9375","field2":"2.6875"},{"created_at":"2024-02-20T12:26:26-08:00","entry_id":286786,"field1":"0.9375","field2":"2.25"},{"created_at":"2024-02-20T12:36:03-08:00","entry_id":286787,"field1":"1","field2":"2.25"},{"created_at":"2024-02-20T12:45:40-08:00","entry_id":286788,"field1":"1","field2":"2.4375"},{"created_at":"2024-02-20T12:55:17-08:00","entry_id":286789,"field1":"1","field2":"2.5625"},{"created_at":"2024-02-20T13:04:54-08:00","entry_id":286790,"field1":"1","field2":"2.375"},{"created_at":"2024-02-20T13:14:32-08:00","entry_id":286791,"field1":"1.0625","field2":"2.625"},{"created_at":"2024-02-20T13:24:09-08:00","entry_id":286792,"field1":"1.0625","field2":"2.5"},{"created_at":"2024-02-20T13:33:45-08:00","entry_id":286793,"field1":"1.0625","field2":"2.5625"},{"created_at":"2024-02-20T13:43:23-08:00","entry_id":286794,"field1":"1.125","field2":"2.625"},{"created_at":"2024-02-20T13:53:01-08:00","entry_id":286795,"field1":"1.125","field2":"2.375"},{"created_at":"2024-02-20T14:02:37-08:00","entry_id":286796,"field1":"1.125","field2":"2.25"},{"created_at":"2024-02-20T14:12:14-08:00","entry_id":286797,"field1":"1.125","field2":"2.375"},{"created_at":"2024-02-20T14:21:51-08:00","entry_id":286798,"field1":"1.1875","field2":"2.1875"},{"created_at":"2024-02-20T14:31:27-08:00","entry_id":286799,"field1":"1.1875","field2":"1.9375"},{"created_at":"2024-02-20T14:41:05-08:00","entry_id":286800,"field1":"1.1875","field2":"1.8125"},{"created_at":"2024-02-20T14:50:42-08:00","entry_id":286801,"field1":"1.1875","field2":"2"},{"created_at":"2024-02-20T15:00:19-08:00","entry_id":286802,"field1":"1.25","field2":"2"},{"created_at":"2024-02-20T15:09:55-08:00","entry_id":286803,"field1":"1.25","field2":"1.875"},{"created_at":"2024-02-20T15:19:33-08:00","entry_id":286804,"field1":"1.25","field2":"1.75"},{"created_at":"2024-02-20T15:29:08-08:00","entry_id":286805,"field1":"1.25","field2":"1.875"},{"created_at":"2024-02-20T15:38:47-08:00","entry_id":286806,"field1":"1.25","field2":"1.8125"},{"created_at":"2024-02-20T15:48:24-08:00","entry_id":286807,"field1":"1.25","field2":"1.8125"},{"created_at":"2024-02-20T15:58:01-08:00","entry_id":286808,"field1":"1.25","field2":"1.5"},{"created_at":"2024-02-20T16:07:38-08:00","entry_id":286809,"field1":"1.25","field2":"1.5"},{"created_at":"2024-02-20T16:17:16-08:00","entry_id":286810,"field1":"1.25","field2":"1.5"},{"created_at":"2024-02-20T16:26:53-08:00","entry_id":286811,"field1":"1.25","field2":"1.5"},{"created_at":"2024-02-20T16:36:30-08:00","entry_id":286812,"field1":"1.25","field2":"1.3125"},{"created_at":"2024-02-20T16:46:07-08:00","entry_id":286813,"field1":"1.25","field2":"1.1875"},{"created_at":"2024-02-20T16:55:44-08:00","entry_id":286814,"field1":"1.25","field2":"1.25"},{"created_at":"2024-02-20T17:05:21-08:00","entry_id":286815,"field1":"1.25","field2":"1.1875"},{"created_at":"2024-02-20T17:14:59-08:00","entry_id":286816,"field1":"1.25","field2":"1.25"},{"created_at":"2024-02-20T17:24:34-08:00","entry_id":286817,"field1":"1.25","field2":"1.25"},{"created_at":"2024-02-20T17:34:10-08:00","entry_id":286818,"field1":"1.25","field2":"1.3125"},{"created_at":"2024-02-20T17:43:48-08:00","entry_id":286819,"field1":"1.25","field2":"1.25"},{"created_at":"2024-02-20T17:53:25-08:00","entry_id":286820,"field1":"1.25","field2":"1.25"},{"created_at":"2024-02-20T18:03:02-08:00","entry_id":286821,"field1":"1.25","field2":"1.625"},{"created_at":"2024-02-20T18:12:39-08:00","entry_id":286822,"field1":"1.25","field2":"1.5"},{"created_at":"2024-02-20T18:22:16-08:00","entry_id":286823,"field1":"1.25","field2":"1.8125"},{"created_at":"2024-02-20T18:31:53-08:00","entry_id":286824,"field1":"1.25","field2":"1.375"},{"created_at":"2024-02-20T18:41:30-08:00","entry_id":286825,"field1":"1.25","field2":"1.25"},{"created_at":"2024-02-20T18:51:07-08:00","entry_id":286826,"field1":"1.25","field2":"1.1875"},{"created_at":"2024-02-20T19:00:44-08:00","entry_id":286827,"field1":"1.25","field2":"1.125"},{"created_at":"2024-02-20T19:10:21-08:00","entry_id":286828,"field1":"1.25","field2":"1.0625"},{"created_at":"2024-02-20T19:19:59-08:00","entry_id":286829,"field1":"1.25","field2":"1.125"},{"created_at":"2024-02-20T19:29:36-08:00","entry_id":286830,"field1":"1.25","field2":"1"},{"created_at":"2024-02-20T19:39:11-08:00","entry_id":286831,"field1":"1.25","field2":"0.9375"},{"created_at":"2024-02-20T19:48:49-08:00","entry_id":286832,"field1":"1.25","field2":"1"},{"created_at":"2024-02-20T19:58:27-08:00","entry_id":286833,"field1":"1.25","field2":"0.9375"},{"created_at":"2024-02-20T20:08:04-08:00","entry_id":286834,"field1":"1.25","field2":"1.1875"},{"created_at":"2024-02-20T20:17:41-08:00","entry_id":286835,"field1":"1.25","field2":"1"},{"created_at":"2024-02-20T20:27:18-08:00","entry_id":286836,"field1":"1.25","field2":"1"},{"created_at":"2024-02-20T20:36:55-08:00","entry_id":286837,"field1":"1.25","field2":"0.9375"},{"created_at":"2024-02-20T20:46:32-08:00","entry_id":286838,"field1":"1.25","field2":"1"},{"created_at":"2024-02-20T20:56:09-08:00","entry_id":286839,"field1":"1.25","field2":"1"},{"created_at":"2024-02-20T21:05:46-08:00","entry_id":286840,"field1":"1.25","field2":"0.9375"},{"created_at":"2024-02-20T21:15:23-08:00","entry_id":286841,"field1":"1.25","field2":"0.9375"},{"created_at":"2024-02-20T21:25:00-08:00","entry_id":286842,"field1":"1.1875","field2":"0.8125"},{"created_at":"2024-02-20T21:34:37-08:00","entry_id":286843,"field1":"1.1875","field2":"0.8125"},{"created_at":"2024-02-20T21:44:14-08:00","entry_id":286844,"field1":"1.25","field2":"0.875"},{"created_at":"2024-02-20T21:53:51-08:00","entry_id":286845,"field1":"1.1875","field2":"0.75"},{"created_at":"2024-02-20T22:03:28-08:00","entry_id":286846,"field1":"1.1875","field2":"0.75"},{"created_at":"2024-02-20T22:13:05-08:00","entry_id":286847,"field1":"1.1875","field2":"0.75"},{"created_at":"2024-02-20T22:22:42-08:00","entry_id":286848,"field1":"1.1875","field2":"0.75"},{"created_at":"2024-02-20T22:32:20-08:00","entry_id":286849,"field1":"1.1875","field2":"0.75"},{"created_at":"2024-02-20T22:41:56-08:00","entry_id":286850,"field1":"1.1875","field2":"0.75"},{"created_at":"2024-02-20T22:51:34-08:00","entry_id":286851,"field1":"1.1875","field2":"0.8125"},{"created_at":"2024-02-20T23:01:11-08:00","entry_id":286852,"field1":"1.1875","field2":"0.8125"},{"created_at":"2024-02-20T23:10:48-08:00","entry_id":286853,"field1":"1.1875","field2":"0.75"},{"created_at":"2024-02-20T23:20:26-08:00","entry_id":286854,"field1":"1.1875","field2":"0.75"},{"created_at":"2024-02-20T23:30:03-08:00","entry_id":286855,"field1":"1.1875","field2":"0.6875"},{"created_at":"2024-02-20T23:39:40-08:00","entry_id":286856,"field1":"1.1875","field2":"0.6875"},{"created_at":"2024-02-20T23:49:17-08:00","entry_id":286857,"field1":"1.1875","field2":"0.75"},{"created_at":"2024-02-20T23:58:54-08:00","entry_id":286858,"field1":"1.1875","field2":"0.75"}]}