{"channel":{"id":581842,"name":"Upstairs Small Window Indoor / Outdoor Sensor","latitude":"0.0","longitude":"0.0","field1":"Indoor Temperature","field2":"Outdoor Temperature","created_at":"2018-09-23T15:37:52-07:00","updated_at":"2020-07-27T05:59:41-07:00","last_entry_id":392065},"feeds":[{"created_at":"2026-01-29T00:04:14-08:00","entry_id":391807,"field1":"-0.3125","field2":"-0.0625"},{"created_at":"2026-01-29T00:13:50-08:00","entry_id":391808,"field1":"-0.375","field2":"-0.0625"},{"created_at":"2026-01-29T00:23:27-08:00","entry_id":391809,"field1":"-0.3125","field2":"-0.125"},{"created_at":"2026-01-29T00:33:03-08:00","entry_id":391810,"field1":"-0.3125","field2":"-0.125"},{"created_at":"2026-01-29T00:42:39-08:00","entry_id":391811,"field1":"-0.3125","field2":"-0.125"},{"created_at":"2026-01-29T00:52:15-08:00","entry_id":391812,"field1":"-0.3125","field2":"-0.125"},{"created_at":"2026-01-29T01:01:54-08:00","entry_id":391813,"field1":"-0.3125","field2":"-0.125"},{"created_at":"2026-01-29T01:11:31-08:00","entry_id":391814,"field1":"-0.3125","field2":"-0.125"},{"created_at":"2026-01-29T01:21:07-08:00","entry_id":391815,"field1":"-0.3125","field2":"-0.125"},{"created_at":"2026-01-29T01:30:44-08:00","entry_id":391816,"field1":"-0.3125","field2":"-0.1875"},{"created_at":"2026-01-29T01:40:20-08:00","entry_id":391817,"field1":"-0.3125","field2":"-0.1875"},{"created_at":"2026-01-29T01:49:56-08:00","entry_id":391818,"field1":"-0.3125","field2":"-0.1875"},{"created_at":"2026-01-29T01:59:34-08:00","entry_id":391819,"field1":"-0.3125","field2":"-0.1875"},{"created_at":"2026-01-29T02:09:11-08:00","entry_id":391820,"field1":"-0.3125","field2":"-0.1875"},{"created_at":"2026-01-29T02:18:48-08:00","entry_id":391821,"field1":"-0.3125","field2":"-0.1875"},{"created_at":"2026-01-29T02:28:25-08:00","entry_id":391822,"field1":"-0.3125","field2":"-0.25"},{"created_at":"2026-01-29T02:38:00-08:00","entry_id":391823,"field1":"-0.3125","field2":"-0.25"},{"created_at":"2026-01-29T02:47:38-08:00","entry_id":391824,"field1":"-0.3125","field2":"-0.1875"},{"created_at":"2026-01-29T02:57:13-08:00","entry_id":391825,"field1":"-0.3125","field2":"-0.25"},{"created_at":"2026-01-29T03:06:51-08:00","entry_id":391826,"field1":"-0.3125","field2":"-0.25"},{"created_at":"2026-01-29T03:16:28-08:00","entry_id":391827,"field1":"-0.3125","field2":"-0.1875"},{"created_at":"2026-01-29T03:26:04-08:00","entry_id":391828,"field1":"-0.3125","field2":"-0.25"},{"created_at":"2026-01-29T03:35:41-08:00","entry_id":391829,"field1":"-0.3125","field2":"-0.1875"},{"created_at":"2026-01-29T03:45:19-08:00","entry_id":391830,"field1":"-0.25","field2":"-0.25"},{"created_at":"2026-01-29T03:54:54-08:00","entry_id":391831,"field1":"-0.3125","field2":"-0.1875"},{"created_at":"2026-01-29T04:04:30-08:00","entry_id":391832,"field1":"-0.3125","field2":"-0.25"},{"created_at":"2026-01-29T04:14:06-08:00","entry_id":391833,"field1":"-0.25","field2":"-0.25"},{"created_at":"2026-01-29T04:23:43-08:00","entry_id":391834,"field1":"-0.3125","field2":"-0.25"},{"created_at":"2026-01-29T04:33:19-08:00","entry_id":391835,"field1":"-0.3125","field2":"-0.25"},{"created_at":"2026-01-29T04:42:57-08:00","entry_id":391836,"field1":"-0.3125","field2":"-0.25"},{"created_at":"2026-01-29T04:52:35-08:00","entry_id":391837,"field1":"-0.3125","field2":"-0.25"},{"created_at":"2026-01-29T05:02:10-08:00","entry_id":391838,"field1":"-0.25","field2":"-0.25"},{"created_at":"2026-01-29T05:11:46-08:00","entry_id":391839,"field1":"-0.3125","field2":"-0.3125"},{"created_at":"2026-01-29T05:21:24-08:00","entry_id":391840,"field1":"-0.3125","field2":"-0.25"},{"created_at":"2026-01-29T05:31:00-08:00","entry_id":391841,"field1":"-0.3125","field2":"-0.3125"},{"created_at":"2026-01-29T05:40:38-08:00","entry_id":391842,"field1":"-0.25","field2":"-0.3125"},{"created_at":"2026-01-29T05:50:14-08:00","entry_id":391843,"field1":"-0.3125","field2":"-0.3125"},{"created_at":"2026-01-29T05:59:50-08:00","entry_id":391844,"field1":"-0.25","field2":"-0.25"},{"created_at":"2026-01-29T06:09:28-08:00","entry_id":391845,"field1":"-0.25","field2":"-0.3125"},{"created_at":"2026-01-29T06:19:04-08:00","entry_id":391846,"field1":"-0.25","field2":"-0.25"},{"created_at":"2026-01-29T06:28:42-08:00","entry_id":391847,"field1":"-0.25","field2":"-0.3125"},{"created_at":"2026-01-29T06:38:19-08:00","entry_id":391848,"field1":"-0.3125","field2":"-0.3125"},{"created_at":"2026-01-29T06:47:56-08:00","entry_id":391849,"field1":"-0.25","field2":"-0.3125"},{"created_at":"2026-01-29T06:57:33-08:00","entry_id":391850,"field1":"-0.25","field2":"-0.3125"},{"created_at":"2026-01-29T07:07:10-08:00","entry_id":391851,"field1":"-0.25","field2":"-0.3125"},{"created_at":"2026-01-29T07:16:46-08:00","entry_id":391852,"field1":"-0.25","field2":"-0.3125"},{"created_at":"2026-01-29T07:26:22-08:00","entry_id":391853,"field1":"-0.25","field2":"-0.3125"},{"created_at":"2026-01-29T07:36:00-08:00","entry_id":391854,"field1":"-0.25","field2":"-0.3125"},{"created_at":"2026-01-29T07:45:36-08:00","entry_id":391855,"field1":"-0.25","field2":"-0.3125"},{"created_at":"2026-01-29T07:55:12-08:00","entry_id":391856,"field1":"-0.25","field2":"-0.25"},{"created_at":"2026-01-29T08:04:48-08:00","entry_id":391857,"field1":"-0.25","field2":"-0.25"},{"created_at":"2026-01-29T08:14:27-08:00","entry_id":391858,"field1":"-0.25","field2":"-0.25"},{"created_at":"2026-01-29T08:24:04-08:00","entry_id":391859,"field1":"-0.25","field2":"-0.1875"},{"created_at":"2026-01-29T08:33:39-08:00","entry_id":391860,"field1":"-0.25","field2":"-0.1875"},{"created_at":"2026-01-29T08:43:17-08:00","entry_id":391861,"field1":"-0.25","field2":"-0.125"},{"created_at":"2026-01-29T08:52:52-08:00","entry_id":391862,"field1":"-0.25","field2":"-0.125"},{"created_at":"2026-01-29T09:02:29-08:00","entry_id":391863,"field1":"-0.25","field2":"-0.125"},{"created_at":"2026-01-29T09:12:07-08:00","entry_id":391864,"field1":"-0.25","field2":"-0.125"},{"created_at":"2026-01-29T13:12:17-08:00","entry_id":391865,"field1":"0","field2":"0.625"},{"created_at":"2026-01-29T13:21:55-08:00","entry_id":391866,"field1":"0","field2":"0.5"},{"created_at":"2026-01-29T13:31:30-08:00","entry_id":391867,"field1":"0.0625","field2":"0.625"},{"created_at":"2026-01-29T13:41:06-08:00","entry_id":391868,"field1":"0.0625","field2":"0.75"},{"created_at":"2026-01-29T13:50:43-08:00","entry_id":391869,"field1":"0.0625","field2":"0.75"},{"created_at":"2026-01-29T14:00:19-08:00","entry_id":391870,"field1":"0.0625","field2":"0.8125"},{"created_at":"2026-01-29T14:09:55-08:00","entry_id":391871,"field1":"0.0625","field2":"0.8125"},{"created_at":"2026-01-29T14:19:33-08:00","entry_id":391872,"field1":"0.125","field2":"0.8125"},{"created_at":"2026-01-29T14:29:10-08:00","entry_id":391873,"field1":"0.125","field2":"0.75"},{"created_at":"2026-01-29T14:38:47-08:00","entry_id":391874,"field1":"0.125","field2":"0.6875"},{"created_at":"2026-01-29T14:48:22-08:00","entry_id":391875,"field1":"0.125","field2":"0.8125"},{"created_at":"2026-01-29T14:57:59-08:00","entry_id":391876,"field1":"0.125","field2":"0.8125"},{"created_at":"2026-01-29T15:07:35-08:00","entry_id":391877,"field1":"0.125","field2":"0.75"},{"created_at":"2026-01-29T15:17:11-08:00","entry_id":391878,"field1":"0.125","field2":"0.5"},{"created_at":"2026-01-29T15:26:49-08:00","entry_id":391879,"field1":"0.125","field2":"0.625"},{"created_at":"2026-01-29T15:36:24-08:00","entry_id":391880,"field1":"0.1875","field2":"0.625"},{"created_at":"2026-01-29T15:46:00-08:00","entry_id":391881,"field1":"0.1875","field2":"0.6875"},{"created_at":"2026-01-29T15:55:37-08:00","entry_id":391882,"field1":"0.1875","field2":"0.5"},{"created_at":"2026-01-29T16:05:15-08:00","entry_id":391883,"field1":"0.1875","field2":"0.5625"},{"created_at":"2026-01-29T16:14:50-08:00","entry_id":391884,"field1":"0.1875","field2":"0.5"},{"created_at":"2026-01-29T16:24:26-08:00","entry_id":391885,"field1":"0.1875","field2":"0.375"},{"created_at":"2026-01-29T16:34:02-08:00","entry_id":391886,"field1":"0.1875","field2":"0.375"},{"created_at":"2026-01-29T16:43:40-08:00","entry_id":391887,"field1":"0.1875","field2":"0.3125"},{"created_at":"2026-01-29T16:53:15-08:00","entry_id":391888,"field1":"0.1875","field2":"0.25"},{"created_at":"2026-01-29T17:02:52-08:00","entry_id":391889,"field1":"0.1875","field2":"0.25"},{"created_at":"2026-01-29T17:12:28-08:00","entry_id":391890,"field1":"0.1875","field2":"0.25"},{"created_at":"2026-01-29T17:22:06-08:00","entry_id":391891,"field1":"0.1875","field2":"0.1875"},{"created_at":"2026-01-29T17:31:43-08:00","entry_id":391892,"field1":"0.1875","field2":"0.1875"},{"created_at":"2026-01-29T17:41:21-08:00","entry_id":391893,"field1":"0.1875","field2":"0.1875"},{"created_at":"2026-01-29T17:50:58-08:00","entry_id":391894,"field1":"0.1875","field2":"0.1875"},{"created_at":"2026-01-29T18:00:33-08:00","entry_id":391895,"field1":"0.1875","field2":"0.1875"},{"created_at":"2026-01-29T18:10:09-08:00","entry_id":391896,"field1":"0.1875","field2":"0.1875"},{"created_at":"2026-01-29T18:19:46-08:00","entry_id":391897,"field1":"0.1875","field2":"0.25"},{"created_at":"2026-01-29T18:29:24-08:00","entry_id":391898,"field1":"0.1875","field2":"0.25"},{"created_at":"2026-01-29T18:39:01-08:00","entry_id":391899,"field1":"0.1875","field2":"0.1875"},{"created_at":"2026-01-29T18:48:38-08:00","entry_id":391900,"field1":"0.1875","field2":"0.1875"},{"created_at":"2026-01-29T18:58:16-08:00","entry_id":391901,"field1":"0.1875","field2":"0.1875"},{"created_at":"2026-01-29T19:07:53-08:00","entry_id":391902,"field1":"0.1875","field2":"0.1875"},{"created_at":"2026-01-29T19:17:30-08:00","entry_id":391903,"field1":"0.1875","field2":"0.1875"},{"created_at":"2026-01-29T19:27:05-08:00","entry_id":391904,"field1":"0.1875","field2":"0.1875"},{"created_at":"2026-01-29T19:36:41-08:00","entry_id":391905,"field1":"0.1875","field2":"0.1875"},{"created_at":"2026-01-29T19:46:19-08:00","entry_id":391906,"field1":"0.1875","field2":"0.25"},{"created_at":"2026-01-29T19:55:55-08:00","entry_id":391907,"field1":"0.1875","field2":"0.1875"},{"created_at":"2026-01-29T20:05:32-08:00","entry_id":391908,"field1":"0.1875","field2":"0.1875"},{"created_at":"2026-01-29T20:15:08-08:00","entry_id":391909,"field1":"0.1875","field2":"0.25"},{"created_at":"2026-01-29T20:24:44-08:00","entry_id":391910,"field1":"0.1875","field2":"0.25"},{"created_at":"2026-01-29T20:34:22-08:00","entry_id":391911,"field1":"0.1875","field2":"0.1875"},{"created_at":"2026-01-29T20:43:57-08:00","entry_id":391912,"field1":"0.1875","field2":"0.1875"},{"created_at":"2026-01-29T20:53:35-08:00","entry_id":391913,"field1":"0.25","field2":"0.1875"},{"created_at":"2026-01-29T21:03:10-08:00","entry_id":391914,"field1":"0.25","field2":"0.1875"},{"created_at":"2026-01-29T21:12:48-08:00","entry_id":391915,"field1":"0.1875","field2":"0.25"},{"created_at":"2026-01-29T21:22:25-08:00","entry_id":391916,"field1":"0.25","field2":"0.25"},{"created_at":"2026-01-29T21:32:03-08:00","entry_id":391917,"field1":"0.25","field2":"0.25"},{"created_at":"2026-01-29T21:41:40-08:00","entry_id":391918,"field1":"0.25","field2":"0.25"},{"created_at":"2026-01-29T21:51:15-08:00","entry_id":391919,"field1":"0.25","field2":"0.25"},{"created_at":"2026-01-29T22:00:52-08:00","entry_id":391920,"field1":"0.25","field2":"0.25"},{"created_at":"2026-01-29T22:10:28-08:00","entry_id":391921,"field1":"0.1875","field2":"0.25"},{"created_at":"2026-01-29T22:20:04-08:00","entry_id":391922,"field1":"0.25","field2":"0.25"},{"created_at":"2026-01-29T22:29:41-08:00","entry_id":391923,"field1":"0.25","field2":"0.25"},{"created_at":"2026-01-29T22:39:17-08:00","entry_id":391924,"field1":"0.25","field2":"0.25"},{"created_at":"2026-01-29T22:48:55-08:00","entry_id":391925,"field1":"0.25","field2":"0.25"},{"created_at":"2026-01-29T22:58:32-08:00","entry_id":391926,"field1":"0.25","field2":"0.25"},{"created_at":"2026-01-29T23:08:09-08:00","entry_id":391927,"field1":"0.25","field2":"0.25"},{"created_at":"2026-01-29T23:17:46-08:00","entry_id":391928,"field1":"0.25","field2":"0.25"},{"created_at":"2026-01-29T23:27:23-08:00","entry_id":391929,"field1":"0.25","field2":"0.25"},{"created_at":"2026-01-29T23:37:01-08:00","entry_id":391930,"field1":"0.25","field2":"0.25"},{"created_at":"2026-01-29T23:46:38-08:00","entry_id":391931,"field1":"0.25","field2":"0.25"},{"created_at":"2026-01-29T23:56:13-08:00","entry_id":391932,"field1":"0.25","field2":"0.25"}]}