{"channel":{"id":581842,"name":"Upstairs Small Window Indoor / Outdoor Sensor","latitude":"0.0","longitude":"0.0","field1":"Indoor Temperature","field2":"Outdoor Temperature","created_at":"2018-09-23T15:37:52-07:00","updated_at":"2020-07-27T05:59:41-07:00","last_entry_id":150129},"feeds":[{"created_at":"2020-06-14T00:00:05-07:00","entry_id":90386,"field1":"16.3125","field2":"9.9375"},{"created_at":"2020-06-14T00:09:44-07:00","entry_id":90387,"field1":"16.3125","field2":"9.75"},{"created_at":"2020-06-14T00:19:22-07:00","entry_id":90388,"field1":"16.25","field2":"9.75"},{"created_at":"2020-06-14T00:28:58-07:00","entry_id":90389,"field1":"16.25","field2":"9.6875"},{"created_at":"2020-06-14T00:38:35-07:00","entry_id":90390,"field1":"16.1875","field2":"9.625"},{"created_at":"2020-06-14T00:48:14-07:00","entry_id":90391,"field1":"16.125","field2":"9.625"},{"created_at":"2020-06-14T00:57:50-07:00","entry_id":90392,"field1":"16.125","field2":"9.6875"},{"created_at":"2020-06-14T01:07:30-07:00","entry_id":90393,"field1":"16.125","field2":"9.75"},{"created_at":"2020-06-14T01:17:06-07:00","entry_id":90394,"field1":"16.0625","field2":"9.75"},{"created_at":"2020-06-14T01:26:45-07:00","entry_id":90395,"field1":"16.0625","field2":"9.6875"},{"created_at":"2020-06-14T01:36:23-07:00","entry_id":90396,"field1":"16.0625","field2":"9.625"},{"created_at":"2020-06-14T01:45:59-07:00","entry_id":90397,"field1":"16.25","field2":"9.5625"},{"created_at":"2020-06-14T01:55:37-07:00","entry_id":90398,"field1":"16.4375","field2":"9.5"},{"created_at":"2020-06-14T02:05:17-07:00","entry_id":90399,"field1":"16.6875","field2":"9.4375"},{"created_at":"2020-06-14T02:14:53-07:00","entry_id":90400,"field1":"16.6875","field2":"9.375"},{"created_at":"2020-06-14T02:24:32-07:00","entry_id":90401,"field1":"16.625","field2":"9.375"},{"created_at":"2020-06-14T02:34:10-07:00","entry_id":90402,"field1":"16.5625","field2":"9.3125"},{"created_at":"2020-06-14T02:43:46-07:00","entry_id":90403,"field1":"16.5","field2":"9.25"},{"created_at":"2020-06-14T02:53:22-07:00","entry_id":90404,"field1":"16.4375","field2":"9.25"},{"created_at":"2020-06-14T03:02:59-07:00","entry_id":90405,"field1":"16.3125","field2":"9.0625"},{"created_at":"2020-06-14T03:12:37-07:00","entry_id":90406,"field1":"16.25","field2":"9.125"},{"created_at":"2020-06-14T03:22:15-07:00","entry_id":90407,"field1":"16.1875","field2":"9"},{"created_at":"2020-06-14T03:31:51-07:00","entry_id":90408,"field1":"16.125","field2":"9"},{"created_at":"2020-06-14T03:41:28-07:00","entry_id":90409,"field1":"16.125","field2":"8.875"},{"created_at":"2020-06-14T03:51:07-07:00","entry_id":90410,"field1":"16.0625","field2":"8.875"},{"created_at":"2020-06-14T04:00:42-07:00","entry_id":90411,"field1":"16","field2":"8.875"},{"created_at":"2020-06-14T04:10:20-07:00","entry_id":90412,"field1":"16.125","field2":"8.8125"},{"created_at":"2020-06-14T04:19:57-07:00","entry_id":90413,"field1":"16.375","field2":"8.75"},{"created_at":"2020-06-14T04:29:37-07:00","entry_id":90414,"field1":"16.5625","field2":"8.75"},{"created_at":"2020-06-14T04:39:13-07:00","entry_id":90415,"field1":"16.5625","field2":"8.75"},{"created_at":"2020-06-14T04:48:52-07:00","entry_id":90416,"field1":"16.5","field2":"8.6875"},{"created_at":"2020-06-14T04:58:28-07:00","entry_id":90417,"field1":"16.4375","field2":"8.6875"},{"created_at":"2020-06-14T05:08:05-07:00","entry_id":90418,"field1":"16.3125","field2":"8.625"},{"created_at":"2020-06-14T05:17:42-07:00","entry_id":90419,"field1":"16.25","field2":"8.625"},{"created_at":"2020-06-14T05:27:19-07:00","entry_id":90420,"field1":"16.125","field2":"8.625"},{"created_at":"2020-06-14T05:36:58-07:00","entry_id":90421,"field1":"16.0625","field2":"8.6875"},{"created_at":"2020-06-14T05:46:35-07:00","entry_id":90422,"field1":"16","field2":"8.625"},{"created_at":"2020-06-14T05:56:12-07:00","entry_id":90423,"field1":"15.9375","field2":"8.625"},{"created_at":"2020-06-14T06:05:49-07:00","entry_id":90424,"field1":"15.875","field2":"8.6875"},{"created_at":"2020-06-14T06:15:28-07:00","entry_id":90425,"field1":"15.9375","field2":"8.6875"},{"created_at":"2020-06-14T06:25:05-07:00","entry_id":90426,"field1":"16.125","field2":"8.75"},{"created_at":"2020-06-14T06:34:44-07:00","entry_id":90427,"field1":"16.375","field2":"8.8125"},{"created_at":"2020-06-14T06:44:22-07:00","entry_id":90428,"field1":"16.5","field2":"8.875"},{"created_at":"2020-06-14T06:53:58-07:00","entry_id":90429,"field1":"16.4375","field2":"8.9375"},{"created_at":"2020-06-14T07:03:37-07:00","entry_id":90430,"field1":"16.375","field2":"9"},{"created_at":"2020-06-14T07:13:14-07:00","entry_id":90431,"field1":"16.25","field2":"9.0625"},{"created_at":"2020-06-14T07:22:52-07:00","entry_id":90432,"field1":"16.1875","field2":"9.0625"},{"created_at":"2020-06-14T07:32:29-07:00","entry_id":90433,"field1":"16.125","field2":"9"},{"created_at":"2020-06-14T07:42:06-07:00","entry_id":90434,"field1":"16.0625","field2":"9.1875"},{"created_at":"2020-06-14T07:51:44-07:00","entry_id":90435,"field1":"15.9375","field2":"9"},{"created_at":"2020-06-14T08:01:22-07:00","entry_id":90436,"field1":"15.875","field2":"9.1875"},{"created_at":"2020-06-14T08:10:59-07:00","entry_id":90437,"field1":"15.875","field2":"9.375"},{"created_at":"2020-06-14T08:20:38-07:00","entry_id":90438,"field1":"15.8125","field2":"9.1875"},{"created_at":"2020-06-14T08:30:14-07:00","entry_id":90439,"field1":"16","field2":"9.6875"},{"created_at":"2020-06-14T08:39:51-07:00","entry_id":90440,"field1":"16.25","field2":"9.6875"},{"created_at":"2020-06-14T08:49:29-07:00","entry_id":90441,"field1":"16.5","field2":"10.125"},{"created_at":"2020-06-14T08:59:06-07:00","entry_id":90442,"field1":"16.5","field2":"9.875"},{"created_at":"2020-06-14T09:08:43-07:00","entry_id":90443,"field1":"16.4375","field2":"9.875"},{"created_at":"2020-06-14T09:18:22-07:00","entry_id":90444,"field1":"16.375","field2":"10.125"},{"created_at":"2020-06-14T09:28:00-07:00","entry_id":90445,"field1":"16.3125","field2":"10.9375"},{"created_at":"2020-06-14T09:37:37-07:00","entry_id":90446,"field1":"16.25","field2":"10.1875"},{"created_at":"2020-06-14T09:47:15-07:00","entry_id":90447,"field1":"16.1875","field2":"10.625"},{"created_at":"2020-06-14T09:56:53-07:00","entry_id":90448,"field1":"16.1875","field2":"10.4375"},{"created_at":"2020-06-14T10:06:29-07:00","entry_id":90449,"field1":"16.125","field2":"10.4375"},{"created_at":"2020-06-14T10:16:06-07:00","entry_id":90450,"field1":"16.125","field2":"10.875"},{"created_at":"2020-06-14T10:25:45-07:00","entry_id":90451,"field1":"16.125","field2":"11.3125"},{"created_at":"2020-06-14T10:35:21-07:00","entry_id":90452,"field1":"16.0625","field2":"11.375"},{"created_at":"2020-06-14T10:44:59-07:00","entry_id":90453,"field1":"16.0625","field2":"11.1875"},{"created_at":"2020-06-14T10:54:36-07:00","entry_id":90454,"field1":"16","field2":"11.4375"},{"created_at":"2020-06-14T11:04:12-07:00","entry_id":90455,"field1":"16","field2":"11.0625"},{"created_at":"2020-06-14T11:13:49-07:00","entry_id":90456,"field1":"15.9375","field2":"11.1875"},{"created_at":"2020-06-14T11:23:26-07:00","entry_id":90457,"field1":"16","field2":"11.75"},{"created_at":"2020-06-14T11:33:03-07:00","entry_id":90458,"field1":"16.0625","field2":"11.5"},{"created_at":"2020-06-14T11:42:42-07:00","entry_id":90459,"field1":"16","field2":"12.0625"},{"created_at":"2020-06-14T11:52:21-07:00","entry_id":90460,"field1":"16","field2":"11.75"},{"created_at":"2020-06-14T12:01:57-07:00","entry_id":90461,"field1":"16","field2":"12.125"},{"created_at":"2020-06-14T12:11:35-07:00","entry_id":90462,"field1":"16","field2":"12.3125"},{"created_at":"2020-06-14T12:21:14-07:00","entry_id":90463,"field1":"15.9375","field2":"11.9375"},{"created_at":"2020-06-14T12:30:50-07:00","entry_id":90464,"field1":"16","field2":"11.9375"},{"created_at":"2020-06-14T12:40:28-07:00","entry_id":90465,"field1":"16.25","field2":"11.375"},{"created_at":"2020-06-14T12:50:08-07:00","entry_id":90466,"field1":"16.5625","field2":"11.25"},{"created_at":"2020-06-14T12:59:45-07:00","entry_id":90467,"field1":"16.6875","field2":"11.5"},{"created_at":"2020-06-14T13:09:22-07:00","entry_id":90468,"field1":"16.6875","field2":"11.6875"},{"created_at":"2020-06-14T13:19:01-07:00","entry_id":90469,"field1":"16.625","field2":"12"},{"created_at":"2020-06-14T13:28:37-07:00","entry_id":90470,"field1":"16.5625","field2":"11.6875"},{"created_at":"2020-06-14T13:38:16-07:00","entry_id":90471,"field1":"16.5","field2":"11.875"},{"created_at":"2020-06-14T13:47:53-07:00","entry_id":90472,"field1":"16.4375","field2":"12"},{"created_at":"2020-06-14T13:57:29-07:00","entry_id":90473,"field1":"16.375","field2":"11.8125"},{"created_at":"2020-06-14T14:07:07-07:00","entry_id":90474,"field1":"16.25","field2":"11.75"},{"created_at":"2020-06-14T14:16:45-07:00","entry_id":90475,"field1":"16.3125","field2":"11.875"},{"created_at":"2020-06-14T14:26:21-07:00","entry_id":90476,"field1":"16.25","field2":"11.875"},{"created_at":"2020-06-14T14:35:58-07:00","entry_id":90477,"field1":"16.25","field2":"11.75"},{"created_at":"2020-06-14T14:45:36-07:00","entry_id":90478,"field1":"16.125","field2":"11.4375"},{"created_at":"2020-06-14T14:55:12-07:00","entry_id":90479,"field1":"16.1875","field2":"11.625"},{"created_at":"2020-06-14T15:04:49-07:00","entry_id":90480,"field1":"16.1875","field2":"11.6875"},{"created_at":"2020-06-14T15:14:27-07:00","entry_id":90481,"field1":"16.1875","field2":"11.75"},{"created_at":"2020-06-14T15:24:03-07:00","entry_id":90482,"field1":"16.125","field2":"11.875"},{"created_at":"2020-06-14T15:33:40-07:00","entry_id":90483,"field1":"16.125","field2":"12.25"},{"created_at":"2020-06-14T15:43:17-07:00","entry_id":90484,"field1":"16.0625","field2":"12"},{"created_at":"2020-06-14T15:52:54-07:00","entry_id":90485,"field1":"16.0625","field2":"12"},{"created_at":"2020-06-14T16:02:31-07:00","entry_id":90486,"field1":"16.0625","field2":"11.8125"},{"created_at":"2020-06-14T16:12:11-07:00","entry_id":90487,"field1":"16","field2":"11.9375"},{"created_at":"2020-06-14T16:21:47-07:00","entry_id":90488,"field1":"16","field2":"11.5625"},{"created_at":"2020-06-14T16:31:24-07:00","entry_id":90489,"field1":"16.0625","field2":"11.6875"},{"created_at":"2020-06-14T16:41:02-07:00","entry_id":90490,"field1":"16.3125","field2":"11.625"},{"created_at":"2020-06-14T16:50:39-07:00","entry_id":90491,"field1":"16.625","field2":"11.625"},{"created_at":"2020-06-14T17:00:17-07:00","entry_id":90492,"field1":"16.6875","field2":"11.3125"},{"created_at":"2020-06-14T17:09:54-07:00","entry_id":90493,"field1":"16.625","field2":"11.5625"},{"created_at":"2020-06-14T17:19:32-07:00","entry_id":90494,"field1":"16.5625","field2":"11.5"},{"created_at":"2020-06-14T17:29:09-07:00","entry_id":90495,"field1":"16.4375","field2":"11.5"},{"created_at":"2020-06-14T17:38:46-07:00","entry_id":90496,"field1":"16.375","field2":"11.5"},{"created_at":"2020-06-14T17:48:25-07:00","entry_id":90497,"field1":"16.3125","field2":"11.375"},{"created_at":"2020-06-14T17:58:03-07:00","entry_id":90498,"field1":"16.25","field2":"11.1875"},{"created_at":"2020-06-14T18:07:39-07:00","entry_id":90499,"field1":"16.1875","field2":"11.0625"},{"created_at":"2020-06-14T18:17:18-07:00","entry_id":90500,"field1":"16.1875","field2":"11.1875"},{"created_at":"2020-06-14T18:26:54-07:00","entry_id":90501,"field1":"16.125","field2":"11.25"},{"created_at":"2020-06-14T18:36:33-07:00","entry_id":90502,"field1":"16.0625","field2":"11.1875"},{"created_at":"2020-06-14T18:46:10-07:00","entry_id":90503,"field1":"16","field2":"11.125"},{"created_at":"2020-06-14T18:55:48-07:00","entry_id":90504,"field1":"16","field2":"10.8125"},{"created_at":"2020-06-14T19:05:26-07:00","entry_id":90505,"field1":"15.9375","field2":"10.75"},{"created_at":"2020-06-14T19:15:03-07:00","entry_id":90506,"field1":"16","field2":"10.8125"},{"created_at":"2020-06-14T19:24:42-07:00","entry_id":90507,"field1":"16.3125","field2":"10.6875"},{"created_at":"2020-06-14T19:34:18-07:00","entry_id":90508,"field1":"16.6875","field2":"10.75"},{"created_at":"2020-06-14T19:43:55-07:00","entry_id":90509,"field1":"16.9375","field2":"10.625"},{"created_at":"2020-06-14T19:53:33-07:00","entry_id":90510,"field1":"16.875","field2":"10.625"},{"created_at":"2020-06-14T20:03:12-07:00","entry_id":90511,"field1":"16.9375","field2":"10.5625"},{"created_at":"2020-06-14T20:12:49-07:00","entry_id":90512,"field1":"16.9375","field2":"10.25"},{"created_at":"2020-06-14T20:22:27-07:00","entry_id":90513,"field1":"17.125","field2":"10.25"},{"created_at":"2020-06-14T20:32:04-07:00","entry_id":90514,"field1":"17.375","field2":"10.375"},{"created_at":"2020-06-14T20:41:41-07:00","entry_id":90515,"field1":"17.6875","field2":"10.3125"},{"created_at":"2020-06-14T20:51:19-07:00","entry_id":90516,"field1":"18.125","field2":"10.25"},{"created_at":"2020-06-14T21:00:56-07:00","entry_id":90517,"field1":"18.25","field2":"10.3125"},{"created_at":"2020-06-14T21:10:33-07:00","entry_id":90518,"field1":"18.1875","field2":"10.1875"},{"created_at":"2020-06-14T21:20:11-07:00","entry_id":90519,"field1":"18.25","field2":"10.125"},{"created_at":"2020-06-14T21:29:50-07:00","entry_id":90520,"field1":"18.5625","field2":"10.0625"},{"created_at":"2020-06-14T21:39:26-07:00","entry_id":90521,"field1":"18.875","field2":"10.0625"},{"created_at":"2020-06-14T21:49:05-07:00","entry_id":90522,"field1":"19.0625","field2":"10.0625"},{"created_at":"2020-06-14T21:58:44-07:00","entry_id":90523,"field1":"19.375","field2":"10"},{"created_at":"2020-06-14T22:08:23-07:00","entry_id":90524,"field1":"19.625","field2":"9.9375"},{"created_at":"2020-06-14T22:18:00-07:00","entry_id":90525,"field1":"19.875","field2":"9.9375"},{"created_at":"2020-06-14T22:27:37-07:00","entry_id":90526,"field1":"19.8125","field2":"9.9375"},{"created_at":"2020-06-14T22:37:16-07:00","entry_id":90527,"field1":"19.8125","field2":"9.875"},{"created_at":"2020-06-14T22:46:54-07:00","entry_id":90528,"field1":"20.125","field2":"9.9375"},{"created_at":"2020-06-14T22:56:32-07:00","entry_id":90529,"field1":"20.6875","field2":"10"},{"created_at":"2020-06-14T23:06:10-07:00","entry_id":90530,"field1":"21","field2":"10"},{"created_at":"2020-06-14T23:15:51-07:00","entry_id":90531,"field1":"21.3125","field2":"10"},{"created_at":"2020-06-14T23:25:29-07:00","entry_id":90532,"field1":"21.5","field2":"10"},{"created_at":"2020-06-14T23:35:06-07:00","entry_id":90533,"field1":"21.625","field2":"9.9375"},{"created_at":"2020-06-14T23:44:43-07:00","entry_id":90534,"field1":"21.625","field2":"9.875"},{"created_at":"2020-06-14T23:54:21-07:00","entry_id":90535,"field1":"21.5","field2":"9.8125"}]}