{"channel":{"id":581842,"name":"Upstairs Small Window Indoor / Outdoor Sensor","latitude":"0.0","longitude":"0.0","field1":"Indoor Temperature","field2":"Outdoor Temperature","created_at":"2018-09-23T15:37:52-07:00","updated_at":"2020-07-27T05:59:41-07:00","last_entry_id":150129},"feeds":[{"created_at":"2019-10-04T00:06:23-07:00","entry_id":53605,"field1":"16.875","field2":"7.6875"},{"created_at":"2019-10-04T00:16:01-07:00","entry_id":53606,"field1":"16.375","field2":"7.625"},{"created_at":"2019-10-04T00:25:38-07:00","entry_id":53607,"field1":"16.0625","field2":"7.625"},{"created_at":"2019-10-04T00:35:17-07:00","entry_id":53608,"field1":"16.6875","field2":"7.6875"},{"created_at":"2019-10-04T00:44:55-07:00","entry_id":53609,"field1":"16.6875","field2":"7.75"},{"created_at":"2019-10-04T00:54:32-07:00","entry_id":53610,"field1":"16.25","field2":"7.8125"},{"created_at":"2019-10-04T01:04:13-07:00","entry_id":53611,"field1":"16.0625","field2":"7.75"},{"created_at":"2019-10-04T01:13:49-07:00","entry_id":53612,"field1":"16.875","field2":"7.75"},{"created_at":"2019-10-04T01:23:27-07:00","entry_id":53613,"field1":"16.5","field2":"7.8125"},{"created_at":"2019-10-04T01:33:08-07:00","entry_id":53614,"field1":"16.125","field2":"7.75"},{"created_at":"2019-10-04T01:42:44-07:00","entry_id":53615,"field1":"16.3125","field2":"7.5625"},{"created_at":"2019-10-04T01:52:26-07:00","entry_id":53616,"field1":"16.875","field2":"7.6875"},{"created_at":"2019-10-04T02:02:02-07:00","entry_id":53617,"field1":"16.3125","field2":"7.625"},{"created_at":"2019-10-04T02:11:40-07:00","entry_id":53618,"field1":"16.0625","field2":"7.5625"},{"created_at":"2019-10-04T02:21:18-07:00","entry_id":53619,"field1":"16.6875","field2":"7.625"},{"created_at":"2019-10-04T02:30:55-07:00","entry_id":53620,"field1":"16.625","field2":"7.625"},{"created_at":"2019-10-04T02:40:32-07:00","entry_id":53621,"field1":"16.1875","field2":"7.625"},{"created_at":"2019-10-04T02:50:09-07:00","entry_id":53622,"field1":"16.0625","field2":"7.625"},{"created_at":"2019-10-04T02:59:47-07:00","entry_id":53623,"field1":"16.8125","field2":"7.625"},{"created_at":"2019-10-04T03:09:24-07:00","entry_id":53624,"field1":"16.375","field2":"7.625"},{"created_at":"2019-10-04T03:19:01-07:00","entry_id":53625,"field1":"16.0625","field2":"7.6875"},{"created_at":"2019-10-04T03:28:38-07:00","entry_id":53626,"field1":"16.3125","field2":"7.625"},{"created_at":"2019-10-04T03:38:16-07:00","entry_id":53627,"field1":"16.6875","field2":"7.625"},{"created_at":"2019-10-04T03:47:53-07:00","entry_id":53628,"field1":"16.25","field2":"7.5625"},{"created_at":"2019-10-04T03:57:30-07:00","entry_id":53629,"field1":"15.9375","field2":"7.5"},{"created_at":"2019-10-04T04:07:08-07:00","entry_id":53630,"field1":"16.75","field2":"7.5"},{"created_at":"2019-10-04T04:16:49-07:00","entry_id":53631,"field1":"16.4375","field2":"7.5"},{"created_at":"2019-10-04T04:26:24-07:00","entry_id":53632,"field1":"16.0625","field2":"7.5"},{"created_at":"2019-10-04T04:36:01-07:00","entry_id":53633,"field1":"16.125","field2":"7.4375"},{"created_at":"2019-10-04T04:45:39-07:00","entry_id":53634,"field1":"16.75","field2":"7.4375"},{"created_at":"2019-10-04T04:55:17-07:00","entry_id":53635,"field1":"16.3125","field2":"7.4375"},{"created_at":"2019-10-04T05:04:54-07:00","entry_id":53636,"field1":"16","field2":"7.5"},{"created_at":"2019-10-04T05:14:31-07:00","entry_id":53637,"field1":"16.4375","field2":"7.5"},{"created_at":"2019-10-04T05:24:08-07:00","entry_id":53638,"field1":"16.625","field2":"7.625"},{"created_at":"2019-10-04T05:33:46-07:00","entry_id":53639,"field1":"16.125","field2":"7.375"},{"created_at":"2019-10-04T05:43:23-07:00","entry_id":53640,"field1":"15.9375","field2":"7.25"},{"created_at":"2019-10-04T05:53:01-07:00","entry_id":53641,"field1":"16.75","field2":"7.125"},{"created_at":"2019-10-04T06:02:38-07:00","entry_id":53642,"field1":"16.375","field2":"7.125"},{"created_at":"2019-10-04T06:12:16-07:00","entry_id":53643,"field1":"16","field2":"6.6875"},{"created_at":"2019-10-04T06:21:53-07:00","entry_id":53644,"field1":"16.125","field2":"6.8125"},{"created_at":"2019-10-04T06:31:31-07:00","entry_id":53645,"field1":"16.6875","field2":"6.875"},{"created_at":"2019-10-04T06:41:09-07:00","entry_id":53646,"field1":"16.1875","field2":"6.625"},{"created_at":"2019-10-04T06:50:46-07:00","entry_id":53647,"field1":"15.875","field2":"6.5625"},{"created_at":"2019-10-04T07:00:24-07:00","entry_id":53648,"field1":"16.4375","field2":"6.625"},{"created_at":"2019-10-04T07:10:04-07:00","entry_id":53649,"field1":"16.3125","field2":"6.6875"},{"created_at":"2019-10-04T07:19:40-07:00","entry_id":53650,"field1":"16","field2":"6.75"},{"created_at":"2019-10-04T07:29:17-07:00","entry_id":53651,"field1":"15.8125","field2":"6.5625"},{"created_at":"2019-10-04T07:38:55-07:00","entry_id":53652,"field1":"16.6875","field2":"6.5625"},{"created_at":"2019-10-04T07:48:32-07:00","entry_id":53653,"field1":"16.25","field2":"6.5"},{"created_at":"2019-10-04T07:58:08-07:00","entry_id":53654,"field1":"15.625","field2":"6.4375"},{"created_at":"2019-10-04T08:07:48-07:00","entry_id":53655,"field1":"16.125","field2":"6.625"},{"created_at":"2019-10-04T08:17:27-07:00","entry_id":53656,"field1":"16.5","field2":"6.5625"},{"created_at":"2019-10-04T08:27:05-07:00","entry_id":53657,"field1":"16","field2":"6.5625"},{"created_at":"2019-10-04T08:36:42-07:00","entry_id":53658,"field1":"15.75","field2":"6.5"},{"created_at":"2019-10-04T08:46:19-07:00","entry_id":53659,"field1":"16.625","field2":"6.5"},{"created_at":"2019-10-04T08:55:57-07:00","entry_id":53660,"field1":"16.3125","field2":"6.5"},{"created_at":"2019-10-04T09:05:34-07:00","entry_id":53661,"field1":"15.875","field2":"6.75"},{"created_at":"2019-10-04T09:15:11-07:00","entry_id":53662,"field1":"15.875","field2":"6.875"},{"created_at":"2019-10-04T09:24:49-07:00","entry_id":53663,"field1":"16.6875","field2":"7"},{"created_at":"2019-10-04T09:34:26-07:00","entry_id":53664,"field1":"16.1875","field2":"7.3125"},{"created_at":"2019-10-04T09:44:05-07:00","entry_id":53665,"field1":"14.75","field2":"7.25"},{"created_at":"2019-10-04T09:53:42-07:00","entry_id":53666,"field1":"16.4375","field2":"7.4375"},{"created_at":"2019-10-04T10:03:23-07:00","entry_id":53667,"field1":"16.1875","field2":"7.4375"},{"created_at":"2019-10-04T10:12:56-07:00","entry_id":53668,"field1":"14.75","field2":"7.5"},{"created_at":"2019-10-04T10:22:32-07:00","entry_id":53669,"field1":"14.625","field2":"7.625"},{"created_at":"2019-10-04T10:32:09-07:00","entry_id":53670,"field1":"14.1875","field2":"7.875"},{"created_at":"2019-10-04T10:41:46-07:00","entry_id":53671,"field1":"13.75","field2":"7.9375"},{"created_at":"2019-10-04T10:51:24-07:00","entry_id":53672,"field1":"14.125","field2":"8.5"},{"created_at":"2019-10-04T11:01:07-07:00","entry_id":53673,"field1":"15.375","field2":"8.875"},{"created_at":"2019-10-04T11:10:42-07:00","entry_id":53674,"field1":"15","field2":"8.5625"},{"created_at":"2019-10-04T11:20:21-07:00","entry_id":53675,"field1":"16.0625","field2":"8.625"},{"created_at":"2019-10-04T11:29:59-07:00","entry_id":53676,"field1":"16.0625","field2":"9"},{"created_at":"2019-10-04T11:39:36-07:00","entry_id":53677,"field1":"16.3125","field2":"9.0625"},{"created_at":"2019-10-04T11:49:14-07:00","entry_id":53678,"field1":"15.25","field2":"9.125"},{"created_at":"2019-10-04T11:58:50-07:00","entry_id":53679,"field1":"14.625","field2":"9.1875"},{"created_at":"2019-10-04T12:08:27-07:00","entry_id":53680,"field1":"15.875","field2":"9.3125"},{"created_at":"2019-10-04T12:18:04-07:00","entry_id":53681,"field1":"14.9375","field2":"9.25"},{"created_at":"2019-10-04T12:27:41-07:00","entry_id":53682,"field1":"14.625","field2":"8.875"},{"created_at":"2019-10-04T12:37:20-07:00","entry_id":53683,"field1":"15.875","field2":"9"},{"created_at":"2019-10-04T12:46:59-07:00","entry_id":53684,"field1":"16.875","field2":"9.25"},{"created_at":"2019-10-04T12:56:39-07:00","entry_id":53685,"field1":"17.3125","field2":"9.1875"},{"created_at":"2019-10-04T13:06:16-07:00","entry_id":53686,"field1":"16.8125","field2":"9.4375"},{"created_at":"2019-10-04T13:15:54-07:00","entry_id":53687,"field1":"16.625","field2":"9.9375"},{"created_at":"2019-10-04T13:25:32-07:00","entry_id":53688,"field1":"17","field2":"9.75"},{"created_at":"2019-10-04T13:35:09-07:00","entry_id":53689,"field1":"17.4375","field2":"10.25"},{"created_at":"2019-10-04T13:44:49-07:00","entry_id":53690,"field1":"16.9375","field2":"10.4375"},{"created_at":"2019-10-04T13:54:25-07:00","entry_id":53691,"field1":"16.6875","field2":"10.6875"},{"created_at":"2019-10-04T14:04:03-07:00","entry_id":53692,"field1":"16.875","field2":"10.875"},{"created_at":"2019-10-04T14:13:40-07:00","entry_id":53693,"field1":"16.6875","field2":"10.3125"},{"created_at":"2019-10-04T14:23:18-07:00","entry_id":53694,"field1":"16.6875","field2":"10.0625"},{"created_at":"2019-10-04T14:32:56-07:00","entry_id":53695,"field1":"16.6875","field2":"10.1875"},{"created_at":"2019-10-04T14:42:33-07:00","entry_id":53696,"field1":"16.8125","field2":"10.3125"},{"created_at":"2019-10-04T14:52:09-07:00","entry_id":53697,"field1":"16.8125","field2":"10.1875"},{"created_at":"2019-10-04T15:01:46-07:00","entry_id":53698,"field1":"16.1875","field2":"10.25"},{"created_at":"2019-10-04T15:11:22-07:00","entry_id":53699,"field1":"15.5","field2":"10.5"},{"created_at":"2019-10-04T15:20:59-07:00","entry_id":53700,"field1":"16.25","field2":"10.8125"},{"created_at":"2019-10-04T15:30:40-07:00","entry_id":53701,"field1":"17.0625","field2":"11.0625"},{"created_at":"2019-10-04T15:40:20-07:00","entry_id":53702,"field1":"16.875","field2":"11"},{"created_at":"2019-10-04T15:49:58-07:00","entry_id":53703,"field1":"16.6875","field2":"11.3125"},{"created_at":"2019-10-04T15:59:37-07:00","entry_id":53704,"field1":"16.0625","field2":"11.5"},{"created_at":"2019-10-04T16:09:14-07:00","entry_id":53705,"field1":"17.5","field2":"11.5"},{"created_at":"2019-10-04T16:18:51-07:00","entry_id":53706,"field1":"16.875","field2":"11.3125"},{"created_at":"2019-10-04T16:28:33-07:00","entry_id":53707,"field1":"16.75","field2":"11.3125"},{"created_at":"2019-10-04T16:38:09-07:00","entry_id":53708,"field1":"16.6875","field2":"11.5625"},{"created_at":"2019-10-04T16:47:48-07:00","entry_id":53709,"field1":"17.4375","field2":"11.3125"},{"created_at":"2019-10-04T16:57:29-07:00","entry_id":53710,"field1":"17.1875","field2":"11.1875"},{"created_at":"2019-10-04T17:07:04-07:00","entry_id":53711,"field1":"16.8125","field2":"11.125"},{"created_at":"2019-10-04T17:16:41-07:00","entry_id":53712,"field1":"16.6875","field2":"11"},{"created_at":"2019-10-04T17:26:19-07:00","entry_id":53713,"field1":"17.4375","field2":"10.875"},{"created_at":"2019-10-04T17:35:57-07:00","entry_id":53714,"field1":"17.25","field2":"10.6875"},{"created_at":"2019-10-04T17:45:34-07:00","entry_id":53715,"field1":"16.875","field2":"10.5625"},{"created_at":"2019-10-04T17:55:16-07:00","entry_id":53716,"field1":"16.6875","field2":"10.4375"},{"created_at":"2019-10-04T18:04:52-07:00","entry_id":53717,"field1":"17.375","field2":"10.3125"},{"created_at":"2019-10-04T18:14:29-07:00","entry_id":53718,"field1":"17.3125","field2":"10.25"},{"created_at":"2019-10-04T18:24:07-07:00","entry_id":53719,"field1":"16.9375","field2":"10.125"},{"created_at":"2019-10-04T18:33:45-07:00","entry_id":53720,"field1":"16.75","field2":"10"},{"created_at":"2019-10-04T18:43:24-07:00","entry_id":53721,"field1":"17.0625","field2":"9.875"},{"created_at":"2019-10-04T18:53:00-07:00","entry_id":53722,"field1":"17.375","field2":"9.75"},{"created_at":"2019-10-04T19:02:37-07:00","entry_id":53723,"field1":"16.9375","field2":"9.75"},{"created_at":"2019-10-04T19:12:16-07:00","entry_id":53724,"field1":"16.75","field2":"9.5625"},{"created_at":"2019-10-04T19:21:57-07:00","entry_id":53725,"field1":"16.9375","field2":"9.5"},{"created_at":"2019-10-04T19:31:33-07:00","entry_id":53726,"field1":"17.4375","field2":"9.5"},{"created_at":"2019-10-04T19:41:10-07:00","entry_id":53727,"field1":"17","field2":"9.375"},{"created_at":"2019-10-04T19:50:47-07:00","entry_id":53728,"field1":"16.75","field2":"9.25"},{"created_at":"2019-10-04T20:00:24-07:00","entry_id":53729,"field1":"16.75","field2":"9.1875"},{"created_at":"2019-10-04T20:10:03-07:00","entry_id":53730,"field1":"17.5","field2":"9"},{"created_at":"2019-10-04T20:19:40-07:00","entry_id":53731,"field1":"17","field2":"8.875"},{"created_at":"2019-10-04T20:29:18-07:00","entry_id":53732,"field1":"16.6875","field2":"8.75"},{"created_at":"2019-10-04T20:38:55-07:00","entry_id":53733,"field1":"16.625","field2":"8.75"},{"created_at":"2019-10-04T20:48:32-07:00","entry_id":53734,"field1":"17.375","field2":"8.6875"},{"created_at":"2019-10-04T20:58:13-07:00","entry_id":53735,"field1":"16.9375","field2":"8.6875"},{"created_at":"2019-10-04T21:07:49-07:00","entry_id":53736,"field1":"16.6875","field2":"8.6875"},{"created_at":"2019-10-04T21:17:30-07:00","entry_id":53737,"field1":"16.5625","field2":"8.8125"},{"created_at":"2019-10-04T21:27:07-07:00","entry_id":53738,"field1":"17.3125","field2":"8.75"},{"created_at":"2019-10-04T21:36:44-07:00","entry_id":53739,"field1":"16.875","field2":"8.8125"},{"created_at":"2019-10-04T21:46:21-07:00","entry_id":53740,"field1":"16.625","field2":"8.75"},{"created_at":"2019-10-04T21:55:59-07:00","entry_id":53741,"field1":"16.5","field2":"8.6875"},{"created_at":"2019-10-04T22:05:37-07:00","entry_id":53742,"field1":"17.375","field2":"8.6875"},{"created_at":"2019-10-04T22:15:14-07:00","entry_id":53743,"field1":"16.9375","field2":"8.625"},{"created_at":"2019-10-04T22:24:52-07:00","entry_id":53744,"field1":"16.5625","field2":"8.625"},{"created_at":"2019-10-04T22:34:29-07:00","entry_id":53745,"field1":"16.5625","field2":"8.625"},{"created_at":"2019-10-04T22:44:07-07:00","entry_id":53746,"field1":"17.375","field2":"8.4375"},{"created_at":"2019-10-04T22:53:48-07:00","entry_id":53747,"field1":"16.9375","field2":"8.375"},{"created_at":"2019-10-04T23:03:24-07:00","entry_id":53748,"field1":"16.5625","field2":"8.375"},{"created_at":"2019-10-04T23:13:01-07:00","entry_id":53749,"field1":"16.4375","field2":"8.375"},{"created_at":"2019-10-04T23:22:40-07:00","entry_id":53750,"field1":"17.375","field2":"8.375"},{"created_at":"2019-10-04T23:32:17-07:00","entry_id":53751,"field1":"16.875","field2":"8.4375"},{"created_at":"2019-10-04T23:41:54-07:00","entry_id":53752,"field1":"16.5625","field2":"8.25"},{"created_at":"2019-10-04T23:51:31-07:00","entry_id":53753,"field1":"16.4375","field2":"8.25"}]}