{"channel":{"id":581842,"name":"Upstairs Small Window Indoor / Outdoor Sensor","latitude":"0.0","longitude":"0.0","field1":"Indoor Temperature","field2":"Outdoor Temperature","created_at":"2018-09-23T15:37:52-07:00","updated_at":"2020-07-27T05:59:41-07:00","last_entry_id":278752},"feeds":[{"created_at":"2023-12-27T00:02:34-08:00","entry_id":278472,"field1":"0.625","field2":"-0.9375"},{"created_at":"2023-12-27T00:12:10-08:00","entry_id":278473,"field1":"0.625","field2":"-0.875"},{"created_at":"2023-12-27T00:21:48-08:00","entry_id":278474,"field1":"0.625","field2":"-0.75"},{"created_at":"2023-12-27T00:31:24-08:00","entry_id":278475,"field1":"0.625","field2":"-0.6875"},{"created_at":"2023-12-27T00:41:01-08:00","entry_id":278476,"field1":"0.625","field2":"-0.6875"},{"created_at":"2023-12-27T00:50:37-08:00","entry_id":278477,"field1":"0.625","field2":"-0.6875"},{"created_at":"2023-12-27T01:00:14-08:00","entry_id":278478,"field1":"0.5625","field2":"-0.6875"},{"created_at":"2023-12-27T01:09:50-08:00","entry_id":278479,"field1":"0.5625","field2":"-0.625"},{"created_at":"2023-12-27T01:19:26-08:00","entry_id":278480,"field1":"0.5625","field2":"-0.625"},{"created_at":"2023-12-27T01:29:02-08:00","entry_id":278481,"field1":"0.5625","field2":"-0.5625"},{"created_at":"2023-12-27T01:38:39-08:00","entry_id":278482,"field1":"0.5625","field2":"-0.5625"},{"created_at":"2023-12-27T01:48:16-08:00","entry_id":278483,"field1":"0.5625","field2":"-0.4375"},{"created_at":"2023-12-27T01:57:52-08:00","entry_id":278484,"field1":"0.5625","field2":"-0.4375"},{"created_at":"2023-12-27T02:07:29-08:00","entry_id":278485,"field1":"0.5625","field2":"-0.4375"},{"created_at":"2023-12-27T02:17:04-08:00","entry_id":278486,"field1":"0.5625","field2":"-0.4375"},{"created_at":"2023-12-27T02:26:40-08:00","entry_id":278487,"field1":"0.5625","field2":"-0.4375"},{"created_at":"2023-12-27T02:36:17-08:00","entry_id":278488,"field1":"0.5625","field2":"-0.375"},{"created_at":"2023-12-27T02:45:55-08:00","entry_id":278489,"field1":"0.5625","field2":"-0.375"},{"created_at":"2023-12-27T02:55:30-08:00","entry_id":278490,"field1":"0.5625","field2":"-0.375"},{"created_at":"2023-12-27T03:05:08-08:00","entry_id":278491,"field1":"0.5","field2":"-0.4375"},{"created_at":"2023-12-27T03:14:46-08:00","entry_id":278492,"field1":"0.5625","field2":"-0.4375"},{"created_at":"2023-12-27T03:24:21-08:00","entry_id":278493,"field1":"0.5","field2":"-0.4375"},{"created_at":"2023-12-27T03:33:58-08:00","entry_id":278494,"field1":"0.5","field2":"-0.5"},{"created_at":"2023-12-27T03:43:34-08:00","entry_id":278495,"field1":"0.5","field2":"-0.4375"},{"created_at":"2023-12-27T03:53:12-08:00","entry_id":278496,"field1":"0.5","field2":"-0.5"},{"created_at":"2023-12-27T04:02:47-08:00","entry_id":278497,"field1":"0.5","field2":"-0.4375"},{"created_at":"2023-12-27T04:12:24-08:00","entry_id":278498,"field1":"0.5","field2":"-0.4375"},{"created_at":"2023-12-27T04:22:01-08:00","entry_id":278499,"field1":"0.5","field2":"-0.375"},{"created_at":"2023-12-27T04:31:38-08:00","entry_id":278500,"field1":"0.5","field2":"-0.4375"},{"created_at":"2023-12-27T04:41:15-08:00","entry_id":278501,"field1":"0.5","field2":"-0.4375"},{"created_at":"2023-12-27T04:50:50-08:00","entry_id":278502,"field1":"0.5","field2":"-0.375"},{"created_at":"2023-12-27T05:00:26-08:00","entry_id":278503,"field1":"0.5","field2":"-0.375"},{"created_at":"2023-12-27T05:10:03-08:00","entry_id":278504,"field1":"0.5","field2":"-0.25"},{"created_at":"2023-12-27T05:19:40-08:00","entry_id":278505,"field1":"0.5","field2":"-0.25"},{"created_at":"2023-12-27T05:29:16-08:00","entry_id":278506,"field1":"0.5","field2":"-0.125"},{"created_at":"2023-12-27T05:38:52-08:00","entry_id":278507,"field1":"0.5","field2":"0.0625"},{"created_at":"2023-12-27T05:48:28-08:00","entry_id":278508,"field1":"0.5","field2":"0"},{"created_at":"2023-12-27T05:58:05-08:00","entry_id":278509,"field1":"0.5","field2":"-0.1875"},{"created_at":"2023-12-27T06:07:42-08:00","entry_id":278510,"field1":"0.5","field2":"-0.1875"},{"created_at":"2023-12-27T06:17:18-08:00","entry_id":278511,"field1":"0.5","field2":"-0.1875"},{"created_at":"2023-12-27T06:26:55-08:00","entry_id":278512,"field1":"0.5","field2":"-0.1875"},{"created_at":"2023-12-27T06:36:33-08:00","entry_id":278513,"field1":"0.5","field2":"-0.1875"},{"created_at":"2023-12-27T06:46:08-08:00","entry_id":278514,"field1":"0.5","field2":"-0.3125"},{"created_at":"2023-12-27T06:55:44-08:00","entry_id":278515,"field1":"0.5","field2":"-0.3125"},{"created_at":"2023-12-27T07:05:22-08:00","entry_id":278516,"field1":"0.4375","field2":"-0.1875"},{"created_at":"2023-12-27T07:14:59-08:00","entry_id":278517,"field1":"0.5","field2":"-0.125"},{"created_at":"2023-12-27T07:24:35-08:00","entry_id":278518,"field1":"0.4375","field2":"-0.1875"},{"created_at":"2023-12-27T07:34:11-08:00","entry_id":278519,"field1":"0.4375","field2":"-0.1875"},{"created_at":"2023-12-27T07:43:49-08:00","entry_id":278520,"field1":"0.4375","field2":"-0.1875"},{"created_at":"2023-12-27T07:53:26-08:00","entry_id":278521,"field1":"0.4375","field2":"-0.1875"},{"created_at":"2023-12-27T08:03:01-08:00","entry_id":278522,"field1":"0.4375","field2":"-0.1875"},{"created_at":"2023-12-27T08:12:38-08:00","entry_id":278523,"field1":"0.4375","field2":"0"},{"created_at":"2023-12-27T08:22:16-08:00","entry_id":278524,"field1":"0.4375","field2":"0"},{"created_at":"2023-12-27T08:31:53-08:00","entry_id":278525,"field1":"0.4375","field2":"0.0625"},{"created_at":"2023-12-27T08:41:30-08:00","entry_id":278526,"field1":"0.4375","field2":"0.125"},{"created_at":"2023-12-27T08:51:05-08:00","entry_id":278527,"field1":"0.4375","field2":"0.25"},{"created_at":"2023-12-27T09:00:43-08:00","entry_id":278528,"field1":"0.5","field2":"0.375"},{"created_at":"2023-12-27T09:10:18-08:00","entry_id":278529,"field1":"0.5","field2":"0.5"},{"created_at":"2023-12-27T09:19:56-08:00","entry_id":278530,"field1":"0.4375","field2":"0.5"},{"created_at":"2023-12-27T09:29:31-08:00","entry_id":278531,"field1":"0.5","field2":"0.5625"},{"created_at":"2023-12-27T09:39:09-08:00","entry_id":278532,"field1":"0.5","field2":"0.625"},{"created_at":"2023-12-27T09:48:46-08:00","entry_id":278533,"field1":"0.5","field2":"0.6875"},{"created_at":"2023-12-27T09:58:22-08:00","entry_id":278534,"field1":"0.5","field2":"0.625"},{"created_at":"2023-12-27T10:08:00-08:00","entry_id":278535,"field1":"0.5","field2":"0.75"},{"created_at":"2023-12-27T10:17:36-08:00","entry_id":278536,"field1":"0.5","field2":"0.9375"},{"created_at":"2023-12-27T10:27:13-08:00","entry_id":278537,"field1":"0.5","field2":"1.1875"},{"created_at":"2023-12-27T10:36:51-08:00","entry_id":278538,"field1":"0.5","field2":"1.25"},{"created_at":"2023-12-27T10:46:26-08:00","entry_id":278539,"field1":"0.5625","field2":"1.375"},{"created_at":"2023-12-27T10:56:04-08:00","entry_id":278540,"field1":"0.5625","field2":"1.5625"},{"created_at":"2023-12-27T11:05:39-08:00","entry_id":278541,"field1":"0.5625","field2":"1.75"},{"created_at":"2023-12-27T11:15:17-08:00","entry_id":278542,"field1":"0.625","field2":"2.375"},{"created_at":"2023-12-27T11:24:54-08:00","entry_id":278543,"field1":"0.625","field2":"2.4375"},{"created_at":"2023-12-27T11:34:31-08:00","entry_id":278544,"field1":"0.625","field2":"2.5625"},{"created_at":"2023-12-27T11:44:06-08:00","entry_id":278545,"field1":"0.6875","field2":"2.4375"},{"created_at":"2023-12-27T11:53:44-08:00","entry_id":278546,"field1":"0.6875","field2":"2.125"},{"created_at":"2023-12-27T12:03:19-08:00","entry_id":278547,"field1":"0.6875","field2":"2.4375"},{"created_at":"2023-12-27T12:12:55-08:00","entry_id":278548,"field1":"0.6875","field2":"2.75"},{"created_at":"2023-12-27T12:22:33-08:00","entry_id":278549,"field1":"0.75","field2":"2.5625"},{"created_at":"2023-12-27T12:32:10-08:00","entry_id":278550,"field1":"0.75","field2":"2.1875"},{"created_at":"2023-12-27T12:41:47-08:00","entry_id":278551,"field1":"0.75","field2":"2.4375"},{"created_at":"2023-12-27T12:51:24-08:00","entry_id":278552,"field1":"0.8125","field2":"2.125"},{"created_at":"2023-12-27T13:01:02-08:00","entry_id":278553,"field1":"0.8125","field2":"2.125"},{"created_at":"2023-12-27T13:10:37-08:00","entry_id":278554,"field1":"0.875","field2":"2.1875"},{"created_at":"2023-12-27T13:20:15-08:00","entry_id":278555,"field1":"0.875","field2":"2.25"},{"created_at":"2023-12-27T13:29:53-08:00","entry_id":278556,"field1":"0.875","field2":"2.375"},{"created_at":"2023-12-27T13:39:28-08:00","entry_id":278557,"field1":"0.875","field2":"2.1875"},{"created_at":"2023-12-27T13:49:06-08:00","entry_id":278558,"field1":"0.9375","field2":"2.0625"},{"created_at":"2023-12-27T13:58:43-08:00","entry_id":278559,"field1":"0.9375","field2":"1.875"},{"created_at":"2023-12-27T14:08:19-08:00","entry_id":278560,"field1":"0.9375","field2":"1.875"},{"created_at":"2023-12-27T14:17:55-08:00","entry_id":278561,"field1":"0.9375","field2":"1.875"},{"created_at":"2023-12-27T14:27:33-08:00","entry_id":278562,"field1":"1","field2":"1.75"},{"created_at":"2023-12-27T14:37:09-08:00","entry_id":278563,"field1":"1","field2":"1.6875"},{"created_at":"2023-12-27T14:46:46-08:00","entry_id":278564,"field1":"1","field2":"1.6875"},{"created_at":"2023-12-27T14:56:21-08:00","entry_id":278565,"field1":"1","field2":"1.5625"},{"created_at":"2023-12-27T15:06:00-08:00","entry_id":278566,"field1":"1","field2":"1.5625"},{"created_at":"2023-12-27T15:15:35-08:00","entry_id":278567,"field1":"1.0625","field2":"1.5"},{"created_at":"2023-12-27T15:25:11-08:00","entry_id":278568,"field1":"1.0625","field2":"1.5"},{"created_at":"2023-12-27T15:34:49-08:00","entry_id":278569,"field1":"1.0625","field2":"1.625"},{"created_at":"2023-12-27T15:44:27-08:00","entry_id":278570,"field1":"1.0625","field2":"1.375"},{"created_at":"2023-12-27T15:54:03-08:00","entry_id":278571,"field1":"1.0625","field2":"1.25"},{"created_at":"2023-12-27T16:03:40-08:00","entry_id":278572,"field1":"1.0625","field2":"1.1875"},{"created_at":"2023-12-27T16:13:18-08:00","entry_id":278573,"field1":"1.0625","field2":"1.1875"},{"created_at":"2023-12-27T16:22:53-08:00","entry_id":278574,"field1":"1.0625","field2":"1.1875"},{"created_at":"2023-12-27T16:32:29-08:00","entry_id":278575,"field1":"1.0625","field2":"1.125"},{"created_at":"2023-12-27T16:42:07-08:00","entry_id":278576,"field1":"1.0625","field2":"1.125"},{"created_at":"2023-12-27T16:51:43-08:00","entry_id":278577,"field1":"1.0625","field2":"1.125"},{"created_at":"2023-12-27T17:01:19-08:00","entry_id":278578,"field1":"1.0625","field2":"1.0625"},{"created_at":"2023-12-27T17:10:57-08:00","entry_id":278579,"field1":"1.125","field2":"1.125"},{"created_at":"2023-12-27T17:20:32-08:00","entry_id":278580,"field1":"1.125","field2":"1.1875"},{"created_at":"2023-12-27T17:30:08-08:00","entry_id":278581,"field1":"1.125","field2":"1.25"},{"created_at":"2023-12-27T17:39:45-08:00","entry_id":278582,"field1":"1.125","field2":"1.1875"},{"created_at":"2023-12-27T17:49:23-08:00","entry_id":278583,"field1":"1.0625","field2":"1.25"},{"created_at":"2023-12-27T17:58:58-08:00","entry_id":278584,"field1":"1.125","field2":"1.3125"},{"created_at":"2023-12-27T18:08:36-08:00","entry_id":278585,"field1":"1.125","field2":"1.375"},{"created_at":"2023-12-27T18:18:13-08:00","entry_id":278586,"field1":"1.125","field2":"1.3125"},{"created_at":"2023-12-27T18:27:48-08:00","entry_id":278587,"field1":"1.125","field2":"1.25"},{"created_at":"2023-12-27T18:37:26-08:00","entry_id":278588,"field1":"1.125","field2":"1.25"},{"created_at":"2023-12-27T18:47:02-08:00","entry_id":278589,"field1":"1.125","field2":"1.25"},{"created_at":"2023-12-27T18:56:38-08:00","entry_id":278590,"field1":"1.125","field2":"1.25"},{"created_at":"2023-12-27T19:06:14-08:00","entry_id":278591,"field1":"1.125","field2":"1.3125"},{"created_at":"2023-12-27T19:15:52-08:00","entry_id":278592,"field1":"1.125","field2":"1.5"},{"created_at":"2023-12-27T19:25:28-08:00","entry_id":278593,"field1":"1.125","field2":"1.3125"},{"created_at":"2023-12-27T19:35:04-08:00","entry_id":278594,"field1":"1.125","field2":"1.3125"},{"created_at":"2023-12-27T19:44:43-08:00","entry_id":278595,"field1":"1.125","field2":"1.25"},{"created_at":"2023-12-27T19:54:19-08:00","entry_id":278596,"field1":"1.125","field2":"1.1875"},{"created_at":"2023-12-27T20:03:57-08:00","entry_id":278597,"field1":"1.125","field2":"1.1875"},{"created_at":"2023-12-27T20:13:35-08:00","entry_id":278598,"field1":"1.1875","field2":"1.1875"},{"created_at":"2023-12-27T20:23:12-08:00","entry_id":278599,"field1":"1.125","field2":"1.1875"},{"created_at":"2023-12-27T20:32:48-08:00","entry_id":278600,"field1":"1.125","field2":"1.25"},{"created_at":"2023-12-27T20:42:26-08:00","entry_id":278601,"field1":"1.1875","field2":"1.3125"},{"created_at":"2023-12-27T20:52:01-08:00","entry_id":278602,"field1":"1.1875","field2":"1.375"},{"created_at":"2023-12-27T21:01:39-08:00","entry_id":278603,"field1":"1.1875","field2":"1.375"},{"created_at":"2023-12-27T21:11:16-08:00","entry_id":278604,"field1":"1.1875","field2":"1.4375"},{"created_at":"2023-12-27T21:20:52-08:00","entry_id":278605,"field1":"1.1875","field2":"1.375"},{"created_at":"2023-12-27T21:30:29-08:00","entry_id":278606,"field1":"1.1875","field2":"1.3125"},{"created_at":"2023-12-27T21:40:04-08:00","entry_id":278607,"field1":"1.1875","field2":"1.25"},{"created_at":"2023-12-27T21:49:42-08:00","entry_id":278608,"field1":"1.1875","field2":"1.25"},{"created_at":"2023-12-27T21:59:19-08:00","entry_id":278609,"field1":"1.1875","field2":"1.1875"},{"created_at":"2023-12-27T22:08:56-08:00","entry_id":278610,"field1":"1.1875","field2":"1.1875"},{"created_at":"2023-12-27T22:18:33-08:00","entry_id":278611,"field1":"1.1875","field2":"1.25"},{"created_at":"2023-12-27T22:28:10-08:00","entry_id":278612,"field1":"1.25","field2":"1.25"},{"created_at":"2023-12-27T22:37:46-08:00","entry_id":278613,"field1":"1.1875","field2":"1.1875"},{"created_at":"2023-12-27T22:47:24-08:00","entry_id":278614,"field1":"1.25","field2":"1.1875"},{"created_at":"2023-12-27T22:57:01-08:00","entry_id":278615,"field1":"1.25","field2":"1.25"},{"created_at":"2023-12-27T23:06:38-08:00","entry_id":278616,"field1":"1.25","field2":"1.1875"},{"created_at":"2023-12-27T23:16:15-08:00","entry_id":278617,"field1":"1.25","field2":"1.1875"},{"created_at":"2023-12-27T23:25:50-08:00","entry_id":278618,"field1":"1.25","field2":"1.125"},{"created_at":"2023-12-27T23:35:28-08:00","entry_id":278619,"field1":"1.25","field2":"1.125"},{"created_at":"2023-12-27T23:45:05-08:00","entry_id":278620,"field1":"1.25","field2":"1.125"},{"created_at":"2023-12-27T23:54:42-08:00","entry_id":278621,"field1":"1.25","field2":"1.1875"}]}