{"channel":{"id":581842,"name":"Upstairs Small Window Indoor / Outdoor Sensor","latitude":"0.0","longitude":"0.0","field1":"Indoor Temperature","field2":"Outdoor Temperature","created_at":"2018-09-23T15:37:52-07:00","updated_at":"2020-07-27T05:59:41-07:00","last_entry_id":150129},"feeds":[{"created_at":"2021-01-28T00:05:00-08:00","entry_id":122270,"field1":"-0.5625","field2":"-0.875"},{"created_at":"2021-01-28T00:14:37-08:00","entry_id":122271,"field1":"-0.5625","field2":"-0.875"},{"created_at":"2021-01-28T00:24:13-08:00","entry_id":122272,"field1":"-0.5625","field2":"-0.8125"},{"created_at":"2021-01-28T00:33:48-08:00","entry_id":122273,"field1":"-0.5625","field2":"-0.8125"},{"created_at":"2021-01-28T00:43:24-08:00","entry_id":122274,"field1":"-0.5625","field2":"-0.75"},{"created_at":"2021-01-28T00:53:00-08:00","entry_id":122275,"field1":"-0.5625","field2":"-0.75"},{"created_at":"2021-01-28T01:02:38-08:00","entry_id":122276,"field1":"-0.5","field2":"-0.875"},{"created_at":"2021-01-28T01:12:13-08:00","entry_id":122277,"field1":"-0.5625","field2":"-0.9375"},{"created_at":"2021-01-28T01:21:50-08:00","entry_id":122278,"field1":"-0.5","field2":"-1.0625"},{"created_at":"2021-01-28T01:31:27-08:00","entry_id":122279,"field1":"-0.5625","field2":"-1"},{"created_at":"2021-01-28T01:41:02-08:00","entry_id":122280,"field1":"-0.5625","field2":"-1"},{"created_at":"2021-01-28T01:50:40-08:00","entry_id":122281,"field1":"-0.5","field2":"-1.0625"},{"created_at":"2021-01-28T02:00:16-08:00","entry_id":122282,"field1":"-0.5","field2":"-1.3125"},{"created_at":"2021-01-28T02:09:51-08:00","entry_id":122283,"field1":"-0.5","field2":"-1.5"},{"created_at":"2021-01-28T02:19:28-08:00","entry_id":122284,"field1":"-0.5625","field2":"-1.4375"},{"created_at":"2021-01-28T02:29:05-08:00","entry_id":122285,"field1":"-0.5625","field2":"-1.375"},{"created_at":"2021-01-28T02:38:42-08:00","entry_id":122286,"field1":"-0.5625","field2":"-1.375"},{"created_at":"2021-01-28T02:48:18-08:00","entry_id":122287,"field1":"-0.5625","field2":"-1.375"},{"created_at":"2021-01-28T02:57:53-08:00","entry_id":122288,"field1":"-0.5625","field2":"-1.375"},{"created_at":"2021-01-28T03:07:29-08:00","entry_id":122289,"field1":"-0.5625","field2":"-1.375"},{"created_at":"2021-01-28T03:17:06-08:00","entry_id":122290,"field1":"-0.5625","field2":"-1.375"},{"created_at":"2021-01-28T03:26:42-08:00","entry_id":122291,"field1":"-0.5625","field2":"-1.3125"},{"created_at":"2021-01-28T03:36:19-08:00","entry_id":122292,"field1":"-0.5625","field2":"-1.375"},{"created_at":"2021-01-28T03:45:56-08:00","entry_id":122293,"field1":"-0.5625","field2":"-1.3125"},{"created_at":"2021-01-28T03:55:30-08:00","entry_id":122294,"field1":"-0.5625","field2":"-1.3125"},{"created_at":"2021-01-28T04:05:07-08:00","entry_id":122295,"field1":"-0.5625","field2":"-1.25"},{"created_at":"2021-01-28T04:14:44-08:00","entry_id":122296,"field1":"-0.5625","field2":"-1.1875"},{"created_at":"2021-01-28T04:24:19-08:00","entry_id":122297,"field1":"-0.5625","field2":"-1.1875"},{"created_at":"2021-01-28T04:33:56-08:00","entry_id":122298,"field1":"-0.5625","field2":"-1.1875"},{"created_at":"2021-01-28T04:43:31-08:00","entry_id":122299,"field1":"-0.5625","field2":"-1.125"},{"created_at":"2021-01-28T04:53:07-08:00","entry_id":122300,"field1":"-0.5625","field2":"-1.125"},{"created_at":"2021-01-28T05:02:43-08:00","entry_id":122301,"field1":"-0.5625","field2":"-1.1875"},{"created_at":"2021-01-28T05:12:21-08:00","entry_id":122302,"field1":"-0.5625","field2":"-1.1875"},{"created_at":"2021-01-28T05:21:55-08:00","entry_id":122303,"field1":"-0.5625","field2":"-1.125"},{"created_at":"2021-01-28T05:31:32-08:00","entry_id":122304,"field1":"-0.5625","field2":"-1.125"},{"created_at":"2021-01-28T05:41:08-08:00","entry_id":122305,"field1":"-0.5625","field2":"-1.125"},{"created_at":"2021-01-28T05:50:46-08:00","entry_id":122306,"field1":"-0.5625","field2":"-1.125"},{"created_at":"2021-01-28T06:00:22-08:00","entry_id":122307,"field1":"-0.5625","field2":"-1.125"},{"created_at":"2021-01-28T06:09:58-08:00","entry_id":122308,"field1":"-0.5625","field2":"-1.125"},{"created_at":"2021-01-28T06:19:33-08:00","entry_id":122309,"field1":"-0.5625","field2":"-1.125"},{"created_at":"2021-01-28T06:29:10-08:00","entry_id":122310,"field1":"-0.5625","field2":"-1.125"},{"created_at":"2021-01-28T06:38:47-08:00","entry_id":122311,"field1":"-0.5625","field2":"-1.0625"},{"created_at":"2021-01-28T06:48:23-08:00","entry_id":122312,"field1":"-0.5625","field2":"-1.0625"},{"created_at":"2021-01-28T06:57:59-08:00","entry_id":122313,"field1":"-0.5","field2":"-1"},{"created_at":"2021-01-28T07:07:36-08:00","entry_id":122314,"field1":"-0.5625","field2":"-1.0625"},{"created_at":"2021-01-28T07:17:14-08:00","entry_id":122315,"field1":"-0.5625","field2":"-1.0625"},{"created_at":"2021-01-28T07:26:49-08:00","entry_id":122316,"field1":"-0.5625","field2":"-1.0625"},{"created_at":"2021-01-28T07:36:25-08:00","entry_id":122317,"field1":"-0.5","field2":"-1.0625"},{"created_at":"2021-01-28T07:46:01-08:00","entry_id":122318,"field1":"-0.5625","field2":"-1.0625"},{"created_at":"2021-01-28T07:55:38-08:00","entry_id":122319,"field1":"-0.5","field2":"-1"},{"created_at":"2021-01-28T08:05:13-08:00","entry_id":122320,"field1":"-0.5","field2":"-1"},{"created_at":"2021-01-28T08:14:49-08:00","entry_id":122321,"field1":"-0.5","field2":"-0.9375"},{"created_at":"2021-01-28T08:24:26-08:00","entry_id":122322,"field1":"-0.5","field2":"-0.9375"},{"created_at":"2021-01-28T08:34:02-08:00","entry_id":122323,"field1":"-0.5","field2":"-0.875"},{"created_at":"2021-01-28T08:43:37-08:00","entry_id":122324,"field1":"-0.5","field2":"-0.8125"},{"created_at":"2021-01-28T08:53:15-08:00","entry_id":122325,"field1":"-0.5","field2":"-0.75"},{"created_at":"2021-01-28T09:02:50-08:00","entry_id":122326,"field1":"-0.5","field2":"-0.6875"},{"created_at":"2021-01-28T09:12:27-08:00","entry_id":122327,"field1":"-0.5","field2":"-0.6875"},{"created_at":"2021-01-28T09:22:04-08:00","entry_id":122328,"field1":"-0.5","field2":"-0.5625"},{"created_at":"2021-01-28T09:31:41-08:00","entry_id":122329,"field1":"-0.5","field2":"-0.5"},{"created_at":"2021-01-28T09:41:18-08:00","entry_id":122330,"field1":"-0.5","field2":"-0.3125"},{"created_at":"2021-01-28T09:50:54-08:00","entry_id":122331,"field1":"-0.4375","field2":"-0.25"},{"created_at":"2021-01-28T10:00:30-08:00","entry_id":122332,"field1":"-0.4375","field2":"-0.25"},{"created_at":"2021-01-28T10:10:07-08:00","entry_id":122333,"field1":"-0.4375","field2":"-0.25"},{"created_at":"2021-01-28T10:19:43-08:00","entry_id":122334,"field1":"-0.4375","field2":"-0.1875"},{"created_at":"2021-01-28T10:29:20-08:00","entry_id":122335,"field1":"-0.375","field2":"-0.125"},{"created_at":"2021-01-28T10:38:57-08:00","entry_id":122336,"field1":"-0.375","field2":"-0.125"},{"created_at":"2021-01-28T10:48:32-08:00","entry_id":122337,"field1":"-0.375","field2":"0"},{"created_at":"2021-01-28T10:58:09-08:00","entry_id":122338,"field1":"-0.375","field2":"0.0625"},{"created_at":"2021-01-28T11:07:46-08:00","entry_id":122339,"field1":"-0.375","field2":"0.0625"},{"created_at":"2021-01-28T11:17:21-08:00","entry_id":122340,"field1":"-0.3125","field2":"0.0625"},{"created_at":"2021-01-28T11:26:58-08:00","entry_id":122341,"field1":"-0.3125","field2":"0.125"},{"created_at":"2021-01-28T11:36:34-08:00","entry_id":122342,"field1":"-0.3125","field2":"-0.0625"},{"created_at":"2021-01-28T11:46:11-08:00","entry_id":122343,"field1":"-0.3125","field2":"-0.125"},{"created_at":"2021-01-28T11:55:48-08:00","entry_id":122344,"field1":"-0.25","field2":"-0.0625"},{"created_at":"2021-01-28T12:05:25-08:00","entry_id":122345,"field1":"-0.25","field2":"-0.0625"},{"created_at":"2021-01-28T12:15:02-08:00","entry_id":122346,"field1":"-0.25","field2":"0"},{"created_at":"2021-01-28T12:24:39-08:00","entry_id":122347,"field1":"-0.25","field2":"-0.125"},{"created_at":"2021-01-28T12:34:15-08:00","entry_id":122348,"field1":"-0.25","field2":"-0.0625"},{"created_at":"2021-01-28T12:43:52-08:00","entry_id":122349,"field1":"-0.1875","field2":"0.125"},{"created_at":"2021-01-28T12:53:28-08:00","entry_id":122350,"field1":"-0.1875","field2":"0.3125"},{"created_at":"2021-01-28T13:03:03-08:00","entry_id":122351,"field1":"-0.1875","field2":"0.1875"},{"created_at":"2021-01-28T13:12:41-08:00","entry_id":122352,"field1":"-0.1875","field2":"0.25"},{"created_at":"2021-01-28T13:22:17-08:00","entry_id":122353,"field1":"-0.1875","field2":"0.1875"},{"created_at":"2021-01-28T13:31:52-08:00","entry_id":122354,"field1":"-0.125","field2":"0.0625"},{"created_at":"2021-01-28T13:41:29-08:00","entry_id":122355,"field1":"-0.125","field2":"0.25"},{"created_at":"2021-01-28T13:51:04-08:00","entry_id":122356,"field1":"-0.125","field2":"0.125"},{"created_at":"2021-01-28T14:00:42-08:00","entry_id":122357,"field1":"-0.125","field2":"0"},{"created_at":"2021-01-28T14:10:18-08:00","entry_id":122358,"field1":"-0.125","field2":"-0.0625"},{"created_at":"2021-01-28T14:19:55-08:00","entry_id":122359,"field1":"-0.125","field2":"0.0625"},{"created_at":"2021-01-28T14:29:32-08:00","entry_id":122360,"field1":"-0.125","field2":"0.125"},{"created_at":"2021-01-28T14:39:07-08:00","entry_id":122361,"field1":"-0.0625","field2":"0.125"},{"created_at":"2021-01-28T14:48:45-08:00","entry_id":122362,"field1":"-0.0625","field2":"0.125"},{"created_at":"2021-01-28T14:58:23-08:00","entry_id":122363,"field1":"-0.0625","field2":"0.1875"},{"created_at":"2021-01-28T15:07:58-08:00","entry_id":122364,"field1":"-0.0625","field2":"0.1875"},{"created_at":"2021-01-28T15:17:34-08:00","entry_id":122365,"field1":"-0.0625","field2":"0.1875"},{"created_at":"2021-01-28T15:27:11-08:00","entry_id":122366,"field1":"-0.0625","field2":"0.1875"},{"created_at":"2021-01-28T15:36:48-08:00","entry_id":122367,"field1":"-0.0625","field2":"0.125"},{"created_at":"2021-01-28T15:46:23-08:00","entry_id":122368,"field1":"-0.0625","field2":"0.0625"},{"created_at":"2021-01-28T15:55:59-08:00","entry_id":122369,"field1":"-0.0625","field2":"0.0625"},{"created_at":"2021-01-28T16:05:37-08:00","entry_id":122370,"field1":"-0.0625","field2":"0.0625"},{"created_at":"2021-01-28T16:15:13-08:00","entry_id":122371,"field1":"-0.0625","field2":"0"},{"created_at":"2021-01-28T16:24:48-08:00","entry_id":122372,"field1":"0","field2":"0"},{"created_at":"2021-01-28T16:34:26-08:00","entry_id":122373,"field1":"0","field2":"-0.0625"},{"created_at":"2021-01-28T16:44:01-08:00","entry_id":122374,"field1":"0","field2":"-0.0625"},{"created_at":"2021-01-28T16:53:38-08:00","entry_id":122375,"field1":"0","field2":"-0.125"},{"created_at":"2021-01-28T17:03:14-08:00","entry_id":122376,"field1":"0","field2":"-0.125"},{"created_at":"2021-01-28T17:12:50-08:00","entry_id":122377,"field1":"0","field2":"-0.125"},{"created_at":"2021-01-28T17:22:28-08:00","entry_id":122378,"field1":"0","field2":"-0.1875"},{"created_at":"2021-01-28T17:32:04-08:00","entry_id":122379,"field1":"0","field2":"-0.1875"},{"created_at":"2021-01-28T17:41:41-08:00","entry_id":122380,"field1":"0","field2":"-0.1875"},{"created_at":"2021-01-28T17:51:17-08:00","entry_id":122381,"field1":"0","field2":"-0.1875"},{"created_at":"2021-01-28T18:00:54-08:00","entry_id":122382,"field1":"0","field2":"-0.1875"},{"created_at":"2021-01-28T18:10:28-08:00","entry_id":122383,"field1":"0","field2":"-0.1875"},{"created_at":"2021-01-28T18:20:06-08:00","entry_id":122384,"field1":"0","field2":"-0.1875"},{"created_at":"2021-01-28T18:29:42-08:00","entry_id":122385,"field1":"0","field2":"-0.25"},{"created_at":"2021-01-28T18:39:19-08:00","entry_id":122386,"field1":"0","field2":"-0.25"},{"created_at":"2021-01-28T18:48:55-08:00","entry_id":122387,"field1":"0","field2":"-0.1875"},{"created_at":"2021-01-28T18:58:30-08:00","entry_id":122388,"field1":"0","field2":"-0.1875"},{"created_at":"2021-01-28T19:08:08-08:00","entry_id":122389,"field1":"0","field2":"-0.25"},{"created_at":"2021-01-28T19:17:45-08:00","entry_id":122390,"field1":"0","field2":"-0.25"},{"created_at":"2021-01-28T19:27:21-08:00","entry_id":122391,"field1":"0","field2":"-0.25"},{"created_at":"2021-01-28T19:36:58-08:00","entry_id":122392,"field1":"0","field2":"-0.25"},{"created_at":"2021-01-28T19:46:33-08:00","entry_id":122393,"field1":"0","field2":"-0.25"},{"created_at":"2021-01-28T19:56:11-08:00","entry_id":122394,"field1":"0","field2":"-0.25"},{"created_at":"2021-01-28T20:05:46-08:00","entry_id":122395,"field1":"0","field2":"-0.25"},{"created_at":"2021-01-28T20:15:23-08:00","entry_id":122396,"field1":"0","field2":"-0.25"},{"created_at":"2021-01-28T20:25:00-08:00","entry_id":122397,"field1":"0","field2":"-0.3125"},{"created_at":"2021-01-28T20:34:35-08:00","entry_id":122398,"field1":"0","field2":"-0.3125"},{"created_at":"2021-01-28T20:44:13-08:00","entry_id":122399,"field1":"0","field2":"-0.25"},{"created_at":"2021-01-28T20:53:48-08:00","entry_id":122400,"field1":"0","field2":"-0.25"},{"created_at":"2021-01-28T21:03:24-08:00","entry_id":122401,"field1":"0.0625","field2":"-0.3125"},{"created_at":"2021-01-28T21:13:01-08:00","entry_id":122402,"field1":"0","field2":"-0.3125"},{"created_at":"2021-01-28T21:22:36-08:00","entry_id":122403,"field1":"0.0625","field2":"-0.3125"},{"created_at":"2021-01-28T21:32:14-08:00","entry_id":122404,"field1":"0","field2":"-0.25"},{"created_at":"2021-01-28T21:41:50-08:00","entry_id":122405,"field1":"0","field2":"-0.3125"},{"created_at":"2021-01-28T21:51:26-08:00","entry_id":122406,"field1":"0.0625","field2":"-0.3125"},{"created_at":"2021-01-28T22:01:03-08:00","entry_id":122407,"field1":"0.0625","field2":"-0.3125"},{"created_at":"2021-01-28T22:10:38-08:00","entry_id":122408,"field1":"0.0625","field2":"-0.3125"},{"created_at":"2021-01-28T22:20:16-08:00","entry_id":122409,"field1":"0.0625","field2":"-0.3125"},{"created_at":"2021-01-28T22:29:53-08:00","entry_id":122410,"field1":"0.0625","field2":"-0.3125"},{"created_at":"2021-01-28T22:39:30-08:00","entry_id":122411,"field1":"0.0625","field2":"-0.25"},{"created_at":"2021-01-28T22:49:06-08:00","entry_id":122412,"field1":"0.0625","field2":"-0.3125"},{"created_at":"2021-01-28T22:58:43-08:00","entry_id":122413,"field1":"0.0625","field2":"-0.25"},{"created_at":"2021-01-28T23:08:20-08:00","entry_id":122414,"field1":"0.0625","field2":"-0.3125"},{"created_at":"2021-01-28T23:17:57-08:00","entry_id":122415,"field1":"0.0625","field2":"-0.3125"},{"created_at":"2021-01-28T23:27:34-08:00","entry_id":122416,"field1":"0.0625","field2":"-0.375"},{"created_at":"2021-01-28T23:37:11-08:00","entry_id":122417,"field1":"0.0625","field2":"-0.375"},{"created_at":"2021-01-28T23:46:46-08:00","entry_id":122418,"field1":"0.0625","field2":"-0.3125"},{"created_at":"2021-01-28T23:56:23-08:00","entry_id":122419,"field1":"0.0625","field2":"-0.375"}]}