{"channel":{"id":581842,"name":"Upstairs Small Window Indoor / Outdoor Sensor","latitude":"0.0","longitude":"0.0","field1":"Indoor Temperature","field2":"Outdoor Temperature","created_at":"2018-09-23T15:37:52-07:00","updated_at":"2020-07-27T05:59:41-07:00","last_entry_id":383012},"feeds":[{"created_at":"2025-11-29T00:00:51-08:00","entry_id":382730,"field1":"2.125","field2":"-0.625"},{"created_at":"2025-11-29T00:10:28-08:00","entry_id":382731,"field1":"2.125","field2":"-0.625"},{"created_at":"2025-11-29T00:20:06-08:00","entry_id":382732,"field1":"2.125","field2":"-0.6875"},{"created_at":"2025-11-29T00:29:42-08:00","entry_id":382733,"field1":"2.125","field2":"-0.9375"},{"created_at":"2025-11-29T00:39:19-08:00","entry_id":382734,"field1":"2.0625","field2":"-0.8125"},{"created_at":"2025-11-29T00:48:56-08:00","entry_id":382735,"field1":"2.0625","field2":"-0.625"},{"created_at":"2025-11-29T00:58:33-08:00","entry_id":382736,"field1":"2.0625","field2":"-0.5625"},{"created_at":"2025-11-29T01:08:09-08:00","entry_id":382737,"field1":"2.0625","field2":"-0.5"},{"created_at":"2025-11-29T01:17:46-08:00","entry_id":382738,"field1":"2","field2":"-0.375"},{"created_at":"2025-11-29T01:27:22-08:00","entry_id":382739,"field1":"2","field2":"-0.25"},{"created_at":"2025-11-29T01:36:58-08:00","entry_id":382740,"field1":"2","field2":"-0.1875"},{"created_at":"2025-11-29T01:46:36-08:00","entry_id":382741,"field1":"2","field2":"-0.3125"},{"created_at":"2025-11-29T01:56:13-08:00","entry_id":382742,"field1":"2","field2":"-0.375"},{"created_at":"2025-11-29T02:05:50-08:00","entry_id":382743,"field1":"2","field2":"-0.625"},{"created_at":"2025-11-29T02:15:26-08:00","entry_id":382744,"field1":"1.9375","field2":"-0.6875"},{"created_at":"2025-11-29T02:25:04-08:00","entry_id":382745,"field1":"1.9375","field2":"-0.6875"},{"created_at":"2025-11-29T02:34:40-08:00","entry_id":382746,"field1":"1.9375","field2":"-0.8125"},{"created_at":"2025-11-29T02:44:16-08:00","entry_id":382747,"field1":"1.9375","field2":"-0.9375"},{"created_at":"2025-11-29T02:53:53-08:00","entry_id":382748,"field1":"1.875","field2":"-0.9375"},{"created_at":"2025-11-29T03:03:29-08:00","entry_id":382749,"field1":"1.875","field2":"-0.8125"},{"created_at":"2025-11-29T03:13:06-08:00","entry_id":382750,"field1":"1.875","field2":"-0.8125"},{"created_at":"2025-11-29T03:22:43-08:00","entry_id":382751,"field1":"1.875","field2":"-0.75"},{"created_at":"2025-11-29T03:32:19-08:00","entry_id":382752,"field1":"1.875","field2":"-0.75"},{"created_at":"2025-11-29T03:41:55-08:00","entry_id":382753,"field1":"1.875","field2":"-0.875"},{"created_at":"2025-11-29T03:51:32-08:00","entry_id":382754,"field1":"1.8125","field2":"-0.875"},{"created_at":"2025-11-29T04:01:10-08:00","entry_id":382755,"field1":"1.8125","field2":"-0.8125"},{"created_at":"2025-11-29T04:10:47-08:00","entry_id":382756,"field1":"1.8125","field2":"-0.75"},{"created_at":"2025-11-29T04:20:23-08:00","entry_id":382757,"field1":"1.8125","field2":"-0.5625"},{"created_at":"2025-11-29T04:29:59-08:00","entry_id":382758,"field1":"1.8125","field2":"-0.5"},{"created_at":"2025-11-29T04:39:35-08:00","entry_id":382759,"field1":"1.75","field2":"-0.375"},{"created_at":"2025-11-29T04:49:13-08:00","entry_id":382760,"field1":"1.75","field2":"-0.5625"},{"created_at":"2025-11-29T04:58:48-08:00","entry_id":382761,"field1":"1.75","field2":"-0.625"},{"created_at":"2025-11-29T05:08:27-08:00","entry_id":382762,"field1":"1.75","field2":"-0.6875"},{"created_at":"2025-11-29T05:18:02-08:00","entry_id":382763,"field1":"1.75","field2":"-0.75"},{"created_at":"2025-11-29T05:27:39-08:00","entry_id":382764,"field1":"1.6875","field2":"-0.8125"},{"created_at":"2025-11-29T05:37:17-08:00","entry_id":382765,"field1":"1.6875","field2":"-0.8125"},{"created_at":"2025-11-29T05:46:54-08:00","entry_id":382766,"field1":"1.6875","field2":"-0.875"},{"created_at":"2025-11-29T05:56:30-08:00","entry_id":382767,"field1":"1.6875","field2":"-0.875"},{"created_at":"2025-11-29T06:06:06-08:00","entry_id":382768,"field1":"1.6875","field2":"-0.75"},{"created_at":"2025-11-29T06:15:42-08:00","entry_id":382769,"field1":"1.6875","field2":"-0.8125"},{"created_at":"2025-11-29T06:25:20-08:00","entry_id":382770,"field1":"1.6875","field2":"-0.8125"},{"created_at":"2025-11-29T06:34:56-08:00","entry_id":382771,"field1":"1.625","field2":"-0.875"},{"created_at":"2025-11-29T06:44:32-08:00","entry_id":382772,"field1":"1.625","field2":"-0.875"},{"created_at":"2025-11-29T06:54:09-08:00","entry_id":382773,"field1":"1.625","field2":"-0.875"},{"created_at":"2025-11-29T07:03:47-08:00","entry_id":382774,"field1":"1.625","field2":"-0.8125"},{"created_at":"2025-11-29T07:13:22-08:00","entry_id":382775,"field1":"1.5625","field2":"-0.8125"},{"created_at":"2025-11-29T07:22:59-08:00","entry_id":382776,"field1":"1.5625","field2":"-0.9375"},{"created_at":"2025-11-29T07:32:35-08:00","entry_id":382777,"field1":"1.5625","field2":"-0.9375"},{"created_at":"2025-11-29T07:42:11-08:00","entry_id":382778,"field1":"1.5625","field2":"-1"},{"created_at":"2025-11-29T07:51:48-08:00","entry_id":382779,"field1":"1.5625","field2":"-0.875"},{"created_at":"2025-11-29T08:01:25-08:00","entry_id":382780,"field1":"1.5625","field2":"-0.875"},{"created_at":"2025-11-29T08:11:01-08:00","entry_id":382781,"field1":"1.5","field2":"-0.875"},{"created_at":"2025-11-29T08:20:37-08:00","entry_id":382782,"field1":"1.5","field2":"-0.75"},{"created_at":"2025-11-29T08:30:13-08:00","entry_id":382783,"field1":"1.5","field2":"-0.6875"},{"created_at":"2025-11-29T08:39:51-08:00","entry_id":382784,"field1":"1.5","field2":"-0.6875"},{"created_at":"2025-11-29T08:49:26-08:00","entry_id":382785,"field1":"1.5","field2":"-0.625"},{"created_at":"2025-11-29T08:59:03-08:00","entry_id":382786,"field1":"1.5","field2":"-0.625"},{"created_at":"2025-11-29T09:08:41-08:00","entry_id":382787,"field1":"1.5","field2":"-0.5"},{"created_at":"2025-11-29T09:18:16-08:00","entry_id":382788,"field1":"1.5","field2":"-0.5625"},{"created_at":"2025-11-29T09:27:53-08:00","entry_id":382789,"field1":"1.4375","field2":"-0.375"},{"created_at":"2025-11-29T09:37:29-08:00","entry_id":382790,"field1":"1.4375","field2":"-0.25"},{"created_at":"2025-11-29T09:47:07-08:00","entry_id":382791,"field1":"1.4375","field2":"-0.125"},{"created_at":"2025-11-29T09:56:44-08:00","entry_id":382792,"field1":"1.4375","field2":"-0.125"},{"created_at":"2025-11-29T10:06:19-08:00","entry_id":382793,"field1":"1.4375","field2":"0.0625"},{"created_at":"2025-11-29T10:15:55-08:00","entry_id":382794,"field1":"1.4375","field2":"0.125"},{"created_at":"2025-11-29T10:25:31-08:00","entry_id":382795,"field1":"1.4375","field2":"0.25"},{"created_at":"2025-11-29T10:35:09-08:00","entry_id":382796,"field1":"1.4375","field2":"0.0625"},{"created_at":"2025-11-29T10:44:46-08:00","entry_id":382797,"field1":"1.4375","field2":"0.1875"},{"created_at":"2025-11-29T10:54:24-08:00","entry_id":382798,"field1":"1.4375","field2":"0.3125"},{"created_at":"2025-11-29T11:04:01-08:00","entry_id":382799,"field1":"1.4375","field2":"0.375"},{"created_at":"2025-11-29T11:13:36-08:00","entry_id":382800,"field1":"1.4375","field2":"0.5"},{"created_at":"2025-11-29T11:23:12-08:00","entry_id":382801,"field1":"1.4375","field2":"0.5"},{"created_at":"2025-11-29T11:32:49-08:00","entry_id":382802,"field1":"1.4375","field2":"0.5"},{"created_at":"2025-11-29T11:42:27-08:00","entry_id":382803,"field1":"1.4375","field2":"0.5"},{"created_at":"2025-11-29T11:52:05-08:00","entry_id":382804,"field1":"1.4375","field2":"0.4375"},{"created_at":"2025-11-29T12:01:40-08:00","entry_id":382805,"field1":"1.4375","field2":"0.5"},{"created_at":"2025-11-29T12:11:19-08:00","entry_id":382806,"field1":"1.4375","field2":"0.5"},{"created_at":"2025-11-29T12:20:54-08:00","entry_id":382807,"field1":"1.4375","field2":"0.5"},{"created_at":"2025-11-29T12:30:32-08:00","entry_id":382808,"field1":"1.4375","field2":"0.5"},{"created_at":"2025-11-29T12:40:09-08:00","entry_id":382809,"field1":"1.4375","field2":"0.5"},{"created_at":"2025-11-29T12:49:47-08:00","entry_id":382810,"field1":"1.4375","field2":"0.375"},{"created_at":"2025-11-29T12:59:24-08:00","entry_id":382811,"field1":"1.4375","field2":"0.3125"},{"created_at":"2025-11-29T13:08:59-08:00","entry_id":382812,"field1":"1.4375","field2":"0.25"},{"created_at":"2025-11-29T13:18:37-08:00","entry_id":382813,"field1":"1.375","field2":"0.25"},{"created_at":"2025-11-29T13:28:14-08:00","entry_id":382814,"field1":"1.375","field2":"0.25"},{"created_at":"2025-11-29T13:37:50-08:00","entry_id":382815,"field1":"1.375","field2":"0.3125"},{"created_at":"2025-11-29T13:47:26-08:00","entry_id":382816,"field1":"1.375","field2":"0.375"},{"created_at":"2025-11-29T13:57:05-08:00","entry_id":382817,"field1":"1.375","field2":"0.375"},{"created_at":"2025-11-29T14:06:40-08:00","entry_id":382818,"field1":"1.375","field2":"0.3125"},{"created_at":"2025-11-29T14:16:19-08:00","entry_id":382819,"field1":"1.375","field2":"0"},{"created_at":"2025-11-29T14:25:55-08:00","entry_id":382820,"field1":"1.375","field2":"-0.0625"},{"created_at":"2025-11-29T14:35:33-08:00","entry_id":382821,"field1":"1.375","field2":"0"},{"created_at":"2025-11-29T14:45:09-08:00","entry_id":382822,"field1":"1.4375","field2":"0"},{"created_at":"2025-11-29T14:54:46-08:00","entry_id":382823,"field1":"1.375","field2":"0.0625"},{"created_at":"2025-11-29T15:04:23-08:00","entry_id":382824,"field1":"1.375","field2":"0.0625"},{"created_at":"2025-11-29T15:13:59-08:00","entry_id":382825,"field1":"1.375","field2":"0"},{"created_at":"2025-11-29T15:23:35-08:00","entry_id":382826,"field1":"1.375","field2":"-0.0625"},{"created_at":"2025-11-29T15:33:12-08:00","entry_id":382827,"field1":"1.375","field2":"-0.1875"},{"created_at":"2025-11-29T15:42:48-08:00","entry_id":382828,"field1":"1.375","field2":"-0.3125"},{"created_at":"2025-11-29T15:52:25-08:00","entry_id":382829,"field1":"1.375","field2":"-0.4375"},{"created_at":"2025-11-29T16:02:03-08:00","entry_id":382830,"field1":"1.375","field2":"-0.625"},{"created_at":"2025-11-29T16:11:40-08:00","entry_id":382831,"field1":"1.375","field2":"-0.6875"},{"created_at":"2025-11-29T16:21:16-08:00","entry_id":382832,"field1":"1.375","field2":"-0.8125"},{"created_at":"2025-11-29T16:30:54-08:00","entry_id":382833,"field1":"1.375","field2":"-0.9375"},{"created_at":"2025-11-29T16:40:31-08:00","entry_id":382834,"field1":"1.375","field2":"-1.0625"},{"created_at":"2025-11-29T16:50:08-08:00","entry_id":382835,"field1":"1.3125","field2":"-1"},{"created_at":"2025-11-29T16:59:43-08:00","entry_id":382836,"field1":"1.3125","field2":"-0.9375"},{"created_at":"2025-11-29T17:09:21-08:00","entry_id":382837,"field1":"1.3125","field2":"-0.875"},{"created_at":"2025-11-29T17:18:58-08:00","entry_id":382838,"field1":"1.3125","field2":"-0.8125"},{"created_at":"2025-11-29T17:28:34-08:00","entry_id":382839,"field1":"1.3125","field2":"-1"},{"created_at":"2025-11-29T17:38:11-08:00","entry_id":382840,"field1":"1.3125","field2":"-1"},{"created_at":"2025-11-29T17:47:47-08:00","entry_id":382841,"field1":"1.3125","field2":"-1.1875"},{"created_at":"2025-11-29T17:57:23-08:00","entry_id":382842,"field1":"1.25","field2":"-1.3125"},{"created_at":"2025-11-29T18:07:01-08:00","entry_id":382843,"field1":"1.25","field2":"-1.375"},{"created_at":"2025-11-29T18:16:37-08:00","entry_id":382844,"field1":"1.25","field2":"-1.5625"},{"created_at":"2025-11-29T18:26:14-08:00","entry_id":382845,"field1":"1.25","field2":"-1.6875"},{"created_at":"2025-11-29T18:35:50-08:00","entry_id":382846,"field1":"1.25","field2":"-1.5625"},{"created_at":"2025-11-29T18:45:27-08:00","entry_id":382847,"field1":"1.1875","field2":"-1.375"},{"created_at":"2025-11-29T18:55:03-08:00","entry_id":382848,"field1":"1.1875","field2":"-1.625"},{"created_at":"2025-11-29T19:04:39-08:00","entry_id":382849,"field1":"1.1875","field2":"-1.8125"},{"created_at":"2025-11-29T19:14:17-08:00","entry_id":382850,"field1":"1.1875","field2":"-1.625"},{"created_at":"2025-11-29T19:23:54-08:00","entry_id":382851,"field1":"1.125","field2":"-1.6875"},{"created_at":"2025-11-29T19:33:29-08:00","entry_id":382852,"field1":"1.125","field2":"-1.9375"},{"created_at":"2025-11-29T19:43:08-08:00","entry_id":382853,"field1":"1.125","field2":"-1.875"},{"created_at":"2025-11-29T19:52:44-08:00","entry_id":382854,"field1":"1.125","field2":"-1.9375"},{"created_at":"2025-11-29T20:02:22-08:00","entry_id":382855,"field1":"1.0625","field2":"-1.875"},{"created_at":"2025-11-29T20:11:58-08:00","entry_id":382856,"field1":"1.0625","field2":"-1.875"},{"created_at":"2025-11-29T20:21:34-08:00","entry_id":382857,"field1":"1.0625","field2":"-1.6875"},{"created_at":"2025-11-29T20:31:12-08:00","entry_id":382858,"field1":"1.0625","field2":"-1.75"},{"created_at":"2025-11-29T20:40:49-08:00","entry_id":382859,"field1":"1.0625","field2":"-1.625"},{"created_at":"2025-11-29T20:50:24-08:00","entry_id":382860,"field1":"1","field2":"-1.6875"},{"created_at":"2025-11-29T21:00:00-08:00","entry_id":382861,"field1":"1","field2":"-1.625"},{"created_at":"2025-11-29T21:09:38-08:00","entry_id":382862,"field1":"1","field2":"-1.75"},{"created_at":"2025-11-29T21:19:16-08:00","entry_id":382863,"field1":"1","field2":"-1.6875"},{"created_at":"2025-11-29T21:28:53-08:00","entry_id":382864,"field1":"1","field2":"-2"},{"created_at":"2025-11-29T21:38:29-08:00","entry_id":382865,"field1":"0.9375","field2":"-2.1875"},{"created_at":"2025-11-29T21:48:06-08:00","entry_id":382866,"field1":"0.9375","field2":"-2.25"},{"created_at":"2025-11-29T21:57:42-08:00","entry_id":382867,"field1":"0.9375","field2":"-2.125"},{"created_at":"2025-11-29T22:07:18-08:00","entry_id":382868,"field1":"0.9375","field2":"-2.25"},{"created_at":"2025-11-29T22:16:56-08:00","entry_id":382869,"field1":"0.875","field2":"-2.1875"},{"created_at":"2025-11-29T22:26:32-08:00","entry_id":382870,"field1":"0.875","field2":"-2.125"},{"created_at":"2025-11-29T22:36:08-08:00","entry_id":382871,"field1":"0.875","field2":"-2.125"},{"created_at":"2025-11-29T22:45:44-08:00","entry_id":382872,"field1":"0.875","field2":"-2.0625"},{"created_at":"2025-11-29T22:55:20-08:00","entry_id":382873,"field1":"0.8125","field2":"-2"},{"created_at":"2025-11-29T23:04:57-08:00","entry_id":382874,"field1":"0.8125","field2":"-2"},{"created_at":"2025-11-29T23:14:33-08:00","entry_id":382875,"field1":"0.8125","field2":"-2.0625"},{"created_at":"2025-11-29T23:24:09-08:00","entry_id":382876,"field1":"0.8125","field2":"-2"},{"created_at":"2025-11-29T23:33:46-08:00","entry_id":382877,"field1":"0.75","field2":"-2.125"},{"created_at":"2025-11-29T23:43:24-08:00","entry_id":382878,"field1":"0.75","field2":"-2.3125"},{"created_at":"2025-11-29T23:53:00-08:00","entry_id":382879,"field1":"0.75","field2":"-2.25"}]}