{"channel":{"id":581842,"name":"Upstairs Small Window Indoor / Outdoor Sensor","latitude":"0.0","longitude":"0.0","field1":"Indoor Temperature","field2":"Outdoor Temperature","created_at":"2018-09-23T15:37:52-07:00","updated_at":"2020-07-27T05:59:41-07:00","last_entry_id":272195},"feeds":[{"created_at":"2023-11-13T00:08:28-08:00","entry_id":271915,"field1":"5","field2":"4.125"},{"created_at":"2023-11-13T00:18:06-08:00","entry_id":271916,"field1":"5.0625","field2":"4.1875"},{"created_at":"2023-11-13T00:27:43-08:00","entry_id":271917,"field1":"5","field2":"4.625"},{"created_at":"2023-11-13T00:37:20-08:00","entry_id":271918,"field1":"5","field2":"4.3125"},{"created_at":"2023-11-13T00:46:58-08:00","entry_id":271919,"field1":"5","field2":"4.3125"},{"created_at":"2023-11-13T00:56:35-08:00","entry_id":271920,"field1":"5","field2":"4.3125"},{"created_at":"2023-11-13T01:06:12-08:00","entry_id":271921,"field1":"5","field2":"4.3125"},{"created_at":"2023-11-13T01:15:49-08:00","entry_id":271922,"field1":"5","field2":"4.3125"},{"created_at":"2023-11-13T01:25:25-08:00","entry_id":271923,"field1":"5","field2":"4.25"},{"created_at":"2023-11-13T01:35:03-08:00","entry_id":271924,"field1":"5","field2":"4.3125"},{"created_at":"2023-11-13T01:44:40-08:00","entry_id":271925,"field1":"5","field2":"4.375"},{"created_at":"2023-11-13T01:54:17-08:00","entry_id":271926,"field1":"5","field2":"4.375"},{"created_at":"2023-11-13T02:03:54-08:00","entry_id":271927,"field1":"5","field2":"4.4375"},{"created_at":"2023-11-13T02:13:32-08:00","entry_id":271928,"field1":"5","field2":"4.5"},{"created_at":"2023-11-13T02:23:10-08:00","entry_id":271929,"field1":"5","field2":"4.4375"},{"created_at":"2023-11-13T02:32:47-08:00","entry_id":271930,"field1":"5","field2":"4.4375"},{"created_at":"2023-11-13T02:42:24-08:00","entry_id":271931,"field1":"5","field2":"4.5"},{"created_at":"2023-11-13T02:52:01-08:00","entry_id":271932,"field1":"5","field2":"4.5625"},{"created_at":"2023-11-13T03:01:44-08:00","entry_id":271933,"field1":"5","field2":"4.5"},{"created_at":"2023-11-13T03:11:24-08:00","entry_id":271934,"field1":"5","field2":"4.5"},{"created_at":"2023-11-13T03:21:01-08:00","entry_id":271935,"field1":"5","field2":"4.5"},{"created_at":"2023-11-13T03:30:37-08:00","entry_id":271936,"field1":"5","field2":"4.5625"},{"created_at":"2023-11-13T03:40:16-08:00","entry_id":271937,"field1":"5","field2":"4.625"},{"created_at":"2023-11-13T03:49:53-08:00","entry_id":271938,"field1":"5","field2":"4.625"},{"created_at":"2023-11-13T03:59:30-08:00","entry_id":271939,"field1":"5","field2":"4.625"},{"created_at":"2023-11-13T04:09:08-08:00","entry_id":271940,"field1":"5","field2":"4.625"},{"created_at":"2023-11-13T04:18:45-08:00","entry_id":271941,"field1":"5","field2":"4.5"},{"created_at":"2023-11-13T04:28:21-08:00","entry_id":271942,"field1":"5","field2":"4.3125"},{"created_at":"2023-11-13T04:37:59-08:00","entry_id":271943,"field1":"5","field2":"4.125"},{"created_at":"2023-11-13T04:47:37-08:00","entry_id":271944,"field1":"5","field2":"4.0625"},{"created_at":"2023-11-13T04:57:14-08:00","entry_id":271945,"field1":"5","field2":"4.0625"},{"created_at":"2023-11-13T05:06:51-08:00","entry_id":271946,"field1":"5","field2":"4"},{"created_at":"2023-11-13T05:16:29-08:00","entry_id":271947,"field1":"5","field2":"3.9375"},{"created_at":"2023-11-13T05:26:05-08:00","entry_id":271948,"field1":"5","field2":"3.6875"},{"created_at":"2023-11-13T05:35:43-08:00","entry_id":271949,"field1":"5","field2":"3.8125"},{"created_at":"2023-11-13T05:45:20-08:00","entry_id":271950,"field1":"5","field2":"3.9375"},{"created_at":"2023-11-13T05:54:58-08:00","entry_id":271951,"field1":"5","field2":"4"},{"created_at":"2023-11-13T06:04:34-08:00","entry_id":271952,"field1":"5","field2":"4.0625"},{"created_at":"2023-11-13T06:14:12-08:00","entry_id":271953,"field1":"4.9375","field2":"4.0625"},{"created_at":"2023-11-13T06:23:50-08:00","entry_id":271954,"field1":"4.9375","field2":"4.1875"},{"created_at":"2023-11-13T06:33:26-08:00","entry_id":271955,"field1":"4.9375","field2":"4.1875"},{"created_at":"2023-11-13T06:43:02-08:00","entry_id":271956,"field1":"4.9375","field2":"4.1875"},{"created_at":"2023-11-13T06:52:39-08:00","entry_id":271957,"field1":"4.9375","field2":"4.25"},{"created_at":"2023-11-13T07:02:17-08:00","entry_id":271958,"field1":"4.9375","field2":"4.25"},{"created_at":"2023-11-13T07:11:55-08:00","entry_id":271959,"field1":"4.9375","field2":"4.25"},{"created_at":"2023-11-13T07:21:32-08:00","entry_id":271960,"field1":"4.9375","field2":"4.1875"},{"created_at":"2023-11-13T07:31:09-08:00","entry_id":271961,"field1":"4.9375","field2":"4.0625"},{"created_at":"2023-11-13T07:40:47-08:00","entry_id":271962,"field1":"4.9375","field2":"3.9375"},{"created_at":"2023-11-13T07:50:24-08:00","entry_id":271963,"field1":"4.9375","field2":"4.125"},{"created_at":"2023-11-13T07:59:59-08:00","entry_id":271964,"field1":"4.9375","field2":"4.0625"},{"created_at":"2023-11-13T08:09:38-08:00","entry_id":271965,"field1":"4.9375","field2":"4.125"},{"created_at":"2023-11-13T08:19:15-08:00","entry_id":271966,"field1":"4.9375","field2":"4.125"},{"created_at":"2023-11-13T08:28:51-08:00","entry_id":271967,"field1":"4.9375","field2":"4.1875"},{"created_at":"2023-11-13T08:38:29-08:00","entry_id":271968,"field1":"4.9375","field2":"4.3125"},{"created_at":"2023-11-13T08:48:07-08:00","entry_id":271969,"field1":"4.9375","field2":"4.6875"},{"created_at":"2023-11-13T08:57:44-08:00","entry_id":271970,"field1":"4.9375","field2":"4.375"},{"created_at":"2023-11-13T09:07:19-08:00","entry_id":271971,"field1":"4.9375","field2":"4.3125"},{"created_at":"2023-11-13T09:16:56-08:00","entry_id":271972,"field1":"4.9375","field2":"4.375"},{"created_at":"2023-11-13T09:26:33-08:00","entry_id":271973,"field1":"4.9375","field2":"4.4375"},{"created_at":"2023-11-13T09:36:11-08:00","entry_id":271974,"field1":"4.9375","field2":"4.4375"},{"created_at":"2023-11-13T09:45:48-08:00","entry_id":271975,"field1":"5","field2":"4.5625"},{"created_at":"2023-11-13T09:55:25-08:00","entry_id":271976,"field1":"5","field2":"4.625"},{"created_at":"2023-11-13T10:05:03-08:00","entry_id":271977,"field1":"5","field2":"4.6875"},{"created_at":"2023-11-13T10:14:41-08:00","entry_id":271978,"field1":"5","field2":"4.6875"},{"created_at":"2023-11-13T10:24:18-08:00","entry_id":271979,"field1":"5","field2":"4.625"},{"created_at":"2023-11-13T10:33:55-08:00","entry_id":271980,"field1":"5","field2":"4.6875"},{"created_at":"2023-11-13T10:43:32-08:00","entry_id":271981,"field1":"5","field2":"4.6875"},{"created_at":"2023-11-13T10:53:10-08:00","entry_id":271982,"field1":"5","field2":"4.6875"},{"created_at":"2023-11-13T11:02:47-08:00","entry_id":271983,"field1":"5","field2":"4.75"},{"created_at":"2023-11-13T11:12:24-08:00","entry_id":271984,"field1":"5","field2":"4.8125"},{"created_at":"2023-11-13T11:22:02-08:00","entry_id":271985,"field1":"5","field2":"4.875"},{"created_at":"2023-11-13T11:31:39-08:00","entry_id":271986,"field1":"5.0625","field2":"4.9375"},{"created_at":"2023-11-13T11:41:16-08:00","entry_id":271987,"field1":"5.0625","field2":"5"},{"created_at":"2023-11-13T11:50:53-08:00","entry_id":271988,"field1":"5.0625","field2":"5.0625"},{"created_at":"2023-11-13T12:00:31-08:00","entry_id":271989,"field1":"5.0625","field2":"5.125"},{"created_at":"2023-11-13T12:10:09-08:00","entry_id":271990,"field1":"5.0625","field2":"5.1875"},{"created_at":"2023-11-13T12:19:46-08:00","entry_id":271991,"field1":"5.0625","field2":"5.375"},{"created_at":"2023-11-13T12:29:23-08:00","entry_id":271992,"field1":"5.0625","field2":"5.4375"},{"created_at":"2023-11-13T12:39:00-08:00","entry_id":271993,"field1":"5.125","field2":"5.5"},{"created_at":"2023-11-13T12:48:38-08:00","entry_id":271994,"field1":"5.125","field2":"5.5"},{"created_at":"2023-11-13T12:58:15-08:00","entry_id":271995,"field1":"5.125","field2":"5.5625"},{"created_at":"2023-11-13T13:07:52-08:00","entry_id":271996,"field1":"5.125","field2":"5.625"},{"created_at":"2023-11-13T13:17:29-08:00","entry_id":271997,"field1":"5.125","field2":"5.75"},{"created_at":"2023-11-13T13:27:07-08:00","entry_id":271998,"field1":"5.125","field2":"5.75"},{"created_at":"2023-11-13T13:36:44-08:00","entry_id":271999,"field1":"5.1875","field2":"5.75"},{"created_at":"2023-11-13T13:46:21-08:00","entry_id":272000,"field1":"5.1875","field2":"5.8125"},{"created_at":"2023-11-13T13:55:59-08:00","entry_id":272001,"field1":"5.1875","field2":"5.6875"},{"created_at":"2023-11-13T14:05:36-08:00","entry_id":272002,"field1":"5.1875","field2":"5.6875"},{"created_at":"2023-11-13T14:15:12-08:00","entry_id":272003,"field1":"5.25","field2":"5.6875"},{"created_at":"2023-11-13T14:24:49-08:00","entry_id":272004,"field1":"5.25","field2":"5.5625"},{"created_at":"2023-11-13T14:34:25-08:00","entry_id":272005,"field1":"5.25","field2":"5.8125"},{"created_at":"2023-11-13T14:44:04-08:00","entry_id":272006,"field1":"5.25","field2":"5.75"},{"created_at":"2023-11-13T14:53:41-08:00","entry_id":272007,"field1":"5.25","field2":"5.6875"},{"created_at":"2023-11-13T15:03:19-08:00","entry_id":272008,"field1":"5.3125","field2":"5.625"},{"created_at":"2023-11-13T15:12:56-08:00","entry_id":272009,"field1":"5.3125","field2":"5.5625"},{"created_at":"2023-11-13T15:22:34-08:00","entry_id":272010,"field1":"5.3125","field2":"5.4375"},{"created_at":"2023-11-13T15:32:09-08:00","entry_id":272011,"field1":"5.3125","field2":"5.3125"},{"created_at":"2023-11-13T15:41:48-08:00","entry_id":272012,"field1":"5.3125","field2":"5.3125"},{"created_at":"2023-11-13T15:51:25-08:00","entry_id":272013,"field1":"5.3125","field2":"5.125"},{"created_at":"2023-11-13T16:01:03-08:00","entry_id":272014,"field1":"5.3125","field2":"5.125"},{"created_at":"2023-11-13T16:10:38-08:00","entry_id":272015,"field1":"5.375","field2":"5.125"},{"created_at":"2023-11-13T16:20:16-08:00","entry_id":272016,"field1":"5.375","field2":"5.0625"},{"created_at":"2023-11-13T16:29:52-08:00","entry_id":272017,"field1":"5.375","field2":"5"},{"created_at":"2023-11-13T16:39:29-08:00","entry_id":272018,"field1":"5.375","field2":"4.875"},{"created_at":"2023-11-13T16:49:07-08:00","entry_id":272019,"field1":"5.375","field2":"4.5"},{"created_at":"2023-11-13T16:58:44-08:00","entry_id":272020,"field1":"5.375","field2":"4.1875"},{"created_at":"2023-11-13T17:08:21-08:00","entry_id":272021,"field1":"5.375","field2":"4.1875"},{"created_at":"2023-11-13T17:17:58-08:00","entry_id":272022,"field1":"5.375","field2":"4.4375"},{"created_at":"2023-11-13T17:27:36-08:00","entry_id":272023,"field1":"5.375","field2":"3.875"},{"created_at":"2023-11-13T17:37:13-08:00","entry_id":272024,"field1":"5.375","field2":"3.75"},{"created_at":"2023-11-13T17:46:50-08:00","entry_id":272025,"field1":"5.375","field2":"3.6875"},{"created_at":"2023-11-13T17:56:28-08:00","entry_id":272026,"field1":"5.375","field2":"3.6875"},{"created_at":"2023-11-13T18:06:05-08:00","entry_id":272027,"field1":"5.375","field2":"3.625"},{"created_at":"2023-11-13T18:15:43-08:00","entry_id":272028,"field1":"5.3125","field2":"3.5625"},{"created_at":"2023-11-13T18:25:20-08:00","entry_id":272029,"field1":"5.3125","field2":"3.5"},{"created_at":"2023-11-13T18:34:57-08:00","entry_id":272030,"field1":"5.3125","field2":"3.5"},{"created_at":"2023-11-13T18:44:34-08:00","entry_id":272031,"field1":"5.3125","field2":"3.5"},{"created_at":"2023-11-13T18:54:12-08:00","entry_id":272032,"field1":"5.3125","field2":"3.5"},{"created_at":"2023-11-13T19:03:49-08:00","entry_id":272033,"field1":"5.3125","field2":"3.4375"},{"created_at":"2023-11-13T19:13:27-08:00","entry_id":272034,"field1":"5.3125","field2":"3.375"},{"created_at":"2023-11-13T19:23:04-08:00","entry_id":272035,"field1":"5.3125","field2":"3.3125"},{"created_at":"2023-11-13T19:32:40-08:00","entry_id":272036,"field1":"5.25","field2":"3.3125"},{"created_at":"2023-11-13T19:42:18-08:00","entry_id":272037,"field1":"5.25","field2":"3.3125"},{"created_at":"2023-11-13T19:51:55-08:00","entry_id":272038,"field1":"5.25","field2":"3.25"},{"created_at":"2023-11-13T20:01:33-08:00","entry_id":272039,"field1":"5.25","field2":"3.125"},{"created_at":"2023-11-13T20:11:10-08:00","entry_id":272040,"field1":"5.25","field2":"3"},{"created_at":"2023-11-13T20:20:47-08:00","entry_id":272041,"field1":"5.25","field2":"3"},{"created_at":"2023-11-13T20:30:24-08:00","entry_id":272042,"field1":"5.25","field2":"2.9375"},{"created_at":"2023-11-13T20:40:02-08:00","entry_id":272043,"field1":"5.1875","field2":"2.9375"},{"created_at":"2023-11-13T20:49:39-08:00","entry_id":272044,"field1":"5.1875","field2":"2.9375"},{"created_at":"2023-11-13T20:59:16-08:00","entry_id":272045,"field1":"5.1875","field2":"2.875"},{"created_at":"2023-11-13T21:08:54-08:00","entry_id":272046,"field1":"5.1875","field2":"2.75"},{"created_at":"2023-11-13T21:18:30-08:00","entry_id":272047,"field1":"5.1875","field2":"2.6875"},{"created_at":"2023-11-13T21:28:08-08:00","entry_id":272048,"field1":"5.125","field2":"2.6875"},{"created_at":"2023-11-13T21:37:46-08:00","entry_id":272049,"field1":"5.125","field2":"2.5"},{"created_at":"2023-11-13T21:47:21-08:00","entry_id":272050,"field1":"5.125","field2":"2.375"},{"created_at":"2023-11-13T21:57:00-08:00","entry_id":272051,"field1":"5.125","field2":"2.375"},{"created_at":"2023-11-13T22:06:37-08:00","entry_id":272052,"field1":"5.0625","field2":"2.375"},{"created_at":"2023-11-13T22:16:14-08:00","entry_id":272053,"field1":"5.0625","field2":"2.5"},{"created_at":"2023-11-13T22:25:50-08:00","entry_id":272054,"field1":"5.0625","field2":"2.5625"},{"created_at":"2023-11-13T22:35:29-08:00","entry_id":272055,"field1":"5.0625","field2":"2.5"},{"created_at":"2023-11-13T22:45:06-08:00","entry_id":272056,"field1":"5","field2":"2.4375"},{"created_at":"2023-11-13T22:54:44-08:00","entry_id":272057,"field1":"5","field2":"2.4375"},{"created_at":"2023-11-13T23:04:20-08:00","entry_id":272058,"field1":"5","field2":"2.5"},{"created_at":"2023-11-13T23:13:58-08:00","entry_id":272059,"field1":"5","field2":"2.375"},{"created_at":"2023-11-13T23:23:35-08:00","entry_id":272060,"field1":"5","field2":"2.375"},{"created_at":"2023-11-13T23:33:10-08:00","entry_id":272061,"field1":"5","field2":"2.1875"},{"created_at":"2023-11-13T23:42:48-08:00","entry_id":272062,"field1":"4.9375","field2":"2.3125"},{"created_at":"2023-11-13T23:52:26-08:00","entry_id":272063,"field1":"4.9375","field2":"2.4375"}]}