{"channel":{"id":581842,"name":"Upstairs Small Window Indoor / Outdoor Sensor","latitude":"0.0","longitude":"0.0","field1":"Indoor Temperature","field2":"Outdoor Temperature","created_at":"2018-09-23T15:37:52-07:00","updated_at":"2020-07-27T05:59:41-07:00","last_entry_id":150128},"feeds":[{"created_at":"2018-11-24T00:09:01-08:00","entry_id":7627,"field1":"3.1875","field2":"2.5"},{"created_at":"2018-11-24T00:18:38-08:00","entry_id":7628,"field1":"3.1875","field2":"2.5"},{"created_at":"2018-11-24T00:28:15-08:00","entry_id":7629,"field1":"3.1875","field2":"2.5"},{"created_at":"2018-11-24T00:37:52-08:00","entry_id":7630,"field1":"3.1875","field2":"2.5625"},{"created_at":"2018-11-24T00:47:28-08:00","entry_id":7631,"field1":"3.1875","field2":"2.625"},{"created_at":"2018-11-24T00:57:10-08:00","entry_id":7632,"field1":"3.1875","field2":"2.5"},{"created_at":"2018-11-24T01:06:45-08:00","entry_id":7633,"field1":"3.1875","field2":"2.5"},{"created_at":"2018-11-24T01:16:22-08:00","entry_id":7634,"field1":"3.1875","field2":"2.5"},{"created_at":"2018-11-24T01:25:59-08:00","entry_id":7635,"field1":"3.1875","field2":"2.5"},{"created_at":"2018-11-24T01:35:36-08:00","entry_id":7636,"field1":"3.1875","field2":"2.5625"},{"created_at":"2018-11-24T01:45:14-08:00","entry_id":7637,"field1":"3.1875","field2":"2.5"},{"created_at":"2018-11-24T01:54:55-08:00","entry_id":7638,"field1":"3.125","field2":"2.5"},{"created_at":"2018-11-24T02:04:30-08:00","entry_id":7639,"field1":"3.1875","field2":"2.5"},{"created_at":"2018-11-24T02:14:07-08:00","entry_id":7640,"field1":"3.1875","field2":"2.4375"},{"created_at":"2018-11-24T02:23:44-08:00","entry_id":7641,"field1":"3.125","field2":"2.5"},{"created_at":"2018-11-24T02:33:21-08:00","entry_id":7642,"field1":"3.125","field2":"2.5625"},{"created_at":"2018-11-24T02:42:57-08:00","entry_id":7643,"field1":"3.125","field2":"2.5625"},{"created_at":"2018-11-24T02:52:36-08:00","entry_id":7644,"field1":"3.125","field2":"2.625"},{"created_at":"2018-11-24T03:02:12-08:00","entry_id":7645,"field1":"3.1875","field2":"2.625"},{"created_at":"2018-11-24T03:11:50-08:00","entry_id":7646,"field1":"3.125","field2":"2.625"},{"created_at":"2018-11-24T03:21:26-08:00","entry_id":7647,"field1":"3.125","field2":"2.625"},{"created_at":"2018-11-24T03:31:03-08:00","entry_id":7648,"field1":"3.125","field2":"2.5625"},{"created_at":"2018-11-24T03:40:40-08:00","entry_id":7649,"field1":"3.125","field2":"2.5625"},{"created_at":"2018-11-24T03:50:18-08:00","entry_id":7650,"field1":"3.125","field2":"2.5625"},{"created_at":"2018-11-24T03:59:55-08:00","entry_id":7651,"field1":"3.125","field2":"2.5625"},{"created_at":"2018-11-24T04:09:32-08:00","entry_id":7652,"field1":"3.125","field2":"2.5"},{"created_at":"2018-11-24T04:19:08-08:00","entry_id":7653,"field1":"3.125","field2":"2.4375"},{"created_at":"2018-11-24T04:28:46-08:00","entry_id":7654,"field1":"3.125","field2":"2.5625"},{"created_at":"2018-11-24T04:38:22-08:00","entry_id":7655,"field1":"3.125","field2":"2.5"},{"created_at":"2018-11-24T04:48:00-08:00","entry_id":7656,"field1":"3.125","field2":"2.5"},{"created_at":"2018-11-24T04:57:38-08:00","entry_id":7657,"field1":"3.125","field2":"2.5"},{"created_at":"2018-11-24T05:07:14-08:00","entry_id":7658,"field1":"3.125","field2":"2.5"},{"created_at":"2018-11-24T05:16:51-08:00","entry_id":7659,"field1":"3.125","field2":"2.5625"},{"created_at":"2018-11-24T05:26:28-08:00","entry_id":7660,"field1":"3.125","field2":"2.5625"},{"created_at":"2018-11-24T05:36:05-08:00","entry_id":7661,"field1":"3.125","field2":"2.5625"},{"created_at":"2018-11-24T05:45:43-08:00","entry_id":7662,"field1":"3.125","field2":"2.5625"},{"created_at":"2018-11-24T05:55:20-08:00","entry_id":7663,"field1":"3.125","field2":"2.625"},{"created_at":"2018-11-24T06:04:55-08:00","entry_id":7664,"field1":"3.125","field2":"2.625"},{"created_at":"2018-11-24T06:14:33-08:00","entry_id":7665,"field1":"3.125","field2":"2.5625"},{"created_at":"2018-11-24T06:24:10-08:00","entry_id":7666,"field1":"3.125","field2":"2.5"},{"created_at":"2018-11-24T06:33:47-08:00","entry_id":7667,"field1":"3.125","field2":"2.5625"},{"created_at":"2018-11-24T06:43:24-08:00","entry_id":7668,"field1":"3.125","field2":"2.6875"},{"created_at":"2018-11-24T06:53:01-08:00","entry_id":7669,"field1":"3.125","field2":"2.5625"},{"created_at":"2018-11-24T07:02:38-08:00","entry_id":7670,"field1":"3.125","field2":"2.5625"},{"created_at":"2018-11-24T07:12:15-08:00","entry_id":7671,"field1":"3.125","field2":"2.625"},{"created_at":"2018-11-24T07:21:52-08:00","entry_id":7672,"field1":"3.125","field2":"2.625"},{"created_at":"2018-11-24T07:31:29-08:00","entry_id":7673,"field1":"3.125","field2":"2.625"},{"created_at":"2018-11-24T07:41:06-08:00","entry_id":7674,"field1":"3.125","field2":"2.625"},{"created_at":"2018-11-24T07:50:44-08:00","entry_id":7675,"field1":"3.125","field2":"2.5"},{"created_at":"2018-11-24T08:00:20-08:00","entry_id":7676,"field1":"3.125","field2":"2.625"},{"created_at":"2018-11-24T08:09:58-08:00","entry_id":7677,"field1":"3.125","field2":"2.6875"},{"created_at":"2018-11-24T08:19:35-08:00","entry_id":7678,"field1":"3.125","field2":"2.5625"},{"created_at":"2018-11-24T08:29:13-08:00","entry_id":7679,"field1":"3.125","field2":"2.625"},{"created_at":"2018-11-24T08:38:50-08:00","entry_id":7680,"field1":"3.125","field2":"2.6875"},{"created_at":"2018-11-24T08:48:28-08:00","entry_id":7681,"field1":"3.1875","field2":"2.75"},{"created_at":"2018-11-24T08:58:05-08:00","entry_id":7682,"field1":"3.125","field2":"2.8125"},{"created_at":"2018-11-24T09:07:42-08:00","entry_id":7683,"field1":"3.125","field2":"2.9375"},{"created_at":"2018-11-24T09:17:18-08:00","entry_id":7684,"field1":"3.1875","field2":"3"},{"created_at":"2018-11-24T09:26:55-08:00","entry_id":7685,"field1":"3.125","field2":"3.125"},{"created_at":"2018-11-24T09:36:33-08:00","entry_id":7686,"field1":"3.1875","field2":"3.1875"},{"created_at":"2018-11-24T09:46:09-08:00","entry_id":7687,"field1":"3.1875","field2":"3.25"},{"created_at":"2018-11-24T09:55:47-08:00","entry_id":7688,"field1":"3.1875","field2":"3.25"},{"created_at":"2018-11-24T10:05:24-08:00","entry_id":7689,"field1":"3.1875","field2":"3.25"},{"created_at":"2018-11-24T10:15:01-08:00","entry_id":7690,"field1":"3.1875","field2":"3.375"},{"created_at":"2018-11-24T10:24:38-08:00","entry_id":7691,"field1":"3.1875","field2":"3.4375"},{"created_at":"2018-11-24T10:34:15-08:00","entry_id":7692,"field1":"3.25","field2":"3.625"},{"created_at":"2018-11-24T10:43:52-08:00","entry_id":7693,"field1":"3.25","field2":"3.8125"},{"created_at":"2018-11-24T10:53:30-08:00","entry_id":7694,"field1":"3.25","field2":"3.875"},{"created_at":"2018-11-24T11:03:08-08:00","entry_id":7695,"field1":"3.3125","field2":"3.9375"},{"created_at":"2018-11-24T11:12:44-08:00","entry_id":7696,"field1":"3.3125","field2":"4.0625"},{"created_at":"2018-11-24T11:22:21-08:00","entry_id":7697,"field1":"3.3125","field2":"4.125"},{"created_at":"2018-11-24T11:32:02-08:00","entry_id":7698,"field1":"3.375","field2":"4.1875"},{"created_at":"2018-11-24T11:41:38-08:00","entry_id":7699,"field1":"3.375","field2":"4.3125"},{"created_at":"2018-11-24T11:51:14-08:00","entry_id":7700,"field1":"3.375","field2":"4.4375"},{"created_at":"2018-11-24T12:00:51-08:00","entry_id":7701,"field1":"3.4375","field2":"4.5625"},{"created_at":"2018-11-24T12:10:29-08:00","entry_id":7702,"field1":"3.5","field2":"4.75"},{"created_at":"2018-11-24T12:20:06-08:00","entry_id":7703,"field1":"3.5","field2":"4.75"},{"created_at":"2018-11-24T12:29:43-08:00","entry_id":7704,"field1":"3.5","field2":"4.8125"},{"created_at":"2018-11-24T12:39:22-08:00","entry_id":7705,"field1":"3.5625","field2":"4.625"},{"created_at":"2018-11-24T12:48:58-08:00","entry_id":7706,"field1":"3.5625","field2":"4.5"},{"created_at":"2018-11-24T12:58:34-08:00","entry_id":7707,"field1":"3.625","field2":"5.0625"},{"created_at":"2018-11-24T13:08:12-08:00","entry_id":7708,"field1":"3.625","field2":"4.5"},{"created_at":"2018-11-24T13:17:48-08:00","entry_id":7709,"field1":"3.625","field2":"4.3125"},{"created_at":"2018-11-24T13:27:25-08:00","entry_id":7710,"field1":"3.625","field2":"4.125"},{"created_at":"2018-11-24T13:37:03-08:00","entry_id":7711,"field1":"3.625","field2":"3.9375"},{"created_at":"2018-11-24T13:46:40-08:00","entry_id":7712,"field1":"3.6875","field2":"3.75"},{"created_at":"2018-11-24T13:56:17-08:00","entry_id":7713,"field1":"3.6875","field2":"3.625"},{"created_at":"2018-11-24T14:05:54-08:00","entry_id":7714,"field1":"3.6875","field2":"3.5625"},{"created_at":"2018-11-24T14:15:30-08:00","entry_id":7715,"field1":"3.6875","field2":"3.5"},{"created_at":"2018-11-24T14:25:07-08:00","entry_id":7716,"field1":"3.75","field2":"3.4375"},{"created_at":"2018-11-24T14:34:45-08:00","entry_id":7717,"field1":"3.6875","field2":"3.3125"},{"created_at":"2018-11-24T14:44:21-08:00","entry_id":7718,"field1":"3.6875","field2":"3.1875"},{"created_at":"2018-11-24T14:53:58-08:00","entry_id":7719,"field1":"3.75","field2":"3.125"},{"created_at":"2018-11-24T15:03:35-08:00","entry_id":7720,"field1":"3.6875","field2":"3"},{"created_at":"2018-11-24T15:13:13-08:00","entry_id":7721,"field1":"3.75","field2":"2.9375"},{"created_at":"2018-11-24T15:22:50-08:00","entry_id":7722,"field1":"3.6875","field2":"2.9375"},{"created_at":"2018-11-24T15:32:27-08:00","entry_id":7723,"field1":"3.6875","field2":"2.9375"},{"created_at":"2018-11-24T15:42:04-08:00","entry_id":7724,"field1":"3.6875","field2":"2.9375"},{"created_at":"2018-11-24T15:51:45-08:00","entry_id":7725,"field1":"3.6875","field2":"2.75"},{"created_at":"2018-11-24T16:01:20-08:00","entry_id":7726,"field1":"3.6875","field2":"2.6875"},{"created_at":"2018-11-24T16:10:57-08:00","entry_id":7727,"field1":"3.6875","field2":"2.625"},{"created_at":"2018-11-24T16:20:34-08:00","entry_id":7728,"field1":"3.625","field2":"2.4375"},{"created_at":"2018-11-24T16:30:12-08:00","entry_id":7729,"field1":"3.625","field2":"2.3125"},{"created_at":"2018-11-24T16:39:49-08:00","entry_id":7730,"field1":"3.625","field2":"2.25"},{"created_at":"2018-11-24T16:49:26-08:00","entry_id":7731,"field1":"3.625","field2":"2.25"},{"created_at":"2018-11-24T16:59:03-08:00","entry_id":7732,"field1":"3.5625","field2":"2.375"},{"created_at":"2018-11-24T17:08:40-08:00","entry_id":7733,"field1":"3.5625","field2":"2.375"},{"created_at":"2018-11-24T17:18:17-08:00","entry_id":7734,"field1":"3.5625","field2":"2.4375"},{"created_at":"2018-11-24T17:27:54-08:00","entry_id":7735,"field1":"3.5625","field2":"2.5"},{"created_at":"2018-11-24T17:37:32-08:00","entry_id":7736,"field1":"3.5625","field2":"2.5"},{"created_at":"2018-11-24T17:47:09-08:00","entry_id":7737,"field1":"3.5625","field2":"2.5"},{"created_at":"2018-11-24T17:56:46-08:00","entry_id":7738,"field1":"3.5625","field2":"2.5"},{"created_at":"2018-11-24T18:06:23-08:00","entry_id":7739,"field1":"3.5625","field2":"2.5"},{"created_at":"2018-11-24T18:16:00-08:00","entry_id":7740,"field1":"3.5625","field2":"2.4375"},{"created_at":"2018-11-24T18:25:36-08:00","entry_id":7741,"field1":"3.5","field2":"2.4375"},{"created_at":"2018-11-24T18:35:13-08:00","entry_id":7742,"field1":"3.5","field2":"2.5"},{"created_at":"2018-11-24T18:44:50-08:00","entry_id":7743,"field1":"3.5","field2":"2.5625"},{"created_at":"2018-11-24T18:54:27-08:00","entry_id":7744,"field1":"3.5","field2":"2.5625"},{"created_at":"2018-11-24T19:04:03-08:00","entry_id":7745,"field1":"3.5","field2":"2.5625"},{"created_at":"2018-11-24T19:13:41-08:00","entry_id":7746,"field1":"3.5","field2":"2.625"},{"created_at":"2018-11-24T19:23:19-08:00","entry_id":7747,"field1":"3.5","field2":"2.625"},{"created_at":"2018-11-24T19:32:55-08:00","entry_id":7748,"field1":"3.5","field2":"2.75"},{"created_at":"2018-11-24T19:42:33-08:00","entry_id":7749,"field1":"3.5","field2":"2.6875"},{"created_at":"2018-11-24T19:52:09-08:00","entry_id":7750,"field1":"3.5","field2":"2.75"},{"created_at":"2018-11-24T20:01:47-08:00","entry_id":7751,"field1":"3.5","field2":"2.75"},{"created_at":"2018-11-24T20:11:23-08:00","entry_id":7752,"field1":"3.5","field2":"2.8125"},{"created_at":"2018-11-24T20:21:00-08:00","entry_id":7753,"field1":"3.5","field2":"2.8125"},{"created_at":"2018-11-24T20:30:37-08:00","entry_id":7754,"field1":"3.5","field2":"2.875"},{"created_at":"2018-11-24T20:40:14-08:00","entry_id":7755,"field1":"3.5","field2":"2.875"},{"created_at":"2018-11-24T20:49:51-08:00","entry_id":7756,"field1":"3.5","field2":"2.875"},{"created_at":"2018-11-24T20:59:28-08:00","entry_id":7757,"field1":"3.5","field2":"2.9375"},{"created_at":"2018-11-24T21:09:05-08:00","entry_id":7758,"field1":"3.5","field2":"2.9375"},{"created_at":"2018-11-24T21:18:43-08:00","entry_id":7759,"field1":"3.5","field2":"2.9375"},{"created_at":"2018-11-24T21:28:20-08:00","entry_id":7760,"field1":"3.5","field2":"2.9375"},{"created_at":"2018-11-24T21:37:57-08:00","entry_id":7761,"field1":"3.5","field2":"2.9375"},{"created_at":"2018-11-24T21:47:37-08:00","entry_id":7762,"field1":"3.5","field2":"3"},{"created_at":"2018-11-24T21:57:13-08:00","entry_id":7763,"field1":"3.5","field2":"3"},{"created_at":"2018-11-24T22:06:49-08:00","entry_id":7764,"field1":"3.5","field2":"3"},{"created_at":"2018-11-24T22:16:26-08:00","entry_id":7765,"field1":"3.5","field2":"2.875"},{"created_at":"2018-11-24T22:26:03-08:00","entry_id":7766,"field1":"3.5","field2":"2.9375"},{"created_at":"2018-11-24T22:35:40-08:00","entry_id":7767,"field1":"3.5","field2":"2.9375"},{"created_at":"2018-11-24T22:45:17-08:00","entry_id":7768,"field1":"3.4375","field2":"2.9375"},{"created_at":"2018-11-24T22:54:54-08:00","entry_id":7769,"field1":"3.5","field2":"3"},{"created_at":"2018-11-24T23:04:31-08:00","entry_id":7770,"field1":"3.5","field2":"2.9375"},{"created_at":"2018-11-24T23:14:08-08:00","entry_id":7771,"field1":"3.5","field2":"3"},{"created_at":"2018-11-24T23:23:46-08:00","entry_id":7772,"field1":"3.5","field2":"3"},{"created_at":"2018-11-24T23:33:23-08:00","entry_id":7773,"field1":"3.4375","field2":"3.0625"},{"created_at":"2018-11-24T23:43:00-08:00","entry_id":7774,"field1":"3.5","field2":"3"},{"created_at":"2018-11-24T23:52:36-08:00","entry_id":7775,"field1":"3.4375","field2":"3.125"}]}