{"channel":{"id":581842,"name":"Upstairs Small Window Indoor / Outdoor Sensor","latitude":"0.0","longitude":"0.0","field1":"Indoor Temperature","field2":"Outdoor Temperature","created_at":"2018-09-23T15:37:52-07:00","updated_at":"2020-07-27T05:59:41-07:00","last_entry_id":235524},"feeds":[{"created_at":"2023-03-11T00:00:48-08:00","entry_id":235243,"field1":"7.5","field2":"-0.8125"},{"created_at":"2023-03-11T00:10:25-08:00","entry_id":235244,"field1":"7.875","field2":"-0.875"},{"created_at":"2023-03-11T00:20:04-08:00","entry_id":235245,"field1":"8.1875","field2":"-0.8125"},{"created_at":"2023-03-11T00:29:41-08:00","entry_id":235246,"field1":"7.9375","field2":"-0.75"},{"created_at":"2023-03-11T00:39:17-08:00","entry_id":235247,"field1":"7.5","field2":"-0.625"},{"created_at":"2023-03-11T00:48:53-08:00","entry_id":235248,"field1":"7.1875","field2":"-0.5625"},{"created_at":"2023-03-11T00:58:31-08:00","entry_id":235249,"field1":"7","field2":"-0.5"},{"created_at":"2023-03-11T01:08:07-08:00","entry_id":235250,"field1":"6.8125","field2":"-0.4375"},{"created_at":"2023-03-11T01:17:44-08:00","entry_id":235251,"field1":"6.625","field2":"-0.4375"},{"created_at":"2023-03-11T01:27:20-08:00","entry_id":235252,"field1":"6.5625","field2":"-0.375"},{"created_at":"2023-03-11T01:36:57-08:00","entry_id":235253,"field1":"7.125","field2":"-0.4375"},{"created_at":"2023-03-11T01:46:36-08:00","entry_id":235254,"field1":"7.625","field2":"-0.5"},{"created_at":"2023-03-11T01:56:13-08:00","entry_id":235255,"field1":"8","field2":"-0.5"},{"created_at":"2023-03-11T02:05:49-08:00","entry_id":235256,"field1":"8","field2":"-0.5"},{"created_at":"2023-03-11T02:15:27-08:00","entry_id":235257,"field1":"7.5625","field2":"-0.625"},{"created_at":"2023-03-11T02:25:05-08:00","entry_id":235258,"field1":"7.1875","field2":"-0.6875"},{"created_at":"2023-03-11T02:34:40-08:00","entry_id":235259,"field1":"7","field2":"-0.75"},{"created_at":"2023-03-11T02:44:18-08:00","entry_id":235260,"field1":"6.8125","field2":"-0.75"},{"created_at":"2023-03-11T02:53:55-08:00","entry_id":235261,"field1":"6.625","field2":"-0.75"},{"created_at":"2023-03-11T03:03:30-08:00","entry_id":235262,"field1":"6.5625","field2":"-0.875"},{"created_at":"2023-03-11T03:13:07-08:00","entry_id":235263,"field1":"7.125","field2":"-0.9375"},{"created_at":"2023-03-11T03:22:46-08:00","entry_id":235264,"field1":"7.625","field2":"-1"},{"created_at":"2023-03-11T03:32:23-08:00","entry_id":235265,"field1":"7.9375","field2":"-1.0625"},{"created_at":"2023-03-11T03:41:59-08:00","entry_id":235266,"field1":"8","field2":"-1.0625"},{"created_at":"2023-03-11T03:51:35-08:00","entry_id":235267,"field1":"7.5","field2":"-1.0625"},{"created_at":"2023-03-11T04:01:12-08:00","entry_id":235268,"field1":"7.1875","field2":"-1.25"},{"created_at":"2023-03-11T04:10:50-08:00","entry_id":235269,"field1":"6.9375","field2":"-1.1875"},{"created_at":"2023-03-11T04:20:25-08:00","entry_id":235270,"field1":"6.75","field2":"-1.1875"},{"created_at":"2023-03-11T04:30:02-08:00","entry_id":235271,"field1":"6.5625","field2":"-1.25"},{"created_at":"2023-03-11T04:39:38-08:00","entry_id":235272,"field1":"6.5625","field2":"-1.1875"},{"created_at":"2023-03-11T04:49:15-08:00","entry_id":235273,"field1":"7.1875","field2":"-1.1875"},{"created_at":"2023-03-11T04:58:52-08:00","entry_id":235274,"field1":"7.625","field2":"-1.1875"},{"created_at":"2023-03-11T05:08:31-08:00","entry_id":235275,"field1":"8","field2":"-1.1875"},{"created_at":"2023-03-11T05:18:09-08:00","entry_id":235276,"field1":"7.6875","field2":"-1.1875"},{"created_at":"2023-03-11T05:27:44-08:00","entry_id":235277,"field1":"7.25","field2":"-1.25"},{"created_at":"2023-03-11T05:37:21-08:00","entry_id":235278,"field1":"7","field2":"-1.375"},{"created_at":"2023-03-11T05:46:59-08:00","entry_id":235279,"field1":"6.75","field2":"-1.375"},{"created_at":"2023-03-11T05:56:36-08:00","entry_id":235280,"field1":"6.5625","field2":"-1.3125"},{"created_at":"2023-03-11T06:06:11-08:00","entry_id":235281,"field1":"6.5","field2":"-1.3125"},{"created_at":"2023-03-11T06:15:48-08:00","entry_id":235282,"field1":"7.0625","field2":"-1.3125"},{"created_at":"2023-03-11T06:25:25-08:00","entry_id":235283,"field1":"7.5625","field2":"-1.25"},{"created_at":"2023-03-11T06:35:04-08:00","entry_id":235284,"field1":"7.875","field2":"-1.125"},{"created_at":"2023-03-11T06:44:41-08:00","entry_id":235285,"field1":"7.6875","field2":"-1.0625"},{"created_at":"2023-03-11T06:54:17-08:00","entry_id":235286,"field1":"7.25","field2":"-1.0625"},{"created_at":"2023-03-11T07:03:54-08:00","entry_id":235287,"field1":"7","field2":"-0.9375"},{"created_at":"2023-03-11T07:13:30-08:00","entry_id":235288,"field1":"6.75","field2":"-0.6875"},{"created_at":"2023-03-11T07:23:07-08:00","entry_id":235289,"field1":"6.625","field2":"-0.375"},{"created_at":"2023-03-11T07:32:45-08:00","entry_id":235290,"field1":"6.5","field2":"-0.3125"},{"created_at":"2023-03-11T07:42:23-08:00","entry_id":235291,"field1":"6.9375","field2":"-0.1875"},{"created_at":"2023-03-11T07:51:59-08:00","entry_id":235292,"field1":"7.625","field2":"0.375"},{"created_at":"2023-03-11T08:01:36-08:00","entry_id":235293,"field1":"8","field2":"0.25"},{"created_at":"2023-03-11T08:11:13-08:00","entry_id":235294,"field1":"7.75","field2":"0.9375"},{"created_at":"2023-03-11T08:20:51-08:00","entry_id":235295,"field1":"7.4375","field2":"0.5"},{"created_at":"2023-03-11T08:30:26-08:00","entry_id":235296,"field1":"7.25","field2":"0.5625"},{"created_at":"2023-03-11T08:40:02-08:00","entry_id":235297,"field1":"7.0625","field2":"1.25"},{"created_at":"2023-03-11T08:49:39-08:00","entry_id":235298,"field1":"7","field2":"1.3125"},{"created_at":"2023-03-11T08:59:17-08:00","entry_id":235299,"field1":"6.875","field2":"1.5"},{"created_at":"2023-03-11T09:08:53-08:00","entry_id":235300,"field1":"6.8125","field2":"1.25"},{"created_at":"2023-03-11T09:18:28-08:00","entry_id":235301,"field1":"6.875","field2":"2.3125"},{"created_at":"2023-03-11T09:28:04-08:00","entry_id":235302,"field1":"6.8125","field2":"2.125"},{"created_at":"2023-03-11T09:37:42-08:00","entry_id":235303,"field1":"6.75","field2":"1.6875"},{"created_at":"2023-03-11T09:47:16-08:00","entry_id":235304,"field1":"6.75","field2":"1.5"},{"created_at":"2023-03-11T09:56:54-08:00","entry_id":235305,"field1":"6.6875","field2":"1.5625"},{"created_at":"2023-03-11T10:06:31-08:00","entry_id":235306,"field1":"7.0625","field2":"2.375"},{"created_at":"2023-03-11T10:16:08-08:00","entry_id":235307,"field1":"7.8125","field2":"1.8125"},{"created_at":"2023-03-11T10:25:44-08:00","entry_id":235308,"field1":"8.1875","field2":"1.5"},{"created_at":"2023-03-11T10:35:20-08:00","entry_id":235309,"field1":"7.875","field2":"1.8125"},{"created_at":"2023-03-11T10:44:58-08:00","entry_id":235310,"field1":"7.5","field2":"1.9375"},{"created_at":"2023-03-11T10:54:35-08:00","entry_id":235311,"field1":"7.375","field2":"2.125"},{"created_at":"2023-03-11T11:04:11-08:00","entry_id":235312,"field1":"7.25","field2":"2.6875"},{"created_at":"2023-03-11T11:13:46-08:00","entry_id":235313,"field1":"7.1875","field2":"2.4375"},{"created_at":"2023-03-11T11:23:22-08:00","entry_id":235314,"field1":"7.1875","field2":"2.625"},{"created_at":"2023-03-11T11:32:58-08:00","entry_id":235315,"field1":"7.0625","field2":"2.6875"},{"created_at":"2023-03-11T11:42:37-08:00","entry_id":235316,"field1":"7.0625","field2":"3.25"},{"created_at":"2023-03-11T11:52:15-08:00","entry_id":235317,"field1":"7","field2":"3.6875"},{"created_at":"2023-03-11T12:01:50-08:00","entry_id":235318,"field1":"6.9375","field2":"3.125"},{"created_at":"2023-03-11T12:11:28-08:00","entry_id":235319,"field1":"6.875","field2":"2.9375"},{"created_at":"2023-03-11T12:21:05-08:00","entry_id":235320,"field1":"6.875","field2":"3.3125"},{"created_at":"2023-03-11T12:30:42-08:00","entry_id":235321,"field1":"6.875","field2":"3.0625"},{"created_at":"2023-03-11T12:40:19-08:00","entry_id":235322,"field1":"7.5","field2":"4.125"},{"created_at":"2023-03-11T12:49:58-08:00","entry_id":235323,"field1":"8.0625","field2":"3.625"},{"created_at":"2023-03-11T12:59:34-08:00","entry_id":235324,"field1":"8.1875","field2":"3.4375"},{"created_at":"2023-03-11T13:09:11-08:00","entry_id":235325,"field1":"7.8125","field2":"3.1875"},{"created_at":"2023-03-11T13:18:47-08:00","entry_id":235326,"field1":"7.5625","field2":"3.125"},{"created_at":"2023-03-11T13:28:24-08:00","entry_id":235327,"field1":"7.4375","field2":"3.6875"},{"created_at":"2023-03-11T13:38:00-08:00","entry_id":235328,"field1":"7.375","field2":"4"},{"created_at":"2023-03-11T13:47:38-08:00","entry_id":235329,"field1":"7.25","field2":"4"},{"created_at":"2023-03-11T13:57:14-08:00","entry_id":235330,"field1":"7.1875","field2":"3.9375"},{"created_at":"2023-03-11T14:06:50-08:00","entry_id":235331,"field1":"7.125","field2":"3.625"},{"created_at":"2023-03-11T14:16:27-08:00","entry_id":235332,"field1":"7.0625","field2":"3.75"},{"created_at":"2023-03-11T14:26:06-08:00","entry_id":235333,"field1":"7","field2":"3.5"},{"created_at":"2023-03-11T14:35:43-08:00","entry_id":235334,"field1":"6.875","field2":"3.1875"},{"created_at":"2023-03-11T14:45:19-08:00","entry_id":235335,"field1":"7.1875","field2":"3.3125"},{"created_at":"2023-03-11T14:54:58-08:00","entry_id":235336,"field1":"7.875","field2":"3.6875"},{"created_at":"2023-03-11T15:04:34-08:00","entry_id":235337,"field1":"8.3125","field2":"3.875"},{"created_at":"2023-03-11T15:14:11-08:00","entry_id":235338,"field1":"8.1875","field2":"4.0625"},{"created_at":"2023-03-11T15:23:49-08:00","entry_id":235339,"field1":"7.875","field2":"3.875"},{"created_at":"2023-03-11T15:33:27-08:00","entry_id":235340,"field1":"7.625","field2":"3.9375"},{"created_at":"2023-03-11T15:43:04-08:00","entry_id":235341,"field1":"7.5","field2":"4.125"},{"created_at":"2023-03-11T15:52:40-08:00","entry_id":235342,"field1":"7.375","field2":"3.25"},{"created_at":"2023-03-11T16:02:16-08:00","entry_id":235343,"field1":"7.25","field2":"2.8125"},{"created_at":"2023-03-11T16:11:52-08:00","entry_id":235344,"field1":"7.1875","field2":"2.75"},{"created_at":"2023-03-11T16:21:30-08:00","entry_id":235345,"field1":"7.0625","field2":"2.875"},{"created_at":"2023-03-11T16:31:06-08:00","entry_id":235346,"field1":"6.9375","field2":"2.875"},{"created_at":"2023-03-11T16:40:44-08:00","entry_id":235347,"field1":"6.875","field2":"3.125"},{"created_at":"2023-03-11T16:50:21-08:00","entry_id":235348,"field1":"7.25","field2":"4.125"},{"created_at":"2023-03-11T16:59:56-08:00","entry_id":235349,"field1":"7.8125","field2":"3.6875"},{"created_at":"2023-03-11T17:09:33-08:00","entry_id":235350,"field1":"8.25","field2":"3.5625"},{"created_at":"2023-03-11T17:19:10-08:00","entry_id":235351,"field1":"7.9375","field2":"3.4375"},{"created_at":"2023-03-11T17:28:47-08:00","entry_id":235352,"field1":"7.6875","field2":"3.5"},{"created_at":"2023-03-11T17:38:25-08:00","entry_id":235353,"field1":"7.5","field2":"3.5625"},{"created_at":"2023-03-11T17:48:02-08:00","entry_id":235354,"field1":"7.3125","field2":"3.4375"},{"created_at":"2023-03-11T17:57:38-08:00","entry_id":235355,"field1":"7.1875","field2":"2.9375"},{"created_at":"2023-03-11T18:07:16-08:00","entry_id":235356,"field1":"7.0625","field2":"2.5"},{"created_at":"2023-03-11T18:16:52-08:00","entry_id":235357,"field1":"6.9375","field2":"2.375"},{"created_at":"2023-03-11T18:26:30-08:00","entry_id":235358,"field1":"6.8125","field2":"2.25"},{"created_at":"2023-03-11T18:36:05-08:00","entry_id":235359,"field1":"7.1875","field2":"2.25"},{"created_at":"2023-03-11T18:45:42-08:00","entry_id":235360,"field1":"7.8125","field2":"2.125"},{"created_at":"2023-03-11T18:55:19-08:00","entry_id":235361,"field1":"8.1875","field2":"2.0625"},{"created_at":"2023-03-11T19:04:56-08:00","entry_id":235362,"field1":"8.0625","field2":"1.8125"},{"created_at":"2023-03-11T19:14:33-08:00","entry_id":235363,"field1":"7.6875","field2":"1.5"},{"created_at":"2023-03-11T19:24:09-08:00","entry_id":235364,"field1":"7.4375","field2":"1.375"},{"created_at":"2023-03-11T19:33:47-08:00","entry_id":235365,"field1":"7.25","field2":"1.25"},{"created_at":"2023-03-11T19:43:22-08:00","entry_id":235366,"field1":"7.125","field2":"1.125"},{"created_at":"2023-03-11T19:52:59-08:00","entry_id":235367,"field1":"7","field2":"1.0625"},{"created_at":"2023-03-11T20:02:35-08:00","entry_id":235368,"field1":"6.875","field2":"1.25"},{"created_at":"2023-03-11T20:12:12-08:00","entry_id":235369,"field1":"6.8125","field2":"1.3125"},{"created_at":"2023-03-11T20:21:51-08:00","entry_id":235370,"field1":"7.3125","field2":"1.625"},{"created_at":"2023-03-11T20:31:27-08:00","entry_id":235371,"field1":"7.875","field2":"1.5"},{"created_at":"2023-03-11T20:41:05-08:00","entry_id":235372,"field1":"8.25","field2":"1.25"},{"created_at":"2023-03-11T20:50:44-08:00","entry_id":235373,"field1":"8","field2":"1"},{"created_at":"2023-03-11T21:00:20-08:00","entry_id":235374,"field1":"7.625","field2":"1"},{"created_at":"2023-03-11T21:09:56-08:00","entry_id":235375,"field1":"7.4375","field2":"1"},{"created_at":"2023-03-11T21:19:33-08:00","entry_id":235376,"field1":"7.25","field2":"1"},{"created_at":"2023-03-11T21:29:09-08:00","entry_id":235377,"field1":"7.0625","field2":"0.9375"},{"created_at":"2023-03-11T21:38:47-08:00","entry_id":235378,"field1":"6.9375","field2":"0.9375"},{"created_at":"2023-03-11T21:48:23-08:00","entry_id":235379,"field1":"6.8125","field2":"0.875"},{"created_at":"2023-03-11T21:57:59-08:00","entry_id":235380,"field1":"6.8125","field2":"0.6875"},{"created_at":"2023-03-11T22:07:37-08:00","entry_id":235381,"field1":"7.375","field2":"0.6875"},{"created_at":"2023-03-11T22:17:14-08:00","entry_id":235382,"field1":"7.875","field2":"0.6875"},{"created_at":"2023-03-11T22:26:53-08:00","entry_id":235383,"field1":"8.1875","field2":"0.625"},{"created_at":"2023-03-11T22:36:30-08:00","entry_id":235384,"field1":"7.75","field2":"0.625"},{"created_at":"2023-03-11T22:46:05-08:00","entry_id":235385,"field1":"7.4375","field2":"0.5"},{"created_at":"2023-03-11T22:55:42-08:00","entry_id":235386,"field1":"7.25","field2":"0.5"},{"created_at":"2023-03-11T23:05:20-08:00","entry_id":235387,"field1":"7.0625","field2":"0.375"},{"created_at":"2023-03-11T23:14:55-08:00","entry_id":235388,"field1":"6.9375","field2":"0.3125"},{"created_at":"2023-03-11T23:24:32-08:00","entry_id":235389,"field1":"6.8125","field2":"0.3125"},{"created_at":"2023-03-11T23:34:09-08:00","entry_id":235390,"field1":"6.75","field2":"0.3125"},{"created_at":"2023-03-11T23:43:48-08:00","entry_id":235391,"field1":"7.3125","field2":"0.25"},{"created_at":"2023-03-11T23:53:24-08:00","entry_id":235392,"field1":"7.8125","field2":"0.25"}]}