{"channel":{"id":581842,"name":"Upstairs Small Window Indoor / Outdoor Sensor","latitude":"0.0","longitude":"0.0","field1":"Indoor Temperature","field2":"Outdoor Temperature","created_at":"2018-09-23T15:37:52-07:00","updated_at":"2020-07-27T05:59:41-07:00","last_entry_id":394013},"feeds":[{"created_at":"2026-02-11T00:09:36-08:00","entry_id":393730,"field1":"3.0625","field2":"1.75"},{"created_at":"2026-02-11T00:19:14-08:00","entry_id":393731,"field1":"3.0625","field2":"1.75"},{"created_at":"2026-02-11T00:28:51-08:00","entry_id":393732,"field1":"3.0625","field2":"1.875"},{"created_at":"2026-02-11T00:38:28-08:00","entry_id":393733,"field1":"3.0625","field2":"1.8125"},{"created_at":"2026-02-11T00:48:05-08:00","entry_id":393734,"field1":"3.0625","field2":"1.75"},{"created_at":"2026-02-11T00:57:41-08:00","entry_id":393735,"field1":"3.0625","field2":"1.6875"},{"created_at":"2026-02-11T01:07:19-08:00","entry_id":393736,"field1":"3.0625","field2":"1.6875"},{"created_at":"2026-02-11T01:16:56-08:00","entry_id":393737,"field1":"3","field2":"1.625"},{"created_at":"2026-02-11T01:26:33-08:00","entry_id":393738,"field1":"3","field2":"1.6875"},{"created_at":"2026-02-11T01:36:08-08:00","entry_id":393739,"field1":"3","field2":"1.75"},{"created_at":"2026-02-11T01:45:47-08:00","entry_id":393740,"field1":"3","field2":"1.9375"},{"created_at":"2026-02-11T01:55:22-08:00","entry_id":393741,"field1":"3","field2":"1.8125"},{"created_at":"2026-02-11T02:05:00-08:00","entry_id":393742,"field1":"3","field2":"1.8125"},{"created_at":"2026-02-11T02:14:37-08:00","entry_id":393743,"field1":"3","field2":"1.875"},{"created_at":"2026-02-11T02:24:14-08:00","entry_id":393744,"field1":"3","field2":"1.9375"},{"created_at":"2026-02-11T02:33:51-08:00","entry_id":393745,"field1":"3","field2":"1.875"},{"created_at":"2026-02-11T02:43:29-08:00","entry_id":393746,"field1":"3","field2":"1.875"},{"created_at":"2026-02-11T02:53:06-08:00","entry_id":393747,"field1":"2.9375","field2":"1.75"},{"created_at":"2026-02-11T03:02:41-08:00","entry_id":393748,"field1":"3","field2":"1.75"},{"created_at":"2026-02-11T03:12:19-08:00","entry_id":393749,"field1":"2.9375","field2":"1.625"},{"created_at":"2026-02-11T03:21:55-08:00","entry_id":393750,"field1":"2.9375","field2":"1.625"},{"created_at":"2026-02-11T03:31:31-08:00","entry_id":393751,"field1":"2.9375","field2":"1.5"},{"created_at":"2026-02-11T03:41:07-08:00","entry_id":393752,"field1":"2.9375","field2":"1.6875"},{"created_at":"2026-02-11T03:50:44-08:00","entry_id":393753,"field1":"2.9375","field2":"1.5625"},{"created_at":"2026-02-11T04:00:22-08:00","entry_id":393754,"field1":"2.9375","field2":"1.4375"},{"created_at":"2026-02-11T04:10:00-08:00","entry_id":393755,"field1":"2.9375","field2":"1.4375"},{"created_at":"2026-02-11T04:19:37-08:00","entry_id":393756,"field1":"2.9375","field2":"1.3125"},{"created_at":"2026-02-11T04:29:13-08:00","entry_id":393757,"field1":"2.9375","field2":"1.375"},{"created_at":"2026-02-11T04:38:52-08:00","entry_id":393758,"field1":"2.9375","field2":"1.3125"},{"created_at":"2026-02-11T04:48:29-08:00","entry_id":393759,"field1":"2.875","field2":"1.1875"},{"created_at":"2026-02-11T04:58:06-08:00","entry_id":393760,"field1":"2.875","field2":"1.375"},{"created_at":"2026-02-11T05:07:43-08:00","entry_id":393761,"field1":"2.875","field2":"1.375"},{"created_at":"2026-02-11T05:17:19-08:00","entry_id":393762,"field1":"2.875","field2":"1.375"},{"created_at":"2026-02-11T05:26:58-08:00","entry_id":393763,"field1":"2.875","field2":"1.3125"},{"created_at":"2026-02-11T05:36:35-08:00","entry_id":393764,"field1":"2.875","field2":"1.3125"},{"created_at":"2026-02-11T05:46:10-08:00","entry_id":393765,"field1":"2.875","field2":"1.125"},{"created_at":"2026-02-11T05:55:47-08:00","entry_id":393766,"field1":"2.875","field2":"1.1875"},{"created_at":"2026-02-11T06:05:23-08:00","entry_id":393767,"field1":"2.875","field2":"1.0625"},{"created_at":"2026-02-11T06:15:01-08:00","entry_id":393768,"field1":"2.875","field2":"1.1875"},{"created_at":"2026-02-11T06:24:38-08:00","entry_id":393769,"field1":"2.8125","field2":"1.1875"},{"created_at":"2026-02-11T06:34:15-08:00","entry_id":393770,"field1":"2.8125","field2":"1.125"},{"created_at":"2026-02-11T06:43:52-08:00","entry_id":393771,"field1":"2.8125","field2":"1.1875"},{"created_at":"2026-02-11T06:53:29-08:00","entry_id":393772,"field1":"2.8125","field2":"1.1875"},{"created_at":"2026-02-11T07:03:05-08:00","entry_id":393773,"field1":"2.8125","field2":"1.125"},{"created_at":"2026-02-11T07:12:42-08:00","entry_id":393774,"field1":"2.8125","field2":"1.125"},{"created_at":"2026-02-11T07:22:18-08:00","entry_id":393775,"field1":"2.8125","field2":"1.1875"},{"created_at":"2026-02-11T07:31:54-08:00","entry_id":393776,"field1":"2.8125","field2":"1.125"},{"created_at":"2026-02-11T07:41:32-08:00","entry_id":393777,"field1":"2.8125","field2":"1.1875"},{"created_at":"2026-02-11T07:51:09-08:00","entry_id":393778,"field1":"2.75","field2":"1.1875"},{"created_at":"2026-02-11T08:00:47-08:00","entry_id":393779,"field1":"2.75","field2":"1.1875"},{"created_at":"2026-02-11T08:10:23-08:00","entry_id":393780,"field1":"2.75","field2":"1"},{"created_at":"2026-02-11T08:20:00-08:00","entry_id":393781,"field1":"2.75","field2":"1.0625"},{"created_at":"2026-02-11T08:29:35-08:00","entry_id":393782,"field1":"2.75","field2":"1.0625"},{"created_at":"2026-02-11T08:39:11-08:00","entry_id":393783,"field1":"2.75","field2":"1.125"},{"created_at":"2026-02-11T08:48:49-08:00","entry_id":393784,"field1":"2.75","field2":"1.1875"},{"created_at":"2026-02-11T08:58:26-08:00","entry_id":393785,"field1":"2.75","field2":"1.125"},{"created_at":"2026-02-11T09:08:02-08:00","entry_id":393786,"field1":"2.75","field2":"1.125"},{"created_at":"2026-02-11T09:17:38-08:00","entry_id":393787,"field1":"2.75","field2":"1.125"},{"created_at":"2026-02-11T09:27:16-08:00","entry_id":393788,"field1":"2.75","field2":"1.25"},{"created_at":"2026-02-11T09:36:53-08:00","entry_id":393789,"field1":"2.75","field2":"1.25"},{"created_at":"2026-02-11T09:46:31-08:00","entry_id":393790,"field1":"2.75","field2":"1.3125"},{"created_at":"2026-02-11T09:56:08-08:00","entry_id":393791,"field1":"2.75","field2":"1.3125"},{"created_at":"2026-02-11T10:05:45-08:00","entry_id":393792,"field1":"2.75","field2":"1.5"},{"created_at":"2026-02-11T10:15:22-08:00","entry_id":393793,"field1":"2.75","field2":"1.5625"},{"created_at":"2026-02-11T10:25:00-08:00","entry_id":393794,"field1":"2.75","field2":"1.375"},{"created_at":"2026-02-11T10:34:37-08:00","entry_id":393795,"field1":"2.8125","field2":"1.8125"},{"created_at":"2026-02-11T10:44:12-08:00","entry_id":393796,"field1":"2.875","field2":"2.0625"},{"created_at":"2026-02-11T10:53:49-08:00","entry_id":393797,"field1":"3","field2":"2.4375"},{"created_at":"2026-02-11T11:03:25-08:00","entry_id":393798,"field1":"3.0625","field2":"2.4375"},{"created_at":"2026-02-11T11:13:02-08:00","entry_id":393799,"field1":"3.125","field2":"2.5625"},{"created_at":"2026-02-11T11:22:40-08:00","entry_id":393800,"field1":"3.125","field2":"2.3125"},{"created_at":"2026-02-11T11:32:17-08:00","entry_id":393801,"field1":"3.1875","field2":"2.25"},{"created_at":"2026-02-11T11:41:52-08:00","entry_id":393802,"field1":"3.1875","field2":"2.5"},{"created_at":"2026-02-11T11:51:30-08:00","entry_id":393803,"field1":"3.25","field2":"2.8125"},{"created_at":"2026-02-11T12:01:06-08:00","entry_id":393804,"field1":"3.25","field2":"2.875"},{"created_at":"2026-02-11T12:10:42-08:00","entry_id":393805,"field1":"3.3125","field2":"2.75"},{"created_at":"2026-02-11T12:20:20-08:00","entry_id":393806,"field1":"3.3125","field2":"2.875"},{"created_at":"2026-02-11T12:29:56-08:00","entry_id":393807,"field1":"3.3125","field2":"3"},{"created_at":"2026-02-11T12:39:35-08:00","entry_id":393808,"field1":"3.3125","field2":"3"},{"created_at":"2026-02-11T12:49:11-08:00","entry_id":393809,"field1":"3.375","field2":"3.3125"},{"created_at":"2026-02-11T12:58:48-08:00","entry_id":393810,"field1":"3.375","field2":"3.3125"},{"created_at":"2026-02-11T13:08:24-08:00","entry_id":393811,"field1":"3.375","field2":"3.5"},{"created_at":"2026-02-11T13:18:00-08:00","entry_id":393812,"field1":"3.375","field2":"3.5625"},{"created_at":"2026-02-11T13:27:36-08:00","entry_id":393813,"field1":"3.375","field2":"3.75"},{"created_at":"2026-02-11T13:37:14-08:00","entry_id":393814,"field1":"3.4375","field2":"3.6875"},{"created_at":"2026-02-11T13:46:50-08:00","entry_id":393815,"field1":"3.4375","field2":"3.75"},{"created_at":"2026-02-11T13:56:26-08:00","entry_id":393816,"field1":"3.4375","field2":"5.5"},{"created_at":"2026-02-11T14:06:04-08:00","entry_id":393817,"field1":"3.4375","field2":"3.875"},{"created_at":"2026-02-11T14:15:40-08:00","entry_id":393818,"field1":"3.4375","field2":"3.625"},{"created_at":"2026-02-11T14:25:18-08:00","entry_id":393819,"field1":"3.4375","field2":"3.5625"},{"created_at":"2026-02-11T14:34:53-08:00","entry_id":393820,"field1":"3.4375","field2":"3.5"},{"created_at":"2026-02-11T14:44:30-08:00","entry_id":393821,"field1":"3.4375","field2":"3.4375"},{"created_at":"2026-02-11T14:54:06-08:00","entry_id":393822,"field1":"3.4375","field2":"3.25"},{"created_at":"2026-02-11T15:03:45-08:00","entry_id":393823,"field1":"3.4375","field2":"3.125"},{"created_at":"2026-02-11T15:13:20-08:00","entry_id":393824,"field1":"3.4375","field2":"3"},{"created_at":"2026-02-11T15:22:56-08:00","entry_id":393825,"field1":"3.4375","field2":"2.8125"},{"created_at":"2026-02-11T15:32:33-08:00","entry_id":393826,"field1":"3.4375","field2":"2.75"},{"created_at":"2026-02-11T15:42:10-08:00","entry_id":393827,"field1":"3.4375","field2":"2.625"},{"created_at":"2026-02-11T15:51:46-08:00","entry_id":393828,"field1":"3.4375","field2":"2.5625"},{"created_at":"2026-02-11T16:01:24-08:00","entry_id":393829,"field1":"3.4375","field2":"2.5"},{"created_at":"2026-02-11T16:11:01-08:00","entry_id":393830,"field1":"3.4375","field2":"2.5"},{"created_at":"2026-02-11T16:20:37-08:00","entry_id":393831,"field1":"3.4375","field2":"2.4375"},{"created_at":"2026-02-11T16:30:15-08:00","entry_id":393832,"field1":"3.4375","field2":"2.3125"},{"created_at":"2026-02-11T16:39:52-08:00","entry_id":393833,"field1":"3.4375","field2":"2.25"},{"created_at":"2026-02-11T16:49:28-08:00","entry_id":393834,"field1":"3.4375","field2":"2.125"},{"created_at":"2026-02-11T16:59:06-08:00","entry_id":393835,"field1":"3.375","field2":"2.0625"},{"created_at":"2026-02-11T17:08:43-08:00","entry_id":393836,"field1":"3.375","field2":"1.9375"},{"created_at":"2026-02-11T17:18:20-08:00","entry_id":393837,"field1":"3.375","field2":"1.8125"},{"created_at":"2026-02-11T17:27:56-08:00","entry_id":393838,"field1":"3.375","field2":"1.75"},{"created_at":"2026-02-11T17:37:34-08:00","entry_id":393839,"field1":"3.375","field2":"1.5625"},{"created_at":"2026-02-11T17:47:11-08:00","entry_id":393840,"field1":"3.375","field2":"1.5"},{"created_at":"2026-02-11T17:56:48-08:00","entry_id":393841,"field1":"3.3125","field2":"1.3125"},{"created_at":"2026-02-11T18:06:24-08:00","entry_id":393842,"field1":"3.3125","field2":"1.25"},{"created_at":"2026-02-11T18:16:02-08:00","entry_id":393843,"field1":"3.3125","field2":"1.0625"},{"created_at":"2026-02-11T18:25:37-08:00","entry_id":393844,"field1":"3.3125","field2":"1.125"},{"created_at":"2026-02-11T18:35:14-08:00","entry_id":393845,"field1":"3.25","field2":"1"},{"created_at":"2026-02-11T18:44:52-08:00","entry_id":393846,"field1":"3.25","field2":"0.9375"},{"created_at":"2026-02-11T18:54:28-08:00","entry_id":393847,"field1":"3.25","field2":"0.875"},{"created_at":"2026-02-11T19:04:04-08:00","entry_id":393848,"field1":"3.25","field2":"0.8125"},{"created_at":"2026-02-11T19:13:43-08:00","entry_id":393849,"field1":"3.25","field2":"0.5625"},{"created_at":"2026-02-11T19:23:20-08:00","entry_id":393850,"field1":"3.1875","field2":"0.625"},{"created_at":"2026-02-11T19:32:58-08:00","entry_id":393851,"field1":"3.1875","field2":"0.5625"},{"created_at":"2026-02-11T19:42:35-08:00","entry_id":393852,"field1":"3.1875","field2":"0.5625"},{"created_at":"2026-02-11T19:52:12-08:00","entry_id":393853,"field1":"3.125","field2":"0.375"},{"created_at":"2026-02-11T20:01:47-08:00","entry_id":393854,"field1":"3.125","field2":"0.375"},{"created_at":"2026-02-11T20:11:24-08:00","entry_id":393855,"field1":"3.125","field2":"0.3125"},{"created_at":"2026-02-11T20:21:00-08:00","entry_id":393856,"field1":"3.125","field2":"0.1875"},{"created_at":"2026-02-11T20:30:38-08:00","entry_id":393857,"field1":"3.0625","field2":"0.125"},{"created_at":"2026-02-11T20:40:15-08:00","entry_id":393858,"field1":"3.0625","field2":"0.0625"},{"created_at":"2026-02-11T20:49:50-08:00","entry_id":393859,"field1":"3.0625","field2":"0"},{"created_at":"2026-02-11T20:59:28-08:00","entry_id":393860,"field1":"3.0625","field2":"0.0625"},{"created_at":"2026-02-11T21:09:04-08:00","entry_id":393861,"field1":"3","field2":"-0.125"},{"created_at":"2026-02-11T21:18:40-08:00","entry_id":393862,"field1":"3","field2":"-0.1875"},{"created_at":"2026-02-11T21:28:18-08:00","entry_id":393863,"field1":"3","field2":"-0.125"},{"created_at":"2026-02-11T21:37:53-08:00","entry_id":393864,"field1":"3","field2":"-0.3125"},{"created_at":"2026-02-11T21:47:31-08:00","entry_id":393865,"field1":"2.9375","field2":"-0.375"},{"created_at":"2026-02-11T21:57:08-08:00","entry_id":393866,"field1":"2.9375","field2":"-0.375"},{"created_at":"2026-02-11T22:06:46-08:00","entry_id":393867,"field1":"2.9375","field2":"-0.375"},{"created_at":"2026-02-11T22:16:23-08:00","entry_id":393868,"field1":"2.875","field2":"-0.375"},{"created_at":"2026-02-11T22:25:58-08:00","entry_id":393869,"field1":"2.875","field2":"-0.25"},{"created_at":"2026-02-11T22:35:36-08:00","entry_id":393870,"field1":"2.875","field2":"-0.25"},{"created_at":"2026-02-11T22:45:13-08:00","entry_id":393871,"field1":"2.875","field2":"-0.125"},{"created_at":"2026-02-11T22:54:50-08:00","entry_id":393872,"field1":"2.8125","field2":"-0.1875"},{"created_at":"2026-02-11T23:04:28-08:00","entry_id":393873,"field1":"2.8125","field2":"-0.375"},{"created_at":"2026-02-11T23:14:03-08:00","entry_id":393874,"field1":"2.8125","field2":"-0.5"},{"created_at":"2026-02-11T23:23:39-08:00","entry_id":393875,"field1":"2.75","field2":"-0.4375"},{"created_at":"2026-02-11T23:33:17-08:00","entry_id":393876,"field1":"2.75","field2":"-0.25"},{"created_at":"2026-02-11T23:42:53-08:00","entry_id":393877,"field1":"2.75","field2":"-0.3125"},{"created_at":"2026-02-11T23:52:29-08:00","entry_id":393878,"field1":"2.75","field2":"-0.3125"}]}