{"channel":{"id":581842,"name":"Upstairs Small Window Indoor / Outdoor Sensor","latitude":"0.0","longitude":"0.0","field1":"Indoor Temperature","field2":"Outdoor Temperature","created_at":"2018-09-23T15:37:52-07:00","updated_at":"2020-07-27T05:59:41-07:00","last_entry_id":186063},"feeds":[{"created_at":"2022-04-13T00:09:29-07:00","entry_id":185777,"field1":"9.75","field2":"1.4375"},{"created_at":"2022-04-13T00:19:08-07:00","entry_id":185778,"field1":"9.875","field2":"1.3125"},{"created_at":"2022-04-13T00:28:43-07:00","entry_id":185779,"field1":"10","field2":"1.1875"},{"created_at":"2022-04-13T00:38:20-07:00","entry_id":185780,"field1":"10.125","field2":"1.125"},{"created_at":"2022-04-13T00:47:58-07:00","entry_id":185781,"field1":"10","field2":"1.125"},{"created_at":"2022-04-13T00:57:34-07:00","entry_id":185782,"field1":"9.8125","field2":"1"},{"created_at":"2022-04-13T01:07:11-07:00","entry_id":185783,"field1":"9.6875","field2":"0.875"},{"created_at":"2022-04-13T01:16:50-07:00","entry_id":185784,"field1":"9.625","field2":"0.875"},{"created_at":"2022-04-13T01:26:27-07:00","entry_id":185785,"field1":"9.5625","field2":"0.8125"},{"created_at":"2022-04-13T01:36:04-07:00","entry_id":185786,"field1":"9.6875","field2":"0.75"},{"created_at":"2022-04-13T01:45:42-07:00","entry_id":185787,"field1":"9.8125","field2":"0.8125"},{"created_at":"2022-04-13T01:55:19-07:00","entry_id":185788,"field1":"9.875","field2":"0.8125"},{"created_at":"2022-04-13T02:04:57-07:00","entry_id":185789,"field1":"9.875","field2":"0.75"},{"created_at":"2022-04-13T02:14:34-07:00","entry_id":185790,"field1":"9.625","field2":"0.75"},{"created_at":"2022-04-13T02:24:11-07:00","entry_id":185791,"field1":"9.5","field2":"0.625"},{"created_at":"2022-04-13T02:33:47-07:00","entry_id":185792,"field1":"9.375","field2":"0.5"},{"created_at":"2022-04-13T02:43:25-07:00","entry_id":185793,"field1":"9.375","field2":"0.4375"},{"created_at":"2022-04-13T02:53:02-07:00","entry_id":185794,"field1":"9.5625","field2":"0.5625"},{"created_at":"2022-04-13T03:02:40-07:00","entry_id":185795,"field1":"9.6875","field2":"0.375"},{"created_at":"2022-04-13T03:12:17-07:00","entry_id":185796,"field1":"9.75","field2":"0.25"},{"created_at":"2022-04-13T03:21:55-07:00","entry_id":185797,"field1":"9.8125","field2":"0"},{"created_at":"2022-04-13T03:31:32-07:00","entry_id":185798,"field1":"9.75","field2":"0"},{"created_at":"2022-04-13T03:41:08-07:00","entry_id":185799,"field1":"9.5","field2":"-0.0625"},{"created_at":"2022-04-13T03:50:44-07:00","entry_id":185800,"field1":"9.3125","field2":"0"},{"created_at":"2022-04-13T04:00:22-07:00","entry_id":185801,"field1":"9.1875","field2":"-0.1875"},{"created_at":"2022-04-13T04:09:58-07:00","entry_id":185802,"field1":"9.25","field2":"-0.125"},{"created_at":"2022-04-13T04:19:37-07:00","entry_id":185803,"field1":"9.375","field2":"-0.25"},{"created_at":"2022-04-13T04:29:14-07:00","entry_id":185804,"field1":"9.5","field2":"-0.25"},{"created_at":"2022-04-13T04:38:50-07:00","entry_id":185805,"field1":"9.5625","field2":"-0.375"},{"created_at":"2022-04-13T04:48:28-07:00","entry_id":185806,"field1":"9.625","field2":"-0.3125"},{"created_at":"2022-04-13T04:58:06-07:00","entry_id":185807,"field1":"9.625","field2":"-0.3125"},{"created_at":"2022-04-13T05:07:43-07:00","entry_id":185808,"field1":"9.6875","field2":"-0.4375"},{"created_at":"2022-04-13T05:17:21-07:00","entry_id":185809,"field1":"9.6875","field2":"-0.25"},{"created_at":"2022-04-13T05:26:59-07:00","entry_id":185810,"field1":"9.4375","field2":"-0.3125"},{"created_at":"2022-04-13T05:36:34-07:00","entry_id":185811,"field1":"9.25","field2":"-0.5"},{"created_at":"2022-04-13T05:46:12-07:00","entry_id":185812,"field1":"9.0625","field2":"-0.6875"},{"created_at":"2022-04-13T05:55:49-07:00","entry_id":185813,"field1":"9.125","field2":"-0.8125"},{"created_at":"2022-04-13T06:05:27-07:00","entry_id":185814,"field1":"9.3125","field2":"-0.8125"},{"created_at":"2022-04-13T06:15:04-07:00","entry_id":185815,"field1":"9.375","field2":"-0.875"},{"created_at":"2022-04-13T06:24:40-07:00","entry_id":185816,"field1":"9.4375","field2":"-1"},{"created_at":"2022-04-13T06:34:19-07:00","entry_id":185817,"field1":"9.4375","field2":"-0.875"},{"created_at":"2022-04-13T06:43:57-07:00","entry_id":185818,"field1":"9.4375","field2":"-0.5625"},{"created_at":"2022-04-13T06:53:34-07:00","entry_id":185819,"field1":"9.5","field2":"-0.3125"},{"created_at":"2022-04-13T07:03:10-07:00","entry_id":185820,"field1":"9.5625","field2":"0"},{"created_at":"2022-04-13T07:12:48-07:00","entry_id":185821,"field1":"9.5625","field2":"0.1875"},{"created_at":"2022-04-13T07:22:27-07:00","entry_id":185822,"field1":"9.8125","field2":"2.5"},{"created_at":"2022-04-13T07:32:03-07:00","entry_id":185823,"field1":"10.125","field2":"2.6875"},{"created_at":"2022-04-13T07:41:42-07:00","entry_id":185824,"field1":"10.375","field2":"2.875"},{"created_at":"2022-04-13T07:51:20-07:00","entry_id":185825,"field1":"10.375","field2":"4.1875"},{"created_at":"2022-04-13T08:00:56-07:00","entry_id":185826,"field1":"10.375","field2":"4.0625"},{"created_at":"2022-04-13T08:10:35-07:00","entry_id":185827,"field1":"10.4375","field2":"4"},{"created_at":"2022-04-13T08:20:13-07:00","entry_id":185828,"field1":"10.5","field2":"4.6875"},{"created_at":"2022-04-13T08:29:51-07:00","entry_id":185829,"field1":"10.625","field2":"8.3125"},{"created_at":"2022-04-13T08:39:28-07:00","entry_id":185830,"field1":"10.6875","field2":"4.875"},{"created_at":"2022-04-13T08:49:04-07:00","entry_id":185831,"field1":"10.625","field2":"3.5"},{"created_at":"2022-04-13T08:58:42-07:00","entry_id":185832,"field1":"10.6875","field2":"4.5"},{"created_at":"2022-04-13T09:08:17-07:00","entry_id":185833,"field1":"11","field2":"4.0625"},{"created_at":"2022-04-13T09:17:54-07:00","entry_id":185834,"field1":"11.4375","field2":"3.5625"},{"created_at":"2022-04-13T09:27:33-07:00","entry_id":185835,"field1":"11.75","field2":"5.9375"},{"created_at":"2022-04-13T09:37:10-07:00","entry_id":185836,"field1":"12","field2":"7.3125"},{"created_at":"2022-04-13T09:46:49-07:00","entry_id":185837,"field1":"12.25","field2":"5.3125"},{"created_at":"2022-04-13T09:56:24-07:00","entry_id":185838,"field1":"12.5","field2":"4.8125"},{"created_at":"2022-04-13T10:06:01-07:00","entry_id":185839,"field1":"12.6875","field2":"5"},{"created_at":"2022-04-13T10:15:40-07:00","entry_id":185840,"field1":"12.8125","field2":"4.5625"},{"created_at":"2022-04-13T10:25:16-07:00","entry_id":185841,"field1":"12.9375","field2":"4.875"},{"created_at":"2022-04-13T10:34:54-07:00","entry_id":185842,"field1":"13","field2":"4.6875"},{"created_at":"2022-04-13T10:44:32-07:00","entry_id":185843,"field1":"13.125","field2":"5"},{"created_at":"2022-04-13T10:54:08-07:00","entry_id":185844,"field1":"13.1875","field2":"5.375"},{"created_at":"2022-04-13T11:03:46-07:00","entry_id":185845,"field1":"13.25","field2":"5.5"},{"created_at":"2022-04-13T11:13:23-07:00","entry_id":185846,"field1":"13.3125","field2":"5.3125"},{"created_at":"2022-04-13T11:22:58-07:00","entry_id":185847,"field1":"13.25","field2":"4.375"},{"created_at":"2022-04-13T11:32:34-07:00","entry_id":185848,"field1":"13.125","field2":"4.8125"},{"created_at":"2022-04-13T11:42:10-07:00","entry_id":185849,"field1":"13.0625","field2":"5.1875"},{"created_at":"2022-04-13T11:51:47-07:00","entry_id":185850,"field1":"13","field2":"4.625"},{"created_at":"2022-04-13T12:01:23-07:00","entry_id":185851,"field1":"12.875","field2":"4.4375"},{"created_at":"2022-04-13T12:11:00-07:00","entry_id":185852,"field1":"12.8125","field2":"4.625"},{"created_at":"2022-04-13T12:20:37-07:00","entry_id":185853,"field1":"12.75","field2":"4.625"},{"created_at":"2022-04-13T12:30:14-07:00","entry_id":185854,"field1":"12.6875","field2":"4.3125"},{"created_at":"2022-04-13T12:39:52-07:00","entry_id":185855,"field1":"12.5625","field2":"5.0625"},{"created_at":"2022-04-13T12:49:29-07:00","entry_id":185856,"field1":"12.5625","field2":"5.25"},{"created_at":"2022-04-13T12:59:06-07:00","entry_id":185857,"field1":"12.5","field2":"5.1875"},{"created_at":"2022-04-13T13:08:43-07:00","entry_id":185858,"field1":"12.4375","field2":"5.6875"},{"created_at":"2022-04-13T13:18:21-07:00","entry_id":185859,"field1":"12.4375","field2":"5.125"},{"created_at":"2022-04-13T13:27:57-07:00","entry_id":185860,"field1":"12.375","field2":"5.4375"},{"created_at":"2022-04-13T13:37:34-07:00","entry_id":185861,"field1":"12.3125","field2":"5.4375"},{"created_at":"2022-04-13T13:47:10-07:00","entry_id":185862,"field1":"12.25","field2":"5.1875"},{"created_at":"2022-04-13T13:56:48-07:00","entry_id":185863,"field1":"12.1875","field2":"5.3125"},{"created_at":"2022-04-13T14:06:25-07:00","entry_id":185864,"field1":"12.1875","field2":"5.6875"},{"created_at":"2022-04-13T14:16:03-07:00","entry_id":185865,"field1":"12.125","field2":"6"},{"created_at":"2022-04-13T14:25:37-07:00","entry_id":185866,"field1":"12.0625","field2":"5.75"},{"created_at":"2022-04-13T14:35:14-07:00","entry_id":185867,"field1":"12","field2":"6.0625"},{"created_at":"2022-04-13T14:44:52-07:00","entry_id":185868,"field1":"12","field2":"5.6875"},{"created_at":"2022-04-13T14:54:30-07:00","entry_id":185869,"field1":"11.9375","field2":"5.6875"},{"created_at":"2022-04-13T15:04:07-07:00","entry_id":185870,"field1":"11.9375","field2":"6.1875"},{"created_at":"2022-04-13T15:13:47-07:00","entry_id":185871,"field1":"11.875","field2":"6.5625"},{"created_at":"2022-04-13T15:23:25-07:00","entry_id":185872,"field1":"11.875","field2":"6.5"},{"created_at":"2022-04-13T15:33:00-07:00","entry_id":185873,"field1":"11.875","field2":"6.1875"},{"created_at":"2022-04-13T15:42:38-07:00","entry_id":185874,"field1":"11.8125","field2":"6"},{"created_at":"2022-04-13T15:52:16-07:00","entry_id":185875,"field1":"11.8125","field2":"5.25"},{"created_at":"2022-04-13T16:01:52-07:00","entry_id":185876,"field1":"11.75","field2":"5.75"},{"created_at":"2022-04-13T16:11:30-07:00","entry_id":185877,"field1":"11.75","field2":"6"},{"created_at":"2022-04-13T16:21:09-07:00","entry_id":185878,"field1":"11.6875","field2":"6.375"},{"created_at":"2022-04-13T16:30:46-07:00","entry_id":185879,"field1":"11.6875","field2":"6.25"},{"created_at":"2022-04-13T16:40:24-07:00","entry_id":185880,"field1":"11.625","field2":"6.25"},{"created_at":"2022-04-13T16:50:01-07:00","entry_id":185881,"field1":"11.625","field2":"5.9375"},{"created_at":"2022-04-13T16:59:39-07:00","entry_id":185882,"field1":"11.625","field2":"6"},{"created_at":"2022-04-13T17:09:15-07:00","entry_id":185883,"field1":"11.5625","field2":"5.75"},{"created_at":"2022-04-13T17:18:54-07:00","entry_id":185884,"field1":"11.5","field2":"6.3125"},{"created_at":"2022-04-13T17:28:32-07:00","entry_id":185885,"field1":"11.5","field2":"5.9375"},{"created_at":"2022-04-13T17:38:10-07:00","entry_id":185886,"field1":"11.4375","field2":"6.4375"},{"created_at":"2022-04-13T17:47:48-07:00","entry_id":185887,"field1":"11.4375","field2":"6.3125"},{"created_at":"2022-04-13T17:57:25-07:00","entry_id":185888,"field1":"11.5","field2":"6.3125"},{"created_at":"2022-04-13T18:07:02-07:00","entry_id":185889,"field1":"11.5","field2":"6.125"},{"created_at":"2022-04-13T18:16:40-07:00","entry_id":185890,"field1":"11.4375","field2":"6"},{"created_at":"2022-04-13T18:26:16-07:00","entry_id":185891,"field1":"11.375","field2":"5.75"},{"created_at":"2022-04-13T18:35:55-07:00","entry_id":185892,"field1":"11.3125","field2":"5.4375"},{"created_at":"2022-04-13T18:45:32-07:00","entry_id":185893,"field1":"11.25","field2":"5.125"},{"created_at":"2022-04-13T18:55:09-07:00","entry_id":185894,"field1":"11.1875","field2":"5"},{"created_at":"2022-04-13T19:04:46-07:00","entry_id":185895,"field1":"11.125","field2":"4.6875"},{"created_at":"2022-04-13T19:14:24-07:00","entry_id":185896,"field1":"11.0625","field2":"4.3125"},{"created_at":"2022-04-13T19:24:01-07:00","entry_id":185897,"field1":"11","field2":"4.0625"},{"created_at":"2022-04-13T19:33:39-07:00","entry_id":185898,"field1":"11","field2":"3.875"},{"created_at":"2022-04-13T19:43:16-07:00","entry_id":185899,"field1":"10.9375","field2":"3.75"},{"created_at":"2022-04-13T19:52:54-07:00","entry_id":185900,"field1":"10.875","field2":"3.5625"},{"created_at":"2022-04-13T20:02:32-07:00","entry_id":185901,"field1":"11","field2":"3.25"},{"created_at":"2022-04-13T20:12:10-07:00","entry_id":185902,"field1":"11","field2":"3.0625"},{"created_at":"2022-04-13T20:21:47-07:00","entry_id":185903,"field1":"10.875","field2":"3.0625"},{"created_at":"2022-04-13T20:31:24-07:00","entry_id":185904,"field1":"10.8125","field2":"3.0625"},{"created_at":"2022-04-13T20:41:01-07:00","entry_id":185905,"field1":"10.6875","field2":"2.9375"},{"created_at":"2022-04-13T20:50:38-07:00","entry_id":185906,"field1":"10.625","field2":"2.8125"},{"created_at":"2022-04-13T21:00:15-07:00","entry_id":185907,"field1":"10.5625","field2":"2.75"},{"created_at":"2022-04-13T21:09:53-07:00","entry_id":185908,"field1":"10.5","field2":"2.5625"},{"created_at":"2022-04-13T21:19:31-07:00","entry_id":185909,"field1":"10.4375","field2":"2.375"},{"created_at":"2022-04-13T21:29:08-07:00","entry_id":185910,"field1":"10.4375","field2":"2.1875"},{"created_at":"2022-04-13T21:38:45-07:00","entry_id":185911,"field1":"10.5625","field2":"2.125"},{"created_at":"2022-04-13T21:48:22-07:00","entry_id":185912,"field1":"10.6875","field2":"2.0625"},{"created_at":"2022-04-13T21:58:00-07:00","entry_id":185913,"field1":"10.5","field2":"2.1875"},{"created_at":"2022-04-13T22:07:35-07:00","entry_id":185914,"field1":"10.375","field2":"2"},{"created_at":"2022-04-13T22:17:13-07:00","entry_id":185915,"field1":"10.25","field2":"1.9375"},{"created_at":"2022-04-13T22:26:51-07:00","entry_id":185916,"field1":"10.1875","field2":"1.8125"},{"created_at":"2022-04-13T22:36:27-07:00","entry_id":185917,"field1":"10.125","field2":"1.625"},{"created_at":"2022-04-13T22:46:05-07:00","entry_id":185918,"field1":"10.0625","field2":"1.375"},{"created_at":"2022-04-13T22:55:43-07:00","entry_id":185919,"field1":"10.1875","field2":"1.3125"},{"created_at":"2022-04-13T23:05:20-07:00","entry_id":185920,"field1":"10.25","field2":"1.1875"},{"created_at":"2022-04-13T23:14:58-07:00","entry_id":185921,"field1":"10.3125","field2":"1.1875"},{"created_at":"2022-04-13T23:24:33-07:00","entry_id":185922,"field1":"10.125","field2":"1.0625"},{"created_at":"2022-04-13T23:34:11-07:00","entry_id":185923,"field1":"10","field2":"0.9375"},{"created_at":"2022-04-13T23:43:49-07:00","entry_id":185924,"field1":"9.9375","field2":"0.875"},{"created_at":"2022-04-13T23:53:26-07:00","entry_id":185925,"field1":"9.8125","field2":"0.6875"}]}