{"channel":{"id":581842,"name":"Upstairs Small Window Indoor / Outdoor Sensor","latitude":"0.0","longitude":"0.0","field1":"Indoor Temperature","field2":"Outdoor Temperature","created_at":"2018-09-23T15:37:52-07:00","updated_at":"2020-07-27T05:59:41-07:00","last_entry_id":223029},"feeds":[{"created_at":"2022-12-17T00:06:03-08:00","entry_id":222748,"field1":"5.75","field2":"-2.625"},{"created_at":"2022-12-17T00:15:40-08:00","entry_id":222749,"field1":"6.25","field2":"-2.6875"},{"created_at":"2022-12-17T00:25:17-08:00","entry_id":222750,"field1":"6.6875","field2":"-2.6875"},{"created_at":"2022-12-17T00:34:56-08:00","entry_id":222751,"field1":"7.0625","field2":"-2.625"},{"created_at":"2022-12-17T00:44:33-08:00","entry_id":222752,"field1":"7.25","field2":"-2.6875"},{"created_at":"2022-12-17T00:54:09-08:00","entry_id":222753,"field1":"7.5","field2":"-2.6875"},{"created_at":"2022-12-17T01:03:46-08:00","entry_id":222754,"field1":"7.625","field2":"-2.6875"},{"created_at":"2022-12-17T01:13:22-08:00","entry_id":222755,"field1":"7.125","field2":"-2.6875"},{"created_at":"2022-12-17T01:23:00-08:00","entry_id":222756,"field1":"6.625","field2":"-2.6875"},{"created_at":"2022-12-17T01:32:36-08:00","entry_id":222757,"field1":"6.25","field2":"-2.625"},{"created_at":"2022-12-17T01:42:13-08:00","entry_id":222758,"field1":"6","field2":"-2.6875"},{"created_at":"2022-12-17T01:51:50-08:00","entry_id":222759,"field1":"5.8125","field2":"-2.6875"},{"created_at":"2022-12-17T02:01:26-08:00","entry_id":222760,"field1":"5.9375","field2":"-2.75"},{"created_at":"2022-12-17T02:11:01-08:00","entry_id":222761,"field1":"6.5625","field2":"-2.5625"},{"created_at":"2022-12-17T02:20:39-08:00","entry_id":222762,"field1":"6.9375","field2":"-2.625"},{"created_at":"2022-12-17T02:30:16-08:00","entry_id":222763,"field1":"7.1875","field2":"-2.6875"},{"created_at":"2022-12-17T02:39:52-08:00","entry_id":222764,"field1":"7.4375","field2":"-2.6875"},{"created_at":"2022-12-17T02:49:30-08:00","entry_id":222765,"field1":"7.625","field2":"-2.6875"},{"created_at":"2022-12-17T02:59:06-08:00","entry_id":222766,"field1":"7.75","field2":"-2.75"},{"created_at":"2022-12-17T03:08:45-08:00","entry_id":222767,"field1":"7.1875","field2":"-2.75"},{"created_at":"2022-12-17T03:18:22-08:00","entry_id":222768,"field1":"6.6875","field2":"-2.75"},{"created_at":"2022-12-17T03:27:57-08:00","entry_id":222769,"field1":"6.3125","field2":"-2.6875"},{"created_at":"2022-12-17T03:37:33-08:00","entry_id":222770,"field1":"6.0625","field2":"-2.8125"},{"created_at":"2022-12-17T03:47:09-08:00","entry_id":222771,"field1":"5.8125","field2":"-2.75"},{"created_at":"2022-12-17T03:56:46-08:00","entry_id":222772,"field1":"5.875","field2":"-2.75"},{"created_at":"2022-12-17T04:06:25-08:00","entry_id":222773,"field1":"6.5","field2":"-2.8125"},{"created_at":"2022-12-17T04:16:01-08:00","entry_id":222774,"field1":"6.875","field2":"-2.8125"},{"created_at":"2022-12-17T04:25:38-08:00","entry_id":222775,"field1":"7.125","field2":"-2.875"},{"created_at":"2022-12-17T04:35:17-08:00","entry_id":222776,"field1":"7.375","field2":"-2.875"},{"created_at":"2022-12-17T04:44:53-08:00","entry_id":222777,"field1":"7.5625","field2":"-2.875"},{"created_at":"2022-12-17T04:54:29-08:00","entry_id":222778,"field1":"7.625","field2":"-2.875"},{"created_at":"2022-12-17T05:04:06-08:00","entry_id":222779,"field1":"7","field2":"-2.875"},{"created_at":"2022-12-17T05:13:44-08:00","entry_id":222780,"field1":"6.5625","field2":"-2.9375"},{"created_at":"2022-12-17T05:23:21-08:00","entry_id":222781,"field1":"6.25","field2":"-2.9375"},{"created_at":"2022-12-17T05:32:56-08:00","entry_id":222782,"field1":"5.9375","field2":"-2.9375"},{"created_at":"2022-12-17T05:42:33-08:00","entry_id":222783,"field1":"5.75","field2":"-3"},{"created_at":"2022-12-17T05:52:11-08:00","entry_id":222784,"field1":"6","field2":"-3"},{"created_at":"2022-12-17T06:01:45-08:00","entry_id":222785,"field1":"6.5625","field2":"-2.75"},{"created_at":"2022-12-17T06:11:23-08:00","entry_id":222786,"field1":"6.9375","field2":"-2.875"},{"created_at":"2022-12-17T06:21:00-08:00","entry_id":222787,"field1":"7.1875","field2":"-2.9375"},{"created_at":"2022-12-17T06:30:40-08:00","entry_id":222788,"field1":"7.4375","field2":"-3.25"},{"created_at":"2022-12-17T06:40:17-08:00","entry_id":222789,"field1":"7.625","field2":"-3.125"},{"created_at":"2022-12-17T06:49:53-08:00","entry_id":222790,"field1":"7.375","field2":"-3.0625"},{"created_at":"2022-12-17T06:59:30-08:00","entry_id":222791,"field1":"6.8125","field2":"-3.125"},{"created_at":"2022-12-17T07:09:06-08:00","entry_id":222792,"field1":"6.375","field2":"-3.125"},{"created_at":"2022-12-17T07:18:42-08:00","entry_id":222793,"field1":"6.125","field2":"-3.1875"},{"created_at":"2022-12-17T07:28:20-08:00","entry_id":222794,"field1":"5.8125","field2":"-3.25"},{"created_at":"2022-12-17T07:37:58-08:00","entry_id":222795,"field1":"5.75","field2":"-3.25"},{"created_at":"2022-12-17T07:47:34-08:00","entry_id":222796,"field1":"6.3125","field2":"-3.25"},{"created_at":"2022-12-17T07:57:11-08:00","entry_id":222797,"field1":"6.75","field2":"-3.25"},{"created_at":"2022-12-17T08:06:49-08:00","entry_id":222798,"field1":"7","field2":"-3.25"},{"created_at":"2022-12-17T08:16:26-08:00","entry_id":222799,"field1":"7.25","field2":"-3.3125"},{"created_at":"2022-12-17T08:26:04-08:00","entry_id":222800,"field1":"7.4375","field2":"-3.3125"},{"created_at":"2022-12-17T08:35:40-08:00","entry_id":222801,"field1":"7.6875","field2":"-3.4375"},{"created_at":"2022-12-17T08:45:16-08:00","entry_id":222802,"field1":"7.625","field2":"-3.625"},{"created_at":"2022-12-17T08:54:52-08:00","entry_id":222803,"field1":"7","field2":"-3.75"},{"created_at":"2022-12-17T09:04:28-08:00","entry_id":222804,"field1":"6.5625","field2":"-3.75"},{"created_at":"2022-12-17T09:14:05-08:00","entry_id":222805,"field1":"6.1875","field2":"-3.75"},{"created_at":"2022-12-17T09:23:41-08:00","entry_id":222806,"field1":"5.9375","field2":"-4"},{"created_at":"2022-12-17T09:33:17-08:00","entry_id":222807,"field1":"5.6875","field2":"-4"},{"created_at":"2022-12-17T09:42:54-08:00","entry_id":222808,"field1":"6","field2":"-3.875"},{"created_at":"2022-12-17T09:52:32-08:00","entry_id":222809,"field1":"6.5625","field2":"-3.875"},{"created_at":"2022-12-17T10:02:10-08:00","entry_id":222810,"field1":"6.875","field2":"-3.8125"},{"created_at":"2022-12-17T10:11:46-08:00","entry_id":222811,"field1":"7.1875","field2":"-3.9375"},{"created_at":"2022-12-17T10:21:24-08:00","entry_id":222812,"field1":"7.375","field2":"-4"},{"created_at":"2022-12-17T10:31:01-08:00","entry_id":222813,"field1":"7.5625","field2":"-3.8125"},{"created_at":"2022-12-17T10:40:39-08:00","entry_id":222814,"field1":"7.6875","field2":"-3.625"},{"created_at":"2022-12-17T10:50:17-08:00","entry_id":222815,"field1":"7.1875","field2":"-3.6875"},{"created_at":"2022-12-17T10:59:54-08:00","entry_id":222816,"field1":"6.625","field2":"-3.9375"},{"created_at":"2022-12-17T11:09:31-08:00","entry_id":222817,"field1":"6.3125","field2":"-3.6875"},{"created_at":"2022-12-17T11:19:06-08:00","entry_id":222818,"field1":"6","field2":"-3.5"},{"created_at":"2022-12-17T11:28:45-08:00","entry_id":222819,"field1":"5.75","field2":"-3.5625"},{"created_at":"2022-12-17T11:38:20-08:00","entry_id":222820,"field1":"5.8125","field2":"-3.625"},{"created_at":"2022-12-17T11:47:58-08:00","entry_id":222821,"field1":"6.4375","field2":"-3.75"},{"created_at":"2022-12-17T11:57:36-08:00","entry_id":222822,"field1":"6.8125","field2":"-3.6875"},{"created_at":"2022-12-17T12:07:13-08:00","entry_id":222823,"field1":"7.0625","field2":"-3.6875"},{"created_at":"2022-12-17T12:16:49-08:00","entry_id":222824,"field1":"7.3125","field2":"-3.5625"},{"created_at":"2022-12-17T12:26:26-08:00","entry_id":222825,"field1":"7.5","field2":"-3.625"},{"created_at":"2022-12-17T12:36:03-08:00","entry_id":222826,"field1":"7.5","field2":"-3.625"},{"created_at":"2022-12-17T12:45:39-08:00","entry_id":222827,"field1":"6.9375","field2":"-3.8125"},{"created_at":"2022-12-17T12:55:15-08:00","entry_id":222828,"field1":"6.5","field2":"-3.6875"},{"created_at":"2022-12-17T13:04:51-08:00","entry_id":222829,"field1":"6.1875","field2":"-3.8125"},{"created_at":"2022-12-17T13:14:29-08:00","entry_id":222830,"field1":"5.875","field2":"-3.8125"},{"created_at":"2022-12-17T13:24:05-08:00","entry_id":222831,"field1":"5.6875","field2":"-3.75"},{"created_at":"2022-12-17T13:33:43-08:00","entry_id":222832,"field1":"6.0625","field2":"-3.6875"},{"created_at":"2022-12-17T13:43:19-08:00","entry_id":222833,"field1":"6.5625","field2":"-3.875"},{"created_at":"2022-12-17T13:52:55-08:00","entry_id":222834,"field1":"6.9375","field2":"-3.875"},{"created_at":"2022-12-17T14:02:32-08:00","entry_id":222835,"field1":"7.1875","field2":"-3.6875"},{"created_at":"2022-12-17T14:12:09-08:00","entry_id":222836,"field1":"7.375","field2":"-3.625"},{"created_at":"2022-12-17T14:21:46-08:00","entry_id":222837,"field1":"7.5625","field2":"-3.5625"},{"created_at":"2022-12-17T14:31:25-08:00","entry_id":222838,"field1":"7.5","field2":"-3.5625"},{"created_at":"2022-12-17T14:41:00-08:00","entry_id":222839,"field1":"6.875","field2":"-3.5625"},{"created_at":"2022-12-17T14:50:36-08:00","entry_id":222840,"field1":"6.4375","field2":"-3.5625"},{"created_at":"2022-12-17T15:00:14-08:00","entry_id":222841,"field1":"6.125","field2":"-3.625"},{"created_at":"2022-12-17T15:09:49-08:00","entry_id":222842,"field1":"5.875","field2":"-3.8125"},{"created_at":"2022-12-17T15:19:27-08:00","entry_id":222843,"field1":"5.6875","field2":"-3.875"},{"created_at":"2022-12-17T15:29:02-08:00","entry_id":222844,"field1":"6.125","field2":"-3.9375"},{"created_at":"2022-12-17T15:38:39-08:00","entry_id":222845,"field1":"6.625","field2":"-3.9375"},{"created_at":"2022-12-17T15:48:16-08:00","entry_id":222846,"field1":"6.9375","field2":"-3.9375"},{"created_at":"2022-12-17T15:57:53-08:00","entry_id":222847,"field1":"7.1875","field2":"-3.8125"},{"created_at":"2022-12-17T16:07:30-08:00","entry_id":222848,"field1":"7.4375","field2":"-3.9375"},{"created_at":"2022-12-17T16:17:07-08:00","entry_id":222849,"field1":"7.5625","field2":"-4"},{"created_at":"2022-12-17T16:26:44-08:00","entry_id":222850,"field1":"7.5","field2":"-4"},{"created_at":"2022-12-17T16:36:20-08:00","entry_id":222851,"field1":"6.875","field2":"-4.125"},{"created_at":"2022-12-17T16:45:58-08:00","entry_id":222852,"field1":"6.4375","field2":"-4.125"},{"created_at":"2022-12-17T16:55:33-08:00","entry_id":222853,"field1":"6.125","field2":"-4.0625"},{"created_at":"2022-12-17T17:05:09-08:00","entry_id":222854,"field1":"5.8125","field2":"-4.125"},{"created_at":"2022-12-17T17:14:45-08:00","entry_id":222855,"field1":"5.6875","field2":"-4.0625"},{"created_at":"2022-12-17T17:24:22-08:00","entry_id":222856,"field1":"6.1875","field2":"-4.1875"},{"created_at":"2022-12-17T17:33:59-08:00","entry_id":222857,"field1":"6.625","field2":"-4.1875"},{"created_at":"2022-12-17T17:43:38-08:00","entry_id":222858,"field1":"6.9375","field2":"-4.25"},{"created_at":"2022-12-17T17:53:14-08:00","entry_id":222859,"field1":"7.1875","field2":"-4.1875"},{"created_at":"2022-12-17T18:02:52-08:00","entry_id":222860,"field1":"7.375","field2":"-4.4375"},{"created_at":"2022-12-17T18:12:28-08:00","entry_id":222861,"field1":"7.5625","field2":"-4.375"},{"created_at":"2022-12-17T18:22:05-08:00","entry_id":222862,"field1":"7.5625","field2":"-4.4375"},{"created_at":"2022-12-17T18:31:41-08:00","entry_id":222863,"field1":"6.9375","field2":"-4.5"},{"created_at":"2022-12-17T18:41:17-08:00","entry_id":222864,"field1":"6.4375","field2":"-4.5625"},{"created_at":"2022-12-17T18:50:54-08:00","entry_id":222865,"field1":"6.125","field2":"-4.5625"},{"created_at":"2022-12-17T19:00:32-08:00","entry_id":222866,"field1":"5.8125","field2":"-4.375"},{"created_at":"2022-12-17T19:10:06-08:00","entry_id":222867,"field1":"5.625","field2":"-4.3125"},{"created_at":"2022-12-17T19:19:45-08:00","entry_id":222868,"field1":"6.125","field2":"-4.25"},{"created_at":"2022-12-17T19:29:22-08:00","entry_id":222869,"field1":"6.5625","field2":"-4.25"},{"created_at":"2022-12-17T19:38:58-08:00","entry_id":222870,"field1":"6.875","field2":"-4.25"},{"created_at":"2022-12-17T19:48:35-08:00","entry_id":222871,"field1":"7.125","field2":"-4.1875"},{"created_at":"2022-12-17T19:58:14-08:00","entry_id":222872,"field1":"7.3125","field2":"-4.25"},{"created_at":"2022-12-17T20:07:50-08:00","entry_id":222873,"field1":"7.5","field2":"-4.3125"},{"created_at":"2022-12-17T20:17:26-08:00","entry_id":222874,"field1":"7.3125","field2":"-4"},{"created_at":"2022-12-17T20:27:03-08:00","entry_id":222875,"field1":"6.6875","field2":"-4.1875"},{"created_at":"2022-12-17T20:36:41-08:00","entry_id":222876,"field1":"6.3125","field2":"-4.3125"},{"created_at":"2022-12-17T20:46:17-08:00","entry_id":222877,"field1":"6","field2":"-4.25"},{"created_at":"2022-12-17T20:55:55-08:00","entry_id":222878,"field1":"5.6875","field2":"-4.25"},{"created_at":"2022-12-17T21:05:30-08:00","entry_id":222879,"field1":"5.75","field2":"-4.3125"},{"created_at":"2022-12-17T21:15:07-08:00","entry_id":222880,"field1":"6.3125","field2":"-4.3125"},{"created_at":"2022-12-17T21:24:44-08:00","entry_id":222881,"field1":"6.6875","field2":"-4.4375"},{"created_at":"2022-12-17T21:34:21-08:00","entry_id":222882,"field1":"7","field2":"-4.5625"},{"created_at":"2022-12-17T21:43:58-08:00","entry_id":222883,"field1":"7.1875","field2":"-4.6875"},{"created_at":"2022-12-17T21:53:37-08:00","entry_id":222884,"field1":"7.3125","field2":"-4.875"},{"created_at":"2022-12-17T22:03:10-08:00","entry_id":222885,"field1":"7.5","field2":"-4.5625"},{"created_at":"2022-12-17T22:12:50-08:00","entry_id":222886,"field1":"7.625","field2":"-5"},{"created_at":"2022-12-17T22:22:26-08:00","entry_id":222887,"field1":"7.25","field2":"-5.125"},{"created_at":"2022-12-17T22:32:02-08:00","entry_id":222888,"field1":"6.625","field2":"-5.125"},{"created_at":"2022-12-17T22:41:37-08:00","entry_id":222889,"field1":"6.25","field2":"-5.0625"},{"created_at":"2022-12-17T22:51:12-08:00","entry_id":222890,"field1":"5.875","field2":"-5.4375"},{"created_at":"2022-12-17T23:00:48-08:00","entry_id":222891,"field1":"5.625","field2":"-5.4375"},{"created_at":"2022-12-17T23:10:24-08:00","entry_id":222892,"field1":"5.75","field2":"-5.5625"},{"created_at":"2022-12-17T23:20:02-08:00","entry_id":222893,"field1":"6.3125","field2":"-5.875"},{"created_at":"2022-12-17T23:29:38-08:00","entry_id":222894,"field1":"6.625","field2":"-5.875"},{"created_at":"2022-12-17T23:39:16-08:00","entry_id":222895,"field1":"6.875","field2":"-6"},{"created_at":"2022-12-17T23:48:53-08:00","entry_id":222896,"field1":"7.0625","field2":"-6.0625"},{"created_at":"2022-12-17T23:58:31-08:00","entry_id":222897,"field1":"7.1875","field2":"-6.625"}]}