{"channel":{"id":581842,"name":"Upstairs Small Window Indoor / Outdoor Sensor","latitude":"0.0","longitude":"0.0","field1":"Indoor Temperature","field2":"Outdoor Temperature","created_at":"2018-09-23T15:37:52-07:00","updated_at":"2020-07-27T05:59:41-07:00","last_entry_id":323342},"feeds":[{"created_at":"2024-10-22T00:06:46-07:00","entry_id":323058,"field1":"9.5625","field2":"6.8125"},{"created_at":"2024-10-22T00:16:23-07:00","entry_id":323059,"field1":"9.5625","field2":"6.5"},{"created_at":"2024-10-22T00:25:58-07:00","entry_id":323060,"field1":"9.5625","field2":"6.375"},{"created_at":"2024-10-22T00:35:36-07:00","entry_id":323061,"field1":"9.5625","field2":"6.1875"},{"created_at":"2024-10-22T00:45:15-07:00","entry_id":323062,"field1":"9.5","field2":"6.25"},{"created_at":"2024-10-22T00:54:52-07:00","entry_id":323063,"field1":"9.5","field2":"6.375"},{"created_at":"2024-10-22T01:04:28-07:00","entry_id":323064,"field1":"9.5","field2":"6.3125"},{"created_at":"2024-10-22T01:14:07-07:00","entry_id":323065,"field1":"9.5","field2":"6.3125"},{"created_at":"2024-10-22T01:23:44-07:00","entry_id":323066,"field1":"9.4375","field2":"6.25"},{"created_at":"2024-10-22T01:33:21-07:00","entry_id":323067,"field1":"9.4375","field2":"6.125"},{"created_at":"2024-10-22T01:42:59-07:00","entry_id":323068,"field1":"9.4375","field2":"6.0625"},{"created_at":"2024-10-22T01:52:36-07:00","entry_id":323069,"field1":"9.4375","field2":"6.125"},{"created_at":"2024-10-22T02:02:12-07:00","entry_id":323070,"field1":"9.375","field2":"6.25"},{"created_at":"2024-10-22T02:11:49-07:00","entry_id":323071,"field1":"9.375","field2":"6.1875"},{"created_at":"2024-10-22T02:21:25-07:00","entry_id":323072,"field1":"9.375","field2":"6.125"},{"created_at":"2024-10-22T02:31:04-07:00","entry_id":323073,"field1":"9.3125","field2":"6.1875"},{"created_at":"2024-10-22T02:40:39-07:00","entry_id":323074,"field1":"9.3125","field2":"6.0625"},{"created_at":"2024-10-22T02:50:16-07:00","entry_id":323075,"field1":"9.3125","field2":"6.0625"},{"created_at":"2024-10-22T02:59:55-07:00","entry_id":323076,"field1":"9.25","field2":"5.9375"},{"created_at":"2024-10-22T03:09:33-07:00","entry_id":323077,"field1":"9.25","field2":"5.8125"},{"created_at":"2024-10-22T03:19:11-07:00","entry_id":323078,"field1":"9.25","field2":"5.8125"},{"created_at":"2024-10-22T03:28:48-07:00","entry_id":323079,"field1":"9.1875","field2":"5.75"},{"created_at":"2024-10-22T03:38:24-07:00","entry_id":323080,"field1":"9.1875","field2":"5.625"},{"created_at":"2024-10-22T03:48:01-07:00","entry_id":323081,"field1":"9.1875","field2":"5.5625"},{"created_at":"2024-10-22T03:57:39-07:00","entry_id":323082,"field1":"9.1875","field2":"5.5625"},{"created_at":"2024-10-22T04:07:17-07:00","entry_id":323083,"field1":"9.125","field2":"5.5"},{"created_at":"2024-10-22T04:16:52-07:00","entry_id":323084,"field1":"9.125","field2":"5.4375"},{"created_at":"2024-10-22T04:26:29-07:00","entry_id":323085,"field1":"9.125","field2":"5.5"},{"created_at":"2024-10-22T04:36:08-07:00","entry_id":323086,"field1":"9.0625","field2":"5.5"},{"created_at":"2024-10-22T04:45:46-07:00","entry_id":323087,"field1":"9.0625","field2":"5.4375"},{"created_at":"2024-10-22T04:55:23-07:00","entry_id":323088,"field1":"9.0625","field2":"5.375"},{"created_at":"2024-10-22T05:04:59-07:00","entry_id":323089,"field1":"9","field2":"5.375"},{"created_at":"2024-10-22T05:14:38-07:00","entry_id":323090,"field1":"9","field2":"5.25"},{"created_at":"2024-10-22T05:24:15-07:00","entry_id":323091,"field1":"9","field2":"5.125"},{"created_at":"2024-10-22T05:33:52-07:00","entry_id":323092,"field1":"9","field2":"5.1875"},{"created_at":"2024-10-22T05:43:28-07:00","entry_id":323093,"field1":"8.9375","field2":"4.9375"},{"created_at":"2024-10-22T05:53:05-07:00","entry_id":323094,"field1":"8.9375","field2":"4.6875"},{"created_at":"2024-10-22T06:02:43-07:00","entry_id":323095,"field1":"8.9375","field2":"4.5625"},{"created_at":"2024-10-22T06:12:21-07:00","entry_id":323096,"field1":"8.875","field2":"4.5625"},{"created_at":"2024-10-22T06:21:56-07:00","entry_id":323097,"field1":"8.875","field2":"4.25"},{"created_at":"2024-10-22T06:31:35-07:00","entry_id":323098,"field1":"8.875","field2":"4.25"},{"created_at":"2024-10-22T06:41:13-07:00","entry_id":323099,"field1":"8.8125","field2":"4.1875"},{"created_at":"2024-10-22T06:50:48-07:00","entry_id":323100,"field1":"8.8125","field2":"4.0625"},{"created_at":"2024-10-22T07:00:27-07:00","entry_id":323101,"field1":"8.8125","field2":"4.0625"},{"created_at":"2024-10-22T07:10:04-07:00","entry_id":323102,"field1":"8.75","field2":"4.0625"},{"created_at":"2024-10-22T07:19:42-07:00","entry_id":323103,"field1":"8.75","field2":"3.9375"},{"created_at":"2024-10-22T07:29:17-07:00","entry_id":323104,"field1":"8.75","field2":"4"},{"created_at":"2024-10-22T07:38:56-07:00","entry_id":323105,"field1":"8.6875","field2":"3.5625"},{"created_at":"2024-10-22T07:48:33-07:00","entry_id":323106,"field1":"8.6875","field2":"3.625"},{"created_at":"2024-10-22T07:58:10-07:00","entry_id":323107,"field1":"8.625","field2":"3.6875"},{"created_at":"2024-10-22T08:07:48-07:00","entry_id":323108,"field1":"8.625","field2":"3.75"},{"created_at":"2024-10-22T08:17:26-07:00","entry_id":323109,"field1":"8.625","field2":"3.75"},{"created_at":"2024-10-22T08:27:02-07:00","entry_id":323110,"field1":"8.5625","field2":"3.8125"},{"created_at":"2024-10-22T08:36:38-07:00","entry_id":323111,"field1":"8.5625","field2":"3.5625"},{"created_at":"2024-10-22T08:46:16-07:00","entry_id":323112,"field1":"8.5","field2":"3.875"},{"created_at":"2024-10-22T08:55:53-07:00","entry_id":323113,"field1":"8.5","field2":"4.1875"},{"created_at":"2024-10-22T09:05:29-07:00","entry_id":323114,"field1":"8.5","field2":"4.625"},{"created_at":"2024-10-22T09:15:08-07:00","entry_id":323115,"field1":"8.5","field2":"4.75"},{"created_at":"2024-10-22T09:24:45-07:00","entry_id":323116,"field1":"8.5","field2":"5.75"},{"created_at":"2024-10-22T09:34:23-07:00","entry_id":323117,"field1":"8.5625","field2":"6.1875"},{"created_at":"2024-10-22T09:44:00-07:00","entry_id":323118,"field1":"8.625","field2":"7.875"},{"created_at":"2024-10-22T09:53:37-07:00","entry_id":323119,"field1":"8.6875","field2":"7.8125"},{"created_at":"2024-10-22T10:03:13-07:00","entry_id":323120,"field1":"8.8125","field2":"7.5625"},{"created_at":"2024-10-22T10:12:52-07:00","entry_id":323121,"field1":"8.9375","field2":"7.9375"},{"created_at":"2024-10-22T10:22:29-07:00","entry_id":323122,"field1":"9","field2":"8.375"},{"created_at":"2024-10-22T10:32:05-07:00","entry_id":323123,"field1":"9.125","field2":"9.3125"},{"created_at":"2024-10-22T10:41:44-07:00","entry_id":323124,"field1":"9.1875","field2":"9.75"},{"created_at":"2024-10-22T10:51:21-07:00","entry_id":323125,"field1":"9.375","field2":"8.125"},{"created_at":"2024-10-22T11:00:57-07:00","entry_id":323126,"field1":"9.625","field2":"8.6875"},{"created_at":"2024-10-22T11:10:37-07:00","entry_id":323127,"field1":"9.8125","field2":"8.375"},{"created_at":"2024-10-22T11:20:14-07:00","entry_id":323128,"field1":"10.0625","field2":"8.375"},{"created_at":"2024-10-22T11:29:51-07:00","entry_id":323129,"field1":"10.1875","field2":"8.375"},{"created_at":"2024-10-22T11:39:29-07:00","entry_id":323130,"field1":"10.25","field2":"8.5"},{"created_at":"2024-10-22T11:49:05-07:00","entry_id":323131,"field1":"10.25","field2":"8.6875"},{"created_at":"2024-10-22T11:58:42-07:00","entry_id":323132,"field1":"10.25","field2":"8.5"},{"created_at":"2024-10-22T12:08:21-07:00","entry_id":323133,"field1":"10.25","field2":"8.625"},{"created_at":"2024-10-22T12:17:58-07:00","entry_id":323134,"field1":"10.25","field2":"8.6875"},{"created_at":"2024-10-22T12:27:36-07:00","entry_id":323135,"field1":"10.1875","field2":"9"},{"created_at":"2024-10-22T12:37:14-07:00","entry_id":323136,"field1":"10.1875","field2":"8.875"},{"created_at":"2024-10-22T12:46:51-07:00","entry_id":323137,"field1":"10.1875","field2":"9.125"},{"created_at":"2024-10-22T12:56:29-07:00","entry_id":323138,"field1":"10.125","field2":"9.25"},{"created_at":"2024-10-22T13:06:06-07:00","entry_id":323139,"field1":"10.125","field2":"9.25"},{"created_at":"2024-10-22T13:15:43-07:00","entry_id":323140,"field1":"10.125","field2":"9.4375"},{"created_at":"2024-10-22T13:25:21-07:00","entry_id":323141,"field1":"10.125","field2":"9.4375"},{"created_at":"2024-10-22T13:34:57-07:00","entry_id":323142,"field1":"10.125","field2":"9.5625"},{"created_at":"2024-10-22T13:44:35-07:00","entry_id":323143,"field1":"10.125","field2":"9.8125"},{"created_at":"2024-10-22T13:54:13-07:00","entry_id":323144,"field1":"10.0625","field2":"9.75"},{"created_at":"2024-10-22T14:03:51-07:00","entry_id":323145,"field1":"10.0625","field2":"9.8125"},{"created_at":"2024-10-22T14:13:28-07:00","entry_id":323146,"field1":"10.0625","field2":"9.5"},{"created_at":"2024-10-22T14:23:06-07:00","entry_id":323147,"field1":"10.0625","field2":"9.625"},{"created_at":"2024-10-22T14:32:44-07:00","entry_id":323148,"field1":"10","field2":"9.625"},{"created_at":"2024-10-22T14:42:21-07:00","entry_id":323149,"field1":"10.0625","field2":"9.5625"},{"created_at":"2024-10-22T14:51:58-07:00","entry_id":323150,"field1":"10.0625","field2":"9.625"},{"created_at":"2024-10-22T15:01:37-07:00","entry_id":323151,"field1":"10.0625","field2":"9.625"},{"created_at":"2024-10-22T15:11:12-07:00","entry_id":323152,"field1":"10","field2":"9.75"},{"created_at":"2024-10-22T15:20:51-07:00","entry_id":323153,"field1":"10","field2":"9.5"},{"created_at":"2024-10-22T15:30:27-07:00","entry_id":323154,"field1":"10","field2":"9.5625"},{"created_at":"2024-10-22T15:40:05-07:00","entry_id":323155,"field1":"10","field2":"9.375"},{"created_at":"2024-10-22T15:49:43-07:00","entry_id":323156,"field1":"10","field2":"9.125"},{"created_at":"2024-10-22T15:59:19-07:00","entry_id":323157,"field1":"10","field2":"8.8125"},{"created_at":"2024-10-22T16:08:57-07:00","entry_id":323158,"field1":"10","field2":"8.625"},{"created_at":"2024-10-22T16:18:35-07:00","entry_id":323159,"field1":"10","field2":"8.625"},{"created_at":"2024-10-22T16:28:11-07:00","entry_id":323160,"field1":"9.9375","field2":"8.3125"},{"created_at":"2024-10-22T16:37:49-07:00","entry_id":323161,"field1":"9.9375","field2":"8.0625"},{"created_at":"2024-10-22T16:47:27-07:00","entry_id":323162,"field1":"9.9375","field2":"7.875"},{"created_at":"2024-10-22T16:57:04-07:00","entry_id":323163,"field1":"9.9375","field2":"7.75"},{"created_at":"2024-10-22T17:06:41-07:00","entry_id":323164,"field1":"9.875","field2":"7.6875"},{"created_at":"2024-10-22T17:16:19-07:00","entry_id":323165,"field1":"9.875","field2":"7.6875"},{"created_at":"2024-10-22T17:25:55-07:00","entry_id":323166,"field1":"9.875","field2":"7.5625"},{"created_at":"2024-10-22T17:35:33-07:00","entry_id":323167,"field1":"9.875","field2":"7.5"},{"created_at":"2024-10-22T17:45:09-07:00","entry_id":323168,"field1":"9.8125","field2":"7.375"},{"created_at":"2024-10-22T17:54:47-07:00","entry_id":323169,"field1":"9.8125","field2":"7.375"},{"created_at":"2024-10-22T18:04:24-07:00","entry_id":323170,"field1":"9.8125","field2":"7.25"},{"created_at":"2024-10-22T18:14:00-07:00","entry_id":323171,"field1":"9.75","field2":"6.9375"},{"created_at":"2024-10-22T18:23:38-07:00","entry_id":323172,"field1":"9.75","field2":"6.8125"},{"created_at":"2024-10-22T18:33:15-07:00","entry_id":323173,"field1":"9.75","field2":"6.625"},{"created_at":"2024-10-22T18:42:52-07:00","entry_id":323174,"field1":"9.6875","field2":"6.5"},{"created_at":"2024-10-22T18:52:28-07:00","entry_id":323175,"field1":"9.6875","field2":"6.5"},{"created_at":"2024-10-22T19:02:06-07:00","entry_id":323176,"field1":"9.6875","field2":"6.625"},{"created_at":"2024-10-22T19:11:41-07:00","entry_id":323177,"field1":"9.625","field2":"6.625"},{"created_at":"2024-10-22T19:21:18-07:00","entry_id":323178,"field1":"9.625","field2":"6.5625"},{"created_at":"2024-10-22T19:30:56-07:00","entry_id":323179,"field1":"9.5625","field2":"6.3125"},{"created_at":"2024-10-22T19:40:34-07:00","entry_id":323180,"field1":"9.5625","field2":"6.0625"},{"created_at":"2024-10-22T19:50:11-07:00","entry_id":323181,"field1":"9.5625","field2":"5.8125"},{"created_at":"2024-10-22T19:59:47-07:00","entry_id":323182,"field1":"9.5","field2":"5.6875"},{"created_at":"2024-10-22T20:09:25-07:00","entry_id":323183,"field1":"9.5","field2":"5.625"},{"created_at":"2024-10-22T20:19:03-07:00","entry_id":323184,"field1":"9.5","field2":"5.5625"},{"created_at":"2024-10-22T20:28:40-07:00","entry_id":323185,"field1":"9.4375","field2":"5.5"},{"created_at":"2024-10-22T20:38:16-07:00","entry_id":323186,"field1":"9.4375","field2":"5.3125"},{"created_at":"2024-10-22T20:47:53-07:00","entry_id":323187,"field1":"9.375","field2":"5.3125"},{"created_at":"2024-10-22T20:57:31-07:00","entry_id":323188,"field1":"9.375","field2":"5.25"},{"created_at":"2024-10-22T21:07:09-07:00","entry_id":323189,"field1":"9.3125","field2":"5.25"},{"created_at":"2024-10-22T21:16:45-07:00","entry_id":323190,"field1":"9.3125","field2":"5.1875"},{"created_at":"2024-10-22T21:26:24-07:00","entry_id":323191,"field1":"9.3125","field2":"4.9375"},{"created_at":"2024-10-22T21:36:01-07:00","entry_id":323192,"field1":"9.25","field2":"4.875"},{"created_at":"2024-10-22T21:45:38-07:00","entry_id":323193,"field1":"9.25","field2":"4.9375"},{"created_at":"2024-10-22T21:55:16-07:00","entry_id":323194,"field1":"9.1875","field2":"4.875"},{"created_at":"2024-10-22T22:04:54-07:00","entry_id":323195,"field1":"9.1875","field2":"5"},{"created_at":"2024-10-22T22:14:29-07:00","entry_id":323196,"field1":"9.125","field2":"5"},{"created_at":"2024-10-22T22:24:08-07:00","entry_id":323197,"field1":"9.125","field2":"4.875"},{"created_at":"2024-10-22T22:33:46-07:00","entry_id":323198,"field1":"9.125","field2":"5.0625"},{"created_at":"2024-10-22T22:43:24-07:00","entry_id":323199,"field1":"9.0625","field2":"5.3125"},{"created_at":"2024-10-22T22:52:59-07:00","entry_id":323200,"field1":"9.0625","field2":"5.125"},{"created_at":"2024-10-22T23:02:37-07:00","entry_id":323201,"field1":"9","field2":"5.1875"},{"created_at":"2024-10-22T23:12:15-07:00","entry_id":323202,"field1":"9","field2":"5.1875"},{"created_at":"2024-10-22T23:21:52-07:00","entry_id":323203,"field1":"9","field2":"5.25"},{"created_at":"2024-10-22T23:31:30-07:00","entry_id":323204,"field1":"8.9375","field2":"5.1875"},{"created_at":"2024-10-22T23:41:07-07:00","entry_id":323205,"field1":"8.9375","field2":"5.3125"},{"created_at":"2024-10-22T23:50:45-07:00","entry_id":323206,"field1":"8.875","field2":"5.3125"}]}