{"channel":{"id":581842,"name":"Upstairs Small Window Indoor / Outdoor Sensor","latitude":"0.0","longitude":"0.0","field1":"Indoor Temperature","field2":"Outdoor Temperature","created_at":"2018-09-23T15:37:52-07:00","updated_at":"2020-07-27T05:59:41-07:00","last_entry_id":150128},"feeds":[{"created_at":"2019-02-06T00:05:22-08:00","entry_id":18668,"field1":"-10.625","field2":"-14.375"},{"created_at":"2019-02-06T00:14:59-08:00","entry_id":18669,"field1":"-10.625","field2":"-14.6875"},{"created_at":"2019-02-06T00:24:35-08:00","entry_id":18670,"field1":"-10.625","field2":"-14.5"},{"created_at":"2019-02-06T00:34:11-08:00","entry_id":18671,"field1":"-10.6875","field2":"-14.3125"},{"created_at":"2019-02-06T00:43:47-08:00","entry_id":18672,"field1":"-10.6875","field2":"-14.25"},{"created_at":"2019-02-06T00:53:22-08:00","entry_id":18673,"field1":"-10.6875","field2":"-14.4375"},{"created_at":"2019-02-06T01:02:58-08:00","entry_id":18674,"field1":"-10.6875","field2":"-14.5625"},{"created_at":"2019-02-06T01:12:35-08:00","entry_id":18675,"field1":"-10.75","field2":"-14.6875"},{"created_at":"2019-02-06T01:22:15-08:00","entry_id":18676,"field1":"-10.75","field2":"-14.8125"},{"created_at":"2019-02-06T01:31:49-08:00","entry_id":18677,"field1":"-10.75","field2":"-14.6875"},{"created_at":"2019-02-06T01:41:29-08:00","entry_id":18678,"field1":"-10.75","field2":"-14.8125"},{"created_at":"2019-02-06T01:51:03-08:00","entry_id":18679,"field1":"-10.75","field2":"-15.1875"},{"created_at":"2019-02-06T02:00:39-08:00","entry_id":18680,"field1":"-10.75","field2":"-15.125"},{"created_at":"2019-02-06T02:10:17-08:00","entry_id":18681,"field1":"-10.8125","field2":"-15.25"},{"created_at":"2019-02-06T02:19:52-08:00","entry_id":18682,"field1":"-10.8125","field2":"-15"},{"created_at":"2019-02-06T02:29:29-08:00","entry_id":18683,"field1":"-10.8125","field2":"-14.8125"},{"created_at":"2019-02-06T02:39:04-08:00","entry_id":18684,"field1":"-10.875","field2":"-14.8125"},{"created_at":"2019-02-06T02:48:40-08:00","entry_id":18685,"field1":"-10.875","field2":"-14.6875"},{"created_at":"2019-02-06T02:58:16-08:00","entry_id":18686,"field1":"-10.875","field2":"-14.625"},{"created_at":"2019-02-06T03:07:52-08:00","entry_id":18687,"field1":"-10.875","field2":"-14.5625"},{"created_at":"2019-02-06T03:17:28-08:00","entry_id":18688,"field1":"-10.875","field2":"-14.6875"},{"created_at":"2019-02-06T03:27:04-08:00","entry_id":18689,"field1":"-10.9375","field2":"-14.125"},{"created_at":"2019-02-06T03:36:41-08:00","entry_id":18690,"field1":"-10.9375","field2":"-14.0625"},{"created_at":"2019-02-06T03:46:17-08:00","entry_id":18691,"field1":"-10.9375","field2":"-14.3125"},{"created_at":"2019-02-06T03:55:54-08:00","entry_id":18692,"field1":"-10.9375","field2":"-14"},{"created_at":"2019-02-06T04:05:31-08:00","entry_id":18693,"field1":"-10.9375","field2":"-14.0625"},{"created_at":"2019-02-06T04:15:07-08:00","entry_id":18694,"field1":"-11","field2":"-14.6875"},{"created_at":"2019-02-06T04:24:44-08:00","entry_id":18695,"field1":"-11","field2":"-14.8125"},{"created_at":"2019-02-06T04:34:24-08:00","entry_id":18696,"field1":"-11","field2":"-15.125"},{"created_at":"2019-02-06T04:43:58-08:00","entry_id":18697,"field1":"-11","field2":"-14.9375"},{"created_at":"2019-02-06T04:53:35-08:00","entry_id":18698,"field1":"-11","field2":"-15"},{"created_at":"2019-02-06T05:03:10-08:00","entry_id":18699,"field1":"-11.0625","field2":"-14.8125"},{"created_at":"2019-02-06T05:12:46-08:00","entry_id":18700,"field1":"-11.0625","field2":"-14.625"},{"created_at":"2019-02-06T05:22:22-08:00","entry_id":18701,"field1":"-11.0625","field2":"-14.6875"},{"created_at":"2019-02-06T05:31:58-08:00","entry_id":18702,"field1":"-11.0625","field2":"-14.5625"},{"created_at":"2019-02-06T05:41:34-08:00","entry_id":18703,"field1":"-11.125","field2":"-14.75"},{"created_at":"2019-02-06T05:51:10-08:00","entry_id":18704,"field1":"-11.125","field2":"-14.875"},{"created_at":"2019-02-06T06:00:46-08:00","entry_id":18705,"field1":"-11.125","field2":"-14.875"},{"created_at":"2019-02-06T06:10:26-08:00","entry_id":18706,"field1":"-11.125","field2":"-14.8125"},{"created_at":"2019-02-06T06:20:01-08:00","entry_id":18707,"field1":"-11.125","field2":"-14.5625"},{"created_at":"2019-02-06T06:29:37-08:00","entry_id":18708,"field1":"-11.125","field2":"-14.6875"},{"created_at":"2019-02-06T06:39:13-08:00","entry_id":18709,"field1":"-11.1875","field2":"-14.75"},{"created_at":"2019-02-06T06:48:50-08:00","entry_id":18710,"field1":"-11.1875","field2":"-14.875"},{"created_at":"2019-02-06T06:58:26-08:00","entry_id":18711,"field1":"-11.1875","field2":"-14.375"},{"created_at":"2019-02-06T07:08:04-08:00","entry_id":18712,"field1":"-11.1875","field2":"-14.25"},{"created_at":"2019-02-06T07:27:45-08:00","entry_id":18713,"field1":"-11.25","field2":"-14.125"},{"created_at":"2019-02-06T07:37:21-08:00","entry_id":18714,"field1":"-11.25","field2":"-14.1875"},{"created_at":"2019-02-06T07:46:57-08:00","entry_id":18715,"field1":"-11.25","field2":"-14.5625"},{"created_at":"2019-02-06T07:56:33-08:00","entry_id":18716,"field1":"-11.25","field2":"-14.625"},{"created_at":"2019-02-06T08:06:09-08:00","entry_id":18717,"field1":"-11.25","field2":"-14.625"},{"created_at":"2019-02-06T08:15:49-08:00","entry_id":18718,"field1":"-11.25","field2":"-14.5"},{"created_at":"2019-02-06T08:25:25-08:00","entry_id":18719,"field1":"-11.25","field2":"-14.625"},{"created_at":"2019-02-06T08:35:00-08:00","entry_id":18720,"field1":"-11.25","field2":"-14.5"},{"created_at":"2019-02-06T08:44:36-08:00","entry_id":18721,"field1":"-11.25","field2":"-13.875"},{"created_at":"2019-02-06T08:54:11-08:00","entry_id":18722,"field1":"-11.3125","field2":"-14.125"},{"created_at":"2019-02-06T09:03:47-08:00","entry_id":18723,"field1":"-11.3125","field2":"-14.125"},{"created_at":"2019-02-06T09:13:23-08:00","entry_id":18724,"field1":"-11.3125","field2":"-13.9375"},{"created_at":"2019-02-06T09:22:59-08:00","entry_id":18725,"field1":"-11.3125","field2":"-13.4375"},{"created_at":"2019-02-06T09:32:35-08:00","entry_id":18726,"field1":"-11.25","field2":"-13.375"},{"created_at":"2019-02-06T09:42:14-08:00","entry_id":18727,"field1":"-11.25","field2":"-13.375"},{"created_at":"2019-02-06T09:51:48-08:00","entry_id":18728,"field1":"-11.25","field2":"-12.875"},{"created_at":"2019-02-06T10:01:25-08:00","entry_id":18729,"field1":"-11.25","field2":"-12.875"},{"created_at":"2019-02-06T10:11:02-08:00","entry_id":18730,"field1":"-11.25","field2":"-12.5625"},{"created_at":"2019-02-06T10:20:42-08:00","entry_id":18731,"field1":"-11.25","field2":"-12.75"},{"created_at":"2019-02-06T10:30:16-08:00","entry_id":18732,"field1":"-11.1875","field2":"-12"},{"created_at":"2019-02-06T10:39:53-08:00","entry_id":18733,"field1":"-11.1875","field2":"-12.1875"},{"created_at":"2019-02-06T10:49:29-08:00","entry_id":18734,"field1":"-11.125","field2":"-12.375"},{"created_at":"2019-02-06T10:59:05-08:00","entry_id":18735,"field1":"-11.125","field2":"-12.25"},{"created_at":"2019-02-06T11:08:41-08:00","entry_id":18736,"field1":"-11.125","field2":"-12.125"},{"created_at":"2019-02-06T11:18:17-08:00","entry_id":18737,"field1":"-11.125","field2":"-12.125"},{"created_at":"2019-02-06T11:27:54-08:00","entry_id":18738,"field1":"-11.125","field2":"-11.9375"},{"created_at":"2019-02-06T11:37:30-08:00","entry_id":18739,"field1":"-11.0625","field2":"-11.625"},{"created_at":"2019-02-06T11:47:06-08:00","entry_id":18740,"field1":"-11.0625","field2":"-11.8125"},{"created_at":"2019-02-06T11:56:45-08:00","entry_id":18741,"field1":"-11.0625","field2":"-12.0625"},{"created_at":"2019-02-06T12:06:19-08:00","entry_id":18742,"field1":"-11","field2":"-11.8125"},{"created_at":"2019-02-06T12:15:55-08:00","entry_id":18743,"field1":"-11","field2":"-11.8125"},{"created_at":"2019-02-06T12:25:32-08:00","entry_id":18744,"field1":"-11","field2":"-12"},{"created_at":"2019-02-06T12:35:08-08:00","entry_id":18745,"field1":"-11","field2":"-11.9375"},{"created_at":"2019-02-06T12:44:47-08:00","entry_id":18746,"field1":"-10.9375","field2":"-11.75"},{"created_at":"2019-02-06T12:54:22-08:00","entry_id":18747,"field1":"-10.9375","field2":"-11.625"},{"created_at":"2019-02-06T13:04:02-08:00","entry_id":18748,"field1":"-10.9375","field2":"-11.25"},{"created_at":"2019-02-06T13:13:36-08:00","entry_id":18749,"field1":"-10.9375","field2":"-11.375"},{"created_at":"2019-02-06T13:23:12-08:00","entry_id":18750,"field1":"-10.875","field2":"-11.3125"},{"created_at":"2019-02-06T13:32:48-08:00","entry_id":18751,"field1":"-10.875","field2":"-11.0625"},{"created_at":"2019-02-06T13:42:28-08:00","entry_id":18752,"field1":"-10.875","field2":"-11.3125"},{"created_at":"2019-02-06T13:52:03-08:00","entry_id":18753,"field1":"-10.875","field2":"-11.125"},{"created_at":"2019-02-06T14:01:39-08:00","entry_id":18754,"field1":"-10.875","field2":"-11"},{"created_at":"2019-02-06T14:11:16-08:00","entry_id":18755,"field1":"-10.875","field2":"-10.9375"},{"created_at":"2019-02-06T14:20:53-08:00","entry_id":18756,"field1":"-10.875","field2":"-11.0625"},{"created_at":"2019-02-06T14:30:29-08:00","entry_id":18757,"field1":"-10.875","field2":"-10.9375"},{"created_at":"2019-02-06T14:40:05-08:00","entry_id":18758,"field1":"-10.875","field2":"-10.875"},{"created_at":"2019-02-06T14:49:40-08:00","entry_id":18759,"field1":"-10.875","field2":"-10.9375"},{"created_at":"2019-02-06T14:59:20-08:00","entry_id":18760,"field1":"-10.875","field2":"-11.1875"},{"created_at":"2019-02-06T15:08:59-08:00","entry_id":18761,"field1":"-10.875","field2":"-11.375"},{"created_at":"2019-02-06T15:18:36-08:00","entry_id":18762,"field1":"-10.875","field2":"-11.5625"},{"created_at":"2019-02-06T15:28:11-08:00","entry_id":18763,"field1":"-10.875","field2":"-11.875"},{"created_at":"2019-02-06T15:37:46-08:00","entry_id":18764,"field1":"-10.875","field2":"-12.0625"},{"created_at":"2019-02-06T15:47:23-08:00","entry_id":18765,"field1":"-10.9375","field2":"-12.1875"},{"created_at":"2019-02-06T15:56:59-08:00","entry_id":18766,"field1":"-10.875","field2":"-12.3125"},{"created_at":"2019-02-06T16:06:35-08:00","entry_id":18767,"field1":"-10.9375","field2":"-12.375"},{"created_at":"2019-02-06T16:16:11-08:00","entry_id":18768,"field1":"-10.9375","field2":"-12.4375"},{"created_at":"2019-02-06T16:25:48-08:00","entry_id":18769,"field1":"-10.9375","field2":"-12.625"},{"created_at":"2019-02-06T16:35:29-08:00","entry_id":18770,"field1":"-10.9375","field2":"-12.6875"},{"created_at":"2019-02-06T16:45:03-08:00","entry_id":18771,"field1":"-11","field2":"-12.8125"},{"created_at":"2019-02-06T16:54:39-08:00","entry_id":18772,"field1":"-11","field2":"-12.9375"},{"created_at":"2019-02-06T17:04:20-08:00","entry_id":18773,"field1":"-11","field2":"-13"},{"created_at":"2019-02-06T17:13:57-08:00","entry_id":18774,"field1":"-11","field2":"-13.0625"},{"created_at":"2019-02-06T17:23:32-08:00","entry_id":18775,"field1":"-11","field2":"-13.1875"},{"created_at":"2019-02-06T17:33:07-08:00","entry_id":18776,"field1":"-11","field2":"-13.0625"},{"created_at":"2019-02-06T17:42:43-08:00","entry_id":18777,"field1":"-11.0625","field2":"-13"},{"created_at":"2019-02-06T17:52:19-08:00","entry_id":18778,"field1":"-11.0625","field2":"-13.1875"},{"created_at":"2019-02-06T18:01:59-08:00","entry_id":18779,"field1":"-11.0625","field2":"-13.1875"},{"created_at":"2019-02-06T18:11:33-08:00","entry_id":18780,"field1":"-11.0625","field2":"-13.1875"},{"created_at":"2019-02-06T18:21:09-08:00","entry_id":18781,"field1":"-11.0625","field2":"-13.125"},{"created_at":"2019-02-06T18:30:46-08:00","entry_id":18782,"field1":"-11.0625","field2":"-13.3125"},{"created_at":"2019-02-06T18:40:21-08:00","entry_id":18783,"field1":"-11.125","field2":"-13.4375"},{"created_at":"2019-02-06T18:49:58-08:00","entry_id":18784,"field1":"-11.125","field2":"-13.375"},{"created_at":"2019-02-06T18:59:33-08:00","entry_id":18785,"field1":"-11.125","field2":"-13.125"},{"created_at":"2019-02-06T19:09:10-08:00","entry_id":18786,"field1":"-11.125","field2":"-13.1875"},{"created_at":"2019-02-06T19:18:49-08:00","entry_id":18787,"field1":"-11.125","field2":"-13.25"},{"created_at":"2019-02-06T19:28:23-08:00","entry_id":18788,"field1":"-11.125","field2":"-13.4375"},{"created_at":"2019-02-06T19:38:00-08:00","entry_id":18789,"field1":"-11.125","field2":"-13.3125"},{"created_at":"2019-02-06T19:47:36-08:00","entry_id":18790,"field1":"-11.125","field2":"-13.3125"},{"created_at":"2019-02-06T19:57:11-08:00","entry_id":18791,"field1":"-11.125","field2":"-13.375"},{"created_at":"2019-02-06T20:06:48-08:00","entry_id":18792,"field1":"-11.1875","field2":"-13.625"},{"created_at":"2019-02-06T20:16:27-08:00","entry_id":18793,"field1":"-11.1875","field2":"-13.5625"},{"created_at":"2019-02-06T20:26:01-08:00","entry_id":18794,"field1":"-11.1875","field2":"-13.375"},{"created_at":"2019-02-06T20:35:37-08:00","entry_id":18795,"field1":"-11.1875","field2":"-13.8125"},{"created_at":"2019-02-06T20:45:18-08:00","entry_id":18796,"field1":"-11.25","field2":"-13.875"},{"created_at":"2019-02-06T20:54:53-08:00","entry_id":18797,"field1":"-11.25","field2":"-13.875"},{"created_at":"2019-02-06T21:04:29-08:00","entry_id":18798,"field1":"-11.25","field2":"-13.9375"},{"created_at":"2019-02-06T21:14:09-08:00","entry_id":18799,"field1":"-11.25","field2":"-13.8125"},{"created_at":"2019-02-06T21:23:44-08:00","entry_id":18800,"field1":"-11.25","field2":"-13.875"},{"created_at":"2019-02-06T21:33:19-08:00","entry_id":18801,"field1":"-11.25","field2":"-13.875"},{"created_at":"2019-02-06T21:42:59-08:00","entry_id":18802,"field1":"-11.3125","field2":"-13.875"},{"created_at":"2019-02-06T21:52:33-08:00","entry_id":18803,"field1":"-11.3125","field2":"-14.125"},{"created_at":"2019-02-06T22:02:09-08:00","entry_id":18804,"field1":"-11.3125","field2":"-14.0625"},{"created_at":"2019-02-06T22:11:47-08:00","entry_id":18805,"field1":"-11.3125","field2":"-14.0625"},{"created_at":"2019-02-06T22:21:22-08:00","entry_id":18806,"field1":"-11.3125","field2":"-13.9375"},{"created_at":"2019-02-06T22:30:59-08:00","entry_id":18807,"field1":"-11.375","field2":"-14.0625"},{"created_at":"2019-02-06T22:40:34-08:00","entry_id":18808,"field1":"-11.375","field2":"-14.1875"},{"created_at":"2019-02-06T22:50:11-08:00","entry_id":18809,"field1":"-11.375","field2":"-13.9375"},{"created_at":"2019-02-06T22:59:47-08:00","entry_id":18810,"field1":"-11.375","field2":"-13.6875"},{"created_at":"2019-02-06T23:09:28-08:00","entry_id":18811,"field1":"-11.375","field2":"-14.125"},{"created_at":"2019-02-06T23:19:02-08:00","entry_id":18812,"field1":"-11.4375","field2":"-14.0625"},{"created_at":"2019-02-06T23:28:37-08:00","entry_id":18813,"field1":"-11.375","field2":"-13.8125"},{"created_at":"2019-02-06T23:38:15-08:00","entry_id":18814,"field1":"-11.4375","field2":"-13.875"},{"created_at":"2019-02-06T23:47:55-08:00","entry_id":18815,"field1":"-11.4375","field2":"-13.875"},{"created_at":"2019-02-06T23:57:28-08:00","entry_id":18816,"field1":"-11.4375","field2":"-14.0625"}]}