{"channel":{"id":581842,"name":"Upstairs Small Window Indoor / Outdoor Sensor","latitude":"0.0","longitude":"0.0","field1":"Indoor Temperature","field2":"Outdoor Temperature","created_at":"2018-09-23T15:37:52-07:00","updated_at":"2020-07-27T05:59:41-07:00","last_entry_id":150129},"feeds":[{"created_at":"2020-11-23T00:06:22-08:00","entry_id":113633,"field1":"2.5625","field2":"1.4375"},{"created_at":"2020-11-23T00:15:59-08:00","entry_id":113634,"field1":"2.625","field2":"1.4375"},{"created_at":"2020-11-23T00:25:36-08:00","entry_id":113635,"field1":"2.625","field2":"1.4375"},{"created_at":"2020-11-23T00:35:11-08:00","entry_id":113636,"field1":"2.625","field2":"1.5"},{"created_at":"2020-11-23T00:44:48-08:00","entry_id":113637,"field1":"2.625","field2":"1.4375"},{"created_at":"2020-11-23T00:54:24-08:00","entry_id":113638,"field1":"2.5625","field2":"1.4375"},{"created_at":"2020-11-23T01:04:02-08:00","entry_id":113639,"field1":"2.625","field2":"1.375"},{"created_at":"2020-11-23T01:13:37-08:00","entry_id":113640,"field1":"2.625","field2":"1.4375"},{"created_at":"2020-11-23T01:23:15-08:00","entry_id":113641,"field1":"2.5625","field2":"1.4375"},{"created_at":"2020-11-23T01:32:51-08:00","entry_id":113642,"field1":"2.5625","field2":"1.3125"},{"created_at":"2020-11-23T01:42:27-08:00","entry_id":113643,"field1":"2.5625","field2":"1.3125"},{"created_at":"2020-11-23T01:52:06-08:00","entry_id":113644,"field1":"2.5625","field2":"1.375"},{"created_at":"2020-11-23T02:01:41-08:00","entry_id":113645,"field1":"2.5625","field2":"1.375"},{"created_at":"2020-11-23T02:11:17-08:00","entry_id":113646,"field1":"2.625","field2":"1.375"},{"created_at":"2020-11-23T02:20:55-08:00","entry_id":113647,"field1":"2.5625","field2":"1.3125"},{"created_at":"2020-11-23T02:30:32-08:00","entry_id":113648,"field1":"2.5625","field2":"1.3125"},{"created_at":"2020-11-23T02:40:09-08:00","entry_id":113649,"field1":"2.5625","field2":"1.3125"},{"created_at":"2020-11-23T02:49:46-08:00","entry_id":113650,"field1":"2.5625","field2":"1.3125"},{"created_at":"2020-11-23T02:59:21-08:00","entry_id":113651,"field1":"2.5625","field2":"1.3125"},{"created_at":"2020-11-23T03:09:00-08:00","entry_id":113652,"field1":"2.5625","field2":"1.25"},{"created_at":"2020-11-23T03:18:37-08:00","entry_id":113653,"field1":"2.625","field2":"1.3125"},{"created_at":"2020-11-23T03:28:12-08:00","entry_id":113654,"field1":"2.5625","field2":"1.1875"},{"created_at":"2020-11-23T03:37:48-08:00","entry_id":113655,"field1":"2.5625","field2":"1.125"},{"created_at":"2020-11-23T03:47:27-08:00","entry_id":113656,"field1":"2.5625","field2":"1.1875"},{"created_at":"2020-11-23T03:57:02-08:00","entry_id":113657,"field1":"2.5625","field2":"1.125"},{"created_at":"2020-11-23T04:06:38-08:00","entry_id":113658,"field1":"2.5625","field2":"1.125"},{"created_at":"2020-11-23T04:16:16-08:00","entry_id":113659,"field1":"2.5625","field2":"1.3125"},{"created_at":"2020-11-23T04:25:53-08:00","entry_id":113660,"field1":"2.5625","field2":"1.3125"},{"created_at":"2020-11-23T04:35:28-08:00","entry_id":113661,"field1":"2.5625","field2":"1.3125"},{"created_at":"2020-11-23T04:45:05-08:00","entry_id":113662,"field1":"2.5625","field2":"1.3125"},{"created_at":"2020-11-23T04:54:40-08:00","entry_id":113663,"field1":"2.5625","field2":"1.375"},{"created_at":"2020-11-23T05:04:17-08:00","entry_id":113664,"field1":"2.5","field2":"1.4375"},{"created_at":"2020-11-23T05:13:53-08:00","entry_id":113665,"field1":"2.5625","field2":"1.375"},{"created_at":"2020-11-23T05:23:30-08:00","entry_id":113666,"field1":"2.5625","field2":"1.4375"},{"created_at":"2020-11-23T05:33:05-08:00","entry_id":113667,"field1":"2.5","field2":"1.5"},{"created_at":"2020-11-23T05:42:43-08:00","entry_id":113668,"field1":"2.5","field2":"1.4375"},{"created_at":"2020-11-23T05:52:20-08:00","entry_id":113669,"field1":"2.5","field2":"1.4375"},{"created_at":"2020-11-23T06:01:57-08:00","entry_id":113670,"field1":"2.5","field2":"1.5"},{"created_at":"2020-11-23T06:11:34-08:00","entry_id":113671,"field1":"2.5625","field2":"1.5625"},{"created_at":"2020-11-23T06:21:11-08:00","entry_id":113672,"field1":"2.5625","field2":"1.5625"},{"created_at":"2020-11-23T06:30:46-08:00","entry_id":113673,"field1":"2.5","field2":"1.5625"},{"created_at":"2020-11-23T06:40:24-08:00","entry_id":113674,"field1":"2.5","field2":"1.5"},{"created_at":"2020-11-23T06:50:00-08:00","entry_id":113675,"field1":"2.5","field2":"1.5625"},{"created_at":"2020-11-23T06:59:37-08:00","entry_id":113676,"field1":"2.5","field2":"1.5625"},{"created_at":"2020-11-23T07:09:14-08:00","entry_id":113677,"field1":"2.5","field2":"1.5"},{"created_at":"2020-11-23T07:18:51-08:00","entry_id":113678,"field1":"2.5","field2":"1.4375"},{"created_at":"2020-11-23T07:28:26-08:00","entry_id":113679,"field1":"2.5","field2":"1.5"},{"created_at":"2020-11-23T07:38:04-08:00","entry_id":113680,"field1":"2.5","field2":"1.5"},{"created_at":"2020-11-23T07:47:42-08:00","entry_id":113681,"field1":"2.5","field2":"1.5625"},{"created_at":"2020-11-23T07:57:17-08:00","entry_id":113682,"field1":"2.5625","field2":"1.5625"},{"created_at":"2020-11-23T08:06:53-08:00","entry_id":113683,"field1":"2.5","field2":"1.5"},{"created_at":"2020-11-23T08:16:30-08:00","entry_id":113684,"field1":"2.5","field2":"1.5625"},{"created_at":"2020-11-23T08:26:07-08:00","entry_id":113685,"field1":"2.5625","field2":"1.625"},{"created_at":"2020-11-23T08:35:44-08:00","entry_id":113686,"field1":"2.5","field2":"1.625"},{"created_at":"2020-11-23T08:45:22-08:00","entry_id":113687,"field1":"2.5","field2":"1.625"},{"created_at":"2020-11-23T08:54:58-08:00","entry_id":113688,"field1":"2.5","field2":"1.625"},{"created_at":"2020-11-23T09:04:34-08:00","entry_id":113689,"field1":"2.5","field2":"1.6875"},{"created_at":"2020-11-23T09:14:10-08:00","entry_id":113690,"field1":"2.5","field2":"1.75"},{"created_at":"2020-11-23T09:23:46-08:00","entry_id":113691,"field1":"2.5","field2":"1.8125"},{"created_at":"2020-11-23T09:33:24-08:00","entry_id":113692,"field1":"2.5625","field2":"1.8125"},{"created_at":"2020-11-23T09:43:01-08:00","entry_id":113693,"field1":"2.5625","field2":"1.875"},{"created_at":"2020-11-23T09:52:38-08:00","entry_id":113694,"field1":"2.5625","field2":"1.9375"},{"created_at":"2020-11-23T10:02:15-08:00","entry_id":113695,"field1":"2.5625","field2":"1.9375"},{"created_at":"2020-11-23T10:11:50-08:00","entry_id":113696,"field1":"2.5625","field2":"2.0625"},{"created_at":"2020-11-23T10:21:26-08:00","entry_id":113697,"field1":"2.5625","field2":"2.0625"},{"created_at":"2020-11-23T10:31:05-08:00","entry_id":113698,"field1":"2.5625","field2":"2.0625"},{"created_at":"2020-11-23T10:40:40-08:00","entry_id":113699,"field1":"2.5625","field2":"2.0625"},{"created_at":"2020-11-23T10:50:17-08:00","entry_id":113700,"field1":"2.5625","field2":"2.0625"},{"created_at":"2020-11-23T10:59:54-08:00","entry_id":113701,"field1":"2.5625","field2":"2.0625"},{"created_at":"2020-11-23T11:09:32-08:00","entry_id":113702,"field1":"2.5625","field2":"2.125"},{"created_at":"2020-11-23T11:19:07-08:00","entry_id":113703,"field1":"2.5625","field2":"2.1875"},{"created_at":"2020-11-23T11:28:45-08:00","entry_id":113704,"field1":"2.5625","field2":"2.1875"},{"created_at":"2020-11-23T11:38:20-08:00","entry_id":113705,"field1":"2.5625","field2":"2.1875"},{"created_at":"2020-11-23T11:47:58-08:00","entry_id":113706,"field1":"2.5625","field2":"2.25"},{"created_at":"2020-11-23T11:57:35-08:00","entry_id":113707,"field1":"2.625","field2":"2.3125"},{"created_at":"2020-11-23T12:07:12-08:00","entry_id":113708,"field1":"2.625","field2":"2.375"},{"created_at":"2020-11-23T12:16:49-08:00","entry_id":113709,"field1":"2.625","field2":"2.375"},{"created_at":"2020-11-23T12:26:26-08:00","entry_id":113710,"field1":"2.625","field2":"2.4375"},{"created_at":"2020-11-23T12:36:01-08:00","entry_id":113711,"field1":"2.625","field2":"2.4375"},{"created_at":"2020-11-23T12:45:37-08:00","entry_id":113712,"field1":"2.625","field2":"2.5"},{"created_at":"2020-11-23T12:55:15-08:00","entry_id":113713,"field1":"2.6875","field2":"2.4375"},{"created_at":"2020-11-23T13:04:52-08:00","entry_id":113714,"field1":"2.6875","field2":"2.5625"},{"created_at":"2020-11-23T13:14:29-08:00","entry_id":113715,"field1":"2.6875","field2":"2.5"},{"created_at":"2020-11-23T13:24:04-08:00","entry_id":113716,"field1":"2.6875","field2":"2.5"},{"created_at":"2020-11-23T13:33:40-08:00","entry_id":113717,"field1":"2.6875","field2":"2.5625"},{"created_at":"2020-11-23T13:43:18-08:00","entry_id":113718,"field1":"2.6875","field2":"2.5625"},{"created_at":"2020-11-23T13:52:53-08:00","entry_id":113719,"field1":"2.6875","field2":"2.5625"},{"created_at":"2020-11-23T14:02:31-08:00","entry_id":113720,"field1":"2.6875","field2":"2.5625"},{"created_at":"2020-11-23T14:12:08-08:00","entry_id":113721,"field1":"2.6875","field2":"2.5625"},{"created_at":"2020-11-23T14:21:44-08:00","entry_id":113722,"field1":"2.75","field2":"2.5625"},{"created_at":"2020-11-23T14:31:21-08:00","entry_id":113723,"field1":"2.75","field2":"2.5625"},{"created_at":"2020-11-23T14:40:58-08:00","entry_id":113724,"field1":"2.75","field2":"2.5625"},{"created_at":"2020-11-23T14:50:33-08:00","entry_id":113725,"field1":"2.75","field2":"2.5625"},{"created_at":"2020-11-23T15:00:11-08:00","entry_id":113726,"field1":"2.75","field2":"2.5"},{"created_at":"2020-11-23T15:09:46-08:00","entry_id":113727,"field1":"2.75","field2":"2.375"},{"created_at":"2020-11-23T15:19:23-08:00","entry_id":113728,"field1":"2.75","field2":"2.3125"},{"created_at":"2020-11-23T15:29:01-08:00","entry_id":113729,"field1":"2.75","field2":"2.3125"},{"created_at":"2020-11-23T15:38:36-08:00","entry_id":113730,"field1":"2.8125","field2":"2.25"},{"created_at":"2020-11-23T15:48:14-08:00","entry_id":113731,"field1":"2.75","field2":"2.1875"},{"created_at":"2020-11-23T15:57:49-08:00","entry_id":113732,"field1":"2.8125","field2":"2.125"},{"created_at":"2020-11-23T16:07:26-08:00","entry_id":113733,"field1":"2.8125","field2":"2.125"},{"created_at":"2020-11-23T16:17:03-08:00","entry_id":113734,"field1":"2.8125","field2":"2.0625"},{"created_at":"2020-11-23T16:26:38-08:00","entry_id":113735,"field1":"2.8125","field2":"2.0625"},{"created_at":"2020-11-23T16:36:16-08:00","entry_id":113736,"field1":"2.8125","field2":"2"},{"created_at":"2020-11-23T16:45:53-08:00","entry_id":113737,"field1":"2.8125","field2":"2"},{"created_at":"2020-11-23T16:55:30-08:00","entry_id":113738,"field1":"2.8125","field2":"1.9375"},{"created_at":"2020-11-23T17:05:06-08:00","entry_id":113739,"field1":"2.8125","field2":"1.8125"},{"created_at":"2020-11-23T17:14:43-08:00","entry_id":113740,"field1":"2.8125","field2":"1.8125"},{"created_at":"2020-11-23T17:24:20-08:00","entry_id":113741,"field1":"2.8125","field2":"1.75"},{"created_at":"2020-11-23T17:33:56-08:00","entry_id":113742,"field1":"2.8125","field2":"1.6875"},{"created_at":"2020-11-23T17:43:34-08:00","entry_id":113743,"field1":"2.75","field2":"1.6875"},{"created_at":"2020-11-23T17:53:11-08:00","entry_id":113744,"field1":"2.8125","field2":"1.625"},{"created_at":"2020-11-23T18:02:47-08:00","entry_id":113745,"field1":"2.8125","field2":"1.5625"},{"created_at":"2020-11-23T18:12:24-08:00","entry_id":113746,"field1":"2.75","field2":"1.5625"},{"created_at":"2020-11-23T18:21:59-08:00","entry_id":113747,"field1":"2.75","field2":"1.5625"},{"created_at":"2020-11-23T18:31:35-08:00","entry_id":113748,"field1":"2.75","field2":"1.5625"},{"created_at":"2020-11-23T18:41:13-08:00","entry_id":113749,"field1":"2.75","field2":"1.5625"},{"created_at":"2020-11-23T18:50:48-08:00","entry_id":113750,"field1":"2.75","field2":"1.5625"},{"created_at":"2020-11-23T19:00:24-08:00","entry_id":113751,"field1":"2.75","field2":"1.5625"},{"created_at":"2020-11-23T19:10:00-08:00","entry_id":113752,"field1":"2.75","field2":"1.5"},{"created_at":"2020-11-23T19:19:38-08:00","entry_id":113753,"field1":"2.75","field2":"1.5"},{"created_at":"2020-11-23T19:29:14-08:00","entry_id":113754,"field1":"2.75","field2":"1.5"},{"created_at":"2020-11-23T19:38:51-08:00","entry_id":113755,"field1":"2.75","field2":"1.4375"},{"created_at":"2020-11-23T19:48:29-08:00","entry_id":113756,"field1":"2.75","field2":"1.5"},{"created_at":"2020-11-23T19:58:04-08:00","entry_id":113757,"field1":"2.75","field2":"1.4375"},{"created_at":"2020-11-23T20:07:40-08:00","entry_id":113758,"field1":"2.75","field2":"1.5"},{"created_at":"2020-11-23T20:17:16-08:00","entry_id":113759,"field1":"2.75","field2":"1.5"},{"created_at":"2020-11-23T20:26:52-08:00","entry_id":113760,"field1":"2.75","field2":"1.375"},{"created_at":"2020-11-23T20:36:28-08:00","entry_id":113761,"field1":"2.75","field2":"1.4375"},{"created_at":"2020-11-23T20:46:06-08:00","entry_id":113762,"field1":"2.75","field2":"1.5"},{"created_at":"2020-11-23T20:55:43-08:00","entry_id":113763,"field1":"2.75","field2":"1.5625"},{"created_at":"2020-11-23T21:05:18-08:00","entry_id":113764,"field1":"2.75","field2":"1.5625"},{"created_at":"2020-11-23T21:14:54-08:00","entry_id":113765,"field1":"2.75","field2":"1.625"},{"created_at":"2020-11-23T21:24:32-08:00","entry_id":113766,"field1":"2.75","field2":"1.625"},{"created_at":"2020-11-23T21:34:09-08:00","entry_id":113767,"field1":"2.75","field2":"1.625"},{"created_at":"2020-11-23T21:43:44-08:00","entry_id":113768,"field1":"2.75","field2":"1.5625"},{"created_at":"2020-11-23T21:53:20-08:00","entry_id":113769,"field1":"2.75","field2":"1.625"},{"created_at":"2020-11-23T22:02:57-08:00","entry_id":113770,"field1":"2.75","field2":"1.6875"},{"created_at":"2020-11-23T22:12:34-08:00","entry_id":113771,"field1":"2.75","field2":"1.75"},{"created_at":"2020-11-23T22:22:12-08:00","entry_id":113772,"field1":"2.75","field2":"1.8125"},{"created_at":"2020-11-23T22:31:49-08:00","entry_id":113773,"field1":"2.75","field2":"1.75"},{"created_at":"2020-11-23T22:41:26-08:00","entry_id":113774,"field1":"2.75","field2":"1.8125"},{"created_at":"2020-11-23T22:51:02-08:00","entry_id":113775,"field1":"2.75","field2":"1.9375"},{"created_at":"2020-11-23T23:00:39-08:00","entry_id":113776,"field1":"2.75","field2":"1.9375"},{"created_at":"2020-11-23T23:10:16-08:00","entry_id":113777,"field1":"2.75","field2":"1.9375"},{"created_at":"2020-11-23T23:19:52-08:00","entry_id":113778,"field1":"2.75","field2":"2"},{"created_at":"2020-11-23T23:29:29-08:00","entry_id":113779,"field1":"2.75","field2":"2"},{"created_at":"2020-11-23T23:39:04-08:00","entry_id":113780,"field1":"2.75","field2":"2"},{"created_at":"2020-11-23T23:48:41-08:00","entry_id":113781,"field1":"2.6875","field2":"2"},{"created_at":"2020-11-23T23:58:17-08:00","entry_id":113782,"field1":"2.75","field2":"2"}]}