{"channel":{"id":581842,"name":"Upstairs Small Window Indoor / Outdoor Sensor","latitude":"0.0","longitude":"0.0","field1":"Indoor Temperature","field2":"Outdoor Temperature","created_at":"2018-09-23T15:37:52-07:00","updated_at":"2020-07-27T05:59:41-07:00","last_entry_id":282499},"feeds":[{"created_at":"2024-01-21T00:08:28-08:00","entry_id":282219,"field1":"-4","field2":"-2.5"},{"created_at":"2024-01-21T00:18:06-08:00","entry_id":282220,"field1":"-4","field2":"-2.5"},{"created_at":"2024-01-21T00:27:43-08:00","entry_id":282221,"field1":"-4","field2":"-2.5"},{"created_at":"2024-01-21T00:37:18-08:00","entry_id":282222,"field1":"-4","field2":"-2.5"},{"created_at":"2024-01-21T00:46:53-08:00","entry_id":282223,"field1":"-4","field2":"-2.5"},{"created_at":"2024-01-21T00:56:29-08:00","entry_id":282224,"field1":"-4","field2":"-2.5"},{"created_at":"2024-01-21T01:06:07-08:00","entry_id":282225,"field1":"-3.9375","field2":"-2.5"},{"created_at":"2024-01-21T01:15:42-08:00","entry_id":282226,"field1":"-3.9375","field2":"-2.5625"},{"created_at":"2024-01-21T01:25:20-08:00","entry_id":282227,"field1":"-3.9375","field2":"-2.5625"},{"created_at":"2024-01-21T01:34:56-08:00","entry_id":282228,"field1":"-3.9375","field2":"-2.625"},{"created_at":"2024-01-21T01:44:32-08:00","entry_id":282229,"field1":"-3.875","field2":"-2.625"},{"created_at":"2024-01-21T01:54:10-08:00","entry_id":282230,"field1":"-3.875","field2":"-2.625"},{"created_at":"2024-01-21T02:03:45-08:00","entry_id":282231,"field1":"-3.875","field2":"-2.625"},{"created_at":"2024-01-21T02:13:23-08:00","entry_id":282232,"field1":"-3.875","field2":"-2.625"},{"created_at":"2024-01-21T02:22:58-08:00","entry_id":282233,"field1":"-3.875","field2":"-2.75"},{"created_at":"2024-01-21T02:32:36-08:00","entry_id":282234,"field1":"-3.875","field2":"-2.6875"},{"created_at":"2024-01-21T02:42:11-08:00","entry_id":282235,"field1":"-3.875","field2":"-2.625"},{"created_at":"2024-01-21T02:51:49-08:00","entry_id":282236,"field1":"-3.875","field2":"-2.5625"},{"created_at":"2024-01-21T03:01:26-08:00","entry_id":282237,"field1":"-3.8125","field2":"-2.5625"},{"created_at":"2024-01-21T03:11:01-08:00","entry_id":282238,"field1":"-3.8125","field2":"-2.5"},{"created_at":"2024-01-21T03:20:39-08:00","entry_id":282239,"field1":"-3.8125","field2":"-2.4375"},{"created_at":"2024-01-21T03:30:14-08:00","entry_id":282240,"field1":"-3.8125","field2":"-2.3125"},{"created_at":"2024-01-21T03:39:52-08:00","entry_id":282241,"field1":"-3.8125","field2":"-2.125"},{"created_at":"2024-01-21T03:49:28-08:00","entry_id":282242,"field1":"-3.8125","field2":"-2"},{"created_at":"2024-01-21T03:59:04-08:00","entry_id":282243,"field1":"-3.75","field2":"-1.9375"},{"created_at":"2024-01-21T04:08:40-08:00","entry_id":282244,"field1":"-3.75","field2":"-2.0625"},{"created_at":"2024-01-21T04:18:16-08:00","entry_id":282245,"field1":"-3.75","field2":"-2.125"},{"created_at":"2024-01-21T04:27:53-08:00","entry_id":282246,"field1":"-3.6875","field2":"-2.1875"},{"created_at":"2024-01-21T04:37:30-08:00","entry_id":282247,"field1":"-3.6875","field2":"-2.1875"},{"created_at":"2024-01-21T04:47:07-08:00","entry_id":282248,"field1":"-3.6875","field2":"-2.125"},{"created_at":"2024-01-21T04:56:44-08:00","entry_id":282249,"field1":"-3.6875","field2":"-2.0625"},{"created_at":"2024-01-21T05:06:21-08:00","entry_id":282250,"field1":"-3.6875","field2":"-2.0625"},{"created_at":"2024-01-21T05:15:56-08:00","entry_id":282251,"field1":"-3.625","field2":"-2.0625"},{"created_at":"2024-01-21T05:25:32-08:00","entry_id":282252,"field1":"-3.625","field2":"-2.125"},{"created_at":"2024-01-21T05:35:10-08:00","entry_id":282253,"field1":"-3.625","field2":"-2.1875"},{"created_at":"2024-01-21T05:44:45-08:00","entry_id":282254,"field1":"-3.625","field2":"-2.1875"},{"created_at":"2024-01-21T05:54:21-08:00","entry_id":282255,"field1":"-3.625","field2":"-2.1875"},{"created_at":"2024-01-21T06:03:57-08:00","entry_id":282256,"field1":"-3.5625","field2":"-2.1875"},{"created_at":"2024-01-21T06:13:33-08:00","entry_id":282257,"field1":"-3.5625","field2":"-2.1875"},{"created_at":"2024-01-21T06:23:11-08:00","entry_id":282258,"field1":"-3.5625","field2":"-2.1875"},{"created_at":"2024-01-21T06:32:46-08:00","entry_id":282259,"field1":"-3.5625","field2":"-2.1875"},{"created_at":"2024-01-21T06:42:24-08:00","entry_id":282260,"field1":"-3.5625","field2":"-2.1875"},{"created_at":"2024-01-21T06:52:01-08:00","entry_id":282261,"field1":"-3.5625","field2":"-2.25"},{"created_at":"2024-01-21T07:01:36-08:00","entry_id":282262,"field1":"-3.5625","field2":"-2.25"},{"created_at":"2024-01-21T07:11:12-08:00","entry_id":282263,"field1":"-3.5","field2":"-2.25"},{"created_at":"2024-01-21T07:20:50-08:00","entry_id":282264,"field1":"-3.5","field2":"-2.25"},{"created_at":"2024-01-21T07:30:25-08:00","entry_id":282265,"field1":"-3.5","field2":"-2.1875"},{"created_at":"2024-01-21T07:40:03-08:00","entry_id":282266,"field1":"-3.5","field2":"-2.1875"},{"created_at":"2024-01-21T07:49:41-08:00","entry_id":282267,"field1":"-3.5","field2":"-2.1875"},{"created_at":"2024-01-21T07:59:17-08:00","entry_id":282268,"field1":"-3.5","field2":"-2.125"},{"created_at":"2024-01-21T08:08:54-08:00","entry_id":282269,"field1":"-3.4375","field2":"-2.0625"},{"created_at":"2024-01-21T08:18:30-08:00","entry_id":282270,"field1":"-3.4375","field2":"-2"},{"created_at":"2024-01-21T08:28:07-08:00","entry_id":282271,"field1":"-3.4375","field2":"-1.9375"},{"created_at":"2024-01-21T08:37:42-08:00","entry_id":282272,"field1":"-3.4375","field2":"-1.8125"},{"created_at":"2024-01-21T08:47:18-08:00","entry_id":282273,"field1":"-3.375","field2":"-1.6875"},{"created_at":"2024-01-21T08:56:54-08:00","entry_id":282274,"field1":"-3.375","field2":"-1.6875"},{"created_at":"2024-01-21T09:06:32-08:00","entry_id":282275,"field1":"-3.375","field2":"-1.5625"},{"created_at":"2024-01-21T09:16:08-08:00","entry_id":282276,"field1":"-3.375","field2":"-1.375"},{"created_at":"2024-01-21T09:25:44-08:00","entry_id":282277,"field1":"-3.3125","field2":"-1.25"},{"created_at":"2024-01-21T09:35:22-08:00","entry_id":282278,"field1":"-3.3125","field2":"-1"},{"created_at":"2024-01-21T09:44:57-08:00","entry_id":282279,"field1":"-3.25","field2":"-0.8125"},{"created_at":"2024-01-21T09:54:36-08:00","entry_id":282280,"field1":"-3.25","field2":"-0.9375"},{"created_at":"2024-01-21T10:04:13-08:00","entry_id":282281,"field1":"-3.1875","field2":"-0.875"},{"created_at":"2024-01-21T10:13:48-08:00","entry_id":282282,"field1":"-3.1875","field2":"-0.75"},{"created_at":"2024-01-21T10:23:24-08:00","entry_id":282283,"field1":"-3.1875","field2":"-0.6875"},{"created_at":"2024-01-21T10:33:01-08:00","entry_id":282284,"field1":"-3.125","field2":"-0.625"},{"created_at":"2024-01-21T10:42:39-08:00","entry_id":282285,"field1":"-3.125","field2":"-0.625"},{"created_at":"2024-01-21T10:52:15-08:00","entry_id":282286,"field1":"-3.0625","field2":"-0.6875"},{"created_at":"2024-01-21T11:01:51-08:00","entry_id":282287,"field1":"-3.0625","field2":"-0.75"},{"created_at":"2024-01-21T11:11:27-08:00","entry_id":282288,"field1":"-3","field2":"-0.625"},{"created_at":"2024-01-21T11:21:04-08:00","entry_id":282289,"field1":"-3","field2":"-0.625"},{"created_at":"2024-01-21T11:30:42-08:00","entry_id":282290,"field1":"-2.9375","field2":"-0.5"},{"created_at":"2024-01-21T11:40:19-08:00","entry_id":282291,"field1":"-2.9375","field2":"-0.5"},{"created_at":"2024-01-21T11:49:55-08:00","entry_id":282292,"field1":"-2.875","field2":"-0.4375"},{"created_at":"2024-01-21T11:59:32-08:00","entry_id":282293,"field1":"-2.875","field2":"-0.4375"},{"created_at":"2024-01-21T12:09:09-08:00","entry_id":282294,"field1":"-2.8125","field2":"-0.375"},{"created_at":"2024-01-21T12:18:45-08:00","entry_id":282295,"field1":"-2.8125","field2":"-0.3125"},{"created_at":"2024-01-21T12:28:22-08:00","entry_id":282296,"field1":"-2.75","field2":"-0.3125"},{"created_at":"2024-01-21T12:37:57-08:00","entry_id":282297,"field1":"-2.75","field2":"-0.25"},{"created_at":"2024-01-21T12:47:35-08:00","entry_id":282298,"field1":"-2.6875","field2":"-0.25"},{"created_at":"2024-01-21T12:57:10-08:00","entry_id":282299,"field1":"-2.6875","field2":"-0.125"},{"created_at":"2024-01-21T13:06:47-08:00","entry_id":282300,"field1":"-2.625","field2":"-0.0625"},{"created_at":"2024-01-21T13:16:24-08:00","entry_id":282301,"field1":"-2.5625","field2":"0"},{"created_at":"2024-01-21T13:26:01-08:00","entry_id":282302,"field1":"-2.5625","field2":"-0.0625"},{"created_at":"2024-01-21T13:35:38-08:00","entry_id":282303,"field1":"-2.5","field2":"-0.0625"},{"created_at":"2024-01-21T13:45:13-08:00","entry_id":282304,"field1":"-2.5","field2":"-0.0625"},{"created_at":"2024-01-21T13:54:50-08:00","entry_id":282305,"field1":"-2.4375","field2":"0.0625"},{"created_at":"2024-01-21T14:04:26-08:00","entry_id":282306,"field1":"-2.4375","field2":"0.1875"},{"created_at":"2024-01-21T14:14:03-08:00","entry_id":282307,"field1":"-2.375","field2":"0.125"},{"created_at":"2024-01-21T14:23:40-08:00","entry_id":282308,"field1":"-2.375","field2":"0.375"},{"created_at":"2024-01-21T14:33:17-08:00","entry_id":282309,"field1":"-2.3125","field2":"0.25"},{"created_at":"2024-01-21T14:42:54-08:00","entry_id":282310,"field1":"-2.3125","field2":"0.125"},{"created_at":"2024-01-21T14:52:29-08:00","entry_id":282311,"field1":"-2.3125","field2":"0"},{"created_at":"2024-01-21T15:02:07-08:00","entry_id":282312,"field1":"-2.25","field2":"0.0625"},{"created_at":"2024-01-21T15:11:42-08:00","entry_id":282313,"field1":"-2.25","field2":"0"},{"created_at":"2024-01-21T15:21:20-08:00","entry_id":282314,"field1":"-2.25","field2":"-0.0625"},{"created_at":"2024-01-21T15:30:56-08:00","entry_id":282315,"field1":"-2.1875","field2":"-0.1875"},{"created_at":"2024-01-21T15:40:33-08:00","entry_id":282316,"field1":"-2.1875","field2":"-0.125"},{"created_at":"2024-01-21T15:50:10-08:00","entry_id":282317,"field1":"-2.1875","field2":"-0.1875"},{"created_at":"2024-01-21T15:59:47-08:00","entry_id":282318,"field1":"-2.1875","field2":"-0.3125"},{"created_at":"2024-01-21T16:09:24-08:00","entry_id":282319,"field1":"-2.1875","field2":"-0.375"},{"created_at":"2024-01-21T16:19:00-08:00","entry_id":282320,"field1":"-2.125","field2":"-0.4375"},{"created_at":"2024-01-21T16:28:37-08:00","entry_id":282321,"field1":"-2.125","field2":"-0.4375"},{"created_at":"2024-01-21T16:38:13-08:00","entry_id":282322,"field1":"-2.125","field2":"-0.5"},{"created_at":"2024-01-21T16:47:49-08:00","entry_id":282323,"field1":"-2.125","field2":"-0.5"},{"created_at":"2024-01-21T16:57:26-08:00","entry_id":282324,"field1":"-2.125","field2":"-0.5"},{"created_at":"2024-01-21T17:07:03-08:00","entry_id":282325,"field1":"-2.0625","field2":"-0.5"},{"created_at":"2024-01-21T17:16:40-08:00","entry_id":282326,"field1":"-2.0625","field2":"-0.5625"},{"created_at":"2024-01-21T17:26:17-08:00","entry_id":282327,"field1":"-2.0625","field2":"-0.5625"},{"created_at":"2024-01-21T17:35:54-08:00","entry_id":282328,"field1":"-2.0625","field2":"-0.5625"},{"created_at":"2024-01-21T17:45:31-08:00","entry_id":282329,"field1":"-2.0625","field2":"-0.5625"},{"created_at":"2024-01-21T17:55:06-08:00","entry_id":282330,"field1":"-2.0625","field2":"-0.625"},{"created_at":"2024-01-21T18:04:43-08:00","entry_id":282331,"field1":"-2","field2":"-0.6875"},{"created_at":"2024-01-21T18:14:19-08:00","entry_id":282332,"field1":"-2","field2":"-0.625"},{"created_at":"2024-01-21T18:23:55-08:00","entry_id":282333,"field1":"-2","field2":"-0.625"},{"created_at":"2024-01-21T18:33:31-08:00","entry_id":282334,"field1":"-2","field2":"-0.625"},{"created_at":"2024-01-21T18:43:09-08:00","entry_id":282335,"field1":"-2","field2":"-0.625"},{"created_at":"2024-01-21T18:52:44-08:00","entry_id":282336,"field1":"-2","field2":"-0.625"},{"created_at":"2024-01-21T19:02:22-08:00","entry_id":282337,"field1":"-2","field2":"-0.6875"},{"created_at":"2024-01-21T19:11:57-08:00","entry_id":282338,"field1":"-1.9375","field2":"-0.6875"},{"created_at":"2024-01-21T19:21:34-08:00","entry_id":282339,"field1":"-1.9375","field2":"-0.75"},{"created_at":"2024-01-21T19:31:11-08:00","entry_id":282340,"field1":"-1.9375","field2":"-0.75"},{"created_at":"2024-01-21T19:40:46-08:00","entry_id":282341,"field1":"-1.9375","field2":"-0.6875"},{"created_at":"2024-01-21T19:50:22-08:00","entry_id":282342,"field1":"-1.9375","field2":"-0.6875"},{"created_at":"2024-01-21T19:59:59-08:00","entry_id":282343,"field1":"-1.9375","field2":"-0.6875"},{"created_at":"2024-01-21T20:09:36-08:00","entry_id":282344,"field1":"-1.9375","field2":"-0.6875"},{"created_at":"2024-01-21T20:19:11-08:00","entry_id":282345,"field1":"-1.9375","field2":"-0.625"},{"created_at":"2024-01-21T20:28:48-08:00","entry_id":282346,"field1":"-1.9375","field2":"-0.625"},{"created_at":"2024-01-21T20:38:24-08:00","entry_id":282347,"field1":"-1.875","field2":"-0.625"},{"created_at":"2024-01-21T20:48:02-08:00","entry_id":282348,"field1":"-1.875","field2":"-0.5625"},{"created_at":"2024-01-21T20:57:37-08:00","entry_id":282349,"field1":"-1.875","field2":"-0.5"},{"created_at":"2024-01-21T21:07:14-08:00","entry_id":282350,"field1":"-1.875","field2":"-0.5"},{"created_at":"2024-01-21T21:16:50-08:00","entry_id":282351,"field1":"-1.875","field2":"-0.4375"},{"created_at":"2024-01-21T21:26:26-08:00","entry_id":282352,"field1":"-1.875","field2":"-0.5"},{"created_at":"2024-01-21T21:36:04-08:00","entry_id":282353,"field1":"-1.8125","field2":"-0.5"},{"created_at":"2024-01-21T21:45:40-08:00","entry_id":282354,"field1":"-1.8125","field2":"-0.4375"},{"created_at":"2024-01-21T21:55:16-08:00","entry_id":282355,"field1":"-1.8125","field2":"-0.4375"},{"created_at":"2024-01-21T22:04:53-08:00","entry_id":282356,"field1":"-1.8125","field2":"-0.4375"},{"created_at":"2024-01-21T22:14:30-08:00","entry_id":282357,"field1":"-1.8125","field2":"-0.5"},{"created_at":"2024-01-21T22:24:05-08:00","entry_id":282358,"field1":"-1.75","field2":"-0.4375"},{"created_at":"2024-01-21T22:33:43-08:00","entry_id":282359,"field1":"-1.75","field2":"-0.4375"},{"created_at":"2024-01-21T22:43:20-08:00","entry_id":282360,"field1":"-1.75","field2":"-0.4375"},{"created_at":"2024-01-21T22:52:56-08:00","entry_id":282361,"field1":"-1.75","field2":"-0.4375"},{"created_at":"2024-01-21T23:02:32-08:00","entry_id":282362,"field1":"-1.75","field2":"-0.4375"},{"created_at":"2024-01-21T23:12:10-08:00","entry_id":282363,"field1":"-1.75","field2":"-0.5"},{"created_at":"2024-01-21T23:21:47-08:00","entry_id":282364,"field1":"-1.75","field2":"-0.4375"},{"created_at":"2024-01-21T23:31:23-08:00","entry_id":282365,"field1":"-1.75","field2":"-0.5"},{"created_at":"2024-01-21T23:40:58-08:00","entry_id":282366,"field1":"-1.6875","field2":"-0.5"},{"created_at":"2024-01-21T23:50:36-08:00","entry_id":282367,"field1":"-1.6875","field2":"-0.5"}]}