{"channel":{"id":581842,"name":"Upstairs Small Window Indoor / Outdoor Sensor","latitude":"0.0","longitude":"0.0","field1":"Indoor Temperature","field2":"Outdoor Temperature","created_at":"2018-09-23T15:37:52-07:00","updated_at":"2020-07-27T05:59:41-07:00","last_entry_id":150129},"feeds":[{"created_at":"2021-03-12T00:07:30-08:00","entry_id":128707,"field1":"3.125","field2":"-1.1875"},{"created_at":"2021-03-12T00:17:07-08:00","entry_id":128708,"field1":"3.0625","field2":"-1.375"},{"created_at":"2021-03-12T00:26:44-08:00","entry_id":128709,"field1":"3.0625","field2":"-1.5"},{"created_at":"2021-03-12T00:36:20-08:00","entry_id":128710,"field1":"3.0625","field2":"-1.5625"},{"created_at":"2021-03-12T00:45:56-08:00","entry_id":128711,"field1":"3","field2":"-1.5625"},{"created_at":"2021-03-12T00:55:34-08:00","entry_id":128712,"field1":"3","field2":"-1.625"},{"created_at":"2021-03-12T01:05:10-08:00","entry_id":128713,"field1":"2.9375","field2":"-1.6875"},{"created_at":"2021-03-12T01:14:47-08:00","entry_id":128714,"field1":"2.9375","field2":"-1.6875"},{"created_at":"2021-03-12T01:24:25-08:00","entry_id":128715,"field1":"2.9375","field2":"-1.75"},{"created_at":"2021-03-12T01:34:00-08:00","entry_id":128716,"field1":"2.875","field2":"-1.5"},{"created_at":"2021-03-12T01:43:36-08:00","entry_id":128717,"field1":"2.875","field2":"-1.625"},{"created_at":"2021-03-12T01:53:15-08:00","entry_id":128718,"field1":"2.8125","field2":"-1.75"},{"created_at":"2021-03-12T02:02:52-08:00","entry_id":128719,"field1":"2.8125","field2":"-1.9375"},{"created_at":"2021-03-12T02:12:28-08:00","entry_id":128720,"field1":"2.75","field2":"-2"},{"created_at":"2021-03-12T02:22:03-08:00","entry_id":128721,"field1":"2.75","field2":"-1.875"},{"created_at":"2021-03-12T02:31:41-08:00","entry_id":128722,"field1":"2.6875","field2":"-1.8125"},{"created_at":"2021-03-12T02:41:16-08:00","entry_id":128723,"field1":"2.6875","field2":"-1.6875"},{"created_at":"2021-03-12T02:50:52-08:00","entry_id":128724,"field1":"2.6875","field2":"-1.75"},{"created_at":"2021-03-12T03:00:30-08:00","entry_id":128725,"field1":"2.625","field2":"-1.625"},{"created_at":"2021-03-12T03:10:07-08:00","entry_id":128726,"field1":"2.625","field2":"-1.625"},{"created_at":"2021-03-12T03:19:42-08:00","entry_id":128727,"field1":"2.625","field2":"-1.4375"},{"created_at":"2021-03-12T03:29:20-08:00","entry_id":128728,"field1":"2.5625","field2":"-1.375"},{"created_at":"2021-03-12T03:38:57-08:00","entry_id":128729,"field1":"2.5625","field2":"-1.375"},{"created_at":"2021-03-12T03:48:33-08:00","entry_id":128730,"field1":"2.5","field2":"-1.4375"},{"created_at":"2021-03-12T03:58:11-08:00","entry_id":128731,"field1":"2.5","field2":"-1.4375"},{"created_at":"2021-03-12T04:07:46-08:00","entry_id":128732,"field1":"2.5","field2":"-1.375"},{"created_at":"2021-03-12T04:17:23-08:00","entry_id":128733,"field1":"2.4375","field2":"-1.1875"},{"created_at":"2021-03-12T04:27:00-08:00","entry_id":128734,"field1":"2.4375","field2":"-1.1875"},{"created_at":"2021-03-12T04:36:36-08:00","entry_id":128735,"field1":"2.4375","field2":"-1.375"},{"created_at":"2021-03-12T04:46:14-08:00","entry_id":128736,"field1":"2.375","field2":"-1.375"},{"created_at":"2021-03-12T04:55:49-08:00","entry_id":128737,"field1":"2.375","field2":"-1.375"},{"created_at":"2021-03-12T05:05:27-08:00","entry_id":128738,"field1":"2.375","field2":"-1.3125"},{"created_at":"2021-03-12T05:15:02-08:00","entry_id":128739,"field1":"2.3125","field2":"-1.3125"},{"created_at":"2021-03-12T05:24:40-08:00","entry_id":128740,"field1":"2.3125","field2":"-1.25"},{"created_at":"2021-03-12T05:34:17-08:00","entry_id":128741,"field1":"2.3125","field2":"-1.0625"},{"created_at":"2021-03-12T05:43:52-08:00","entry_id":128742,"field1":"2.3125","field2":"-1.125"},{"created_at":"2021-03-12T05:53:30-08:00","entry_id":128743,"field1":"2.25","field2":"-1.0625"},{"created_at":"2021-03-12T06:03:06-08:00","entry_id":128744,"field1":"2.25","field2":"-1"},{"created_at":"2021-03-12T06:12:44-08:00","entry_id":128745,"field1":"2.25","field2":"-1"},{"created_at":"2021-03-12T06:22:21-08:00","entry_id":128746,"field1":"2.1875","field2":"-1"},{"created_at":"2021-03-12T06:31:56-08:00","entry_id":128747,"field1":"2.1875","field2":"-0.9375"},{"created_at":"2021-03-12T06:41:32-08:00","entry_id":128748,"field1":"2.1875","field2":"-0.8125"},{"created_at":"2021-03-12T06:51:10-08:00","entry_id":128749,"field1":"2.1875","field2":"-0.625"},{"created_at":"2021-03-12T07:00:45-08:00","entry_id":128750,"field1":"2.1875","field2":"-0.5"},{"created_at":"2021-03-12T07:10:23-08:00","entry_id":128751,"field1":"2.1875","field2":"-0.1875"},{"created_at":"2021-03-12T07:20:00-08:00","entry_id":128752,"field1":"2.125","field2":"-0.0625"},{"created_at":"2021-03-12T07:29:35-08:00","entry_id":128753,"field1":"2.1875","field2":"0.25"},{"created_at":"2021-03-12T07:39:13-08:00","entry_id":128754,"field1":"2.1875","field2":"0.25"},{"created_at":"2021-03-12T07:48:50-08:00","entry_id":128755,"field1":"2.1875","field2":"0.125"},{"created_at":"2021-03-12T07:58:27-08:00","entry_id":128756,"field1":"2.1875","field2":"0.25"},{"created_at":"2021-03-12T08:08:02-08:00","entry_id":128757,"field1":"2.1875","field2":"0.375"},{"created_at":"2021-03-12T08:17:39-08:00","entry_id":128758,"field1":"2.1875","field2":"0.625"},{"created_at":"2021-03-12T08:27:16-08:00","entry_id":128759,"field1":"2.25","field2":"0.9375"},{"created_at":"2021-03-12T08:36:54-08:00","entry_id":128760,"field1":"2.3125","field2":"1.375"},{"created_at":"2021-03-12T08:46:30-08:00","entry_id":128761,"field1":"2.375","field2":"2.5"},{"created_at":"2021-03-12T08:56:06-08:00","entry_id":128762,"field1":"2.5625","field2":"2.25"},{"created_at":"2021-03-12T09:05:42-08:00","entry_id":128763,"field1":"2.8125","field2":"2.25"},{"created_at":"2021-03-12T09:15:20-08:00","entry_id":128764,"field1":"3.125","field2":"2.0625"},{"created_at":"2021-03-12T09:24:56-08:00","entry_id":128765,"field1":"3.0625","field2":"1.75"},{"created_at":"2021-03-12T09:34:33-08:00","entry_id":128766,"field1":"3.125","field2":"2.125"},{"created_at":"2021-03-12T09:44:11-08:00","entry_id":128767,"field1":"3.3125","field2":"2.5625"},{"created_at":"2021-03-12T09:53:48-08:00","entry_id":128768,"field1":"3.3125","field2":"3.4375"},{"created_at":"2021-03-12T10:03:25-08:00","entry_id":128769,"field1":"3.3125","field2":"2.8125"},{"created_at":"2021-03-12T10:13:02-08:00","entry_id":128770,"field1":"3.375","field2":"2.875"},{"created_at":"2021-03-12T10:22:39-08:00","entry_id":128771,"field1":"3.4375","field2":"2.8125"},{"created_at":"2021-03-12T10:32:16-08:00","entry_id":128772,"field1":"3.4375","field2":"2.625"},{"created_at":"2021-03-12T10:41:53-08:00","entry_id":128773,"field1":"3.5625","field2":"3.3125"},{"created_at":"2021-03-12T10:51:30-08:00","entry_id":128774,"field1":"3.6875","field2":"4"},{"created_at":"2021-03-12T11:01:08-08:00","entry_id":128775,"field1":"3.75","field2":"4.125"},{"created_at":"2021-03-12T11:10:45-08:00","entry_id":128776,"field1":"3.875","field2":"3.5"},{"created_at":"2021-03-12T11:20:22-08:00","entry_id":128777,"field1":"3.875","field2":"3.8125"},{"created_at":"2021-03-12T11:29:59-08:00","entry_id":128778,"field1":"3.9375","field2":"4.375"},{"created_at":"2021-03-12T11:39:36-08:00","entry_id":128779,"field1":"4","field2":"4.5"},{"created_at":"2021-03-12T11:49:13-08:00","entry_id":128780,"field1":"4.0625","field2":"4.875"},{"created_at":"2021-03-12T11:58:50-08:00","entry_id":128781,"field1":"4.0625","field2":"4.3125"},{"created_at":"2021-03-12T12:08:25-08:00","entry_id":128782,"field1":"4.125","field2":"3.875"},{"created_at":"2021-03-12T12:18:03-08:00","entry_id":128783,"field1":"4.125","field2":"4.125"},{"created_at":"2021-03-12T12:27:39-08:00","entry_id":128784,"field1":"4.125","field2":"4.0625"},{"created_at":"2021-03-12T12:37:16-08:00","entry_id":128785,"field1":"4.125","field2":"4.5625"},{"created_at":"2021-03-12T12:46:53-08:00","entry_id":128786,"field1":"4.1875","field2":"4.5625"},{"created_at":"2021-03-12T12:56:29-08:00","entry_id":128787,"field1":"4.1875","field2":"4.375"},{"created_at":"2021-03-12T13:06:05-08:00","entry_id":128788,"field1":"4.25","field2":"4.125"},{"created_at":"2021-03-12T13:15:43-08:00","entry_id":128789,"field1":"4.25","field2":"4.1875"},{"created_at":"2021-03-12T13:25:20-08:00","entry_id":128790,"field1":"4.25","field2":"5.125"},{"created_at":"2021-03-12T13:34:58-08:00","entry_id":128791,"field1":"4.25","field2":"6.25"},{"created_at":"2021-03-12T13:44:34-08:00","entry_id":128792,"field1":"4.25","field2":"6.3125"},{"created_at":"2021-03-12T13:54:12-08:00","entry_id":128793,"field1":"4.3125","field2":"7"},{"created_at":"2021-03-12T14:03:49-08:00","entry_id":128794,"field1":"4.3125","field2":"5.5625"},{"created_at":"2021-03-12T14:13:26-08:00","entry_id":128795,"field1":"4.375","field2":"6.0625"},{"created_at":"2021-03-12T14:23:02-08:00","entry_id":128796,"field1":"4.375","field2":"5.8125"},{"created_at":"2021-03-12T14:32:39-08:00","entry_id":128797,"field1":"4.375","field2":"6.1875"},{"created_at":"2021-03-12T14:42:16-08:00","entry_id":128798,"field1":"4.4375","field2":"5.3125"},{"created_at":"2021-03-12T14:51:52-08:00","entry_id":128799,"field1":"4.4375","field2":"5.9375"},{"created_at":"2021-03-12T15:01:30-08:00","entry_id":128800,"field1":"4.4375","field2":"6.0625"},{"created_at":"2021-03-12T15:11:07-08:00","entry_id":128801,"field1":"4.4375","field2":"6.25"},{"created_at":"2021-03-12T15:20:43-08:00","entry_id":128802,"field1":"4.5","field2":"6.1875"},{"created_at":"2021-03-12T15:30:21-08:00","entry_id":128803,"field1":"4.5","field2":"5.875"},{"created_at":"2021-03-12T15:39:58-08:00","entry_id":128804,"field1":"4.5","field2":"6.0625"},{"created_at":"2021-03-12T15:49:35-08:00","entry_id":128805,"field1":"4.5","field2":"5.125"},{"created_at":"2021-03-12T15:59:12-08:00","entry_id":128806,"field1":"4.5","field2":"4.8125"},{"created_at":"2021-03-12T16:08:50-08:00","entry_id":128807,"field1":"4.5","field2":"5.0625"},{"created_at":"2021-03-12T16:18:27-08:00","entry_id":128808,"field1":"4.5625","field2":"5.1875"},{"created_at":"2021-03-12T16:28:04-08:00","entry_id":128809,"field1":"4.5625","field2":"5.25"},{"created_at":"2021-03-12T16:37:41-08:00","entry_id":128810,"field1":"4.5625","field2":"5.125"},{"created_at":"2021-03-12T16:47:18-08:00","entry_id":128811,"field1":"4.5","field2":"5"},{"created_at":"2021-03-12T16:56:55-08:00","entry_id":128812,"field1":"4.5","field2":"5"},{"created_at":"2021-03-12T17:06:32-08:00","entry_id":128813,"field1":"4.5625","field2":"4.8125"},{"created_at":"2021-03-12T17:16:09-08:00","entry_id":128814,"field1":"4.5","field2":"4.8125"},{"created_at":"2021-03-12T17:25:44-08:00","entry_id":128815,"field1":"4.5","field2":"4.6875"},{"created_at":"2021-03-12T17:35:20-08:00","entry_id":128816,"field1":"4.5","field2":"4.375"},{"created_at":"2021-03-12T17:44:58-08:00","entry_id":128817,"field1":"4.4375","field2":"4.125"},{"created_at":"2021-03-12T17:54:36-08:00","entry_id":128818,"field1":"4.4375","field2":"4.1875"},{"created_at":"2021-03-12T18:04:12-08:00","entry_id":128819,"field1":"4.4375","field2":"4"},{"created_at":"2021-03-12T18:13:50-08:00","entry_id":128820,"field1":"4.4375","field2":"3.8125"},{"created_at":"2021-03-12T18:23:26-08:00","entry_id":128821,"field1":"4.4375","field2":"3.75"},{"created_at":"2021-03-12T18:33:02-08:00","entry_id":128822,"field1":"4.375","field2":"3.4375"},{"created_at":"2021-03-12T18:42:40-08:00","entry_id":128823,"field1":"4.375","field2":"3.375"},{"created_at":"2021-03-12T18:52:16-08:00","entry_id":128824,"field1":"4.375","field2":"3.25"},{"created_at":"2021-03-12T19:01:53-08:00","entry_id":128825,"field1":"4.3125","field2":"3.3125"},{"created_at":"2021-03-12T19:11:29-08:00","entry_id":128826,"field1":"4.3125","field2":"3.125"},{"created_at":"2021-03-12T19:21:07-08:00","entry_id":128827,"field1":"4.3125","field2":"2.8125"},{"created_at":"2021-03-12T19:30:44-08:00","entry_id":128828,"field1":"4.3125","field2":"2.875"},{"created_at":"2021-03-12T19:40:20-08:00","entry_id":128829,"field1":"4.25","field2":"2.75"},{"created_at":"2021-03-12T19:49:57-08:00","entry_id":128830,"field1":"4.25","field2":"2.8125"},{"created_at":"2021-03-12T19:59:34-08:00","entry_id":128831,"field1":"4.25","field2":"2.375"},{"created_at":"2021-03-12T20:09:11-08:00","entry_id":128832,"field1":"4.25","field2":"2.3125"},{"created_at":"2021-03-12T20:18:48-08:00","entry_id":128833,"field1":"4.25","field2":"2.25"},{"created_at":"2021-03-12T20:28:23-08:00","entry_id":128834,"field1":"4.25","field2":"2.0625"},{"created_at":"2021-03-12T20:38:01-08:00","entry_id":128835,"field1":"4.25","field2":"2.0625"},{"created_at":"2021-03-12T20:47:36-08:00","entry_id":128836,"field1":"4.1875","field2":"2.0625"},{"created_at":"2021-03-12T20:57:14-08:00","entry_id":128837,"field1":"4.1875","field2":"2"},{"created_at":"2021-03-12T21:06:51-08:00","entry_id":128838,"field1":"4.1875","field2":"1.6875"},{"created_at":"2021-03-12T21:16:28-08:00","entry_id":128839,"field1":"4.1875","field2":"1.6875"},{"created_at":"2021-03-12T21:26:04-08:00","entry_id":128840,"field1":"4.1875","field2":"1.4375"},{"created_at":"2021-03-12T21:35:41-08:00","entry_id":128841,"field1":"4.125","field2":"1.4375"},{"created_at":"2021-03-12T21:45:18-08:00","entry_id":128842,"field1":"4.125","field2":"1.4375"},{"created_at":"2021-03-12T21:54:55-08:00","entry_id":128843,"field1":"4.0625","field2":"1.3125"},{"created_at":"2021-03-12T22:04:32-08:00","entry_id":128844,"field1":"4.0625","field2":"1.125"},{"created_at":"2021-03-12T22:14:07-08:00","entry_id":128845,"field1":"4.0625","field2":"1.1875"},{"created_at":"2021-03-12T22:23:43-08:00","entry_id":128846,"field1":"4","field2":"1.1875"},{"created_at":"2021-03-12T22:33:21-08:00","entry_id":128847,"field1":"4","field2":"1.0625"},{"created_at":"2021-03-12T22:42:56-08:00","entry_id":128848,"field1":"4","field2":"0.875"},{"created_at":"2021-03-12T22:52:34-08:00","entry_id":128849,"field1":"3.9375","field2":"1"},{"created_at":"2021-03-12T23:02:12-08:00","entry_id":128850,"field1":"3.9375","field2":"1"},{"created_at":"2021-03-12T23:11:47-08:00","entry_id":128851,"field1":"3.9375","field2":"0.9375"},{"created_at":"2021-03-12T23:21:23-08:00","entry_id":128852,"field1":"3.875","field2":"0.6875"},{"created_at":"2021-03-12T23:31:01-08:00","entry_id":128853,"field1":"3.875","field2":"0.6875"},{"created_at":"2021-03-12T23:40:38-08:00","entry_id":128854,"field1":"3.875","field2":"0.5"},{"created_at":"2021-03-12T23:50:13-08:00","entry_id":128855,"field1":"3.875","field2":"0.4375"},{"created_at":"2021-03-12T23:59:49-08:00","entry_id":128856,"field1":"3.8125","field2":"0.25"}]}