{"channel":{"id":581842,"name":"Upstairs Small Window Indoor / Outdoor Sensor","latitude":"0.0","longitude":"0.0","field1":"Indoor Temperature","field2":"Outdoor Temperature","created_at":"2018-09-23T15:37:52-07:00","updated_at":"2020-07-27T05:59:41-07:00","last_entry_id":150129},"feeds":[{"created_at":"2019-11-23T00:01:05-08:00","entry_id":61000,"field1":"1.625","field2":"0.5"},{"created_at":"2019-11-23T00:10:42-08:00","entry_id":61001,"field1":"1.625","field2":"0.5"},{"created_at":"2019-11-23T00:20:20-08:00","entry_id":61002,"field1":"1.5625","field2":"0.3125"},{"created_at":"2019-11-23T00:29:56-08:00","entry_id":61003,"field1":"1.5625","field2":"0.375"},{"created_at":"2019-11-23T00:39:33-08:00","entry_id":61004,"field1":"1.5625","field2":"0.3125"},{"created_at":"2019-11-23T00:49:10-08:00","entry_id":61005,"field1":"1.5625","field2":"0.25"},{"created_at":"2019-11-23T00:58:46-08:00","entry_id":61006,"field1":"1.5625","field2":"0.1875"},{"created_at":"2019-11-23T01:08:23-08:00","entry_id":61007,"field1":"1.5625","field2":"0.1875"},{"created_at":"2019-11-23T01:17:59-08:00","entry_id":61008,"field1":"1.5625","field2":"0.25"},{"created_at":"2019-11-23T01:27:36-08:00","entry_id":61009,"field1":"1.5625","field2":"0.25"},{"created_at":"2019-11-23T01:37:13-08:00","entry_id":61010,"field1":"1.5625","field2":"0.1875"},{"created_at":"2019-11-23T01:46:50-08:00","entry_id":61011,"field1":"1.5625","field2":"0.3125"},{"created_at":"2019-11-23T01:56:26-08:00","entry_id":61012,"field1":"1.5625","field2":"0.25"},{"created_at":"2019-11-23T02:06:03-08:00","entry_id":61013,"field1":"1.5625","field2":"0.25"},{"created_at":"2019-11-23T02:15:40-08:00","entry_id":61014,"field1":"1.5625","field2":"0.25"},{"created_at":"2019-11-23T02:25:17-08:00","entry_id":61015,"field1":"1.5625","field2":"0.3125"},{"created_at":"2019-11-23T02:34:54-08:00","entry_id":61016,"field1":"1.5625","field2":"0.1875"},{"created_at":"2019-11-23T02:44:31-08:00","entry_id":61017,"field1":"1.5625","field2":"0.1875"},{"created_at":"2019-11-23T02:54:08-08:00","entry_id":61018,"field1":"1.5625","field2":"0.1875"},{"created_at":"2019-11-23T03:03:44-08:00","entry_id":61019,"field1":"1.5625","field2":"0.25"},{"created_at":"2019-11-23T03:13:21-08:00","entry_id":61020,"field1":"1.5625","field2":"0.25"},{"created_at":"2019-11-23T03:22:58-08:00","entry_id":61021,"field1":"1.5625","field2":"0.25"},{"created_at":"2019-11-23T03:32:35-08:00","entry_id":61022,"field1":"1.5","field2":"0.3125"},{"created_at":"2019-11-23T03:42:16-08:00","entry_id":61023,"field1":"1.5625","field2":"0.375"},{"created_at":"2019-11-23T03:51:51-08:00","entry_id":61024,"field1":"1.5625","field2":"0.375"},{"created_at":"2019-11-23T04:01:28-08:00","entry_id":61025,"field1":"1.5625","field2":"0.5"},{"created_at":"2019-11-23T04:11:06-08:00","entry_id":61026,"field1":"1.5625","field2":"0.5"},{"created_at":"2019-11-23T04:20:42-08:00","entry_id":61027,"field1":"1.5625","field2":"0.4375"},{"created_at":"2019-11-23T04:30:19-08:00","entry_id":61028,"field1":"1.5625","field2":"0.4375"},{"created_at":"2019-11-23T04:39:56-08:00","entry_id":61029,"field1":"1.5","field2":"0.4375"},{"created_at":"2019-11-23T04:49:32-08:00","entry_id":61030,"field1":"1.5","field2":"0.4375"},{"created_at":"2019-11-23T04:59:09-08:00","entry_id":61031,"field1":"1.5","field2":"0.5"},{"created_at":"2019-11-23T05:08:46-08:00","entry_id":61032,"field1":"1.5","field2":"0.375"},{"created_at":"2019-11-23T05:18:23-08:00","entry_id":61033,"field1":"1.5","field2":"0.4375"},{"created_at":"2019-11-23T05:28:00-08:00","entry_id":61034,"field1":"1.5","field2":"0.5"},{"created_at":"2019-11-23T05:37:37-08:00","entry_id":61035,"field1":"1.5","field2":"0.4375"},{"created_at":"2019-11-23T05:47:14-08:00","entry_id":61036,"field1":"1.5","field2":"0.4375"},{"created_at":"2019-11-23T05:56:51-08:00","entry_id":61037,"field1":"1.5","field2":"0.5"},{"created_at":"2019-11-23T06:06:28-08:00","entry_id":61038,"field1":"1.5","field2":"0.5"},{"created_at":"2019-11-23T06:16:05-08:00","entry_id":61039,"field1":"1.5","field2":"0.5"},{"created_at":"2019-11-23T06:25:42-08:00","entry_id":61040,"field1":"1.5","field2":"0.5625"},{"created_at":"2019-11-23T06:35:19-08:00","entry_id":61041,"field1":"1.5","field2":"0.5"},{"created_at":"2019-11-23T06:44:56-08:00","entry_id":61042,"field1":"1.5","field2":"0.5"},{"created_at":"2019-11-23T06:54:33-08:00","entry_id":61043,"field1":"1.5","field2":"0.5625"},{"created_at":"2019-11-23T07:04:11-08:00","entry_id":61044,"field1":"1.5","field2":"0.5"},{"created_at":"2019-11-23T07:13:48-08:00","entry_id":61045,"field1":"1.5","field2":"0.625"},{"created_at":"2019-11-23T07:23:25-08:00","entry_id":61046,"field1":"1.5","field2":"0.5625"},{"created_at":"2019-11-23T07:33:01-08:00","entry_id":61047,"field1":"1.5","field2":"0.6875"},{"created_at":"2019-11-23T07:42:38-08:00","entry_id":61048,"field1":"1.5","field2":"0.6875"},{"created_at":"2019-11-23T07:52:15-08:00","entry_id":61049,"field1":"1.5","field2":"0.6875"},{"created_at":"2019-11-23T08:01:52-08:00","entry_id":61050,"field1":"1.5","field2":"0.625"},{"created_at":"2019-11-23T08:11:30-08:00","entry_id":61051,"field1":"1.5","field2":"0.625"},{"created_at":"2019-11-23T08:21:07-08:00","entry_id":61052,"field1":"1.5","field2":"0.75"},{"created_at":"2019-11-23T08:30:43-08:00","entry_id":61053,"field1":"1.5","field2":"0.8125"},{"created_at":"2019-11-23T08:40:20-08:00","entry_id":61054,"field1":"1.5","field2":"0.875"},{"created_at":"2019-11-23T08:49:56-08:00","entry_id":61055,"field1":"1.5","field2":"0.875"},{"created_at":"2019-11-23T08:59:33-08:00","entry_id":61056,"field1":"1.5","field2":"0.875"},{"created_at":"2019-11-23T09:09:11-08:00","entry_id":61057,"field1":"1.5","field2":"0.9375"},{"created_at":"2019-11-23T09:18:47-08:00","entry_id":61058,"field1":"1.5","field2":"1"},{"created_at":"2019-11-23T09:28:24-08:00","entry_id":61059,"field1":"1.5625","field2":"1"},{"created_at":"2019-11-23T09:38:01-08:00","entry_id":61060,"field1":"1.5","field2":"1.125"},{"created_at":"2019-11-23T09:47:37-08:00","entry_id":61061,"field1":"1.5","field2":"1.0625"},{"created_at":"2019-11-23T09:57:15-08:00","entry_id":61062,"field1":"1.5","field2":"1.0625"},{"created_at":"2019-11-23T10:06:52-08:00","entry_id":61063,"field1":"1.5625","field2":"1.125"},{"created_at":"2019-11-23T10:16:29-08:00","entry_id":61064,"field1":"1.5","field2":"1.1875"},{"created_at":"2019-11-23T10:26:06-08:00","entry_id":61065,"field1":"1.5625","field2":"1.1875"},{"created_at":"2019-11-23T10:35:43-08:00","entry_id":61066,"field1":"1.5","field2":"1.1875"},{"created_at":"2019-11-23T10:45:20-08:00","entry_id":61067,"field1":"1.5","field2":"1.25"},{"created_at":"2019-11-23T10:54:57-08:00","entry_id":61068,"field1":"1.5","field2":"1.25"},{"created_at":"2019-11-23T11:04:35-08:00","entry_id":61069,"field1":"1.5625","field2":"1.25"},{"created_at":"2019-11-23T11:14:11-08:00","entry_id":61070,"field1":"1.5625","field2":"1.3125"},{"created_at":"2019-11-23T11:23:48-08:00","entry_id":61071,"field1":"1.5625","field2":"1.3125"},{"created_at":"2019-11-23T11:33:25-08:00","entry_id":61072,"field1":"1.5625","field2":"1.375"},{"created_at":"2019-11-23T11:43:02-08:00","entry_id":61073,"field1":"1.5625","field2":"1.375"},{"created_at":"2019-11-23T11:52:39-08:00","entry_id":61074,"field1":"1.5625","field2":"1.375"},{"created_at":"2019-11-23T12:02:17-08:00","entry_id":61075,"field1":"1.5625","field2":"1.375"},{"created_at":"2019-11-23T12:11:55-08:00","entry_id":61076,"field1":"1.5625","field2":"1.375"},{"created_at":"2019-11-23T12:21:31-08:00","entry_id":61077,"field1":"1.5625","field2":"1.375"},{"created_at":"2019-11-23T12:31:08-08:00","entry_id":61078,"field1":"1.5625","field2":"1.3125"},{"created_at":"2019-11-23T12:40:45-08:00","entry_id":61079,"field1":"1.625","field2":"1.375"},{"created_at":"2019-11-23T12:50:21-08:00","entry_id":61080,"field1":"1.5625","field2":"1.4375"},{"created_at":"2019-11-23T13:00:00-08:00","entry_id":61081,"field1":"1.625","field2":"1.4375"},{"created_at":"2019-11-23T13:09:36-08:00","entry_id":61082,"field1":"1.625","field2":"1.5"},{"created_at":"2019-11-23T13:19:12-08:00","entry_id":61083,"field1":"1.625","field2":"1.4375"},{"created_at":"2019-11-23T13:28:49-08:00","entry_id":61084,"field1":"1.625","field2":"1.5"},{"created_at":"2019-11-23T13:38:25-08:00","entry_id":61085,"field1":"1.625","field2":"1.5625"},{"created_at":"2019-11-23T13:48:03-08:00","entry_id":61086,"field1":"1.625","field2":"1.5"},{"created_at":"2019-11-23T13:57:40-08:00","entry_id":61087,"field1":"1.6875","field2":"1.5"},{"created_at":"2019-11-23T14:07:16-08:00","entry_id":61088,"field1":"1.625","field2":"1.5"},{"created_at":"2019-11-23T14:16:53-08:00","entry_id":61089,"field1":"1.625","field2":"1.5"},{"created_at":"2019-11-23T14:26:31-08:00","entry_id":61090,"field1":"1.6875","field2":"1.4375"},{"created_at":"2019-11-23T14:36:08-08:00","entry_id":61091,"field1":"1.6875","field2":"1.4375"},{"created_at":"2019-11-23T14:45:45-08:00","entry_id":61092,"field1":"1.6875","field2":"1.375"},{"created_at":"2019-11-23T14:55:23-08:00","entry_id":61093,"field1":"1.6875","field2":"1.375"},{"created_at":"2019-11-23T15:04:59-08:00","entry_id":61094,"field1":"1.6875","field2":"1.3125"},{"created_at":"2019-11-23T15:14:36-08:00","entry_id":61095,"field1":"1.6875","field2":"1.4375"},{"created_at":"2019-11-23T15:24:13-08:00","entry_id":61096,"field1":"1.6875","field2":"1.4375"},{"created_at":"2019-11-23T15:33:49-08:00","entry_id":61097,"field1":"1.6875","field2":"1.375"},{"created_at":"2019-11-23T15:43:27-08:00","entry_id":61098,"field1":"1.6875","field2":"1.375"},{"created_at":"2019-11-23T15:53:03-08:00","entry_id":61099,"field1":"1.6875","field2":"1.375"},{"created_at":"2019-11-23T16:02:40-08:00","entry_id":61100,"field1":"1.6875","field2":"1.3125"},{"created_at":"2019-11-23T16:12:17-08:00","entry_id":61101,"field1":"1.6875","field2":"1.3125"},{"created_at":"2019-11-23T16:21:53-08:00","entry_id":61102,"field1":"1.6875","field2":"1.3125"},{"created_at":"2019-11-23T16:31:30-08:00","entry_id":61103,"field1":"1.6875","field2":"1.3125"},{"created_at":"2019-11-23T16:41:07-08:00","entry_id":61104,"field1":"1.6875","field2":"1.3125"},{"created_at":"2019-11-23T16:50:44-08:00","entry_id":61105,"field1":"1.6875","field2":"1.3125"},{"created_at":"2019-11-23T17:00:20-08:00","entry_id":61106,"field1":"1.75","field2":"1.25"},{"created_at":"2019-11-23T17:09:57-08:00","entry_id":61107,"field1":"1.75","field2":"1.25"},{"created_at":"2019-11-23T17:19:34-08:00","entry_id":61108,"field1":"1.75","field2":"1.25"},{"created_at":"2019-11-23T17:29:11-08:00","entry_id":61109,"field1":"1.75","field2":"1.3125"},{"created_at":"2019-11-23T17:38:47-08:00","entry_id":61110,"field1":"1.6875","field2":"1.375"},{"created_at":"2019-11-23T17:48:24-08:00","entry_id":61111,"field1":"1.6875","field2":"1.3125"},{"created_at":"2019-11-23T17:58:01-08:00","entry_id":61112,"field1":"1.75","field2":"1.3125"},{"created_at":"2019-11-23T18:07:38-08:00","entry_id":61113,"field1":"1.6875","field2":"1.375"},{"created_at":"2019-11-23T18:17:15-08:00","entry_id":61114,"field1":"1.75","field2":"1.3125"},{"created_at":"2019-11-23T18:26:52-08:00","entry_id":61115,"field1":"1.6875","field2":"1.375"},{"created_at":"2019-11-23T18:36:29-08:00","entry_id":61116,"field1":"1.75","field2":"1.3125"},{"created_at":"2019-11-23T18:46:06-08:00","entry_id":61117,"field1":"1.75","field2":"1.3125"},{"created_at":"2019-11-23T18:55:43-08:00","entry_id":61118,"field1":"1.75","field2":"1.375"},{"created_at":"2019-11-23T19:05:20-08:00","entry_id":61119,"field1":"1.75","field2":"1.375"},{"created_at":"2019-11-23T19:14:57-08:00","entry_id":61120,"field1":"1.75","field2":"1.3125"},{"created_at":"2019-11-23T19:24:34-08:00","entry_id":61121,"field1":"1.75","field2":"1.4375"},{"created_at":"2019-11-23T19:34:11-08:00","entry_id":61122,"field1":"1.75","field2":"1.4375"},{"created_at":"2019-11-23T19:43:47-08:00","entry_id":61123,"field1":"1.75","field2":"1.5"},{"created_at":"2019-11-23T19:53:25-08:00","entry_id":61124,"field1":"1.75","field2":"1.375"},{"created_at":"2019-11-23T20:03:01-08:00","entry_id":61125,"field1":"1.75","field2":"1.4375"},{"created_at":"2019-11-23T20:12:38-08:00","entry_id":61126,"field1":"1.75","field2":"1.5"},{"created_at":"2019-11-23T20:22:15-08:00","entry_id":61127,"field1":"1.75","field2":"1.4375"},{"created_at":"2019-11-23T20:31:52-08:00","entry_id":61128,"field1":"1.75","field2":"1.5"},{"created_at":"2019-11-23T20:41:28-08:00","entry_id":61129,"field1":"1.75","field2":"1.4375"},{"created_at":"2019-11-23T20:51:05-08:00","entry_id":61130,"field1":"1.75","field2":"1.4375"},{"created_at":"2019-11-23T21:00:43-08:00","entry_id":61131,"field1":"1.75","field2":"1.5"},{"created_at":"2019-11-23T21:10:20-08:00","entry_id":61132,"field1":"1.75","field2":"1.5"},{"created_at":"2019-11-23T21:19:57-08:00","entry_id":61133,"field1":"1.75","field2":"1.5"},{"created_at":"2019-11-23T21:29:34-08:00","entry_id":61134,"field1":"1.8125","field2":"1.5"},{"created_at":"2019-11-23T21:39:08-08:00","entry_id":61135,"field1":"1.75","field2":"1.5625"},{"created_at":"2019-11-23T21:48:46-08:00","entry_id":61136,"field1":"1.8125","field2":"1.5625"},{"created_at":"2019-11-23T21:58:22-08:00","entry_id":61137,"field1":"1.8125","field2":"1.5"},{"created_at":"2019-11-23T22:07:59-08:00","entry_id":61138,"field1":"1.8125","field2":"1.5"},{"created_at":"2019-11-23T22:17:36-08:00","entry_id":61139,"field1":"1.8125","field2":"1.5625"},{"created_at":"2019-11-23T22:27:13-08:00","entry_id":61140,"field1":"1.8125","field2":"1.5625"},{"created_at":"2019-11-23T22:36:50-08:00","entry_id":61141,"field1":"1.8125","field2":"1.5625"},{"created_at":"2019-11-23T22:46:27-08:00","entry_id":61142,"field1":"1.8125","field2":"1.5625"},{"created_at":"2019-11-23T22:56:04-08:00","entry_id":61143,"field1":"1.8125","field2":"1.5625"},{"created_at":"2019-11-23T23:05:41-08:00","entry_id":61144,"field1":"1.8125","field2":"1.5625"},{"created_at":"2019-11-23T23:15:17-08:00","entry_id":61145,"field1":"1.8125","field2":"1.625"},{"created_at":"2019-11-23T23:24:54-08:00","entry_id":61146,"field1":"1.8125","field2":"1.5625"},{"created_at":"2019-11-23T23:34:31-08:00","entry_id":61147,"field1":"1.8125","field2":"1.5"},{"created_at":"2019-11-23T23:44:08-08:00","entry_id":61148,"field1":"1.8125","field2":"1.5625"},{"created_at":"2019-11-23T23:53:45-08:00","entry_id":61149,"field1":"1.8125","field2":"1.625"}]}