{"channel":{"id":581842,"name":"Upstairs Small Window Indoor / Outdoor Sensor","latitude":"0.0","longitude":"0.0","field1":"Indoor Temperature","field2":"Outdoor Temperature","created_at":"2018-09-23T15:37:52-07:00","updated_at":"2020-07-27T05:59:41-07:00","last_entry_id":327828},"feeds":[{"created_at":"2024-11-21T00:06:45-08:00","entry_id":327548,"field1":"4.9375","field2":"1.5625"},{"created_at":"2024-11-21T00:16:24-08:00","entry_id":327549,"field1":"5","field2":"1.5625"},{"created_at":"2024-11-21T00:26:01-08:00","entry_id":327550,"field1":"5","field2":"1.5"},{"created_at":"2024-11-21T00:35:38-08:00","entry_id":327551,"field1":"5.0625","field2":"1.5"},{"created_at":"2024-11-21T00:45:13-08:00","entry_id":327552,"field1":"5.0625","field2":"1.5"},{"created_at":"2024-11-21T00:54:50-08:00","entry_id":327553,"field1":"5.0625","field2":"1.5"},{"created_at":"2024-11-21T01:04:28-08:00","entry_id":327554,"field1":"5.125","field2":"1.5"},{"created_at":"2024-11-21T01:14:05-08:00","entry_id":327555,"field1":"5.125","field2":"1.4375"},{"created_at":"2024-11-21T01:23:42-08:00","entry_id":327556,"field1":"5.125","field2":"1.375"},{"created_at":"2024-11-21T01:33:19-08:00","entry_id":327557,"field1":"5.1875","field2":"1.375"},{"created_at":"2024-11-21T01:42:56-08:00","entry_id":327558,"field1":"5.1875","field2":"1.375"},{"created_at":"2024-11-21T01:52:32-08:00","entry_id":327559,"field1":"5.1875","field2":"1.375"},{"created_at":"2024-11-21T02:02:09-08:00","entry_id":327560,"field1":"5.1875","field2":"1.3125"},{"created_at":"2024-11-21T02:11:46-08:00","entry_id":327561,"field1":"5.1875","field2":"1.375"},{"created_at":"2024-11-21T02:21:24-08:00","entry_id":327562,"field1":"5.25","field2":"1.375"},{"created_at":"2024-11-21T02:31:01-08:00","entry_id":327563,"field1":"5.25","field2":"1.375"},{"created_at":"2024-11-21T02:40:36-08:00","entry_id":327564,"field1":"5.25","field2":"1.375"},{"created_at":"2024-11-21T02:50:14-08:00","entry_id":327565,"field1":"5.1875","field2":"1.3125"},{"created_at":"2024-11-21T02:59:50-08:00","entry_id":327566,"field1":"5.0625","field2":"1.3125"},{"created_at":"2024-11-21T03:09:26-08:00","entry_id":327567,"field1":"4.9375","field2":"1.3125"},{"created_at":"2024-11-21T03:19:04-08:00","entry_id":327568,"field1":"4.875","field2":"1.25"},{"created_at":"2024-11-21T03:28:41-08:00","entry_id":327569,"field1":"4.8125","field2":"1.25"},{"created_at":"2024-11-21T03:38:18-08:00","entry_id":327570,"field1":"4.75","field2":"1.25"},{"created_at":"2024-11-21T03:47:55-08:00","entry_id":327571,"field1":"4.6875","field2":"1.25"},{"created_at":"2024-11-21T03:57:32-08:00","entry_id":327572,"field1":"4.6875","field2":"1.25"},{"created_at":"2024-11-21T04:07:09-08:00","entry_id":327573,"field1":"4.625","field2":"1.25"},{"created_at":"2024-11-21T04:16:46-08:00","entry_id":327574,"field1":"4.5625","field2":"1.25"},{"created_at":"2024-11-21T04:26:23-08:00","entry_id":327575,"field1":"4.5625","field2":"1.25"},{"created_at":"2024-11-21T04:36:00-08:00","entry_id":327576,"field1":"4.5","field2":"1.25"},{"created_at":"2024-11-21T04:45:37-08:00","entry_id":327577,"field1":"4.5","field2":"1.1875"},{"created_at":"2024-11-21T04:55:14-08:00","entry_id":327578,"field1":"4.4375","field2":"1.1875"},{"created_at":"2024-11-21T05:04:51-08:00","entry_id":327579,"field1":"4.4375","field2":"1.1875"},{"created_at":"2024-11-21T05:14:27-08:00","entry_id":327580,"field1":"4.4375","field2":"1.25"},{"created_at":"2024-11-21T05:24:04-08:00","entry_id":327581,"field1":"4.375","field2":"1.25"},{"created_at":"2024-11-21T05:33:42-08:00","entry_id":327582,"field1":"4.375","field2":"1.25"},{"created_at":"2024-11-21T05:43:19-08:00","entry_id":327583,"field1":"4.3125","field2":"1.1875"},{"created_at":"2024-11-21T05:52:56-08:00","entry_id":327584,"field1":"4.3125","field2":"1.3125"},{"created_at":"2024-11-21T06:02:33-08:00","entry_id":327585,"field1":"4.25","field2":"1.1875"},{"created_at":"2024-11-21T06:12:10-08:00","entry_id":327586,"field1":"4.25","field2":"1.25"},{"created_at":"2024-11-21T06:21:47-08:00","entry_id":327587,"field1":"4.25","field2":"1.3125"},{"created_at":"2024-11-21T06:31:24-08:00","entry_id":327588,"field1":"4.1875","field2":"1.3125"},{"created_at":"2024-11-21T06:41:01-08:00","entry_id":327589,"field1":"4.1875","field2":"1.25"},{"created_at":"2024-11-21T06:50:38-08:00","entry_id":327590,"field1":"4.1875","field2":"1.25"},{"created_at":"2024-11-21T07:00:15-08:00","entry_id":327591,"field1":"4.125","field2":"1.25"},{"created_at":"2024-11-21T07:09:52-08:00","entry_id":327592,"field1":"4.125","field2":"1.1875"},{"created_at":"2024-11-21T07:19:29-08:00","entry_id":327593,"field1":"4.125","field2":"1.3125"},{"created_at":"2024-11-21T07:29:06-08:00","entry_id":327594,"field1":"4.0625","field2":"1.3125"},{"created_at":"2024-11-21T07:38:43-08:00","entry_id":327595,"field1":"4.0625","field2":"1.3125"},{"created_at":"2024-11-21T07:48:19-08:00","entry_id":327596,"field1":"4.0625","field2":"1.3125"},{"created_at":"2024-11-21T07:57:56-08:00","entry_id":327597,"field1":"4","field2":"1.3125"},{"created_at":"2024-11-21T08:07:33-08:00","entry_id":327598,"field1":"4","field2":"1.3125"},{"created_at":"2024-11-21T08:17:10-08:00","entry_id":327599,"field1":"4","field2":"1.3125"},{"created_at":"2024-11-21T08:26:45-08:00","entry_id":327600,"field1":"4","field2":"1.375"},{"created_at":"2024-11-21T08:36:21-08:00","entry_id":327601,"field1":"3.9375","field2":"1.4375"},{"created_at":"2024-11-21T08:45:57-08:00","entry_id":327602,"field1":"3.9375","field2":"1.4375"},{"created_at":"2024-11-21T08:55:35-08:00","entry_id":327603,"field1":"3.9375","field2":"1.5625"},{"created_at":"2024-11-21T09:05:13-08:00","entry_id":327604,"field1":"3.9375","field2":"1.625"},{"created_at":"2024-11-21T09:14:50-08:00","entry_id":327605,"field1":"3.9375","field2":"1.75"},{"created_at":"2024-11-21T09:24:27-08:00","entry_id":327606,"field1":"3.9375","field2":"1.875"},{"created_at":"2024-11-21T09:34:02-08:00","entry_id":327607,"field1":"3.875","field2":"2"},{"created_at":"2024-11-21T09:43:39-08:00","entry_id":327608,"field1":"3.875","field2":"2.125"},{"created_at":"2024-11-21T09:53:16-08:00","entry_id":327609,"field1":"3.875","field2":"2.375"},{"created_at":"2024-11-21T10:02:54-08:00","entry_id":327610,"field1":"3.875","field2":"2.75"},{"created_at":"2024-11-21T10:12:30-08:00","entry_id":327611,"field1":"3.875","field2":"3.0625"},{"created_at":"2024-11-21T10:22:07-08:00","entry_id":327612,"field1":"3.875","field2":"3.4375"},{"created_at":"2024-11-21T10:31:44-08:00","entry_id":327613,"field1":"3.875","field2":"3.5625"},{"created_at":"2024-11-21T10:41:21-08:00","entry_id":327614,"field1":"3.9375","field2":"3.5"},{"created_at":"2024-11-21T10:50:58-08:00","entry_id":327615,"field1":"3.9375","field2":"3.3125"},{"created_at":"2024-11-21T11:00:33-08:00","entry_id":327616,"field1":"3.9375","field2":"3.5"},{"created_at":"2024-11-21T11:10:11-08:00","entry_id":327617,"field1":"3.9375","field2":"3.4375"},{"created_at":"2024-11-21T11:19:47-08:00","entry_id":327618,"field1":"3.9375","field2":"3.25"},{"created_at":"2024-11-21T11:29:25-08:00","entry_id":327619,"field1":"3.9375","field2":"3.4375"},{"created_at":"2024-11-21T11:39:02-08:00","entry_id":327620,"field1":"3.9375","field2":"3.5625"},{"created_at":"2024-11-21T11:48:39-08:00","entry_id":327621,"field1":"3.9375","field2":"3.625"},{"created_at":"2024-11-21T11:58:14-08:00","entry_id":327622,"field1":"4","field2":"3.75"},{"created_at":"2024-11-21T12:07:51-08:00","entry_id":327623,"field1":"4","field2":"3.6875"},{"created_at":"2024-11-21T12:17:29-08:00","entry_id":327624,"field1":"4","field2":"3.75"},{"created_at":"2024-11-21T12:27:06-08:00","entry_id":327625,"field1":"4","field2":"3.8125"},{"created_at":"2024-11-21T12:36:42-08:00","entry_id":327626,"field1":"4.0625","field2":"3.75"},{"created_at":"2024-11-21T12:46:20-08:00","entry_id":327627,"field1":"4.0625","field2":"3.8125"},{"created_at":"2024-11-21T12:55:56-08:00","entry_id":327628,"field1":"4.0625","field2":"3.8125"},{"created_at":"2024-11-21T13:05:34-08:00","entry_id":327629,"field1":"4.0625","field2":"3.875"},{"created_at":"2024-11-21T13:15:11-08:00","entry_id":327630,"field1":"4.0625","field2":"4.0625"},{"created_at":"2024-11-21T13:24:47-08:00","entry_id":327631,"field1":"4.125","field2":"4.5"},{"created_at":"2024-11-21T13:34:24-08:00","entry_id":327632,"field1":"4.125","field2":"4"},{"created_at":"2024-11-21T13:44:01-08:00","entry_id":327633,"field1":"4.125","field2":"3.8125"},{"created_at":"2024-11-21T13:53:38-08:00","entry_id":327634,"field1":"4.125","field2":"4"},{"created_at":"2024-11-21T14:03:15-08:00","entry_id":327635,"field1":"4.125","field2":"3.9375"},{"created_at":"2024-11-21T14:12:52-08:00","entry_id":327636,"field1":"4.125","field2":"3.8125"},{"created_at":"2024-11-21T14:22:29-08:00","entry_id":327637,"field1":"4.125","field2":"3.625"},{"created_at":"2024-11-21T14:32:06-08:00","entry_id":327638,"field1":"4.125","field2":"3.4375"},{"created_at":"2024-11-21T14:41:43-08:00","entry_id":327639,"field1":"4.125","field2":"3.25"},{"created_at":"2024-11-21T14:51:20-08:00","entry_id":327640,"field1":"4.125","field2":"3.125"},{"created_at":"2024-11-21T15:00:57-08:00","entry_id":327641,"field1":"4.125","field2":"2.875"},{"created_at":"2024-11-21T15:10:33-08:00","entry_id":327642,"field1":"4.125","field2":"2.6875"},{"created_at":"2024-11-21T15:20:11-08:00","entry_id":327643,"field1":"4.125","field2":"2.5"},{"created_at":"2024-11-21T15:29:47-08:00","entry_id":327644,"field1":"4.125","field2":"2.3125"},{"created_at":"2024-11-21T15:39:24-08:00","entry_id":327645,"field1":"4.125","field2":"2.0625"},{"created_at":"2024-11-21T15:48:59-08:00","entry_id":327646,"field1":"4.125","field2":"1.9375"},{"created_at":"2024-11-21T15:58:37-08:00","entry_id":327647,"field1":"4.125","field2":"1.8125"},{"created_at":"2024-11-21T16:08:15-08:00","entry_id":327648,"field1":"4.125","field2":"1.6875"},{"created_at":"2024-11-21T16:17:51-08:00","entry_id":327649,"field1":"4.0625","field2":"1.625"},{"created_at":"2024-11-21T16:27:28-08:00","entry_id":327650,"field1":"4.0625","field2":"1.5625"},{"created_at":"2024-11-21T16:37:04-08:00","entry_id":327651,"field1":"4.0625","field2":"1.5625"},{"created_at":"2024-11-21T16:46:42-08:00","entry_id":327652,"field1":"4.0625","field2":"1.625"},{"created_at":"2024-11-21T16:56:17-08:00","entry_id":327653,"field1":"4","field2":"1.75"},{"created_at":"2024-11-21T17:05:56-08:00","entry_id":327654,"field1":"4","field2":"1.8125"},{"created_at":"2024-11-21T17:15:33-08:00","entry_id":327655,"field1":"4","field2":"1.875"},{"created_at":"2024-11-21T17:25:09-08:00","entry_id":327656,"field1":"4","field2":"1.9375"},{"created_at":"2024-11-21T17:34:47-08:00","entry_id":327657,"field1":"4","field2":"1.9375"},{"created_at":"2024-11-21T17:44:23-08:00","entry_id":327658,"field1":"3.9375","field2":"1.9375"},{"created_at":"2024-11-21T17:53:58-08:00","entry_id":327659,"field1":"3.9375","field2":"1.9375"},{"created_at":"2024-11-21T18:03:37-08:00","entry_id":327660,"field1":"3.9375","field2":"1.9375"},{"created_at":"2024-11-21T18:13:14-08:00","entry_id":327661,"field1":"3.9375","field2":"1.875"},{"created_at":"2024-11-21T18:22:51-08:00","entry_id":327662,"field1":"3.9375","field2":"1.8125"},{"created_at":"2024-11-21T18:32:28-08:00","entry_id":327663,"field1":"3.875","field2":"1.8125"},{"created_at":"2024-11-21T18:42:04-08:00","entry_id":327664,"field1":"3.875","field2":"1.8125"},{"created_at":"2024-11-21T18:51:41-08:00","entry_id":327665,"field1":"3.875","field2":"1.8125"},{"created_at":"2024-11-21T19:01:18-08:00","entry_id":327666,"field1":"3.875","field2":"1.8125"},{"created_at":"2024-11-21T19:10:56-08:00","entry_id":327667,"field1":"3.875","field2":"1.75"},{"created_at":"2024-11-21T19:20:34-08:00","entry_id":327668,"field1":"3.875","field2":"1.75"},{"created_at":"2024-11-21T19:30:10-08:00","entry_id":327669,"field1":"3.8125","field2":"1.75"},{"created_at":"2024-11-21T19:39:46-08:00","entry_id":327670,"field1":"3.8125","field2":"1.75"},{"created_at":"2024-11-21T19:49:23-08:00","entry_id":327671,"field1":"3.8125","field2":"1.8125"},{"created_at":"2024-11-21T19:59:01-08:00","entry_id":327672,"field1":"3.8125","field2":"1.8125"},{"created_at":"2024-11-21T20:08:36-08:00","entry_id":327673,"field1":"3.8125","field2":"1.875"},{"created_at":"2024-11-21T20:18:13-08:00","entry_id":327674,"field1":"3.75","field2":"1.8125"},{"created_at":"2024-11-21T20:27:50-08:00","entry_id":327675,"field1":"3.75","field2":"1.75"},{"created_at":"2024-11-21T20:37:26-08:00","entry_id":327676,"field1":"3.75","field2":"1.6875"},{"created_at":"2024-11-21T20:47:03-08:00","entry_id":327677,"field1":"3.75","field2":"1.625"},{"created_at":"2024-11-21T20:56:40-08:00","entry_id":327678,"field1":"3.75","field2":"1.5625"},{"created_at":"2024-11-21T21:06:18-08:00","entry_id":327679,"field1":"3.75","field2":"1.625"},{"created_at":"2024-11-21T21:15:53-08:00","entry_id":327680,"field1":"3.6875","field2":"1.5625"},{"created_at":"2024-11-21T21:25:31-08:00","entry_id":327681,"field1":"3.6875","field2":"1.5"},{"created_at":"2024-11-21T21:35:08-08:00","entry_id":327682,"field1":"3.6875","field2":"1.5"},{"created_at":"2024-11-21T21:44:45-08:00","entry_id":327683,"field1":"3.6875","field2":"1.5"},{"created_at":"2024-11-21T21:54:22-08:00","entry_id":327684,"field1":"3.6875","field2":"1.5625"},{"created_at":"2024-11-21T22:03:59-08:00","entry_id":327685,"field1":"3.625","field2":"1.5625"},{"created_at":"2024-11-21T22:13:36-08:00","entry_id":327686,"field1":"3.625","field2":"1.5"},{"created_at":"2024-11-21T22:23:13-08:00","entry_id":327687,"field1":"3.6875","field2":"1.4375"},{"created_at":"2024-11-21T22:32:50-08:00","entry_id":327688,"field1":"3.8125","field2":"1.375"},{"created_at":"2024-11-21T22:42:27-08:00","entry_id":327689,"field1":"3.9375","field2":"1.375"},{"created_at":"2024-11-21T22:52:04-08:00","entry_id":327690,"field1":"4","field2":"1.375"},{"created_at":"2024-11-21T23:01:41-08:00","entry_id":327691,"field1":"4.125","field2":"1.375"},{"created_at":"2024-11-21T23:11:18-08:00","entry_id":327692,"field1":"4.1875","field2":"1.25"},{"created_at":"2024-11-21T23:20:55-08:00","entry_id":327693,"field1":"4.1875","field2":"1.125"},{"created_at":"2024-11-21T23:30:32-08:00","entry_id":327694,"field1":"4.25","field2":"1.0625"},{"created_at":"2024-11-21T23:40:09-08:00","entry_id":327695,"field1":"4.3125","field2":"0.875"},{"created_at":"2024-11-21T23:49:46-08:00","entry_id":327696,"field1":"4.3125","field2":"0.875"},{"created_at":"2024-11-21T23:59:23-08:00","entry_id":327697,"field1":"4.375","field2":"0.875"}]}