{"channel":{"id":581842,"name":"Upstairs Small Window Indoor / Outdoor Sensor","latitude":"0.0","longitude":"0.0","field1":"Indoor Temperature","field2":"Outdoor Temperature","created_at":"2018-09-23T15:37:52-07:00","updated_at":"2020-07-27T05:59:41-07:00","last_entry_id":150129},"feeds":[{"created_at":"2020-12-12T16:38:10-08:00","entry_id":115950,"field1":"1.3125","field2":"-0.0625"},{"created_at":"2020-12-12T16:47:46-08:00","entry_id":115951,"field1":"1.3125","field2":"-0.1875"},{"created_at":"2020-12-12T16:57:22-08:00","entry_id":115952,"field1":"1.3125","field2":"-0.1875"},{"created_at":"2020-12-12T17:07:00-08:00","entry_id":115953,"field1":"1.3125","field2":"-0.1875"},{"created_at":"2020-12-12T17:16:35-08:00","entry_id":115954,"field1":"1.3125","field2":"-0.25"},{"created_at":"2020-12-12T17:26:12-08:00","entry_id":115955,"field1":"1.3125","field2":"-0.25"},{"created_at":"2020-12-12T17:35:48-08:00","entry_id":115956,"field1":"1.3125","field2":"-0.25"},{"created_at":"2020-12-12T17:45:26-08:00","entry_id":115957,"field1":"1.3125","field2":"-0.25"},{"created_at":"2020-12-12T17:55:03-08:00","entry_id":115958,"field1":"1.3125","field2":"-0.4375"},{"created_at":"2020-12-12T18:04:38-08:00","entry_id":115959,"field1":"1.3125","field2":"-0.4375"},{"created_at":"2020-12-12T18:14:16-08:00","entry_id":115960,"field1":"1.3125","field2":"-0.5"},{"created_at":"2020-12-12T18:23:53-08:00","entry_id":115961,"field1":"1.3125","field2":"-0.5"},{"created_at":"2020-12-12T18:33:28-08:00","entry_id":115962,"field1":"1.3125","field2":"-0.5"},{"created_at":"2020-12-12T18:43:06-08:00","entry_id":115963,"field1":"1.3125","field2":"-0.375"},{"created_at":"2020-12-12T18:52:41-08:00","entry_id":115964,"field1":"1.25","field2":"-0.4375"},{"created_at":"2020-12-12T19:02:20-08:00","entry_id":115965,"field1":"1.3125","field2":"-0.5"},{"created_at":"2020-12-12T19:11:55-08:00","entry_id":115966,"field1":"1.25","field2":"-0.4375"},{"created_at":"2020-12-12T19:21:32-08:00","entry_id":115967,"field1":"1.25","field2":"-0.4375"},{"created_at":"2020-12-12T19:31:08-08:00","entry_id":115968,"field1":"1.25","field2":"-0.5"},{"created_at":"2020-12-12T19:40:46-08:00","entry_id":115969,"field1":"1.25","field2":"-0.5"},{"created_at":"2020-12-12T19:50:22-08:00","entry_id":115970,"field1":"1.25","field2":"-0.5"},{"created_at":"2020-12-12T19:59:57-08:00","entry_id":115971,"field1":"1.25","field2":"-0.5625"},{"created_at":"2020-12-12T20:09:33-08:00","entry_id":115972,"field1":"1.25","field2":"-0.5"},{"created_at":"2020-12-12T20:19:10-08:00","entry_id":115973,"field1":"1.1875","field2":"-0.5625"},{"created_at":"2020-12-12T20:28:48-08:00","entry_id":115974,"field1":"1.1875","field2":"-0.5625"},{"created_at":"2020-12-12T20:38:25-08:00","entry_id":115975,"field1":"1.25","field2":"-0.5625"},{"created_at":"2020-12-12T20:48:00-08:00","entry_id":115976,"field1":"1.25","field2":"-0.5"},{"created_at":"2020-12-12T20:57:38-08:00","entry_id":115977,"field1":"1.1875","field2":"-0.4375"},{"created_at":"2020-12-12T21:07:15-08:00","entry_id":115978,"field1":"1.1875","field2":"-0.5"},{"created_at":"2020-12-12T21:16:50-08:00","entry_id":115979,"field1":"1.1875","field2":"-0.5"},{"created_at":"2020-12-12T21:26:26-08:00","entry_id":115980,"field1":"1.1875","field2":"-0.5"},{"created_at":"2020-12-12T21:36:02-08:00","entry_id":115981,"field1":"1.1875","field2":"-0.5"},{"created_at":"2020-12-12T21:45:40-08:00","entry_id":115982,"field1":"1.1875","field2":"-0.5"},{"created_at":"2020-12-12T21:55:16-08:00","entry_id":115983,"field1":"1.1875","field2":"-0.5625"},{"created_at":"2020-12-12T22:04:52-08:00","entry_id":115984,"field1":"1.1875","field2":"-0.5625"},{"created_at":"2020-12-12T22:14:29-08:00","entry_id":115985,"field1":"1.1875","field2":"-0.625"},{"created_at":"2020-12-12T22:24:04-08:00","entry_id":115986,"field1":"1.1875","field2":"-0.5625"}]}