{"channel":{"id":581842,"name":"Upstairs Small Window Indoor / Outdoor Sensor","latitude":"0.0","longitude":"0.0","field1":"Indoor Temperature","field2":"Outdoor Temperature","created_at":"2018-09-23T15:37:52-07:00","updated_at":"2020-07-27T05:59:41-07:00","last_entry_id":150128},"feeds":[{"created_at":"2019-03-30T00:01:28-07:00","entry_id":26416,"field1":"8.0625","field2":"3.25"},{"created_at":"2019-03-30T00:11:05-07:00","entry_id":26417,"field1":"8","field2":"3.0625"},{"created_at":"2019-03-30T00:20:42-07:00","entry_id":26418,"field1":"8","field2":"2.875"},{"created_at":"2019-03-30T00:30:20-07:00","entry_id":26419,"field1":"7.9375","field2":"2.5"},{"created_at":"2019-03-30T00:39:57-07:00","entry_id":26420,"field1":"7.875","field2":"2.5625"},{"created_at":"2019-03-30T00:49:34-07:00","entry_id":26421,"field1":"7.875","field2":"2.5"},{"created_at":"2019-03-30T00:59:11-07:00","entry_id":26422,"field1":"7.8125","field2":"2.3125"},{"created_at":"2019-03-30T01:08:48-07:00","entry_id":26423,"field1":"7.8125","field2":"2.0625"},{"created_at":"2019-03-30T01:18:25-07:00","entry_id":26424,"field1":"7.75","field2":"1.8125"},{"created_at":"2019-03-30T01:28:02-07:00","entry_id":26425,"field1":"7.6875","field2":"1.8125"},{"created_at":"2019-03-30T01:37:39-07:00","entry_id":26426,"field1":"7.625","field2":"1.875"},{"created_at":"2019-03-30T01:47:17-07:00","entry_id":26427,"field1":"7.625","field2":"1.5"},{"created_at":"2019-03-30T01:56:54-07:00","entry_id":26428,"field1":"7.5625","field2":"1.4375"},{"created_at":"2019-03-30T02:06:32-07:00","entry_id":26429,"field1":"7.5625","field2":"1.375"},{"created_at":"2019-03-30T02:16:09-07:00","entry_id":26430,"field1":"7.4375","field2":"1.3125"},{"created_at":"2019-03-30T02:25:46-07:00","entry_id":26431,"field1":"7.4375","field2":"1.375"},{"created_at":"2019-03-30T02:35:22-07:00","entry_id":26432,"field1":"7.4375","field2":"1.375"},{"created_at":"2019-03-30T02:45:00-07:00","entry_id":26433,"field1":"7.375","field2":"1.3125"},{"created_at":"2019-03-30T02:54:37-07:00","entry_id":26434,"field1":"7.3125","field2":"1.1875"},{"created_at":"2019-03-30T03:04:14-07:00","entry_id":26435,"field1":"7.25","field2":"0.875"},{"created_at":"2019-03-30T03:13:52-07:00","entry_id":26436,"field1":"7.25","field2":"0.875"},{"created_at":"2019-03-30T03:23:29-07:00","entry_id":26437,"field1":"7.1875","field2":"0.9375"},{"created_at":"2019-03-30T03:33:06-07:00","entry_id":26438,"field1":"7.125","field2":"0.9375"},{"created_at":"2019-03-30T03:42:44-07:00","entry_id":26439,"field1":"7.125","field2":"0.875"},{"created_at":"2019-03-30T03:52:21-07:00","entry_id":26440,"field1":"7.0625","field2":"0.5"},{"created_at":"2019-03-30T04:01:58-07:00","entry_id":26441,"field1":"7","field2":"0.4375"},{"created_at":"2019-03-30T04:11:36-07:00","entry_id":26442,"field1":"7","field2":"0.3125"},{"created_at":"2019-03-30T04:21:13-07:00","entry_id":26443,"field1":"6.9375","field2":"0.3125"},{"created_at":"2019-03-30T04:30:51-07:00","entry_id":26444,"field1":"6.875","field2":"0.25"},{"created_at":"2019-03-30T04:40:28-07:00","entry_id":26445,"field1":"6.8125","field2":"0.25"},{"created_at":"2019-03-30T04:50:05-07:00","entry_id":26446,"field1":"6.8125","field2":"0.25"},{"created_at":"2019-03-30T04:59:42-07:00","entry_id":26447,"field1":"6.75","field2":"0.25"},{"created_at":"2019-03-30T05:09:19-07:00","entry_id":26448,"field1":"6.6875","field2":"0.125"},{"created_at":"2019-03-30T05:18:56-07:00","entry_id":26449,"field1":"6.6875","field2":"0.1875"},{"created_at":"2019-03-30T05:28:33-07:00","entry_id":26450,"field1":"6.625","field2":"0"},{"created_at":"2019-03-30T05:38:10-07:00","entry_id":26451,"field1":"6.5625","field2":"-0.0625"},{"created_at":"2019-03-30T05:47:47-07:00","entry_id":26452,"field1":"6.5625","field2":"-0.125"},{"created_at":"2019-03-30T05:57:24-07:00","entry_id":26453,"field1":"6.5","field2":"-0.25"},{"created_at":"2019-03-30T06:07:01-07:00","entry_id":26454,"field1":"6.5","field2":"-0.1875"},{"created_at":"2019-03-30T06:16:39-07:00","entry_id":26455,"field1":"6.4375","field2":"-0.1875"},{"created_at":"2019-03-30T06:26:15-07:00","entry_id":26456,"field1":"6.375","field2":"-0.25"},{"created_at":"2019-03-30T06:35:53-07:00","entry_id":26457,"field1":"6.3125","field2":"-0.3125"},{"created_at":"2019-03-30T06:45:30-07:00","entry_id":26458,"field1":"6.3125","field2":"-0.375"},{"created_at":"2019-03-30T06:55:06-07:00","entry_id":26459,"field1":"6.25","field2":"-0.3125"},{"created_at":"2019-03-30T07:04:44-07:00","entry_id":26460,"field1":"6.1875","field2":"-0.25"},{"created_at":"2019-03-30T07:14:21-07:00","entry_id":26461,"field1":"6.1875","field2":"-0.25"},{"created_at":"2019-03-30T07:23:59-07:00","entry_id":26462,"field1":"6.125","field2":"-0.25"},{"created_at":"2019-03-30T07:33:37-07:00","entry_id":26463,"field1":"6.125","field2":"-0.25"},{"created_at":"2019-03-30T07:43:14-07:00","entry_id":26464,"field1":"6.0625","field2":"-0.1875"},{"created_at":"2019-03-30T07:52:51-07:00","entry_id":26465,"field1":"6.0625","field2":"-0.125"},{"created_at":"2019-03-30T08:02:28-07:00","entry_id":26466,"field1":"6.1875","field2":"6.4375"},{"created_at":"2019-03-30T08:12:07-07:00","entry_id":26467,"field1":"6.5","field2":"6.0625"},{"created_at":"2019-03-30T08:21:44-07:00","entry_id":26468,"field1":"6.625","field2":"4.3125"},{"created_at":"2019-03-30T08:31:22-07:00","entry_id":26469,"field1":"6.875","field2":"5.6875"},{"created_at":"2019-03-30T08:40:59-07:00","entry_id":26470,"field1":"7","field2":"2.4375"},{"created_at":"2019-03-30T08:50:37-07:00","entry_id":26471,"field1":"7.1875","field2":"2"},{"created_at":"2019-03-30T09:00:15-07:00","entry_id":26472,"field1":"7.5625","field2":"2.3125"},{"created_at":"2019-03-30T09:09:52-07:00","entry_id":26473,"field1":"8.0625","field2":"3.8125"},{"created_at":"2019-03-30T09:19:30-07:00","entry_id":26474,"field1":"8.5625","field2":"4.5625"},{"created_at":"2019-03-30T09:29:07-07:00","entry_id":26475,"field1":"9.0625","field2":"3.6875"},{"created_at":"2019-03-30T09:38:45-07:00","entry_id":26476,"field1":"9.375","field2":"3.5625"},{"created_at":"2019-03-30T09:48:22-07:00","entry_id":26477,"field1":"9.4375","field2":"2.9375"},{"created_at":"2019-03-30T09:57:59-07:00","entry_id":26478,"field1":"9.6875","field2":"2.375"},{"created_at":"2019-03-30T10:07:36-07:00","entry_id":26479,"field1":"9.9375","field2":"2.5625"},{"created_at":"2019-03-30T10:17:15-07:00","entry_id":26480,"field1":"10.4375","field2":"2.4375"},{"created_at":"2019-03-30T10:26:53-07:00","entry_id":26481,"field1":"10.625","field2":"2.625"},{"created_at":"2019-03-30T10:36:31-07:00","entry_id":26482,"field1":"10.75","field2":"2.875"},{"created_at":"2019-03-30T10:46:07-07:00","entry_id":26483,"field1":"10.625","field2":"3"},{"created_at":"2019-03-30T10:55:45-07:00","entry_id":26484,"field1":"10.625","field2":"3.3125"},{"created_at":"2019-03-30T11:05:23-07:00","entry_id":26485,"field1":"10.6875","field2":"3.5"},{"created_at":"2019-03-30T11:15:00-07:00","entry_id":26486,"field1":"10.1875","field2":"3.625"},{"created_at":"2019-03-30T11:24:36-07:00","entry_id":26487,"field1":"10.125","field2":"3.9375"},{"created_at":"2019-03-30T11:34:14-07:00","entry_id":26488,"field1":"10.75","field2":"4.3125"},{"created_at":"2019-03-30T11:43:53-07:00","entry_id":26489,"field1":"10.3125","field2":"4.25"},{"created_at":"2019-03-30T11:53:29-07:00","entry_id":26490,"field1":"10.125","field2":"4.25"},{"created_at":"2019-03-30T12:03:07-07:00","entry_id":26491,"field1":"10.4375","field2":"4.4375"},{"created_at":"2019-03-30T12:12:45-07:00","entry_id":26492,"field1":"10.25","field2":"4.4375"},{"created_at":"2019-03-30T12:22:22-07:00","entry_id":26493,"field1":"10.25","field2":"4.6875"},{"created_at":"2019-03-30T12:32:00-07:00","entry_id":26494,"field1":"10.125","field2":"5"},{"created_at":"2019-03-30T12:41:38-07:00","entry_id":26495,"field1":"10","field2":"5.375"},{"created_at":"2019-03-30T12:51:15-07:00","entry_id":26496,"field1":"9.625","field2":"5.4375"},{"created_at":"2019-03-30T13:00:52-07:00","entry_id":26497,"field1":"9.8125","field2":"6.125"},{"created_at":"2019-03-30T13:10:29-07:00","entry_id":26498,"field1":"9.5625","field2":"5.6875"},{"created_at":"2019-03-30T13:20:06-07:00","entry_id":26499,"field1":"9.75","field2":"5.25"},{"created_at":"2019-03-30T13:29:44-07:00","entry_id":26500,"field1":"9.9375","field2":"5.4375"},{"created_at":"2019-03-30T13:39:23-07:00","entry_id":26501,"field1":"9.9375","field2":"5.625"},{"created_at":"2019-03-30T13:49:00-07:00","entry_id":26502,"field1":"10.0625","field2":"5.6875"},{"created_at":"2019-03-30T13:58:38-07:00","entry_id":26503,"field1":"10","field2":"6.1875"},{"created_at":"2019-03-30T14:08:16-07:00","entry_id":26504,"field1":"10","field2":"6.25"},{"created_at":"2019-03-30T14:17:53-07:00","entry_id":26505,"field1":"9.9375","field2":"7.1875"},{"created_at":"2019-03-30T14:27:31-07:00","entry_id":26506,"field1":"9.875","field2":"7.0625"},{"created_at":"2019-03-30T14:37:08-07:00","entry_id":26507,"field1":"9.875","field2":"6.625"},{"created_at":"2019-03-30T14:46:46-07:00","entry_id":26508,"field1":"9.8125","field2":"7"},{"created_at":"2019-03-30T14:56:25-07:00","entry_id":26509,"field1":"9.8125","field2":"6.6875"},{"created_at":"2019-03-30T15:06:02-07:00","entry_id":26510,"field1":"9.75","field2":"7.5625"},{"created_at":"2019-03-30T15:15:39-07:00","entry_id":26511,"field1":"9.75","field2":"9.375"},{"created_at":"2019-03-30T15:25:17-07:00","entry_id":26512,"field1":"9.75","field2":"7.75"},{"created_at":"2019-03-30T15:34:54-07:00","entry_id":26513,"field1":"9.75","field2":"8.125"},{"created_at":"2019-03-30T15:44:32-07:00","entry_id":26514,"field1":"9.6875","field2":"7.6875"},{"created_at":"2019-03-30T15:54:10-07:00","entry_id":26515,"field1":"9.6875","field2":"7.625"},{"created_at":"2019-03-30T16:03:48-07:00","entry_id":26516,"field1":"9.625","field2":"8.8125"},{"created_at":"2019-03-30T16:13:25-07:00","entry_id":26517,"field1":"9.625","field2":"7.0625"},{"created_at":"2019-03-30T16:23:02-07:00","entry_id":26518,"field1":"9.625","field2":"7.25"},{"created_at":"2019-03-30T16:32:40-07:00","entry_id":26519,"field1":"9.625","field2":"9.5625"},{"created_at":"2019-03-30T16:42:17-07:00","entry_id":26520,"field1":"9.5625","field2":"9.9375"},{"created_at":"2019-03-30T16:51:55-07:00","entry_id":26521,"field1":"9.5625","field2":"9.875"},{"created_at":"2019-03-30T17:01:32-07:00","entry_id":26522,"field1":"9.5625","field2":"6.875"},{"created_at":"2019-03-30T17:11:10-07:00","entry_id":26523,"field1":"9.5625","field2":"6.9375"},{"created_at":"2019-03-30T17:20:48-07:00","entry_id":26524,"field1":"9.5","field2":"9.0625"},{"created_at":"2019-03-30T17:30:25-07:00","entry_id":26525,"field1":"9.5","field2":"8.75"},{"created_at":"2019-03-30T17:40:03-07:00","entry_id":26526,"field1":"9.5","field2":"8.5625"},{"created_at":"2019-03-30T17:49:40-07:00","entry_id":26527,"field1":"9.5","field2":"8.6875"},{"created_at":"2019-03-30T17:59:18-07:00","entry_id":26528,"field1":"9.4375","field2":"8.375"},{"created_at":"2019-03-30T18:08:55-07:00","entry_id":26529,"field1":"9.4375","field2":"7.4375"},{"created_at":"2019-03-30T18:18:32-07:00","entry_id":26530,"field1":"9.4375","field2":"9"},{"created_at":"2019-03-30T18:28:10-07:00","entry_id":26531,"field1":"9.375","field2":"9.125"},{"created_at":"2019-03-30T18:37:48-07:00","entry_id":26532,"field1":"9.375","field2":"8.75"},{"created_at":"2019-03-30T18:47:25-07:00","entry_id":26533,"field1":"9.375","field2":"8.75"},{"created_at":"2019-03-30T18:57:02-07:00","entry_id":26534,"field1":"9.375","field2":"8.125"},{"created_at":"2019-03-30T19:06:39-07:00","entry_id":26535,"field1":"9.3125","field2":"8.3125"},{"created_at":"2019-03-30T19:16:17-07:00","entry_id":26536,"field1":"9.25","field2":"7.375"},{"created_at":"2019-03-30T19:25:54-07:00","entry_id":26537,"field1":"9.25","field2":"7.875"},{"created_at":"2019-03-30T19:35:33-07:00","entry_id":26538,"field1":"9.1875","field2":"7.75"},{"created_at":"2019-03-30T19:45:09-07:00","entry_id":26539,"field1":"9.1875","field2":"7.625"},{"created_at":"2019-03-30T19:54:47-07:00","entry_id":26540,"field1":"9.1875","field2":"6.625"},{"created_at":"2019-03-30T20:04:25-07:00","entry_id":26541,"field1":"9.1875","field2":"7.125"},{"created_at":"2019-03-30T20:14:02-07:00","entry_id":26542,"field1":"9.125","field2":"6.6875"},{"created_at":"2019-03-30T20:23:39-07:00","entry_id":26543,"field1":"9.125","field2":"6.6875"},{"created_at":"2019-03-30T20:33:18-07:00","entry_id":26544,"field1":"9.125","field2":"6.8125"},{"created_at":"2019-03-30T20:42:55-07:00","entry_id":26545,"field1":"9.0625","field2":"6"},{"created_at":"2019-03-30T20:52:32-07:00","entry_id":26546,"field1":"9.0625","field2":"6.75"},{"created_at":"2019-03-30T21:02:10-07:00","entry_id":26547,"field1":"9","field2":"6.75"},{"created_at":"2019-03-30T21:11:47-07:00","entry_id":26548,"field1":"9","field2":"6.3125"},{"created_at":"2019-03-30T21:21:26-07:00","entry_id":26549,"field1":"8.9375","field2":"5.5625"},{"created_at":"2019-03-30T21:31:04-07:00","entry_id":26550,"field1":"8.9375","field2":"6"},{"created_at":"2019-03-30T21:40:41-07:00","entry_id":26551,"field1":"8.875","field2":"6.0625"},{"created_at":"2019-03-30T21:50:18-07:00","entry_id":26552,"field1":"8.875","field2":"5.875"},{"created_at":"2019-03-30T21:59:55-07:00","entry_id":26553,"field1":"8.8125","field2":"5.3125"},{"created_at":"2019-03-30T22:09:32-07:00","entry_id":26554,"field1":"8.8125","field2":"4.9375"},{"created_at":"2019-03-30T22:19:14-07:00","entry_id":26555,"field1":"8.75","field2":"4.75"},{"created_at":"2019-03-30T22:28:48-07:00","entry_id":26556,"field1":"8.75","field2":"4.625"},{"created_at":"2019-03-30T22:38:30-07:00","entry_id":26557,"field1":"8.6875","field2":"5.125"},{"created_at":"2019-03-30T22:48:06-07:00","entry_id":26558,"field1":"8.6875","field2":"4.9375"},{"created_at":"2019-03-30T22:57:44-07:00","entry_id":26559,"field1":"8.625","field2":"4.875"},{"created_at":"2019-03-30T23:07:20-07:00","entry_id":26560,"field1":"8.5625","field2":"5"},{"created_at":"2019-03-30T23:16:58-07:00","entry_id":26561,"field1":"8.5625","field2":"4.8125"},{"created_at":"2019-03-30T23:26:39-07:00","entry_id":26562,"field1":"8.5","field2":"4.5625"},{"created_at":"2019-03-30T23:36:16-07:00","entry_id":26563,"field1":"8.5","field2":"4.75"},{"created_at":"2019-03-30T23:45:53-07:00","entry_id":26564,"field1":"8.5","field2":"4.875"},{"created_at":"2019-03-30T23:55:32-07:00","entry_id":26565,"field1":"8.4375","field2":"4.8125"}]}