{"channel":{"id":581842,"name":"Upstairs Small Window Indoor / Outdoor Sensor","latitude":"0.0","longitude":"0.0","field1":"Indoor Temperature","field2":"Outdoor Temperature","created_at":"2018-09-23T15:37:52-07:00","updated_at":"2020-07-27T05:59:41-07:00","last_entry_id":150128},"feeds":[{"created_at":"2019-01-25T00:08:37-08:00","entry_id":16871,"field1":"0.25","field2":"-1.0625"},{"created_at":"2019-01-25T00:18:14-08:00","entry_id":16872,"field1":"0.25","field2":"-1.0625"},{"created_at":"2019-01-25T00:27:51-08:00","entry_id":16873,"field1":"0.25","field2":"-1.0625"},{"created_at":"2019-01-25T00:37:28-08:00","entry_id":16874,"field1":"0.25","field2":"-1"},{"created_at":"2019-01-25T00:47:04-08:00","entry_id":16875,"field1":"0.25","field2":"-0.875"},{"created_at":"2019-01-25T00:56:41-08:00","entry_id":16876,"field1":"0.1875","field2":"-0.875"},{"created_at":"2019-01-25T01:06:18-08:00","entry_id":16877,"field1":"0.1875","field2":"-0.875"},{"created_at":"2019-01-25T01:15:55-08:00","entry_id":16878,"field1":"0.1875","field2":"-0.9375"},{"created_at":"2019-01-25T01:25:30-08:00","entry_id":16879,"field1":"0.1875","field2":"-1"},{"created_at":"2019-01-25T01:35:07-08:00","entry_id":16880,"field1":"0.1875","field2":"-0.9375"},{"created_at":"2019-01-25T01:44:43-08:00","entry_id":16881,"field1":"0.1875","field2":"-1"},{"created_at":"2019-01-25T01:54:20-08:00","entry_id":16882,"field1":"0.1875","field2":"-1"},{"created_at":"2019-01-25T02:03:57-08:00","entry_id":16883,"field1":"0.1875","field2":"-1"},{"created_at":"2019-01-25T02:13:34-08:00","entry_id":16884,"field1":"0.1875","field2":"-1.1875"},{"created_at":"2019-01-25T02:23:11-08:00","entry_id":16885,"field1":"0.1875","field2":"-1.1875"},{"created_at":"2019-01-25T02:32:52-08:00","entry_id":16886,"field1":"0.1875","field2":"-1.25"},{"created_at":"2019-01-25T02:42:26-08:00","entry_id":16887,"field1":"0.1875","field2":"-1.125"},{"created_at":"2019-01-25T02:52:03-08:00","entry_id":16888,"field1":"0.1875","field2":"-1.0625"},{"created_at":"2019-01-25T03:01:40-08:00","entry_id":16889,"field1":"0.1875","field2":"-1.0625"},{"created_at":"2019-01-25T03:11:16-08:00","entry_id":16890,"field1":"0.1875","field2":"-1.0625"},{"created_at":"2019-01-25T03:20:57-08:00","entry_id":16891,"field1":"0.1875","field2":"-1"},{"created_at":"2019-01-25T03:30:36-08:00","entry_id":16892,"field1":"0.1875","field2":"-0.875"},{"created_at":"2019-01-25T03:40:13-08:00","entry_id":16893,"field1":"0.1875","field2":"-0.875"},{"created_at":"2019-01-25T03:49:50-08:00","entry_id":16894,"field1":"0.1875","field2":"-0.9375"},{"created_at":"2019-01-25T03:59:26-08:00","entry_id":16895,"field1":"0.125","field2":"-0.875"},{"created_at":"2019-01-25T04:09:02-08:00","entry_id":16896,"field1":"0.1875","field2":"-1"},{"created_at":"2019-01-25T04:18:40-08:00","entry_id":16897,"field1":"0.1875","field2":"-0.9375"},{"created_at":"2019-01-25T04:28:16-08:00","entry_id":16898,"field1":"0.1875","field2":"-1"},{"created_at":"2019-01-25T04:37:52-08:00","entry_id":16899,"field1":"0.125","field2":"-1.0625"},{"created_at":"2019-01-25T04:47:29-08:00","entry_id":16900,"field1":"0.125","field2":"-1.1875"},{"created_at":"2019-01-25T04:57:06-08:00","entry_id":16901,"field1":"0.125","field2":"-1.25"},{"created_at":"2019-01-25T05:06:43-08:00","entry_id":16902,"field1":"0.125","field2":"-1.125"},{"created_at":"2019-01-25T05:16:20-08:00","entry_id":16903,"field1":"0.125","field2":"-1.1875"},{"created_at":"2019-01-25T05:25:57-08:00","entry_id":16904,"field1":"0.1875","field2":"-1.0625"},{"created_at":"2019-01-25T05:35:33-08:00","entry_id":16905,"field1":"0.125","field2":"-1.1875"},{"created_at":"2019-01-25T05:45:10-08:00","entry_id":16906,"field1":"0.125","field2":"-1.1875"},{"created_at":"2019-01-25T05:54:46-08:00","entry_id":16907,"field1":"0.125","field2":"-1.25"},{"created_at":"2019-01-25T06:04:23-08:00","entry_id":16908,"field1":"0.125","field2":"-1.125"},{"created_at":"2019-01-25T06:14:00-08:00","entry_id":16909,"field1":"0.125","field2":"-1.1875"},{"created_at":"2019-01-25T06:23:36-08:00","entry_id":16910,"field1":"0.125","field2":"-1.3125"},{"created_at":"2019-01-25T06:33:17-08:00","entry_id":16911,"field1":"0.125","field2":"-1.1875"},{"created_at":"2019-01-25T06:42:52-08:00","entry_id":16912,"field1":"0.125","field2":"-1.25"},{"created_at":"2019-01-25T06:52:30-08:00","entry_id":16913,"field1":"0.125","field2":"-1.25"},{"created_at":"2019-01-25T07:02:06-08:00","entry_id":16914,"field1":"0.125","field2":"-1.1875"},{"created_at":"2019-01-25T07:11:43-08:00","entry_id":16915,"field1":"0.125","field2":"-1.1875"},{"created_at":"2019-01-25T07:21:24-08:00","entry_id":16916,"field1":"0.125","field2":"-1.3125"},{"created_at":"2019-01-25T07:30:59-08:00","entry_id":16917,"field1":"0.125","field2":"-1.1875"},{"created_at":"2019-01-25T07:40:36-08:00","entry_id":16918,"field1":"0.125","field2":"-1.375"},{"created_at":"2019-01-25T07:50:13-08:00","entry_id":16919,"field1":"0.125","field2":"-1.25"},{"created_at":"2019-01-25T07:59:50-08:00","entry_id":16920,"field1":"0.125","field2":"-1.3125"},{"created_at":"2019-01-25T08:09:28-08:00","entry_id":16921,"field1":"0.125","field2":"-1.3125"},{"created_at":"2019-01-25T08:19:04-08:00","entry_id":16922,"field1":"0.125","field2":"-1.3125"},{"created_at":"2019-01-25T08:28:41-08:00","entry_id":16923,"field1":"0.125","field2":"-1.25"},{"created_at":"2019-01-25T08:38:22-08:00","entry_id":16924,"field1":"0.125","field2":"-1.125"},{"created_at":"2019-01-25T08:47:57-08:00","entry_id":16925,"field1":"0.125","field2":"-1.1875"},{"created_at":"2019-01-25T08:57:34-08:00","entry_id":16926,"field1":"0.0625","field2":"-1.25"},{"created_at":"2019-01-25T09:07:10-08:00","entry_id":16927,"field1":"0.125","field2":"-1.0625"},{"created_at":"2019-01-25T09:16:47-08:00","entry_id":16928,"field1":"0.125","field2":"-0.9375"},{"created_at":"2019-01-25T09:26:23-08:00","entry_id":16929,"field1":"0.125","field2":"-0.8125"},{"created_at":"2019-01-25T09:36:00-08:00","entry_id":16930,"field1":"0.125","field2":"-0.75"},{"created_at":"2019-01-25T09:45:38-08:00","entry_id":16931,"field1":"0.125","field2":"-0.8125"},{"created_at":"2019-01-25T09:55:14-08:00","entry_id":16932,"field1":"0.125","field2":"-0.625"},{"created_at":"2019-01-25T10:04:51-08:00","entry_id":16933,"field1":"0.125","field2":"-0.375"},{"created_at":"2019-01-25T10:14:28-08:00","entry_id":16934,"field1":"0.125","field2":"-0.1875"},{"created_at":"2019-01-25T10:24:04-08:00","entry_id":16935,"field1":"0.1875","field2":"0"},{"created_at":"2019-01-25T10:33:41-08:00","entry_id":16936,"field1":"0.4375","field2":"0.1875"},{"created_at":"2019-01-25T10:43:19-08:00","entry_id":16937,"field1":"0.6875","field2":"0.6875"},{"created_at":"2019-01-25T10:52:56-08:00","entry_id":16938,"field1":"0.75","field2":"0.625"},{"created_at":"2019-01-25T11:02:33-08:00","entry_id":16939,"field1":"0.6875","field2":"0.375"},{"created_at":"2019-01-25T11:12:11-08:00","entry_id":16940,"field1":"0.6875","field2":"0.375"},{"created_at":"2019-01-25T11:21:48-08:00","entry_id":16941,"field1":"0.6875","field2":"0.5"},{"created_at":"2019-01-25T11:31:25-08:00","entry_id":16942,"field1":"0.6875","field2":"0.5"},{"created_at":"2019-01-25T11:41:02-08:00","entry_id":16943,"field1":"0.6875","field2":"0.625"},{"created_at":"2019-01-25T11:50:39-08:00","entry_id":16944,"field1":"0.6875","field2":"0.6875"},{"created_at":"2019-01-25T12:00:15-08:00","entry_id":16945,"field1":"0.6875","field2":"0.6875"},{"created_at":"2019-01-25T12:09:53-08:00","entry_id":16946,"field1":"0.6875","field2":"0.4375"},{"created_at":"2019-01-25T12:19:29-08:00","entry_id":16947,"field1":"0.75","field2":"0.625"},{"created_at":"2019-01-25T12:29:06-08:00","entry_id":16948,"field1":"0.75","field2":"0.6875"},{"created_at":"2019-01-25T12:38:43-08:00","entry_id":16949,"field1":"0.75","field2":"1"},{"created_at":"2019-01-25T12:48:19-08:00","entry_id":16950,"field1":"0.8125","field2":"1.3125"},{"created_at":"2019-01-25T12:57:56-08:00","entry_id":16951,"field1":"0.875","field2":"1.125"},{"created_at":"2019-01-25T13:07:34-08:00","entry_id":16952,"field1":"0.875","field2":"1.1875"},{"created_at":"2019-01-25T13:17:10-08:00","entry_id":16953,"field1":"0.875","field2":"1.375"},{"created_at":"2019-01-25T13:26:46-08:00","entry_id":16954,"field1":"0.875","field2":"1.25"},{"created_at":"2019-01-25T13:36:24-08:00","entry_id":16955,"field1":"0.875","field2":"1"},{"created_at":"2019-01-25T13:46:00-08:00","entry_id":16956,"field1":"0.875","field2":"1.0625"},{"created_at":"2019-01-25T13:55:37-08:00","entry_id":16957,"field1":"0.875","field2":"1.1875"},{"created_at":"2019-01-25T14:05:13-08:00","entry_id":16958,"field1":"0.875","field2":"1.3125"},{"created_at":"2019-01-25T14:14:54-08:00","entry_id":16959,"field1":"0.875","field2":"1.25"},{"created_at":"2019-01-25T14:24:29-08:00","entry_id":16960,"field1":"0.875","field2":"1.25"},{"created_at":"2019-01-25T14:34:05-08:00","entry_id":16961,"field1":"0.875","field2":"1.25"},{"created_at":"2019-01-25T14:43:41-08:00","entry_id":16962,"field1":"0.875","field2":"1.3125"},{"created_at":"2019-01-25T14:53:17-08:00","entry_id":16963,"field1":"0.875","field2":"1.3125"},{"created_at":"2019-01-25T15:02:55-08:00","entry_id":16964,"field1":"0.875","field2":"1.25"},{"created_at":"2019-01-25T15:12:35-08:00","entry_id":16965,"field1":"0.875","field2":"1.1875"},{"created_at":"2019-01-25T15:22:10-08:00","entry_id":16966,"field1":"0.9375","field2":"1.0625"},{"created_at":"2019-01-25T15:31:47-08:00","entry_id":16967,"field1":"0.875","field2":"0.9375"},{"created_at":"2019-01-25T15:41:23-08:00","entry_id":16968,"field1":"0.875","field2":"0.8125"},{"created_at":"2019-01-25T15:51:00-08:00","entry_id":16969,"field1":"0.875","field2":"0.625"},{"created_at":"2019-01-25T16:00:38-08:00","entry_id":16970,"field1":"0.875","field2":"0.5625"},{"created_at":"2019-01-25T16:10:14-08:00","entry_id":16971,"field1":"0.875","field2":"0.5"},{"created_at":"2019-01-25T16:19:51-08:00","entry_id":16972,"field1":"0.875","field2":"0.4375"},{"created_at":"2019-01-25T16:29:28-08:00","entry_id":16973,"field1":"0.875","field2":"0.375"},{"created_at":"2019-01-25T16:39:04-08:00","entry_id":16974,"field1":"0.875","field2":"0.375"},{"created_at":"2019-01-25T16:48:41-08:00","entry_id":16975,"field1":"0.875","field2":"0.375"},{"created_at":"2019-01-25T16:58:18-08:00","entry_id":16976,"field1":"0.875","field2":"0.3125"},{"created_at":"2019-01-25T17:07:56-08:00","entry_id":16977,"field1":"0.8125","field2":"0.25"},{"created_at":"2019-01-25T17:17:33-08:00","entry_id":16978,"field1":"0.8125","field2":"0.25"},{"created_at":"2019-01-25T17:27:10-08:00","entry_id":16979,"field1":"0.8125","field2":"0.25"},{"created_at":"2019-01-25T17:36:46-08:00","entry_id":16980,"field1":"0.8125","field2":"0.25"},{"created_at":"2019-01-25T17:46:23-08:00","entry_id":16981,"field1":"0.8125","field2":"0.25"},{"created_at":"2019-01-25T17:56:00-08:00","entry_id":16982,"field1":"0.8125","field2":"0.25"},{"created_at":"2019-01-25T18:05:37-08:00","entry_id":16983,"field1":"0.8125","field2":"0.1875"},{"created_at":"2019-01-25T18:15:13-08:00","entry_id":16984,"field1":"0.8125","field2":"0.1875"},{"created_at":"2019-01-25T18:24:50-08:00","entry_id":16985,"field1":"0.8125","field2":"0.1875"},{"created_at":"2019-01-25T18:34:26-08:00","entry_id":16986,"field1":"0.8125","field2":"0.1875"},{"created_at":"2019-01-25T18:44:04-08:00","entry_id":16987,"field1":"0.8125","field2":"0.1875"},{"created_at":"2019-01-25T18:53:40-08:00","entry_id":16988,"field1":"0.8125","field2":"0.1875"},{"created_at":"2019-01-25T19:03:17-08:00","entry_id":16989,"field1":"0.8125","field2":"0.1875"},{"created_at":"2019-01-25T19:12:53-08:00","entry_id":16990,"field1":"0.8125","field2":"0.125"},{"created_at":"2019-01-25T19:22:28-08:00","entry_id":16991,"field1":"0.8125","field2":"0.125"},{"created_at":"2019-01-25T19:32:05-08:00","entry_id":16992,"field1":"0.8125","field2":"0.125"},{"created_at":"2019-01-25T19:41:42-08:00","entry_id":16993,"field1":"0.75","field2":"0.125"},{"created_at":"2019-01-25T19:51:18-08:00","entry_id":16994,"field1":"0.75","field2":"0.125"},{"created_at":"2019-01-25T20:00:57-08:00","entry_id":16995,"field1":"0.75","field2":"0.125"},{"created_at":"2019-01-25T20:10:33-08:00","entry_id":16996,"field1":"0.75","field2":"0.125"},{"created_at":"2019-01-25T20:20:09-08:00","entry_id":16997,"field1":"0.75","field2":"0.0625"},{"created_at":"2019-01-25T20:29:46-08:00","entry_id":16998,"field1":"0.75","field2":"0.125"},{"created_at":"2019-01-25T20:39:23-08:00","entry_id":16999,"field1":"0.75","field2":"0.125"},{"created_at":"2019-01-25T20:49:00-08:00","entry_id":17000,"field1":"0.75","field2":"0.0625"},{"created_at":"2019-01-25T20:58:36-08:00","entry_id":17001,"field1":"0.75","field2":"0.125"},{"created_at":"2019-01-25T21:08:13-08:00","entry_id":17002,"field1":"0.75","field2":"0.0625"},{"created_at":"2019-01-25T21:17:49-08:00","entry_id":17003,"field1":"0.75","field2":"0.125"},{"created_at":"2019-01-25T21:27:26-08:00","entry_id":17004,"field1":"0.75","field2":"0.0625"},{"created_at":"2019-01-25T21:37:04-08:00","entry_id":17005,"field1":"0.75","field2":"0.0625"},{"created_at":"2019-01-25T21:46:41-08:00","entry_id":17006,"field1":"0.6875","field2":"0"},{"created_at":"2019-01-25T21:56:20-08:00","entry_id":17007,"field1":"0.75","field2":"0.0625"},{"created_at":"2019-01-25T22:05:56-08:00","entry_id":17008,"field1":"0.6875","field2":"0"},{"created_at":"2019-01-25T22:15:33-08:00","entry_id":17009,"field1":"0.6875","field2":"0.0625"},{"created_at":"2019-01-25T22:25:09-08:00","entry_id":17010,"field1":"0.75","field2":"0.125"},{"created_at":"2019-01-25T22:34:46-08:00","entry_id":17011,"field1":"0.6875","field2":"0.0625"},{"created_at":"2019-01-25T22:44:24-08:00","entry_id":17012,"field1":"0.6875","field2":"0.125"},{"created_at":"2019-01-25T22:54:05-08:00","entry_id":17013,"field1":"0.6875","field2":"0.0625"},{"created_at":"2019-01-25T23:03:39-08:00","entry_id":17014,"field1":"0.6875","field2":"0.125"},{"created_at":"2019-01-25T23:13:16-08:00","entry_id":17015,"field1":"0.6875","field2":"0.125"},{"created_at":"2019-01-25T23:22:53-08:00","entry_id":17016,"field1":"0.6875","field2":"0.125"},{"created_at":"2019-01-25T23:32:30-08:00","entry_id":17017,"field1":"0.6875","field2":"0.125"},{"created_at":"2019-01-25T23:42:09-08:00","entry_id":17018,"field1":"0.6875","field2":"0.125"},{"created_at":"2019-01-25T23:51:53-08:00","entry_id":17019,"field1":"0.6875","field2":"0.125"}]}