{"channel":{"id":581842,"name":"Upstairs Small Window Indoor / Outdoor Sensor","latitude":"0.0","longitude":"0.0","field1":"Indoor Temperature","field2":"Outdoor Temperature","created_at":"2018-09-23T15:37:52-07:00","updated_at":"2020-07-27T05:59:41-07:00","last_entry_id":150129},"feeds":[{"created_at":"2021-02-21T00:08:42-08:00","entry_id":125867,"field1":"0.625","field2":"0.375"},{"created_at":"2021-02-21T00:18:20-08:00","entry_id":125868,"field1":"0.625","field2":"0.375"},{"created_at":"2021-02-21T00:27:57-08:00","entry_id":125869,"field1":"0.625","field2":"0.375"},{"created_at":"2021-02-21T00:37:33-08:00","entry_id":125870,"field1":"0.625","field2":"0.3125"},{"created_at":"2021-02-21T00:47:10-08:00","entry_id":125871,"field1":"0.625","field2":"0.3125"},{"created_at":"2021-02-21T00:56:54-08:00","entry_id":125872,"field1":"0.625","field2":"0.3125"},{"created_at":"2021-02-21T01:06:40-08:00","entry_id":125873,"field1":"0.625","field2":"0.3125"},{"created_at":"2021-02-21T01:16:18-08:00","entry_id":125874,"field1":"0.625","field2":"0.3125"},{"created_at":"2021-02-21T01:25:54-08:00","entry_id":125875,"field1":"0.625","field2":"0.25"},{"created_at":"2021-02-21T01:35:30-08:00","entry_id":125876,"field1":"0.625","field2":"0.3125"},{"created_at":"2021-02-21T01:45:08-08:00","entry_id":125877,"field1":"0.625","field2":"0.3125"},{"created_at":"2021-02-21T01:54:45-08:00","entry_id":125878,"field1":"0.625","field2":"0.25"},{"created_at":"2021-02-21T02:04:19-08:00","entry_id":125879,"field1":"0.625","field2":"0.25"},{"created_at":"2021-02-21T02:13:57-08:00","entry_id":125880,"field1":"0.625","field2":"0.25"},{"created_at":"2021-02-21T02:23:34-08:00","entry_id":125881,"field1":"0.625","field2":"0.25"},{"created_at":"2021-02-21T02:33:11-08:00","entry_id":125882,"field1":"0.625","field2":"0.3125"},{"created_at":"2021-02-21T02:42:48-08:00","entry_id":125883,"field1":"0.625","field2":"0.3125"},{"created_at":"2021-02-21T02:52:23-08:00","entry_id":125884,"field1":"0.625","field2":"0.25"},{"created_at":"2021-02-21T03:02:01-08:00","entry_id":125885,"field1":"0.625","field2":"0.1875"},{"created_at":"2021-02-21T03:11:38-08:00","entry_id":125886,"field1":"0.625","field2":"0.125"},{"created_at":"2021-02-21T03:21:15-08:00","entry_id":125887,"field1":"0.625","field2":"0.125"},{"created_at":"2021-02-21T03:30:52-08:00","entry_id":125888,"field1":"0.625","field2":"0.125"},{"created_at":"2021-02-21T03:40:27-08:00","entry_id":125889,"field1":"0.625","field2":"0.125"},{"created_at":"2021-02-21T03:50:03-08:00","entry_id":125890,"field1":"0.625","field2":"0.0625"},{"created_at":"2021-02-21T03:59:41-08:00","entry_id":125891,"field1":"0.625","field2":"0"},{"created_at":"2021-02-21T04:09:16-08:00","entry_id":125892,"field1":"0.625","field2":"0"},{"created_at":"2021-02-21T04:18:54-08:00","entry_id":125893,"field1":"0.625","field2":"0"},{"created_at":"2021-02-21T04:28:30-08:00","entry_id":125894,"field1":"0.625","field2":"-0.0625"},{"created_at":"2021-02-21T04:38:06-08:00","entry_id":125895,"field1":"0.625","field2":"-0.0625"},{"created_at":"2021-02-21T04:47:42-08:00","entry_id":125896,"field1":"0.625","field2":"-0.125"},{"created_at":"2021-02-21T04:57:20-08:00","entry_id":125897,"field1":"0.625","field2":"-0.0625"},{"created_at":"2021-02-21T05:06:56-08:00","entry_id":125898,"field1":"0.625","field2":"-0.0625"},{"created_at":"2021-02-21T05:16:34-08:00","entry_id":125899,"field1":"0.625","field2":"-0.0625"},{"created_at":"2021-02-21T05:26:11-08:00","entry_id":125900,"field1":"0.625","field2":"-0.125"},{"created_at":"2021-02-21T05:35:48-08:00","entry_id":125901,"field1":"0.625","field2":"-0.125"},{"created_at":"2021-02-21T05:45:23-08:00","entry_id":125902,"field1":"0.625","field2":"-0.0625"},{"created_at":"2021-02-21T05:55:01-08:00","entry_id":125903,"field1":"0.625","field2":"-0.0625"},{"created_at":"2021-02-21T06:04:36-08:00","entry_id":125904,"field1":"0.625","field2":"-0.0625"},{"created_at":"2021-02-21T06:14:14-08:00","entry_id":125905,"field1":"0.625","field2":"-0.0625"},{"created_at":"2021-02-21T06:23:51-08:00","entry_id":125906,"field1":"0.625","field2":"-0.0625"},{"created_at":"2021-02-21T06:33:28-08:00","entry_id":125907,"field1":"0.625","field2":"-0.0625"},{"created_at":"2021-02-21T06:43:03-08:00","entry_id":125908,"field1":"0.625","field2":"-0.0625"},{"created_at":"2021-02-21T06:52:41-08:00","entry_id":125909,"field1":"0.625","field2":"-0.0625"},{"created_at":"2021-02-21T07:02:17-08:00","entry_id":125910,"field1":"0.625","field2":"-0.0625"},{"created_at":"2021-02-21T07:11:55-08:00","entry_id":125911,"field1":"0.625","field2":"-0.0625"},{"created_at":"2021-02-21T07:21:31-08:00","entry_id":125912,"field1":"0.625","field2":"-0.0625"},{"created_at":"2021-02-21T07:31:09-08:00","entry_id":125913,"field1":"0.625","field2":"0"},{"created_at":"2021-02-21T07:40:46-08:00","entry_id":125914,"field1":"0.625","field2":"0"},{"created_at":"2021-02-21T07:50:21-08:00","entry_id":125915,"field1":"0.5625","field2":"0.0625"},{"created_at":"2021-02-21T07:59:57-08:00","entry_id":125916,"field1":"0.5625","field2":"0.125"},{"created_at":"2021-02-21T08:09:35-08:00","entry_id":125917,"field1":"0.625","field2":"0.1875"},{"created_at":"2021-02-21T08:19:10-08:00","entry_id":125918,"field1":"0.625","field2":"0.25"},{"created_at":"2021-02-21T08:28:47-08:00","entry_id":125919,"field1":"0.625","field2":"0.375"},{"created_at":"2021-02-21T08:38:24-08:00","entry_id":125920,"field1":"0.625","field2":"0.5"},{"created_at":"2021-02-21T08:48:00-08:00","entry_id":125921,"field1":"0.625","field2":"0.5625"},{"created_at":"2021-02-21T08:57:36-08:00","entry_id":125922,"field1":"0.625","field2":"0.625"},{"created_at":"2021-02-21T09:07:14-08:00","entry_id":125923,"field1":"0.625","field2":"0.75"},{"created_at":"2021-02-21T09:16:51-08:00","entry_id":125924,"field1":"0.625","field2":"0.875"},{"created_at":"2021-02-21T09:26:27-08:00","entry_id":125925,"field1":"0.625","field2":"1"},{"created_at":"2021-02-21T09:36:03-08:00","entry_id":125926,"field1":"0.6875","field2":"1"},{"created_at":"2021-02-21T09:45:40-08:00","entry_id":125927,"field1":"0.6875","field2":"1"},{"created_at":"2021-02-21T09:55:16-08:00","entry_id":125928,"field1":"0.6875","field2":"1.125"},{"created_at":"2021-02-21T10:04:53-08:00","entry_id":125929,"field1":"0.6875","field2":"1.125"},{"created_at":"2021-02-21T10:14:29-08:00","entry_id":125930,"field1":"0.6875","field2":"1"},{"created_at":"2021-02-21T10:24:06-08:00","entry_id":125931,"field1":"0.75","field2":"1.375"},{"created_at":"2021-02-21T10:33:44-08:00","entry_id":125932,"field1":"0.75","field2":"1.4375"},{"created_at":"2021-02-21T10:43:21-08:00","entry_id":125933,"field1":"0.75","field2":"1.75"},{"created_at":"2021-02-21T10:52:56-08:00","entry_id":125934,"field1":"0.8125","field2":"1.6875"},{"created_at":"2021-02-21T11:02:33-08:00","entry_id":125935,"field1":"0.8125","field2":"1.5625"},{"created_at":"2021-02-21T11:12:09-08:00","entry_id":125936,"field1":"0.8125","field2":"1.6875"},{"created_at":"2021-02-21T11:21:46-08:00","entry_id":125937,"field1":"0.875","field2":"1.625"},{"created_at":"2021-02-21T11:31:22-08:00","entry_id":125938,"field1":"0.875","field2":"1.6875"},{"created_at":"2021-02-21T11:40:58-08:00","entry_id":125939,"field1":"0.875","field2":"1.6875"},{"created_at":"2021-02-21T11:50:34-08:00","entry_id":125940,"field1":"0.875","field2":"1.875"},{"created_at":"2021-02-21T12:00:12-08:00","entry_id":125941,"field1":"0.9375","field2":"1.625"},{"created_at":"2021-02-21T12:09:48-08:00","entry_id":125942,"field1":"0.9375","field2":"1.75"},{"created_at":"2021-02-21T12:19:27-08:00","entry_id":125943,"field1":"0.9375","field2":"1.9375"},{"created_at":"2021-02-21T12:29:02-08:00","entry_id":125944,"field1":"1","field2":"2.0625"},{"created_at":"2021-02-21T12:38:40-08:00","entry_id":125945,"field1":"1","field2":"2.1875"},{"created_at":"2021-02-21T12:48:17-08:00","entry_id":125946,"field1":"1.0625","field2":"2.0625"},{"created_at":"2021-02-21T12:57:55-08:00","entry_id":125947,"field1":"1.0625","field2":"2.25"},{"created_at":"2021-02-21T13:07:30-08:00","entry_id":125948,"field1":"1.0625","field2":"2.375"},{"created_at":"2021-02-21T13:17:08-08:00","entry_id":125949,"field1":"1.125","field2":"2.3125"},{"created_at":"2021-02-21T13:26:46-08:00","entry_id":125950,"field1":"1.125","field2":"2.375"},{"created_at":"2021-02-21T13:36:23-08:00","entry_id":125951,"field1":"1.125","field2":"2"},{"created_at":"2021-02-21T13:46:00-08:00","entry_id":125952,"field1":"1.125","field2":"2.0625"},{"created_at":"2021-02-21T13:55:38-08:00","entry_id":125953,"field1":"1.1875","field2":"2"},{"created_at":"2021-02-21T14:05:13-08:00","entry_id":125954,"field1":"1.1875","field2":"1.9375"},{"created_at":"2021-02-21T14:14:49-08:00","entry_id":125955,"field1":"1.1875","field2":"1.6875"},{"created_at":"2021-02-21T14:24:28-08:00","entry_id":125956,"field1":"1.1875","field2":"1.8125"},{"created_at":"2021-02-21T14:34:05-08:00","entry_id":125957,"field1":"1.1875","field2":"1.75"},{"created_at":"2021-02-21T14:43:42-08:00","entry_id":125958,"field1":"1.1875","field2":"1.625"},{"created_at":"2021-02-21T14:53:19-08:00","entry_id":125959,"field1":"1.1875","field2":"1.625"},{"created_at":"2021-02-21T15:02:54-08:00","entry_id":125960,"field1":"1.1875","field2":"1.6875"},{"created_at":"2021-02-21T15:12:30-08:00","entry_id":125961,"field1":"1.1875","field2":"1.6875"},{"created_at":"2021-02-21T15:22:07-08:00","entry_id":125962,"field1":"1.1875","field2":"1.75"},{"created_at":"2021-02-21T15:31:45-08:00","entry_id":125963,"field1":"1.1875","field2":"1.75"},{"created_at":"2021-02-21T15:41:22-08:00","entry_id":125964,"field1":"1.25","field2":"1.625"},{"created_at":"2021-02-21T15:50:59-08:00","entry_id":125965,"field1":"1.25","field2":"1.625"},{"created_at":"2021-02-21T16:00:37-08:00","entry_id":125966,"field1":"1.25","field2":"1.4375"},{"created_at":"2021-02-21T16:10:13-08:00","entry_id":125967,"field1":"1.25","field2":"1.375"},{"created_at":"2021-02-21T16:19:49-08:00","entry_id":125968,"field1":"1.25","field2":"1.4375"},{"created_at":"2021-02-21T16:29:27-08:00","entry_id":125969,"field1":"1.25","field2":"1.25"},{"created_at":"2021-02-21T16:39:04-08:00","entry_id":125970,"field1":"1.25","field2":"1.25"},{"created_at":"2021-02-21T16:48:41-08:00","entry_id":125971,"field1":"1.1875","field2":"1.1875"},{"created_at":"2021-02-21T16:58:17-08:00","entry_id":125972,"field1":"1.1875","field2":"1.1875"},{"created_at":"2021-02-21T17:07:53-08:00","entry_id":125973,"field1":"1.1875","field2":"1.125"},{"created_at":"2021-02-21T17:17:31-08:00","entry_id":125974,"field1":"1.1875","field2":"1.0625"},{"created_at":"2021-02-21T17:27:06-08:00","entry_id":125975,"field1":"1.1875","field2":"0.9375"},{"created_at":"2021-02-21T17:36:45-08:00","entry_id":125976,"field1":"1.1875","field2":"0.9375"},{"created_at":"2021-02-21T17:46:21-08:00","entry_id":125977,"field1":"1.1875","field2":"0.9375"},{"created_at":"2021-02-21T17:55:59-08:00","entry_id":125978,"field1":"1.1875","field2":"0.9375"},{"created_at":"2021-02-21T18:05:35-08:00","entry_id":125979,"field1":"1.1875","field2":"0.875"},{"created_at":"2021-02-21T18:15:12-08:00","entry_id":125980,"field1":"1.1875","field2":"0.875"},{"created_at":"2021-02-21T18:24:49-08:00","entry_id":125981,"field1":"1.1875","field2":"0.75"},{"created_at":"2021-02-21T18:34:24-08:00","entry_id":125982,"field1":"1.1875","field2":"0.75"},{"created_at":"2021-02-21T18:44:03-08:00","entry_id":125983,"field1":"1.1875","field2":"0.75"},{"created_at":"2021-02-21T18:53:38-08:00","entry_id":125984,"field1":"1.1875","field2":"0.75"},{"created_at":"2021-02-21T19:03:14-08:00","entry_id":125985,"field1":"1.1875","field2":"0.6875"},{"created_at":"2021-02-21T19:12:51-08:00","entry_id":125986,"field1":"1.1875","field2":"0.75"},{"created_at":"2021-02-21T19:22:29-08:00","entry_id":125987,"field1":"1.1875","field2":"0.75"},{"created_at":"2021-02-21T19:32:06-08:00","entry_id":125988,"field1":"1.1875","field2":"0.875"},{"created_at":"2021-02-21T19:41:43-08:00","entry_id":125989,"field1":"1.1875","field2":"0.8125"},{"created_at":"2021-02-21T19:51:21-08:00","entry_id":125990,"field1":"1.1875","field2":"1.25"},{"created_at":"2021-02-21T20:00:57-08:00","entry_id":125991,"field1":"1.1875","field2":"1.25"},{"created_at":"2021-02-21T20:10:35-08:00","entry_id":125992,"field1":"1.1875","field2":"1.375"},{"created_at":"2021-02-21T20:20:12-08:00","entry_id":125993,"field1":"1.1875","field2":"1.625"},{"created_at":"2021-02-21T20:29:49-08:00","entry_id":125994,"field1":"1.1875","field2":"1.8125"},{"created_at":"2021-02-21T20:39:26-08:00","entry_id":125995,"field1":"1.1875","field2":"2"},{"created_at":"2021-02-21T20:49:01-08:00","entry_id":125996,"field1":"1.1875","field2":"2.1875"},{"created_at":"2021-02-21T20:58:38-08:00","entry_id":125997,"field1":"1.25","field2":"3"},{"created_at":"2021-02-21T21:08:14-08:00","entry_id":125998,"field1":"1.25","field2":"3.5"},{"created_at":"2021-02-21T21:17:52-08:00","entry_id":125999,"field1":"1.25","field2":"3.5"},{"created_at":"2021-02-21T21:27:28-08:00","entry_id":126000,"field1":"1.25","field2":"3.625"},{"created_at":"2021-02-21T21:37:04-08:00","entry_id":126001,"field1":"1.3125","field2":"3.6875"},{"created_at":"2021-02-21T21:46:42-08:00","entry_id":126002,"field1":"1.3125","field2":"4.9375"},{"created_at":"2021-02-21T21:56:19-08:00","entry_id":126003,"field1":"1.375","field2":"5.3125"},{"created_at":"2021-02-21T22:05:57-08:00","entry_id":126004,"field1":"1.375","field2":"5.875"},{"created_at":"2021-02-21T22:15:32-08:00","entry_id":126005,"field1":"1.4375","field2":"3.6875"},{"created_at":"2021-02-21T22:25:10-08:00","entry_id":126006,"field1":"1.4375","field2":"3.875"},{"created_at":"2021-02-21T22:34:48-08:00","entry_id":126007,"field1":"1.5","field2":"3.8125"},{"created_at":"2021-02-21T22:44:26-08:00","entry_id":126008,"field1":"1.5","field2":"3.875"},{"created_at":"2021-02-21T22:54:02-08:00","entry_id":126009,"field1":"1.5","field2":"3.3125"},{"created_at":"2021-02-21T23:03:39-08:00","entry_id":126010,"field1":"1.5625","field2":"3.25"},{"created_at":"2021-02-21T23:13:16-08:00","entry_id":126011,"field1":"1.5625","field2":"3.1875"},{"created_at":"2021-02-21T23:22:54-08:00","entry_id":126012,"field1":"1.5625","field2":"3.6875"},{"created_at":"2021-02-21T23:32:31-08:00","entry_id":126013,"field1":"1.5625","field2":"3.4375"},{"created_at":"2021-02-21T23:42:08-08:00","entry_id":126014,"field1":"1.625","field2":"3.875"},{"created_at":"2021-02-21T23:51:44-08:00","entry_id":126015,"field1":"1.625","field2":"3.3125"}]}