{"channel":{"id":581842,"name":"Upstairs Small Window Indoor / Outdoor Sensor","latitude":"0.0","longitude":"0.0","field1":"Indoor Temperature","field2":"Outdoor Temperature","created_at":"2018-09-23T15:37:52-07:00","updated_at":"2020-07-27T05:59:41-07:00","last_entry_id":150128},"feeds":[{"created_at":"2018-12-28T00:03:34-08:00","entry_id":12681,"field1":"0.3125","field2":"-0.6875"},{"created_at":"2018-12-28T00:13:12-08:00","entry_id":12682,"field1":"0.3125","field2":"-0.625"},{"created_at":"2018-12-28T00:22:48-08:00","entry_id":12683,"field1":"0.3125","field2":"-0.75"},{"created_at":"2018-12-28T00:32:25-08:00","entry_id":12684,"field1":"0.3125","field2":"-0.875"},{"created_at":"2018-12-28T00:42:06-08:00","entry_id":12685,"field1":"0.3125","field2":"-1"},{"created_at":"2018-12-28T00:51:41-08:00","entry_id":12686,"field1":"0.3125","field2":"-1.125"},{"created_at":"2018-12-28T01:01:18-08:00","entry_id":12687,"field1":"0.3125","field2":"-1.125"},{"created_at":"2018-12-28T01:10:55-08:00","entry_id":12688,"field1":"0.25","field2":"-1"},{"created_at":"2018-12-28T01:20:31-08:00","entry_id":12689,"field1":"0.25","field2":"-0.8125"},{"created_at":"2018-12-28T01:30:08-08:00","entry_id":12690,"field1":"0.3125","field2":"-0.875"},{"created_at":"2018-12-28T01:39:45-08:00","entry_id":12691,"field1":"0.25","field2":"-0.9375"},{"created_at":"2018-12-28T01:49:21-08:00","entry_id":12692,"field1":"0.25","field2":"-0.875"},{"created_at":"2018-12-28T01:58:58-08:00","entry_id":12693,"field1":"0.25","field2":"-0.9375"},{"created_at":"2018-12-28T02:08:36-08:00","entry_id":12694,"field1":"0.25","field2":"-0.875"},{"created_at":"2018-12-28T02:18:12-08:00","entry_id":12695,"field1":"0.25","field2":"-1.0625"},{"created_at":"2018-12-28T02:27:49-08:00","entry_id":12696,"field1":"0.25","field2":"-0.9375"},{"created_at":"2018-12-28T02:37:25-08:00","entry_id":12697,"field1":"0.25","field2":"-0.9375"},{"created_at":"2018-12-28T02:47:02-08:00","entry_id":12698,"field1":"0.25","field2":"-1.125"},{"created_at":"2018-12-28T02:56:39-08:00","entry_id":12699,"field1":"0.25","field2":"-1.125"},{"created_at":"2018-12-28T03:06:16-08:00","entry_id":12700,"field1":"0.25","field2":"-1.25"},{"created_at":"2018-12-28T03:15:52-08:00","entry_id":12701,"field1":"0.25","field2":"-1.4375"},{"created_at":"2018-12-28T03:25:33-08:00","entry_id":12702,"field1":"0.25","field2":"-1.3125"},{"created_at":"2018-12-28T03:35:08-08:00","entry_id":12703,"field1":"0.25","field2":"-1.375"},{"created_at":"2018-12-28T03:44:45-08:00","entry_id":12704,"field1":"0.25","field2":"-1.375"},{"created_at":"2018-12-28T03:54:21-08:00","entry_id":12705,"field1":"0.25","field2":"-1.25"},{"created_at":"2018-12-28T04:03:57-08:00","entry_id":12706,"field1":"0.25","field2":"-1.5"},{"created_at":"2018-12-28T04:13:34-08:00","entry_id":12707,"field1":"0.1875","field2":"-1.4375"},{"created_at":"2018-12-28T04:23:12-08:00","entry_id":12708,"field1":"0.25","field2":"-1.3125"},{"created_at":"2018-12-28T04:32:48-08:00","entry_id":12709,"field1":"0.1875","field2":"-1.4375"},{"created_at":"2018-12-28T04:42:25-08:00","entry_id":12710,"field1":"0.1875","field2":"-1.375"},{"created_at":"2018-12-28T04:52:02-08:00","entry_id":12711,"field1":"0.1875","field2":"-1.5"},{"created_at":"2018-12-28T05:01:39-08:00","entry_id":12712,"field1":"0.25","field2":"-1.4375"},{"created_at":"2018-12-28T05:11:16-08:00","entry_id":12713,"field1":"0.1875","field2":"-1.4375"},{"created_at":"2018-12-28T05:20:53-08:00","entry_id":12714,"field1":"0.1875","field2":"-1.5625"},{"created_at":"2018-12-28T05:30:29-08:00","entry_id":12715,"field1":"0.1875","field2":"-1.4375"},{"created_at":"2018-12-28T05:40:07-08:00","entry_id":12716,"field1":"0.1875","field2":"-1.375"},{"created_at":"2018-12-28T05:49:43-08:00","entry_id":12717,"field1":"0.1875","field2":"-1.25"},{"created_at":"2018-12-28T05:59:22-08:00","entry_id":12718,"field1":"0.1875","field2":"-1.5"},{"created_at":"2018-12-28T06:08:58-08:00","entry_id":12719,"field1":"0.1875","field2":"-1.5"},{"created_at":"2018-12-28T06:18:34-08:00","entry_id":12720,"field1":"0.1875","field2":"-1.4375"},{"created_at":"2018-12-28T06:28:10-08:00","entry_id":12721,"field1":"0.1875","field2":"-1.5"},{"created_at":"2018-12-28T06:37:47-08:00","entry_id":12722,"field1":"0.1875","field2":"-1.6875"},{"created_at":"2018-12-28T06:47:24-08:00","entry_id":12723,"field1":"0.1875","field2":"-1.4375"},{"created_at":"2018-12-28T06:57:02-08:00","entry_id":12724,"field1":"0.125","field2":"-1.4375"},{"created_at":"2018-12-28T07:06:38-08:00","entry_id":12725,"field1":"0.125","field2":"-1.5"},{"created_at":"2018-12-28T07:16:14-08:00","entry_id":12726,"field1":"0.125","field2":"-1.5"},{"created_at":"2018-12-28T07:25:51-08:00","entry_id":12727,"field1":"0.125","field2":"-1.6875"},{"created_at":"2018-12-28T07:35:28-08:00","entry_id":12728,"field1":"0.125","field2":"-1.9375"},{"created_at":"2018-12-28T07:45:05-08:00","entry_id":12729,"field1":"0.125","field2":"-1.625"},{"created_at":"2018-12-28T07:54:41-08:00","entry_id":12730,"field1":"0.125","field2":"-2"},{"created_at":"2018-12-28T08:04:18-08:00","entry_id":12731,"field1":"0.125","field2":"-2"},{"created_at":"2018-12-28T08:13:55-08:00","entry_id":12732,"field1":"0.0625","field2":"-1.9375"},{"created_at":"2018-12-28T08:23:31-08:00","entry_id":12733,"field1":"0.125","field2":"-1.9375"},{"created_at":"2018-12-28T08:33:08-08:00","entry_id":12734,"field1":"0.125","field2":"-1.9375"},{"created_at":"2018-12-28T08:42:45-08:00","entry_id":12735,"field1":"0.125","field2":"-1.875"},{"created_at":"2018-12-28T08:52:21-08:00","entry_id":12736,"field1":"0.0625","field2":"-1.875"},{"created_at":"2018-12-28T09:02:00-08:00","entry_id":12737,"field1":"0.125","field2":"-1.75"},{"created_at":"2018-12-28T09:11:36-08:00","entry_id":12738,"field1":"0.0625","field2":"-1.6875"},{"created_at":"2018-12-28T09:21:13-08:00","entry_id":12739,"field1":"0.125","field2":"-1.5625"},{"created_at":"2018-12-28T09:30:50-08:00","entry_id":12740,"field1":"0.125","field2":"-1.3125"},{"created_at":"2018-12-28T09:40:27-08:00","entry_id":12741,"field1":"0.125","field2":"-1.4375"},{"created_at":"2018-12-28T09:50:04-08:00","entry_id":12742,"field1":"0.0625","field2":"-1.4375"},{"created_at":"2018-12-28T09:59:41-08:00","entry_id":12743,"field1":"0.125","field2":"-1.3125"},{"created_at":"2018-12-28T10:09:17-08:00","entry_id":12744,"field1":"0.0625","field2":"-1.3125"},{"created_at":"2018-12-28T10:18:54-08:00","entry_id":12745,"field1":"0.0625","field2":"-1.0625"},{"created_at":"2018-12-28T10:28:32-08:00","entry_id":12746,"field1":"0.125","field2":"-1.1875"},{"created_at":"2018-12-28T10:38:08-08:00","entry_id":12747,"field1":"0.125","field2":"-1.0625"},{"created_at":"2018-12-28T10:47:44-08:00","entry_id":12748,"field1":"0.0625","field2":"-1"},{"created_at":"2018-12-28T10:57:21-08:00","entry_id":12749,"field1":"0.0625","field2":"-1"},{"created_at":"2018-12-28T11:06:57-08:00","entry_id":12750,"field1":"0.125","field2":"-1"},{"created_at":"2018-12-28T11:16:34-08:00","entry_id":12751,"field1":"0.125","field2":"-1.25"},{"created_at":"2018-12-28T11:26:11-08:00","entry_id":12752,"field1":"0.0625","field2":"-1.125"},{"created_at":"2018-12-28T11:35:47-08:00","entry_id":12753,"field1":"0.0625","field2":"-1.1875"},{"created_at":"2018-12-28T11:45:24-08:00","entry_id":12754,"field1":"0.0625","field2":"-1.125"},{"created_at":"2018-12-28T11:55:00-08:00","entry_id":12755,"field1":"0.0625","field2":"-1"},{"created_at":"2018-12-28T12:04:37-08:00","entry_id":12756,"field1":"0.0625","field2":"-1.0625"},{"created_at":"2018-12-28T12:14:14-08:00","entry_id":12757,"field1":"0.0625","field2":"-1.0625"},{"created_at":"2018-12-28T12:23:50-08:00","entry_id":12758,"field1":"0.0625","field2":"-1.125"},{"created_at":"2018-12-28T12:33:28-08:00","entry_id":12759,"field1":"0.0625","field2":"-1.25"},{"created_at":"2018-12-28T12:43:04-08:00","entry_id":12760,"field1":"0.0625","field2":"-1.3125"},{"created_at":"2018-12-28T12:52:42-08:00","entry_id":12761,"field1":"0.0625","field2":"-1.375"},{"created_at":"2018-12-28T13:02:18-08:00","entry_id":12762,"field1":"0.0625","field2":"-1.375"},{"created_at":"2018-12-28T13:11:55-08:00","entry_id":12763,"field1":"0.125","field2":"-1.375"},{"created_at":"2018-12-28T13:21:32-08:00","entry_id":12764,"field1":"0.125","field2":"-1.1875"},{"created_at":"2018-12-28T13:31:09-08:00","entry_id":12765,"field1":"0.125","field2":"-1.25"},{"created_at":"2018-12-28T13:40:46-08:00","entry_id":12766,"field1":"0.0625","field2":"-1.5625"},{"created_at":"2018-12-28T13:50:22-08:00","entry_id":12767,"field1":"0.0625","field2":"-1.5625"},{"created_at":"2018-12-28T13:59:59-08:00","entry_id":12768,"field1":"0.125","field2":"-1.375"},{"created_at":"2018-12-28T14:09:35-08:00","entry_id":12769,"field1":"0.0625","field2":"-1.25"},{"created_at":"2018-12-28T14:19:12-08:00","entry_id":12770,"field1":"0.0625","field2":"-1.25"},{"created_at":"2018-12-28T14:28:49-08:00","entry_id":12771,"field1":"0.0625","field2":"-1.1875"},{"created_at":"2018-12-28T14:38:26-08:00","entry_id":12772,"field1":"0.0625","field2":"-1.1875"},{"created_at":"2018-12-28T14:48:02-08:00","entry_id":12773,"field1":"0.0625","field2":"-1.125"},{"created_at":"2018-12-28T14:57:39-08:00","entry_id":12774,"field1":"0.0625","field2":"-1.125"},{"created_at":"2018-12-28T15:07:16-08:00","entry_id":12775,"field1":"0.0625","field2":"-1.125"},{"created_at":"2018-12-28T15:16:53-08:00","entry_id":12776,"field1":"0.0625","field2":"-1.125"},{"created_at":"2018-12-28T15:26:29-08:00","entry_id":12777,"field1":"0.0625","field2":"-1.1875"},{"created_at":"2018-12-28T15:36:06-08:00","entry_id":12778,"field1":"0.0625","field2":"-1.25"},{"created_at":"2018-12-28T15:45:42-08:00","entry_id":12779,"field1":"0.0625","field2":"-1.3125"},{"created_at":"2018-12-28T15:55:19-08:00","entry_id":12780,"field1":"0","field2":"-1.1875"},{"created_at":"2018-12-28T16:04:55-08:00","entry_id":12781,"field1":"0","field2":"-1.25"},{"created_at":"2018-12-28T16:14:32-08:00","entry_id":12782,"field1":"0","field2":"-1.3125"},{"created_at":"2018-12-28T16:24:09-08:00","entry_id":12783,"field1":"0","field2":"-1.4375"},{"created_at":"2018-12-28T16:33:45-08:00","entry_id":12784,"field1":"0","field2":"-1.4375"},{"created_at":"2018-12-28T16:43:21-08:00","entry_id":12785,"field1":"0","field2":"-1.4375"},{"created_at":"2018-12-28T16:53:03-08:00","entry_id":12786,"field1":"0","field2":"-1.3125"},{"created_at":"2018-12-28T17:02:37-08:00","entry_id":12787,"field1":"0","field2":"-1.3125"},{"created_at":"2018-12-28T17:12:13-08:00","entry_id":12788,"field1":"0","field2":"-1.375"},{"created_at":"2018-12-28T17:21:51-08:00","entry_id":12789,"field1":"0","field2":"-1.5"},{"created_at":"2018-12-28T17:31:28-08:00","entry_id":12790,"field1":"0","field2":"-1.5"},{"created_at":"2018-12-28T17:41:04-08:00","entry_id":12791,"field1":"0","field2":"-1.625"},{"created_at":"2018-12-28T17:50:40-08:00","entry_id":12792,"field1":"0","field2":"-1.5625"},{"created_at":"2018-12-28T18:00:17-08:00","entry_id":12793,"field1":"0","field2":"-1.5625"},{"created_at":"2018-12-28T18:09:55-08:00","entry_id":12794,"field1":"0","field2":"-1.5625"},{"created_at":"2018-12-28T18:19:30-08:00","entry_id":12795,"field1":"0","field2":"-1.5625"},{"created_at":"2018-12-28T18:29:08-08:00","entry_id":12796,"field1":"0","field2":"-1.5"},{"created_at":"2018-12-28T18:38:44-08:00","entry_id":12797,"field1":"0","field2":"-1.5625"},{"created_at":"2018-12-28T18:48:22-08:00","entry_id":12798,"field1":"0","field2":"-1.5"},{"created_at":"2018-12-28T18:57:59-08:00","entry_id":12799,"field1":"-0.0625","field2":"-1.5"},{"created_at":"2018-12-28T19:07:36-08:00","entry_id":12800,"field1":"-0.0625","field2":"-1.5625"},{"created_at":"2018-12-28T19:17:12-08:00","entry_id":12801,"field1":"-0.0625","field2":"-1.5"},{"created_at":"2018-12-28T19:26:50-08:00","entry_id":12802,"field1":"0","field2":"-1.5625"},{"created_at":"2018-12-28T19:36:26-08:00","entry_id":12803,"field1":"-0.0625","field2":"-1.625"},{"created_at":"2018-12-28T19:46:04-08:00","entry_id":12804,"field1":"-0.0625","field2":"-1.5"},{"created_at":"2018-12-28T19:55:36-08:00","entry_id":12805,"field1":"-0.0625","field2":"-1.5625"},{"created_at":"2018-12-28T20:05:12-08:00","entry_id":12806,"field1":"-0.0625","field2":"-1.5625"},{"created_at":"2018-12-28T20:14:53-08:00","entry_id":12807,"field1":"-0.0625","field2":"-1.5625"},{"created_at":"2018-12-28T20:24:28-08:00","entry_id":12808,"field1":"-0.0625","field2":"-1.5625"},{"created_at":"2018-12-28T20:34:05-08:00","entry_id":12809,"field1":"-0.0625","field2":"-1.5625"},{"created_at":"2018-12-28T20:43:43-08:00","entry_id":12810,"field1":"-0.0625","field2":"-1.625"},{"created_at":"2018-12-28T20:53:20-08:00","entry_id":12811,"field1":"-0.0625","field2":"-1.5"},{"created_at":"2018-12-28T21:02:56-08:00","entry_id":12812,"field1":"-0.0625","field2":"-1.5"},{"created_at":"2018-12-28T21:12:33-08:00","entry_id":12813,"field1":"-0.125","field2":"-1.5625"},{"created_at":"2018-12-28T21:22:10-08:00","entry_id":12814,"field1":"-0.125","field2":"-1.625"},{"created_at":"2018-12-28T21:31:48-08:00","entry_id":12815,"field1":"-0.0625","field2":"-1.5625"},{"created_at":"2018-12-28T21:41:25-08:00","entry_id":12816,"field1":"-0.0625","field2":"-1.5"},{"created_at":"2018-12-28T21:51:01-08:00","entry_id":12817,"field1":"-0.125","field2":"-1.5625"},{"created_at":"2018-12-28T22:00:38-08:00","entry_id":12818,"field1":"-0.125","field2":"-1.5625"},{"created_at":"2018-12-28T22:10:15-08:00","entry_id":12819,"field1":"-0.125","field2":"-1.625"},{"created_at":"2018-12-28T22:19:51-08:00","entry_id":12820,"field1":"-0.125","field2":"-1.5"},{"created_at":"2018-12-28T22:29:29-08:00","entry_id":12821,"field1":"-0.125","field2":"-1.5625"},{"created_at":"2018-12-28T22:39:06-08:00","entry_id":12822,"field1":"-0.125","field2":"-1.5625"},{"created_at":"2018-12-28T22:48:42-08:00","entry_id":12823,"field1":"-0.125","field2":"-1.625"},{"created_at":"2018-12-28T22:58:19-08:00","entry_id":12824,"field1":"-0.125","field2":"-1.5"},{"created_at":"2018-12-28T23:07:57-08:00","entry_id":12825,"field1":"-0.125","field2":"-1.625"},{"created_at":"2018-12-28T23:17:33-08:00","entry_id":12826,"field1":"-0.125","field2":"-1.625"},{"created_at":"2018-12-28T23:27:10-08:00","entry_id":12827,"field1":"-0.125","field2":"-1.625"},{"created_at":"2018-12-28T23:36:46-08:00","entry_id":12828,"field1":"-0.125","field2":"-1.5625"},{"created_at":"2018-12-28T23:46:23-08:00","entry_id":12829,"field1":"-0.125","field2":"-1.625"},{"created_at":"2018-12-28T23:55:59-08:00","entry_id":12830,"field1":"-0.125","field2":"-1.625"}]}