{"channel":{"id":581842,"name":"Upstairs Small Window Indoor / Outdoor Sensor","latitude":"0.0","longitude":"0.0","field1":"Indoor Temperature","field2":"Outdoor Temperature","created_at":"2018-09-23T15:37:52-07:00","updated_at":"2020-07-27T05:59:41-07:00","last_entry_id":150129},"feeds":[{"created_at":"2020-12-25T00:02:59-08:00","entry_id":117196,"field1":"-1.5625","field2":"-3.75"},{"created_at":"2020-12-25T00:12:36-08:00","entry_id":117197,"field1":"-1.5625","field2":"-3.9375"},{"created_at":"2020-12-25T00:22:13-08:00","entry_id":117198,"field1":"-1.5625","field2":"-4.0625"},{"created_at":"2020-12-25T00:31:50-08:00","entry_id":117199,"field1":"-1.5625","field2":"-4"},{"created_at":"2020-12-25T00:41:26-08:00","entry_id":117200,"field1":"-1.5625","field2":"-3.75"},{"created_at":"2020-12-25T00:51:03-08:00","entry_id":117201,"field1":"-1.5625","field2":"-3.8125"},{"created_at":"2020-12-25T01:00:40-08:00","entry_id":117202,"field1":"-1.625","field2":"-3.6875"},{"created_at":"2020-12-25T01:10:15-08:00","entry_id":117203,"field1":"-1.625","field2":"-3.5625"},{"created_at":"2020-12-25T01:19:52-08:00","entry_id":117204,"field1":"-1.625","field2":"-3.5"},{"created_at":"2020-12-25T01:29:29-08:00","entry_id":117205,"field1":"-1.625","field2":"-3.6875"},{"created_at":"2020-12-25T01:39:06-08:00","entry_id":117206,"field1":"-1.625","field2":"-3.6875"},{"created_at":"2020-12-25T01:48:42-08:00","entry_id":117207,"field1":"-1.625","field2":"-3.75"},{"created_at":"2020-12-25T01:58:19-08:00","entry_id":117208,"field1":"-1.625","field2":"-3.6875"},{"created_at":"2020-12-25T02:07:56-08:00","entry_id":117209,"field1":"-1.625","field2":"-3.875"},{"created_at":"2020-12-25T02:17:32-08:00","entry_id":117210,"field1":"-1.625","field2":"-4"},{"created_at":"2020-12-25T02:27:09-08:00","entry_id":117211,"field1":"-1.6875","field2":"-3.9375"},{"created_at":"2020-12-25T02:36:46-08:00","entry_id":117212,"field1":"-1.6875","field2":"-4.125"},{"created_at":"2020-12-25T02:46:23-08:00","entry_id":117213,"field1":"-1.6875","field2":"-4.1875"},{"created_at":"2020-12-25T02:56:00-08:00","entry_id":117214,"field1":"-1.6875","field2":"-4.25"},{"created_at":"2020-12-25T03:05:36-08:00","entry_id":117215,"field1":"-1.6875","field2":"-4.1875"},{"created_at":"2020-12-25T03:15:13-08:00","entry_id":117216,"field1":"-1.6875","field2":"-4.125"},{"created_at":"2020-12-25T03:24:47-08:00","entry_id":117217,"field1":"-1.6875","field2":"-4.25"},{"created_at":"2020-12-25T03:34:23-08:00","entry_id":117218,"field1":"-1.75","field2":"-3.875"},{"created_at":"2020-12-25T03:44:01-08:00","entry_id":117219,"field1":"-1.75","field2":"-3.75"},{"created_at":"2020-12-25T03:53:37-08:00","entry_id":117220,"field1":"-1.75","field2":"-3.875"},{"created_at":"2020-12-25T04:03:14-08:00","entry_id":117221,"field1":"-1.75","field2":"-4"},{"created_at":"2020-12-25T04:12:51-08:00","entry_id":117222,"field1":"-1.75","field2":"-3.9375"},{"created_at":"2020-12-25T04:22:28-08:00","entry_id":117223,"field1":"-1.75","field2":"-3.8125"},{"created_at":"2020-12-25T04:32:05-08:00","entry_id":117224,"field1":"-1.75","field2":"-3.9375"},{"created_at":"2020-12-25T04:41:42-08:00","entry_id":117225,"field1":"-1.8125","field2":"-3.9375"},{"created_at":"2020-12-25T04:51:18-08:00","entry_id":117226,"field1":"-1.8125","field2":"-4.0625"},{"created_at":"2020-12-25T05:00:54-08:00","entry_id":117227,"field1":"-1.8125","field2":"-3.9375"},{"created_at":"2020-12-25T05:10:31-08:00","entry_id":117228,"field1":"-1.8125","field2":"-4.125"},{"created_at":"2020-12-25T05:20:07-08:00","entry_id":117229,"field1":"-1.8125","field2":"-4"},{"created_at":"2020-12-25T05:29:44-08:00","entry_id":117230,"field1":"-1.8125","field2":"-4.0625"},{"created_at":"2020-12-25T05:39:21-08:00","entry_id":117231,"field1":"-1.8125","field2":"-4.1875"},{"created_at":"2020-12-25T05:48:58-08:00","entry_id":117232,"field1":"-1.8125","field2":"-4.25"},{"created_at":"2020-12-25T05:58:35-08:00","entry_id":117233,"field1":"-1.875","field2":"-4.125"},{"created_at":"2020-12-25T06:08:10-08:00","entry_id":117234,"field1":"-1.875","field2":"-3.8125"},{"created_at":"2020-12-25T06:17:47-08:00","entry_id":117235,"field1":"-1.875","field2":"-3.6875"},{"created_at":"2020-12-25T06:27:24-08:00","entry_id":117236,"field1":"-1.875","field2":"-3.625"},{"created_at":"2020-12-25T06:37:01-08:00","entry_id":117237,"field1":"-1.875","field2":"-3.625"},{"created_at":"2020-12-25T06:46:37-08:00","entry_id":117238,"field1":"-1.875","field2":"-3.875"},{"created_at":"2020-12-25T06:56:14-08:00","entry_id":117239,"field1":"-1.875","field2":"-3.75"},{"created_at":"2020-12-25T07:05:49-08:00","entry_id":117240,"field1":"-1.875","field2":"-3.75"},{"created_at":"2020-12-25T07:15:27-08:00","entry_id":117241,"field1":"-1.875","field2":"-3.8125"},{"created_at":"2020-12-25T07:25:04-08:00","entry_id":117242,"field1":"-1.875","field2":"-3.9375"},{"created_at":"2020-12-25T07:34:40-08:00","entry_id":117243,"field1":"-1.875","field2":"-3.625"},{"created_at":"2020-12-25T07:44:17-08:00","entry_id":117244,"field1":"-1.9375","field2":"-3.75"},{"created_at":"2020-12-25T07:53:54-08:00","entry_id":117245,"field1":"-1.9375","field2":"-3.8125"},{"created_at":"2020-12-25T08:03:30-08:00","entry_id":117246,"field1":"-1.9375","field2":"-3.75"},{"created_at":"2020-12-25T08:13:07-08:00","entry_id":117247,"field1":"-1.9375","field2":"-3.6875"},{"created_at":"2020-12-25T08:22:44-08:00","entry_id":117248,"field1":"-1.9375","field2":"-3.625"},{"created_at":"2020-12-25T08:32:21-08:00","entry_id":117249,"field1":"-1.875","field2":"-3.5625"},{"created_at":"2020-12-25T08:41:58-08:00","entry_id":117250,"field1":"-1.9375","field2":"-3.375"},{"created_at":"2020-12-25T08:51:34-08:00","entry_id":117251,"field1":"-2","field2":"-3"},{"created_at":"2020-12-25T09:01:11-08:00","entry_id":117252,"field1":"-1.9375","field2":"-3.1875"},{"created_at":"2020-12-25T09:10:48-08:00","entry_id":117253,"field1":"-1.9375","field2":"-3.125"},{"created_at":"2020-12-25T09:20:24-08:00","entry_id":117254,"field1":"-1.9375","field2":"-2.875"},{"created_at":"2020-12-25T09:30:01-08:00","entry_id":117255,"field1":"-1.9375","field2":"-3"},{"created_at":"2020-12-25T09:39:38-08:00","entry_id":117256,"field1":"-1.9375","field2":"-3"},{"created_at":"2020-12-25T09:49:14-08:00","entry_id":117257,"field1":"-1.9375","field2":"-3"},{"created_at":"2020-12-25T09:58:51-08:00","entry_id":117258,"field1":"-1.875","field2":"-2.75"},{"created_at":"2020-12-25T10:08:28-08:00","entry_id":117259,"field1":"-1.875","field2":"-2.875"},{"created_at":"2020-12-25T10:18:05-08:00","entry_id":117260,"field1":"-1.875","field2":"-2.6875"},{"created_at":"2020-12-25T10:27:42-08:00","entry_id":117261,"field1":"-1.875","field2":"-2.5625"},{"created_at":"2020-12-25T10:37:17-08:00","entry_id":117262,"field1":"-1.875","field2":"-2.5"},{"created_at":"2020-12-25T10:46:54-08:00","entry_id":117263,"field1":"-1.875","field2":"-2.3125"},{"created_at":"2020-12-25T10:56:31-08:00","entry_id":117264,"field1":"-1.875","field2":"-2.3125"},{"created_at":"2020-12-25T11:06:08-08:00","entry_id":117265,"field1":"-1.875","field2":"-2.1875"},{"created_at":"2020-12-25T11:15:45-08:00","entry_id":117266,"field1":"-1.8125","field2":"-1.9375"},{"created_at":"2020-12-25T11:25:22-08:00","entry_id":117267,"field1":"-1.75","field2":"-1.75"},{"created_at":"2020-12-25T11:34:59-08:00","entry_id":117268,"field1":"-1.75","field2":"-1.8125"},{"created_at":"2020-12-25T11:44:35-08:00","entry_id":117269,"field1":"-1.75","field2":"-1.8125"},{"created_at":"2020-12-25T11:54:12-08:00","entry_id":117270,"field1":"-1.75","field2":"-1.8125"},{"created_at":"2020-12-25T12:03:49-08:00","entry_id":117271,"field1":"-1.75","field2":"-1.8125"},{"created_at":"2020-12-25T12:13:25-08:00","entry_id":117272,"field1":"-1.75","field2":"-1.6875"},{"created_at":"2020-12-25T12:23:02-08:00","entry_id":117273,"field1":"-1.75","field2":"-1.625"},{"created_at":"2020-12-25T12:32:38-08:00","entry_id":117274,"field1":"-1.75","field2":"-1.625"},{"created_at":"2020-12-25T12:42:15-08:00","entry_id":117275,"field1":"-1.75","field2":"-1.625"},{"created_at":"2020-12-25T12:51:52-08:00","entry_id":117276,"field1":"-1.6875","field2":"-1.5"},{"created_at":"2020-12-25T13:01:29-08:00","entry_id":117277,"field1":"-1.6875","field2":"-1.3125"},{"created_at":"2020-12-25T13:11:05-08:00","entry_id":117278,"field1":"-1.6875","field2":"-1.375"},{"created_at":"2020-12-25T13:20:42-08:00","entry_id":117279,"field1":"-1.6875","field2":"-1.4375"},{"created_at":"2020-12-25T13:30:20-08:00","entry_id":117280,"field1":"-1.6875","field2":"-1.4375"},{"created_at":"2020-12-25T13:39:56-08:00","entry_id":117281,"field1":"-1.6875","field2":"-1.4375"},{"created_at":"2020-12-25T13:49:33-08:00","entry_id":117282,"field1":"-1.625","field2":"-1.5625"},{"created_at":"2020-12-25T13:59:10-08:00","entry_id":117283,"field1":"-1.625","field2":"-1.5"},{"created_at":"2020-12-25T14:08:47-08:00","entry_id":117284,"field1":"-1.625","field2":"-1.4375"},{"created_at":"2020-12-25T14:18:24-08:00","entry_id":117285,"field1":"-1.625","field2":"-1.5"},{"created_at":"2020-12-25T14:28:01-08:00","entry_id":117286,"field1":"-1.625","field2":"-1.5625"},{"created_at":"2020-12-25T14:37:38-08:00","entry_id":117287,"field1":"-1.5625","field2":"-1.5"},{"created_at":"2020-12-25T14:47:16-08:00","entry_id":117288,"field1":"-1.625","field2":"-1.5625"},{"created_at":"2020-12-25T14:56:50-08:00","entry_id":117289,"field1":"-1.625","field2":"-1.625"},{"created_at":"2020-12-25T15:06:28-08:00","entry_id":117290,"field1":"-1.5625","field2":"-1.6875"},{"created_at":"2020-12-25T15:16:03-08:00","entry_id":117291,"field1":"-1.5625","field2":"-1.6875"},{"created_at":"2020-12-25T15:25:41-08:00","entry_id":117292,"field1":"-1.5625","field2":"-1.75"},{"created_at":"2020-12-25T15:35:17-08:00","entry_id":117293,"field1":"-1.5625","field2":"-1.75"},{"created_at":"2020-12-25T15:44:54-08:00","entry_id":117294,"field1":"-1.5625","field2":"-1.8125"},{"created_at":"2020-12-25T15:54:29-08:00","entry_id":117295,"field1":"-1.5","field2":"-1.8125"},{"created_at":"2020-12-25T16:04:07-08:00","entry_id":117296,"field1":"-1.5","field2":"-1.875"},{"created_at":"2020-12-25T16:13:43-08:00","entry_id":117297,"field1":"-1.5","field2":"-1.875"},{"created_at":"2020-12-25T16:23:20-08:00","entry_id":117298,"field1":"-1.5625","field2":"-1.8125"},{"created_at":"2020-12-25T16:32:57-08:00","entry_id":117299,"field1":"-1.5625","field2":"-1.875"},{"created_at":"2020-12-25T16:42:33-08:00","entry_id":117300,"field1":"-1.5625","field2":"-1.875"},{"created_at":"2020-12-25T16:52:10-08:00","entry_id":117301,"field1":"-1.5625","field2":"-1.9375"},{"created_at":"2020-12-25T17:01:45-08:00","entry_id":117302,"field1":"-1.5625","field2":"-1.9375"},{"created_at":"2020-12-25T17:11:23-08:00","entry_id":117303,"field1":"-1.5625","field2":"-2"},{"created_at":"2020-12-25T17:20:59-08:00","entry_id":117304,"field1":"-1.5625","field2":"-2"},{"created_at":"2020-12-25T17:30:36-08:00","entry_id":117305,"field1":"-1.5625","field2":"-2"},{"created_at":"2020-12-25T17:40:12-08:00","entry_id":117306,"field1":"-1.5625","field2":"-2"},{"created_at":"2020-12-25T17:49:49-08:00","entry_id":117307,"field1":"-1.5","field2":"-2"},{"created_at":"2020-12-25T17:59:26-08:00","entry_id":117308,"field1":"-1.5","field2":"-2"},{"created_at":"2020-12-25T18:09:03-08:00","entry_id":117309,"field1":"-1.5","field2":"-1.9375"},{"created_at":"2020-12-25T18:18:39-08:00","entry_id":117310,"field1":"-1.5","field2":"-1.9375"},{"created_at":"2020-12-25T18:28:16-08:00","entry_id":117311,"field1":"-1.5","field2":"-2"},{"created_at":"2020-12-25T18:37:53-08:00","entry_id":117312,"field1":"-1.5","field2":"-2"},{"created_at":"2020-12-25T18:47:29-08:00","entry_id":117313,"field1":"-1.5","field2":"-2"},{"created_at":"2020-12-25T18:57:06-08:00","entry_id":117314,"field1":"-1.5","field2":"-1.9375"},{"created_at":"2020-12-25T19:06:43-08:00","entry_id":117315,"field1":"-1.4375","field2":"-1.9375"},{"created_at":"2020-12-25T19:16:20-08:00","entry_id":117316,"field1":"-1.5","field2":"-1.9375"},{"created_at":"2020-12-25T19:25:58-08:00","entry_id":117317,"field1":"-1.5","field2":"-1.9375"},{"created_at":"2020-12-25T19:35:34-08:00","entry_id":117318,"field1":"-1.5","field2":"-1.9375"},{"created_at":"2020-12-25T19:45:11-08:00","entry_id":117319,"field1":"-1.5","field2":"-1.875"},{"created_at":"2020-12-25T19:54:48-08:00","entry_id":117320,"field1":"-1.5","field2":"-1.875"},{"created_at":"2020-12-25T20:04:25-08:00","entry_id":117321,"field1":"-1.5","field2":"-1.875"},{"created_at":"2020-12-25T20:14:01-08:00","entry_id":117322,"field1":"-1.5","field2":"-1.875"},{"created_at":"2020-12-25T20:23:38-08:00","entry_id":117323,"field1":"-1.5","field2":"-1.9375"},{"created_at":"2020-12-25T20:33:14-08:00","entry_id":117324,"field1":"-1.5","field2":"-1.875"},{"created_at":"2020-12-25T20:42:51-08:00","entry_id":117325,"field1":"-1.5","field2":"-1.875"},{"created_at":"2020-12-25T20:52:28-08:00","entry_id":117326,"field1":"-1.4375","field2":"-1.9375"},{"created_at":"2020-12-25T21:02:05-08:00","entry_id":117327,"field1":"-1.5","field2":"-1.9375"},{"created_at":"2020-12-25T21:11:41-08:00","entry_id":117328,"field1":"-1.5","field2":"-1.875"},{"created_at":"2020-12-25T21:21:19-08:00","entry_id":117329,"field1":"-1.4375","field2":"-1.875"},{"created_at":"2020-12-25T21:30:55-08:00","entry_id":117330,"field1":"-1.4375","field2":"-1.875"},{"created_at":"2020-12-25T21:40:32-08:00","entry_id":117331,"field1":"-1.4375","field2":"-1.8125"},{"created_at":"2020-12-25T21:50:09-08:00","entry_id":117332,"field1":"-1.4375","field2":"-1.875"},{"created_at":"2020-12-25T21:59:45-08:00","entry_id":117333,"field1":"-1.4375","field2":"-1.875"},{"created_at":"2020-12-25T22:09:23-08:00","entry_id":117334,"field1":"-1.4375","field2":"-1.875"},{"created_at":"2020-12-25T22:19:00-08:00","entry_id":117335,"field1":"-1.4375","field2":"-1.8125"},{"created_at":"2020-12-25T22:28:36-08:00","entry_id":117336,"field1":"-1.4375","field2":"-1.75"},{"created_at":"2020-12-25T22:38:13-08:00","entry_id":117337,"field1":"-1.4375","field2":"-1.75"},{"created_at":"2020-12-25T22:47:51-08:00","entry_id":117338,"field1":"-1.4375","field2":"-1.6875"},{"created_at":"2020-12-25T22:57:27-08:00","entry_id":117339,"field1":"-1.4375","field2":"-1.8125"},{"created_at":"2020-12-25T23:07:04-08:00","entry_id":117340,"field1":"-1.4375","field2":"-1.75"},{"created_at":"2020-12-25T23:16:41-08:00","entry_id":117341,"field1":"-1.4375","field2":"-1.75"},{"created_at":"2020-12-25T23:26:18-08:00","entry_id":117342,"field1":"-1.4375","field2":"-1.8125"},{"created_at":"2020-12-25T23:35:55-08:00","entry_id":117343,"field1":"-1.4375","field2":"-1.75"},{"created_at":"2020-12-25T23:45:31-08:00","entry_id":117344,"field1":"-1.4375","field2":"-1.75"},{"created_at":"2020-12-25T23:55:08-08:00","entry_id":117345,"field1":"-1.4375","field2":"-1.6875"}]}