{"channel":{"id":581842,"name":"Upstairs Small Window Indoor / Outdoor Sensor","latitude":"0.0","longitude":"0.0","field1":"Indoor Temperature","field2":"Outdoor Temperature","created_at":"2018-09-23T15:37:52-07:00","updated_at":"2020-07-27T05:59:41-07:00","last_entry_id":150128},"feeds":[{"created_at":"2018-12-26T00:06:03-08:00","entry_id":12388,"field1":"0.5","field2":"-0.3125"},{"created_at":"2018-12-26T00:15:39-08:00","entry_id":12389,"field1":"0.5","field2":"-0.3125"},{"created_at":"2018-12-26T00:25:16-08:00","entry_id":12390,"field1":"0.5","field2":"-0.375"},{"created_at":"2018-12-26T00:34:53-08:00","entry_id":12391,"field1":"0.5","field2":"-0.375"},{"created_at":"2018-12-26T00:44:29-08:00","entry_id":12392,"field1":"0.5","field2":"-0.375"},{"created_at":"2018-12-26T01:04:21-08:00","entry_id":12393,"field1":"0.5","field2":"-0.375"},{"created_at":"2018-12-26T01:13:56-08:00","entry_id":12394,"field1":"0.5","field2":"-0.3125"},{"created_at":"2018-12-26T01:23:34-08:00","entry_id":12395,"field1":"0.5","field2":"-0.3125"},{"created_at":"2018-12-26T01:33:11-08:00","entry_id":12396,"field1":"0.5","field2":"-0.3125"},{"created_at":"2018-12-26T01:42:48-08:00","entry_id":12397,"field1":"0.5","field2":"-0.3125"},{"created_at":"2018-12-26T01:52:24-08:00","entry_id":12398,"field1":"0.5","field2":"-0.3125"},{"created_at":"2018-12-26T02:02:02-08:00","entry_id":12399,"field1":"0.5","field2":"-0.3125"},{"created_at":"2018-12-26T02:11:39-08:00","entry_id":12400,"field1":"0.5","field2":"-0.1875"},{"created_at":"2018-12-26T02:21:15-08:00","entry_id":12401,"field1":"0.4375","field2":"-0.3125"},{"created_at":"2018-12-26T02:30:52-08:00","entry_id":12402,"field1":"0.5","field2":"-0.3125"},{"created_at":"2018-12-26T02:40:29-08:00","entry_id":12403,"field1":"0.4375","field2":"-0.3125"},{"created_at":"2018-12-26T02:50:06-08:00","entry_id":12404,"field1":"0.4375","field2":"-0.25"},{"created_at":"2018-12-26T02:59:44-08:00","entry_id":12405,"field1":"0.4375","field2":"-0.375"},{"created_at":"2018-12-26T03:09:20-08:00","entry_id":12406,"field1":"0.5","field2":"-0.375"},{"created_at":"2018-12-26T03:18:57-08:00","entry_id":12407,"field1":"0.4375","field2":"-0.375"},{"created_at":"2018-12-26T03:28:34-08:00","entry_id":12408,"field1":"0.4375","field2":"-0.375"},{"created_at":"2018-12-26T03:38:12-08:00","entry_id":12409,"field1":"0.4375","field2":"-0.375"},{"created_at":"2018-12-26T03:47:49-08:00","entry_id":12410,"field1":"0.4375","field2":"-0.4375"},{"created_at":"2018-12-26T03:57:26-08:00","entry_id":12411,"field1":"0.4375","field2":"-0.5625"},{"created_at":"2018-12-26T04:07:02-08:00","entry_id":12412,"field1":"0.4375","field2":"-0.4375"},{"created_at":"2018-12-26T04:16:40-08:00","entry_id":12413,"field1":"0.4375","field2":"-0.5"},{"created_at":"2018-12-26T04:26:17-08:00","entry_id":12414,"field1":"0.4375","field2":"-0.5625"},{"created_at":"2018-12-26T04:35:54-08:00","entry_id":12415,"field1":"0.4375","field2":"-0.625"},{"created_at":"2018-12-26T04:45:31-08:00","entry_id":12416,"field1":"0.4375","field2":"-0.5"},{"created_at":"2018-12-26T04:55:08-08:00","entry_id":12417,"field1":"0.4375","field2":"-0.5625"},{"created_at":"2018-12-26T05:04:44-08:00","entry_id":12418,"field1":"0.4375","field2":"-0.625"},{"created_at":"2018-12-26T05:14:21-08:00","entry_id":12419,"field1":"0.4375","field2":"-0.6875"},{"created_at":"2018-12-26T05:23:58-08:00","entry_id":12420,"field1":"0.4375","field2":"-0.625"},{"created_at":"2018-12-26T05:33:35-08:00","entry_id":12421,"field1":"0.4375","field2":"-0.625"},{"created_at":"2018-12-26T05:43:12-08:00","entry_id":12422,"field1":"0.4375","field2":"-0.5625"},{"created_at":"2018-12-26T05:52:48-08:00","entry_id":12423,"field1":"0.4375","field2":"-0.625"},{"created_at":"2018-12-26T06:02:26-08:00","entry_id":12424,"field1":"0.4375","field2":"-0.625"},{"created_at":"2018-12-26T06:12:02-08:00","entry_id":12425,"field1":"0.4375","field2":"-0.625"},{"created_at":"2018-12-26T06:21:39-08:00","entry_id":12426,"field1":"0.4375","field2":"-0.5625"},{"created_at":"2018-12-26T06:31:17-08:00","entry_id":12427,"field1":"0.4375","field2":"-0.625"},{"created_at":"2018-12-26T06:40:54-08:00","entry_id":12428,"field1":"0.375","field2":"-0.625"},{"created_at":"2018-12-26T06:50:30-08:00","entry_id":12429,"field1":"0.375","field2":"-0.625"},{"created_at":"2018-12-26T07:00:08-08:00","entry_id":12430,"field1":"0.375","field2":"-0.6875"},{"created_at":"2018-12-26T07:09:45-08:00","entry_id":12431,"field1":"0.375","field2":"-0.625"},{"created_at":"2018-12-26T07:19:22-08:00","entry_id":12432,"field1":"0.375","field2":"-0.75"},{"created_at":"2018-12-26T07:28:59-08:00","entry_id":12433,"field1":"0.375","field2":"-0.6875"},{"created_at":"2018-12-26T07:38:36-08:00","entry_id":12434,"field1":"0.375","field2":"-0.75"},{"created_at":"2018-12-26T07:48:12-08:00","entry_id":12435,"field1":"0.375","field2":"-0.8125"},{"created_at":"2018-12-26T07:57:49-08:00","entry_id":12436,"field1":"0.375","field2":"-0.6875"},{"created_at":"2018-12-26T08:07:27-08:00","entry_id":12437,"field1":"0.375","field2":"-0.6875"},{"created_at":"2018-12-26T08:17:03-08:00","entry_id":12438,"field1":"0.375","field2":"-0.6875"},{"created_at":"2018-12-26T08:26:40-08:00","entry_id":12439,"field1":"0.375","field2":"-0.625"},{"created_at":"2018-12-26T08:36:16-08:00","entry_id":12440,"field1":"0.375","field2":"-0.625"},{"created_at":"2018-12-26T08:45:53-08:00","entry_id":12441,"field1":"0.375","field2":"-0.625"},{"created_at":"2018-12-26T08:55:30-08:00","entry_id":12442,"field1":"0.375","field2":"-0.625"},{"created_at":"2018-12-26T09:05:08-08:00","entry_id":12443,"field1":"0.375","field2":"-0.625"},{"created_at":"2018-12-26T09:14:44-08:00","entry_id":12444,"field1":"0.375","field2":"-0.5"},{"created_at":"2018-12-26T09:24:21-08:00","entry_id":12445,"field1":"0.375","field2":"-0.4375"},{"created_at":"2018-12-26T09:33:57-08:00","entry_id":12446,"field1":"0.375","field2":"-0.375"},{"created_at":"2018-12-26T09:43:34-08:00","entry_id":12447,"field1":"0.375","field2":"-0.25"},{"created_at":"2018-12-26T09:53:13-08:00","entry_id":12448,"field1":"0.375","field2":"-0.1875"},{"created_at":"2018-12-26T10:02:50-08:00","entry_id":12449,"field1":"0.375","field2":"-0.125"},{"created_at":"2018-12-26T10:12:28-08:00","entry_id":12450,"field1":"0.4375","field2":"0"},{"created_at":"2018-12-26T10:22:05-08:00","entry_id":12451,"field1":"0.4375","field2":"0"},{"created_at":"2018-12-26T10:31:42-08:00","entry_id":12452,"field1":"0.4375","field2":"-0.0625"},{"created_at":"2018-12-26T10:41:18-08:00","entry_id":12453,"field1":"0.4375","field2":"-0.0625"},{"created_at":"2018-12-26T10:50:56-08:00","entry_id":12454,"field1":"0.4375","field2":"0.0625"},{"created_at":"2018-12-26T11:00:33-08:00","entry_id":12455,"field1":"0.4375","field2":"0.125"},{"created_at":"2018-12-26T11:10:11-08:00","entry_id":12456,"field1":"0.5","field2":"0.25"},{"created_at":"2018-12-26T11:19:47-08:00","entry_id":12457,"field1":"0.5","field2":"0.1875"},{"created_at":"2018-12-26T11:29:24-08:00","entry_id":12458,"field1":"0.5","field2":"0.25"},{"created_at":"2018-12-26T11:39:01-08:00","entry_id":12459,"field1":"0.5","field2":"0.3125"},{"created_at":"2018-12-26T11:48:39-08:00","entry_id":12460,"field1":"0.5625","field2":"0.5"},{"created_at":"2018-12-26T11:58:15-08:00","entry_id":12461,"field1":"0.5625","field2":"0.6875"},{"created_at":"2018-12-26T12:07:53-08:00","entry_id":12462,"field1":"0.5625","field2":"0.625"},{"created_at":"2018-12-26T12:17:30-08:00","entry_id":12463,"field1":"0.5625","field2":"0.75"},{"created_at":"2018-12-26T12:27:07-08:00","entry_id":12464,"field1":"0.5625","field2":"0.625"},{"created_at":"2018-12-26T12:36:43-08:00","entry_id":12465,"field1":"0.5625","field2":"0.6875"},{"created_at":"2018-12-26T12:46:50-08:00","entry_id":12466,"field1":"0.625","field2":"0.4375"},{"created_at":"2018-12-26T12:56:19-08:00","entry_id":12467,"field1":"0.625","field2":"0.6875"},{"created_at":"2018-12-26T13:05:56-08:00","entry_id":12468,"field1":"0.625","field2":"0.625"},{"created_at":"2018-12-26T13:15:35-08:00","entry_id":12469,"field1":"0.625","field2":"0.5625"},{"created_at":"2018-12-26T13:25:20-08:00","entry_id":12470,"field1":"0.625","field2":"0.5625"},{"created_at":"2018-12-26T13:34:58-08:00","entry_id":12471,"field1":"0.625","field2":"0.5"},{"created_at":"2018-12-26T13:44:36-08:00","entry_id":12472,"field1":"0.625","field2":"0.5625"},{"created_at":"2018-12-26T13:54:12-08:00","entry_id":12473,"field1":"0.625","field2":"0.4375"},{"created_at":"2018-12-26T14:03:49-08:00","entry_id":12474,"field1":"0.625","field2":"0.4375"},{"created_at":"2018-12-26T14:13:26-08:00","entry_id":12475,"field1":"0.625","field2":"0.4375"},{"created_at":"2018-12-26T14:23:03-08:00","entry_id":12476,"field1":"0.625","field2":"0.375"},{"created_at":"2018-12-26T14:32:40-08:00","entry_id":12477,"field1":"0.625","field2":"0.3125"},{"created_at":"2018-12-26T14:42:18-08:00","entry_id":12478,"field1":"0.625","field2":"0.3125"},{"created_at":"2018-12-26T14:51:53-08:00","entry_id":12479,"field1":"0.625","field2":"0.3125"},{"created_at":"2018-12-26T15:01:35-08:00","entry_id":12480,"field1":"0.625","field2":"0.3125"},{"created_at":"2018-12-26T15:11:10-08:00","entry_id":12481,"field1":"0.625","field2":"0.1875"},{"created_at":"2018-12-26T15:20:47-08:00","entry_id":12482,"field1":"0.625","field2":"0.125"},{"created_at":"2018-12-26T15:30:24-08:00","entry_id":12483,"field1":"0.625","field2":"0.0625"},{"created_at":"2018-12-26T15:40:01-08:00","entry_id":12484,"field1":"0.625","field2":"0"},{"created_at":"2018-12-26T15:49:39-08:00","entry_id":12485,"field1":"0.625","field2":"-0.0625"},{"created_at":"2018-12-26T15:59:15-08:00","entry_id":12486,"field1":"0.625","field2":"-0.0625"},{"created_at":"2018-12-26T16:08:53-08:00","entry_id":12487,"field1":"0.625","field2":"-0.0625"},{"created_at":"2018-12-26T16:18:29-08:00","entry_id":12488,"field1":"0.625","field2":"-0.125"},{"created_at":"2018-12-26T16:28:05-08:00","entry_id":12489,"field1":"0.625","field2":"-0.125"},{"created_at":"2018-12-26T16:37:42-08:00","entry_id":12490,"field1":"0.625","field2":"-0.1875"},{"created_at":"2018-12-26T16:47:20-08:00","entry_id":12491,"field1":"0.625","field2":"-0.1875"},{"created_at":"2018-12-26T16:56:56-08:00","entry_id":12492,"field1":"0.625","field2":"-0.3125"},{"created_at":"2018-12-26T17:06:34-08:00","entry_id":12493,"field1":"0.5625","field2":"-0.3125"},{"created_at":"2018-12-26T17:16:11-08:00","entry_id":12494,"field1":"0.5625","field2":"-0.375"},{"created_at":"2018-12-26T17:25:48-08:00","entry_id":12495,"field1":"0.5625","field2":"-0.375"},{"created_at":"2018-12-26T17:35:24-08:00","entry_id":12496,"field1":"0.5625","field2":"-0.375"},{"created_at":"2018-12-26T17:45:01-08:00","entry_id":12497,"field1":"0.5625","field2":"-0.375"},{"created_at":"2018-12-26T17:54:39-08:00","entry_id":12498,"field1":"0.5625","field2":"-0.4375"},{"created_at":"2018-12-26T18:04:15-08:00","entry_id":12499,"field1":"0.5625","field2":"-0.5"},{"created_at":"2018-12-26T18:13:52-08:00","entry_id":12500,"field1":"0.5625","field2":"-0.4375"},{"created_at":"2018-12-26T18:23:29-08:00","entry_id":12501,"field1":"0.5625","field2":"-0.5"},{"created_at":"2018-12-26T18:33:06-08:00","entry_id":12502,"field1":"0.5625","field2":"-0.5"},{"created_at":"2018-12-26T18:42:44-08:00","entry_id":12503,"field1":"0.5625","field2":"-0.5625"},{"created_at":"2018-12-26T18:52:20-08:00","entry_id":12504,"field1":"0.5625","field2":"-0.5"},{"created_at":"2018-12-26T19:01:57-08:00","entry_id":12505,"field1":"0.5625","field2":"-0.5625"},{"created_at":"2018-12-26T19:11:34-08:00","entry_id":12506,"field1":"0.5625","field2":"-0.375"},{"created_at":"2018-12-26T19:21:10-08:00","entry_id":12507,"field1":"0.5625","field2":"-0.375"},{"created_at":"2018-12-26T19:30:47-08:00","entry_id":12508,"field1":"0.5625","field2":"-0.4375"},{"created_at":"2018-12-26T19:40:25-08:00","entry_id":12509,"field1":"0.5625","field2":"-0.4375"},{"created_at":"2018-12-26T19:50:01-08:00","entry_id":12510,"field1":"0.5625","field2":"-0.5"},{"created_at":"2018-12-26T19:59:38-08:00","entry_id":12511,"field1":"0.5","field2":"-0.5"},{"created_at":"2018-12-26T20:09:15-08:00","entry_id":12512,"field1":"0.5","field2":"-0.4375"},{"created_at":"2018-12-26T20:18:52-08:00","entry_id":12513,"field1":"0.5","field2":"-0.4375"},{"created_at":"2018-12-26T20:28:30-08:00","entry_id":12514,"field1":"0.5625","field2":"-0.4375"},{"created_at":"2018-12-26T20:38:07-08:00","entry_id":12515,"field1":"0.5625","field2":"-0.4375"},{"created_at":"2018-12-26T20:47:42-08:00","entry_id":12516,"field1":"0.5625","field2":"-0.4375"},{"created_at":"2018-12-26T20:57:19-08:00","entry_id":12517,"field1":"0.5","field2":"-0.4375"},{"created_at":"2018-12-26T21:06:55-08:00","entry_id":12518,"field1":"0.5","field2":"-0.4375"},{"created_at":"2018-12-26T21:16:34-08:00","entry_id":12519,"field1":"0.5","field2":"-0.4375"},{"created_at":"2018-12-26T21:26:10-08:00","entry_id":12520,"field1":"0.5","field2":"-0.5"},{"created_at":"2018-12-26T21:35:47-08:00","entry_id":12521,"field1":"0.5","field2":"-0.5"},{"created_at":"2018-12-26T21:55:01-08:00","entry_id":12522,"field1":"0.5","field2":"-0.625"},{"created_at":"2018-12-26T22:04:38-08:00","entry_id":12523,"field1":"0.5","field2":"-0.6875"},{"created_at":"2018-12-26T22:14:14-08:00","entry_id":12524,"field1":"0.5","field2":"-0.75"},{"created_at":"2018-12-26T22:23:51-08:00","entry_id":12525,"field1":"0.5","field2":"-0.875"},{"created_at":"2018-12-26T22:33:28-08:00","entry_id":12526,"field1":"0.5","field2":"-0.9375"},{"created_at":"2018-12-26T22:43:06-08:00","entry_id":12527,"field1":"0.5","field2":"-0.875"},{"created_at":"2018-12-26T22:52:42-08:00","entry_id":12528,"field1":"0.5","field2":"-0.9375"},{"created_at":"2018-12-26T23:02:19-08:00","entry_id":12529,"field1":"0.5","field2":"-0.9375"},{"created_at":"2018-12-26T23:11:56-08:00","entry_id":12530,"field1":"0.5","field2":"-0.875"},{"created_at":"2018-12-26T23:21:33-08:00","entry_id":12531,"field1":"0.4375","field2":"-0.875"},{"created_at":"2018-12-26T23:31:11-08:00","entry_id":12532,"field1":"0.4375","field2":"-0.8125"},{"created_at":"2018-12-26T23:40:47-08:00","entry_id":12533,"field1":"0.4375","field2":"-0.75"},{"created_at":"2018-12-26T23:50:25-08:00","entry_id":12534,"field1":"0.4375","field2":"-0.9375"}]}