{"channel":{"id":581842,"name":"Upstairs Small Window Indoor / Outdoor Sensor","latitude":"0.0","longitude":"0.0","field1":"Indoor Temperature","field2":"Outdoor Temperature","created_at":"2018-09-23T15:37:52-07:00","updated_at":"2020-07-27T05:59:41-07:00","last_entry_id":150129},"feeds":[{"created_at":"2020-02-23T00:02:21-08:00","entry_id":74226,"field1":"0.6875","field2":"-1.0625"},{"created_at":"2020-02-23T00:11:58-08:00","entry_id":74227,"field1":"0.6875","field2":"-1.0625"},{"created_at":"2020-02-23T00:21:35-08:00","entry_id":74228,"field1":"0.6875","field2":"-1.125"},{"created_at":"2020-02-23T00:31:11-08:00","entry_id":74229,"field1":"0.6875","field2":"-1.125"},{"created_at":"2020-02-23T00:40:48-08:00","entry_id":74230,"field1":"0.6875","field2":"-1.1875"},{"created_at":"2020-02-23T00:50:25-08:00","entry_id":74231,"field1":"0.6875","field2":"-1.125"},{"created_at":"2020-02-23T01:00:01-08:00","entry_id":74232,"field1":"0.625","field2":"-1.0625"},{"created_at":"2020-02-23T01:09:37-08:00","entry_id":74233,"field1":"0.625","field2":"-1.125"},{"created_at":"2020-02-23T01:19:14-08:00","entry_id":74234,"field1":"0.625","field2":"-1.125"},{"created_at":"2020-02-23T01:28:51-08:00","entry_id":74235,"field1":"0.625","field2":"-1.1875"},{"created_at":"2020-02-23T01:38:33-08:00","entry_id":74236,"field1":"0.625","field2":"-1.1875"},{"created_at":"2020-02-23T01:48:07-08:00","entry_id":74237,"field1":"0.625","field2":"-1"},{"created_at":"2020-02-23T01:57:44-08:00","entry_id":74238,"field1":"0.5625","field2":"-1"},{"created_at":"2020-02-23T02:07:21-08:00","entry_id":74239,"field1":"0.5625","field2":"-1"},{"created_at":"2020-02-23T02:16:58-08:00","entry_id":74240,"field1":"0.5625","field2":"-1"},{"created_at":"2020-02-23T02:26:34-08:00","entry_id":74241,"field1":"0.5625","field2":"-1"},{"created_at":"2020-02-23T02:36:12-08:00","entry_id":74242,"field1":"0.5625","field2":"-1"},{"created_at":"2020-02-23T02:45:48-08:00","entry_id":74243,"field1":"0.5625","field2":"-1.0625"},{"created_at":"2020-02-23T02:55:26-08:00","entry_id":74244,"field1":"0.5625","field2":"-1.0625"},{"created_at":"2020-02-23T03:05:03-08:00","entry_id":74245,"field1":"0.5625","field2":"-1.125"},{"created_at":"2020-02-23T03:14:39-08:00","entry_id":74246,"field1":"0.5625","field2":"-1.1875"},{"created_at":"2020-02-23T03:24:16-08:00","entry_id":74247,"field1":"0.5","field2":"-1.1875"},{"created_at":"2020-02-23T03:33:54-08:00","entry_id":74248,"field1":"0.5625","field2":"-1.3125"},{"created_at":"2020-02-23T03:43:30-08:00","entry_id":74249,"field1":"0.5625","field2":"-1.3125"},{"created_at":"2020-02-23T03:53:07-08:00","entry_id":74250,"field1":"0.5","field2":"-1.25"},{"created_at":"2020-02-23T04:02:44-08:00","entry_id":74251,"field1":"0.5","field2":"-1.25"},{"created_at":"2020-02-23T04:12:22-08:00","entry_id":74252,"field1":"0.5","field2":"-1.1875"},{"created_at":"2020-02-23T04:21:59-08:00","entry_id":74253,"field1":"0.5","field2":"-1.1875"},{"created_at":"2020-02-23T04:31:36-08:00","entry_id":74254,"field1":"0.5","field2":"-1.125"},{"created_at":"2020-02-23T04:41:13-08:00","entry_id":74255,"field1":"0.5","field2":"-1.0625"},{"created_at":"2020-02-23T04:50:50-08:00","entry_id":74256,"field1":"0.5","field2":"-1.125"},{"created_at":"2020-02-23T05:00:30-08:00","entry_id":74257,"field1":"0.5","field2":"-1.125"},{"created_at":"2020-02-23T05:10:06-08:00","entry_id":74258,"field1":"0.5","field2":"-1.1875"},{"created_at":"2020-02-23T05:19:43-08:00","entry_id":74259,"field1":"0.4375","field2":"-1.1875"},{"created_at":"2020-02-23T05:29:20-08:00","entry_id":74260,"field1":"0.4375","field2":"-1.1875"},{"created_at":"2020-02-23T05:38:57-08:00","entry_id":74261,"field1":"0.4375","field2":"-1.1875"},{"created_at":"2020-02-23T05:48:34-08:00","entry_id":74262,"field1":"0.4375","field2":"-1.1875"},{"created_at":"2020-02-23T05:58:11-08:00","entry_id":74263,"field1":"0.4375","field2":"-1.0625"},{"created_at":"2020-02-23T06:07:48-08:00","entry_id":74264,"field1":"0.4375","field2":"-1.125"},{"created_at":"2020-02-23T06:17:25-08:00","entry_id":74265,"field1":"0.4375","field2":"-1.125"},{"created_at":"2020-02-23T06:27:02-08:00","entry_id":74266,"field1":"0.4375","field2":"-1.1875"},{"created_at":"2020-02-23T06:36:39-08:00","entry_id":74267,"field1":"0.4375","field2":"-1.125"},{"created_at":"2020-02-23T06:46:15-08:00","entry_id":74268,"field1":"0.375","field2":"-1.125"},{"created_at":"2020-02-23T06:55:53-08:00","entry_id":74269,"field1":"0.4375","field2":"-1.1875"},{"created_at":"2020-02-23T07:05:30-08:00","entry_id":74270,"field1":"0.375","field2":"-1.125"},{"created_at":"2020-02-23T07:15:08-08:00","entry_id":74271,"field1":"0.4375","field2":"-1.0625"},{"created_at":"2020-02-23T07:24:44-08:00","entry_id":74272,"field1":"0.4375","field2":"-0.875"},{"created_at":"2020-02-23T07:34:21-08:00","entry_id":74273,"field1":"0.375","field2":"-0.6875"},{"created_at":"2020-02-23T07:43:58-08:00","entry_id":74274,"field1":"0.4375","field2":"-0.6875"},{"created_at":"2020-02-23T07:53:37-08:00","entry_id":74275,"field1":"0.4375","field2":"-0.5625"},{"created_at":"2020-02-23T08:03:14-08:00","entry_id":74276,"field1":"0.4375","field2":"-0.375"},{"created_at":"2020-02-23T08:12:51-08:00","entry_id":74277,"field1":"0.4375","field2":"-0.1875"},{"created_at":"2020-02-23T08:22:27-08:00","entry_id":74278,"field1":"0.4375","field2":"-0.1875"},{"created_at":"2020-02-23T08:32:04-08:00","entry_id":74279,"field1":"0.4375","field2":"0"},{"created_at":"2020-02-23T08:41:41-08:00","entry_id":74280,"field1":"0.4375","field2":"0.25"},{"created_at":"2020-02-23T08:51:19-08:00","entry_id":74281,"field1":"0.5","field2":"0.1875"},{"created_at":"2020-02-23T09:00:55-08:00","entry_id":74282,"field1":"0.5","field2":"0.0625"},{"created_at":"2020-02-23T09:10:33-08:00","entry_id":74283,"field1":"0.5","field2":"0"},{"created_at":"2020-02-23T09:20:10-08:00","entry_id":74284,"field1":"0.5","field2":"-0.1875"},{"created_at":"2020-02-23T09:29:47-08:00","entry_id":74285,"field1":"0.5","field2":"-0.25"},{"created_at":"2020-02-23T09:39:23-08:00","entry_id":74286,"field1":"0.4375","field2":"-0.1875"},{"created_at":"2020-02-23T09:49:01-08:00","entry_id":74287,"field1":"0.5","field2":"-0.125"},{"created_at":"2020-02-23T09:58:38-08:00","entry_id":74288,"field1":"0.5","field2":"-0.5625"},{"created_at":"2020-02-23T10:08:15-08:00","entry_id":74289,"field1":"0.5","field2":"-0.4375"},{"created_at":"2020-02-23T10:17:53-08:00","entry_id":74290,"field1":"0.5","field2":"-0.5"},{"created_at":"2020-02-23T10:27:30-08:00","entry_id":74291,"field1":"0.5","field2":"-0.5625"},{"created_at":"2020-02-23T10:37:06-08:00","entry_id":74292,"field1":"0.5","field2":"-0.4375"},{"created_at":"2020-02-23T10:46:43-08:00","entry_id":74293,"field1":"0.5","field2":"-0.3125"},{"created_at":"2020-02-23T10:56:21-08:00","entry_id":74294,"field1":"0.5","field2":"-0.125"},{"created_at":"2020-02-23T11:05:57-08:00","entry_id":74295,"field1":"0.5","field2":"-0.3125"},{"created_at":"2020-02-23T11:15:33-08:00","entry_id":74296,"field1":"0.5","field2":"-0.125"},{"created_at":"2020-02-23T11:25:11-08:00","entry_id":74297,"field1":"0.5","field2":"-0.375"},{"created_at":"2020-02-23T11:34:48-08:00","entry_id":74298,"field1":"0.5","field2":"-0.375"},{"created_at":"2020-02-23T11:44:25-08:00","entry_id":74299,"field1":"0.5625","field2":"-0.5625"},{"created_at":"2020-02-23T11:54:02-08:00","entry_id":74300,"field1":"0.5625","field2":"-0.1875"},{"created_at":"2020-02-23T12:03:38-08:00","entry_id":74301,"field1":"0.5625","field2":"-0.125"},{"created_at":"2020-02-23T12:13:15-08:00","entry_id":74302,"field1":"0.5625","field2":"-0.125"},{"created_at":"2020-02-23T12:22:53-08:00","entry_id":74303,"field1":"0.5625","field2":"-0.125"},{"created_at":"2020-02-23T12:32:30-08:00","entry_id":74304,"field1":"0.625","field2":"-0.125"},{"created_at":"2020-02-23T12:42:07-08:00","entry_id":74305,"field1":"0.625","field2":"0.125"},{"created_at":"2020-02-23T12:51:44-08:00","entry_id":74306,"field1":"0.5625","field2":"-0.0625"},{"created_at":"2020-02-23T13:01:22-08:00","entry_id":74307,"field1":"0.625","field2":"0.25"},{"created_at":"2020-02-23T13:10:58-08:00","entry_id":74308,"field1":"0.625","field2":"0.5625"},{"created_at":"2020-02-23T13:20:35-08:00","entry_id":74309,"field1":"0.625","field2":"0.8125"},{"created_at":"2020-02-23T13:30:12-08:00","entry_id":74310,"field1":"0.6875","field2":"1.0625"},{"created_at":"2020-02-23T13:39:49-08:00","entry_id":74311,"field1":"0.6875","field2":"0.6875"},{"created_at":"2020-02-23T13:49:26-08:00","entry_id":74312,"field1":"0.6875","field2":"0.75"},{"created_at":"2020-02-23T13:59:03-08:00","entry_id":74313,"field1":"0.75","field2":"0.75"},{"created_at":"2020-02-23T14:08:40-08:00","entry_id":74314,"field1":"0.8125","field2":"0.875"},{"created_at":"2020-02-23T14:18:18-08:00","entry_id":74315,"field1":"0.8125","field2":"0.875"},{"created_at":"2020-02-23T14:27:54-08:00","entry_id":74316,"field1":"0.875","field2":"1.5"},{"created_at":"2020-02-23T14:37:32-08:00","entry_id":74317,"field1":"0.875","field2":"1.25"},{"created_at":"2020-02-23T14:47:28-08:00","entry_id":74318,"field1":"0.9375","field2":"0.875"},{"created_at":"2020-02-23T14:57:04-08:00","entry_id":74319,"field1":"0.9375","field2":"1.375"},{"created_at":"2020-02-23T15:06:40-08:00","entry_id":74320,"field1":"0.9375","field2":"1"},{"created_at":"2020-02-23T15:16:16-08:00","entry_id":74321,"field1":"0.9375","field2":"1.1875"},{"created_at":"2020-02-23T15:25:53-08:00","entry_id":74322,"field1":"0.9375","field2":"1.1875"},{"created_at":"2020-02-23T15:35:30-08:00","entry_id":74323,"field1":"0.9375","field2":"1.0625"},{"created_at":"2020-02-23T15:45:07-08:00","entry_id":74324,"field1":"0.9375","field2":"0.75"},{"created_at":"2020-02-23T15:54:44-08:00","entry_id":74325,"field1":"0.9375","field2":"0.4375"},{"created_at":"2020-02-23T16:04:21-08:00","entry_id":74326,"field1":"0.9375","field2":"0.3125"},{"created_at":"2020-02-23T16:13:58-08:00","entry_id":74327,"field1":"0.9375","field2":"0.125"},{"created_at":"2020-02-23T16:23:35-08:00","entry_id":74328,"field1":"0.9375","field2":"0.125"},{"created_at":"2020-02-23T16:33:11-08:00","entry_id":74329,"field1":"0.9375","field2":"0.125"},{"created_at":"2020-02-23T16:42:52-08:00","entry_id":74330,"field1":"0.9375","field2":"0.25"},{"created_at":"2020-02-23T16:52:27-08:00","entry_id":74331,"field1":"0.9375","field2":"0.25"},{"created_at":"2020-02-23T17:02:04-08:00","entry_id":74332,"field1":"0.9375","field2":"0.25"},{"created_at":"2020-02-23T17:11:44-08:00","entry_id":74333,"field1":"0.875","field2":"0.1875"},{"created_at":"2020-02-23T17:21:19-08:00","entry_id":74334,"field1":"0.875","field2":"0.1875"},{"created_at":"2020-02-23T17:30:57-08:00","entry_id":74335,"field1":"0.875","field2":"0.125"},{"created_at":"2020-02-23T17:40:33-08:00","entry_id":74336,"field1":"0.875","field2":"0.125"},{"created_at":"2020-02-23T17:50:10-08:00","entry_id":74337,"field1":"0.875","field2":"0.125"},{"created_at":"2020-02-23T17:59:46-08:00","entry_id":74338,"field1":"0.875","field2":"0.0625"},{"created_at":"2020-02-23T18:09:23-08:00","entry_id":74339,"field1":"0.875","field2":"0.0625"},{"created_at":"2020-02-23T18:19:00-08:00","entry_id":74340,"field1":"0.875","field2":"0.125"},{"created_at":"2020-02-23T18:28:37-08:00","entry_id":74341,"field1":"0.875","field2":"0.125"},{"created_at":"2020-02-23T18:38:14-08:00","entry_id":74342,"field1":"0.875","field2":"0.0625"},{"created_at":"2020-02-23T18:47:51-08:00","entry_id":74343,"field1":"0.875","field2":"0.0625"},{"created_at":"2020-02-23T18:57:27-08:00","entry_id":74344,"field1":"0.875","field2":"0"},{"created_at":"2020-02-23T19:07:04-08:00","entry_id":74345,"field1":"0.875","field2":"0"},{"created_at":"2020-02-23T19:16:41-08:00","entry_id":74346,"field1":"0.875","field2":"0"},{"created_at":"2020-02-23T19:26:17-08:00","entry_id":74347,"field1":"0.875","field2":"-0.0625"},{"created_at":"2020-02-23T19:35:54-08:00","entry_id":74348,"field1":"0.875","field2":"-0.0625"},{"created_at":"2020-02-23T19:45:35-08:00","entry_id":74349,"field1":"0.875","field2":"-0.0625"},{"created_at":"2020-02-23T19:55:10-08:00","entry_id":74350,"field1":"0.875","field2":"-0.125"},{"created_at":"2020-02-23T20:04:47-08:00","entry_id":74351,"field1":"0.875","field2":"-0.125"},{"created_at":"2020-02-23T20:14:23-08:00","entry_id":74352,"field1":"0.875","field2":"-0.125"},{"created_at":"2020-02-23T20:24:00-08:00","entry_id":74353,"field1":"0.8125","field2":"-0.1875"},{"created_at":"2020-02-23T20:33:40-08:00","entry_id":74354,"field1":"0.8125","field2":"-0.1875"},{"created_at":"2020-02-23T20:43:16-08:00","entry_id":74355,"field1":"0.8125","field2":"-0.1875"},{"created_at":"2020-02-23T20:52:52-08:00","entry_id":74356,"field1":"0.8125","field2":"-0.125"},{"created_at":"2020-02-23T21:02:29-08:00","entry_id":74357,"field1":"0.8125","field2":"-0.125"},{"created_at":"2020-02-23T21:12:05-08:00","entry_id":74358,"field1":"0.8125","field2":"-0.125"},{"created_at":"2020-02-23T21:21:42-08:00","entry_id":74359,"field1":"0.8125","field2":"-0.125"},{"created_at":"2020-02-23T21:31:19-08:00","entry_id":74360,"field1":"0.8125","field2":"-0.125"},{"created_at":"2020-02-23T21:40:57-08:00","entry_id":74361,"field1":"0.8125","field2":"-0.1875"},{"created_at":"2020-02-23T21:50:34-08:00","entry_id":74362,"field1":"0.8125","field2":"-0.125"},{"created_at":"2020-02-23T22:00:11-08:00","entry_id":74363,"field1":"0.8125","field2":"-0.125"},{"created_at":"2020-02-23T22:09:47-08:00","entry_id":74364,"field1":"0.8125","field2":"-0.125"},{"created_at":"2020-02-23T22:19:24-08:00","entry_id":74365,"field1":"0.8125","field2":"-0.125"},{"created_at":"2020-02-23T22:29:01-08:00","entry_id":74366,"field1":"0.8125","field2":"-0.125"},{"created_at":"2020-02-23T22:38:38-08:00","entry_id":74367,"field1":"0.75","field2":"-0.125"},{"created_at":"2020-02-23T22:48:14-08:00","entry_id":74368,"field1":"0.75","field2":"-0.125"},{"created_at":"2020-02-23T22:57:51-08:00","entry_id":74369,"field1":"0.8125","field2":"-0.125"},{"created_at":"2020-02-23T23:07:28-08:00","entry_id":74370,"field1":"0.75","field2":"-0.125"},{"created_at":"2020-02-23T23:17:06-08:00","entry_id":74371,"field1":"0.75","field2":"-0.125"},{"created_at":"2020-02-23T23:26:42-08:00","entry_id":74372,"field1":"0.8125","field2":"-0.125"},{"created_at":"2020-02-23T23:36:21-08:00","entry_id":74373,"field1":"0.75","field2":"-0.125"},{"created_at":"2020-02-23T23:45:57-08:00","entry_id":74374,"field1":"0.75","field2":"-0.125"},{"created_at":"2020-02-23T23:55:34-08:00","entry_id":74375,"field1":"0.75","field2":"-0.125"}]}