{"channel":{"id":581842,"name":"Upstairs Small Window Indoor / Outdoor Sensor","latitude":"0.0","longitude":"0.0","field1":"Indoor Temperature","field2":"Outdoor Temperature","created_at":"2018-09-23T15:37:52-07:00","updated_at":"2020-07-27T05:59:41-07:00","last_entry_id":174392},"feeds":[{"created_at":"2022-01-25T00:02:21-08:00","entry_id":174135,"field1":"8.8125","field2":"-1.125"},{"created_at":"2022-01-25T00:11:57-08:00","entry_id":174136,"field1":"8.75","field2":"-1.1875"},{"created_at":"2022-01-25T00:21:33-08:00","entry_id":174137,"field1":"8.75","field2":"-1.375"},{"created_at":"2022-01-25T00:31:12-08:00","entry_id":174138,"field1":"8.75","field2":"-1.5625"},{"created_at":"2022-01-25T00:40:49-08:00","entry_id":174139,"field1":"8.75","field2":"-1.5625"},{"created_at":"2022-01-25T00:50:25-08:00","entry_id":174140,"field1":"8.75","field2":"-1.5625"},{"created_at":"2022-01-25T01:00:03-08:00","entry_id":174141,"field1":"8.75","field2":"-1.4375"},{"created_at":"2022-01-25T01:09:41-08:00","entry_id":174142,"field1":"8.75","field2":"-1.625"},{"created_at":"2022-01-25T01:19:18-08:00","entry_id":174143,"field1":"8.75","field2":"-1.5625"},{"created_at":"2022-01-25T01:28:54-08:00","entry_id":174144,"field1":"8.75","field2":"-1.5"},{"created_at":"2022-01-25T01:38:30-08:00","entry_id":174145,"field1":"8.6875","field2":"-1.625"},{"created_at":"2022-01-25T01:48:09-08:00","entry_id":174146,"field1":"8.6875","field2":"-1.5"},{"created_at":"2022-01-25T01:57:46-08:00","entry_id":174147,"field1":"8.6875","field2":"-1.75"},{"created_at":"2022-01-25T02:07:25-08:00","entry_id":174148,"field1":"8.6875","field2":"-1.6875"},{"created_at":"2022-01-25T02:17:02-08:00","entry_id":174149,"field1":"8.6875","field2":"-1.5625"},{"created_at":"2022-01-25T02:26:39-08:00","entry_id":174150,"field1":"8.6875","field2":"-1.625"},{"created_at":"2022-01-25T02:36:15-08:00","entry_id":174151,"field1":"8.6875","field2":"-1.5625"},{"created_at":"2022-01-25T02:45:51-08:00","entry_id":174152,"field1":"8.6875","field2":"-1.625"},{"created_at":"2022-01-25T02:55:28-08:00","entry_id":174153,"field1":"8.6875","field2":"-1.625"},{"created_at":"2022-01-25T03:05:06-08:00","entry_id":174154,"field1":"8.6875","field2":"-1.625"},{"created_at":"2022-01-25T03:14:44-08:00","entry_id":174155,"field1":"8.625","field2":"-1.6875"},{"created_at":"2022-01-25T03:24:21-08:00","entry_id":174156,"field1":"8.6875","field2":"-1.5625"},{"created_at":"2022-01-25T03:33:56-08:00","entry_id":174157,"field1":"8.625","field2":"-1.5625"},{"created_at":"2022-01-25T03:43:33-08:00","entry_id":174158,"field1":"8.6875","field2":"-1.8125"},{"created_at":"2022-01-25T03:53:11-08:00","entry_id":174159,"field1":"8.625","field2":"-1.875"},{"created_at":"2022-01-25T04:02:47-08:00","entry_id":174160,"field1":"8.625","field2":"-1.875"},{"created_at":"2022-01-25T04:12:25-08:00","entry_id":174161,"field1":"8.625","field2":"-1.75"},{"created_at":"2022-01-25T04:22:03-08:00","entry_id":174162,"field1":"8.625","field2":"-2"},{"created_at":"2022-01-25T04:31:41-08:00","entry_id":174163,"field1":"8.625","field2":"-2"},{"created_at":"2022-01-25T04:43:35-08:00","entry_id":174164,"field1":"8.5625","field2":"-1.875"},{"created_at":"2022-01-25T04:53:10-08:00","entry_id":174165,"field1":"8.5625","field2":"-1.9375"},{"created_at":"2022-01-25T05:02:49-08:00","entry_id":174166,"field1":"8.5625","field2":"-1.875"},{"created_at":"2022-01-25T05:12:26-08:00","entry_id":174167,"field1":"8.5625","field2":"-1.9375"},{"created_at":"2022-01-25T05:22:03-08:00","entry_id":174168,"field1":"8.5625","field2":"-2"},{"created_at":"2022-01-25T05:31:39-08:00","entry_id":174169,"field1":"8.5625","field2":"-2"},{"created_at":"2022-01-25T05:41:17-08:00","entry_id":174170,"field1":"8.5625","field2":"-2.1875"},{"created_at":"2022-01-25T05:50:53-08:00","entry_id":174171,"field1":"8.5625","field2":"-2.25"},{"created_at":"2022-01-25T06:00:30-08:00","entry_id":174172,"field1":"8.5","field2":"-2.1875"},{"created_at":"2022-01-25T06:10:07-08:00","entry_id":174173,"field1":"8.5","field2":"-2.3125"},{"created_at":"2022-01-25T06:19:44-08:00","entry_id":174174,"field1":"8.5","field2":"-2.25"},{"created_at":"2022-01-25T06:29:21-08:00","entry_id":174175,"field1":"8.5","field2":"-2.25"},{"created_at":"2022-01-25T06:38:59-08:00","entry_id":174176,"field1":"8.5","field2":"-2.25"},{"created_at":"2022-01-25T06:48:36-08:00","entry_id":174177,"field1":"8.5","field2":"-2.25"},{"created_at":"2022-01-25T06:58:13-08:00","entry_id":174178,"field1":"8.5","field2":"-2.125"},{"created_at":"2022-01-25T11:01:58-08:00","entry_id":174179,"field1":"6.3125","field2":"-2"},{"created_at":"2022-01-25T11:11:35-08:00","entry_id":174180,"field1":"6.375","field2":"-2.1875"},{"created_at":"2022-01-25T11:21:12-08:00","entry_id":174181,"field1":"6.4375","field2":"-2.3125"},{"created_at":"2022-01-25T11:30:50-08:00","entry_id":174182,"field1":"6.5625","field2":"-2"},{"created_at":"2022-01-25T11:40:28-08:00","entry_id":174183,"field1":"6.6875","field2":"-2.1875"},{"created_at":"2022-01-25T11:50:06-08:00","entry_id":174184,"field1":"6.75","field2":"-2.0625"},{"created_at":"2022-01-25T11:59:42-08:00","entry_id":174185,"field1":"6.8125","field2":"-2.1875"},{"created_at":"2022-01-25T12:09:19-08:00","entry_id":174186,"field1":"6.9375","field2":"-2.0625"},{"created_at":"2022-01-25T12:18:57-08:00","entry_id":174187,"field1":"6.9375","field2":"-2.125"},{"created_at":"2022-01-25T12:28:33-08:00","entry_id":174188,"field1":"7","field2":"-1.9375"},{"created_at":"2022-01-25T12:38:11-08:00","entry_id":174189,"field1":"7.0625","field2":"-2.0625"},{"created_at":"2022-01-25T12:47:47-08:00","entry_id":174190,"field1":"7.125","field2":"-1.875"},{"created_at":"2022-01-25T12:57:24-08:00","entry_id":174191,"field1":"7.125","field2":"-2.0625"},{"created_at":"2022-01-25T13:07:02-08:00","entry_id":174192,"field1":"7.1875","field2":"-2"},{"created_at":"2022-01-25T13:16:40-08:00","entry_id":174193,"field1":"7.1875","field2":"-2"},{"created_at":"2022-01-25T13:26:17-08:00","entry_id":174194,"field1":"7.25","field2":"-2.0625"},{"created_at":"2022-01-25T13:35:54-08:00","entry_id":174195,"field1":"7.25","field2":"-2"},{"created_at":"2022-01-25T13:45:32-08:00","entry_id":174196,"field1":"7.3125","field2":"-1.9375"},{"created_at":"2022-01-25T13:55:08-08:00","entry_id":174197,"field1":"7.3125","field2":"-1.8125"},{"created_at":"2022-01-25T14:04:46-08:00","entry_id":174198,"field1":"7.3125","field2":"-1.8125"},{"created_at":"2022-01-25T14:14:22-08:00","entry_id":174199,"field1":"7.375","field2":"-1.875"},{"created_at":"2022-01-25T14:23:59-08:00","entry_id":174200,"field1":"7.375","field2":"-1.875"},{"created_at":"2022-01-25T14:33:38-08:00","entry_id":174201,"field1":"7.4375","field2":"-1.8125"},{"created_at":"2022-01-25T14:43:13-08:00","entry_id":174202,"field1":"7.4375","field2":"-1.75"},{"created_at":"2022-01-25T14:52:50-08:00","entry_id":174203,"field1":"7.4375","field2":"-1.75"},{"created_at":"2022-01-25T15:02:28-08:00","entry_id":174204,"field1":"7.4375","field2":"-1.75"},{"created_at":"2022-01-25T15:12:04-08:00","entry_id":174205,"field1":"7.5","field2":"-1.75"},{"created_at":"2022-01-25T15:21:40-08:00","entry_id":174206,"field1":"7.5","field2":"-1.75"},{"created_at":"2022-01-25T15:31:19-08:00","entry_id":174207,"field1":"7.5","field2":"-1.8125"},{"created_at":"2022-01-25T15:40:56-08:00","entry_id":174208,"field1":"7.5","field2":"-1.75"},{"created_at":"2022-01-25T15:50:31-08:00","entry_id":174209,"field1":"7.5","field2":"-1.75"},{"created_at":"2022-01-25T16:00:08-08:00","entry_id":174210,"field1":"7.5","field2":"-1.6875"},{"created_at":"2022-01-25T16:09:44-08:00","entry_id":174211,"field1":"7.5","field2":"-1.8125"},{"created_at":"2022-01-25T16:19:21-08:00","entry_id":174212,"field1":"7.5625","field2":"-1.8125"},{"created_at":"2022-01-25T16:28:59-08:00","entry_id":174213,"field1":"7.5625","field2":"-1.8125"},{"created_at":"2022-01-25T16:38:34-08:00","entry_id":174214,"field1":"7.5625","field2":"-1.875"},{"created_at":"2022-01-25T16:48:12-08:00","entry_id":174215,"field1":"7.5625","field2":"-1.8125"},{"created_at":"2022-01-25T16:57:48-08:00","entry_id":174216,"field1":"7.5625","field2":"-1.8125"},{"created_at":"2022-01-25T17:07:24-08:00","entry_id":174217,"field1":"7.5625","field2":"-1.75"},{"created_at":"2022-01-25T17:17:01-08:00","entry_id":174218,"field1":"7.5625","field2":"-1.75"},{"created_at":"2022-01-25T17:26:40-08:00","entry_id":174219,"field1":"7.5625","field2":"-1.75"},{"created_at":"2022-01-25T17:36:17-08:00","entry_id":174220,"field1":"7.5625","field2":"-1.75"},{"created_at":"2022-01-25T17:45:53-08:00","entry_id":174221,"field1":"7.5625","field2":"-1.8125"},{"created_at":"2022-01-25T17:55:31-08:00","entry_id":174222,"field1":"7.5625","field2":"-1.8125"},{"created_at":"2022-01-25T18:05:07-08:00","entry_id":174223,"field1":"7.5625","field2":"-1.8125"},{"created_at":"2022-01-25T18:14:46-08:00","entry_id":174224,"field1":"7.5625","field2":"-1.875"},{"created_at":"2022-01-25T18:24:23-08:00","entry_id":174225,"field1":"7.5625","field2":"-1.8125"},{"created_at":"2022-01-25T18:33:58-08:00","entry_id":174226,"field1":"7.5625","field2":"-1.8125"},{"created_at":"2022-01-25T18:43:36-08:00","entry_id":174227,"field1":"7.5625","field2":"-1.875"},{"created_at":"2022-01-25T18:53:13-08:00","entry_id":174228,"field1":"7.5625","field2":"-1.875"},{"created_at":"2022-01-25T19:02:51-08:00","entry_id":174229,"field1":"7.625","field2":"-1.8125"},{"created_at":"2022-01-25T19:12:28-08:00","entry_id":174230,"field1":"7.625","field2":"-1.875"},{"created_at":"2022-01-25T19:22:05-08:00","entry_id":174231,"field1":"7.625","field2":"-1.875"},{"created_at":"2022-01-25T19:31:41-08:00","entry_id":174232,"field1":"7.625","field2":"-1.9375"},{"created_at":"2022-01-25T19:41:19-08:00","entry_id":174233,"field1":"7.625","field2":"-1.9375"},{"created_at":"2022-01-25T19:50:57-08:00","entry_id":174234,"field1":"7.625","field2":"-2"},{"created_at":"2022-01-25T20:00:33-08:00","entry_id":174235,"field1":"7.625","field2":"-1.9375"},{"created_at":"2022-01-25T20:10:09-08:00","entry_id":174236,"field1":"7.625","field2":"-1.9375"},{"created_at":"2022-01-25T20:19:47-08:00","entry_id":174237,"field1":"7.625","field2":"-2"},{"created_at":"2022-01-25T20:29:22-08:00","entry_id":174238,"field1":"7.625","field2":"-1.9375"},{"created_at":"2022-01-25T20:39:00-08:00","entry_id":174239,"field1":"7.625","field2":"-1.9375"},{"created_at":"2022-01-25T20:48:38-08:00","entry_id":174240,"field1":"7.625","field2":"-2"},{"created_at":"2022-01-25T20:58:15-08:00","entry_id":174241,"field1":"7.625","field2":"-1.9375"},{"created_at":"2022-01-25T21:07:50-08:00","entry_id":174242,"field1":"7.625","field2":"-1.9375"},{"created_at":"2022-01-25T21:17:27-08:00","entry_id":174243,"field1":"7.625","field2":"-1.9375"},{"created_at":"2022-01-25T21:27:05-08:00","entry_id":174244,"field1":"7.625","field2":"-2"},{"created_at":"2022-01-25T21:36:43-08:00","entry_id":174245,"field1":"7.625","field2":"-2.0625"},{"created_at":"2022-01-25T21:46:20-08:00","entry_id":174246,"field1":"7.625","field2":"-2.0625"},{"created_at":"2022-01-25T21:55:55-08:00","entry_id":174247,"field1":"7.625","field2":"-2"},{"created_at":"2022-01-25T22:05:34-08:00","entry_id":174248,"field1":"7.625","field2":"-2"},{"created_at":"2022-01-25T22:15:11-08:00","entry_id":174249,"field1":"7.625","field2":"-1.9375"},{"created_at":"2022-01-25T22:24:48-08:00","entry_id":174250,"field1":"7.625","field2":"-2"},{"created_at":"2022-01-25T22:34:24-08:00","entry_id":174251,"field1":"7.625","field2":"-2"},{"created_at":"2022-01-25T22:44:02-08:00","entry_id":174252,"field1":"7.625","field2":"-2.0625"},{"created_at":"2022-01-25T22:53:40-08:00","entry_id":174253,"field1":"7.625","field2":"-2.0625"},{"created_at":"2022-01-25T23:03:15-08:00","entry_id":174254,"field1":"7.625","field2":"-2.0625"},{"created_at":"2022-01-25T23:12:52-08:00","entry_id":174255,"field1":"7.6875","field2":"-2.0625"},{"created_at":"2022-01-25T23:22:28-08:00","entry_id":174256,"field1":"7.6875","field2":"-2.0625"},{"created_at":"2022-01-25T23:32:06-08:00","entry_id":174257,"field1":"7.625","field2":"-2.0625"},{"created_at":"2022-01-25T23:41:44-08:00","entry_id":174258,"field1":"7.625","field2":"-2.0625"},{"created_at":"2022-01-25T23:51:20-08:00","entry_id":174259,"field1":"7.6875","field2":"-2.0625"}]}