{"channel":{"id":581842,"name":"Upstairs Small Window Indoor / Outdoor Sensor","latitude":"0.0","longitude":"0.0","field1":"Indoor Temperature","field2":"Outdoor Temperature","created_at":"2018-09-23T15:37:52-07:00","updated_at":"2020-07-27T05:59:41-07:00","last_entry_id":217236},"feeds":[{"created_at":"2022-11-08T00:02:21-08:00","entry_id":216954,"field1":"6.875","field2":"-5.125"},{"created_at":"2022-11-08T00:11:57-08:00","entry_id":216955,"field1":"7.125","field2":"-5.3125"},{"created_at":"2022-11-08T00:21:34-08:00","entry_id":216956,"field1":"7.25","field2":"-4.9375"},{"created_at":"2022-11-08T00:31:11-08:00","entry_id":216957,"field1":"7.4375","field2":"-4.9375"},{"created_at":"2022-11-08T00:40:48-08:00","entry_id":216958,"field1":"7.625","field2":"-5.0625"},{"created_at":"2022-11-08T00:50:25-08:00","entry_id":216959,"field1":"7.0625","field2":"-5.0625"},{"created_at":"2022-11-08T01:00:01-08:00","entry_id":216960,"field1":"6.5625","field2":"-5"},{"created_at":"2022-11-08T01:09:37-08:00","entry_id":216961,"field1":"6.1875","field2":"-5.25"},{"created_at":"2022-11-08T01:19:14-08:00","entry_id":216962,"field1":"5.9375","field2":"-5.375"},{"created_at":"2022-11-08T01:28:50-08:00","entry_id":216963,"field1":"5.6875","field2":"-5.375"},{"created_at":"2022-11-08T01:38:27-08:00","entry_id":216964,"field1":"5.5625","field2":"-5"},{"created_at":"2022-11-08T01:48:04-08:00","entry_id":216965,"field1":"6.125","field2":"-5.375"},{"created_at":"2022-11-08T01:57:40-08:00","entry_id":216966,"field1":"6.5625","field2":"-5.125"},{"created_at":"2022-11-08T02:07:17-08:00","entry_id":216967,"field1":"6.875","field2":"-5.1875"},{"created_at":"2022-11-08T02:16:55-08:00","entry_id":216968,"field1":"7.0625","field2":"-5.375"},{"created_at":"2022-11-08T02:26:32-08:00","entry_id":216969,"field1":"7.25","field2":"-5.375"},{"created_at":"2022-11-08T02:36:07-08:00","entry_id":216970,"field1":"7.375","field2":"-5.5"},{"created_at":"2022-11-08T02:45:44-08:00","entry_id":216971,"field1":"7.5625","field2":"-5.0625"},{"created_at":"2022-11-08T02:55:21-08:00","entry_id":216972,"field1":"7.4375","field2":"-5.375"},{"created_at":"2022-11-08T03:04:58-08:00","entry_id":216973,"field1":"6.8125","field2":"-5.375"},{"created_at":"2022-11-08T03:14:34-08:00","entry_id":216974,"field1":"6.375","field2":"-5.375"},{"created_at":"2022-11-08T03:24:12-08:00","entry_id":216975,"field1":"6.0625","field2":"-5.5"},{"created_at":"2022-11-08T03:33:47-08:00","entry_id":216976,"field1":"5.75","field2":"-5.375"},{"created_at":"2022-11-08T03:43:24-08:00","entry_id":216977,"field1":"5.5625","field2":"-5.5625"},{"created_at":"2022-11-08T03:53:00-08:00","entry_id":216978,"field1":"5.6875","field2":"-5.6875"},{"created_at":"2022-11-08T04:02:37-08:00","entry_id":216979,"field1":"6.25","field2":"-5.625"},{"created_at":"2022-11-08T04:12:14-08:00","entry_id":216980,"field1":"6.625","field2":"-5.6875"},{"created_at":"2022-11-08T04:21:51-08:00","entry_id":216981,"field1":"6.8125","field2":"-5.6875"},{"created_at":"2022-11-08T04:31:29-08:00","entry_id":216982,"field1":"7","field2":"-6"},{"created_at":"2022-11-08T04:41:06-08:00","entry_id":216983,"field1":"7.1875","field2":"-5.9375"},{"created_at":"2022-11-08T04:50:43-08:00","entry_id":216984,"field1":"7.375","field2":"-5.6875"},{"created_at":"2022-11-08T05:00:19-08:00","entry_id":216985,"field1":"7.5625","field2":"-5.8125"},{"created_at":"2022-11-08T05:09:58-08:00","entry_id":216986,"field1":"7.4375","field2":"-5.9375"},{"created_at":"2022-11-08T05:19:35-08:00","entry_id":216987,"field1":"6.75","field2":"-5.6875"},{"created_at":"2022-11-08T05:29:10-08:00","entry_id":216988,"field1":"6.3125","field2":"-5.5"},{"created_at":"2022-11-08T05:38:46-08:00","entry_id":216989,"field1":"6","field2":"-5.5"},{"created_at":"2022-11-08T05:48:22-08:00","entry_id":216990,"field1":"5.6875","field2":"-5.75"},{"created_at":"2022-11-08T05:58:00-08:00","entry_id":216991,"field1":"5.5","field2":"-5.5625"},{"created_at":"2022-11-08T06:07:36-08:00","entry_id":216992,"field1":"5.8125","field2":"-5.75"},{"created_at":"2022-11-08T06:17:14-08:00","entry_id":216993,"field1":"6.3125","field2":"-5.9375"},{"created_at":"2022-11-08T06:26:51-08:00","entry_id":216994,"field1":"6.625","field2":"-5.9375"},{"created_at":"2022-11-08T06:36:27-08:00","entry_id":216995,"field1":"6.8125","field2":"-5.875"},{"created_at":"2022-11-08T06:46:04-08:00","entry_id":216996,"field1":"7","field2":"-5.8125"},{"created_at":"2022-11-08T06:55:41-08:00","entry_id":216997,"field1":"7.1875","field2":"-5.875"},{"created_at":"2022-11-08T07:05:18-08:00","entry_id":216998,"field1":"7.3125","field2":"-5.9375"},{"created_at":"2022-11-08T07:14:55-08:00","entry_id":216999,"field1":"7.4375","field2":"-5.875"},{"created_at":"2022-11-08T07:24:32-08:00","entry_id":217000,"field1":"7.375","field2":"-5.625"},{"created_at":"2022-11-08T07:34:08-08:00","entry_id":217001,"field1":"6.75","field2":"-5.875"},{"created_at":"2022-11-08T07:43:44-08:00","entry_id":217002,"field1":"6.25","field2":"-5.9375"},{"created_at":"2022-11-08T07:53:23-08:00","entry_id":217003,"field1":"5.9375","field2":"-5.875"},{"created_at":"2022-11-08T08:02:58-08:00","entry_id":217004,"field1":"5.625","field2":"-5.8125"},{"created_at":"2022-11-08T08:12:34-08:00","entry_id":217005,"field1":"5.4375","field2":"-5.5625"},{"created_at":"2022-11-08T08:22:11-08:00","entry_id":217006,"field1":"5.875","field2":"-5.5625"},{"created_at":"2022-11-08T08:31:47-08:00","entry_id":217007,"field1":"6.3125","field2":"-5.5625"},{"created_at":"2022-11-08T08:41:24-08:00","entry_id":217008,"field1":"6.625","field2":"-5.5625"},{"created_at":"2022-11-08T08:51:01-08:00","entry_id":217009,"field1":"6.875","field2":"-5.4375"},{"created_at":"2022-11-08T09:00:39-08:00","entry_id":217010,"field1":"7.0625","field2":"-5.25"},{"created_at":"2022-11-08T09:10:15-08:00","entry_id":217011,"field1":"7.1875","field2":"-5.75"},{"created_at":"2022-11-08T09:19:53-08:00","entry_id":217012,"field1":"7.375","field2":"-5.6875"},{"created_at":"2022-11-08T09:29:29-08:00","entry_id":217013,"field1":"7.5","field2":"-5.6875"},{"created_at":"2022-11-08T09:39:08-08:00","entry_id":217014,"field1":"7.625","field2":"-5.1875"},{"created_at":"2022-11-08T09:48:45-08:00","entry_id":217015,"field1":"7.5625","field2":"-5"},{"created_at":"2022-11-08T09:58:20-08:00","entry_id":217016,"field1":"6.9375","field2":"-4.875"},{"created_at":"2022-11-08T10:07:59-08:00","entry_id":217017,"field1":"6.5","field2":"-4.5625"},{"created_at":"2022-11-08T10:17:34-08:00","entry_id":217018,"field1":"6.25","field2":"-4.875"},{"created_at":"2022-11-08T10:27:12-08:00","entry_id":217019,"field1":"6","field2":"-5.0625"},{"created_at":"2022-11-08T10:36:49-08:00","entry_id":217020,"field1":"5.75","field2":"-4.875"},{"created_at":"2022-11-08T10:46:26-08:00","entry_id":217021,"field1":"5.5625","field2":"-4.75"},{"created_at":"2022-11-08T10:56:01-08:00","entry_id":217022,"field1":"5.75","field2":"-4.4375"},{"created_at":"2022-11-08T11:05:38-08:00","entry_id":217023,"field1":"6.375","field2":"-4.5625"},{"created_at":"2022-11-08T11:15:17-08:00","entry_id":217024,"field1":"6.6875","field2":"-4.4375"},{"created_at":"2022-11-08T11:24:54-08:00","entry_id":217025,"field1":"7","field2":"-4.375"},{"created_at":"2022-11-08T11:34:31-08:00","entry_id":217026,"field1":"7.25","field2":"-4.4375"},{"created_at":"2022-11-08T11:44:08-08:00","entry_id":217027,"field1":"7.4375","field2":"-4.25"},{"created_at":"2022-11-08T11:53:45-08:00","entry_id":217028,"field1":"7.625","field2":"-3.3125"},{"created_at":"2022-11-08T12:03:22-08:00","entry_id":217029,"field1":"7.6875","field2":"-3.4375"},{"created_at":"2022-11-08T12:13:00-08:00","entry_id":217030,"field1":"7.0625","field2":"-3"},{"created_at":"2022-11-08T12:22:35-08:00","entry_id":217031,"field1":"6.625","field2":"-3.5625"},{"created_at":"2022-11-08T12:32:11-08:00","entry_id":217032,"field1":"6.3125","field2":"-4"},{"created_at":"2022-11-08T12:41:49-08:00","entry_id":217033,"field1":"6","field2":"-3.75"},{"created_at":"2022-11-08T12:51:26-08:00","entry_id":217034,"field1":"5.75","field2":"-3.875"},{"created_at":"2022-11-08T13:01:01-08:00","entry_id":217035,"field1":"5.5625","field2":"-3.75"},{"created_at":"2022-11-08T13:10:37-08:00","entry_id":217036,"field1":"5.9375","field2":"-3.375"},{"created_at":"2022-11-08T13:20:16-08:00","entry_id":217037,"field1":"6.5","field2":"-3.375"},{"created_at":"2022-11-08T13:29:53-08:00","entry_id":217038,"field1":"6.8125","field2":"-3.5625"},{"created_at":"2022-11-08T13:39:31-08:00","entry_id":217039,"field1":"7.0625","field2":"-3.6875"},{"created_at":"2022-11-08T13:49:08-08:00","entry_id":217040,"field1":"7.3125","field2":"-3.5"},{"created_at":"2022-11-08T13:58:44-08:00","entry_id":217041,"field1":"7.5","field2":"-3.5"},{"created_at":"2022-11-08T14:08:21-08:00","entry_id":217042,"field1":"7.6875","field2":"-3.25"},{"created_at":"2022-11-08T14:18:00-08:00","entry_id":217043,"field1":"7.375","field2":"-3.25"},{"created_at":"2022-11-08T14:27:35-08:00","entry_id":217044,"field1":"6.75","field2":"-3.125"},{"created_at":"2022-11-08T14:37:11-08:00","entry_id":217045,"field1":"6.375","field2":"-3.125"},{"created_at":"2022-11-08T14:46:48-08:00","entry_id":217046,"field1":"6.0625","field2":"-3.25"},{"created_at":"2022-11-08T14:56:24-08:00","entry_id":217047,"field1":"5.8125","field2":"-3.3125"},{"created_at":"2022-11-08T15:06:01-08:00","entry_id":217048,"field1":"5.625","field2":"-3.875"},{"created_at":"2022-11-08T15:15:38-08:00","entry_id":217049,"field1":"5.875","field2":"-3.4375"},{"created_at":"2022-11-08T15:25:16-08:00","entry_id":217050,"field1":"6.4375","field2":"-3.5"},{"created_at":"2022-11-08T15:34:52-08:00","entry_id":217051,"field1":"6.75","field2":"-3.5625"},{"created_at":"2022-11-08T15:44:29-08:00","entry_id":217052,"field1":"7.0625","field2":"-3.8125"},{"created_at":"2022-11-08T15:54:08-08:00","entry_id":217053,"field1":"7.25","field2":"-3.75"},{"created_at":"2022-11-08T16:03:46-08:00","entry_id":217054,"field1":"7.4375","field2":"-3.9375"},{"created_at":"2022-11-08T16:13:22-08:00","entry_id":217055,"field1":"7.5625","field2":"-4.1875"},{"created_at":"2022-11-08T16:23:01-08:00","entry_id":217056,"field1":"7.6875","field2":"-4.125"},{"created_at":"2022-11-08T16:32:38-08:00","entry_id":217057,"field1":"7.125","field2":"-4.25"},{"created_at":"2022-11-08T16:42:13-08:00","entry_id":217058,"field1":"6.5625","field2":"-4.375"},{"created_at":"2022-11-08T16:51:49-08:00","entry_id":217059,"field1":"6.1875","field2":"-4.375"},{"created_at":"2022-11-08T17:01:26-08:00","entry_id":217060,"field1":"5.9375","field2":"-4.3125"},{"created_at":"2022-11-08T17:11:03-08:00","entry_id":217061,"field1":"5.6875","field2":"-4.375"},{"created_at":"2022-11-08T17:20:39-08:00","entry_id":217062,"field1":"5.5625","field2":"-4.3125"},{"created_at":"2022-11-08T17:30:15-08:00","entry_id":217063,"field1":"6.125","field2":"-4.3125"},{"created_at":"2022-11-08T17:39:54-08:00","entry_id":217064,"field1":"6.5625","field2":"-4.125"},{"created_at":"2022-11-08T17:49:30-08:00","entry_id":217065,"field1":"6.875","field2":"-4.1875"},{"created_at":"2022-11-08T17:59:07-08:00","entry_id":217066,"field1":"7.0625","field2":"-4.25"},{"created_at":"2022-11-08T18:08:45-08:00","entry_id":217067,"field1":"7.25","field2":"-4.1875"},{"created_at":"2022-11-08T18:18:23-08:00","entry_id":217068,"field1":"7.375","field2":"-4.1875"},{"created_at":"2022-11-08T18:27:59-08:00","entry_id":217069,"field1":"7.5625","field2":"-4.375"},{"created_at":"2022-11-08T18:37:36-08:00","entry_id":217070,"field1":"7.6875","field2":"-4.3125"},{"created_at":"2022-11-08T18:47:14-08:00","entry_id":217071,"field1":"7.25","field2":"-4.4375"},{"created_at":"2022-11-08T18:56:49-08:00","entry_id":217072,"field1":"6.6875","field2":"-4.5"},{"created_at":"2022-11-08T19:06:25-08:00","entry_id":217073,"field1":"6.25","field2":"-4.4375"},{"created_at":"2022-11-08T19:16:03-08:00","entry_id":217074,"field1":"5.9375","field2":"-4.375"},{"created_at":"2022-11-08T19:25:38-08:00","entry_id":217075,"field1":"5.6875","field2":"-4.3125"},{"created_at":"2022-11-08T19:35:16-08:00","entry_id":217076,"field1":"5.5625","field2":"-4.375"},{"created_at":"2022-11-08T19:44:54-08:00","entry_id":217077,"field1":"6","field2":"-4.375"},{"created_at":"2022-11-08T19:54:31-08:00","entry_id":217078,"field1":"6.5","field2":"-4.4375"},{"created_at":"2022-11-08T20:04:07-08:00","entry_id":217079,"field1":"6.75","field2":"-4.4375"},{"created_at":"2022-11-08T20:13:44-08:00","entry_id":217080,"field1":"7","field2":"-4.3125"},{"created_at":"2022-11-08T20:23:20-08:00","entry_id":217081,"field1":"7.1875","field2":"-4.375"},{"created_at":"2022-11-08T20:32:57-08:00","entry_id":217082,"field1":"7.375","field2":"-4.375"},{"created_at":"2022-11-08T20:42:33-08:00","entry_id":217083,"field1":"7.5","field2":"-4.4375"},{"created_at":"2022-11-08T20:52:11-08:00","entry_id":217084,"field1":"7.625","field2":"-4.4375"},{"created_at":"2022-11-08T21:01:48-08:00","entry_id":217085,"field1":"7.125","field2":"-4.5625"},{"created_at":"2022-11-08T21:11:24-08:00","entry_id":217086,"field1":"6.5","field2":"-4.5625"},{"created_at":"2022-11-08T21:21:02-08:00","entry_id":217087,"field1":"6.125","field2":"-4.5625"},{"created_at":"2022-11-08T21:30:39-08:00","entry_id":217088,"field1":"5.8125","field2":"-4.75"},{"created_at":"2022-11-08T21:40:14-08:00","entry_id":217089,"field1":"5.5625","field2":"-4.8125"},{"created_at":"2022-11-08T21:49:51-08:00","entry_id":217090,"field1":"5.625","field2":"-4.75"},{"created_at":"2022-11-08T21:59:29-08:00","entry_id":217091,"field1":"6.1875","field2":"-4.625"},{"created_at":"2022-11-08T22:09:07-08:00","entry_id":217092,"field1":"6.5625","field2":"-4.625"},{"created_at":"2022-11-08T22:18:43-08:00","entry_id":217093,"field1":"6.8125","field2":"-4.6875"},{"created_at":"2022-11-08T22:28:20-08:00","entry_id":217094,"field1":"7","field2":"-4.6875"},{"created_at":"2022-11-08T22:37:57-08:00","entry_id":217095,"field1":"7.1875","field2":"-4.6875"},{"created_at":"2022-11-08T22:47:36-08:00","entry_id":217096,"field1":"7.375","field2":"-4.625"},{"created_at":"2022-11-08T22:57:11-08:00","entry_id":217097,"field1":"7.5","field2":"-4.6875"},{"created_at":"2022-11-08T23:06:48-08:00","entry_id":217098,"field1":"7.5625","field2":"-4.6875"},{"created_at":"2022-11-08T23:16:27-08:00","entry_id":217099,"field1":"6.9375","field2":"-4.6875"},{"created_at":"2022-11-08T23:26:02-08:00","entry_id":217100,"field1":"6.4375","field2":"-4.6875"},{"created_at":"2022-11-08T23:35:39-08:00","entry_id":217101,"field1":"6.0625","field2":"-4.75"},{"created_at":"2022-11-08T23:45:15-08:00","entry_id":217102,"field1":"5.75","field2":"-4.6875"},{"created_at":"2022-11-08T23:54:51-08:00","entry_id":217103,"field1":"5.5","field2":"-4.75"}]}