{"channel":{"id":581842,"name":"Upstairs Small Window Indoor / Outdoor Sensor","latitude":"0.0","longitude":"0.0","field1":"Indoor Temperature","field2":"Outdoor Temperature","created_at":"2018-09-23T15:37:52-07:00","updated_at":"2020-07-27T05:59:41-07:00","last_entry_id":180529},"feeds":[{"created_at":"2022-03-07T00:09:11-08:00","entry_id":180248,"field1":"9.875","field2":"0.0625"},{"created_at":"2022-03-07T00:18:47-08:00","entry_id":180249,"field1":"9.875","field2":"0.0625"},{"created_at":"2022-03-07T00:28:24-08:00","entry_id":180250,"field1":"9.875","field2":"0.125"},{"created_at":"2022-03-07T00:38:01-08:00","entry_id":180251,"field1":"9.875","field2":"0.0625"},{"created_at":"2022-03-07T00:47:39-08:00","entry_id":180252,"field1":"9.875","field2":"0.125"},{"created_at":"2022-03-07T00:57:15-08:00","entry_id":180253,"field1":"9.8125","field2":"0.125"},{"created_at":"2022-03-07T01:06:54-08:00","entry_id":180254,"field1":"9.875","field2":"0.125"},{"created_at":"2022-03-07T01:16:29-08:00","entry_id":180255,"field1":"9.8125","field2":"0.0625"},{"created_at":"2022-03-07T01:26:07-08:00","entry_id":180256,"field1":"9.8125","field2":"0.0625"},{"created_at":"2022-03-07T01:35:44-08:00","entry_id":180257,"field1":"9.875","field2":"0.125"},{"created_at":"2022-03-07T01:45:21-08:00","entry_id":180258,"field1":"9.8125","field2":"0"},{"created_at":"2022-03-07T01:54:59-08:00","entry_id":180259,"field1":"9.8125","field2":"0"},{"created_at":"2022-03-07T02:04:34-08:00","entry_id":180260,"field1":"9.8125","field2":"0"},{"created_at":"2022-03-07T02:14:12-08:00","entry_id":180261,"field1":"9.8125","field2":"0.0625"},{"created_at":"2022-03-07T02:23:51-08:00","entry_id":180262,"field1":"9.8125","field2":"0"},{"created_at":"2022-03-07T02:33:28-08:00","entry_id":180263,"field1":"9.8125","field2":"0"},{"created_at":"2022-03-07T02:43:05-08:00","entry_id":180264,"field1":"9.8125","field2":"0"},{"created_at":"2022-03-07T02:52:41-08:00","entry_id":180265,"field1":"9.8125","field2":"0"},{"created_at":"2022-03-07T03:02:21-08:00","entry_id":180266,"field1":"9.8125","field2":"0"},{"created_at":"2022-03-07T03:11:58-08:00","entry_id":180267,"field1":"9.8125","field2":"0.0625"},{"created_at":"2022-03-07T03:21:34-08:00","entry_id":180268,"field1":"9.8125","field2":"0"},{"created_at":"2022-03-07T03:31:10-08:00","entry_id":180269,"field1":"9.8125","field2":"0"},{"created_at":"2022-03-07T03:40:48-08:00","entry_id":180270,"field1":"9.8125","field2":"0"},{"created_at":"2022-03-07T03:50:24-08:00","entry_id":180271,"field1":"9.8125","field2":"-0.125"},{"created_at":"2022-03-07T04:00:03-08:00","entry_id":180272,"field1":"9.8125","field2":"-0.25"},{"created_at":"2022-03-07T04:09:39-08:00","entry_id":180273,"field1":"9.75","field2":"-0.375"},{"created_at":"2022-03-07T04:19:16-08:00","entry_id":180274,"field1":"9.75","field2":"-0.4375"},{"created_at":"2022-03-07T04:28:54-08:00","entry_id":180275,"field1":"9.75","field2":"-0.5"},{"created_at":"2022-03-07T04:38:30-08:00","entry_id":180276,"field1":"9.75","field2":"-0.5"},{"created_at":"2022-03-07T04:48:08-08:00","entry_id":180277,"field1":"9.75","field2":"-0.5"},{"created_at":"2022-03-07T04:57:44-08:00","entry_id":180278,"field1":"9.75","field2":"-0.75"},{"created_at":"2022-03-07T05:07:20-08:00","entry_id":180279,"field1":"9.75","field2":"-0.6875"},{"created_at":"2022-03-07T05:16:56-08:00","entry_id":180280,"field1":"9.75","field2":"-0.6875"},{"created_at":"2022-03-07T05:26:33-08:00","entry_id":180281,"field1":"9.75","field2":"-0.75"},{"created_at":"2022-03-07T05:36:11-08:00","entry_id":180282,"field1":"9.75","field2":"-0.6875"},{"created_at":"2022-03-07T05:45:47-08:00","entry_id":180283,"field1":"9.75","field2":"-0.6875"},{"created_at":"2022-03-07T05:55:24-08:00","entry_id":180284,"field1":"9.75","field2":"-0.75"},{"created_at":"2022-03-07T06:05:03-08:00","entry_id":180285,"field1":"9.6875","field2":"-0.8125"},{"created_at":"2022-03-07T06:14:38-08:00","entry_id":180286,"field1":"9.6875","field2":"-0.8125"},{"created_at":"2022-03-07T06:24:15-08:00","entry_id":180287,"field1":"9.6875","field2":"-0.8125"},{"created_at":"2022-03-07T06:33:51-08:00","entry_id":180288,"field1":"9.6875","field2":"-0.875"},{"created_at":"2022-03-07T06:43:30-08:00","entry_id":180289,"field1":"9.6875","field2":"-0.875"},{"created_at":"2022-03-07T06:53:06-08:00","entry_id":180290,"field1":"9.6875","field2":"-0.6875"},{"created_at":"2022-03-07T07:02:42-08:00","entry_id":180291,"field1":"9.625","field2":"-0.75"},{"created_at":"2022-03-07T07:12:18-08:00","entry_id":180292,"field1":"9.625","field2":"-0.6875"},{"created_at":"2022-03-07T07:21:57-08:00","entry_id":180293,"field1":"9.625","field2":"-0.5"},{"created_at":"2022-03-07T07:31:35-08:00","entry_id":180294,"field1":"9.6875","field2":"-0.5625"},{"created_at":"2022-03-07T07:41:10-08:00","entry_id":180295,"field1":"9.625","field2":"-0.125"},{"created_at":"2022-03-07T07:50:47-08:00","entry_id":180296,"field1":"9.625","field2":"-0.125"},{"created_at":"2022-03-07T08:00:23-08:00","entry_id":180297,"field1":"9.625","field2":"-0.1875"},{"created_at":"2022-03-07T08:10:01-08:00","entry_id":180298,"field1":"9.625","field2":"0.0625"},{"created_at":"2022-03-07T08:19:38-08:00","entry_id":180299,"field1":"9.625","field2":"0"},{"created_at":"2022-03-07T08:29:18-08:00","entry_id":180300,"field1":"9.625","field2":"0.1875"},{"created_at":"2022-03-07T08:38:54-08:00","entry_id":180301,"field1":"9.625","field2":"0.4375"},{"created_at":"2022-03-07T08:48:30-08:00","entry_id":180302,"field1":"9.6875","field2":"0.3125"},{"created_at":"2022-03-07T08:58:10-08:00","entry_id":180303,"field1":"9.6875","field2":"0.375"},{"created_at":"2022-03-07T09:07:48-08:00","entry_id":180304,"field1":"9.6875","field2":"0.5625"},{"created_at":"2022-03-07T09:17:24-08:00","entry_id":180305,"field1":"9.6875","field2":"0.6875"},{"created_at":"2022-03-07T09:27:02-08:00","entry_id":180306,"field1":"9.6875","field2":"0.6875"},{"created_at":"2022-03-07T09:36:38-08:00","entry_id":180307,"field1":"9.6875","field2":"0.75"},{"created_at":"2022-03-07T09:46:15-08:00","entry_id":180308,"field1":"9.75","field2":"0.875"},{"created_at":"2022-03-07T09:55:52-08:00","entry_id":180309,"field1":"9.75","field2":"0.875"},{"created_at":"2022-03-07T10:05:29-08:00","entry_id":180310,"field1":"9.8125","field2":"1"},{"created_at":"2022-03-07T10:15:07-08:00","entry_id":180311,"field1":"9.8125","field2":"1"},{"created_at":"2022-03-07T10:24:43-08:00","entry_id":180312,"field1":"9.875","field2":"1.1875"},{"created_at":"2022-03-07T10:34:20-08:00","entry_id":180313,"field1":"9.875","field2":"1.4375"},{"created_at":"2022-03-07T10:43:57-08:00","entry_id":180314,"field1":"9.9375","field2":"1.625"},{"created_at":"2022-03-07T10:53:35-08:00","entry_id":180315,"field1":"9.9375","field2":"1.375"},{"created_at":"2022-03-07T11:03:12-08:00","entry_id":180316,"field1":"10","field2":"1.6875"},{"created_at":"2022-03-07T11:12:48-08:00","entry_id":180317,"field1":"10.0625","field2":"2.1875"},{"created_at":"2022-03-07T11:22:25-08:00","entry_id":180318,"field1":"10.1875","field2":"2.3125"},{"created_at":"2022-03-07T11:32:01-08:00","entry_id":180319,"field1":"10.1875","field2":"2.125"},{"created_at":"2022-03-07T11:41:40-08:00","entry_id":180320,"field1":"10.125","field2":"2.25"},{"created_at":"2022-03-07T11:51:17-08:00","entry_id":180321,"field1":"9.875","field2":"2.4375"},{"created_at":"2022-03-07T12:00:54-08:00","entry_id":180322,"field1":"9.6875","field2":"2.25"},{"created_at":"2022-03-07T12:10:32-08:00","entry_id":180323,"field1":"9.6875","field2":"2.3125"},{"created_at":"2022-03-07T12:20:09-08:00","entry_id":180324,"field1":"9.8125","field2":"2.5"},{"created_at":"2022-03-07T12:29:47-08:00","entry_id":180325,"field1":"9.9375","field2":"2.5"},{"created_at":"2022-03-07T12:39:23-08:00","entry_id":180326,"field1":"10","field2":"2.75"},{"created_at":"2022-03-07T12:49:02-08:00","entry_id":180327,"field1":"10.0625","field2":"2.625"},{"created_at":"2022-03-07T12:58:38-08:00","entry_id":180328,"field1":"10.125","field2":"3.125"},{"created_at":"2022-03-07T13:08:16-08:00","entry_id":180329,"field1":"10.125","field2":"3.3125"},{"created_at":"2022-03-07T13:17:52-08:00","entry_id":180330,"field1":"10.1875","field2":"3.375"},{"created_at":"2022-03-07T13:27:29-08:00","entry_id":180331,"field1":"10.1875","field2":"3.75"},{"created_at":"2022-03-07T13:37:08-08:00","entry_id":180332,"field1":"10.25","field2":"4"},{"created_at":"2022-03-07T13:46:44-08:00","entry_id":180333,"field1":"10.1875","field2":"4.125"},{"created_at":"2022-03-07T13:56:22-08:00","entry_id":180334,"field1":"9.9375","field2":"4.6875"},{"created_at":"2022-03-07T14:05:57-08:00","entry_id":180335,"field1":"9.8125","field2":"5.5"},{"created_at":"2022-03-07T14:15:35-08:00","entry_id":180336,"field1":"9.6875","field2":"5.4375"},{"created_at":"2022-03-07T14:25:11-08:00","entry_id":180337,"field1":"9.8125","field2":"7.75"},{"created_at":"2022-03-07T14:34:49-08:00","entry_id":180338,"field1":"10","field2":"8.875"},{"created_at":"2022-03-07T14:44:26-08:00","entry_id":180339,"field1":"10.0625","field2":"7.375"},{"created_at":"2022-03-07T14:54:04-08:00","entry_id":180340,"field1":"10.125","field2":"6.75"},{"created_at":"2022-03-07T15:03:41-08:00","entry_id":180341,"field1":"10.1875","field2":"7.4375"},{"created_at":"2022-03-07T15:13:19-08:00","entry_id":180342,"field1":"10.25","field2":"7.1875"},{"created_at":"2022-03-07T15:22:55-08:00","entry_id":180343,"field1":"10.0625","field2":"5.375"},{"created_at":"2022-03-07T15:32:33-08:00","entry_id":180344,"field1":"9.8125","field2":"5.5"},{"created_at":"2022-03-07T15:42:10-08:00","entry_id":180345,"field1":"9.75","field2":"5.5"},{"created_at":"2022-03-07T15:51:48-08:00","entry_id":180346,"field1":"9.6875","field2":"6.75"},{"created_at":"2022-03-07T16:01:24-08:00","entry_id":180347,"field1":"9.875","field2":"5"},{"created_at":"2022-03-07T16:11:01-08:00","entry_id":180348,"field1":"10","field2":"4.9375"},{"created_at":"2022-03-07T16:20:38-08:00","entry_id":180349,"field1":"10.0625","field2":"4.875"},{"created_at":"2022-03-07T16:30:16-08:00","entry_id":180350,"field1":"10.125","field2":"4.5625"},{"created_at":"2022-03-07T16:39:53-08:00","entry_id":180351,"field1":"10.125","field2":"4.125"},{"created_at":"2022-03-07T16:49:29-08:00","entry_id":180352,"field1":"9.875","field2":"4"},{"created_at":"2022-03-07T16:59:05-08:00","entry_id":180353,"field1":"9.6875","field2":"3.875"},{"created_at":"2022-03-07T17:08:43-08:00","entry_id":180354,"field1":"9.625","field2":"3.75"},{"created_at":"2022-03-07T17:18:21-08:00","entry_id":180355,"field1":"9.6875","field2":"4.1875"},{"created_at":"2022-03-07T17:27:56-08:00","entry_id":180356,"field1":"9.8125","field2":"3.75"},{"created_at":"2022-03-07T17:37:34-08:00","entry_id":180357,"field1":"9.875","field2":"3.6875"},{"created_at":"2022-03-07T17:47:12-08:00","entry_id":180358,"field1":"9.9375","field2":"3.6875"},{"created_at":"2022-03-07T17:56:48-08:00","entry_id":180359,"field1":"10","field2":"3.625"},{"created_at":"2022-03-07T18:06:27-08:00","entry_id":180360,"field1":"10","field2":"3.625"},{"created_at":"2022-03-07T18:16:05-08:00","entry_id":180361,"field1":"10.0625","field2":"3.375"},{"created_at":"2022-03-07T18:25:42-08:00","entry_id":180362,"field1":"9.875","field2":"3.125"},{"created_at":"2022-03-07T18:35:19-08:00","entry_id":180363,"field1":"9.625","field2":"3.0625"},{"created_at":"2022-03-07T18:44:54-08:00","entry_id":180364,"field1":"9.5","field2":"3.0625"},{"created_at":"2022-03-07T18:54:33-08:00","entry_id":180365,"field1":"9.4375","field2":"3.0625"},{"created_at":"2022-03-07T19:04:10-08:00","entry_id":180366,"field1":"9.625","field2":"3"},{"created_at":"2022-03-07T19:13:46-08:00","entry_id":180367,"field1":"9.6875","field2":"2.9375"},{"created_at":"2022-03-07T19:23:22-08:00","entry_id":180368,"field1":"9.75","field2":"2.5"},{"created_at":"2022-03-07T19:33:00-08:00","entry_id":180369,"field1":"9.8125","field2":"2.375"},{"created_at":"2022-03-07T19:42:38-08:00","entry_id":180370,"field1":"9.875","field2":"2.0625"},{"created_at":"2022-03-07T19:52:15-08:00","entry_id":180371,"field1":"9.9375","field2":"1.875"},{"created_at":"2022-03-07T20:01:53-08:00","entry_id":180372,"field1":"9.9375","field2":"1.875"},{"created_at":"2022-03-07T20:11:29-08:00","entry_id":180373,"field1":"10","field2":"1.75"},{"created_at":"2022-03-07T20:21:07-08:00","entry_id":180374,"field1":"9.9375","field2":"1.75"},{"created_at":"2022-03-07T20:30:43-08:00","entry_id":180375,"field1":"9.6875","field2":"1.625"},{"created_at":"2022-03-07T20:40:21-08:00","entry_id":180376,"field1":"9.5","field2":"1.4375"},{"created_at":"2022-03-07T20:49:58-08:00","entry_id":180377,"field1":"9.375","field2":"1.3125"},{"created_at":"2022-03-07T20:59:33-08:00","entry_id":180378,"field1":"9.5","field2":"1.125"},{"created_at":"2022-03-07T21:09:10-08:00","entry_id":180379,"field1":"9.5625","field2":"1.0625"},{"created_at":"2022-03-07T21:18:48-08:00","entry_id":180380,"field1":"9.6875","field2":"0.875"},{"created_at":"2022-03-07T21:28:26-08:00","entry_id":180381,"field1":"9.75","field2":"0.8125"},{"created_at":"2022-03-07T21:38:03-08:00","entry_id":180382,"field1":"9.75","field2":"0.875"},{"created_at":"2022-03-07T21:47:39-08:00","entry_id":180383,"field1":"9.8125","field2":"0.5625"},{"created_at":"2022-03-07T21:57:16-08:00","entry_id":180384,"field1":"9.8125","field2":"0.3125"},{"created_at":"2022-03-07T22:06:53-08:00","entry_id":180385,"field1":"9.875","field2":"0"},{"created_at":"2022-03-07T22:16:30-08:00","entry_id":180386,"field1":"9.875","field2":"0"},{"created_at":"2022-03-07T22:26:08-08:00","entry_id":180387,"field1":"9.875","field2":"-0.3125"},{"created_at":"2022-03-07T22:35:44-08:00","entry_id":180388,"field1":"9.875","field2":"0"},{"created_at":"2022-03-07T22:45:23-08:00","entry_id":180389,"field1":"9.9375","field2":"0"},{"created_at":"2022-03-07T22:54:59-08:00","entry_id":180390,"field1":"9.875","field2":"0"},{"created_at":"2022-03-07T23:04:37-08:00","entry_id":180391,"field1":"9.6875","field2":"-0.0625"},{"created_at":"2022-03-07T23:14:14-08:00","entry_id":180392,"field1":"9.4375","field2":"-0.125"},{"created_at":"2022-03-07T23:23:49-08:00","entry_id":180393,"field1":"9.3125","field2":"-0.125"},{"created_at":"2022-03-07T23:33:28-08:00","entry_id":180394,"field1":"9.375","field2":"-0.0625"},{"created_at":"2022-03-07T23:43:05-08:00","entry_id":180395,"field1":"9.4375","field2":"-0.1875"},{"created_at":"2022-03-07T23:52:41-08:00","entry_id":180396,"field1":"9.5625","field2":"-0.125"}]}