{"channel":{"id":581842,"name":"Upstairs Small Window Indoor / Outdoor Sensor","latitude":"0.0","longitude":"0.0","field1":"Indoor Temperature","field2":"Outdoor Temperature","created_at":"2018-09-23T15:37:52-07:00","updated_at":"2020-07-27T05:59:41-07:00","last_entry_id":272494},"feeds":[{"created_at":"2023-11-15T00:04:48-08:00","entry_id":272214,"field1":"4","field2":"1.625"},{"created_at":"2023-11-15T00:14:24-08:00","entry_id":272215,"field1":"4","field2":"1.6875"},{"created_at":"2023-11-15T00:24:02-08:00","entry_id":272216,"field1":"4","field2":"1.75"},{"created_at":"2023-11-15T00:33:39-08:00","entry_id":272217,"field1":"4","field2":"1.8125"},{"created_at":"2023-11-15T00:43:16-08:00","entry_id":272218,"field1":"3.9375","field2":"1.8125"},{"created_at":"2023-11-15T00:52:53-08:00","entry_id":272219,"field1":"3.9375","field2":"1.8125"},{"created_at":"2023-11-15T01:02:28-08:00","entry_id":272220,"field1":"3.9375","field2":"1.875"},{"created_at":"2023-11-15T01:12:06-08:00","entry_id":272221,"field1":"3.9375","field2":"1.875"},{"created_at":"2023-11-15T01:21:43-08:00","entry_id":272222,"field1":"3.9375","field2":"1.9375"},{"created_at":"2023-11-15T01:31:21-08:00","entry_id":272223,"field1":"3.875","field2":"1.9375"},{"created_at":"2023-11-15T01:40:58-08:00","entry_id":272224,"field1":"3.875","field2":"1.9375"},{"created_at":"2023-11-15T01:50:35-08:00","entry_id":272225,"field1":"3.875","field2":"1.8125"},{"created_at":"2023-11-15T02:00:11-08:00","entry_id":272226,"field1":"3.875","field2":"1.875"},{"created_at":"2023-11-15T02:09:49-08:00","entry_id":272227,"field1":"3.875","field2":"1.8125"},{"created_at":"2023-11-15T02:19:24-08:00","entry_id":272228,"field1":"3.875","field2":"1.75"},{"created_at":"2023-11-15T02:29:02-08:00","entry_id":272229,"field1":"3.875","field2":"1.5625"},{"created_at":"2023-11-15T02:38:39-08:00","entry_id":272230,"field1":"3.875","field2":"1.5"},{"created_at":"2023-11-15T02:48:15-08:00","entry_id":272231,"field1":"3.8125","field2":"1.375"},{"created_at":"2023-11-15T02:57:51-08:00","entry_id":272232,"field1":"3.8125","field2":"1.375"},{"created_at":"2023-11-15T03:07:29-08:00","entry_id":272233,"field1":"3.8125","field2":"1.25"},{"created_at":"2023-11-15T03:17:05-08:00","entry_id":272234,"field1":"3.8125","field2":"1.3125"},{"created_at":"2023-11-15T03:26:44-08:00","entry_id":272235,"field1":"3.8125","field2":"1.375"},{"created_at":"2023-11-15T03:36:21-08:00","entry_id":272236,"field1":"3.75","field2":"1.3125"},{"created_at":"2023-11-15T03:45:58-08:00","entry_id":272237,"field1":"3.75","field2":"1.3125"},{"created_at":"2023-11-15T03:55:35-08:00","entry_id":272238,"field1":"3.75","field2":"1.375"},{"created_at":"2023-11-15T04:05:12-08:00","entry_id":272239,"field1":"3.75","field2":"1.4375"},{"created_at":"2023-11-15T04:14:48-08:00","entry_id":272240,"field1":"3.75","field2":"1.4375"},{"created_at":"2023-11-15T04:24:24-08:00","entry_id":272241,"field1":"3.75","field2":"1.4375"},{"created_at":"2023-11-15T04:34:02-08:00","entry_id":272242,"field1":"3.6875","field2":"1.5625"},{"created_at":"2023-11-15T04:43:39-08:00","entry_id":272243,"field1":"3.6875","field2":"1.5625"},{"created_at":"2023-11-15T04:53:16-08:00","entry_id":272244,"field1":"3.6875","field2":"1.5625"},{"created_at":"2023-11-15T05:02:54-08:00","entry_id":272245,"field1":"3.6875","field2":"1.625"},{"created_at":"2023-11-15T05:12:31-08:00","entry_id":272246,"field1":"3.6875","field2":"1.5625"},{"created_at":"2023-11-15T05:22:07-08:00","entry_id":272247,"field1":"3.6875","field2":"1.5"},{"created_at":"2023-11-15T05:31:44-08:00","entry_id":272248,"field1":"3.625","field2":"1.5625"},{"created_at":"2023-11-15T05:41:22-08:00","entry_id":272249,"field1":"3.625","field2":"1.5"},{"created_at":"2023-11-15T05:50:59-08:00","entry_id":272250,"field1":"3.625","field2":"1.4375"},{"created_at":"2023-11-15T06:00:36-08:00","entry_id":272251,"field1":"3.625","field2":"1.4375"},{"created_at":"2023-11-15T06:10:13-08:00","entry_id":272252,"field1":"3.625","field2":"1.5625"},{"created_at":"2023-11-15T06:19:50-08:00","entry_id":272253,"field1":"3.625","field2":"1.5625"},{"created_at":"2023-11-15T06:29:26-08:00","entry_id":272254,"field1":"3.625","field2":"1.5625"},{"created_at":"2023-11-15T06:39:04-08:00","entry_id":272255,"field1":"3.5625","field2":"1.5625"},{"created_at":"2023-11-15T06:48:41-08:00","entry_id":272256,"field1":"3.5625","field2":"1.625"},{"created_at":"2023-11-15T06:58:18-08:00","entry_id":272257,"field1":"3.5625","field2":"1.6875"},{"created_at":"2023-11-15T07:07:53-08:00","entry_id":272258,"field1":"3.5625","field2":"1.6875"},{"created_at":"2023-11-15T07:17:31-08:00","entry_id":272259,"field1":"3.5625","field2":"1.8125"},{"created_at":"2023-11-15T07:27:09-08:00","entry_id":272260,"field1":"3.5625","field2":"1.625"},{"created_at":"2023-11-15T07:36:46-08:00","entry_id":272261,"field1":"3.5625","field2":"1.8125"},{"created_at":"2023-11-15T07:46:23-08:00","entry_id":272262,"field1":"3.5625","field2":"1.875"},{"created_at":"2023-11-15T07:56:00-08:00","entry_id":272263,"field1":"3.5","field2":"1.9375"},{"created_at":"2023-11-15T08:05:38-08:00","entry_id":272264,"field1":"3.5","field2":"1.9375"},{"created_at":"2023-11-15T08:15:13-08:00","entry_id":272265,"field1":"3.5","field2":"1.9375"},{"created_at":"2023-11-15T08:24:49-08:00","entry_id":272266,"field1":"3.5","field2":"2"},{"created_at":"2023-11-15T08:34:26-08:00","entry_id":272267,"field1":"3.5","field2":"2.0625"},{"created_at":"2023-11-15T08:44:04-08:00","entry_id":272268,"field1":"3.5","field2":"2"},{"created_at":"2023-11-15T08:53:41-08:00","entry_id":272269,"field1":"3.5","field2":"1.9375"},{"created_at":"2023-11-15T09:03:19-08:00","entry_id":272270,"field1":"3.5","field2":"2.125"},{"created_at":"2023-11-15T09:12:56-08:00","entry_id":272271,"field1":"3.5","field2":"2.125"},{"created_at":"2023-11-15T09:22:34-08:00","entry_id":272272,"field1":"3.5","field2":"2.25"},{"created_at":"2023-11-15T09:32:11-08:00","entry_id":272273,"field1":"3.5","field2":"2.1875"},{"created_at":"2023-11-15T09:41:48-08:00","entry_id":272274,"field1":"3.5","field2":"2.375"},{"created_at":"2023-11-15T09:51:26-08:00","entry_id":272275,"field1":"3.5","field2":"2.375"},{"created_at":"2023-11-15T10:01:03-08:00","entry_id":272276,"field1":"3.4375","field2":"2.4375"},{"created_at":"2023-11-15T10:10:38-08:00","entry_id":272277,"field1":"3.5","field2":"2.4375"},{"created_at":"2023-11-15T10:20:16-08:00","entry_id":272278,"field1":"3.5","field2":"2.4375"},{"created_at":"2023-11-15T10:29:52-08:00","entry_id":272279,"field1":"3.4375","field2":"2.375"},{"created_at":"2023-11-15T10:39:30-08:00","entry_id":272280,"field1":"3.4375","field2":"2.5"},{"created_at":"2023-11-15T10:49:07-08:00","entry_id":272281,"field1":"3.4375","field2":"2.5625"},{"created_at":"2023-11-15T10:58:45-08:00","entry_id":272282,"field1":"3.4375","field2":"2.8125"},{"created_at":"2023-11-15T11:08:22-08:00","entry_id":272283,"field1":"3.4375","field2":"2.9375"},{"created_at":"2023-11-15T11:17:58-08:00","entry_id":272284,"field1":"3.4375","field2":"2.9375"},{"created_at":"2023-11-15T11:27:35-08:00","entry_id":272285,"field1":"3.5","field2":"2.9375"},{"created_at":"2023-11-15T11:37:12-08:00","entry_id":272286,"field1":"3.5","field2":"3"},{"created_at":"2023-11-15T11:46:50-08:00","entry_id":272287,"field1":"3.5","field2":"3.0625"},{"created_at":"2023-11-15T11:56:28-08:00","entry_id":272288,"field1":"3.5","field2":"3.125"},{"created_at":"2023-11-15T12:06:06-08:00","entry_id":272289,"field1":"3.5","field2":"3.125"},{"created_at":"2023-11-15T12:15:41-08:00","entry_id":272290,"field1":"3.5","field2":"3.1875"},{"created_at":"2023-11-15T12:25:19-08:00","entry_id":272291,"field1":"3.5","field2":"3.3125"},{"created_at":"2023-11-15T12:34:56-08:00","entry_id":272292,"field1":"3.5","field2":"3.3125"},{"created_at":"2023-11-15T12:44:33-08:00","entry_id":272293,"field1":"3.5625","field2":"3.25"},{"created_at":"2023-11-15T12:54:09-08:00","entry_id":272294,"field1":"3.5625","field2":"3.3125"},{"created_at":"2023-11-15T13:03:46-08:00","entry_id":272295,"field1":"3.5625","field2":"3.25"},{"created_at":"2023-11-15T13:13:22-08:00","entry_id":272296,"field1":"3.5625","field2":"3.125"},{"created_at":"2023-11-15T13:23:00-08:00","entry_id":272297,"field1":"3.5625","field2":"2.9375"},{"created_at":"2023-11-15T13:32:37-08:00","entry_id":272298,"field1":"3.5625","field2":"2.75"},{"created_at":"2023-11-15T13:42:12-08:00","entry_id":272299,"field1":"3.5625","field2":"2.5625"},{"created_at":"2023-11-15T13:51:50-08:00","entry_id":272300,"field1":"3.5625","field2":"2.3125"},{"created_at":"2023-11-15T14:01:28-08:00","entry_id":272301,"field1":"3.5625","field2":"2.375"},{"created_at":"2023-11-15T14:11:05-08:00","entry_id":272302,"field1":"3.5625","field2":"2.3125"},{"created_at":"2023-11-15T14:20:43-08:00","entry_id":272303,"field1":"3.5625","field2":"2.375"},{"created_at":"2023-11-15T14:30:20-08:00","entry_id":272304,"field1":"3.5625","field2":"2.25"},{"created_at":"2023-11-15T14:39:57-08:00","entry_id":272305,"field1":"3.5625","field2":"2.1875"},{"created_at":"2023-11-15T14:49:34-08:00","entry_id":272306,"field1":"3.5625","field2":"2.1875"},{"created_at":"2023-11-15T14:59:10-08:00","entry_id":272307,"field1":"3.5625","field2":"2.1875"},{"created_at":"2023-11-15T15:08:47-08:00","entry_id":272308,"field1":"3.5625","field2":"2.125"},{"created_at":"2023-11-15T15:18:25-08:00","entry_id":272309,"field1":"3.5625","field2":"2.125"},{"created_at":"2023-11-15T15:28:02-08:00","entry_id":272310,"field1":"3.5625","field2":"2"},{"created_at":"2023-11-15T15:37:40-08:00","entry_id":272311,"field1":"3.5625","field2":"2.125"},{"created_at":"2023-11-15T15:47:16-08:00","entry_id":272312,"field1":"3.5625","field2":"2.0625"},{"created_at":"2023-11-15T15:56:53-08:00","entry_id":272313,"field1":"3.5625","field2":"2"},{"created_at":"2023-11-15T16:06:31-08:00","entry_id":272314,"field1":"3.5","field2":"1.9375"},{"created_at":"2023-11-15T16:16:07-08:00","entry_id":272315,"field1":"3.5","field2":"1.875"},{"created_at":"2023-11-15T16:25:45-08:00","entry_id":272316,"field1":"3.5625","field2":"1.875"},{"created_at":"2023-11-15T16:35:22-08:00","entry_id":272317,"field1":"3.5625","field2":"1.8125"},{"created_at":"2023-11-15T16:44:59-08:00","entry_id":272318,"field1":"3.5625","field2":"1.75"},{"created_at":"2023-11-15T16:54:35-08:00","entry_id":272319,"field1":"3.5","field2":"1.6875"},{"created_at":"2023-11-15T17:04:12-08:00","entry_id":272320,"field1":"3.5","field2":"1.625"},{"created_at":"2023-11-15T17:13:50-08:00","entry_id":272321,"field1":"3.5","field2":"1.625"},{"created_at":"2023-11-15T17:23:27-08:00","entry_id":272322,"field1":"3.5","field2":"1.625"},{"created_at":"2023-11-15T17:33:04-08:00","entry_id":272323,"field1":"3.5","field2":"1.625"},{"created_at":"2023-11-15T17:42:41-08:00","entry_id":272324,"field1":"3.5","field2":"1.6875"},{"created_at":"2023-11-15T17:52:18-08:00","entry_id":272325,"field1":"3.5","field2":"1.625"},{"created_at":"2023-11-15T18:01:54-08:00","entry_id":272326,"field1":"3.4375","field2":"1.625"},{"created_at":"2023-11-15T18:11:32-08:00","entry_id":272327,"field1":"3.4375","field2":"1.5625"},{"created_at":"2023-11-15T18:21:09-08:00","entry_id":272328,"field1":"3.4375","field2":"1.5"},{"created_at":"2023-11-15T18:30:46-08:00","entry_id":272329,"field1":"3.4375","field2":"1.5"},{"created_at":"2023-11-15T18:40:24-08:00","entry_id":272330,"field1":"3.4375","field2":"1.3125"},{"created_at":"2023-11-15T18:50:01-08:00","entry_id":272331,"field1":"3.4375","field2":"1.375"},{"created_at":"2023-11-15T18:59:38-08:00","entry_id":272332,"field1":"3.4375","field2":"1.25"},{"created_at":"2023-11-15T19:09:13-08:00","entry_id":272333,"field1":"3.4375","field2":"1.25"},{"created_at":"2023-11-15T19:18:51-08:00","entry_id":272334,"field1":"3.4375","field2":"1.1875"},{"created_at":"2023-11-15T19:28:28-08:00","entry_id":272335,"field1":"3.4375","field2":"1.1875"},{"created_at":"2023-11-15T19:38:05-08:00","entry_id":272336,"field1":"3.375","field2":"1.1875"},{"created_at":"2023-11-15T19:47:42-08:00","entry_id":272337,"field1":"3.375","field2":"1.25"},{"created_at":"2023-11-15T19:57:18-08:00","entry_id":272338,"field1":"3.375","field2":"1.1875"},{"created_at":"2023-11-15T20:06:55-08:00","entry_id":272339,"field1":"3.375","field2":"1.1875"},{"created_at":"2023-11-15T20:16:33-08:00","entry_id":272340,"field1":"3.375","field2":"1.125"},{"created_at":"2023-11-15T20:26:08-08:00","entry_id":272341,"field1":"3.375","field2":"1"},{"created_at":"2023-11-15T20:35:45-08:00","entry_id":272342,"field1":"3.3125","field2":"1.25"},{"created_at":"2023-11-15T20:45:23-08:00","entry_id":272343,"field1":"3.3125","field2":"1.1875"},{"created_at":"2023-11-15T20:55:00-08:00","entry_id":272344,"field1":"3.3125","field2":"1.25"},{"created_at":"2023-11-15T21:04:36-08:00","entry_id":272345,"field1":"3.3125","field2":"1.25"},{"created_at":"2023-11-15T21:14:14-08:00","entry_id":272346,"field1":"3.3125","field2":"1.125"},{"created_at":"2023-11-15T21:23:51-08:00","entry_id":272347,"field1":"3.3125","field2":"1.125"},{"created_at":"2023-11-15T21:33:29-08:00","entry_id":272348,"field1":"3.25","field2":"1"},{"created_at":"2023-11-15T21:43:06-08:00","entry_id":272349,"field1":"3.25","field2":"0.75"},{"created_at":"2023-11-15T21:52:42-08:00","entry_id":272350,"field1":"3.25","field2":"0.5"},{"created_at":"2023-11-15T22:02:20-08:00","entry_id":272351,"field1":"3.25","field2":"0.3125"},{"created_at":"2023-11-15T22:11:56-08:00","entry_id":272352,"field1":"3.25","field2":"0.375"},{"created_at":"2023-11-15T22:21:33-08:00","entry_id":272353,"field1":"3.25","field2":"0.1875"},{"created_at":"2023-11-15T22:31:10-08:00","entry_id":272354,"field1":"3.1875","field2":"0.3125"},{"created_at":"2023-11-15T22:40:45-08:00","entry_id":272355,"field1":"3.1875","field2":"0.3125"},{"created_at":"2023-11-15T22:50:24-08:00","entry_id":272356,"field1":"3.1875","field2":"0.3125"},{"created_at":"2023-11-15T22:59:59-08:00","entry_id":272357,"field1":"3.1875","field2":"0.3125"},{"created_at":"2023-11-15T23:09:37-08:00","entry_id":272358,"field1":"3.1875","field2":"0.3125"},{"created_at":"2023-11-15T23:19:14-08:00","entry_id":272359,"field1":"3.1875","field2":"0.3125"},{"created_at":"2023-11-15T23:28:49-08:00","entry_id":272360,"field1":"3.125","field2":"0.4375"},{"created_at":"2023-11-15T23:38:27-08:00","entry_id":272361,"field1":"3.125","field2":"0.3125"},{"created_at":"2023-11-15T23:48:04-08:00","entry_id":272362,"field1":"3.125","field2":"0.4375"},{"created_at":"2023-11-15T23:57:41-08:00","entry_id":272363,"field1":"3.125","field2":"0.4375"}]}