{"channel":{"id":581842,"name":"Upstairs Small Window Indoor / Outdoor Sensor","latitude":"0.0","longitude":"0.0","field1":"Indoor Temperature","field2":"Outdoor Temperature","created_at":"2018-09-23T15:37:52-07:00","updated_at":"2020-07-27T05:59:41-07:00","last_entry_id":150129},"feeds":[{"created_at":"2020-12-24T00:01:02-08:00","entry_id":117046,"field1":"-0.75","field2":"-3"},{"created_at":"2020-12-24T00:10:39-08:00","entry_id":117047,"field1":"-0.5625","field2":"-3.0625"},{"created_at":"2020-12-24T00:20:16-08:00","entry_id":117048,"field1":"-0.5625","field2":"-3"},{"created_at":"2020-12-24T00:29:52-08:00","entry_id":117049,"field1":"-0.5625","field2":"-2.9375"},{"created_at":"2020-12-24T00:39:29-08:00","entry_id":117050,"field1":"-0.625","field2":"-3"},{"created_at":"2020-12-24T00:49:06-08:00","entry_id":117051,"field1":"-0.6875","field2":"-3.125"},{"created_at":"2020-12-24T00:58:42-08:00","entry_id":117052,"field1":"-0.8125","field2":"-3.5625"},{"created_at":"2020-12-24T01:08:19-08:00","entry_id":117053,"field1":"-0.625","field2":"-3.5"},{"created_at":"2020-12-24T01:17:56-08:00","entry_id":117054,"field1":"-0.625","field2":"-3.375"},{"created_at":"2020-12-24T01:27:33-08:00","entry_id":117055,"field1":"-0.625","field2":"-3.5625"},{"created_at":"2020-12-24T01:37:10-08:00","entry_id":117056,"field1":"-0.6875","field2":"-3.4375"},{"created_at":"2020-12-24T01:46:46-08:00","entry_id":117057,"field1":"-0.9375","field2":"-3.25"},{"created_at":"2020-12-24T01:56:23-08:00","entry_id":117058,"field1":"-0.75","field2":"-3.5"},{"created_at":"2020-12-24T02:06:00-08:00","entry_id":117059,"field1":"-0.875","field2":"-3.625"},{"created_at":"2020-12-24T02:15:37-08:00","entry_id":117060,"field1":"-0.875","field2":"-3.1875"},{"created_at":"2020-12-24T02:25:13-08:00","entry_id":117061,"field1":"-1","field2":"-3.1875"},{"created_at":"2020-12-24T02:34:50-08:00","entry_id":117062,"field1":"-0.9375","field2":"-3.25"},{"created_at":"2020-12-24T02:44:27-08:00","entry_id":117063,"field1":"-0.75","field2":"-3.1875"},{"created_at":"2020-12-24T02:54:03-08:00","entry_id":117064,"field1":"-1.125","field2":"-3.125"},{"created_at":"2020-12-24T03:03:40-08:00","entry_id":117065,"field1":"-0.9375","field2":"-3.1875"},{"created_at":"2020-12-24T03:13:17-08:00","entry_id":117066,"field1":"-0.75","field2":"-3.125"},{"created_at":"2020-12-24T03:22:55-08:00","entry_id":117067,"field1":"-0.75","field2":"-3.25"},{"created_at":"2020-12-24T03:32:32-08:00","entry_id":117068,"field1":"-1","field2":"-3.375"},{"created_at":"2020-12-24T03:42:09-08:00","entry_id":117069,"field1":"-1","field2":"-3.3125"},{"created_at":"2020-12-24T03:51:45-08:00","entry_id":117070,"field1":"-0.9375","field2":"-3.9375"},{"created_at":"2020-12-24T04:01:21-08:00","entry_id":117071,"field1":"-0.8125","field2":"-3.8125"},{"created_at":"2020-12-24T04:10:59-08:00","entry_id":117072,"field1":"-0.8125","field2":"-3.75"},{"created_at":"2020-12-24T04:20:36-08:00","entry_id":117073,"field1":"-0.8125","field2":"-3.6875"},{"created_at":"2020-12-24T04:30:12-08:00","entry_id":117074,"field1":"-0.8125","field2":"-3.8125"},{"created_at":"2020-12-24T04:39:49-08:00","entry_id":117075,"field1":"-0.8125","field2":"-3.5625"},{"created_at":"2020-12-24T04:49:26-08:00","entry_id":117076,"field1":"-0.8125","field2":"-3.875"},{"created_at":"2020-12-24T04:59:03-08:00","entry_id":117077,"field1":"-0.8125","field2":"-3.6875"},{"created_at":"2020-12-24T05:08:39-08:00","entry_id":117078,"field1":"-0.8125","field2":"-3.8125"},{"created_at":"2020-12-24T05:18:17-08:00","entry_id":117079,"field1":"-0.8125","field2":"-3.6875"},{"created_at":"2020-12-24T05:27:53-08:00","entry_id":117080,"field1":"-0.8125","field2":"-4"},{"created_at":"2020-12-24T05:37:30-08:00","entry_id":117081,"field1":"-0.875","field2":"-4.125"},{"created_at":"2020-12-24T05:47:05-08:00","entry_id":117082,"field1":"-0.875","field2":"-4.1875"},{"created_at":"2020-12-24T05:56:43-08:00","entry_id":117083,"field1":"-0.875","field2":"-4.25"},{"created_at":"2020-12-24T06:06:20-08:00","entry_id":117084,"field1":"-0.875","field2":"-4.25"},{"created_at":"2020-12-24T06:15:57-08:00","entry_id":117085,"field1":"-0.875","field2":"-4.25"},{"created_at":"2020-12-24T06:25:34-08:00","entry_id":117086,"field1":"-0.9375","field2":"-4.3125"},{"created_at":"2020-12-24T06:35:11-08:00","entry_id":117087,"field1":"-0.9375","field2":"-4.125"},{"created_at":"2020-12-24T06:44:48-08:00","entry_id":117088,"field1":"-0.9375","field2":"-4.1875"},{"created_at":"2020-12-24T06:54:25-08:00","entry_id":117089,"field1":"-0.9375","field2":"-4.25"},{"created_at":"2020-12-24T07:04:01-08:00","entry_id":117090,"field1":"-0.9375","field2":"-4.3125"},{"created_at":"2020-12-24T07:13:38-08:00","entry_id":117091,"field1":"-1","field2":"-4.375"},{"created_at":"2020-12-24T07:23:14-08:00","entry_id":117092,"field1":"-1","field2":"-4.375"},{"created_at":"2020-12-24T07:32:52-08:00","entry_id":117093,"field1":"-1","field2":"-4.4375"},{"created_at":"2020-12-24T07:42:28-08:00","entry_id":117094,"field1":"-0.9375","field2":"-4.5625"},{"created_at":"2020-12-24T07:52:05-08:00","entry_id":117095,"field1":"-1","field2":"-4.3125"},{"created_at":"2020-12-24T08:01:43-08:00","entry_id":117096,"field1":"-1","field2":"-4.5"},{"created_at":"2020-12-24T08:11:19-08:00","entry_id":117097,"field1":"-1","field2":"-4.25"},{"created_at":"2020-12-24T08:20:56-08:00","entry_id":117098,"field1":"-1","field2":"-4.4375"},{"created_at":"2020-12-24T08:30:33-08:00","entry_id":117099,"field1":"-1.0625","field2":"-4.4375"},{"created_at":"2020-12-24T08:40:10-08:00","entry_id":117100,"field1":"-1.0625","field2":"-4.4375"},{"created_at":"2020-12-24T08:49:47-08:00","entry_id":117101,"field1":"-1.0625","field2":"-4.25"},{"created_at":"2020-12-24T08:59:24-08:00","entry_id":117102,"field1":"-1.0625","field2":"-4.625"},{"created_at":"2020-12-24T09:09:00-08:00","entry_id":117103,"field1":"-1.0625","field2":"-4.1875"},{"created_at":"2020-12-24T09:18:35-08:00","entry_id":117104,"field1":"-1.0625","field2":"-4.3125"},{"created_at":"2020-12-24T09:28:13-08:00","entry_id":117105,"field1":"-1.125","field2":"-4.25"},{"created_at":"2020-12-24T09:37:50-08:00","entry_id":117106,"field1":"-1.125","field2":"-4.125"},{"created_at":"2020-12-24T09:47:27-08:00","entry_id":117107,"field1":"-1.125","field2":"-4.0625"},{"created_at":"2020-12-24T09:57:04-08:00","entry_id":117108,"field1":"-1.125","field2":"-4.125"},{"created_at":"2020-12-24T10:06:41-08:00","entry_id":117109,"field1":"-1.125","field2":"-3.9375"},{"created_at":"2020-12-24T10:16:18-08:00","entry_id":117110,"field1":"-1.125","field2":"-3.75"},{"created_at":"2020-12-24T10:25:55-08:00","entry_id":117111,"field1":"-1.125","field2":"-3.75"},{"created_at":"2020-12-24T10:35:32-08:00","entry_id":117112,"field1":"-1.125","field2":"-3.625"},{"created_at":"2020-12-24T10:45:09-08:00","entry_id":117113,"field1":"-1.125","field2":"-3.625"},{"created_at":"2020-12-24T10:54:44-08:00","entry_id":117114,"field1":"-1.125","field2":"-3.625"},{"created_at":"2020-12-24T11:04:21-08:00","entry_id":117115,"field1":"-1.125","field2":"-3.3125"},{"created_at":"2020-12-24T11:13:58-08:00","entry_id":117116,"field1":"-1.125","field2":"-3.375"},{"created_at":"2020-12-24T11:23:35-08:00","entry_id":117117,"field1":"-1.0625","field2":"-3.1875"},{"created_at":"2020-12-24T11:33:12-08:00","entry_id":117118,"field1":"-1.0625","field2":"-3.25"},{"created_at":"2020-12-24T11:42:47-08:00","entry_id":117119,"field1":"-1.0625","field2":"-3.25"},{"created_at":"2020-12-24T11:52:24-08:00","entry_id":117120,"field1":"-1.0625","field2":"-3.1875"},{"created_at":"2020-12-24T12:02:01-08:00","entry_id":117121,"field1":"-1.0625","field2":"-2.8125"},{"created_at":"2020-12-24T12:11:38-08:00","entry_id":117122,"field1":"-1.0625","field2":"-2.6875"},{"created_at":"2020-12-24T12:21:15-08:00","entry_id":117123,"field1":"-1","field2":"-2.625"},{"created_at":"2020-12-24T12:30:52-08:00","entry_id":117124,"field1":"-1.0625","field2":"-2.625"},{"created_at":"2020-12-24T12:40:29-08:00","entry_id":117125,"field1":"-1.0625","field2":"-2.625"},{"created_at":"2020-12-24T12:50:06-08:00","entry_id":117126,"field1":"-1.125","field2":"-2.5625"},{"created_at":"2020-12-24T12:59:43-08:00","entry_id":117127,"field1":"-1.1875","field2":"-2.4375"},{"created_at":"2020-12-24T13:09:19-08:00","entry_id":117128,"field1":"-1.25","field2":"-2.5625"},{"created_at":"2020-12-24T13:18:55-08:00","entry_id":117129,"field1":"-1.25","field2":"-2.6875"},{"created_at":"2020-12-24T13:28:32-08:00","entry_id":117130,"field1":"-1.1875","field2":"-2.625"},{"created_at":"2020-12-24T13:38:09-08:00","entry_id":117131,"field1":"-1.1875","field2":"-2.75"},{"created_at":"2020-12-24T13:47:45-08:00","entry_id":117132,"field1":"-1.125","field2":"-2.6875"},{"created_at":"2020-12-24T13:57:22-08:00","entry_id":117133,"field1":"-1.0625","field2":"-2.625"},{"created_at":"2020-12-24T14:06:59-08:00","entry_id":117134,"field1":"-1.0625","field2":"-2.5625"},{"created_at":"2020-12-24T14:16:36-08:00","entry_id":117135,"field1":"-1","field2":"-2.5625"},{"created_at":"2020-12-24T14:26:13-08:00","entry_id":117136,"field1":"-1.0625","field2":"-2.6875"},{"created_at":"2020-12-24T14:35:50-08:00","entry_id":117137,"field1":"-1.0625","field2":"-2.625"},{"created_at":"2020-12-24T14:45:27-08:00","entry_id":117138,"field1":"-1.0625","field2":"-2.6875"},{"created_at":"2020-12-24T14:55:03-08:00","entry_id":117139,"field1":"-1.0625","field2":"-2.75"},{"created_at":"2020-12-24T15:04:40-08:00","entry_id":117140,"field1":"-1.0625","field2":"-2.9375"},{"created_at":"2020-12-24T15:14:17-08:00","entry_id":117141,"field1":"-1.0625","field2":"-2.9375"},{"created_at":"2020-12-24T15:23:53-08:00","entry_id":117142,"field1":"-1.0625","field2":"-3.0625"},{"created_at":"2020-12-24T15:33:30-08:00","entry_id":117143,"field1":"-1.0625","field2":"-3"},{"created_at":"2020-12-24T15:43:06-08:00","entry_id":117144,"field1":"-1.0625","field2":"-3"},{"created_at":"2020-12-24T15:52:43-08:00","entry_id":117145,"field1":"-1.0625","field2":"-3.0625"},{"created_at":"2020-12-24T16:02:20-08:00","entry_id":117146,"field1":"-1.125","field2":"-3.125"},{"created_at":"2020-12-24T16:11:56-08:00","entry_id":117147,"field1":"-1.125","field2":"-3.1875"},{"created_at":"2020-12-24T16:21:33-08:00","entry_id":117148,"field1":"-1.125","field2":"-3.25"},{"created_at":"2020-12-24T16:31:10-08:00","entry_id":117149,"field1":"-1.125","field2":"-3.25"},{"created_at":"2020-12-24T16:40:46-08:00","entry_id":117150,"field1":"-1.125","field2":"-3.4375"},{"created_at":"2020-12-24T16:50:24-08:00","entry_id":117151,"field1":"-1.1875","field2":"-3.375"},{"created_at":"2020-12-24T17:00:01-08:00","entry_id":117152,"field1":"-1.1875","field2":"-3.4375"},{"created_at":"2020-12-24T17:09:37-08:00","entry_id":117153,"field1":"-1.1875","field2":"-3.4375"},{"created_at":"2020-12-24T17:19:14-08:00","entry_id":117154,"field1":"-1.1875","field2":"-3.625"},{"created_at":"2020-12-24T17:28:51-08:00","entry_id":117155,"field1":"-1.1875","field2":"-3.5625"},{"created_at":"2020-12-24T17:38:28-08:00","entry_id":117156,"field1":"-1.1875","field2":"-3.5625"},{"created_at":"2020-12-24T17:48:05-08:00","entry_id":117157,"field1":"-1.25","field2":"-3.4375"},{"created_at":"2020-12-24T17:57:42-08:00","entry_id":117158,"field1":"-1.25","field2":"-3.5"},{"created_at":"2020-12-24T18:07:20-08:00","entry_id":117159,"field1":"-1.25","field2":"-3.5"},{"created_at":"2020-12-24T18:16:56-08:00","entry_id":117160,"field1":"-1.25","field2":"-3.5"},{"created_at":"2020-12-24T18:26:33-08:00","entry_id":117161,"field1":"-1.25","field2":"-3.5"},{"created_at":"2020-12-24T18:36:10-08:00","entry_id":117162,"field1":"-1.25","field2":"-3.5625"},{"created_at":"2020-12-24T18:45:47-08:00","entry_id":117163,"field1":"-1.25","field2":"-3.5625"},{"created_at":"2020-12-24T18:55:24-08:00","entry_id":117164,"field1":"-1.3125","field2":"-3.5625"},{"created_at":"2020-12-24T19:05:01-08:00","entry_id":117165,"field1":"-1.3125","field2":"-3.5"},{"created_at":"2020-12-24T19:14:37-08:00","entry_id":117166,"field1":"-1.3125","field2":"-3.5"},{"created_at":"2020-12-24T19:24:14-08:00","entry_id":117167,"field1":"-1.3125","field2":"-3.5"},{"created_at":"2020-12-24T19:33:51-08:00","entry_id":117168,"field1":"-1.3125","field2":"-3.5"},{"created_at":"2020-12-24T19:43:28-08:00","entry_id":117169,"field1":"-1.3125","field2":"-3.5"},{"created_at":"2020-12-24T19:53:05-08:00","entry_id":117170,"field1":"-1.3125","field2":"-3.5"},{"created_at":"2020-12-24T20:02:41-08:00","entry_id":117171,"field1":"-1.375","field2":"-3.5625"},{"created_at":"2020-12-24T20:12:18-08:00","entry_id":117172,"field1":"-1.375","field2":"-3.625"},{"created_at":"2020-12-24T20:21:55-08:00","entry_id":117173,"field1":"-1.375","field2":"-3.75"},{"created_at":"2020-12-24T20:31:32-08:00","entry_id":117174,"field1":"-1.375","field2":"-3.75"},{"created_at":"2020-12-24T20:41:08-08:00","entry_id":117175,"field1":"-1.375","field2":"-3.6875"},{"created_at":"2020-12-24T20:50:45-08:00","entry_id":117176,"field1":"-1.375","field2":"-3.5625"},{"created_at":"2020-12-24T21:00:22-08:00","entry_id":117177,"field1":"-1.4375","field2":"-3.5"},{"created_at":"2020-12-24T21:09:59-08:00","entry_id":117178,"field1":"-1.4375","field2":"-3.375"},{"created_at":"2020-12-24T21:19:36-08:00","entry_id":117179,"field1":"-1.4375","field2":"-3.5"},{"created_at":"2020-12-24T21:29:13-08:00","entry_id":117180,"field1":"-1.4375","field2":"-3.5"},{"created_at":"2020-12-24T21:38:50-08:00","entry_id":117181,"field1":"-1.4375","field2":"-3.3125"},{"created_at":"2020-12-24T21:48:26-08:00","entry_id":117182,"field1":"-1.4375","field2":"-3.375"},{"created_at":"2020-12-24T21:58:03-08:00","entry_id":117183,"field1":"-1.4375","field2":"-3.5"},{"created_at":"2020-12-24T22:07:39-08:00","entry_id":117184,"field1":"-1.4375","field2":"-3.625"},{"created_at":"2020-12-24T22:17:16-08:00","entry_id":117185,"field1":"-1.4375","field2":"-3.625"},{"created_at":"2020-12-24T22:26:54-08:00","entry_id":117186,"field1":"-1.5","field2":"-3.4375"},{"created_at":"2020-12-24T22:36:30-08:00","entry_id":117187,"field1":"-1.5","field2":"-3.375"},{"created_at":"2020-12-24T22:46:07-08:00","entry_id":117188,"field1":"-1.5","field2":"-3.3125"},{"created_at":"2020-12-24T22:55:42-08:00","entry_id":117189,"field1":"-1.5","field2":"-3.5625"},{"created_at":"2020-12-24T23:05:20-08:00","entry_id":117190,"field1":"-1.5","field2":"-3.75"},{"created_at":"2020-12-24T23:14:57-08:00","entry_id":117191,"field1":"-1.5","field2":"-3.6875"},{"created_at":"2020-12-24T23:24:33-08:00","entry_id":117192,"field1":"-1.5","field2":"-3.75"},{"created_at":"2020-12-24T23:34:09-08:00","entry_id":117193,"field1":"-1.5","field2":"-3.625"},{"created_at":"2020-12-24T23:43:46-08:00","entry_id":117194,"field1":"-1.5625","field2":"-3.75"},{"created_at":"2020-12-24T23:53:23-08:00","entry_id":117195,"field1":"-1.5625","field2":"-3.6875"}]}