{"channel":{"id":581842,"name":"Upstairs Small Window Indoor / Outdoor Sensor","latitude":"0.0","longitude":"0.0","field1":"Indoor Temperature","field2":"Outdoor Temperature","created_at":"2018-09-23T15:37:52-07:00","updated_at":"2020-07-27T05:59:41-07:00","last_entry_id":150129},"feeds":[{"created_at":"2020-03-26T00:01:56-07:00","entry_id":79009,"field1":"4.3125","field2":"-1.6875"},{"created_at":"2020-03-26T00:11:33-07:00","entry_id":79010,"field1":"4.3125","field2":"-1.8125"},{"created_at":"2020-03-26T00:21:10-07:00","entry_id":79011,"field1":"4.25","field2":"-1.75"},{"created_at":"2020-03-26T00:30:48-07:00","entry_id":79012,"field1":"4.25","field2":"-1.8125"},{"created_at":"2020-03-26T00:40:24-07:00","entry_id":79013,"field1":"4.1875","field2":"-1.875"},{"created_at":"2020-03-26T00:50:02-07:00","entry_id":79014,"field1":"4.1875","field2":"-1.875"},{"created_at":"2020-03-26T00:59:38-07:00","entry_id":79015,"field1":"4.125","field2":"-1.875"},{"created_at":"2020-03-26T01:09:15-07:00","entry_id":79016,"field1":"4.125","field2":"-2.0625"},{"created_at":"2020-03-26T01:18:52-07:00","entry_id":79017,"field1":"4.0625","field2":"-2.0625"},{"created_at":"2020-03-26T01:28:30-07:00","entry_id":79018,"field1":"4.0625","field2":"-2.125"},{"created_at":"2020-03-26T01:38:07-07:00","entry_id":79019,"field1":"4","field2":"-2.0625"},{"created_at":"2020-03-26T01:47:44-07:00","entry_id":79020,"field1":"3.9375","field2":"-2.125"},{"created_at":"2020-03-26T01:57:20-07:00","entry_id":79021,"field1":"3.9375","field2":"-2.25"},{"created_at":"2020-03-26T02:06:57-07:00","entry_id":79022,"field1":"3.875","field2":"-2.125"},{"created_at":"2020-03-26T02:16:34-07:00","entry_id":79023,"field1":"3.875","field2":"-2.3125"},{"created_at":"2020-03-26T02:26:12-07:00","entry_id":79024,"field1":"3.8125","field2":"-2.25"},{"created_at":"2020-03-26T02:35:48-07:00","entry_id":79025,"field1":"3.75","field2":"-2.375"},{"created_at":"2020-03-26T02:45:25-07:00","entry_id":79026,"field1":"3.75","field2":"-2.5"},{"created_at":"2020-03-26T02:55:01-07:00","entry_id":79027,"field1":"3.75","field2":"-2.5"},{"created_at":"2020-03-26T03:04:38-07:00","entry_id":79028,"field1":"3.6875","field2":"-2.5625"},{"created_at":"2020-03-26T03:14:15-07:00","entry_id":79029,"field1":"3.625","field2":"-2.5"},{"created_at":"2020-03-26T03:23:53-07:00","entry_id":79030,"field1":"3.625","field2":"-2.5625"},{"created_at":"2020-03-26T03:33:30-07:00","entry_id":79031,"field1":"3.5625","field2":"-2.5"},{"created_at":"2020-03-26T03:43:07-07:00","entry_id":79032,"field1":"3.5625","field2":"-2.6875"},{"created_at":"2020-03-26T03:52:44-07:00","entry_id":79033,"field1":"3.5","field2":"-2.75"},{"created_at":"2020-03-26T04:02:20-07:00","entry_id":79034,"field1":"3.4375","field2":"-2.625"},{"created_at":"2020-03-26T04:11:57-07:00","entry_id":79035,"field1":"3.4375","field2":"-2.75"},{"created_at":"2020-03-26T04:21:34-07:00","entry_id":79036,"field1":"3.375","field2":"-3.0625"},{"created_at":"2020-03-26T04:31:12-07:00","entry_id":79037,"field1":"3.375","field2":"-3"},{"created_at":"2020-03-26T04:40:49-07:00","entry_id":79038,"field1":"3.3125","field2":"-2.9375"},{"created_at":"2020-03-26T04:50:26-07:00","entry_id":79039,"field1":"3.3125","field2":"-3.0625"},{"created_at":"2020-03-26T05:00:03-07:00","entry_id":79040,"field1":"3.25","field2":"-3"},{"created_at":"2020-03-26T05:09:40-07:00","entry_id":79041,"field1":"3.25","field2":"-2.9375"},{"created_at":"2020-03-26T05:19:17-07:00","entry_id":79042,"field1":"3.1875","field2":"-2.875"},{"created_at":"2020-03-26T05:28:54-07:00","entry_id":79043,"field1":"3.1875","field2":"-3.1875"},{"created_at":"2020-03-26T05:38:30-07:00","entry_id":79044,"field1":"3.125","field2":"-3.25"},{"created_at":"2020-03-26T05:48:07-07:00","entry_id":79045,"field1":"3.125","field2":"-3.125"},{"created_at":"2020-03-26T05:57:44-07:00","entry_id":79046,"field1":"3.0625","field2":"-3.25"},{"created_at":"2020-03-26T06:07:21-07:00","entry_id":79047,"field1":"3","field2":"-3.125"},{"created_at":"2020-03-26T06:16:59-07:00","entry_id":79048,"field1":"3","field2":"-3.125"},{"created_at":"2020-03-26T06:26:36-07:00","entry_id":79049,"field1":"2.9375","field2":"-3.3125"},{"created_at":"2020-03-26T06:36:13-07:00","entry_id":79050,"field1":"2.9375","field2":"-3.25"},{"created_at":"2020-03-26T06:45:49-07:00","entry_id":79051,"field1":"2.875","field2":"-3"},{"created_at":"2020-03-26T06:55:26-07:00","entry_id":79052,"field1":"2.875","field2":"-2.9375"},{"created_at":"2020-03-26T07:05:03-07:00","entry_id":79053,"field1":"2.8125","field2":"-2.875"},{"created_at":"2020-03-26T07:14:40-07:00","entry_id":79054,"field1":"2.8125","field2":"-2.6875"},{"created_at":"2020-03-26T07:24:17-07:00","entry_id":79055,"field1":"2.75","field2":"-2.75"},{"created_at":"2020-03-26T07:33:54-07:00","entry_id":79056,"field1":"2.75","field2":"-2.8125"},{"created_at":"2020-03-26T07:43:30-07:00","entry_id":79057,"field1":"2.6875","field2":"-2.6875"},{"created_at":"2020-03-26T07:53:07-07:00","entry_id":79058,"field1":"2.6875","field2":"-2.5"},{"created_at":"2020-03-26T08:02:44-07:00","entry_id":79059,"field1":"2.6875","field2":"-2.5625"},{"created_at":"2020-03-26T08:12:21-07:00","entry_id":79060,"field1":"2.625","field2":"-2.25"},{"created_at":"2020-03-26T08:21:59-07:00","entry_id":79061,"field1":"2.625","field2":"-2.125"},{"created_at":"2020-03-26T08:31:36-07:00","entry_id":79062,"field1":"2.625","field2":"-2"},{"created_at":"2020-03-26T08:41:12-07:00","entry_id":79063,"field1":"2.625","field2":"-1.75"},{"created_at":"2020-03-26T08:50:49-07:00","entry_id":79064,"field1":"2.5625","field2":"-1.6875"},{"created_at":"2020-03-26T09:00:26-07:00","entry_id":79065,"field1":"2.5625","field2":"-1.6875"},{"created_at":"2020-03-26T09:10:03-07:00","entry_id":79066,"field1":"2.5625","field2":"-1.75"},{"created_at":"2020-03-26T09:19:42-07:00","entry_id":79067,"field1":"2.5625","field2":"-1.5625"},{"created_at":"2020-03-26T09:29:17-07:00","entry_id":79068,"field1":"2.5625","field2":"-1.375"},{"created_at":"2020-03-26T09:38:54-07:00","entry_id":79069,"field1":"2.5","field2":"-1.3125"},{"created_at":"2020-03-26T09:48:31-07:00","entry_id":79070,"field1":"2.5","field2":"-1.25"},{"created_at":"2020-03-26T09:58:08-07:00","entry_id":79071,"field1":"2.5","field2":"-1.125"},{"created_at":"2020-03-26T10:07:44-07:00","entry_id":79072,"field1":"2.5","field2":"-1.1875"},{"created_at":"2020-03-26T10:17:21-07:00","entry_id":79073,"field1":"2.5","field2":"-1.0625"},{"created_at":"2020-03-26T10:26:58-07:00","entry_id":79074,"field1":"2.5","field2":"-1"},{"created_at":"2020-03-26T10:36:35-07:00","entry_id":79075,"field1":"2.5","field2":"-0.75"},{"created_at":"2020-03-26T10:46:11-07:00","entry_id":79076,"field1":"2.5","field2":"-0.75"},{"created_at":"2020-03-26T10:55:48-07:00","entry_id":79077,"field1":"2.5","field2":"-0.6875"},{"created_at":"2020-03-26T11:05:26-07:00","entry_id":79078,"field1":"2.4375","field2":"-0.6875"},{"created_at":"2020-03-26T11:15:04-07:00","entry_id":79079,"field1":"2.5","field2":"-0.4375"},{"created_at":"2020-03-26T11:24:40-07:00","entry_id":79080,"field1":"2.5","field2":"-0.375"},{"created_at":"2020-03-26T11:34:18-07:00","entry_id":79081,"field1":"2.3125","field2":"-0.3125"},{"created_at":"2020-03-26T11:43:54-07:00","entry_id":79082,"field1":"1.9375","field2":"-0.1875"},{"created_at":"2020-03-26T11:53:31-07:00","entry_id":79083,"field1":"1.875","field2":"-0.1875"},{"created_at":"2020-03-26T12:03:08-07:00","entry_id":79084,"field1":"2.125","field2":"-0.0625"},{"created_at":"2020-03-26T12:12:45-07:00","entry_id":79085,"field1":"2.3125","field2":"0.0625"},{"created_at":"2020-03-26T12:22:22-07:00","entry_id":79086,"field1":"2.375","field2":"0.125"},{"created_at":"2020-03-26T12:31:59-07:00","entry_id":79087,"field1":"2.4375","field2":"0.1875"},{"created_at":"2020-03-26T12:41:37-07:00","entry_id":79088,"field1":"2.375","field2":"0.375"},{"created_at":"2020-03-26T12:51:14-07:00","entry_id":79089,"field1":"2.4375","field2":"0.5"},{"created_at":"2020-03-26T13:00:51-07:00","entry_id":79090,"field1":"2.5","field2":"0.625"},{"created_at":"2020-03-26T13:10:28-07:00","entry_id":79091,"field1":"2.5","field2":"0.875"},{"created_at":"2020-03-26T13:20:05-07:00","entry_id":79092,"field1":"2.5625","field2":"0.75"},{"created_at":"2020-03-26T13:29:41-07:00","entry_id":79093,"field1":"2.5625","field2":"1"},{"created_at":"2020-03-26T13:39:18-07:00","entry_id":79094,"field1":"2.5625","field2":"1.1875"},{"created_at":"2020-03-26T13:48:55-07:00","entry_id":79095,"field1":"2.5","field2":"1.0625"},{"created_at":"2020-03-26T13:58:31-07:00","entry_id":79096,"field1":"2.4375","field2":"1.25"},{"created_at":"2020-03-26T14:08:09-07:00","entry_id":79097,"field1":"2.5625","field2":"1.5"},{"created_at":"2020-03-26T14:17:46-07:00","entry_id":79098,"field1":"2.625","field2":"1.375"},{"created_at":"2020-03-26T14:27:23-07:00","entry_id":79099,"field1":"2.5625","field2":"1.375"},{"created_at":"2020-03-26T14:36:59-07:00","entry_id":79100,"field1":"2.625","field2":"1.5625"},{"created_at":"2020-03-26T14:46:37-07:00","entry_id":79101,"field1":"2.625","field2":"1.625"},{"created_at":"2020-03-26T14:56:14-07:00","entry_id":79102,"field1":"2.6875","field2":"1.9375"},{"created_at":"2020-03-26T15:05:50-07:00","entry_id":79103,"field1":"2.6875","field2":"2.0625"},{"created_at":"2020-03-26T15:15:28-07:00","entry_id":79104,"field1":"2.6875","field2":"2.25"},{"created_at":"2020-03-26T15:25:05-07:00","entry_id":79105,"field1":"2.75","field2":"2.375"},{"created_at":"2020-03-26T15:34:42-07:00","entry_id":79106,"field1":"2.75","field2":"2.4375"},{"created_at":"2020-03-26T15:44:19-07:00","entry_id":79107,"field1":"2.75","field2":"2.4375"},{"created_at":"2020-03-26T15:53:56-07:00","entry_id":79108,"field1":"2.75","field2":"2.5625"},{"created_at":"2020-03-26T16:03:33-07:00","entry_id":79109,"field1":"2.75","field2":"2.8125"},{"created_at":"2020-03-26T16:13:12-07:00","entry_id":79110,"field1":"2.75","field2":"3.1875"},{"created_at":"2020-03-26T16:22:49-07:00","entry_id":79111,"field1":"2.75","field2":"2.9375"},{"created_at":"2020-03-26T16:32:26-07:00","entry_id":79112,"field1":"2.75","field2":"2.9375"},{"created_at":"2020-03-26T16:42:03-07:00","entry_id":79113,"field1":"2.8125","field2":"3"},{"created_at":"2020-03-26T16:51:40-07:00","entry_id":79114,"field1":"2.8125","field2":"2.9375"},{"created_at":"2020-03-26T17:01:17-07:00","entry_id":79115,"field1":"2.8125","field2":"2.9375"},{"created_at":"2020-03-26T17:10:55-07:00","entry_id":79116,"field1":"2.8125","field2":"2.875"},{"created_at":"2020-03-26T17:20:32-07:00","entry_id":79117,"field1":"2.8125","field2":"3.0625"},{"created_at":"2020-03-26T17:30:09-07:00","entry_id":79118,"field1":"2.8125","field2":"3"},{"created_at":"2020-03-26T17:39:46-07:00","entry_id":79119,"field1":"2.8125","field2":"3.125"},{"created_at":"2020-03-26T17:49:23-07:00","entry_id":79120,"field1":"2.8125","field2":"2.9375"},{"created_at":"2020-03-26T17:59:00-07:00","entry_id":79121,"field1":"2.8125","field2":"2.8125"},{"created_at":"2020-03-26T18:08:38-07:00","entry_id":79122,"field1":"2.8125","field2":"2.6875"},{"created_at":"2020-03-26T18:18:14-07:00","entry_id":79123,"field1":"2.8125","field2":"2.5"},{"created_at":"2020-03-26T18:27:51-07:00","entry_id":79124,"field1":"2.8125","field2":"2.4375"},{"created_at":"2020-03-26T18:37:27-07:00","entry_id":79125,"field1":"2.8125","field2":"2.4375"},{"created_at":"2020-03-26T18:47:04-07:00","entry_id":79126,"field1":"2.8125","field2":"2.25"},{"created_at":"2020-03-26T18:56:42-07:00","entry_id":79127,"field1":"2.8125","field2":"2.1875"},{"created_at":"2020-03-26T19:06:20-07:00","entry_id":79128,"field1":"2.8125","field2":"2.1875"},{"created_at":"2020-03-26T19:15:56-07:00","entry_id":79129,"field1":"2.75","field2":"2"},{"created_at":"2020-03-26T19:25:33-07:00","entry_id":79130,"field1":"2.75","field2":"1.6875"},{"created_at":"2020-03-26T19:35:10-07:00","entry_id":79131,"field1":"2.75","field2":"1.75"},{"created_at":"2020-03-26T19:44:46-07:00","entry_id":79132,"field1":"2.75","field2":"1.8125"},{"created_at":"2020-03-26T19:54:23-07:00","entry_id":79133,"field1":"2.6875","field2":"1.75"},{"created_at":"2020-03-26T20:04:00-07:00","entry_id":79134,"field1":"2.6875","field2":"1.625"},{"created_at":"2020-03-26T20:13:37-07:00","entry_id":79135,"field1":"2.6875","field2":"1.5625"},{"created_at":"2020-03-26T20:23:14-07:00","entry_id":79136,"field1":"2.6875","field2":"1.5625"},{"created_at":"2020-03-26T20:32:51-07:00","entry_id":79137,"field1":"2.6875","field2":"1.5625"},{"created_at":"2020-03-26T20:42:28-07:00","entry_id":79138,"field1":"2.6875","field2":"1.4375"},{"created_at":"2020-03-26T20:52:05-07:00","entry_id":79139,"field1":"2.6875","field2":"1.4375"},{"created_at":"2020-03-26T21:01:42-07:00","entry_id":79140,"field1":"2.6875","field2":"1.5"},{"created_at":"2020-03-26T21:11:18-07:00","entry_id":79141,"field1":"2.6875","field2":"1.375"},{"created_at":"2020-03-26T21:20:56-07:00","entry_id":79142,"field1":"2.6875","field2":"1.3125"},{"created_at":"2020-03-26T21:30:32-07:00","entry_id":79143,"field1":"2.6875","field2":"1.25"},{"created_at":"2020-03-26T21:40:09-07:00","entry_id":79144,"field1":"2.6875","field2":"1.3125"},{"created_at":"2020-03-26T21:49:45-07:00","entry_id":79145,"field1":"2.6875","field2":"1.3125"},{"created_at":"2020-03-26T21:59:23-07:00","entry_id":79146,"field1":"2.625","field2":"1.3125"},{"created_at":"2020-03-26T22:09:00-07:00","entry_id":79147,"field1":"2.625","field2":"1.375"},{"created_at":"2020-03-26T22:18:36-07:00","entry_id":79148,"field1":"2.625","field2":"1.375"},{"created_at":"2020-03-26T22:28:13-07:00","entry_id":79149,"field1":"2.625","field2":"1.375"},{"created_at":"2020-03-26T22:37:50-07:00","entry_id":79150,"field1":"2.625","field2":"1.3125"},{"created_at":"2020-03-26T22:47:27-07:00","entry_id":79151,"field1":"2.625","field2":"1.3125"},{"created_at":"2020-03-26T22:57:04-07:00","entry_id":79152,"field1":"2.625","field2":"1.3125"},{"created_at":"2020-03-26T23:06:42-07:00","entry_id":79153,"field1":"2.625","field2":"1.3125"},{"created_at":"2020-03-26T23:16:18-07:00","entry_id":79154,"field1":"2.625","field2":"1.3125"},{"created_at":"2020-03-26T23:25:54-07:00","entry_id":79155,"field1":"2.625","field2":"1.3125"},{"created_at":"2020-03-26T23:35:31-07:00","entry_id":79156,"field1":"2.5625","field2":"1.3125"},{"created_at":"2020-03-26T23:45:08-07:00","entry_id":79157,"field1":"2.5625","field2":"1.3125"},{"created_at":"2020-03-26T23:54:46-07:00","entry_id":79158,"field1":"2.5625","field2":"1.3125"}]}