{"channel":{"id":581842,"name":"Upstairs Small Window Indoor / Outdoor Sensor","latitude":"0.0","longitude":"0.0","field1":"Indoor Temperature","field2":"Outdoor Temperature","created_at":"2018-09-23T15:37:52-07:00","updated_at":"2020-07-27T05:59:41-07:00","last_entry_id":387744},"feeds":[{"created_at":"2025-12-31T00:01:13-08:00","entry_id":387463,"field1":"-2.9375","field2":"-2.375"},{"created_at":"2025-12-31T00:10:48-08:00","entry_id":387464,"field1":"-2.9375","field2":"-2.4375"},{"created_at":"2025-12-31T00:20:23-08:00","entry_id":387465,"field1":"-2.9375","field2":"-2.4375"},{"created_at":"2025-12-31T00:30:01-08:00","entry_id":387466,"field1":"-2.9375","field2":"-2.4375"},{"created_at":"2025-12-31T00:39:36-08:00","entry_id":387467,"field1":"-2.9375","field2":"-2.4375"},{"created_at":"2025-12-31T00:49:12-08:00","entry_id":387468,"field1":"-2.9375","field2":"-2.4375"},{"created_at":"2025-12-31T00:58:48-08:00","entry_id":387469,"field1":"-2.9375","field2":"-2.5625"},{"created_at":"2025-12-31T01:08:25-08:00","entry_id":387470,"field1":"-2.9375","field2":"-2.625"},{"created_at":"2025-12-31T01:18:02-08:00","entry_id":387471,"field1":"-2.9375","field2":"-2.5625"},{"created_at":"2025-12-31T01:27:39-08:00","entry_id":387472,"field1":"-2.875","field2":"-2.5625"},{"created_at":"2025-12-31T01:37:14-08:00","entry_id":387473,"field1":"-2.9375","field2":"-2.625"},{"created_at":"2025-12-31T01:46:52-08:00","entry_id":387474,"field1":"-2.9375","field2":"-2.625"},{"created_at":"2025-12-31T01:56:27-08:00","entry_id":387475,"field1":"-2.9375","field2":"-2.5625"},{"created_at":"2025-12-31T02:06:05-08:00","entry_id":387476,"field1":"-2.875","field2":"-2.75"},{"created_at":"2025-12-31T02:15:40-08:00","entry_id":387477,"field1":"-2.875","field2":"-2.625"},{"created_at":"2025-12-31T02:25:18-08:00","entry_id":387478,"field1":"-2.875","field2":"-2.625"},{"created_at":"2025-12-31T02:34:55-08:00","entry_id":387479,"field1":"-2.875","field2":"-2.5"},{"created_at":"2025-12-31T02:44:30-08:00","entry_id":387480,"field1":"-2.875","field2":"-2.5"},{"created_at":"2025-12-31T02:54:07-08:00","entry_id":387481,"field1":"-2.875","field2":"-2.375"},{"created_at":"2025-12-31T03:03:44-08:00","entry_id":387482,"field1":"-2.875","field2":"-2.375"},{"created_at":"2025-12-31T03:13:21-08:00","entry_id":387483,"field1":"-2.875","field2":"-2.4375"},{"created_at":"2025-12-31T03:22:57-08:00","entry_id":387484,"field1":"-2.875","field2":"-2.375"},{"created_at":"2025-12-31T03:32:35-08:00","entry_id":387485,"field1":"-2.875","field2":"-2.3125"},{"created_at":"2025-12-31T03:42:10-08:00","entry_id":387486,"field1":"-2.875","field2":"-2.375"},{"created_at":"2025-12-31T03:51:46-08:00","entry_id":387487,"field1":"-2.875","field2":"-2.3125"},{"created_at":"2025-12-31T04:01:22-08:00","entry_id":387488,"field1":"-2.875","field2":"-2.3125"},{"created_at":"2025-12-31T04:11:00-08:00","entry_id":387489,"field1":"-2.875","field2":"-2.25"},{"created_at":"2025-12-31T04:20:35-08:00","entry_id":387490,"field1":"-2.875","field2":"-2.3125"},{"created_at":"2025-12-31T04:30:11-08:00","entry_id":387491,"field1":"-2.8125","field2":"-2.3125"},{"created_at":"2025-12-31T04:39:47-08:00","entry_id":387492,"field1":"-2.8125","field2":"-2.25"},{"created_at":"2025-12-31T04:49:23-08:00","entry_id":387493,"field1":"-2.8125","field2":"-2.1875"},{"created_at":"2025-12-31T04:59:01-08:00","entry_id":387494,"field1":"-2.8125","field2":"-2.25"},{"created_at":"2025-12-31T05:08:38-08:00","entry_id":387495,"field1":"-2.8125","field2":"-2.1875"},{"created_at":"2025-12-31T05:18:13-08:00","entry_id":387496,"field1":"-2.8125","field2":"-2.1875"},{"created_at":"2025-12-31T05:27:48-08:00","entry_id":387497,"field1":"-2.8125","field2":"-2.25"},{"created_at":"2025-12-31T05:37:26-08:00","entry_id":387498,"field1":"-2.8125","field2":"-2.25"},{"created_at":"2025-12-31T05:47:01-08:00","entry_id":387499,"field1":"-2.8125","field2":"-2.1875"},{"created_at":"2025-12-31T05:56:38-08:00","entry_id":387500,"field1":"-2.8125","field2":"-2.25"},{"created_at":"2025-12-31T06:06:14-08:00","entry_id":387501,"field1":"-2.75","field2":"-2.25"},{"created_at":"2025-12-31T06:15:50-08:00","entry_id":387502,"field1":"-2.8125","field2":"-2.1875"},{"created_at":"2025-12-31T06:25:26-08:00","entry_id":387503,"field1":"-2.75","field2":"-2.125"},{"created_at":"2025-12-31T06:35:03-08:00","entry_id":387504,"field1":"-2.75","field2":"-2.125"},{"created_at":"2025-12-31T06:44:40-08:00","entry_id":387505,"field1":"-2.75","field2":"-2.125"},{"created_at":"2025-12-31T06:54:17-08:00","entry_id":387506,"field1":"-2.75","field2":"-2.0625"},{"created_at":"2025-12-31T07:03:52-08:00","entry_id":387507,"field1":"-2.75","field2":"-2.0625"},{"created_at":"2025-12-31T07:13:30-08:00","entry_id":387508,"field1":"-2.75","field2":"-2.0625"},{"created_at":"2025-12-31T07:23:07-08:00","entry_id":387509,"field1":"-2.75","field2":"-2.125"},{"created_at":"2025-12-31T07:32:42-08:00","entry_id":387510,"field1":"-2.75","field2":"-2.0625"},{"created_at":"2025-12-31T07:42:18-08:00","entry_id":387511,"field1":"-2.6875","field2":"-2.0625"},{"created_at":"2025-12-31T07:51:54-08:00","entry_id":387512,"field1":"-2.6875","field2":"-2.0625"},{"created_at":"2025-12-31T08:01:31-08:00","entry_id":387513,"field1":"-2.6875","field2":"-2.125"},{"created_at":"2025-12-31T08:11:07-08:00","entry_id":387514,"field1":"-2.6875","field2":"-2.125"},{"created_at":"2025-12-31T08:20:45-08:00","entry_id":387515,"field1":"-2.6875","field2":"-2.0625"},{"created_at":"2025-12-31T08:30:20-08:00","entry_id":387516,"field1":"-2.6875","field2":"-2"},{"created_at":"2025-12-31T08:39:58-08:00","entry_id":387517,"field1":"-2.6875","field2":"-1.9375"},{"created_at":"2025-12-31T08:49:33-08:00","entry_id":387518,"field1":"-2.625","field2":"-1.875"},{"created_at":"2025-12-31T08:59:09-08:00","entry_id":387519,"field1":"-2.625","field2":"-1.75"},{"created_at":"2025-12-31T09:08:47-08:00","entry_id":387520,"field1":"-2.625","field2":"-1.625"},{"created_at":"2025-12-31T09:18:22-08:00","entry_id":387521,"field1":"-2.625","field2":"-1.6875"},{"created_at":"2025-12-31T09:27:59-08:00","entry_id":387522,"field1":"-2.625","field2":"-1.5625"},{"created_at":"2025-12-31T09:37:36-08:00","entry_id":387523,"field1":"-2.5625","field2":"-1.625"},{"created_at":"2025-12-31T09:47:12-08:00","entry_id":387524,"field1":"-2.5625","field2":"-1.5"},{"created_at":"2025-12-31T09:56:47-08:00","entry_id":387525,"field1":"-2.5625","field2":"-1.375"},{"created_at":"2025-12-31T10:06:24-08:00","entry_id":387526,"field1":"-2.5625","field2":"-1.375"},{"created_at":"2025-12-31T10:16:00-08:00","entry_id":387527,"field1":"-2.5625","field2":"-1.25"},{"created_at":"2025-12-31T10:25:38-08:00","entry_id":387528,"field1":"-2.5","field2":"-1.25"},{"created_at":"2025-12-31T10:35:13-08:00","entry_id":387529,"field1":"-2.5","field2":"-1.125"},{"created_at":"2025-12-31T10:44:49-08:00","entry_id":387530,"field1":"-2.5","field2":"-0.875"},{"created_at":"2025-12-31T10:54:27-08:00","entry_id":387531,"field1":"-2.4375","field2":"-1"},{"created_at":"2025-12-31T11:04:03-08:00","entry_id":387532,"field1":"-2.4375","field2":"-0.6875"},{"created_at":"2025-12-31T11:13:41-08:00","entry_id":387533,"field1":"-2.375","field2":"-0.75"},{"created_at":"2025-12-31T11:23:17-08:00","entry_id":387534,"field1":"-2.375","field2":"-0.625"},{"created_at":"2025-12-31T11:32:52-08:00","entry_id":387535,"field1":"-2.3125","field2":"-0.375"},{"created_at":"2025-12-31T11:42:29-08:00","entry_id":387536,"field1":"-2.3125","field2":"-0.5"},{"created_at":"2025-12-31T11:52:05-08:00","entry_id":387537,"field1":"-2.25","field2":"-0.375"},{"created_at":"2025-12-31T12:01:41-08:00","entry_id":387538,"field1":"-2.25","field2":"-0.3125"},{"created_at":"2025-12-31T12:11:19-08:00","entry_id":387539,"field1":"-2.1875","field2":"-0.25"},{"created_at":"2025-12-31T12:20:56-08:00","entry_id":387540,"field1":"-2.1875","field2":"-0.25"},{"created_at":"2025-12-31T12:30:34-08:00","entry_id":387541,"field1":"-2.125","field2":"-0.125"},{"created_at":"2025-12-31T12:40:11-08:00","entry_id":387542,"field1":"-2.125","field2":"-0.0625"},{"created_at":"2025-12-31T12:49:46-08:00","entry_id":387543,"field1":"-2.0625","field2":"-0.0625"},{"created_at":"2025-12-31T12:59:22-08:00","entry_id":387544,"field1":"-2.0625","field2":"-0.0625"},{"created_at":"2025-12-31T13:09:00-08:00","entry_id":387545,"field1":"-2","field2":"-0.0625"},{"created_at":"2025-12-31T13:18:35-08:00","entry_id":387546,"field1":"-2","field2":"-0.125"},{"created_at":"2025-12-31T13:28:12-08:00","entry_id":387547,"field1":"-1.9375","field2":"-0.1875"},{"created_at":"2025-12-31T13:37:48-08:00","entry_id":387548,"field1":"-1.9375","field2":"-0.3125"},{"created_at":"2025-12-31T13:47:25-08:00","entry_id":387549,"field1":"-1.9375","field2":"-0.5"},{"created_at":"2025-12-31T13:57:02-08:00","entry_id":387550,"field1":"-1.875","field2":"-0.6875"},{"created_at":"2025-12-31T14:06:38-08:00","entry_id":387551,"field1":"-1.875","field2":"-0.8125"},{"created_at":"2025-12-31T14:16:13-08:00","entry_id":387552,"field1":"-1.875","field2":"-0.8125"},{"created_at":"2025-12-31T14:25:50-08:00","entry_id":387553,"field1":"-1.875","field2":"-0.75"},{"created_at":"2025-12-31T14:35:26-08:00","entry_id":387554,"field1":"-1.875","field2":"-0.625"},{"created_at":"2025-12-31T14:45:02-08:00","entry_id":387555,"field1":"-1.8125","field2":"-0.625"},{"created_at":"2025-12-31T14:54:38-08:00","entry_id":387556,"field1":"-1.8125","field2":"-0.5625"},{"created_at":"2025-12-31T15:04:16-08:00","entry_id":387557,"field1":"-1.8125","field2":"-0.625"},{"created_at":"2025-12-31T15:13:52-08:00","entry_id":387558,"field1":"-1.8125","field2":"-0.6875"},{"created_at":"2025-12-31T15:23:28-08:00","entry_id":387559,"field1":"-1.8125","field2":"-0.8125"},{"created_at":"2025-12-31T15:33:04-08:00","entry_id":387560,"field1":"-1.8125","field2":"-1"},{"created_at":"2025-12-31T15:42:40-08:00","entry_id":387561,"field1":"-1.75","field2":"-1.125"},{"created_at":"2025-12-31T15:52:17-08:00","entry_id":387562,"field1":"-1.75","field2":"-1.25"},{"created_at":"2025-12-31T16:01:54-08:00","entry_id":387563,"field1":"-1.75","field2":"-1.3125"},{"created_at":"2025-12-31T16:11:29-08:00","entry_id":387564,"field1":"-1.75","field2":"-1.375"},{"created_at":"2025-12-31T16:21:06-08:00","entry_id":387565,"field1":"-1.75","field2":"-1.3125"},{"created_at":"2025-12-31T16:30:42-08:00","entry_id":387566,"field1":"-1.75","field2":"-1.375"},{"created_at":"2025-12-31T16:40:18-08:00","entry_id":387567,"field1":"-1.75","field2":"-1.5625"},{"created_at":"2025-12-31T16:49:54-08:00","entry_id":387568,"field1":"-1.75","field2":"-1.5625"},{"created_at":"2025-12-31T16:59:31-08:00","entry_id":387569,"field1":"-1.75","field2":"-1.75"},{"created_at":"2025-12-31T17:09:07-08:00","entry_id":387570,"field1":"-1.75","field2":"-1.75"},{"created_at":"2025-12-31T17:18:44-08:00","entry_id":387571,"field1":"-1.75","field2":"-1.6875"},{"created_at":"2025-12-31T17:28:21-08:00","entry_id":387572,"field1":"-1.75","field2":"-1.625"},{"created_at":"2025-12-31T17:37:58-08:00","entry_id":387573,"field1":"-1.75","field2":"-1.625"},{"created_at":"2025-12-31T17:47:33-08:00","entry_id":387574,"field1":"-1.75","field2":"-1.6875"},{"created_at":"2025-12-31T17:57:10-08:00","entry_id":387575,"field1":"-1.75","field2":"-1.6875"},{"created_at":"2025-12-31T18:06:46-08:00","entry_id":387576,"field1":"-1.75","field2":"-1.6875"},{"created_at":"2025-12-31T18:16:22-08:00","entry_id":387577,"field1":"-1.75","field2":"-1.6875"},{"created_at":"2025-12-31T18:25:58-08:00","entry_id":387578,"field1":"-1.75","field2":"-1.625"},{"created_at":"2025-12-31T18:35:34-08:00","entry_id":387579,"field1":"-1.75","field2":"-1.8125"},{"created_at":"2025-12-31T18:45:10-08:00","entry_id":387580,"field1":"-1.75","field2":"-1.75"},{"created_at":"2025-12-31T18:54:48-08:00","entry_id":387581,"field1":"-1.75","field2":"-1.6875"},{"created_at":"2025-12-31T19:04:23-08:00","entry_id":387582,"field1":"-1.75","field2":"-1.625"},{"created_at":"2025-12-31T19:13:59-08:00","entry_id":387583,"field1":"-1.75","field2":"-1.625"},{"created_at":"2025-12-31T19:23:37-08:00","entry_id":387584,"field1":"-1.75","field2":"-1.625"},{"created_at":"2025-12-31T19:33:12-08:00","entry_id":387585,"field1":"-1.75","field2":"-1.625"},{"created_at":"2025-12-31T19:42:48-08:00","entry_id":387586,"field1":"-1.8125","field2":"-1.625"},{"created_at":"2025-12-31T19:52:24-08:00","entry_id":387587,"field1":"-1.75","field2":"-1.625"},{"created_at":"2025-12-31T20:02:01-08:00","entry_id":387588,"field1":"-1.75","field2":"-1.6875"},{"created_at":"2025-12-31T20:11:37-08:00","entry_id":387589,"field1":"-1.75","field2":"-1.75"},{"created_at":"2025-12-31T20:21:13-08:00","entry_id":387590,"field1":"-1.75","field2":"-1.75"},{"created_at":"2025-12-31T20:30:49-08:00","entry_id":387591,"field1":"-1.75","field2":"-1.75"},{"created_at":"2025-12-31T20:40:25-08:00","entry_id":387592,"field1":"-1.75","field2":"-1.8125"},{"created_at":"2025-12-31T20:50:01-08:00","entry_id":387593,"field1":"-1.75","field2":"-1.875"},{"created_at":"2025-12-31T20:59:39-08:00","entry_id":387594,"field1":"-1.75","field2":"-1.875"},{"created_at":"2025-12-31T21:09:15-08:00","entry_id":387595,"field1":"-1.75","field2":"-1.875"},{"created_at":"2025-12-31T21:18:52-08:00","entry_id":387596,"field1":"-1.75","field2":"-2"},{"created_at":"2025-12-31T21:28:29-08:00","entry_id":387597,"field1":"-1.75","field2":"-2.1875"},{"created_at":"2025-12-31T21:38:04-08:00","entry_id":387598,"field1":"-1.75","field2":"-2.1875"},{"created_at":"2025-12-31T21:47:42-08:00","entry_id":387599,"field1":"-1.8125","field2":"-2.1875"},{"created_at":"2025-12-31T21:57:19-08:00","entry_id":387600,"field1":"-1.8125","field2":"-2.125"},{"created_at":"2025-12-31T22:06:54-08:00","entry_id":387601,"field1":"-1.75","field2":"-2.125"},{"created_at":"2025-12-31T22:16:32-08:00","entry_id":387602,"field1":"-1.8125","field2":"-2.0625"},{"created_at":"2025-12-31T22:26:08-08:00","entry_id":387603,"field1":"-1.8125","field2":"-2.0625"},{"created_at":"2025-12-31T22:35:45-08:00","entry_id":387604,"field1":"-1.8125","field2":"-2.125"},{"created_at":"2025-12-31T22:45:21-08:00","entry_id":387605,"field1":"-1.8125","field2":"-2.1875"},{"created_at":"2025-12-31T22:54:57-08:00","entry_id":387606,"field1":"-1.8125","field2":"-2.375"},{"created_at":"2025-12-31T23:04:35-08:00","entry_id":387607,"field1":"-1.8125","field2":"-2.4375"},{"created_at":"2025-12-31T23:14:12-08:00","entry_id":387608,"field1":"-1.8125","field2":"-2.375"},{"created_at":"2025-12-31T23:23:47-08:00","entry_id":387609,"field1":"-1.8125","field2":"-2.1875"},{"created_at":"2025-12-31T23:33:23-08:00","entry_id":387610,"field1":"-1.8125","field2":"-2.125"},{"created_at":"2025-12-31T23:43:00-08:00","entry_id":387611,"field1":"-1.8125","field2":"-2.125"},{"created_at":"2025-12-31T23:52:36-08:00","entry_id":387612,"field1":"-1.8125","field2":"-2"}]}