{"channel":{"id":581842,"name":"Upstairs Small Window Indoor / Outdoor Sensor","latitude":"0.0","longitude":"0.0","field1":"Indoor Temperature","field2":"Outdoor Temperature","created_at":"2018-09-23T15:37:52-07:00","updated_at":"2020-07-27T05:59:41-07:00","last_entry_id":184419},"feeds":[{"created_at":"2022-04-02T00:01:17-07:00","entry_id":184131,"field1":"10.1875","field2":"4.75"},{"created_at":"2022-04-02T00:10:55-07:00","entry_id":184132,"field1":"10.0625","field2":"4.9375"},{"created_at":"2022-04-02T00:20:32-07:00","entry_id":184133,"field1":"9.9375","field2":"4.8125"},{"created_at":"2022-04-02T00:30:09-07:00","entry_id":184134,"field1":"9.875","field2":"4.75"},{"created_at":"2022-04-02T00:39:47-07:00","entry_id":184135,"field1":"9.8125","field2":"4.75"},{"created_at":"2022-04-02T00:49:24-07:00","entry_id":184136,"field1":"9.75","field2":"4.5"},{"created_at":"2022-04-02T00:59:02-07:00","entry_id":184137,"field1":"9.75","field2":"4.625"},{"created_at":"2022-04-02T01:08:39-07:00","entry_id":184138,"field1":"9.6875","field2":"4.6875"},{"created_at":"2022-04-02T01:18:16-07:00","entry_id":184139,"field1":"9.75","field2":"4.6875"},{"created_at":"2022-04-02T01:27:53-07:00","entry_id":184140,"field1":"10","field2":"4.625"},{"created_at":"2022-04-02T01:37:31-07:00","entry_id":184141,"field1":"10.125","field2":"4.625"},{"created_at":"2022-04-02T01:47:07-07:00","entry_id":184142,"field1":"9.9375","field2":"4.625"},{"created_at":"2022-04-02T01:56:45-07:00","entry_id":184143,"field1":"9.8125","field2":"4.375"},{"created_at":"2022-04-02T02:06:23-07:00","entry_id":184144,"field1":"9.75","field2":"4.375"},{"created_at":"2022-04-02T02:16:00-07:00","entry_id":184145,"field1":"9.6875","field2":"4.25"},{"created_at":"2022-04-02T02:25:37-07:00","entry_id":184146,"field1":"9.625","field2":"4.3125"},{"created_at":"2022-04-02T02:35:15-07:00","entry_id":184147,"field1":"9.5625","field2":"4.25"},{"created_at":"2022-04-02T02:44:52-07:00","entry_id":184148,"field1":"9.5625","field2":"4.1875"},{"created_at":"2022-04-02T02:54:29-07:00","entry_id":184149,"field1":"9.75","field2":"4.0625"},{"created_at":"2022-04-02T03:04:05-07:00","entry_id":184150,"field1":"9.9375","field2":"4.125"},{"created_at":"2022-04-02T03:13:43-07:00","entry_id":184151,"field1":"9.9375","field2":"4.125"},{"created_at":"2022-04-02T03:23:19-07:00","entry_id":184152,"field1":"9.75","field2":"4.1875"},{"created_at":"2022-04-02T03:32:57-07:00","entry_id":184153,"field1":"9.6875","field2":"4.125"},{"created_at":"2022-04-02T03:42:34-07:00","entry_id":184154,"field1":"9.5625","field2":"4.0625"},{"created_at":"2022-04-02T03:52:11-07:00","entry_id":184155,"field1":"9.5","field2":"3.8125"},{"created_at":"2022-04-02T04:01:49-07:00","entry_id":184156,"field1":"9.5","field2":"4"},{"created_at":"2022-04-02T04:11:23-07:00","entry_id":184157,"field1":"9.4375","field2":"3.8125"},{"created_at":"2022-04-02T04:21:01-07:00","entry_id":184158,"field1":"9.625","field2":"3.875"},{"created_at":"2022-04-02T04:30:39-07:00","entry_id":184159,"field1":"9.8125","field2":"3.6875"},{"created_at":"2022-04-02T04:40:17-07:00","entry_id":184160,"field1":"9.9375","field2":"3.8125"},{"created_at":"2022-04-02T04:49:54-07:00","entry_id":184161,"field1":"9.75","field2":"3.8125"},{"created_at":"2022-04-02T04:59:32-07:00","entry_id":184162,"field1":"9.625","field2":"3.8125"},{"created_at":"2022-04-02T05:09:09-07:00","entry_id":184163,"field1":"9.5","field2":"3.875"},{"created_at":"2022-04-02T05:18:47-07:00","entry_id":184164,"field1":"9.4375","field2":"3.75"},{"created_at":"2022-04-02T05:28:24-07:00","entry_id":184165,"field1":"9.375","field2":"3.75"},{"created_at":"2022-04-02T05:38:01-07:00","entry_id":184166,"field1":"9.375","field2":"3.5625"},{"created_at":"2022-04-02T05:47:38-07:00","entry_id":184167,"field1":"9.625","field2":"3.4375"},{"created_at":"2022-04-02T05:57:15-07:00","entry_id":184168,"field1":"9.8125","field2":"3.5"},{"created_at":"2022-04-02T06:06:53-07:00","entry_id":184169,"field1":"9.875","field2":"3.5"},{"created_at":"2022-04-02T06:16:30-07:00","entry_id":184170,"field1":"9.75","field2":"3.5625"},{"created_at":"2022-04-02T06:26:07-07:00","entry_id":184171,"field1":"9.5625","field2":"3.3125"},{"created_at":"2022-04-02T06:35:44-07:00","entry_id":184172,"field1":"9.5","field2":"3.4375"},{"created_at":"2022-04-02T06:45:22-07:00","entry_id":184173,"field1":"9.375","field2":"3.4375"},{"created_at":"2022-04-02T06:55:00-07:00","entry_id":184174,"field1":"9.3125","field2":"3.5"},{"created_at":"2022-04-02T07:04:36-07:00","entry_id":184175,"field1":"9.3125","field2":"3.5625"},{"created_at":"2022-04-02T07:14:14-07:00","entry_id":184176,"field1":"9.5","field2":"3.625"},{"created_at":"2022-04-02T07:23:51-07:00","entry_id":184177,"field1":"9.6875","field2":"3.6875"},{"created_at":"2022-04-02T07:33:29-07:00","entry_id":184178,"field1":"9.8125","field2":"3.5"},{"created_at":"2022-04-02T07:43:06-07:00","entry_id":184179,"field1":"9.625","field2":"3.375"},{"created_at":"2022-04-02T07:52:43-07:00","entry_id":184180,"field1":"9.5","field2":"3.5"},{"created_at":"2022-04-02T08:02:21-07:00","entry_id":184181,"field1":"9.375","field2":"3.8125"},{"created_at":"2022-04-02T08:11:58-07:00","entry_id":184182,"field1":"9.3125","field2":"3.9375"},{"created_at":"2022-04-02T08:21:35-07:00","entry_id":184183,"field1":"9.25","field2":"4.0625"},{"created_at":"2022-04-02T08:31:11-07:00","entry_id":184184,"field1":"9.375","field2":"4.1875"},{"created_at":"2022-04-02T08:40:47-07:00","entry_id":184185,"field1":"9.625","field2":"3.9375"},{"created_at":"2022-04-02T08:50:23-07:00","entry_id":184186,"field1":"9.75","field2":"3.5625"},{"created_at":"2022-04-02T09:00:01-07:00","entry_id":184187,"field1":"9.8125","field2":"4"},{"created_at":"2022-04-02T09:09:39-07:00","entry_id":184188,"field1":"9.625","field2":"4"},{"created_at":"2022-04-02T09:19:16-07:00","entry_id":184189,"field1":"9.5","field2":"4.1875"},{"created_at":"2022-04-02T09:28:55-07:00","entry_id":184190,"field1":"9.375","field2":"4.375"},{"created_at":"2022-04-02T09:38:32-07:00","entry_id":184191,"field1":"9.375","field2":"4.375"},{"created_at":"2022-04-02T09:48:09-07:00","entry_id":184192,"field1":"9.3125","field2":"5.0625"},{"created_at":"2022-04-02T09:57:47-07:00","entry_id":184193,"field1":"9.625","field2":"6"},{"created_at":"2022-04-02T10:07:22-07:00","entry_id":184194,"field1":"9.8125","field2":"5.3125"},{"created_at":"2022-04-02T10:16:59-07:00","entry_id":184195,"field1":"10","field2":"4.6875"},{"created_at":"2022-04-02T10:26:37-07:00","entry_id":184196,"field1":"9.875","field2":"5.3125"},{"created_at":"2022-04-02T10:36:14-07:00","entry_id":184197,"field1":"9.6875","field2":"5.75"},{"created_at":"2022-04-02T10:45:52-07:00","entry_id":184198,"field1":"9.625","field2":"6.25"},{"created_at":"2022-04-02T10:55:29-07:00","entry_id":184199,"field1":"9.625","field2":"6.25"},{"created_at":"2022-04-02T11:05:06-07:00","entry_id":184200,"field1":"9.5625","field2":"6.5625"},{"created_at":"2022-04-02T11:14:43-07:00","entry_id":184201,"field1":"9.5625","field2":"6"},{"created_at":"2022-04-02T11:24:19-07:00","entry_id":184202,"field1":"9.625","field2":"5.8125"},{"created_at":"2022-04-02T11:33:55-07:00","entry_id":184203,"field1":"9.875","field2":"5.9375"},{"created_at":"2022-04-02T11:43:34-07:00","entry_id":184204,"field1":"10.0625","field2":"6.4375"},{"created_at":"2022-04-02T11:53:11-07:00","entry_id":184205,"field1":"10.0625","field2":"7.0625"},{"created_at":"2022-04-02T12:02:49-07:00","entry_id":184206,"field1":"9.9375","field2":"7.25"},{"created_at":"2022-04-02T12:12:26-07:00","entry_id":184207,"field1":"9.875","field2":"7.3125"},{"created_at":"2022-04-02T12:22:04-07:00","entry_id":184208,"field1":"9.875","field2":"7.4375"},{"created_at":"2022-04-02T12:31:41-07:00","entry_id":184209,"field1":"9.875","field2":"7.625"},{"created_at":"2022-04-02T12:41:19-07:00","entry_id":184210,"field1":"9.875","field2":"7.25"},{"created_at":"2022-04-02T12:50:55-07:00","entry_id":184211,"field1":"9.8125","field2":"7.3125"},{"created_at":"2022-04-02T13:00:33-07:00","entry_id":184212,"field1":"9.8125","field2":"7.5"},{"created_at":"2022-04-02T13:10:10-07:00","entry_id":184213,"field1":"9.75","field2":"7.6875"},{"created_at":"2022-04-02T13:19:47-07:00","entry_id":184214,"field1":"9.75","field2":"8.375"},{"created_at":"2022-04-02T13:29:25-07:00","entry_id":184215,"field1":"9.8125","field2":"7.9375"},{"created_at":"2022-04-02T13:39:02-07:00","entry_id":184216,"field1":"9.875","field2":"8.1875"},{"created_at":"2022-04-02T13:48:40-07:00","entry_id":184217,"field1":"10.125","field2":"7.0625"},{"created_at":"2022-04-02T13:58:16-07:00","entry_id":184218,"field1":"10.1875","field2":"6.875"},{"created_at":"2022-04-02T14:07:54-07:00","entry_id":184219,"field1":"10.0625","field2":"7.6875"},{"created_at":"2022-04-02T14:17:30-07:00","entry_id":184220,"field1":"9.9375","field2":"7.25"},{"created_at":"2022-04-02T14:27:06-07:00","entry_id":184221,"field1":"9.9375","field2":"6.4375"},{"created_at":"2022-04-02T14:36:44-07:00","entry_id":184222,"field1":"9.875","field2":"6.75"},{"created_at":"2022-04-02T14:46:22-07:00","entry_id":184223,"field1":"9.875","field2":"7"},{"created_at":"2022-04-02T14:55:59-07:00","entry_id":184224,"field1":"9.8125","field2":"6.9375"},{"created_at":"2022-04-02T15:05:37-07:00","entry_id":184225,"field1":"9.8125","field2":"7.4375"},{"created_at":"2022-04-02T15:15:14-07:00","entry_id":184226,"field1":"9.8125","field2":"8.3125"},{"created_at":"2022-04-02T15:24:51-07:00","entry_id":184227,"field1":"9.8125","field2":"6.5625"},{"created_at":"2022-04-02T15:34:28-07:00","entry_id":184228,"field1":"9.8125","field2":"6.875"},{"created_at":"2022-04-02T15:44:05-07:00","entry_id":184229,"field1":"9.75","field2":"6.625"},{"created_at":"2022-04-02T15:53:41-07:00","entry_id":184230,"field1":"10","field2":"6.9375"},{"created_at":"2022-04-02T16:03:20-07:00","entry_id":184231,"field1":"10.25","field2":"7.6875"},{"created_at":"2022-04-02T16:12:58-07:00","entry_id":184232,"field1":"10.1875","field2":"7.0625"},{"created_at":"2022-04-02T16:22:35-07:00","entry_id":184233,"field1":"10.0625","field2":"6.5625"},{"created_at":"2022-04-02T16:32:12-07:00","entry_id":184234,"field1":"10","field2":"6.75"},{"created_at":"2022-04-02T16:41:49-07:00","entry_id":184235,"field1":"9.9375","field2":"7.5"},{"created_at":"2022-04-02T16:51:27-07:00","entry_id":184236,"field1":"9.9375","field2":"7.6875"},{"created_at":"2022-04-02T17:01:04-07:00","entry_id":184237,"field1":"9.875","field2":"7.5625"},{"created_at":"2022-04-02T17:10:42-07:00","entry_id":184238,"field1":"9.875","field2":"7.3125"},{"created_at":"2022-04-02T17:20:19-07:00","entry_id":184239,"field1":"9.875","field2":"7.5625"},{"created_at":"2022-04-02T17:29:57-07:00","entry_id":184240,"field1":"9.8125","field2":"7.1875"},{"created_at":"2022-04-02T17:39:34-07:00","entry_id":184241,"field1":"9.8125","field2":"6.9375"},{"created_at":"2022-04-02T17:49:11-07:00","entry_id":184242,"field1":"9.8125","field2":"7.1875"},{"created_at":"2022-04-02T17:58:49-07:00","entry_id":184243,"field1":"9.8125","field2":"7.0625"},{"created_at":"2022-04-02T18:08:27-07:00","entry_id":184244,"field1":"10.125","field2":"7"},{"created_at":"2022-04-02T18:18:05-07:00","entry_id":184245,"field1":"10.25","field2":"7.0625"},{"created_at":"2022-04-02T18:27:42-07:00","entry_id":184246,"field1":"10.125","field2":"6.8125"},{"created_at":"2022-04-02T18:37:19-07:00","entry_id":184247,"field1":"10","field2":"6.625"},{"created_at":"2022-04-02T18:46:56-07:00","entry_id":184248,"field1":"9.9375","field2":"6.4375"},{"created_at":"2022-04-02T18:56:33-07:00","entry_id":184249,"field1":"9.875","field2":"6.25"},{"created_at":"2022-04-02T19:06:09-07:00","entry_id":184250,"field1":"9.8125","field2":"6.25"},{"created_at":"2022-04-02T19:15:48-07:00","entry_id":184251,"field1":"9.8125","field2":"6.125"},{"created_at":"2022-04-02T19:25:24-07:00","entry_id":184252,"field1":"9.75","field2":"5.875"},{"created_at":"2022-04-02T19:35:02-07:00","entry_id":184253,"field1":"9.75","field2":"5.8125"},{"created_at":"2022-04-02T19:44:39-07:00","entry_id":184254,"field1":"9.6875","field2":"5.8125"},{"created_at":"2022-04-02T19:54:17-07:00","entry_id":184255,"field1":"9.6875","field2":"5.8125"},{"created_at":"2022-04-02T20:03:54-07:00","entry_id":184256,"field1":"9.75","field2":"5.625"},{"created_at":"2022-04-02T20:13:31-07:00","entry_id":184257,"field1":"10","field2":"5.5"},{"created_at":"2022-04-02T20:23:09-07:00","entry_id":184258,"field1":"10.0625","field2":"5.25"},{"created_at":"2022-04-02T20:32:46-07:00","entry_id":184259,"field1":"9.875","field2":"5.125"},{"created_at":"2022-04-02T20:42:23-07:00","entry_id":184260,"field1":"9.8125","field2":"4.875"},{"created_at":"2022-04-02T20:52:01-07:00","entry_id":184261,"field1":"9.75","field2":"4.75"},{"created_at":"2022-04-02T21:01:38-07:00","entry_id":184262,"field1":"9.6875","field2":"4.5625"},{"created_at":"2022-04-02T21:11:16-07:00","entry_id":184263,"field1":"9.625","field2":"4.4375"},{"created_at":"2022-04-02T21:20:53-07:00","entry_id":184264,"field1":"9.5625","field2":"4.125"},{"created_at":"2022-04-02T21:30:30-07:00","entry_id":184265,"field1":"9.5","field2":"4.0625"},{"created_at":"2022-04-02T21:40:07-07:00","entry_id":184266,"field1":"9.5","field2":"3.75"},{"created_at":"2022-04-02T21:49:45-07:00","entry_id":184267,"field1":"9.75","field2":"3.75"},{"created_at":"2022-04-02T21:59:23-07:00","entry_id":184268,"field1":"9.9375","field2":"3.625"},{"created_at":"2022-04-02T22:09:00-07:00","entry_id":184269,"field1":"9.8125","field2":"3.5"},{"created_at":"2022-04-02T22:18:38-07:00","entry_id":184270,"field1":"9.6875","field2":"3.0625"},{"created_at":"2022-04-02T22:28:15-07:00","entry_id":184271,"field1":"9.5625","field2":"2.9375"},{"created_at":"2022-04-02T22:37:52-07:00","entry_id":184272,"field1":"9.5","field2":"2.9375"},{"created_at":"2022-04-02T22:47:28-07:00","entry_id":184273,"field1":"9.4375","field2":"2.625"},{"created_at":"2022-04-02T22:57:05-07:00","entry_id":184274,"field1":"9.375","field2":"2.5"},{"created_at":"2022-04-02T23:06:43-07:00","entry_id":184275,"field1":"9.3125","field2":"2.4375"},{"created_at":"2022-04-02T23:16:20-07:00","entry_id":184276,"field1":"9.5625","field2":"2.4375"},{"created_at":"2022-04-02T23:25:56-07:00","entry_id":184277,"field1":"9.6875","field2":"2.25"},{"created_at":"2022-04-02T23:35:34-07:00","entry_id":184278,"field1":"9.8125","field2":"1.9375"},{"created_at":"2022-04-02T23:45:11-07:00","entry_id":184279,"field1":"9.5625","field2":"2"},{"created_at":"2022-04-02T23:54:49-07:00","entry_id":184280,"field1":"9.4375","field2":"1.875"}]}