{"channel":{"id":581842,"name":"Upstairs Small Window Indoor / Outdoor Sensor","latitude":"0.0","longitude":"0.0","field1":"Indoor Temperature","field2":"Outdoor Temperature","created_at":"2018-09-23T15:37:52-07:00","updated_at":"2020-07-27T05:59:41-07:00","last_entry_id":222580},"feeds":[{"created_at":"2022-12-14T00:08:47-08:00","entry_id":222299,"field1":"6","field2":"-1.625"},{"created_at":"2022-12-14T00:18:26-08:00","entry_id":222300,"field1":"6.3125","field2":"-1.625"},{"created_at":"2022-12-14T00:28:02-08:00","entry_id":222301,"field1":"6.9375","field2":"-1.8125"},{"created_at":"2022-12-14T00:37:39-08:00","entry_id":222302,"field1":"7.3125","field2":"-1.75"},{"created_at":"2022-12-14T00:47:16-08:00","entry_id":222303,"field1":"7.625","field2":"-1.75"},{"created_at":"2022-12-14T00:56:54-08:00","entry_id":222304,"field1":"7.875","field2":"-1.75"},{"created_at":"2022-12-14T01:06:30-08:00","entry_id":222305,"field1":"7.6875","field2":"-1.8125"},{"created_at":"2022-12-14T01:16:06-08:00","entry_id":222306,"field1":"7.125","field2":"-1.8125"},{"created_at":"2022-12-14T01:25:43-08:00","entry_id":222307,"field1":"6.8125","field2":"-1.75"},{"created_at":"2022-12-14T01:35:21-08:00","entry_id":222308,"field1":"6.5625","field2":"-1.6875"},{"created_at":"2022-12-14T01:44:56-08:00","entry_id":222309,"field1":"6.3125","field2":"-1.6875"},{"created_at":"2022-12-14T01:54:34-08:00","entry_id":222310,"field1":"6.1875","field2":"-1.625"},{"created_at":"2022-12-14T02:04:11-08:00","entry_id":222311,"field1":"6","field2":"-1.625"},{"created_at":"2022-12-14T02:13:46-08:00","entry_id":222312,"field1":"6.375","field2":"-1.625"},{"created_at":"2022-12-14T02:23:23-08:00","entry_id":222313,"field1":"6.9375","field2":"-1.6875"},{"created_at":"2022-12-14T02:33:00-08:00","entry_id":222314,"field1":"7.3125","field2":"-1.75"},{"created_at":"2022-12-14T02:42:38-08:00","entry_id":222315,"field1":"7.625","field2":"-1.8125"},{"created_at":"2022-12-14T02:52:15-08:00","entry_id":222316,"field1":"7.875","field2":"-1.8125"},{"created_at":"2022-12-14T03:01:51-08:00","entry_id":222317,"field1":"7.625","field2":"-1.75"},{"created_at":"2022-12-14T03:11:29-08:00","entry_id":222318,"field1":"7.125","field2":"-1.75"},{"created_at":"2022-12-14T03:21:04-08:00","entry_id":222319,"field1":"6.8125","field2":"-1.6875"},{"created_at":"2022-12-14T03:30:40-08:00","entry_id":222320,"field1":"6.5","field2":"-1.8125"},{"created_at":"2022-12-14T03:40:17-08:00","entry_id":222321,"field1":"6.3125","field2":"-1.75"},{"created_at":"2022-12-14T03:49:53-08:00","entry_id":222322,"field1":"6.125","field2":"-1.8125"},{"created_at":"2022-12-14T03:59:31-08:00","entry_id":222323,"field1":"6","field2":"-1.8125"},{"created_at":"2022-12-14T04:09:08-08:00","entry_id":222324,"field1":"6.4375","field2":"-1.75"},{"created_at":"2022-12-14T04:18:45-08:00","entry_id":222325,"field1":"7","field2":"-1.75"},{"created_at":"2022-12-14T04:28:22-08:00","entry_id":222326,"field1":"7.375","field2":"-1.75"},{"created_at":"2022-12-14T04:37:59-08:00","entry_id":222327,"field1":"7.625","field2":"-1.75"},{"created_at":"2022-12-14T04:47:38-08:00","entry_id":222328,"field1":"7.875","field2":"-1.75"},{"created_at":"2022-12-14T04:57:14-08:00","entry_id":222329,"field1":"7.75","field2":"-1.8125"},{"created_at":"2022-12-14T05:06:52-08:00","entry_id":222330,"field1":"7.1875","field2":"-1.8125"},{"created_at":"2022-12-14T05:16:27-08:00","entry_id":222331,"field1":"6.8125","field2":"-1.8125"},{"created_at":"2022-12-14T05:26:03-08:00","entry_id":222332,"field1":"6.5625","field2":"-1.875"},{"created_at":"2022-12-14T05:35:39-08:00","entry_id":222333,"field1":"6.375","field2":"-1.9375"},{"created_at":"2022-12-14T05:45:15-08:00","entry_id":222334,"field1":"6.125","field2":"-2"},{"created_at":"2022-12-14T05:54:53-08:00","entry_id":222335,"field1":"6","field2":"-1.9375"},{"created_at":"2022-12-14T06:04:29-08:00","entry_id":222336,"field1":"6.3125","field2":"-2.0625"},{"created_at":"2022-12-14T06:14:05-08:00","entry_id":222337,"field1":"6.875","field2":"-1.9375"},{"created_at":"2022-12-14T06:23:42-08:00","entry_id":222338,"field1":"7.3125","field2":"-1.9375"},{"created_at":"2022-12-14T06:33:21-08:00","entry_id":222339,"field1":"7.5625","field2":"-1.875"},{"created_at":"2022-12-14T06:42:59-08:00","entry_id":222340,"field1":"7.8125","field2":"-1.8125"},{"created_at":"2022-12-14T06:52:35-08:00","entry_id":222341,"field1":"7.875","field2":"-1.875"},{"created_at":"2022-12-14T07:02:12-08:00","entry_id":222342,"field1":"7.3125","field2":"-1.8125"},{"created_at":"2022-12-14T07:11:48-08:00","entry_id":222343,"field1":"6.9375","field2":"-1.8125"},{"created_at":"2022-12-14T07:21:24-08:00","entry_id":222344,"field1":"6.625","field2":"-1.8125"},{"created_at":"2022-12-14T07:31:01-08:00","entry_id":222345,"field1":"6.4375","field2":"-1.8125"},{"created_at":"2022-12-14T07:40:39-08:00","entry_id":222346,"field1":"6.1875","field2":"-1.8125"},{"created_at":"2022-12-14T07:50:16-08:00","entry_id":222347,"field1":"6","field2":"-1.8125"},{"created_at":"2022-12-14T07:59:51-08:00","entry_id":222348,"field1":"6.125","field2":"-1.8125"},{"created_at":"2022-12-14T08:09:28-08:00","entry_id":222349,"field1":"6.75","field2":"-1.875"},{"created_at":"2022-12-14T08:19:05-08:00","entry_id":222350,"field1":"7.1875","field2":"-1.9375"},{"created_at":"2022-12-14T08:28:43-08:00","entry_id":222351,"field1":"7.5","field2":"-1.875"},{"created_at":"2022-12-14T08:38:19-08:00","entry_id":222352,"field1":"7.75","field2":"-1.8125"},{"created_at":"2022-12-14T08:47:56-08:00","entry_id":222353,"field1":"8","field2":"-1.75"},{"created_at":"2022-12-14T08:57:33-08:00","entry_id":222354,"field1":"7.75","field2":"-1.75"},{"created_at":"2022-12-14T09:07:10-08:00","entry_id":222355,"field1":"7.1875","field2":"-1.5625"},{"created_at":"2022-12-14T09:16:48-08:00","entry_id":222356,"field1":"6.875","field2":"-1.4375"},{"created_at":"2022-12-14T09:26:23-08:00","entry_id":222357,"field1":"6.625","field2":"-1.3125"},{"created_at":"2022-12-14T09:36:01-08:00","entry_id":222358,"field1":"6.375","field2":"-1.25"},{"created_at":"2022-12-14T09:45:36-08:00","entry_id":222359,"field1":"6.1875","field2":"-1.1875"},{"created_at":"2022-12-14T09:55:13-08:00","entry_id":222360,"field1":"6.0625","field2":"-1.1875"},{"created_at":"2022-12-14T10:04:49-08:00","entry_id":222361,"field1":"6.0625","field2":"-1.0625"},{"created_at":"2022-12-14T10:14:28-08:00","entry_id":222362,"field1":"6.6875","field2":"-1"},{"created_at":"2022-12-14T10:24:06-08:00","entry_id":222363,"field1":"7.1875","field2":"-0.9375"},{"created_at":"2022-12-14T10:33:44-08:00","entry_id":222364,"field1":"7.5","field2":"-0.875"},{"created_at":"2022-12-14T10:43:20-08:00","entry_id":222365,"field1":"7.8125","field2":"-1"},{"created_at":"2022-12-14T10:52:57-08:00","entry_id":222366,"field1":"8","field2":"-0.9375"},{"created_at":"2022-12-14T11:02:33-08:00","entry_id":222367,"field1":"7.4375","field2":"-0.8125"},{"created_at":"2022-12-14T11:12:10-08:00","entry_id":222368,"field1":"7.0625","field2":"-0.75"},{"created_at":"2022-12-14T11:21:48-08:00","entry_id":222369,"field1":"6.75","field2":"-0.5625"},{"created_at":"2022-12-14T11:31:26-08:00","entry_id":222370,"field1":"6.5625","field2":"-0.625"},{"created_at":"2022-12-14T11:41:01-08:00","entry_id":222371,"field1":"6.375","field2":"-0.625"},{"created_at":"2022-12-14T11:50:37-08:00","entry_id":222372,"field1":"6.1875","field2":"-0.5"},{"created_at":"2022-12-14T12:00:15-08:00","entry_id":222373,"field1":"6.0625","field2":"-0.5"},{"created_at":"2022-12-14T12:09:50-08:00","entry_id":222374,"field1":"6.25","field2":"-0.625"},{"created_at":"2022-12-14T12:19:30-08:00","entry_id":222375,"field1":"6.875","field2":"-0.375"},{"created_at":"2022-12-14T12:29:06-08:00","entry_id":222376,"field1":"7.25","field2":"-0.5"},{"created_at":"2022-12-14T12:38:45-08:00","entry_id":222377,"field1":"7.625","field2":"-0.4375"},{"created_at":"2022-12-14T12:48:21-08:00","entry_id":222378,"field1":"7.875","field2":"-0.25"},{"created_at":"2022-12-14T12:57:57-08:00","entry_id":222379,"field1":"7.8125","field2":"-0.25"},{"created_at":"2022-12-14T13:07:35-08:00","entry_id":222380,"field1":"7.3125","field2":"-0.125"},{"created_at":"2022-12-14T13:17:11-08:00","entry_id":222381,"field1":"6.9375","field2":"-0.25"},{"created_at":"2022-12-14T13:26:47-08:00","entry_id":222382,"field1":"6.6875","field2":"-0.0625"},{"created_at":"2022-12-14T13:36:23-08:00","entry_id":222383,"field1":"6.5","field2":"-0.0625"},{"created_at":"2022-12-14T13:45:59-08:00","entry_id":222384,"field1":"6.375","field2":"0.0625"},{"created_at":"2022-12-14T13:55:37-08:00","entry_id":222385,"field1":"6.1875","field2":"-0.0625"},{"created_at":"2022-12-14T14:05:12-08:00","entry_id":222386,"field1":"6.0625","field2":"0"},{"created_at":"2022-12-14T14:14:51-08:00","entry_id":222387,"field1":"6.5625","field2":"-0.125"},{"created_at":"2022-12-14T14:24:28-08:00","entry_id":222388,"field1":"7.125","field2":"-0.375"},{"created_at":"2022-12-14T14:34:04-08:00","entry_id":222389,"field1":"7.5","field2":"-0.375"},{"created_at":"2022-12-14T14:43:41-08:00","entry_id":222390,"field1":"7.8125","field2":"-0.4375"},{"created_at":"2022-12-14T14:53:18-08:00","entry_id":222391,"field1":"7.875","field2":"-0.5"},{"created_at":"2022-12-14T15:02:55-08:00","entry_id":222392,"field1":"7.3125","field2":"-0.5625"},{"created_at":"2022-12-14T15:12:31-08:00","entry_id":222393,"field1":"6.9375","field2":"-0.625"},{"created_at":"2022-12-14T15:22:09-08:00","entry_id":222394,"field1":"6.6875","field2":"-0.75"},{"created_at":"2022-12-14T15:31:46-08:00","entry_id":222395,"field1":"6.5","field2":"-0.875"},{"created_at":"2022-12-14T15:41:22-08:00","entry_id":222396,"field1":"6.3125","field2":"-0.9375"},{"created_at":"2022-12-14T15:50:58-08:00","entry_id":222397,"field1":"6.125","field2":"-1"},{"created_at":"2022-12-14T16:00:34-08:00","entry_id":222398,"field1":"6.125","field2":"-1.0625"},{"created_at":"2022-12-14T16:10:11-08:00","entry_id":222399,"field1":"6.75","field2":"-1.0625"},{"created_at":"2022-12-14T16:19:48-08:00","entry_id":222400,"field1":"7.1875","field2":"-1.125"},{"created_at":"2022-12-14T16:29:25-08:00","entry_id":222401,"field1":"7.5","field2":"-1.1875"},{"created_at":"2022-12-14T16:39:03-08:00","entry_id":222402,"field1":"7.8125","field2":"-1.1875"},{"created_at":"2022-12-14T16:48:40-08:00","entry_id":222403,"field1":"7.8125","field2":"-1.25"},{"created_at":"2022-12-14T16:58:18-08:00","entry_id":222404,"field1":"7.25","field2":"-1.375"},{"created_at":"2022-12-14T17:07:53-08:00","entry_id":222405,"field1":"6.875","field2":"-1.5"},{"created_at":"2022-12-14T17:17:30-08:00","entry_id":222406,"field1":"6.625","field2":"-1.5625"},{"created_at":"2022-12-14T17:27:08-08:00","entry_id":222407,"field1":"6.4375","field2":"-1.625"},{"created_at":"2022-12-14T17:36:43-08:00","entry_id":222408,"field1":"6.25","field2":"-1.6875"},{"created_at":"2022-12-14T17:46:21-08:00","entry_id":222409,"field1":"6.0625","field2":"-1.6875"},{"created_at":"2022-12-14T17:55:56-08:00","entry_id":222410,"field1":"6.1875","field2":"-1.875"},{"created_at":"2022-12-14T18:05:35-08:00","entry_id":222411,"field1":"6.8125","field2":"-1.9375"},{"created_at":"2022-12-14T18:15:13-08:00","entry_id":222412,"field1":"7.25","field2":"-2"},{"created_at":"2022-12-14T18:24:49-08:00","entry_id":222413,"field1":"7.5625","field2":"-2.0625"},{"created_at":"2022-12-14T18:34:25-08:00","entry_id":222414,"field1":"7.875","field2":"-2.1875"},{"created_at":"2022-12-14T18:44:04-08:00","entry_id":222415,"field1":"7.75","field2":"-2.1875"},{"created_at":"2022-12-14T18:53:40-08:00","entry_id":222416,"field1":"7.1875","field2":"-2.3125"},{"created_at":"2022-12-14T19:03:16-08:00","entry_id":222417,"field1":"6.8125","field2":"-2.375"},{"created_at":"2022-12-14T19:12:53-08:00","entry_id":222418,"field1":"6.5625","field2":"-2.5"},{"created_at":"2022-12-14T19:22:29-08:00","entry_id":222419,"field1":"6.3125","field2":"-2.5"},{"created_at":"2022-12-14T19:32:05-08:00","entry_id":222420,"field1":"6.125","field2":"-2.5625"},{"created_at":"2022-12-14T19:41:41-08:00","entry_id":222421,"field1":"6","field2":"-2.625"},{"created_at":"2022-12-14T19:51:18-08:00","entry_id":222422,"field1":"6.4375","field2":"-2.625"},{"created_at":"2022-12-14T20:00:56-08:00","entry_id":222423,"field1":"6.9375","field2":"-2.8125"},{"created_at":"2022-12-14T20:10:32-08:00","entry_id":222424,"field1":"7.3125","field2":"-2.9375"},{"created_at":"2022-12-14T20:20:11-08:00","entry_id":222425,"field1":"7.625","field2":"-2.9375"},{"created_at":"2022-12-14T20:29:47-08:00","entry_id":222426,"field1":"7.8125","field2":"-2.875"},{"created_at":"2022-12-14T20:39:23-08:00","entry_id":222427,"field1":"7.5625","field2":"-2.875"},{"created_at":"2022-12-14T20:48:59-08:00","entry_id":222428,"field1":"7.0625","field2":"-2.8125"},{"created_at":"2022-12-14T20:58:37-08:00","entry_id":222429,"field1":"6.6875","field2":"-2.875"},{"created_at":"2022-12-14T21:08:14-08:00","entry_id":222430,"field1":"6.4375","field2":"-2.9375"},{"created_at":"2022-12-14T21:17:49-08:00","entry_id":222431,"field1":"6.1875","field2":"-3"},{"created_at":"2022-12-14T21:27:26-08:00","entry_id":222432,"field1":"6","field2":"-3.125"},{"created_at":"2022-12-14T21:37:02-08:00","entry_id":222433,"field1":"6","field2":"-3.125"},{"created_at":"2022-12-14T21:46:39-08:00","entry_id":222434,"field1":"6.625","field2":"-3.125"},{"created_at":"2022-12-14T21:56:16-08:00","entry_id":222435,"field1":"7.0625","field2":"-3.1875"},{"created_at":"2022-12-14T22:05:53-08:00","entry_id":222436,"field1":"7.375","field2":"-2.9375"},{"created_at":"2022-12-14T22:15:32-08:00","entry_id":222437,"field1":"7.625","field2":"-3.125"},{"created_at":"2022-12-14T22:25:08-08:00","entry_id":222438,"field1":"7.8125","field2":"-3"},{"created_at":"2022-12-14T22:34:45-08:00","entry_id":222439,"field1":"7.5625","field2":"-3.125"},{"created_at":"2022-12-14T22:44:21-08:00","entry_id":222440,"field1":"7","field2":"-3.0625"},{"created_at":"2022-12-14T22:53:57-08:00","entry_id":222441,"field1":"6.625","field2":"-3.125"},{"created_at":"2022-12-14T23:03:33-08:00","entry_id":222442,"field1":"6.375","field2":"-3.3125"},{"created_at":"2022-12-14T23:13:09-08:00","entry_id":222443,"field1":"6.125","field2":"-3.625"},{"created_at":"2022-12-14T23:22:45-08:00","entry_id":222444,"field1":"5.9375","field2":"-3.5"},{"created_at":"2022-12-14T23:32:24-08:00","entry_id":222445,"field1":"6.0625","field2":"-3.6875"},{"created_at":"2022-12-14T23:42:02-08:00","entry_id":222446,"field1":"6.625","field2":"-3.5"},{"created_at":"2022-12-14T23:51:37-08:00","entry_id":222447,"field1":"7","field2":"-3.625"}]}