{"channel":{"id":581842,"name":"Upstairs Small Window Indoor / Outdoor Sensor","latitude":"0.0","longitude":"0.0","field1":"Indoor Temperature","field2":"Outdoor Temperature","created_at":"2018-09-23T15:37:52-07:00","updated_at":"2020-07-27T05:59:41-07:00","last_entry_id":150128},"feeds":[{"created_at":"2019-01-16T00:07:16-08:00","entry_id":15524,"field1":"-1.5","field2":"-3.375"},{"created_at":"2019-01-16T00:16:53-08:00","entry_id":15525,"field1":"-1.4375","field2":"-3.4375"},{"created_at":"2019-01-16T00:26:29-08:00","entry_id":15526,"field1":"-1.4375","field2":"-3.4375"},{"created_at":"2019-01-16T00:36:07-08:00","entry_id":15527,"field1":"-1.4375","field2":"-3.4375"},{"created_at":"2019-01-16T00:45:44-08:00","entry_id":15528,"field1":"-1.5","field2":"-3.5625"},{"created_at":"2019-01-16T00:55:20-08:00","entry_id":15529,"field1":"-1.5625","field2":"-3.4375"},{"created_at":"2019-01-16T01:04:56-08:00","entry_id":15530,"field1":"-1.5","field2":"-3.5"},{"created_at":"2019-01-16T01:14:34-08:00","entry_id":15531,"field1":"-1.5","field2":"-3.5"},{"created_at":"2019-01-16T01:24:10-08:00","entry_id":15532,"field1":"-1.5625","field2":"-3.4375"},{"created_at":"2019-01-16T01:33:46-08:00","entry_id":15533,"field1":"-1.5625","field2":"-3.4375"},{"created_at":"2019-01-16T01:43:22-08:00","entry_id":15534,"field1":"-1.6875","field2":"-3.375"},{"created_at":"2019-01-16T01:53:00-08:00","entry_id":15535,"field1":"-1.6875","field2":"-3.5"},{"created_at":"2019-01-16T02:02:36-08:00","entry_id":15536,"field1":"-1.9375","field2":"-3.3125"},{"created_at":"2019-01-16T02:12:12-08:00","entry_id":15537,"field1":"-1.9375","field2":"-3.25"},{"created_at":"2019-01-16T02:21:49-08:00","entry_id":15538,"field1":"-1.9375","field2":"-3.4375"},{"created_at":"2019-01-16T02:31:26-08:00","entry_id":15539,"field1":"-2","field2":"-3.25"},{"created_at":"2019-01-16T02:41:03-08:00","entry_id":15540,"field1":"-1.6875","field2":"-3.5"},{"created_at":"2019-01-16T02:50:40-08:00","entry_id":15541,"field1":"-1.625","field2":"-3.625"},{"created_at":"2019-01-16T03:00:16-08:00","entry_id":15542,"field1":"-1.5625","field2":"-3.8125"},{"created_at":"2019-01-16T03:09:53-08:00","entry_id":15543,"field1":"-1.625","field2":"-3.875"},{"created_at":"2019-01-16T03:19:29-08:00","entry_id":15544,"field1":"-1.625","field2":"-4"},{"created_at":"2019-01-16T03:29:06-08:00","entry_id":15545,"field1":"-1.5625","field2":"-3.9375"},{"created_at":"2019-01-16T03:38:44-08:00","entry_id":15546,"field1":"-1.625","field2":"-4"},{"created_at":"2019-01-16T03:48:20-08:00","entry_id":15547,"field1":"-1.625","field2":"-4.1875"},{"created_at":"2019-01-16T03:57:56-08:00","entry_id":15548,"field1":"-1.625","field2":"-4.125"},{"created_at":"2019-01-16T04:07:33-08:00","entry_id":15549,"field1":"-1.625","field2":"-4.125"},{"created_at":"2019-01-16T04:17:09-08:00","entry_id":15550,"field1":"-1.625","field2":"-4.1875"},{"created_at":"2019-01-16T04:26:46-08:00","entry_id":15551,"field1":"-1.625","field2":"-4.25"},{"created_at":"2019-01-16T04:36:22-08:00","entry_id":15552,"field1":"-1.625","field2":"-4.125"},{"created_at":"2019-01-16T04:45:59-08:00","entry_id":15553,"field1":"-1.625","field2":"-4.3125"},{"created_at":"2019-01-16T04:55:35-08:00","entry_id":15554,"field1":"-1.6875","field2":"-4.0625"},{"created_at":"2019-01-16T05:05:13-08:00","entry_id":15555,"field1":"-1.6875","field2":"-4.3125"},{"created_at":"2019-01-16T05:14:49-08:00","entry_id":15556,"field1":"-1.6875","field2":"-4.3125"},{"created_at":"2019-01-16T05:24:26-08:00","entry_id":15557,"field1":"-1.6875","field2":"-4.4375"},{"created_at":"2019-01-16T05:34:06-08:00","entry_id":15558,"field1":"-1.6875","field2":"-4.5"},{"created_at":"2019-01-16T05:43:42-08:00","entry_id":15559,"field1":"-1.6875","field2":"-4.4375"},{"created_at":"2019-01-16T05:53:18-08:00","entry_id":15560,"field1":"-1.75","field2":"-4.375"},{"created_at":"2019-01-16T06:02:55-08:00","entry_id":15561,"field1":"-1.6875","field2":"-4.5"},{"created_at":"2019-01-16T06:12:32-08:00","entry_id":15562,"field1":"-1.75","field2":"-4.3125"},{"created_at":"2019-01-16T06:22:08-08:00","entry_id":15563,"field1":"-1.75","field2":"-4.375"},{"created_at":"2019-01-16T06:31:44-08:00","entry_id":15564,"field1":"-1.75","field2":"-4.25"},{"created_at":"2019-01-16T06:41:21-08:00","entry_id":15565,"field1":"-1.75","field2":"-4.25"},{"created_at":"2019-01-16T06:50:57-08:00","entry_id":15566,"field1":"-1.8125","field2":"-4.375"},{"created_at":"2019-01-16T07:00:34-08:00","entry_id":15567,"field1":"-1.75","field2":"-4.375"},{"created_at":"2019-01-16T07:10:10-08:00","entry_id":15568,"field1":"-1.8125","field2":"-4.25"},{"created_at":"2019-01-16T07:19:47-08:00","entry_id":15569,"field1":"-1.8125","field2":"-4.375"},{"created_at":"2019-01-16T07:29:25-08:00","entry_id":15570,"field1":"-1.8125","field2":"-4.3125"},{"created_at":"2019-01-16T07:39:00-08:00","entry_id":15571,"field1":"-1.8125","field2":"-4.3125"},{"created_at":"2019-01-16T07:48:37-08:00","entry_id":15572,"field1":"-1.8125","field2":"-4.3125"},{"created_at":"2019-01-16T07:58:14-08:00","entry_id":15573,"field1":"-1.8125","field2":"-4.1875"},{"created_at":"2019-01-16T08:07:50-08:00","entry_id":15574,"field1":"-1.8125","field2":"-4.1875"},{"created_at":"2019-01-16T08:17:27-08:00","entry_id":15575,"field1":"-1.875","field2":"-4.125"},{"created_at":"2019-01-16T08:27:04-08:00","entry_id":15576,"field1":"-1.875","field2":"-4.3125"},{"created_at":"2019-01-16T08:36:40-08:00","entry_id":15577,"field1":"-1.875","field2":"-4.3125"},{"created_at":"2019-01-16T08:46:14-08:00","entry_id":15578,"field1":"-1.875","field2":"-4.375"},{"created_at":"2019-01-16T08:55:51-08:00","entry_id":15579,"field1":"-1.875","field2":"-4.1875"},{"created_at":"2019-01-16T09:05:27-08:00","entry_id":15580,"field1":"-1.875","field2":"-4.3125"},{"created_at":"2019-01-16T09:15:04-08:00","entry_id":15581,"field1":"-1.875","field2":"-4.1875"},{"created_at":"2019-01-16T09:24:40-08:00","entry_id":15582,"field1":"-1.875","field2":"-4.125"},{"created_at":"2019-01-16T09:34:18-08:00","entry_id":15583,"field1":"-1.875","field2":"-3.8125"},{"created_at":"2019-01-16T09:43:54-08:00","entry_id":15584,"field1":"-1.875","field2":"-3.75"},{"created_at":"2019-01-16T09:53:31-08:00","entry_id":15585,"field1":"-1.875","field2":"-3.8125"},{"created_at":"2019-01-16T10:03:12-08:00","entry_id":15586,"field1":"-1.875","field2":"-3.625"},{"created_at":"2019-01-16T10:12:47-08:00","entry_id":15587,"field1":"-1.875","field2":"-3.5"},{"created_at":"2019-01-16T10:22:23-08:00","entry_id":15588,"field1":"-1.875","field2":"-3.4375"},{"created_at":"2019-01-16T10:32:00-08:00","entry_id":15589,"field1":"-1.875","field2":"-3.4375"},{"created_at":"2019-01-16T10:41:37-08:00","entry_id":15590,"field1":"-1.875","field2":"-3.4375"},{"created_at":"2019-01-16T10:51:13-08:00","entry_id":15591,"field1":"-1.875","field2":"-3.3125"},{"created_at":"2019-01-16T11:00:51-08:00","entry_id":15592,"field1":"-1.875","field2":"-3.1875"},{"created_at":"2019-01-16T11:10:28-08:00","entry_id":15593,"field1":"-1.875","field2":"-3.25"},{"created_at":"2019-01-16T11:20:05-08:00","entry_id":15594,"field1":"-1.875","field2":"-3.125"},{"created_at":"2019-01-16T11:29:45-08:00","entry_id":15595,"field1":"-1.875","field2":"-3"},{"created_at":"2019-01-16T11:39:21-08:00","entry_id":15596,"field1":"-1.875","field2":"-3"},{"created_at":"2019-01-16T11:48:57-08:00","entry_id":15597,"field1":"-1.9375","field2":"-2.9375"},{"created_at":"2019-01-16T11:58:33-08:00","entry_id":15598,"field1":"-1.9375","field2":"-2.75"},{"created_at":"2019-01-16T12:08:10-08:00","entry_id":15599,"field1":"-1.875","field2":"-2.6875"},{"created_at":"2019-01-16T12:17:47-08:00","entry_id":15600,"field1":"-1.875","field2":"-2.5"},{"created_at":"2019-01-16T12:27:23-08:00","entry_id":15601,"field1":"-1.875","field2":"-2.5625"},{"created_at":"2019-01-16T12:37:00-08:00","entry_id":15602,"field1":"-1.875","field2":"-2.625"},{"created_at":"2019-01-16T12:46:36-08:00","entry_id":15603,"field1":"-1.8125","field2":"-2.625"},{"created_at":"2019-01-16T12:56:14-08:00","entry_id":15604,"field1":"-1.875","field2":"-2.4375"},{"created_at":"2019-01-16T13:05:50-08:00","entry_id":15605,"field1":"-1.8125","field2":"-2.5"},{"created_at":"2019-01-16T13:15:27-08:00","entry_id":15606,"field1":"-1.8125","field2":"-2.3125"},{"created_at":"2019-01-16T13:25:04-08:00","entry_id":15607,"field1":"-1.8125","field2":"-2.4375"},{"created_at":"2019-01-16T13:34:40-08:00","entry_id":15608,"field1":"-1.8125","field2":"-2.5625"},{"created_at":"2019-01-16T13:44:17-08:00","entry_id":15609,"field1":"-1.8125","field2":"-2.5"},{"created_at":"2019-01-16T13:53:54-08:00","entry_id":15610,"field1":"-1.8125","field2":"-2.4375"},{"created_at":"2019-01-16T14:03:30-08:00","entry_id":15611,"field1":"-1.8125","field2":"-2.375"},{"created_at":"2019-01-16T14:13:07-08:00","entry_id":15612,"field1":"-1.8125","field2":"-2.25"},{"created_at":"2019-01-16T14:22:44-08:00","entry_id":15613,"field1":"-1.8125","field2":"-2.1875"},{"created_at":"2019-01-16T14:32:21-08:00","entry_id":15614,"field1":"-1.8125","field2":"-2.125"},{"created_at":"2019-01-16T14:41:57-08:00","entry_id":15615,"field1":"-1.8125","field2":"-2.1875"},{"created_at":"2019-01-16T14:51:34-08:00","entry_id":15616,"field1":"-1.8125","field2":"-2.125"},{"created_at":"2019-01-16T15:01:11-08:00","entry_id":15617,"field1":"-1.8125","field2":"-1.9375"},{"created_at":"2019-01-16T15:10:47-08:00","entry_id":15618,"field1":"-1.8125","field2":"-1.9375"},{"created_at":"2019-01-16T15:20:25-08:00","entry_id":15619,"field1":"-1.8125","field2":"-2"},{"created_at":"2019-01-16T15:30:01-08:00","entry_id":15620,"field1":"-1.8125","field2":"-2"},{"created_at":"2019-01-16T15:39:38-08:00","entry_id":15621,"field1":"-1.75","field2":"-2"},{"created_at":"2019-01-16T15:49:14-08:00","entry_id":15622,"field1":"-1.75","field2":"-2"},{"created_at":"2019-01-16T15:58:51-08:00","entry_id":15623,"field1":"-1.75","field2":"-2.0625"},{"created_at":"2019-01-16T16:08:27-08:00","entry_id":15624,"field1":"-1.8125","field2":"-2.0625"},{"created_at":"2019-01-16T16:18:05-08:00","entry_id":15625,"field1":"-1.75","field2":"-2.125"},{"created_at":"2019-01-16T16:27:41-08:00","entry_id":15626,"field1":"-1.75","field2":"-2.1875"},{"created_at":"2019-01-16T16:37:22-08:00","entry_id":15627,"field1":"-1.75","field2":"-2.1875"},{"created_at":"2019-01-16T16:46:57-08:00","entry_id":15628,"field1":"-1.75","field2":"-2.25"},{"created_at":"2019-01-16T16:56:33-08:00","entry_id":15629,"field1":"-1.75","field2":"-2.25"},{"created_at":"2019-01-16T17:06:10-08:00","entry_id":15630,"field1":"-1.75","field2":"-2.375"},{"created_at":"2019-01-16T17:15:47-08:00","entry_id":15631,"field1":"-1.75","field2":"-2.4375"},{"created_at":"2019-01-16T17:25:23-08:00","entry_id":15632,"field1":"-1.75","field2":"-2.4375"},{"created_at":"2019-01-16T17:35:00-08:00","entry_id":15633,"field1":"-1.75","field2":"-2.4375"},{"created_at":"2019-01-16T17:44:37-08:00","entry_id":15634,"field1":"-1.75","field2":"-2.4375"},{"created_at":"2019-01-16T17:54:13-08:00","entry_id":15635,"field1":"-1.75","field2":"-2.5625"},{"created_at":"2019-01-16T18:03:50-08:00","entry_id":15636,"field1":"-1.8125","field2":"-2.5"},{"created_at":"2019-01-16T18:13:26-08:00","entry_id":15637,"field1":"-1.8125","field2":"-2.5625"},{"created_at":"2019-01-16T18:23:03-08:00","entry_id":15638,"field1":"-1.8125","field2":"-2.5"},{"created_at":"2019-01-16T18:32:40-08:00","entry_id":15639,"field1":"-1.8125","field2":"-2.5"},{"created_at":"2019-01-16T18:42:16-08:00","entry_id":15640,"field1":"-1.8125","field2":"-2.5625"},{"created_at":"2019-01-16T18:51:53-08:00","entry_id":15641,"field1":"-1.8125","field2":"-2.625"},{"created_at":"2019-01-16T19:01:29-08:00","entry_id":15642,"field1":"-1.8125","field2":"-2.75"},{"created_at":"2019-01-16T19:11:06-08:00","entry_id":15643,"field1":"-1.8125","field2":"-2.9375"},{"created_at":"2019-01-16T19:20:44-08:00","entry_id":15644,"field1":"-1.8125","field2":"-3"},{"created_at":"2019-01-16T19:30:20-08:00","entry_id":15645,"field1":"-1.8125","field2":"-3.125"},{"created_at":"2019-01-16T19:39:57-08:00","entry_id":15646,"field1":"-1.8125","field2":"-3.125"},{"created_at":"2019-01-16T19:49:33-08:00","entry_id":15647,"field1":"-1.875","field2":"-3.25"},{"created_at":"2019-01-16T19:59:09-08:00","entry_id":15648,"field1":"-1.875","field2":"-3.1875"},{"created_at":"2019-01-16T20:08:47-08:00","entry_id":15649,"field1":"-1.875","field2":"-3.25"},{"created_at":"2019-01-16T20:18:23-08:00","entry_id":15650,"field1":"-1.875","field2":"-3.25"},{"created_at":"2019-01-16T20:28:00-08:00","entry_id":15651,"field1":"-1.875","field2":"-3.125"},{"created_at":"2019-01-16T20:37:37-08:00","entry_id":15652,"field1":"-1.875","field2":"-3"},{"created_at":"2019-01-16T20:47:14-08:00","entry_id":15653,"field1":"-1.875","field2":"-2.9375"},{"created_at":"2019-01-16T20:56:51-08:00","entry_id":15654,"field1":"-1.875","field2":"-3"},{"created_at":"2019-01-16T21:06:31-08:00","entry_id":15655,"field1":"-1.875","field2":"-3"},{"created_at":"2019-01-16T21:16:06-08:00","entry_id":15656,"field1":"-1.875","field2":"-3.125"},{"created_at":"2019-01-16T21:25:43-08:00","entry_id":15657,"field1":"-1.875","field2":"-3"},{"created_at":"2019-01-16T21:35:19-08:00","entry_id":15658,"field1":"-1.875","field2":"-3"},{"created_at":"2019-01-16T21:44:56-08:00","entry_id":15659,"field1":"-1.875","field2":"-3"},{"created_at":"2019-01-16T21:54:33-08:00","entry_id":15660,"field1":"-1.875","field2":"-2.9375"},{"created_at":"2019-01-16T22:04:09-08:00","entry_id":15661,"field1":"-1.875","field2":"-2.875"},{"created_at":"2019-01-16T22:13:49-08:00","entry_id":15662,"field1":"-1.875","field2":"-2.8125"},{"created_at":"2019-01-16T22:23:24-08:00","entry_id":15663,"field1":"-1.9375","field2":"-2.8125"},{"created_at":"2019-01-16T22:33:05-08:00","entry_id":15664,"field1":"-1.875","field2":"-2.8125"},{"created_at":"2019-01-16T22:42:40-08:00","entry_id":15665,"field1":"-1.875","field2":"-2.75"},{"created_at":"2019-01-16T22:52:17-08:00","entry_id":15666,"field1":"-1.875","field2":"-2.75"},{"created_at":"2019-01-16T23:01:53-08:00","entry_id":15667,"field1":"-1.875","field2":"-2.875"},{"created_at":"2019-01-16T23:11:31-08:00","entry_id":15668,"field1":"-1.875","field2":"-2.75"},{"created_at":"2019-01-16T23:21:07-08:00","entry_id":15669,"field1":"-1.875","field2":"-2.75"},{"created_at":"2019-01-16T23:30:44-08:00","entry_id":15670,"field1":"-1.875","field2":"-2.6875"},{"created_at":"2019-01-16T23:40:21-08:00","entry_id":15671,"field1":"-1.875","field2":"-2.625"},{"created_at":"2019-01-16T23:49:57-08:00","entry_id":15672,"field1":"-1.875","field2":"-2.5625"},{"created_at":"2019-01-16T23:59:33-08:00","entry_id":15673,"field1":"-1.9375","field2":"-2.625"}]}