{"channel":{"id":581842,"name":"Upstairs Small Window Indoor / Outdoor Sensor","latitude":"0.0","longitude":"0.0","field1":"Indoor Temperature","field2":"Outdoor Temperature","created_at":"2018-09-23T15:37:52-07:00","updated_at":"2020-07-27T05:59:41-07:00","last_entry_id":150130},"feeds":[{"created_at":"2021-07-06T00:08:25-07:00","entry_id":145985,"field1":"","field2":""},{"created_at":"2021-07-06T00:18:04-07:00","entry_id":145986,"field1":"","field2":""},{"created_at":"2021-07-06T00:27:39-07:00","entry_id":145987,"field1":"","field2":""},{"created_at":"2021-07-06T00:37:16-07:00","entry_id":145988,"field1":"","field2":""},{"created_at":"2021-07-06T00:46:56-07:00","entry_id":145989,"field1":"","field2":""},{"created_at":"2021-07-06T00:56:33-07:00","entry_id":145990,"field1":"","field2":""},{"created_at":"2021-07-06T01:06:11-07:00","entry_id":145991,"field1":"","field2":""},{"created_at":"2021-07-06T01:15:49-07:00","entry_id":145992,"field1":"","field2":""},{"created_at":"2021-07-06T01:25:27-07:00","entry_id":145993,"field1":"","field2":""},{"created_at":"2021-07-06T01:35:05-07:00","entry_id":145994,"field1":"","field2":""},{"created_at":"2021-07-06T01:44:42-07:00","entry_id":145995,"field1":"","field2":""},{"created_at":"2021-07-06T01:54:20-07:00","entry_id":145996,"field1":"","field2":""},{"created_at":"2021-07-06T02:03:57-07:00","entry_id":145997,"field1":"","field2":""},{"created_at":"2021-07-06T02:13:35-07:00","entry_id":145998,"field1":"","field2":""},{"created_at":"2021-07-06T02:23:13-07:00","entry_id":145999,"field1":"","field2":""},{"created_at":"2021-07-06T02:32:49-07:00","entry_id":146000,"field1":"","field2":""},{"created_at":"2021-07-06T02:42:26-07:00","entry_id":146001,"field1":"","field2":""},{"created_at":"2021-07-06T02:52:04-07:00","entry_id":146002,"field1":"","field2":""},{"created_at":"2021-07-06T03:01:42-07:00","entry_id":146003,"field1":"","field2":""},{"created_at":"2021-07-06T03:11:20-07:00","entry_id":146004,"field1":"","field2":""},{"created_at":"2021-07-06T03:20:58-07:00","entry_id":146005,"field1":"","field2":""},{"created_at":"2021-07-06T03:30:34-07:00","entry_id":146006,"field1":"","field2":""},{"created_at":"2021-07-06T03:40:13-07:00","entry_id":146007,"field1":"","field2":""},{"created_at":"2021-07-06T03:49:50-07:00","entry_id":146008,"field1":"","field2":""},{"created_at":"2021-07-06T03:59:28-07:00","entry_id":146009,"field1":"","field2":""},{"created_at":"2021-07-06T04:09:05-07:00","entry_id":146010,"field1":"","field2":""},{"created_at":"2021-07-06T04:18:43-07:00","entry_id":146011,"field1":"","field2":""},{"created_at":"2021-07-06T04:28:21-07:00","entry_id":146012,"field1":"","field2":""},{"created_at":"2021-07-06T04:37:59-07:00","entry_id":146013,"field1":"","field2":""},{"created_at":"2021-07-06T04:47:37-07:00","entry_id":146014,"field1":"","field2":""},{"created_at":"2021-07-06T04:57:15-07:00","entry_id":146015,"field1":"","field2":""},{"created_at":"2021-07-06T05:06:52-07:00","entry_id":146016,"field1":"","field2":""},{"created_at":"2021-07-06T05:16:29-07:00","entry_id":146017,"field1":"","field2":""},{"created_at":"2021-07-06T05:26:08-07:00","entry_id":146018,"field1":"","field2":""},{"created_at":"2021-07-06T05:35:45-07:00","entry_id":146019,"field1":"","field2":""},{"created_at":"2021-07-06T05:45:23-07:00","entry_id":146020,"field1":"","field2":""},{"created_at":"2021-07-06T05:55:01-07:00","entry_id":146021,"field1":"","field2":""},{"created_at":"2021-07-06T06:04:38-07:00","entry_id":146022,"field1":"","field2":""},{"created_at":"2021-07-06T06:14:16-07:00","entry_id":146023,"field1":"","field2":""},{"created_at":"2021-07-06T06:23:54-07:00","entry_id":146024,"field1":"","field2":""},{"created_at":"2021-07-06T06:33:32-07:00","entry_id":146025,"field1":"","field2":""},{"created_at":"2021-07-06T06:43:10-07:00","entry_id":146026,"field1":"","field2":""},{"created_at":"2021-07-06T06:52:47-07:00","entry_id":146027,"field1":"","field2":""},{"created_at":"2021-07-06T07:02:24-07:00","entry_id":146028,"field1":"","field2":""},{"created_at":"2021-07-06T07:12:02-07:00","entry_id":146029,"field1":"","field2":""},{"created_at":"2021-07-06T07:21:40-07:00","entry_id":146030,"field1":"","field2":""},{"created_at":"2021-07-06T07:31:18-07:00","entry_id":146031,"field1":"","field2":""},{"created_at":"2021-07-06T07:40:56-07:00","entry_id":146032,"field1":"","field2":""},{"created_at":"2021-07-06T07:50:34-07:00","entry_id":146033,"field1":"","field2":""},{"created_at":"2021-07-06T08:00:12-07:00","entry_id":146034,"field1":"","field2":""},{"created_at":"2021-07-06T08:09:49-07:00","entry_id":146035,"field1":"","field2":""},{"created_at":"2021-07-06T08:19:27-07:00","entry_id":146036,"field1":"","field2":""},{"created_at":"2021-07-06T08:29:04-07:00","entry_id":146037,"field1":"","field2":""},{"created_at":"2021-07-06T08:38:42-07:00","entry_id":146038,"field1":"","field2":""},{"created_at":"2021-07-06T08:48:20-07:00","entry_id":146039,"field1":"","field2":""},{"created_at":"2021-07-06T08:57:58-07:00","entry_id":146040,"field1":"","field2":""},{"created_at":"2021-07-06T09:07:35-07:00","entry_id":146041,"field1":"","field2":""},{"created_at":"2021-07-06T09:17:12-07:00","entry_id":146042,"field1":"","field2":""},{"created_at":"2021-07-06T09:26:50-07:00","entry_id":146043,"field1":"","field2":""},{"created_at":"2021-07-06T09:36:28-07:00","entry_id":146044,"field1":"","field2":""},{"created_at":"2021-07-06T09:46:06-07:00","entry_id":146045,"field1":"","field2":""},{"created_at":"2021-07-06T09:55:44-07:00","entry_id":146046,"field1":"","field2":""},{"created_at":"2021-07-06T10:02:57-07:00","entry_id":146047,"field1":"25.625","field2":"35.5"},{"created_at":"2021-07-06T10:12:28-07:00","entry_id":146048,"field1":"25.8125","field2":"21.3125"},{"created_at":"2021-07-06T10:22:06-07:00","entry_id":146049,"field1":"26.1875","field2":"22.0625"},{"created_at":"2021-07-06T10:31:42-07:00","entry_id":146050,"field1":"26.1875","field2":"21.6875"},{"created_at":"2021-07-06T10:41:22-07:00","entry_id":146051,"field1":"26.3125","field2":"21.6875"},{"created_at":"2021-07-06T10:51:00-07:00","entry_id":146052,"field1":"26.25","field2":"22"},{"created_at":"2021-07-06T11:00:36-07:00","entry_id":146053,"field1":"26.125","field2":"22.4375"},{"created_at":"2021-07-06T11:10:15-07:00","entry_id":146054,"field1":"26.375","field2":"24.125"},{"created_at":"2021-07-06T11:19:55-07:00","entry_id":146055,"field1":"26.6875","field2":"24.875"},{"created_at":"2021-07-06T11:29:34-07:00","entry_id":146056,"field1":"26.8125","field2":"24.3125"},{"created_at":"2021-07-06T11:39:12-07:00","entry_id":146057,"field1":"26.625","field2":"23.5625"},{"created_at":"2021-07-06T11:48:49-07:00","entry_id":146058,"field1":"26.375","field2":"23.375"},{"created_at":"2021-07-06T11:58:27-07:00","entry_id":146059,"field1":"26.1875","field2":"24"},{"created_at":"2021-07-06T12:08:05-07:00","entry_id":146060,"field1":"26.3125","field2":"24.4375"},{"created_at":"2021-07-06T12:17:42-07:00","entry_id":146061,"field1":"26.4375","field2":"23.3125"},{"created_at":"2021-07-06T12:27:22-07:00","entry_id":146062,"field1":"26.5625","field2":"23.4375"},{"created_at":"2021-07-06T12:37:00-07:00","entry_id":146063,"field1":"26.625","field2":"23.75"},{"created_at":"2021-07-06T12:46:39-07:00","entry_id":146064,"field1":"26.625","field2":"24.4375"},{"created_at":"2021-07-06T12:56:17-07:00","entry_id":146065,"field1":"26.6875","field2":"25.125"},{"created_at":"2021-07-06T13:05:55-07:00","entry_id":146066,"field1":"26.8125","field2":"25"},{"created_at":"2021-07-06T13:15:33-07:00","entry_id":146067,"field1":"26.9375","field2":"25.5"},{"created_at":"2021-07-06T13:25:12-07:00","entry_id":146068,"field1":"27","field2":"25.125"},{"created_at":"2021-07-06T13:34:50-07:00","entry_id":146069,"field1":"27.125","field2":"25.875"},{"created_at":"2021-07-06T13:44:28-07:00","entry_id":146070,"field1":"27.1875","field2":"26.0625"},{"created_at":"2021-07-06T13:54:07-07:00","entry_id":146071,"field1":"27.25","field2":"25.5"},{"created_at":"2021-07-06T14:03:46-07:00","entry_id":146072,"field1":"27.3125","field2":"25.9375"},{"created_at":"2021-07-06T14:13:24-07:00","entry_id":146073,"field1":"27.3125","field2":"25.6875"},{"created_at":"2021-07-06T14:23:02-07:00","entry_id":146074,"field1":"27.25","field2":"25.875"},{"created_at":"2021-07-06T14:32:41-07:00","entry_id":146075,"field1":"27.25","field2":"25.8125"},{"created_at":"2021-07-06T14:42:18-07:00","entry_id":146076,"field1":"27.5","field2":"26.3125"},{"created_at":"2021-07-06T14:51:57-07:00","entry_id":146077,"field1":"27.625","field2":"27.9375"},{"created_at":"2021-07-06T15:01:35-07:00","entry_id":146078,"field1":"27.75","field2":"27.625"},{"created_at":"2021-07-06T15:11:14-07:00","entry_id":146079,"field1":"27.8125","field2":"28.0625"},{"created_at":"2021-07-06T15:20:52-07:00","entry_id":146080,"field1":"27.875","field2":"29.5625"},{"created_at":"2021-07-06T15:30:31-07:00","entry_id":146081,"field1":"27.9375","field2":"29.625"},{"created_at":"2021-07-06T15:40:09-07:00","entry_id":146082,"field1":"27.9375","field2":"28.3125"},{"created_at":"2021-07-06T15:49:47-07:00","entry_id":146083,"field1":"27.9375","field2":"28.5625"},{"created_at":"2021-07-06T15:59:25-07:00","entry_id":146084,"field1":"27.9375","field2":"29.6875"},{"created_at":"2021-07-06T16:09:03-07:00","entry_id":146085,"field1":"27.9375","field2":"30.125"},{"created_at":"2021-07-06T16:18:41-07:00","entry_id":146086,"field1":"27.9375","field2":"30.125"},{"created_at":"2021-07-06T16:28:20-07:00","entry_id":146087,"field1":"27.9375","field2":"30"},{"created_at":"2021-07-06T16:37:58-07:00","entry_id":146088,"field1":"27.9375","field2":"29.75"},{"created_at":"2021-07-06T16:47:36-07:00","entry_id":146089,"field1":"27.9375","field2":"29.125"},{"created_at":"2021-07-06T16:57:14-07:00","entry_id":146090,"field1":"27.9375","field2":"29.5"},{"created_at":"2021-07-06T17:06:52-07:00","entry_id":146091,"field1":"27.9375","field2":"28.875"},{"created_at":"2021-07-06T17:16:29-07:00","entry_id":146092,"field1":"27.9375","field2":"29.125"},{"created_at":"2021-07-06T17:26:08-07:00","entry_id":146093,"field1":"27.9375","field2":"28.875"},{"created_at":"2021-07-06T17:35:45-07:00","entry_id":146094,"field1":"27.9375","field2":"28.75"},{"created_at":"2021-07-06T17:45:24-07:00","entry_id":146095,"field1":"27.875","field2":"28.5625"},{"created_at":"2021-07-06T17:55:00-07:00","entry_id":146096,"field1":"27.875","field2":"28.375"},{"created_at":"2021-07-06T18:04:38-07:00","entry_id":146097,"field1":"27.875","field2":"28.1875"},{"created_at":"2021-07-06T18:14:15-07:00","entry_id":146098,"field1":"27.9375","field2":"28"},{"created_at":"2021-07-06T18:23:53-07:00","entry_id":146099,"field1":"27.875","field2":"27.875"},{"created_at":"2021-07-06T18:33:31-07:00","entry_id":146100,"field1":"27.875","field2":"27.75"},{"created_at":"2021-07-06T18:43:10-07:00","entry_id":146101,"field1":"27.8125","field2":"27.625"},{"created_at":"2021-07-06T18:52:48-07:00","entry_id":146102,"field1":"27.75","field2":"27.5"},{"created_at":"2021-07-06T19:02:26-07:00","entry_id":146103,"field1":"27.625","field2":"27.3125"},{"created_at":"2021-07-06T19:12:04-07:00","entry_id":146104,"field1":"27.5625","field2":"27.1875"},{"created_at":"2021-07-06T19:21:42-07:00","entry_id":146105,"field1":"27.5625","field2":"26.6875"},{"created_at":"2021-07-06T19:31:20-07:00","entry_id":146106,"field1":"27.5625","field2":"26.875"},{"created_at":"2021-07-06T19:40:57-07:00","entry_id":146107,"field1":"27.5625","field2":"26.875"},{"created_at":"2021-07-06T19:50:36-07:00","entry_id":146108,"field1":"27.5625","field2":"26.8125"},{"created_at":"2021-07-06T20:00:14-07:00","entry_id":146109,"field1":"27.5","field2":"26.75"},{"created_at":"2021-07-06T20:09:52-07:00","entry_id":146110,"field1":"27.5","field2":"26.5625"},{"created_at":"2021-07-06T20:19:29-07:00","entry_id":146111,"field1":"27.5","field2":"26.375"},{"created_at":"2021-07-06T20:29:08-07:00","entry_id":146112,"field1":"27.4375","field2":"25.9375"},{"created_at":"2021-07-06T20:38:46-07:00","entry_id":146113,"field1":"27.4375","field2":"25.5"},{"created_at":"2021-07-06T20:48:22-07:00","entry_id":146114,"field1":"27.375","field2":"25.625"},{"created_at":"2021-07-06T20:58:00-07:00","entry_id":146115,"field1":"27.375","field2":"25.5625"},{"created_at":"2021-07-06T21:07:39-07:00","entry_id":146116,"field1":"27.3125","field2":"25.375"},{"created_at":"2021-07-06T21:17:17-07:00","entry_id":146117,"field1":"27.25","field2":"25.3125"},{"created_at":"2021-07-06T21:26:54-07:00","entry_id":146118,"field1":"27.1875","field2":"25.1875"},{"created_at":"2021-07-06T21:36:31-07:00","entry_id":146119,"field1":"27.1875","field2":"25.0625"},{"created_at":"2021-07-06T21:46:10-07:00","entry_id":146120,"field1":"27.1875","field2":"24.875"},{"created_at":"2021-07-06T21:55:48-07:00","entry_id":146121,"field1":"27.125","field2":"24.625"},{"created_at":"2021-07-06T22:05:26-07:00","entry_id":146122,"field1":"27.125","field2":"24.125"},{"created_at":"2021-07-06T22:15:04-07:00","entry_id":146123,"field1":"27.0625","field2":"24"},{"created_at":"2021-07-06T22:24:43-07:00","entry_id":146124,"field1":"27","field2":"23.875"},{"created_at":"2021-07-06T22:34:19-07:00","entry_id":146125,"field1":"26.9375","field2":"23.8125"},{"created_at":"2021-07-06T22:43:58-07:00","entry_id":146126,"field1":"26.9375","field2":"23.75"},{"created_at":"2021-07-06T22:53:36-07:00","entry_id":146127,"field1":"26.875","field2":"23.75"},{"created_at":"2021-07-06T23:03:14-07:00","entry_id":146128,"field1":"26.875","field2":"23.8125"},{"created_at":"2021-07-06T23:12:52-07:00","entry_id":146129,"field1":"26.8125","field2":"23.3125"},{"created_at":"2021-07-06T23:22:29-07:00","entry_id":146130,"field1":"26.75","field2":"22.9375"},{"created_at":"2021-07-06T23:32:08-07:00","entry_id":146131,"field1":"26.75","field2":"23.125"},{"created_at":"2021-07-06T23:41:46-07:00","entry_id":146132,"field1":"26.6875","field2":"22.875"},{"created_at":"2021-07-06T23:51:24-07:00","entry_id":146133,"field1":"26.625","field2":"22.5625"}]}