{"channel":{"id":581842,"name":"Upstairs Small Window Indoor / Outdoor Sensor","latitude":"0.0","longitude":"0.0","field1":"Indoor Temperature","field2":"Outdoor Temperature","created_at":"2018-09-23T15:37:52-07:00","updated_at":"2020-07-27T05:59:41-07:00","last_entry_id":382711},"feeds":[{"created_at":"2025-11-27T00:04:49-08:00","entry_id":382437,"field1":"2.9375","field2":"0.9375"},{"created_at":"2025-11-27T00:14:26-08:00","entry_id":382438,"field1":"2.875","field2":"1"},{"created_at":"2025-11-27T00:24:01-08:00","entry_id":382439,"field1":"2.875","field2":"1"},{"created_at":"2025-11-27T00:33:38-08:00","entry_id":382440,"field1":"2.875","field2":"1"},{"created_at":"2025-11-27T00:43:16-08:00","entry_id":382441,"field1":"2.875","field2":"0.9375"},{"created_at":"2025-11-27T00:52:53-08:00","entry_id":382442,"field1":"2.875","field2":"0.9375"},{"created_at":"2025-11-27T01:02:31-08:00","entry_id":382443,"field1":"2.875","field2":"1"},{"created_at":"2025-11-27T01:12:06-08:00","entry_id":382444,"field1":"2.875","field2":"1.0625"},{"created_at":"2025-11-27T01:21:44-08:00","entry_id":382445,"field1":"2.875","field2":"1.1875"},{"created_at":"2025-11-27T01:31:20-08:00","entry_id":382446,"field1":"2.8125","field2":"1.1875"},{"created_at":"2025-11-27T01:40:58-08:00","entry_id":382447,"field1":"2.8125","field2":"1.1875"},{"created_at":"2025-11-27T01:50:33-08:00","entry_id":382448,"field1":"2.8125","field2":"1.1875"},{"created_at":"2025-11-27T02:00:09-08:00","entry_id":382449,"field1":"2.8125","field2":"1.1875"},{"created_at":"2025-11-27T02:09:45-08:00","entry_id":382450,"field1":"2.8125","field2":"1.1875"},{"created_at":"2025-11-27T02:19:21-08:00","entry_id":382451,"field1":"2.8125","field2":"1.0625"},{"created_at":"2025-11-27T02:28:58-08:00","entry_id":382452,"field1":"2.8125","field2":"1"},{"created_at":"2025-11-27T02:38:35-08:00","entry_id":382453,"field1":"2.75","field2":"1"},{"created_at":"2025-11-27T02:48:12-08:00","entry_id":382454,"field1":"2.75","field2":"0.9375"},{"created_at":"2025-11-27T02:57:49-08:00","entry_id":382455,"field1":"2.75","field2":"0.875"},{"created_at":"2025-11-27T03:07:26-08:00","entry_id":382456,"field1":"2.75","field2":"0.75"},{"created_at":"2025-11-27T03:26:51-08:00","entry_id":382457,"field1":"2.75","field2":"0.8125"},{"created_at":"2025-11-27T03:36:28-08:00","entry_id":382458,"field1":"2.75","field2":"0.875"},{"created_at":"2025-11-27T03:46:05-08:00","entry_id":382459,"field1":"2.6875","field2":"0.875"},{"created_at":"2025-11-27T03:55:41-08:00","entry_id":382460,"field1":"2.75","field2":"1"},{"created_at":"2025-11-27T04:05:20-08:00","entry_id":382461,"field1":"2.6875","field2":"1.0625"},{"created_at":"2025-11-27T04:14:55-08:00","entry_id":382462,"field1":"2.6875","field2":"1.125"},{"created_at":"2025-11-27T04:24:33-08:00","entry_id":382463,"field1":"2.6875","field2":"1.0625"},{"created_at":"2025-11-27T04:44:08-08:00","entry_id":382464,"field1":"2.6875","field2":"0.875"},{"created_at":"2025-11-27T04:53:43-08:00","entry_id":382465,"field1":"2.6875","field2":"0.8125"},{"created_at":"2025-11-27T05:03:19-08:00","entry_id":382466,"field1":"2.6875","field2":"0.8125"},{"created_at":"2025-11-27T05:12:56-08:00","entry_id":382467,"field1":"2.625","field2":"0.75"},{"created_at":"2025-11-27T05:22:34-08:00","entry_id":382468,"field1":"2.625","field2":"1"},{"created_at":"2025-11-27T05:32:09-08:00","entry_id":382469,"field1":"2.625","field2":"1.0625"},{"created_at":"2025-11-27T05:41:47-08:00","entry_id":382470,"field1":"2.625","field2":"0.875"},{"created_at":"2025-11-27T05:51:25-08:00","entry_id":382471,"field1":"2.625","field2":"0.75"},{"created_at":"2025-11-27T06:01:02-08:00","entry_id":382472,"field1":"2.625","field2":"0.9375"},{"created_at":"2025-11-27T06:10:37-08:00","entry_id":382473,"field1":"2.625","field2":"0.9375"},{"created_at":"2025-11-27T06:20:14-08:00","entry_id":382474,"field1":"2.625","field2":"0.9375"},{"created_at":"2025-11-27T06:29:52-08:00","entry_id":382475,"field1":"2.625","field2":"0.875"},{"created_at":"2025-11-27T06:39:30-08:00","entry_id":382476,"field1":"2.625","field2":"0.9375"},{"created_at":"2025-11-27T06:49:05-08:00","entry_id":382477,"field1":"2.5625","field2":"0.875"},{"created_at":"2025-11-27T06:58:42-08:00","entry_id":382478,"field1":"2.5625","field2":"0.9375"},{"created_at":"2025-11-27T07:08:20-08:00","entry_id":382479,"field1":"2.5625","field2":"1"},{"created_at":"2025-11-27T07:17:57-08:00","entry_id":382480,"field1":"2.5625","field2":"0.9375"},{"created_at":"2025-11-27T07:27:34-08:00","entry_id":382481,"field1":"2.5625","field2":"1.0625"},{"created_at":"2025-11-27T07:37:10-08:00","entry_id":382482,"field1":"2.5625","field2":"1.125"},{"created_at":"2025-11-27T07:46:46-08:00","entry_id":382483,"field1":"2.5625","field2":"1.1875"},{"created_at":"2025-11-27T07:56:22-08:00","entry_id":382484,"field1":"2.5625","field2":"1.1875"},{"created_at":"2025-11-27T08:06:00-08:00","entry_id":382485,"field1":"2.5","field2":"1.1875"},{"created_at":"2025-11-27T08:15:36-08:00","entry_id":382486,"field1":"2.5","field2":"1.3125"},{"created_at":"2025-11-27T08:25:12-08:00","entry_id":382487,"field1":"2.5","field2":"1.375"},{"created_at":"2025-11-27T08:34:50-08:00","entry_id":382488,"field1":"2.5","field2":"1.4375"},{"created_at":"2025-11-27T08:44:26-08:00","entry_id":382489,"field1":"2.5","field2":"1.5625"},{"created_at":"2025-11-27T08:54:04-08:00","entry_id":382490,"field1":"2.5","field2":"1.6875"},{"created_at":"2025-11-27T09:03:41-08:00","entry_id":382491,"field1":"2.5","field2":"1.75"},{"created_at":"2025-11-27T09:13:17-08:00","entry_id":382492,"field1":"2.5","field2":"1.8125"},{"created_at":"2025-11-27T09:22:53-08:00","entry_id":382493,"field1":"2.5","field2":"1.9375"},{"created_at":"2025-11-27T09:32:31-08:00","entry_id":382494,"field1":"2.5","field2":"2.125"},{"created_at":"2025-11-27T09:42:09-08:00","entry_id":382495,"field1":"2.5","field2":"2.375"},{"created_at":"2025-11-27T09:51:44-08:00","entry_id":382496,"field1":"2.5","field2":"2.3125"},{"created_at":"2025-11-27T10:01:21-08:00","entry_id":382497,"field1":"2.5625","field2":"2.375"},{"created_at":"2025-11-27T10:10:58-08:00","entry_id":382498,"field1":"2.5625","field2":"2.25"},{"created_at":"2025-11-27T10:20:34-08:00","entry_id":382499,"field1":"2.5625","field2":"2.25"},{"created_at":"2025-11-27T10:30:12-08:00","entry_id":382500,"field1":"2.5625","field2":"2.375"},{"created_at":"2025-11-27T10:39:49-08:00","entry_id":382501,"field1":"2.5625","field2":"2.4375"},{"created_at":"2025-11-27T10:49:25-08:00","entry_id":382502,"field1":"2.5625","field2":"2.5"},{"created_at":"2025-11-27T10:59:01-08:00","entry_id":382503,"field1":"2.5625","field2":"2.4375"},{"created_at":"2025-11-27T11:08:39-08:00","entry_id":382504,"field1":"2.5625","field2":"2.5"},{"created_at":"2025-11-27T11:18:15-08:00","entry_id":382505,"field1":"2.625","field2":"2.5625"},{"created_at":"2025-11-27T11:27:53-08:00","entry_id":382506,"field1":"2.5625","field2":"2.5625"},{"created_at":"2025-11-27T11:37:29-08:00","entry_id":382507,"field1":"2.625","field2":"2.5625"},{"created_at":"2025-11-27T11:47:05-08:00","entry_id":382508,"field1":"2.625","field2":"2.5625"},{"created_at":"2025-11-27T11:56:41-08:00","entry_id":382509,"field1":"2.625","field2":"2.625"},{"created_at":"2025-11-27T12:06:18-08:00","entry_id":382510,"field1":"2.625","field2":"2.75"},{"created_at":"2025-11-27T12:15:56-08:00","entry_id":382511,"field1":"2.625","field2":"2.8125"},{"created_at":"2025-11-27T12:25:32-08:00","entry_id":382512,"field1":"2.625","field2":"2.8125"},{"created_at":"2025-11-27T12:35:09-08:00","entry_id":382513,"field1":"2.6875","field2":"2.875"},{"created_at":"2025-11-27T12:44:47-08:00","entry_id":382514,"field1":"2.6875","field2":"2.8125"},{"created_at":"2025-11-27T12:54:23-08:00","entry_id":382515,"field1":"2.6875","field2":"2.875"},{"created_at":"2025-11-27T13:04:01-08:00","entry_id":382516,"field1":"2.6875","field2":"2.8125"},{"created_at":"2025-11-27T13:13:39-08:00","entry_id":382517,"field1":"2.6875","field2":"2.6875"},{"created_at":"2025-11-27T13:33:13-08:00","entry_id":382518,"field1":"2.6875","field2":"2.4375"},{"created_at":"2025-11-27T13:42:49-08:00","entry_id":382519,"field1":"2.6875","field2":"2.25"},{"created_at":"2025-11-27T13:52:25-08:00","entry_id":382520,"field1":"2.6875","field2":"2.25"},{"created_at":"2025-11-27T14:02:03-08:00","entry_id":382521,"field1":"2.6875","field2":"2.25"},{"created_at":"2025-11-27T14:11:40-08:00","entry_id":382522,"field1":"2.6875","field2":"2"},{"created_at":"2025-11-27T14:21:17-08:00","entry_id":382523,"field1":"2.75","field2":"1.9375"},{"created_at":"2025-11-27T14:30:55-08:00","entry_id":382524,"field1":"2.6875","field2":"1.75"},{"created_at":"2025-11-27T14:40:31-08:00","entry_id":382525,"field1":"2.75","field2":"1.6875"},{"created_at":"2025-11-27T14:50:09-08:00","entry_id":382526,"field1":"2.75","field2":"1.6875"},{"created_at":"2025-11-27T14:59:44-08:00","entry_id":382527,"field1":"2.75","field2":"1.5"},{"created_at":"2025-11-27T15:09:20-08:00","entry_id":382528,"field1":"2.75","field2":"1.5"},{"created_at":"2025-11-27T15:18:59-08:00","entry_id":382529,"field1":"2.75","field2":"1.5"},{"created_at":"2025-11-27T15:28:34-08:00","entry_id":382530,"field1":"2.75","field2":"1.375"},{"created_at":"2025-11-27T15:38:10-08:00","entry_id":382531,"field1":"2.75","field2":"1.25"},{"created_at":"2025-11-27T15:57:46-08:00","entry_id":382532,"field1":"2.6875","field2":"1.125"},{"created_at":"2025-11-27T16:07:22-08:00","entry_id":382533,"field1":"2.6875","field2":"1"},{"created_at":"2025-11-27T16:16:58-08:00","entry_id":382534,"field1":"2.6875","field2":"0.9375"},{"created_at":"2025-11-27T16:26:36-08:00","entry_id":382535,"field1":"2.6875","field2":"1.125"},{"created_at":"2025-11-27T16:36:11-08:00","entry_id":382536,"field1":"2.6875","field2":"1.0625"},{"created_at":"2025-11-27T16:45:50-08:00","entry_id":382537,"field1":"2.6875","field2":"1"},{"created_at":"2025-11-27T16:55:27-08:00","entry_id":382538,"field1":"2.6875","field2":"1"},{"created_at":"2025-11-27T17:05:03-08:00","entry_id":382539,"field1":"2.6875","field2":"1"},{"created_at":"2025-11-27T17:14:39-08:00","entry_id":382540,"field1":"2.6875","field2":"1.0625"},{"created_at":"2025-11-27T17:24:16-08:00","entry_id":382541,"field1":"2.6875","field2":"1.0625"},{"created_at":"2025-11-27T17:33:54-08:00","entry_id":382542,"field1":"2.6875","field2":"1.125"},{"created_at":"2025-11-27T17:43:29-08:00","entry_id":382543,"field1":"2.6875","field2":"1.125"},{"created_at":"2025-11-27T17:53:06-08:00","entry_id":382544,"field1":"2.625","field2":"1.125"},{"created_at":"2025-11-27T18:02:42-08:00","entry_id":382545,"field1":"2.625","field2":"1.1875"},{"created_at":"2025-11-27T18:12:18-08:00","entry_id":382546,"field1":"2.625","field2":"1.125"},{"created_at":"2025-11-27T18:21:56-08:00","entry_id":382547,"field1":"2.625","field2":"1.1875"},{"created_at":"2025-11-27T18:31:32-08:00","entry_id":382548,"field1":"2.625","field2":"1.125"},{"created_at":"2025-11-27T18:41:11-08:00","entry_id":382549,"field1":"2.625","field2":"1.125"},{"created_at":"2025-11-27T18:50:46-08:00","entry_id":382550,"field1":"2.625","field2":"1.1875"},{"created_at":"2025-11-27T19:00:23-08:00","entry_id":382551,"field1":"2.625","field2":"1.0625"},{"created_at":"2025-11-27T19:09:59-08:00","entry_id":382552,"field1":"2.625","field2":"1.1875"},{"created_at":"2025-11-27T19:19:35-08:00","entry_id":382553,"field1":"2.625","field2":"1.1875"},{"created_at":"2025-11-27T19:29:14-08:00","entry_id":382554,"field1":"2.5625","field2":"1.1875"},{"created_at":"2025-11-27T19:38:51-08:00","entry_id":382555,"field1":"2.625","field2":"1.125"},{"created_at":"2025-11-27T19:48:27-08:00","entry_id":382556,"field1":"2.625","field2":"1"},{"created_at":"2025-11-27T19:58:03-08:00","entry_id":382557,"field1":"2.5625","field2":"0.875"},{"created_at":"2025-11-27T20:07:40-08:00","entry_id":382558,"field1":"2.5625","field2":"0.8125"},{"created_at":"2025-11-27T20:17:16-08:00","entry_id":382559,"field1":"2.5625","field2":"1.125"},{"created_at":"2025-11-27T20:26:54-08:00","entry_id":382560,"field1":"2.5625","field2":"1.1875"},{"created_at":"2025-11-27T20:36:31-08:00","entry_id":382561,"field1":"2.5625","field2":"1.3125"},{"created_at":"2025-11-27T20:55:59-08:00","entry_id":382562,"field1":"2.5625","field2":"1.25"},{"created_at":"2025-11-27T21:05:37-08:00","entry_id":382563,"field1":"2.5625","field2":"1.125"},{"created_at":"2025-11-27T21:15:14-08:00","entry_id":382564,"field1":"2.5625","field2":"0.8125"},{"created_at":"2025-11-27T21:34:46-08:00","entry_id":382565,"field1":"2.5","field2":"0.6875"},{"created_at":"2025-11-27T21:44:24-08:00","entry_id":382566,"field1":"2.5625","field2":"0.5625"},{"created_at":"2025-11-27T21:54:01-08:00","entry_id":382567,"field1":"2.5","field2":"0.625"},{"created_at":"2025-11-27T22:03:38-08:00","entry_id":382568,"field1":"2.5","field2":"0.5"},{"created_at":"2025-11-27T22:13:14-08:00","entry_id":382569,"field1":"2.5","field2":"0.4375"},{"created_at":"2025-11-27T22:22:52-08:00","entry_id":382570,"field1":"2.5","field2":"0.5"},{"created_at":"2025-11-27T22:32:30-08:00","entry_id":382571,"field1":"2.5","field2":"0.4375"},{"created_at":"2025-11-27T22:42:07-08:00","entry_id":382572,"field1":"2.5","field2":"0.4375"},{"created_at":"2025-11-27T22:51:43-08:00","entry_id":382573,"field1":"2.5","field2":"0.375"},{"created_at":"2025-11-27T23:01:20-08:00","entry_id":382574,"field1":"2.5","field2":"0.4375"},{"created_at":"2025-11-27T23:10:57-08:00","entry_id":382575,"field1":"2.4375","field2":"0.5625"},{"created_at":"2025-11-27T23:20:34-08:00","entry_id":382576,"field1":"2.4375","field2":"0.625"},{"created_at":"2025-11-27T23:30:10-08:00","entry_id":382577,"field1":"2.4375","field2":"0.625"},{"created_at":"2025-11-27T23:39:48-08:00","entry_id":382578,"field1":"2.4375","field2":"0.625"},{"created_at":"2025-11-27T23:49:25-08:00","entry_id":382579,"field1":"2.4375","field2":"0.625"},{"created_at":"2025-11-27T23:59:01-08:00","entry_id":382580,"field1":"2.4375","field2":"0.75"}]}