{"channel":{"id":581842,"name":"Upstairs Small Window Indoor / Outdoor Sensor","latitude":"0.0","longitude":"0.0","field1":"Indoor Temperature","field2":"Outdoor Temperature","created_at":"2018-09-23T15:37:52-07:00","updated_at":"2020-07-27T05:59:41-07:00","last_entry_id":150128},"feeds":[{"created_at":"2019-02-18T00:01:39-08:00","entry_id":20460,"field1":"-1.125","field2":"-4.6875"},{"created_at":"2019-02-18T00:11:16-08:00","entry_id":20461,"field1":"-1.125","field2":"-4.8125"},{"created_at":"2019-02-18T00:20:52-08:00","entry_id":20462,"field1":"-1.1875","field2":"-4.75"},{"created_at":"2019-02-18T00:30:29-08:00","entry_id":20463,"field1":"-1.25","field2":"-4.75"},{"created_at":"2019-02-18T00:40:05-08:00","entry_id":20464,"field1":"-1.1875","field2":"-4.8125"},{"created_at":"2019-02-18T00:49:43-08:00","entry_id":20465,"field1":"-1.1875","field2":"-5"},{"created_at":"2019-02-18T00:59:19-08:00","entry_id":20466,"field1":"-1.375","field2":"-5"},{"created_at":"2019-02-18T01:08:55-08:00","entry_id":20467,"field1":"-1.25","field2":"-5.125"},{"created_at":"2019-02-18T01:18:32-08:00","entry_id":20468,"field1":"-1.3125","field2":"-5.1875"},{"created_at":"2019-02-18T01:28:08-08:00","entry_id":20469,"field1":"-1.3125","field2":"-5.25"},{"created_at":"2019-02-18T01:37:44-08:00","entry_id":20470,"field1":"-1.375","field2":"-5.375"},{"created_at":"2019-02-18T01:47:21-08:00","entry_id":20471,"field1":"-1.375","field2":"-5.25"},{"created_at":"2019-02-18T01:56:57-08:00","entry_id":20472,"field1":"-1.375","field2":"-5.375"},{"created_at":"2019-02-18T02:06:34-08:00","entry_id":20473,"field1":"-1.375","field2":"-5.4375"},{"created_at":"2019-02-18T02:16:10-08:00","entry_id":20474,"field1":"-1.5","field2":"-5.5"},{"created_at":"2019-02-18T02:25:47-08:00","entry_id":20475,"field1":"-1.4375","field2":"-5.5625"},{"created_at":"2019-02-18T02:35:23-08:00","entry_id":20476,"field1":"-1.5625","field2":"-5.625"},{"created_at":"2019-02-18T02:45:01-08:00","entry_id":20477,"field1":"-1.5625","field2":"-5.6875"},{"created_at":"2019-02-18T02:54:36-08:00","entry_id":20478,"field1":"-1.75","field2":"-5.5"},{"created_at":"2019-02-18T03:04:13-08:00","entry_id":20479,"field1":"-1.625","field2":"-5.75"},{"created_at":"2019-02-18T03:13:49-08:00","entry_id":20480,"field1":"-1.625","field2":"-5.875"},{"created_at":"2019-02-18T03:23:26-08:00","entry_id":20481,"field1":"-1.625","field2":"-5.875"},{"created_at":"2019-02-18T03:33:03-08:00","entry_id":20482,"field1":"-1.5625","field2":"-6"},{"created_at":"2019-02-18T03:42:41-08:00","entry_id":20483,"field1":"-1.625","field2":"-6.0625"},{"created_at":"2019-02-18T03:52:16-08:00","entry_id":20484,"field1":"-1.625","field2":"-6.125"},{"created_at":"2019-02-18T04:01:53-08:00","entry_id":20485,"field1":"-1.6875","field2":"-6"},{"created_at":"2019-02-18T04:11:29-08:00","entry_id":20486,"field1":"-1.6875","field2":"-6"},{"created_at":"2019-02-18T04:21:06-08:00","entry_id":20487,"field1":"-1.75","field2":"-5.875"},{"created_at":"2019-02-18T04:30:43-08:00","entry_id":20488,"field1":"-2.125","field2":"-5.8125"},{"created_at":"2019-02-18T04:40:21-08:00","entry_id":20489,"field1":"-1.875","field2":"-6.0625"},{"created_at":"2019-02-18T04:49:57-08:00","entry_id":20490,"field1":"-1.8125","field2":"-6.1875"},{"created_at":"2019-02-18T04:59:34-08:00","entry_id":20491,"field1":"-1.9375","field2":"-6.125"},{"created_at":"2019-02-18T05:09:11-08:00","entry_id":20492,"field1":"-1.875","field2":"-6.25"},{"created_at":"2019-02-18T05:18:47-08:00","entry_id":20493,"field1":"-1.875","field2":"-6.375"},{"created_at":"2019-02-18T05:28:23-08:00","entry_id":20494,"field1":"-1.875","field2":"-6.5"},{"created_at":"2019-02-18T05:37:59-08:00","entry_id":20495,"field1":"-2","field2":"-6.3125"},{"created_at":"2019-02-18T05:47:35-08:00","entry_id":20496,"field1":"-2.4375","field2":"-6.3125"},{"created_at":"2019-02-18T05:57:11-08:00","entry_id":20497,"field1":"-2.3125","field2":"-6.3125"},{"created_at":"2019-02-18T06:06:48-08:00","entry_id":20498,"field1":"-2.0625","field2":"-6.5"},{"created_at":"2019-02-18T06:16:25-08:00","entry_id":20499,"field1":"-2.0625","field2":"-6.5"},{"created_at":"2019-02-18T06:26:02-08:00","entry_id":20500,"field1":"-2.0625","field2":"-6.5625"},{"created_at":"2019-02-18T06:35:39-08:00","entry_id":20501,"field1":"-2.0625","field2":"-6.625"},{"created_at":"2019-02-18T06:45:16-08:00","entry_id":20502,"field1":"-2.0625","field2":"-6.6875"},{"created_at":"2019-02-18T06:54:52-08:00","entry_id":20503,"field1":"-2.0625","field2":"-6.6875"},{"created_at":"2019-02-18T07:04:32-08:00","entry_id":20504,"field1":"-2.125","field2":"-6.8125"},{"created_at":"2019-02-18T07:14:07-08:00","entry_id":20505,"field1":"-2.125","field2":"-6.8125"},{"created_at":"2019-02-18T07:23:43-08:00","entry_id":20506,"field1":"-2.125","field2":"-6.8125"},{"created_at":"2019-02-18T07:33:20-08:00","entry_id":20507,"field1":"-2.1875","field2":"-6.9375"},{"created_at":"2019-02-18T07:42:57-08:00","entry_id":20508,"field1":"-2.1875","field2":"-7"},{"created_at":"2019-02-18T07:52:34-08:00","entry_id":20509,"field1":"-2.3125","field2":"-6.875"},{"created_at":"2019-02-18T08:02:10-08:00","entry_id":20510,"field1":"-2.4375","field2":"-6.9375"},{"created_at":"2019-02-18T08:11:48-08:00","entry_id":20511,"field1":"-2.3125","field2":"-6.9375"},{"created_at":"2019-02-18T08:21:23-08:00","entry_id":20512,"field1":"-2.75","field2":"-6.8125"},{"created_at":"2019-02-18T08:31:04-08:00","entry_id":20513,"field1":"-2.4375","field2":"-6.8125"},{"created_at":"2019-02-18T08:40:40-08:00","entry_id":20514,"field1":"-2.6875","field2":"-6.9375"},{"created_at":"2019-02-18T08:50:16-08:00","entry_id":20515,"field1":"-2.8125","field2":"-6.875"},{"created_at":"2019-02-18T08:59:54-08:00","entry_id":20516,"field1":"-2.5625","field2":"-6.8125"},{"created_at":"2019-02-18T09:09:29-08:00","entry_id":20517,"field1":"-3.0625","field2":"-6.8125"},{"created_at":"2019-02-18T09:19:07-08:00","entry_id":20518,"field1":"-2.5625","field2":"-6.4375"},{"created_at":"2019-02-18T09:28:43-08:00","entry_id":20519,"field1":"-2.8125","field2":"-6.5"},{"created_at":"2019-02-18T09:38:20-08:00","entry_id":20520,"field1":"-3.0625","field2":"-6.625"},{"created_at":"2019-02-18T09:47:56-08:00","entry_id":20521,"field1":"-2.625","field2":"-6.3125"},{"created_at":"2019-02-18T09:57:37-08:00","entry_id":20522,"field1":"-2.5","field2":"-6.5"},{"created_at":"2019-02-18T10:07:13-08:00","entry_id":20523,"field1":"-2.4375","field2":"-6.25"},{"created_at":"2019-02-18T10:16:49-08:00","entry_id":20524,"field1":"-2.4375","field2":"-6.25"},{"created_at":"2019-02-18T10:26:26-08:00","entry_id":20525,"field1":"-2.4375","field2":"-6"},{"created_at":"2019-02-18T10:36:03-08:00","entry_id":20526,"field1":"-2.4375","field2":"-6"},{"created_at":"2019-02-18T10:45:39-08:00","entry_id":20527,"field1":"-2.6875","field2":"-6.125"},{"created_at":"2019-02-18T10:55:16-08:00","entry_id":20528,"field1":"-2.5","field2":"-5.75"},{"created_at":"2019-02-18T11:04:53-08:00","entry_id":20529,"field1":"-2.5625","field2":"-5.75"},{"created_at":"2019-02-18T11:14:31-08:00","entry_id":20530,"field1":"-2.625","field2":"-5.5625"},{"created_at":"2019-02-18T11:24:11-08:00","entry_id":20531,"field1":"-2.625","field2":"-5.5"},{"created_at":"2019-02-18T11:33:47-08:00","entry_id":20532,"field1":"-2.5625","field2":"-5.5625"},{"created_at":"2019-02-18T11:43:23-08:00","entry_id":20533,"field1":"-2.4375","field2":"-5.5"},{"created_at":"2019-02-18T11:52:59-08:00","entry_id":20534,"field1":"-2.75","field2":"-5.6875"},{"created_at":"2019-02-18T12:02:36-08:00","entry_id":20535,"field1":"-2.625","field2":"-5.625"},{"created_at":"2019-02-18T12:12:13-08:00","entry_id":20536,"field1":"-2.4375","field2":"-5.4375"},{"created_at":"2019-02-18T12:21:50-08:00","entry_id":20537,"field1":"-2.6875","field2":"-5.375"},{"created_at":"2019-02-18T12:31:28-08:00","entry_id":20538,"field1":"-2.5","field2":"-5.125"},{"created_at":"2019-02-18T12:41:04-08:00","entry_id":20539,"field1":"-2.4375","field2":"-5.25"},{"created_at":"2019-02-18T12:50:41-08:00","entry_id":20540,"field1":"-2.5","field2":"-5.3125"},{"created_at":"2019-02-18T13:00:18-08:00","entry_id":20541,"field1":"-2.375","field2":"-5"},{"created_at":"2019-02-18T13:09:55-08:00","entry_id":20542,"field1":"-2.375","field2":"-5"},{"created_at":"2019-02-18T13:19:31-08:00","entry_id":20543,"field1":"-2.3125","field2":"-4.9375"},{"created_at":"2019-02-18T13:29:07-08:00","entry_id":20544,"field1":"-2.3125","field2":"-4.875"},{"created_at":"2019-02-18T13:38:44-08:00","entry_id":20545,"field1":"-2.3125","field2":"-4.875"},{"created_at":"2019-02-18T13:48:21-08:00","entry_id":20546,"field1":"-2.3125","field2":"-4.8125"},{"created_at":"2019-02-18T13:57:58-08:00","entry_id":20547,"field1":"-2.3125","field2":"-4.8125"},{"created_at":"2019-02-18T14:07:33-08:00","entry_id":20548,"field1":"-2.3125","field2":"-4.75"},{"created_at":"2019-02-18T14:17:11-08:00","entry_id":20549,"field1":"-2.3125","field2":"-4.6875"},{"created_at":"2019-02-18T14:26:47-08:00","entry_id":20550,"field1":"-2.3125","field2":"-4.6875"},{"created_at":"2019-02-18T14:36:24-08:00","entry_id":20551,"field1":"-2.375","field2":"-4.5625"},{"created_at":"2019-02-18T14:46:00-08:00","entry_id":20552,"field1":"-2.3125","field2":"-4.5625"},{"created_at":"2019-02-18T14:55:37-08:00","entry_id":20553,"field1":"-2.3125","field2":"-4.4375"},{"created_at":"2019-02-18T15:05:14-08:00","entry_id":20554,"field1":"-2.3125","field2":"-4.5"},{"created_at":"2019-02-18T15:14:51-08:00","entry_id":20555,"field1":"-2.3125","field2":"-4.4375"},{"created_at":"2019-02-18T15:24:28-08:00","entry_id":20556,"field1":"-2.3125","field2":"-4.3125"},{"created_at":"2019-02-18T15:34:04-08:00","entry_id":20557,"field1":"-2.375","field2":"-4.4375"},{"created_at":"2019-02-18T15:43:41-08:00","entry_id":20558,"field1":"-2.375","field2":"-4.4375"},{"created_at":"2019-02-18T15:53:17-08:00","entry_id":20559,"field1":"-2.3125","field2":"-4.375"},{"created_at":"2019-02-18T16:02:54-08:00","entry_id":20560,"field1":"-2.375","field2":"-4.25"},{"created_at":"2019-02-18T16:12:31-08:00","entry_id":20561,"field1":"-2.375","field2":"-4.3125"},{"created_at":"2019-02-18T16:22:07-08:00","entry_id":20562,"field1":"-2.375","field2":"-4.25"},{"created_at":"2019-02-18T16:31:44-08:00","entry_id":20563,"field1":"-2.375","field2":"-4.25"},{"created_at":"2019-02-18T16:41:20-08:00","entry_id":20564,"field1":"-2.375","field2":"-4.3125"},{"created_at":"2019-02-18T16:50:58-08:00","entry_id":20565,"field1":"-2.375","field2":"-4.5"},{"created_at":"2019-02-18T17:00:34-08:00","entry_id":20566,"field1":"-2.375","field2":"-4.5625"},{"created_at":"2019-02-18T17:10:11-08:00","entry_id":20567,"field1":"-2.375","field2":"-4.6875"},{"created_at":"2019-02-18T17:19:47-08:00","entry_id":20568,"field1":"-2.4375","field2":"-4.6875"},{"created_at":"2019-02-18T17:29:24-08:00","entry_id":20569,"field1":"-2.4375","field2":"-4.8125"},{"created_at":"2019-02-18T17:39:04-08:00","entry_id":20570,"field1":"-2.4375","field2":"-5"},{"created_at":"2019-02-18T17:48:39-08:00","entry_id":20571,"field1":"-2.4375","field2":"-5"},{"created_at":"2019-02-18T17:58:16-08:00","entry_id":20572,"field1":"-2.5","field2":"-5.0625"},{"created_at":"2019-02-18T18:07:52-08:00","entry_id":20573,"field1":"-2.5","field2":"-5.125"},{"created_at":"2019-02-18T18:17:30-08:00","entry_id":20574,"field1":"-2.5","field2":"-5.125"},{"created_at":"2019-02-18T18:27:06-08:00","entry_id":20575,"field1":"-2.5625","field2":"-5.1875"},{"created_at":"2019-02-18T18:36:44-08:00","entry_id":20576,"field1":"-2.5625","field2":"-5.1875"},{"created_at":"2019-02-18T18:46:20-08:00","entry_id":20577,"field1":"-2.5625","field2":"-5.375"},{"created_at":"2019-02-18T18:55:57-08:00","entry_id":20578,"field1":"-2.5625","field2":"-5.4375"},{"created_at":"2019-02-18T19:05:33-08:00","entry_id":20579,"field1":"-2.5625","field2":"-5.6875"},{"created_at":"2019-02-18T19:15:10-08:00","entry_id":20580,"field1":"-2.625","field2":"-5.9375"},{"created_at":"2019-02-18T19:24:48-08:00","entry_id":20581,"field1":"-2.625","field2":"-6.1875"},{"created_at":"2019-02-18T19:34:24-08:00","entry_id":20582,"field1":"-2.625","field2":"-6.0625"},{"created_at":"2019-02-18T19:44:05-08:00","entry_id":20583,"field1":"-2.625","field2":"-6"},{"created_at":"2019-02-18T19:53:40-08:00","entry_id":20584,"field1":"-2.625","field2":"-5.9375"},{"created_at":"2019-02-18T20:03:16-08:00","entry_id":20585,"field1":"-2.625","field2":"-6"},{"created_at":"2019-02-18T20:12:53-08:00","entry_id":20586,"field1":"-2.6875","field2":"-6"},{"created_at":"2019-02-18T20:22:30-08:00","entry_id":20587,"field1":"-2.6875","field2":"-6.25"},{"created_at":"2019-02-18T20:32:06-08:00","entry_id":20588,"field1":"-2.75","field2":"-6.4375"},{"created_at":"2019-02-18T20:41:43-08:00","entry_id":20589,"field1":"-2.75","field2":"-6.5625"},{"created_at":"2019-02-18T20:51:20-08:00","entry_id":20590,"field1":"-2.75","field2":"-6.625"},{"created_at":"2019-02-18T21:00:56-08:00","entry_id":20591,"field1":"-2.8125","field2":"-6.625"},{"created_at":"2019-02-18T21:10:33-08:00","entry_id":20592,"field1":"-2.8125","field2":"-6.875"},{"created_at":"2019-02-18T21:20:10-08:00","entry_id":20593,"field1":"-2.8125","field2":"-7"},{"created_at":"2019-02-18T21:29:46-08:00","entry_id":20594,"field1":"-2.875","field2":"-6.8125"},{"created_at":"2019-02-18T21:39:22-08:00","entry_id":20595,"field1":"-2.875","field2":"-6.6875"},{"created_at":"2019-02-18T21:49:01-08:00","entry_id":20596,"field1":"-2.875","field2":"-6.4375"},{"created_at":"2019-02-18T21:58:37-08:00","entry_id":20597,"field1":"-2.9375","field2":"-6.5"},{"created_at":"2019-02-18T22:08:13-08:00","entry_id":20598,"field1":"-2.9375","field2":"-6.4375"},{"created_at":"2019-02-18T22:17:50-08:00","entry_id":20599,"field1":"-2.9375","field2":"-6.25"},{"created_at":"2019-02-18T22:27:26-08:00","entry_id":20600,"field1":"-3","field2":"-6.25"},{"created_at":"2019-02-18T22:37:02-08:00","entry_id":20601,"field1":"-3","field2":"-6.375"},{"created_at":"2019-02-18T22:46:39-08:00","entry_id":20602,"field1":"-3","field2":"-6.3125"},{"created_at":"2019-02-18T22:56:16-08:00","entry_id":20603,"field1":"-3","field2":"-6.3125"},{"created_at":"2019-02-18T23:05:52-08:00","entry_id":20604,"field1":"-3.0625","field2":"-6.5625"},{"created_at":"2019-02-18T23:15:28-08:00","entry_id":20605,"field1":"-3.0625","field2":"-6.375"},{"created_at":"2019-02-18T23:25:05-08:00","entry_id":20606,"field1":"-3.0625","field2":"-6.25"},{"created_at":"2019-02-18T23:34:41-08:00","entry_id":20607,"field1":"-3.0625","field2":"-6.1875"},{"created_at":"2019-02-18T23:44:17-08:00","entry_id":20608,"field1":"-3.0625","field2":"-6.125"},{"created_at":"2019-02-18T23:53:54-08:00","entry_id":20609,"field1":"-3.0625","field2":"-6.125"}]}