{"channel":{"id":581842,"name":"Upstairs Small Window Indoor / Outdoor Sensor","latitude":"0.0","longitude":"0.0","field1":"Indoor Temperature","field2":"Outdoor Temperature","created_at":"2018-09-23T15:37:52-07:00","updated_at":"2020-07-27T05:59:41-07:00","last_entry_id":150129},"feeds":[{"created_at":"2019-10-20T00:00:09-07:00","entry_id":55981,"field1":"8.6875","field2":"4.875"},{"created_at":"2019-10-20T00:09:45-07:00","entry_id":55982,"field1":"8.6875","field2":"4.75"},{"created_at":"2019-10-20T00:19:22-07:00","entry_id":55983,"field1":"8.6875","field2":"4.875"},{"created_at":"2019-10-20T00:29:00-07:00","entry_id":55984,"field1":"8.6875","field2":"4.9375"},{"created_at":"2019-10-20T00:38:36-07:00","entry_id":55985,"field1":"8.625","field2":"5.1875"},{"created_at":"2019-10-20T00:48:13-07:00","entry_id":55986,"field1":"8.625","field2":"4.875"},{"created_at":"2019-10-20T00:57:50-07:00","entry_id":55987,"field1":"8.625","field2":"4.875"},{"created_at":"2019-10-20T01:07:27-07:00","entry_id":55988,"field1":"8.5625","field2":"4.875"},{"created_at":"2019-10-20T01:17:05-07:00","entry_id":55989,"field1":"8.5625","field2":"4.875"},{"created_at":"2019-10-20T01:26:42-07:00","entry_id":55990,"field1":"8.5625","field2":"4.75"},{"created_at":"2019-10-20T01:36:19-07:00","entry_id":55991,"field1":"8.5625","field2":"4.6875"},{"created_at":"2019-10-20T01:45:56-07:00","entry_id":55992,"field1":"8.5","field2":"4.625"},{"created_at":"2019-10-20T01:55:33-07:00","entry_id":55993,"field1":"8.5","field2":"4.5"},{"created_at":"2019-10-20T02:05:10-07:00","entry_id":55994,"field1":"8.5","field2":"4.5"},{"created_at":"2019-10-20T02:14:47-07:00","entry_id":55995,"field1":"8.5","field2":"4.5"},{"created_at":"2019-10-20T02:24:24-07:00","entry_id":55996,"field1":"8.4375","field2":"4.4375"},{"created_at":"2019-10-20T02:34:01-07:00","entry_id":55997,"field1":"8.4375","field2":"4.5"},{"created_at":"2019-10-20T02:43:39-07:00","entry_id":55998,"field1":"8.4375","field2":"4.5"},{"created_at":"2019-10-20T02:53:16-07:00","entry_id":55999,"field1":"8.375","field2":"4.625"},{"created_at":"2019-10-20T03:02:54-07:00","entry_id":56000,"field1":"8.375","field2":"4.5625"},{"created_at":"2019-10-20T03:12:31-07:00","entry_id":56001,"field1":"8.375","field2":"4.5625"},{"created_at":"2019-10-20T03:22:09-07:00","entry_id":56002,"field1":"8.375","field2":"4.5625"},{"created_at":"2019-10-20T03:31:46-07:00","entry_id":56003,"field1":"8.3125","field2":"4.625"},{"created_at":"2019-10-20T03:41:23-07:00","entry_id":56004,"field1":"8.3125","field2":"4.5"},{"created_at":"2019-10-20T03:50:59-07:00","entry_id":56005,"field1":"8.3125","field2":"4.5625"},{"created_at":"2019-10-20T04:00:36-07:00","entry_id":56006,"field1":"8.25","field2":"4.5625"},{"created_at":"2019-10-20T04:10:13-07:00","entry_id":56007,"field1":"8.25","field2":"4.5"},{"created_at":"2019-10-20T04:19:50-07:00","entry_id":56008,"field1":"8.25","field2":"4.5"},{"created_at":"2019-10-20T04:29:27-07:00","entry_id":56009,"field1":"8.25","field2":"4.5625"},{"created_at":"2019-10-20T04:39:05-07:00","entry_id":56010,"field1":"8.1875","field2":"4.5625"},{"created_at":"2019-10-20T04:48:42-07:00","entry_id":56011,"field1":"8.1875","field2":"4.4375"},{"created_at":"2019-10-20T04:58:19-07:00","entry_id":56012,"field1":"8.1875","field2":"4.375"},{"created_at":"2019-10-20T05:07:56-07:00","entry_id":56013,"field1":"8.1875","field2":"4.5"},{"created_at":"2019-10-20T05:17:34-07:00","entry_id":56014,"field1":"8.125","field2":"4.5"},{"created_at":"2019-10-20T05:27:11-07:00","entry_id":56015,"field1":"8.125","field2":"4.375"},{"created_at":"2019-10-20T05:36:48-07:00","entry_id":56016,"field1":"8.125","field2":"4.3125"},{"created_at":"2019-10-20T05:46:25-07:00","entry_id":56017,"field1":"8.125","field2":"4.375"},{"created_at":"2019-10-20T05:56:02-07:00","entry_id":56018,"field1":"8.125","field2":"4.4375"},{"created_at":"2019-10-20T06:05:39-07:00","entry_id":56019,"field1":"8.0625","field2":"4.375"},{"created_at":"2019-10-20T06:15:18-07:00","entry_id":56020,"field1":"8.0625","field2":"4.375"},{"created_at":"2019-10-20T06:24:54-07:00","entry_id":56021,"field1":"8.0625","field2":"4.3125"},{"created_at":"2019-10-20T06:34:31-07:00","entry_id":56022,"field1":"8","field2":"4.5"},{"created_at":"2019-10-20T06:44:08-07:00","entry_id":56023,"field1":"8","field2":"4.375"},{"created_at":"2019-10-20T06:53:45-07:00","entry_id":56024,"field1":"8","field2":"4.375"},{"created_at":"2019-10-20T07:03:22-07:00","entry_id":56025,"field1":"8","field2":"4.4375"},{"created_at":"2019-10-20T07:12:59-07:00","entry_id":56026,"field1":"7.9375","field2":"4.3125"},{"created_at":"2019-10-20T07:22:36-07:00","entry_id":56027,"field1":"7.9375","field2":"4.4375"},{"created_at":"2019-10-20T07:32:13-07:00","entry_id":56028,"field1":"7.9375","field2":"4.375"},{"created_at":"2019-10-20T07:41:50-07:00","entry_id":56029,"field1":"7.9375","field2":"4.4375"},{"created_at":"2019-10-20T07:51:27-07:00","entry_id":56030,"field1":"7.875","field2":"4.5"},{"created_at":"2019-10-20T08:01:05-07:00","entry_id":56031,"field1":"7.875","field2":"4.5"},{"created_at":"2019-10-20T08:10:42-07:00","entry_id":56032,"field1":"7.875","field2":"4.5"},{"created_at":"2019-10-20T08:20:19-07:00","entry_id":56033,"field1":"7.875","field2":"4.5625"},{"created_at":"2019-10-20T08:29:56-07:00","entry_id":56034,"field1":"7.875","field2":"4.625"},{"created_at":"2019-10-20T08:39:33-07:00","entry_id":56035,"field1":"7.875","field2":"4.6875"},{"created_at":"2019-10-20T08:49:11-07:00","entry_id":56036,"field1":"7.8125","field2":"4.6875"},{"created_at":"2019-10-20T08:58:48-07:00","entry_id":56037,"field1":"7.8125","field2":"4.75"},{"created_at":"2019-10-20T09:08:25-07:00","entry_id":56038,"field1":"7.8125","field2":"4.8125"},{"created_at":"2019-10-20T09:18:02-07:00","entry_id":56039,"field1":"7.8125","field2":"4.9375"},{"created_at":"2019-10-20T09:27:40-07:00","entry_id":56040,"field1":"7.8125","field2":"5"},{"created_at":"2019-10-20T09:37:17-07:00","entry_id":56041,"field1":"7.8125","field2":"5.125"},{"created_at":"2019-10-20T09:46:54-07:00","entry_id":56042,"field1":"7.75","field2":"5.1875"},{"created_at":"2019-10-20T09:56:31-07:00","entry_id":56043,"field1":"7.8125","field2":"5.3125"},{"created_at":"2019-10-20T10:06:08-07:00","entry_id":56044,"field1":"7.8125","field2":"5.25"},{"created_at":"2019-10-20T10:15:46-07:00","entry_id":56045,"field1":"7.8125","field2":"5.625"},{"created_at":"2019-10-20T10:25:22-07:00","entry_id":56046,"field1":"7.8125","field2":"6"},{"created_at":"2019-10-20T10:34:59-07:00","entry_id":56047,"field1":"7.875","field2":"6.0625"},{"created_at":"2019-10-20T10:44:36-07:00","entry_id":56048,"field1":"7.9375","field2":"5.9375"},{"created_at":"2019-10-20T10:54:13-07:00","entry_id":56049,"field1":"7.875","field2":"6.375"},{"created_at":"2019-10-20T11:03:50-07:00","entry_id":56050,"field1":"7.9375","field2":"6.4375"},{"created_at":"2019-10-20T11:13:26-07:00","entry_id":56051,"field1":"7.875","field2":"6.4375"},{"created_at":"2019-10-20T11:23:04-07:00","entry_id":56052,"field1":"7.9375","field2":"6.125"},{"created_at":"2019-10-20T11:32:45-07:00","entry_id":56053,"field1":"7.9375","field2":"6.3125"},{"created_at":"2019-10-20T11:42:20-07:00","entry_id":56054,"field1":"7.9375","field2":"6.375"},{"created_at":"2019-10-20T11:51:57-07:00","entry_id":56055,"field1":"7.9375","field2":"6.5625"},{"created_at":"2019-10-20T12:01:34-07:00","entry_id":56056,"field1":"7.9375","field2":"6.1875"},{"created_at":"2019-10-20T12:11:11-07:00","entry_id":56057,"field1":"7.9375","field2":"6.5"},{"created_at":"2019-10-20T12:20:49-07:00","entry_id":56058,"field1":"7.9375","field2":"6.6875"},{"created_at":"2019-10-20T12:30:27-07:00","entry_id":56059,"field1":"7.9375","field2":"6.75"},{"created_at":"2019-10-20T12:40:05-07:00","entry_id":56060,"field1":"8","field2":"6.6875"},{"created_at":"2019-10-20T12:49:42-07:00","entry_id":56061,"field1":"7.9375","field2":"6.6875"},{"created_at":"2019-10-20T12:59:19-07:00","entry_id":56062,"field1":"8","field2":"6.75"},{"created_at":"2019-10-20T13:08:56-07:00","entry_id":56063,"field1":"8","field2":"6.9375"},{"created_at":"2019-10-20T13:18:33-07:00","entry_id":56064,"field1":"8","field2":"6.8125"},{"created_at":"2019-10-20T13:28:10-07:00","entry_id":56065,"field1":"8","field2":"6.8125"},{"created_at":"2019-10-20T13:37:47-07:00","entry_id":56066,"field1":"8","field2":"6.75"},{"created_at":"2019-10-20T13:47:24-07:00","entry_id":56067,"field1":"8","field2":"6.6875"},{"created_at":"2019-10-20T13:57:01-07:00","entry_id":56068,"field1":"8","field2":"6.625"},{"created_at":"2019-10-20T14:06:38-07:00","entry_id":56069,"field1":"8","field2":"6.5625"},{"created_at":"2019-10-20T14:16:14-07:00","entry_id":56070,"field1":"8","field2":"6.5"},{"created_at":"2019-10-20T14:25:52-07:00","entry_id":56071,"field1":"8","field2":"6.375"},{"created_at":"2019-10-20T14:35:29-07:00","entry_id":56072,"field1":"8","field2":"6.5"},{"created_at":"2019-10-20T14:45:06-07:00","entry_id":56073,"field1":"8","field2":"6.625"},{"created_at":"2019-10-20T14:54:43-07:00","entry_id":56074,"field1":"8","field2":"6.5"},{"created_at":"2019-10-20T15:04:21-07:00","entry_id":56075,"field1":"8","field2":"6.4375"},{"created_at":"2019-10-20T15:13:59-07:00","entry_id":56076,"field1":"7.9375","field2":"6.4375"},{"created_at":"2019-10-20T15:23:36-07:00","entry_id":56077,"field1":"7.9375","field2":"6.375"},{"created_at":"2019-10-20T15:33:13-07:00","entry_id":56078,"field1":"8","field2":"6.3125"},{"created_at":"2019-10-20T15:42:50-07:00","entry_id":56079,"field1":"7.9375","field2":"6.25"},{"created_at":"2019-10-20T15:52:27-07:00","entry_id":56080,"field1":"7.9375","field2":"6.0625"},{"created_at":"2019-10-20T16:02:04-07:00","entry_id":56081,"field1":"7.9375","field2":"6"},{"created_at":"2019-10-20T16:11:41-07:00","entry_id":56082,"field1":"7.9375","field2":"5.9375"},{"created_at":"2019-10-20T16:21:19-07:00","entry_id":56083,"field1":"7.9375","field2":"5.875"},{"created_at":"2019-10-20T16:30:55-07:00","entry_id":56084,"field1":"7.9375","field2":"5.75"},{"created_at":"2019-10-20T16:40:32-07:00","entry_id":56085,"field1":"7.9375","field2":"5.5625"},{"created_at":"2019-10-20T16:50:10-07:00","entry_id":56086,"field1":"7.9375","field2":"5.375"},{"created_at":"2019-10-20T16:59:47-07:00","entry_id":56087,"field1":"7.9375","field2":"5.375"},{"created_at":"2019-10-20T17:09:24-07:00","entry_id":56088,"field1":"7.9375","field2":"5.3125"},{"created_at":"2019-10-20T17:19:01-07:00","entry_id":56089,"field1":"7.9375","field2":"5.125"},{"created_at":"2019-10-20T17:28:38-07:00","entry_id":56090,"field1":"7.875","field2":"5.125"},{"created_at":"2019-10-20T17:38:16-07:00","entry_id":56091,"field1":"7.875","field2":"5.0625"},{"created_at":"2019-10-20T17:47:52-07:00","entry_id":56092,"field1":"7.875","field2":"4.875"},{"created_at":"2019-10-20T17:57:30-07:00","entry_id":56093,"field1":"7.8125","field2":"4.8125"},{"created_at":"2019-10-20T18:07:07-07:00","entry_id":56094,"field1":"7.8125","field2":"4.875"},{"created_at":"2019-10-20T18:16:43-07:00","entry_id":56095,"field1":"7.8125","field2":"4.75"},{"created_at":"2019-10-20T18:26:20-07:00","entry_id":56096,"field1":"7.8125","field2":"4.625"},{"created_at":"2019-10-20T18:35:57-07:00","entry_id":56097,"field1":"7.8125","field2":"4.5625"},{"created_at":"2019-10-20T18:45:34-07:00","entry_id":56098,"field1":"7.75","field2":"4.5"},{"created_at":"2019-10-20T18:55:11-07:00","entry_id":56099,"field1":"7.75","field2":"4.3125"},{"created_at":"2019-10-20T19:04:49-07:00","entry_id":56100,"field1":"7.75","field2":"4.375"},{"created_at":"2019-10-20T19:14:26-07:00","entry_id":56101,"field1":"7.75","field2":"4.25"},{"created_at":"2019-10-20T19:24:03-07:00","entry_id":56102,"field1":"7.75","field2":"4.3125"},{"created_at":"2019-10-20T19:33:40-07:00","entry_id":56103,"field1":"7.75","field2":"4.125"},{"created_at":"2019-10-20T19:43:17-07:00","entry_id":56104,"field1":"7.6875","field2":"4.1875"},{"created_at":"2019-10-20T19:52:54-07:00","entry_id":56105,"field1":"7.6875","field2":"4.125"},{"created_at":"2019-10-20T20:02:32-07:00","entry_id":56106,"field1":"7.6875","field2":"4.0625"},{"created_at":"2019-10-20T20:12:08-07:00","entry_id":56107,"field1":"7.6875","field2":"4.0625"},{"created_at":"2019-10-20T20:21:45-07:00","entry_id":56108,"field1":"7.6875","field2":"4"},{"created_at":"2019-10-20T20:31:22-07:00","entry_id":56109,"field1":"7.6875","field2":"4.0625"},{"created_at":"2019-10-20T20:40:59-07:00","entry_id":56110,"field1":"7.625","field2":"3.9375"},{"created_at":"2019-10-20T20:50:36-07:00","entry_id":56111,"field1":"7.625","field2":"4.0625"},{"created_at":"2019-10-20T21:00:12-07:00","entry_id":56112,"field1":"7.5625","field2":"4.0625"},{"created_at":"2019-10-20T21:09:50-07:00","entry_id":56113,"field1":"7.5625","field2":"4.0625"},{"created_at":"2019-10-20T21:19:30-07:00","entry_id":56114,"field1":"7.5625","field2":"4.125"},{"created_at":"2019-10-20T21:29:05-07:00","entry_id":56115,"field1":"7.5625","field2":"4"},{"created_at":"2019-10-20T21:38:42-07:00","entry_id":56116,"field1":"7.5625","field2":"4"},{"created_at":"2019-10-20T21:48:19-07:00","entry_id":56117,"field1":"7.5","field2":"4"},{"created_at":"2019-10-20T21:57:58-07:00","entry_id":56118,"field1":"7.5","field2":"4.125"},{"created_at":"2019-10-20T22:07:34-07:00","entry_id":56119,"field1":"7.5","field2":"4"},{"created_at":"2019-10-20T22:17:11-07:00","entry_id":56120,"field1":"7.5","field2":"4"},{"created_at":"2019-10-20T22:26:47-07:00","entry_id":56121,"field1":"7.4375","field2":"4.0625"},{"created_at":"2019-10-20T22:36:24-07:00","entry_id":56122,"field1":"7.4375","field2":"3.9375"},{"created_at":"2019-10-20T22:46:01-07:00","entry_id":56123,"field1":"7.4375","field2":"4"},{"created_at":"2019-10-20T22:55:38-07:00","entry_id":56124,"field1":"7.375","field2":"3.9375"},{"created_at":"2019-10-20T23:05:15-07:00","entry_id":56125,"field1":"7.375","field2":"3.875"},{"created_at":"2019-10-20T23:14:52-07:00","entry_id":56126,"field1":"7.375","field2":"4"},{"created_at":"2019-10-20T23:24:28-07:00","entry_id":56127,"field1":"7.375","field2":"3.9375"},{"created_at":"2019-10-20T23:34:06-07:00","entry_id":56128,"field1":"7.375","field2":"4.0625"},{"created_at":"2019-10-20T23:43:43-07:00","entry_id":56129,"field1":"7.375","field2":"3.9375"},{"created_at":"2019-10-20T23:53:20-07:00","entry_id":56130,"field1":"7.3125","field2":"3.9375"}]}