{"channel":{"id":581842,"name":"Upstairs Small Window Indoor / Outdoor Sensor","latitude":"0.0","longitude":"0.0","field1":"Indoor Temperature","field2":"Outdoor Temperature","created_at":"2018-09-23T15:37:52-07:00","updated_at":"2020-07-27T05:59:41-07:00","last_entry_id":281899},"feeds":[{"created_at":"2024-01-17T00:08:00-08:00","entry_id":281619,"field1":"-11.5625","field2":"-9.75"},{"created_at":"2024-01-17T00:17:35-08:00","entry_id":281620,"field1":"-11.5","field2":"-9.75"},{"created_at":"2024-01-17T00:27:11-08:00","entry_id":281621,"field1":"-11.5","field2":"-9.75"},{"created_at":"2024-01-17T00:36:47-08:00","entry_id":281622,"field1":"-11.5","field2":"-9.75"},{"created_at":"2024-01-17T00:46:22-08:00","entry_id":281623,"field1":"-11.5","field2":"-9.8125"},{"created_at":"2024-01-17T00:55:59-08:00","entry_id":281624,"field1":"-11.5","field2":"-9.8125"},{"created_at":"2024-01-17T01:05:34-08:00","entry_id":281625,"field1":"-11.4375","field2":"-9.8125"},{"created_at":"2024-01-17T01:15:11-08:00","entry_id":281626,"field1":"-11.4375","field2":"-9.75"},{"created_at":"2024-01-17T01:24:47-08:00","entry_id":281627,"field1":"-11.4375","field2":"-9.75"},{"created_at":"2024-01-17T01:34:23-08:00","entry_id":281628,"field1":"-11.4375","field2":"-9.8125"},{"created_at":"2024-01-17T01:43:58-08:00","entry_id":281629,"field1":"-11.4375","field2":"-9.8125"},{"created_at":"2024-01-17T01:53:33-08:00","entry_id":281630,"field1":"-11.4375","field2":"-9.875"},{"created_at":"2024-01-17T02:03:09-08:00","entry_id":281631,"field1":"-11.375","field2":"-9.875"},{"created_at":"2024-01-17T02:12:45-08:00","entry_id":281632,"field1":"-11.375","field2":"-9.75"},{"created_at":"2024-01-17T02:22:20-08:00","entry_id":281633,"field1":"-11.375","field2":"-9.875"},{"created_at":"2024-01-17T02:31:56-08:00","entry_id":281634,"field1":"-11.375","field2":"-9.875"},{"created_at":"2024-01-17T02:41:31-08:00","entry_id":281635,"field1":"-11.375","field2":"-9.875"},{"created_at":"2024-01-17T02:51:09-08:00","entry_id":281636,"field1":"-11.3125","field2":"-9.8125"},{"created_at":"2024-01-17T03:00:45-08:00","entry_id":281637,"field1":"-11.3125","field2":"-9.75"},{"created_at":"2024-01-17T03:10:21-08:00","entry_id":281638,"field1":"-11.3125","field2":"-9.625"},{"created_at":"2024-01-17T03:19:58-08:00","entry_id":281639,"field1":"-11.3125","field2":"-9.75"},{"created_at":"2024-01-17T03:29:33-08:00","entry_id":281640,"field1":"-11.3125","field2":"-9.8125"},{"created_at":"2024-01-17T03:39:09-08:00","entry_id":281641,"field1":"-11.3125","field2":"-9.6875"},{"created_at":"2024-01-17T03:48:45-08:00","entry_id":281642,"field1":"-11.25","field2":"-9.75"},{"created_at":"2024-01-17T03:58:20-08:00","entry_id":281643,"field1":"-11.25","field2":"-9.75"},{"created_at":"2024-01-17T04:07:57-08:00","entry_id":281644,"field1":"-11.25","field2":"-9.8125"},{"created_at":"2024-01-17T04:17:31-08:00","entry_id":281645,"field1":"-11.25","field2":"-9.75"},{"created_at":"2024-01-17T04:27:07-08:00","entry_id":281646,"field1":"-11.25","field2":"-9.875"},{"created_at":"2024-01-17T04:36:44-08:00","entry_id":281647,"field1":"-11.25","field2":"-9.8125"},{"created_at":"2024-01-17T04:46:18-08:00","entry_id":281648,"field1":"-11.1875","field2":"-9.75"},{"created_at":"2024-01-17T04:55:54-08:00","entry_id":281649,"field1":"-11.1875","field2":"-9.75"},{"created_at":"2024-01-17T05:05:29-08:00","entry_id":281650,"field1":"-11.1875","field2":"-9.8125"},{"created_at":"2024-01-17T05:15:05-08:00","entry_id":281651,"field1":"-11.1875","field2":"-9.75"},{"created_at":"2024-01-17T05:24:40-08:00","entry_id":281652,"field1":"-11.1875","field2":"-9.75"},{"created_at":"2024-01-17T05:34:16-08:00","entry_id":281653,"field1":"-11.1875","field2":"-9.75"},{"created_at":"2024-01-17T05:43:52-08:00","entry_id":281654,"field1":"-11.125","field2":"-9.6875"},{"created_at":"2024-01-17T05:53:29-08:00","entry_id":281655,"field1":"-11.125","field2":"-9.75"},{"created_at":"2024-01-17T06:03:05-08:00","entry_id":281656,"field1":"-11.125","field2":"-9.625"},{"created_at":"2024-01-17T06:12:41-08:00","entry_id":281657,"field1":"-11.125","field2":"-9.75"},{"created_at":"2024-01-17T06:22:15-08:00","entry_id":281658,"field1":"-11.125","field2":"-9.625"},{"created_at":"2024-01-17T06:31:51-08:00","entry_id":281659,"field1":"-11.0625","field2":"-9.8125"},{"created_at":"2024-01-17T06:41:28-08:00","entry_id":281660,"field1":"-11.0625","field2":"-9.8125"},{"created_at":"2024-01-17T06:51:04-08:00","entry_id":281661,"field1":"-11.0625","field2":"-9.6875"},{"created_at":"2024-01-17T07:00:40-08:00","entry_id":281662,"field1":"-11.0625","field2":"-9.75"},{"created_at":"2024-01-17T07:10:15-08:00","entry_id":281663,"field1":"-11.0625","field2":"-9.6875"},{"created_at":"2024-01-17T07:19:52-08:00","entry_id":281664,"field1":"-11.0625","field2":"-9.6875"},{"created_at":"2024-01-17T07:29:27-08:00","entry_id":281665,"field1":"-11","field2":"-9.5625"},{"created_at":"2024-01-17T07:39:02-08:00","entry_id":281666,"field1":"-11","field2":"-9.625"},{"created_at":"2024-01-17T07:48:39-08:00","entry_id":281667,"field1":"-11","field2":"-9.5625"},{"created_at":"2024-01-17T07:58:16-08:00","entry_id":281668,"field1":"-11","field2":"-9.625"},{"created_at":"2024-01-17T08:07:50-08:00","entry_id":281669,"field1":"-11","field2":"-9.6875"},{"created_at":"2024-01-17T08:17:26-08:00","entry_id":281670,"field1":"-11","field2":"-9.625"},{"created_at":"2024-01-17T08:27:03-08:00","entry_id":281671,"field1":"-11","field2":"-9.6875"},{"created_at":"2024-01-17T08:36:39-08:00","entry_id":281672,"field1":"-10.9375","field2":"-9.6875"},{"created_at":"2024-01-17T08:46:14-08:00","entry_id":281673,"field1":"-10.9375","field2":"-9.5625"},{"created_at":"2024-01-17T08:55:51-08:00","entry_id":281674,"field1":"-10.9375","field2":"-9.5"},{"created_at":"2024-01-17T09:05:25-08:00","entry_id":281675,"field1":"-10.9375","field2":"-9.375"},{"created_at":"2024-01-17T09:15:02-08:00","entry_id":281676,"field1":"-10.9375","field2":"-9.3125"},{"created_at":"2024-01-17T09:24:39-08:00","entry_id":281677,"field1":"-10.875","field2":"-9.1875"},{"created_at":"2024-01-17T09:34:15-08:00","entry_id":281678,"field1":"-10.875","field2":"-9.125"},{"created_at":"2024-01-17T09:43:49-08:00","entry_id":281679,"field1":"-10.875","field2":"-9.0625"},{"created_at":"2024-01-17T09:53:25-08:00","entry_id":281680,"field1":"-10.875","field2":"-9"},{"created_at":"2024-01-17T10:03:00-08:00","entry_id":281681,"field1":"-10.8125","field2":"-8.875"},{"created_at":"2024-01-17T10:12:36-08:00","entry_id":281682,"field1":"-10.8125","field2":"-8.9375"},{"created_at":"2024-01-17T10:22:13-08:00","entry_id":281683,"field1":"-10.8125","field2":"-9"},{"created_at":"2024-01-17T10:31:50-08:00","entry_id":281684,"field1":"-10.75","field2":"-9.125"},{"created_at":"2024-01-17T10:41:24-08:00","entry_id":281685,"field1":"-10.75","field2":"-9.0625"},{"created_at":"2024-01-17T10:51:01-08:00","entry_id":281686,"field1":"-10.75","field2":"-8.6875"},{"created_at":"2024-01-17T11:00:38-08:00","entry_id":281687,"field1":"-10.6875","field2":"-8.6875"},{"created_at":"2024-01-17T11:10:12-08:00","entry_id":281688,"field1":"-10.6875","field2":"-8.6875"},{"created_at":"2024-01-17T11:19:50-08:00","entry_id":281689,"field1":"-10.6875","field2":"-8.6875"},{"created_at":"2024-01-17T11:29:26-08:00","entry_id":281690,"field1":"-10.625","field2":"-8.625"},{"created_at":"2024-01-17T11:39:01-08:00","entry_id":281691,"field1":"-10.625","field2":"-8.5625"},{"created_at":"2024-01-17T11:48:36-08:00","entry_id":281692,"field1":"-10.625","field2":"-8.5625"},{"created_at":"2024-01-17T11:58:14-08:00","entry_id":281693,"field1":"-10.5625","field2":"-8.5625"},{"created_at":"2024-01-17T12:07:49-08:00","entry_id":281694,"field1":"-10.5625","field2":"-8.5625"},{"created_at":"2024-01-17T12:17:26-08:00","entry_id":281695,"field1":"-10.5625","field2":"-8.5625"},{"created_at":"2024-01-17T12:27:02-08:00","entry_id":281696,"field1":"-10.5","field2":"-8.5"},{"created_at":"2024-01-17T12:36:39-08:00","entry_id":281697,"field1":"-10.5","field2":"-8.5"},{"created_at":"2024-01-17T12:46:15-08:00","entry_id":281698,"field1":"-10.4375","field2":"-8.4375"},{"created_at":"2024-01-17T12:55:50-08:00","entry_id":281699,"field1":"-10.4375","field2":"-8.375"},{"created_at":"2024-01-17T13:05:27-08:00","entry_id":281700,"field1":"-10.4375","field2":"-8.3125"},{"created_at":"2024-01-17T13:15:02-08:00","entry_id":281701,"field1":"-10.4375","field2":"-8.4375"},{"created_at":"2024-01-17T13:24:39-08:00","entry_id":281702,"field1":"-10.375","field2":"-8.4375"},{"created_at":"2024-01-17T13:34:13-08:00","entry_id":281703,"field1":"-10.375","field2":"-8.5"},{"created_at":"2024-01-17T13:43:49-08:00","entry_id":281704,"field1":"-10.375","field2":"-8.25"},{"created_at":"2024-01-17T13:53:26-08:00","entry_id":281705,"field1":"-10.3125","field2":"-8.3125"},{"created_at":"2024-01-17T14:03:01-08:00","entry_id":281706,"field1":"-10.3125","field2":"-8.1875"},{"created_at":"2024-01-17T14:12:36-08:00","entry_id":281707,"field1":"-10.25","field2":"-8.0625"},{"created_at":"2024-01-17T14:22:12-08:00","entry_id":281708,"field1":"-10.25","field2":"-8.0625"},{"created_at":"2024-01-17T14:31:48-08:00","entry_id":281709,"field1":"-10.25","field2":"-8.0625"},{"created_at":"2024-01-17T14:41:23-08:00","entry_id":281710,"field1":"-10.1875","field2":"-8.125"},{"created_at":"2024-01-17T14:51:01-08:00","entry_id":281711,"field1":"-10.1875","field2":"-8.125"},{"created_at":"2024-01-17T15:00:35-08:00","entry_id":281712,"field1":"-10.125","field2":"-8.0625"},{"created_at":"2024-01-17T15:10:12-08:00","entry_id":281713,"field1":"-10.125","field2":"-8.0625"},{"created_at":"2024-01-17T15:19:47-08:00","entry_id":281714,"field1":"-10.125","field2":"-8"},{"created_at":"2024-01-17T15:29:23-08:00","entry_id":281715,"field1":"-10.125","field2":"-8.1875"},{"created_at":"2024-01-17T15:38:59-08:00","entry_id":281716,"field1":"-10.0625","field2":"-8.0625"},{"created_at":"2024-01-17T15:48:34-08:00","entry_id":281717,"field1":"-10.0625","field2":"-8.125"},{"created_at":"2024-01-17T15:58:10-08:00","entry_id":281718,"field1":"-10.0625","field2":"-8.125"},{"created_at":"2024-01-17T16:07:46-08:00","entry_id":281719,"field1":"-10","field2":"-8.375"},{"created_at":"2024-01-17T16:17:23-08:00","entry_id":281720,"field1":"-10","field2":"-8.3125"},{"created_at":"2024-01-17T16:26:58-08:00","entry_id":281721,"field1":"-10","field2":"-8.3125"},{"created_at":"2024-01-17T16:36:33-08:00","entry_id":281722,"field1":"-9.9375","field2":"-8.25"},{"created_at":"2024-01-17T16:46:09-08:00","entry_id":281723,"field1":"-9.9375","field2":"-8.4375"},{"created_at":"2024-01-17T16:55:46-08:00","entry_id":281724,"field1":"-9.9375","field2":"-8.4375"},{"created_at":"2024-01-17T17:05:22-08:00","entry_id":281725,"field1":"-9.9375","field2":"-8.375"},{"created_at":"2024-01-17T17:14:58-08:00","entry_id":281726,"field1":"-9.9375","field2":"-8.4375"},{"created_at":"2024-01-17T17:24:35-08:00","entry_id":281727,"field1":"-9.9375","field2":"-8.4375"},{"created_at":"2024-01-17T17:34:11-08:00","entry_id":281728,"field1":"-9.9375","field2":"-8.375"},{"created_at":"2024-01-17T17:43:47-08:00","entry_id":281729,"field1":"-9.875","field2":"-8.4375"},{"created_at":"2024-01-17T17:53:22-08:00","entry_id":281730,"field1":"-9.875","field2":"-8.375"},{"created_at":"2024-01-17T18:02:58-08:00","entry_id":281731,"field1":"-9.875","field2":"-8.4375"},{"created_at":"2024-01-17T18:12:33-08:00","entry_id":281732,"field1":"-9.875","field2":"-8.3125"},{"created_at":"2024-01-17T18:22:09-08:00","entry_id":281733,"field1":"-9.875","field2":"-8.3125"},{"created_at":"2024-01-17T18:31:44-08:00","entry_id":281734,"field1":"-9.8125","field2":"-8.3125"},{"created_at":"2024-01-17T18:41:22-08:00","entry_id":281735,"field1":"-9.8125","field2":"-8.3125"},{"created_at":"2024-01-17T18:51:00-08:00","entry_id":281736,"field1":"-9.8125","field2":"-8.3125"},{"created_at":"2024-01-17T19:00:34-08:00","entry_id":281737,"field1":"-9.8125","field2":"-8.25"},{"created_at":"2024-01-17T19:10:09-08:00","entry_id":281738,"field1":"-9.8125","field2":"-8.25"},{"created_at":"2024-01-17T19:19:47-08:00","entry_id":281739,"field1":"-9.75","field2":"-8.3125"},{"created_at":"2024-01-17T19:29:21-08:00","entry_id":281740,"field1":"-9.75","field2":"-8.3125"},{"created_at":"2024-01-17T19:38:59-08:00","entry_id":281741,"field1":"-9.75","field2":"-8.25"},{"created_at":"2024-01-17T19:48:34-08:00","entry_id":281742,"field1":"-9.75","field2":"-8.3125"},{"created_at":"2024-01-17T19:58:09-08:00","entry_id":281743,"field1":"-9.75","field2":"-8.25"},{"created_at":"2024-01-17T20:07:47-08:00","entry_id":281744,"field1":"-9.75","field2":"-8.25"},{"created_at":"2024-01-17T20:17:23-08:00","entry_id":281745,"field1":"-9.6875","field2":"-8.25"},{"created_at":"2024-01-17T20:26:58-08:00","entry_id":281746,"field1":"-9.6875","field2":"-8.1875"},{"created_at":"2024-01-17T20:36:34-08:00","entry_id":281747,"field1":"-9.6875","field2":"-8.1875"},{"created_at":"2024-01-17T20:46:11-08:00","entry_id":281748,"field1":"-9.6875","field2":"-8.1875"},{"created_at":"2024-01-17T20:55:46-08:00","entry_id":281749,"field1":"-9.6875","field2":"-8.375"},{"created_at":"2024-01-17T21:05:22-08:00","entry_id":281750,"field1":"-9.625","field2":"-8.375"},{"created_at":"2024-01-17T21:14:59-08:00","entry_id":281751,"field1":"-9.625","field2":"-8.4375"},{"created_at":"2024-01-17T21:24:34-08:00","entry_id":281752,"field1":"-9.625","field2":"-8.5"},{"created_at":"2024-01-17T21:34:10-08:00","entry_id":281753,"field1":"-9.625","field2":"-8.375"},{"created_at":"2024-01-17T21:43:46-08:00","entry_id":281754,"field1":"-9.625","field2":"-8.375"},{"created_at":"2024-01-17T21:53:23-08:00","entry_id":281755,"field1":"-9.625","field2":"-8.4375"},{"created_at":"2024-01-17T22:02:58-08:00","entry_id":281756,"field1":"-9.5625","field2":"-8.5"},{"created_at":"2024-01-17T22:12:33-08:00","entry_id":281757,"field1":"-9.5625","field2":"-8.8125"},{"created_at":"2024-01-17T22:22:09-08:00","entry_id":281758,"field1":"-9.5625","field2":"-8.5625"},{"created_at":"2024-01-17T22:31:45-08:00","entry_id":281759,"field1":"-9.5625","field2":"-8.6875"},{"created_at":"2024-01-17T22:41:21-08:00","entry_id":281760,"field1":"-9.5625","field2":"-8.875"},{"created_at":"2024-01-17T22:50:58-08:00","entry_id":281761,"field1":"-9.5625","field2":"-8.875"},{"created_at":"2024-01-17T23:00:33-08:00","entry_id":281762,"field1":"-9.5625","field2":"-8.875"},{"created_at":"2024-01-17T23:10:10-08:00","entry_id":281763,"field1":"-9.5625","field2":"-8.9375"},{"created_at":"2024-01-17T23:19:45-08:00","entry_id":281764,"field1":"-9.5625","field2":"-8.875"},{"created_at":"2024-01-17T23:29:21-08:00","entry_id":281765,"field1":"-9.5625","field2":"-8.875"},{"created_at":"2024-01-17T23:38:56-08:00","entry_id":281766,"field1":"-9.5625","field2":"-9.3125"},{"created_at":"2024-01-17T23:48:33-08:00","entry_id":281767,"field1":"-9.5625","field2":"-9.4375"},{"created_at":"2024-01-17T23:58:09-08:00","entry_id":281768,"field1":"-9.5625","field2":"-9.5"}]}