{"channel":{"id":581842,"name":"Upstairs Small Window Indoor / Outdoor Sensor","latitude":"0.0","longitude":"0.0","field1":"Indoor Temperature","field2":"Outdoor Temperature","created_at":"2018-09-23T15:37:52-07:00","updated_at":"2020-07-27T05:59:41-07:00","last_entry_id":241661},"feeds":[{"created_at":"2023-04-21T00:03:59-07:00","entry_id":241375,"field1":"10.125","field2":"5.5"},{"created_at":"2023-04-21T00:13:36-07:00","entry_id":241376,"field1":"10.125","field2":"5.5"},{"created_at":"2023-04-21T00:23:14-07:00","entry_id":241377,"field1":"10.0625","field2":"5.4375"},{"created_at":"2023-04-21T00:32:51-07:00","entry_id":241378,"field1":"10.0625","field2":"5.125"},{"created_at":"2023-04-21T00:42:28-07:00","entry_id":241379,"field1":"10","field2":"5"},{"created_at":"2023-04-21T00:52:06-07:00","entry_id":241380,"field1":"10","field2":"5"},{"created_at":"2023-04-21T01:01:43-07:00","entry_id":241381,"field1":"9.9375","field2":"4.8125"},{"created_at":"2023-04-21T01:11:18-07:00","entry_id":241382,"field1":"9.9375","field2":"4.75"},{"created_at":"2023-04-21T01:20:57-07:00","entry_id":241383,"field1":"9.875","field2":"4.6875"},{"created_at":"2023-04-21T01:30:34-07:00","entry_id":241384,"field1":"9.875","field2":"4.75"},{"created_at":"2023-04-21T01:40:11-07:00","entry_id":241385,"field1":"9.8125","field2":"4.5625"},{"created_at":"2023-04-21T01:49:49-07:00","entry_id":241386,"field1":"9.8125","field2":"4.625"},{"created_at":"2023-04-21T01:59:26-07:00","entry_id":241387,"field1":"9.75","field2":"4.625"},{"created_at":"2023-04-21T02:09:03-07:00","entry_id":241388,"field1":"9.6875","field2":"4.625"},{"created_at":"2023-04-21T02:18:41-07:00","entry_id":241389,"field1":"9.6875","field2":"4.625"},{"created_at":"2023-04-21T02:28:18-07:00","entry_id":241390,"field1":"9.625","field2":"4.625"},{"created_at":"2023-04-21T02:37:53-07:00","entry_id":241391,"field1":"9.625","field2":"4.625"},{"created_at":"2023-04-21T02:47:32-07:00","entry_id":241392,"field1":"9.5625","field2":"4.5"},{"created_at":"2023-04-21T02:57:09-07:00","entry_id":241393,"field1":"9.5625","field2":"4.4375"},{"created_at":"2023-04-21T03:06:45-07:00","entry_id":241394,"field1":"9.5","field2":"4.375"},{"created_at":"2023-04-21T03:16:24-07:00","entry_id":241395,"field1":"9.5","field2":"4.375"},{"created_at":"2023-04-21T03:26:02-07:00","entry_id":241396,"field1":"9.4375","field2":"4.3125"},{"created_at":"2023-04-21T03:35:39-07:00","entry_id":241397,"field1":"9.4375","field2":"4.125"},{"created_at":"2023-04-21T03:45:14-07:00","entry_id":241398,"field1":"9.375","field2":"4.125"},{"created_at":"2023-04-21T03:54:52-07:00","entry_id":241399,"field1":"9.375","field2":"4.125"},{"created_at":"2023-04-21T04:04:30-07:00","entry_id":241400,"field1":"9.3125","field2":"4.0625"},{"created_at":"2023-04-21T04:14:05-07:00","entry_id":241401,"field1":"9.3125","field2":"4"},{"created_at":"2023-04-21T04:23:43-07:00","entry_id":241402,"field1":"9.25","field2":"3.875"},{"created_at":"2023-04-21T04:33:20-07:00","entry_id":241403,"field1":"9.25","field2":"3.8125"},{"created_at":"2023-04-21T04:42:58-07:00","entry_id":241404,"field1":"9.1875","field2":"3.875"},{"created_at":"2023-04-21T04:52:34-07:00","entry_id":241405,"field1":"9.125","field2":"3.75"},{"created_at":"2023-04-21T05:02:12-07:00","entry_id":241406,"field1":"9.125","field2":"3.6875"},{"created_at":"2023-04-21T05:11:49-07:00","entry_id":241407,"field1":"9.0625","field2":"3.5625"},{"created_at":"2023-04-21T05:21:27-07:00","entry_id":241408,"field1":"9.0625","field2":"3.5625"},{"created_at":"2023-04-21T05:31:02-07:00","entry_id":241409,"field1":"9","field2":"3.5"},{"created_at":"2023-04-21T05:40:40-07:00","entry_id":241410,"field1":"9","field2":"3.4375"},{"created_at":"2023-04-21T05:50:17-07:00","entry_id":241411,"field1":"8.9375","field2":"3.375"},{"created_at":"2023-04-21T05:59:53-07:00","entry_id":241412,"field1":"8.9375","field2":"3.25"},{"created_at":"2023-04-21T06:09:31-07:00","entry_id":241413,"field1":"8.875","field2":"3.375"},{"created_at":"2023-04-21T06:19:08-07:00","entry_id":241414,"field1":"8.875","field2":"3.4375"},{"created_at":"2023-04-21T06:28:45-07:00","entry_id":241415,"field1":"8.8125","field2":"3.5"},{"created_at":"2023-04-21T06:38:22-07:00","entry_id":241416,"field1":"8.8125","field2":"3.5625"},{"created_at":"2023-04-21T06:47:59-07:00","entry_id":241417,"field1":"8.75","field2":"3.625"},{"created_at":"2023-04-21T06:57:37-07:00","entry_id":241418,"field1":"8.75","field2":"3.75"},{"created_at":"2023-04-21T07:07:12-07:00","entry_id":241419,"field1":"8.6875","field2":"3.5"},{"created_at":"2023-04-21T07:16:50-07:00","entry_id":241420,"field1":"8.6875","field2":"3.5"},{"created_at":"2023-04-21T07:26:27-07:00","entry_id":241421,"field1":"8.6875","field2":"3.5625"},{"created_at":"2023-04-21T07:36:05-07:00","entry_id":241422,"field1":"8.625","field2":"3.6875"},{"created_at":"2023-04-21T07:45:41-07:00","entry_id":241423,"field1":"8.625","field2":"3.6875"},{"created_at":"2023-04-21T07:55:18-07:00","entry_id":241424,"field1":"8.5625","field2":"3.75"},{"created_at":"2023-04-21T08:04:56-07:00","entry_id":241425,"field1":"8.5625","field2":"3.6875"},{"created_at":"2023-04-21T08:14:33-07:00","entry_id":241426,"field1":"8.5","field2":"3.9375"},{"created_at":"2023-04-21T08:24:10-07:00","entry_id":241427,"field1":"8.5625","field2":"4"},{"created_at":"2023-04-21T08:33:48-07:00","entry_id":241428,"field1":"8.5","field2":"4.3125"},{"created_at":"2023-04-21T08:43:25-07:00","entry_id":241429,"field1":"8.5","field2":"4.5"},{"created_at":"2023-04-21T08:53:03-07:00","entry_id":241430,"field1":"8.5","field2":"4.375"},{"created_at":"2023-04-21T09:02:40-07:00","entry_id":241431,"field1":"8.5","field2":"4.625"},{"created_at":"2023-04-21T09:12:17-07:00","entry_id":241432,"field1":"8.5","field2":"4.4375"},{"created_at":"2023-04-21T09:21:54-07:00","entry_id":241433,"field1":"8.5","field2":"4.5"},{"created_at":"2023-04-21T09:31:30-07:00","entry_id":241434,"field1":"8.5","field2":"4.5"},{"created_at":"2023-04-21T09:41:05-07:00","entry_id":241435,"field1":"8.5","field2":"4.75"},{"created_at":"2023-04-21T09:50:41-07:00","entry_id":241436,"field1":"8.5","field2":"4.8125"},{"created_at":"2023-04-21T10:00:19-07:00","entry_id":241437,"field1":"8.4375","field2":"5.0625"},{"created_at":"2023-04-21T10:09:56-07:00","entry_id":241438,"field1":"8.5","field2":"5.0625"},{"created_at":"2023-04-21T10:19:33-07:00","entry_id":241439,"field1":"8.4375","field2":"4.875"},{"created_at":"2023-04-21T10:29:09-07:00","entry_id":241440,"field1":"8.5","field2":"5.0625"},{"created_at":"2023-04-21T10:38:46-07:00","entry_id":241441,"field1":"8.5","field2":"5.0625"},{"created_at":"2023-04-21T10:48:24-07:00","entry_id":241442,"field1":"8.5","field2":"5.0625"},{"created_at":"2023-04-21T10:58:01-07:00","entry_id":241443,"field1":"8.5","field2":"5.3125"},{"created_at":"2023-04-21T11:07:38-07:00","entry_id":241444,"field1":"8.5","field2":"5.375"},{"created_at":"2023-04-21T11:17:15-07:00","entry_id":241445,"field1":"8.5","field2":"5.5"},{"created_at":"2023-04-21T11:26:53-07:00","entry_id":241446,"field1":"8.5","field2":"5.3125"},{"created_at":"2023-04-21T11:36:31-07:00","entry_id":241447,"field1":"8.5","field2":"5.625"},{"created_at":"2023-04-21T11:46:08-07:00","entry_id":241448,"field1":"8.5","field2":"5.375"},{"created_at":"2023-04-21T11:55:45-07:00","entry_id":241449,"field1":"8.5625","field2":"5.375"},{"created_at":"2023-04-21T12:05:23-07:00","entry_id":241450,"field1":"8.5625","field2":"5.875"},{"created_at":"2023-04-21T12:15:00-07:00","entry_id":241451,"field1":"8.5625","field2":"6.0625"},{"created_at":"2023-04-21T12:24:38-07:00","entry_id":241452,"field1":"8.5625","field2":"6.5625"},{"created_at":"2023-04-21T12:34:14-07:00","entry_id":241453,"field1":"8.5625","field2":"6.5"},{"created_at":"2023-04-21T12:43:52-07:00","entry_id":241454,"field1":"8.625","field2":"6.125"},{"created_at":"2023-04-21T12:53:30-07:00","entry_id":241455,"field1":"8.625","field2":"6.375"},{"created_at":"2023-04-21T13:03:07-07:00","entry_id":241456,"field1":"8.625","field2":"7.0625"},{"created_at":"2023-04-21T13:12:45-07:00","entry_id":241457,"field1":"8.625","field2":"6.875"},{"created_at":"2023-04-21T13:22:20-07:00","entry_id":241458,"field1":"8.6875","field2":"6.875"},{"created_at":"2023-04-21T13:31:56-07:00","entry_id":241459,"field1":"8.6875","field2":"7.0625"},{"created_at":"2023-04-21T13:41:33-07:00","entry_id":241460,"field1":"8.75","field2":"6.875"},{"created_at":"2023-04-21T13:51:09-07:00","entry_id":241461,"field1":"8.75","field2":"8"},{"created_at":"2023-04-21T14:00:46-07:00","entry_id":241462,"field1":"8.8125","field2":"8.3125"},{"created_at":"2023-04-21T14:10:24-07:00","entry_id":241463,"field1":"8.8125","field2":"8.3125"},{"created_at":"2023-04-21T14:19:59-07:00","entry_id":241464,"field1":"8.8125","field2":"7.5625"},{"created_at":"2023-04-21T14:29:37-07:00","entry_id":241465,"field1":"8.875","field2":"7.875"},{"created_at":"2023-04-21T14:39:15-07:00","entry_id":241466,"field1":"8.875","field2":"9.125"},{"created_at":"2023-04-21T14:48:53-07:00","entry_id":241467,"field1":"8.9375","field2":"8.25"},{"created_at":"2023-04-21T14:58:31-07:00","entry_id":241468,"field1":"8.9375","field2":"8.375"},{"created_at":"2023-04-21T15:08:08-07:00","entry_id":241469,"field1":"9","field2":"8.4375"},{"created_at":"2023-04-21T15:17:44-07:00","entry_id":241470,"field1":"9","field2":"8.1875"},{"created_at":"2023-04-21T15:27:22-07:00","entry_id":241471,"field1":"9","field2":"8.5625"},{"created_at":"2023-04-21T15:36:59-07:00","entry_id":241472,"field1":"9.0625","field2":"8.4375"},{"created_at":"2023-04-21T15:46:34-07:00","entry_id":241473,"field1":"9.0625","field2":"8.8125"},{"created_at":"2023-04-21T15:56:11-07:00","entry_id":241474,"field1":"9.0625","field2":"7.6875"},{"created_at":"2023-04-21T16:05:49-07:00","entry_id":241475,"field1":"9.125","field2":"9.25"},{"created_at":"2023-04-21T16:15:27-07:00","entry_id":241476,"field1":"9.125","field2":"9.4375"},{"created_at":"2023-04-21T16:25:04-07:00","entry_id":241477,"field1":"9.1875","field2":"9.1875"},{"created_at":"2023-04-21T16:34:40-07:00","entry_id":241478,"field1":"9.1875","field2":"9.0625"},{"created_at":"2023-04-21T16:44:18-07:00","entry_id":241479,"field1":"9.1875","field2":"8.4375"},{"created_at":"2023-04-21T16:53:55-07:00","entry_id":241480,"field1":"9.1875","field2":"8.5625"},{"created_at":"2023-04-21T17:03:30-07:00","entry_id":241481,"field1":"9.1875","field2":"8.1875"},{"created_at":"2023-04-21T17:13:07-07:00","entry_id":241482,"field1":"9.25","field2":"9"},{"created_at":"2023-04-21T17:22:46-07:00","entry_id":241483,"field1":"9.25","field2":"9.4375"},{"created_at":"2023-04-21T17:32:23-07:00","entry_id":241484,"field1":"9.25","field2":"8.9375"},{"created_at":"2023-04-21T17:42:00-07:00","entry_id":241485,"field1":"9.25","field2":"9.375"},{"created_at":"2023-04-21T17:51:38-07:00","entry_id":241486,"field1":"9.3125","field2":"9.3125"},{"created_at":"2023-04-21T18:01:13-07:00","entry_id":241487,"field1":"9.25","field2":"9.25"},{"created_at":"2023-04-21T18:10:50-07:00","entry_id":241488,"field1":"9.25","field2":"9.3125"},{"created_at":"2023-04-21T18:20:28-07:00","entry_id":241489,"field1":"9.3125","field2":"9.4375"},{"created_at":"2023-04-21T18:30:05-07:00","entry_id":241490,"field1":"9.3125","field2":"9.125"},{"created_at":"2023-04-21T18:39:42-07:00","entry_id":241491,"field1":"9.3125","field2":"9.375"},{"created_at":"2023-04-21T18:49:20-07:00","entry_id":241492,"field1":"9.3125","field2":"9.3125"},{"created_at":"2023-04-21T18:58:57-07:00","entry_id":241493,"field1":"9.3125","field2":"8.9375"},{"created_at":"2023-04-21T19:08:34-07:00","entry_id":241494,"field1":"9.3125","field2":"8.625"},{"created_at":"2023-04-21T19:18:12-07:00","entry_id":241495,"field1":"9.3125","field2":"7.9375"},{"created_at":"2023-04-21T19:27:49-07:00","entry_id":241496,"field1":"9.3125","field2":"7.5625"},{"created_at":"2023-04-21T19:37:27-07:00","entry_id":241497,"field1":"9.3125","field2":"7.3125"},{"created_at":"2023-04-21T19:47:04-07:00","entry_id":241498,"field1":"9.25","field2":"7.125"},{"created_at":"2023-04-21T19:56:40-07:00","entry_id":241499,"field1":"9.25","field2":"7"},{"created_at":"2023-04-21T20:06:17-07:00","entry_id":241500,"field1":"9.25","field2":"6.8125"},{"created_at":"2023-04-21T20:15:55-07:00","entry_id":241501,"field1":"9.1875","field2":"6.625"},{"created_at":"2023-04-21T20:25:32-07:00","entry_id":241502,"field1":"9.1875","field2":"6.4375"},{"created_at":"2023-04-21T20:35:10-07:00","entry_id":241503,"field1":"9.1875","field2":"6.3125"},{"created_at":"2023-04-21T20:44:47-07:00","entry_id":241504,"field1":"9.125","field2":"6.1875"},{"created_at":"2023-04-21T20:54:24-07:00","entry_id":241505,"field1":"9.125","field2":"6"},{"created_at":"2023-04-21T21:04:00-07:00","entry_id":241506,"field1":"9.125","field2":"5.8125"},{"created_at":"2023-04-21T21:13:39-07:00","entry_id":241507,"field1":"9.0625","field2":"5.75"},{"created_at":"2023-04-21T21:23:15-07:00","entry_id":241508,"field1":"9.0625","field2":"5.6875"},{"created_at":"2023-04-21T21:32:53-07:00","entry_id":241509,"field1":"9.0625","field2":"5.5625"},{"created_at":"2023-04-21T21:42:31-07:00","entry_id":241510,"field1":"9","field2":"5.4375"},{"created_at":"2023-04-21T21:52:06-07:00","entry_id":241511,"field1":"9","field2":"5.3125"},{"created_at":"2023-04-21T22:01:44-07:00","entry_id":241512,"field1":"9","field2":"5.125"},{"created_at":"2023-04-21T22:11:22-07:00","entry_id":241513,"field1":"9","field2":"5.0625"},{"created_at":"2023-04-21T22:20:57-07:00","entry_id":241514,"field1":"8.9375","field2":"4.75"},{"created_at":"2023-04-21T22:30:36-07:00","entry_id":241515,"field1":"8.9375","field2":"4.5"},{"created_at":"2023-04-21T22:40:13-07:00","entry_id":241516,"field1":"8.875","field2":"4.5"},{"created_at":"2023-04-21T22:49:48-07:00","entry_id":241517,"field1":"8.875","field2":"4.25"},{"created_at":"2023-04-21T22:59:26-07:00","entry_id":241518,"field1":"8.875","field2":"4.125"},{"created_at":"2023-04-21T23:09:04-07:00","entry_id":241519,"field1":"8.8125","field2":"3.9375"},{"created_at":"2023-04-21T23:18:41-07:00","entry_id":241520,"field1":"8.75","field2":"3.6875"},{"created_at":"2023-04-21T23:28:16-07:00","entry_id":241521,"field1":"8.75","field2":"3.5625"},{"created_at":"2023-04-21T23:37:54-07:00","entry_id":241522,"field1":"8.6875","field2":"3.25"},{"created_at":"2023-04-21T23:47:31-07:00","entry_id":241523,"field1":"8.6875","field2":"3.4375"},{"created_at":"2023-04-21T23:57:09-07:00","entry_id":241524,"field1":"8.6875","field2":"3.5"}]}