{"channel":{"id":581842,"name":"Upstairs Small Window Indoor / Outdoor Sensor","latitude":"0.0","longitude":"0.0","field1":"Indoor Temperature","field2":"Outdoor Temperature","created_at":"2018-09-23T15:37:52-07:00","updated_at":"2020-07-27T05:59:41-07:00","last_entry_id":329026},"feeds":[{"created_at":"2024-11-29T00:06:44-08:00","entry_id":328746,"field1":"4.5625","field2":"0.3125"},{"created_at":"2024-11-29T00:16:21-08:00","entry_id":328747,"field1":"4.5625","field2":"0.25"},{"created_at":"2024-11-29T00:25:59-08:00","entry_id":328748,"field1":"4.5625","field2":"0.1875"},{"created_at":"2024-11-29T00:35:34-08:00","entry_id":328749,"field1":"4.625","field2":"0.75"},{"created_at":"2024-11-29T00:45:12-08:00","entry_id":328750,"field1":"4.625","field2":"0.5625"},{"created_at":"2024-11-29T00:54:49-08:00","entry_id":328751,"field1":"4.625","field2":"0.4375"},{"created_at":"2024-11-29T01:04:25-08:00","entry_id":328752,"field1":"4.625","field2":"0.25"},{"created_at":"2024-11-29T01:14:03-08:00","entry_id":328753,"field1":"4.625","field2":"0.1875"},{"created_at":"2024-11-29T01:23:39-08:00","entry_id":328754,"field1":"4.625","field2":"0.125"},{"created_at":"2024-11-29T01:33:15-08:00","entry_id":328755,"field1":"4.625","field2":"0.125"},{"created_at":"2024-11-29T01:42:52-08:00","entry_id":328756,"field1":"4.6875","field2":"0.125"},{"created_at":"2024-11-29T01:52:29-08:00","entry_id":328757,"field1":"4.6875","field2":"0.0625"},{"created_at":"2024-11-29T02:02:07-08:00","entry_id":328758,"field1":"4.75","field2":"0.125"},{"created_at":"2024-11-29T02:11:42-08:00","entry_id":328759,"field1":"4.75","field2":"0.0625"},{"created_at":"2024-11-29T02:21:19-08:00","entry_id":328760,"field1":"4.75","field2":"0.0625"},{"created_at":"2024-11-29T02:30:55-08:00","entry_id":328761,"field1":"4.75","field2":"0.125"},{"created_at":"2024-11-29T02:40:33-08:00","entry_id":328762,"field1":"4.75","field2":"0.0625"},{"created_at":"2024-11-29T02:50:11-08:00","entry_id":328763,"field1":"4.75","field2":"0"},{"created_at":"2024-11-29T02:59:48-08:00","entry_id":328764,"field1":"4.8125","field2":"0"},{"created_at":"2024-11-29T03:09:25-08:00","entry_id":328765,"field1":"4.8125","field2":"0.0625"},{"created_at":"2024-11-29T03:19:03-08:00","entry_id":328766,"field1":"4.8125","field2":"-0.0625"},{"created_at":"2024-11-29T03:28:39-08:00","entry_id":328767,"field1":"4.8125","field2":"-0.0625"},{"created_at":"2024-11-29T03:38:16-08:00","entry_id":328768,"field1":"4.8125","field2":"0"},{"created_at":"2024-11-29T03:47:54-08:00","entry_id":328769,"field1":"4.8125","field2":"0"},{"created_at":"2024-11-29T03:57:29-08:00","entry_id":328770,"field1":"4.8125","field2":"-0.0625"},{"created_at":"2024-11-29T04:07:06-08:00","entry_id":328771,"field1":"4.8125","field2":"0"},{"created_at":"2024-11-29T04:16:45-08:00","entry_id":328772,"field1":"4.875","field2":"0"},{"created_at":"2024-11-29T04:26:22-08:00","entry_id":328773,"field1":"4.875","field2":"0.0625"},{"created_at":"2024-11-29T04:35:59-08:00","entry_id":328774,"field1":"4.875","field2":"0.0625"},{"created_at":"2024-11-29T04:45:37-08:00","entry_id":328775,"field1":"4.875","field2":"0"},{"created_at":"2024-11-29T04:55:14-08:00","entry_id":328776,"field1":"4.875","field2":"0"},{"created_at":"2024-11-29T05:04:52-08:00","entry_id":328777,"field1":"4.875","field2":"0"},{"created_at":"2024-11-29T05:14:29-08:00","entry_id":328778,"field1":"4.875","field2":"-0.0625"},{"created_at":"2024-11-29T05:24:06-08:00","entry_id":328779,"field1":"4.875","field2":"-0.0625"},{"created_at":"2024-11-29T05:33:43-08:00","entry_id":328780,"field1":"4.875","field2":"-0.0625"},{"created_at":"2024-11-29T05:43:21-08:00","entry_id":328781,"field1":"4.9375","field2":"-0.0625"},{"created_at":"2024-11-29T05:52:56-08:00","entry_id":328782,"field1":"4.9375","field2":"0"},{"created_at":"2024-11-29T06:02:35-08:00","entry_id":328783,"field1":"4.9375","field2":"0"},{"created_at":"2024-11-29T06:12:12-08:00","entry_id":328784,"field1":"4.9375","field2":"0"},{"created_at":"2024-11-29T06:21:47-08:00","entry_id":328785,"field1":"4.9375","field2":"-0.125"},{"created_at":"2024-11-29T06:31:25-08:00","entry_id":328786,"field1":"4.9375","field2":"0"},{"created_at":"2024-11-29T06:41:00-08:00","entry_id":328787,"field1":"4.9375","field2":"-0.0625"},{"created_at":"2024-11-29T06:50:39-08:00","entry_id":328788,"field1":"4.9375","field2":"-0.1875"},{"created_at":"2024-11-29T07:00:16-08:00","entry_id":328789,"field1":"4.9375","field2":"-0.25"},{"created_at":"2024-11-29T07:09:54-08:00","entry_id":328790,"field1":"4.9375","field2":"-0.375"},{"created_at":"2024-11-29T07:19:31-08:00","entry_id":328791,"field1":"4.9375","field2":"-0.375"},{"created_at":"2024-11-29T07:29:08-08:00","entry_id":328792,"field1":"4.9375","field2":"-0.375"},{"created_at":"2024-11-29T07:38:46-08:00","entry_id":328793,"field1":"4.9375","field2":"-0.3125"},{"created_at":"2024-11-29T07:48:23-08:00","entry_id":328794,"field1":"4.9375","field2":"-0.3125"},{"created_at":"2024-11-29T07:58:01-08:00","entry_id":328795,"field1":"4.9375","field2":"-0.375"},{"created_at":"2024-11-29T08:07:38-08:00","entry_id":328796,"field1":"5","field2":"-0.3125"},{"created_at":"2024-11-29T08:17:15-08:00","entry_id":328797,"field1":"5","field2":"-0.1875"},{"created_at":"2024-11-29T08:26:50-08:00","entry_id":328798,"field1":"4.9375","field2":"-0.0625"},{"created_at":"2024-11-29T08:36:29-08:00","entry_id":328799,"field1":"5","field2":"0.0625"},{"created_at":"2024-11-29T08:46:07-08:00","entry_id":328800,"field1":"5","field2":"0.125"},{"created_at":"2024-11-29T08:55:43-08:00","entry_id":328801,"field1":"5","field2":"0.1875"},{"created_at":"2024-11-29T09:05:20-08:00","entry_id":328802,"field1":"5","field2":"0.1875"},{"created_at":"2024-11-29T09:14:56-08:00","entry_id":328803,"field1":"5.0625","field2":"0.375"},{"created_at":"2024-11-29T09:24:35-08:00","entry_id":328804,"field1":"5","field2":"0.3125"},{"created_at":"2024-11-29T09:34:12-08:00","entry_id":328805,"field1":"5.0625","field2":"0.25"},{"created_at":"2024-11-29T09:43:49-08:00","entry_id":328806,"field1":"5.0625","field2":"0.4375"},{"created_at":"2024-11-29T09:53:24-08:00","entry_id":328807,"field1":"5.0625","field2":"0.75"},{"created_at":"2024-11-29T10:03:01-08:00","entry_id":328808,"field1":"5.0625","field2":"0.625"},{"created_at":"2024-11-29T10:12:38-08:00","entry_id":328809,"field1":"5.125","field2":"0.625"},{"created_at":"2024-11-29T10:22:15-08:00","entry_id":328810,"field1":"5.125","field2":"0.75"},{"created_at":"2024-11-29T10:31:53-08:00","entry_id":328811,"field1":"5.0625","field2":"0.5625"},{"created_at":"2024-11-29T10:41:30-08:00","entry_id":328812,"field1":"5.125","field2":"0.625"},{"created_at":"2024-11-29T10:51:08-08:00","entry_id":328813,"field1":"5.125","field2":"0.6875"},{"created_at":"2024-11-29T11:00:45-08:00","entry_id":328814,"field1":"5.125","field2":"0.75"},{"created_at":"2024-11-29T11:10:23-08:00","entry_id":328815,"field1":"5.125","field2":"0.875"},{"created_at":"2024-11-29T11:20:01-08:00","entry_id":328816,"field1":"5.1875","field2":"0.9375"},{"created_at":"2024-11-29T11:29:38-08:00","entry_id":328817,"field1":"5.1875","field2":"0.75"},{"created_at":"2024-11-29T11:39:14-08:00","entry_id":328818,"field1":"5.1875","field2":"0.8125"},{"created_at":"2024-11-29T11:48:52-08:00","entry_id":328819,"field1":"5","field2":"0.875"},{"created_at":"2024-11-29T11:58:29-08:00","entry_id":328820,"field1":"4.9375","field2":"0.9375"},{"created_at":"2024-11-29T12:08:04-08:00","entry_id":328821,"field1":"4.875","field2":"1.0625"},{"created_at":"2024-11-29T12:17:43-08:00","entry_id":328822,"field1":"4.8125","field2":"1"},{"created_at":"2024-11-29T12:27:20-08:00","entry_id":328823,"field1":"4.75","field2":"1.0625"},{"created_at":"2024-11-29T12:36:57-08:00","entry_id":328824,"field1":"4.6875","field2":"0.875"},{"created_at":"2024-11-29T12:46:32-08:00","entry_id":328825,"field1":"4.6875","field2":"1.0625"},{"created_at":"2024-11-29T12:56:09-08:00","entry_id":328826,"field1":"4.625","field2":"1.0625"},{"created_at":"2024-11-29T13:05:45-08:00","entry_id":328827,"field1":"4.5625","field2":"1.1875"},{"created_at":"2024-11-29T13:15:24-08:00","entry_id":328828,"field1":"4.5625","field2":"1.375"},{"created_at":"2024-11-29T13:25:01-08:00","entry_id":328829,"field1":"4.5625","field2":"1.375"},{"created_at":"2024-11-29T13:34:38-08:00","entry_id":328830,"field1":"4.5","field2":"1.1875"},{"created_at":"2024-11-29T13:44:13-08:00","entry_id":328831,"field1":"4.5","field2":"1.25"},{"created_at":"2024-11-29T13:53:49-08:00","entry_id":328832,"field1":"4.4375","field2":"1.3125"},{"created_at":"2024-11-29T14:03:25-08:00","entry_id":328833,"field1":"4.4375","field2":"1.5"},{"created_at":"2024-11-29T14:13:04-08:00","entry_id":328834,"field1":"4.4375","field2":"1.5"},{"created_at":"2024-11-29T14:22:39-08:00","entry_id":328835,"field1":"4.375","field2":"1.5625"},{"created_at":"2024-11-29T14:32:18-08:00","entry_id":328836,"field1":"4.375","field2":"1.625"},{"created_at":"2024-11-29T14:41:55-08:00","entry_id":328837,"field1":"4.375","field2":"1.6875"},{"created_at":"2024-11-29T14:51:33-08:00","entry_id":328838,"field1":"4.3125","field2":"1.625"},{"created_at":"2024-11-29T15:01:10-08:00","entry_id":328839,"field1":"4.3125","field2":"1.5"},{"created_at":"2024-11-29T15:10:47-08:00","entry_id":328840,"field1":"4.3125","field2":"1.5625"},{"created_at":"2024-11-29T15:20:25-08:00","entry_id":328841,"field1":"4.3125","field2":"1.5"},{"created_at":"2024-11-29T15:30:03-08:00","entry_id":328842,"field1":"4.25","field2":"1.375"},{"created_at":"2024-11-29T15:39:40-08:00","entry_id":328843,"field1":"4.25","field2":"1.3125"},{"created_at":"2024-11-29T15:49:18-08:00","entry_id":328844,"field1":"4.25","field2":"1.1875"},{"created_at":"2024-11-29T15:58:55-08:00","entry_id":328845,"field1":"4.1875","field2":"1.125"},{"created_at":"2024-11-29T16:08:32-08:00","entry_id":328846,"field1":"4.1875","field2":"1.125"},{"created_at":"2024-11-29T16:18:07-08:00","entry_id":328847,"field1":"4.125","field2":"1.0625"},{"created_at":"2024-11-29T16:27:45-08:00","entry_id":328848,"field1":"4.125","field2":"1"},{"created_at":"2024-11-29T16:37:21-08:00","entry_id":328849,"field1":"4.125","field2":"1"},{"created_at":"2024-11-29T16:46:59-08:00","entry_id":328850,"field1":"4.125","field2":"1"},{"created_at":"2024-11-29T16:56:34-08:00","entry_id":328851,"field1":"4.0625","field2":"0.9375"},{"created_at":"2024-11-29T17:06:13-08:00","entry_id":328852,"field1":"4.0625","field2":"0.9375"},{"created_at":"2024-11-29T17:15:50-08:00","entry_id":328853,"field1":"4","field2":"0.9375"},{"created_at":"2024-11-29T17:25:27-08:00","entry_id":328854,"field1":"4","field2":"0.9375"},{"created_at":"2024-11-29T17:35:03-08:00","entry_id":328855,"field1":"4","field2":"0.875"},{"created_at":"2024-11-29T17:44:39-08:00","entry_id":328856,"field1":"4","field2":"0.8125"},{"created_at":"2024-11-29T17:54:16-08:00","entry_id":328857,"field1":"3.9375","field2":"0.8125"},{"created_at":"2024-11-29T18:03:54-08:00","entry_id":328858,"field1":"3.9375","field2":"0.8125"},{"created_at":"2024-11-29T18:13:31-08:00","entry_id":328859,"field1":"3.875","field2":"0.8125"},{"created_at":"2024-11-29T18:23:08-08:00","entry_id":328860,"field1":"3.875","field2":"0.875"},{"created_at":"2024-11-29T18:32:44-08:00","entry_id":328861,"field1":"3.875","field2":"0.875"},{"created_at":"2024-11-29T18:42:22-08:00","entry_id":328862,"field1":"3.875","field2":"0.9375"},{"created_at":"2024-11-29T18:51:58-08:00","entry_id":328863,"field1":"3.8125","field2":"0.875"},{"created_at":"2024-11-29T19:01:35-08:00","entry_id":328864,"field1":"3.8125","field2":"0.9375"},{"created_at":"2024-11-29T19:11:12-08:00","entry_id":328865,"field1":"3.8125","field2":"1"},{"created_at":"2024-11-29T19:20:49-08:00","entry_id":328866,"field1":"3.75","field2":"1"},{"created_at":"2024-11-29T19:30:26-08:00","entry_id":328867,"field1":"3.75","field2":"0.9375"},{"created_at":"2024-11-29T19:40:03-08:00","entry_id":328868,"field1":"3.75","field2":"0.9375"},{"created_at":"2024-11-29T19:49:40-08:00","entry_id":328869,"field1":"3.6875","field2":"0.9375"},{"created_at":"2024-11-29T19:59:17-08:00","entry_id":328870,"field1":"3.6875","field2":"1"},{"created_at":"2024-11-29T20:08:52-08:00","entry_id":328871,"field1":"3.6875","field2":"1"},{"created_at":"2024-11-29T20:18:31-08:00","entry_id":328872,"field1":"3.6875","field2":"0.9375"},{"created_at":"2024-11-29T20:28:08-08:00","entry_id":328873,"field1":"3.6875","field2":"0.875"},{"created_at":"2024-11-29T20:37:43-08:00","entry_id":328874,"field1":"3.625","field2":"0.875"},{"created_at":"2024-11-29T20:47:21-08:00","entry_id":328875,"field1":"3.625","field2":"0.875"},{"created_at":"2024-11-29T20:56:58-08:00","entry_id":328876,"field1":"3.625","field2":"0.9375"},{"created_at":"2024-11-29T21:06:34-08:00","entry_id":328877,"field1":"3.625","field2":"0.875"},{"created_at":"2024-11-29T21:16:10-08:00","entry_id":328878,"field1":"3.5625","field2":"0.875"},{"created_at":"2024-11-29T21:25:48-08:00","entry_id":328879,"field1":"3.5625","field2":"0.9375"},{"created_at":"2024-11-29T21:35:23-08:00","entry_id":328880,"field1":"3.5625","field2":"0.9375"},{"created_at":"2024-11-29T21:45:01-08:00","entry_id":328881,"field1":"3.5625","field2":"0.875"},{"created_at":"2024-11-29T21:54:38-08:00","entry_id":328882,"field1":"3.5","field2":"0.875"},{"created_at":"2024-11-29T22:04:16-08:00","entry_id":328883,"field1":"3.5","field2":"0.875"},{"created_at":"2024-11-29T22:13:51-08:00","entry_id":328884,"field1":"3.5","field2":"0.875"},{"created_at":"2024-11-29T22:23:27-08:00","entry_id":328885,"field1":"3.5","field2":"0.9375"},{"created_at":"2024-11-29T22:33:05-08:00","entry_id":328886,"field1":"3.5","field2":"0.9375"},{"created_at":"2024-11-29T22:42:43-08:00","entry_id":328887,"field1":"3.4375","field2":"0.9375"},{"created_at":"2024-11-29T22:52:20-08:00","entry_id":328888,"field1":"3.4375","field2":"0.75"},{"created_at":"2024-11-29T23:01:57-08:00","entry_id":328889,"field1":"3.4375","field2":"0.5625"},{"created_at":"2024-11-29T23:11:32-08:00","entry_id":328890,"field1":"3.4375","field2":"0.4375"},{"created_at":"2024-11-29T23:21:10-08:00","entry_id":328891,"field1":"3.375","field2":"0.4375"},{"created_at":"2024-11-29T23:30:45-08:00","entry_id":328892,"field1":"3.375","field2":"0.375"},{"created_at":"2024-11-29T23:40:23-08:00","entry_id":328893,"field1":"3.375","field2":"0.375"},{"created_at":"2024-11-29T23:50:00-08:00","entry_id":328894,"field1":"3.375","field2":"0.375"},{"created_at":"2024-11-29T23:59:37-08:00","entry_id":328895,"field1":"3.3125","field2":"0.25"}]}