{"channel":{"id":581842,"name":"Upstairs Small Window Indoor / Outdoor Sensor","latitude":"0.0","longitude":"0.0","field1":"Indoor Temperature","field2":"Outdoor Temperature","created_at":"2018-09-23T15:37:52-07:00","updated_at":"2020-07-27T05:59:41-07:00","last_entry_id":219734},"feeds":[{"created_at":"2022-11-25T00:00:15-08:00","entry_id":219453,"field1":"6.4375","field2":"0"},{"created_at":"2022-11-25T00:09:52-08:00","entry_id":219454,"field1":"6.3125","field2":"-0.125"},{"created_at":"2022-11-25T00:19:29-08:00","entry_id":219455,"field1":"6.1875","field2":"-0.125"},{"created_at":"2022-11-25T00:29:07-08:00","entry_id":219456,"field1":"6.5625","field2":"-0.125"},{"created_at":"2022-11-25T00:38:43-08:00","entry_id":219457,"field1":"7.1875","field2":"-0.125"},{"created_at":"2022-11-25T00:48:22-08:00","entry_id":219458,"field1":"7.5625","field2":"-0.125"},{"created_at":"2022-11-25T00:57:59-08:00","entry_id":219459,"field1":"7.875","field2":"-0.125"},{"created_at":"2022-11-25T01:07:37-08:00","entry_id":219460,"field1":"7.9375","field2":"-0.0625"},{"created_at":"2022-11-25T01:17:14-08:00","entry_id":219461,"field1":"7.4375","field2":"-0.0625"},{"created_at":"2022-11-25T01:26:52-08:00","entry_id":219462,"field1":"7.125","field2":"-0.0625"},{"created_at":"2022-11-25T01:36:28-08:00","entry_id":219463,"field1":"6.875","field2":"0"},{"created_at":"2022-11-25T01:46:04-08:00","entry_id":219464,"field1":"6.6875","field2":"0"},{"created_at":"2022-11-25T01:55:42-08:00","entry_id":219465,"field1":"6.5","field2":"0"},{"created_at":"2022-11-25T02:05:19-08:00","entry_id":219466,"field1":"6.375","field2":"-0.0625"},{"created_at":"2022-11-25T02:14:56-08:00","entry_id":219467,"field1":"6.25","field2":"-0.0625"},{"created_at":"2022-11-25T02:24:33-08:00","entry_id":219468,"field1":"6.25","field2":"-0.125"},{"created_at":"2022-11-25T02:34:10-08:00","entry_id":219469,"field1":"6.875","field2":"-0.0625"},{"created_at":"2022-11-25T02:43:48-08:00","entry_id":219470,"field1":"7.375","field2":"-0.0625"},{"created_at":"2022-11-25T02:53:26-08:00","entry_id":219471,"field1":"7.75","field2":"-0.0625"},{"created_at":"2022-11-25T03:03:04-08:00","entry_id":219472,"field1":"8","field2":"-0.0625"},{"created_at":"2022-11-25T03:12:42-08:00","entry_id":219473,"field1":"7.6875","field2":"-0.0625"},{"created_at":"2022-11-25T03:22:19-08:00","entry_id":219474,"field1":"7.25","field2":"-0.0625"},{"created_at":"2022-11-25T03:31:55-08:00","entry_id":219475,"field1":"6.9375","field2":"-0.125"},{"created_at":"2022-11-25T03:41:32-08:00","entry_id":219476,"field1":"6.75","field2":"-0.125"},{"created_at":"2022-11-25T03:51:10-08:00","entry_id":219477,"field1":"6.5625","field2":"-0.125"},{"created_at":"2022-11-25T04:00:47-08:00","entry_id":219478,"field1":"6.4375","field2":"-0.125"},{"created_at":"2022-11-25T04:10:24-08:00","entry_id":219479,"field1":"6.25","field2":"-0.125"},{"created_at":"2022-11-25T04:20:01-08:00","entry_id":219480,"field1":"6.1875","field2":"-0.1875"},{"created_at":"2022-11-25T04:29:39-08:00","entry_id":219481,"field1":"6.625","field2":"-0.1875"},{"created_at":"2022-11-25T04:39:16-08:00","entry_id":219482,"field1":"7.1875","field2":"-0.1875"},{"created_at":"2022-11-25T04:48:54-08:00","entry_id":219483,"field1":"7.5625","field2":"-0.25"},{"created_at":"2022-11-25T04:58:32-08:00","entry_id":219484,"field1":"7.875","field2":"-0.375"},{"created_at":"2022-11-25T05:08:10-08:00","entry_id":219485,"field1":"7.9375","field2":"-0.375"},{"created_at":"2022-11-25T05:17:46-08:00","entry_id":219486,"field1":"7.4375","field2":"-0.3125"},{"created_at":"2022-11-25T05:27:24-08:00","entry_id":219487,"field1":"7.125","field2":"-0.25"},{"created_at":"2022-11-25T05:37:01-08:00","entry_id":219488,"field1":"6.875","field2":"-0.3125"},{"created_at":"2022-11-25T05:46:39-08:00","entry_id":219489,"field1":"6.6875","field2":"-0.375"},{"created_at":"2022-11-25T05:56:16-08:00","entry_id":219490,"field1":"6.5","field2":"-0.375"},{"created_at":"2022-11-25T06:05:54-08:00","entry_id":219491,"field1":"6.3125","field2":"-0.25"},{"created_at":"2022-11-25T06:15:30-08:00","entry_id":219492,"field1":"6.1875","field2":"-0.25"},{"created_at":"2022-11-25T06:25:07-08:00","entry_id":219493,"field1":"6.25","field2":"-0.3125"},{"created_at":"2022-11-25T06:34:44-08:00","entry_id":219494,"field1":"6.875","field2":"-0.1875"},{"created_at":"2022-11-25T06:44:21-08:00","entry_id":219495,"field1":"7.3125","field2":"-0.0625"},{"created_at":"2022-11-25T06:53:56-08:00","entry_id":219496,"field1":"7.625","field2":"0.0625"},{"created_at":"2022-11-25T07:03:35-08:00","entry_id":219497,"field1":"7.9375","field2":"0.0625"},{"created_at":"2022-11-25T07:13:13-08:00","entry_id":219498,"field1":"7.75","field2":"-0.1875"},{"created_at":"2022-11-25T07:22:51-08:00","entry_id":219499,"field1":"7.25","field2":"-0.1875"},{"created_at":"2022-11-25T07:32:29-08:00","entry_id":219500,"field1":"7","field2":"-0.1875"},{"created_at":"2022-11-25T07:42:05-08:00","entry_id":219501,"field1":"6.75","field2":"-0.125"},{"created_at":"2022-11-25T07:51:42-08:00","entry_id":219502,"field1":"6.5625","field2":"-0.1875"},{"created_at":"2022-11-25T08:01:19-08:00","entry_id":219503,"field1":"6.4375","field2":"-0.1875"},{"created_at":"2022-11-25T08:10:55-08:00","entry_id":219504,"field1":"6.3125","field2":"-0.125"},{"created_at":"2022-11-25T08:20:34-08:00","entry_id":219505,"field1":"6.1875","field2":"-0.0625"},{"created_at":"2022-11-25T08:30:11-08:00","entry_id":219506,"field1":"6.4375","field2":"-0.1875"},{"created_at":"2022-11-25T08:39:49-08:00","entry_id":219507,"field1":"7.0625","field2":"-0.125"},{"created_at":"2022-11-25T08:49:26-08:00","entry_id":219508,"field1":"7.4375","field2":"-0.125"},{"created_at":"2022-11-25T08:59:04-08:00","entry_id":219509,"field1":"7.8125","field2":"-0.0625"},{"created_at":"2022-11-25T09:08:42-08:00","entry_id":219510,"field1":"8","field2":"0"},{"created_at":"2022-11-25T09:18:19-08:00","entry_id":219511,"field1":"7.5","field2":"0"},{"created_at":"2022-11-25T09:27:56-08:00","entry_id":219512,"field1":"7.125","field2":"0"},{"created_at":"2022-11-25T09:37:34-08:00","entry_id":219513,"field1":"6.875","field2":"-0.0625"},{"created_at":"2022-11-25T09:47:11-08:00","entry_id":219514,"field1":"6.6875","field2":"0"},{"created_at":"2022-11-25T09:56:46-08:00","entry_id":219515,"field1":"6.5","field2":"0.0625"},{"created_at":"2022-11-25T10:06:25-08:00","entry_id":219516,"field1":"6.375","field2":"0.125"},{"created_at":"2022-11-25T10:16:00-08:00","entry_id":219517,"field1":"6.25","field2":"0.125"},{"created_at":"2022-11-25T10:25:37-08:00","entry_id":219518,"field1":"6.1875","field2":"0.125"},{"created_at":"2022-11-25T10:35:13-08:00","entry_id":219519,"field1":"6.75","field2":"0.125"},{"created_at":"2022-11-25T10:44:52-08:00","entry_id":219520,"field1":"7.25","field2":"0.1875"},{"created_at":"2022-11-25T10:54:30-08:00","entry_id":219521,"field1":"7.6875","field2":"0.25"},{"created_at":"2022-11-25T11:04:06-08:00","entry_id":219522,"field1":"7.9375","field2":"0.25"},{"created_at":"2022-11-25T11:13:44-08:00","entry_id":219523,"field1":"7.9375","field2":"0.3125"},{"created_at":"2022-11-25T11:23:21-08:00","entry_id":219524,"field1":"7.4375","field2":"0.25"},{"created_at":"2022-11-25T11:32:59-08:00","entry_id":219525,"field1":"7.125","field2":"0.1875"},{"created_at":"2022-11-25T11:42:36-08:00","entry_id":219526,"field1":"6.875","field2":"0.1875"},{"created_at":"2022-11-25T11:52:13-08:00","entry_id":219527,"field1":"6.6875","field2":"0.1875"},{"created_at":"2022-11-25T12:01:51-08:00","entry_id":219528,"field1":"6.5625","field2":"0.1875"},{"created_at":"2022-11-25T12:11:28-08:00","entry_id":219529,"field1":"6.375","field2":"0.1875"},{"created_at":"2022-11-25T12:21:05-08:00","entry_id":219530,"field1":"6.25","field2":"0.1875"},{"created_at":"2022-11-25T12:30:42-08:00","entry_id":219531,"field1":"6.1875","field2":"0.1875"},{"created_at":"2022-11-25T12:40:20-08:00","entry_id":219532,"field1":"6.6875","field2":"0.1875"},{"created_at":"2022-11-25T12:49:58-08:00","entry_id":219533,"field1":"7.25","field2":"0.25"},{"created_at":"2022-11-25T12:59:36-08:00","entry_id":219534,"field1":"7.625","field2":"0.1875"},{"created_at":"2022-11-25T13:09:13-08:00","entry_id":219535,"field1":"7.9375","field2":"0.1875"},{"created_at":"2022-11-25T13:18:50-08:00","entry_id":219536,"field1":"7.875","field2":"0.125"},{"created_at":"2022-11-25T13:28:31-08:00","entry_id":219537,"field1":"7.375","field2":"0"},{"created_at":"2022-11-25T13:38:10-08:00","entry_id":219538,"field1":"7.0625","field2":"0"},{"created_at":"2022-11-25T13:47:47-08:00","entry_id":219539,"field1":"6.875","field2":"0.0625"},{"created_at":"2022-11-25T13:57:25-08:00","entry_id":219540,"field1":"6.6875","field2":"0.0625"},{"created_at":"2022-11-25T14:07:02-08:00","entry_id":219541,"field1":"6.5","field2":"0.125"},{"created_at":"2022-11-25T14:16:39-08:00","entry_id":219542,"field1":"6.375","field2":"0.25"},{"created_at":"2022-11-25T14:26:16-08:00","entry_id":219543,"field1":"6.25","field2":"0.1875"},{"created_at":"2022-11-25T14:35:54-08:00","entry_id":219544,"field1":"6.25","field2":"0.125"},{"created_at":"2022-11-25T14:45:31-08:00","entry_id":219545,"field1":"6.875","field2":"0.375"},{"created_at":"2022-11-25T14:55:07-08:00","entry_id":219546,"field1":"7.375","field2":"0.25"},{"created_at":"2022-11-25T15:04:45-08:00","entry_id":219547,"field1":"7.75","field2":"0.25"},{"created_at":"2022-11-25T15:14:23-08:00","entry_id":219548,"field1":"8.0625","field2":"0.1875"},{"created_at":"2022-11-25T15:24:00-08:00","entry_id":219549,"field1":"7.6875","field2":"0.25"},{"created_at":"2022-11-25T15:33:38-08:00","entry_id":219550,"field1":"7.25","field2":"0.25"},{"created_at":"2022-11-25T15:43:15-08:00","entry_id":219551,"field1":"6.9375","field2":"0.1875"},{"created_at":"2022-11-25T15:52:52-08:00","entry_id":219552,"field1":"6.75","field2":"0.25"},{"created_at":"2022-11-25T16:02:29-08:00","entry_id":219553,"field1":"6.5625","field2":"0.125"},{"created_at":"2022-11-25T16:12:06-08:00","entry_id":219554,"field1":"6.4375","field2":"0.1875"},{"created_at":"2022-11-25T16:21:43-08:00","entry_id":219555,"field1":"6.3125","field2":"0.25"},{"created_at":"2022-11-25T16:31:21-08:00","entry_id":219556,"field1":"6.1875","field2":"0.1875"},{"created_at":"2022-11-25T16:40:58-08:00","entry_id":219557,"field1":"6.5625","field2":"0.1875"},{"created_at":"2022-11-25T16:50:35-08:00","entry_id":219558,"field1":"7.125","field2":"0.1875"},{"created_at":"2022-11-25T17:00:13-08:00","entry_id":219559,"field1":"7.5625","field2":"0.1875"},{"created_at":"2022-11-25T17:09:51-08:00","entry_id":219560,"field1":"7.875","field2":"0.25"},{"created_at":"2022-11-25T17:19:29-08:00","entry_id":219561,"field1":"8","field2":"0.1875"},{"created_at":"2022-11-25T17:29:07-08:00","entry_id":219562,"field1":"7.5","field2":"0.1875"},{"created_at":"2022-11-25T17:38:44-08:00","entry_id":219563,"field1":"7.125","field2":"0.1875"},{"created_at":"2022-11-25T17:48:20-08:00","entry_id":219564,"field1":"6.9375","field2":"0.1875"},{"created_at":"2022-11-25T17:57:58-08:00","entry_id":219565,"field1":"6.6875","field2":"0.1875"},{"created_at":"2022-11-25T18:07:35-08:00","entry_id":219566,"field1":"6.5625","field2":"0.1875"},{"created_at":"2022-11-25T18:17:13-08:00","entry_id":219567,"field1":"6.375","field2":"0.1875"},{"created_at":"2022-11-25T18:26:50-08:00","entry_id":219568,"field1":"6.25","field2":"0.1875"},{"created_at":"2022-11-25T18:36:27-08:00","entry_id":219569,"field1":"6.1875","field2":"0.125"},{"created_at":"2022-11-25T18:46:04-08:00","entry_id":219570,"field1":"6.8125","field2":"0.1875"},{"created_at":"2022-11-25T18:55:42-08:00","entry_id":219571,"field1":"7.3125","field2":"0.1875"},{"created_at":"2022-11-25T19:05:20-08:00","entry_id":219572,"field1":"7.6875","field2":"0.1875"},{"created_at":"2022-11-25T19:14:58-08:00","entry_id":219573,"field1":"8","field2":"0.0625"},{"created_at":"2022-11-25T19:24:34-08:00","entry_id":219574,"field1":"7.9375","field2":"0"},{"created_at":"2022-11-25T19:34:13-08:00","entry_id":219575,"field1":"7.4375","field2":"-0.0625"},{"created_at":"2022-11-25T19:43:49-08:00","entry_id":219576,"field1":"7.125","field2":"-0.125"},{"created_at":"2022-11-25T19:53:27-08:00","entry_id":219577,"field1":"6.875","field2":"-0.0625"},{"created_at":"2022-11-25T20:03:03-08:00","entry_id":219578,"field1":"6.6875","field2":"0"},{"created_at":"2022-11-25T20:12:41-08:00","entry_id":219579,"field1":"6.5625","field2":"0.125"},{"created_at":"2022-11-25T20:22:18-08:00","entry_id":219580,"field1":"6.375","field2":"0.1875"},{"created_at":"2022-11-25T20:31:55-08:00","entry_id":219581,"field1":"6.25","field2":"0.1875"},{"created_at":"2022-11-25T20:41:32-08:00","entry_id":219582,"field1":"6.1875","field2":"0.1875"},{"created_at":"2022-11-25T20:51:09-08:00","entry_id":219583,"field1":"6.8125","field2":"0.1875"},{"created_at":"2022-11-25T21:00:46-08:00","entry_id":219584,"field1":"7.3125","field2":"0.1875"},{"created_at":"2022-11-25T21:10:24-08:00","entry_id":219585,"field1":"7.75","field2":"0.1875"},{"created_at":"2022-11-25T21:20:01-08:00","entry_id":219586,"field1":"8.0625","field2":"0.1875"},{"created_at":"2022-11-25T21:29:39-08:00","entry_id":219587,"field1":"7.75","field2":"0.1875"},{"created_at":"2022-11-25T21:39:16-08:00","entry_id":219588,"field1":"7.3125","field2":"0.1875"},{"created_at":"2022-11-25T21:48:54-08:00","entry_id":219589,"field1":"7","field2":"0.1875"},{"created_at":"2022-11-25T21:58:31-08:00","entry_id":219590,"field1":"6.8125","field2":"0.1875"},{"created_at":"2022-11-25T22:08:08-08:00","entry_id":219591,"field1":"6.625","field2":"0.1875"},{"created_at":"2022-11-25T22:17:45-08:00","entry_id":219592,"field1":"6.5","field2":"0.1875"},{"created_at":"2022-11-25T22:27:22-08:00","entry_id":219593,"field1":"6.3125","field2":"0.1875"},{"created_at":"2022-11-25T22:36:59-08:00","entry_id":219594,"field1":"6.1875","field2":"0.25"},{"created_at":"2022-11-25T22:46:37-08:00","entry_id":219595,"field1":"6.4375","field2":"0.25"},{"created_at":"2022-11-25T22:56:14-08:00","entry_id":219596,"field1":"7.0625","field2":"0.25"},{"created_at":"2022-11-25T23:05:51-08:00","entry_id":219597,"field1":"7.5","field2":"0.25"},{"created_at":"2022-11-25T23:15:30-08:00","entry_id":219598,"field1":"7.875","field2":"0.25"},{"created_at":"2022-11-25T23:25:08-08:00","entry_id":219599,"field1":"8.125","field2":"0.25"},{"created_at":"2022-11-25T23:34:45-08:00","entry_id":219600,"field1":"7.625","field2":"0.25"},{"created_at":"2022-11-25T23:44:22-08:00","entry_id":219601,"field1":"7.25","field2":"0.3125"},{"created_at":"2022-11-25T23:53:59-08:00","entry_id":219602,"field1":"6.9375","field2":"0.3125"}]}