{"channel":{"id":581842,"name":"Upstairs Small Window Indoor / Outdoor Sensor","latitude":"0.0","longitude":"0.0","field1":"Indoor Temperature","field2":"Outdoor Temperature","created_at":"2018-09-23T15:37:52-07:00","updated_at":"2020-07-27T05:59:41-07:00","last_entry_id":150129},"feeds":[{"created_at":"2021-02-08T00:02:39-08:00","entry_id":123919,"field1":"0.25","field2":"-3.625"},{"created_at":"2021-02-08T00:12:16-08:00","entry_id":123920,"field1":"0.1875","field2":"-3.5"},{"created_at":"2021-02-08T00:21:51-08:00","entry_id":123921,"field1":"0.1875","field2":"-3.25"},{"created_at":"2021-02-08T00:31:27-08:00","entry_id":123922,"field1":"0.1875","field2":"-3.375"},{"created_at":"2021-02-08T00:41:05-08:00","entry_id":123923,"field1":"0.125","field2":"-3.375"},{"created_at":"2021-02-08T00:50:40-08:00","entry_id":123924,"field1":"0.125","field2":"-3.5"},{"created_at":"2021-02-08T01:00:18-08:00","entry_id":123925,"field1":"0.0625","field2":"-3.5625"},{"created_at":"2021-02-08T01:09:55-08:00","entry_id":123926,"field1":"0.0625","field2":"-3.75"},{"created_at":"2021-02-08T01:19:30-08:00","entry_id":123927,"field1":"0.0625","field2":"-3.6875"},{"created_at":"2021-02-08T01:29:08-08:00","entry_id":123928,"field1":"0.0625","field2":"-4"},{"created_at":"2021-02-08T01:38:45-08:00","entry_id":123929,"field1":"0","field2":"-4.0625"},{"created_at":"2021-02-08T01:48:22-08:00","entry_id":123930,"field1":"0","field2":"-4.1875"},{"created_at":"2021-02-08T01:57:58-08:00","entry_id":123931,"field1":"0","field2":"-4.3125"},{"created_at":"2021-02-08T02:07:36-08:00","entry_id":123932,"field1":"-0.0625","field2":"-4.3125"},{"created_at":"2021-02-08T02:17:11-08:00","entry_id":123933,"field1":"-0.0625","field2":"-4.4375"},{"created_at":"2021-02-08T02:26:49-08:00","entry_id":123934,"field1":"-0.125","field2":"-4.5"},{"created_at":"2021-02-08T02:36:25-08:00","entry_id":123935,"field1":"-0.125","field2":"-4.75"},{"created_at":"2021-02-08T02:46:01-08:00","entry_id":123936,"field1":"-0.125","field2":"-4.9375"},{"created_at":"2021-02-08T02:55:37-08:00","entry_id":123937,"field1":"-0.125","field2":"-5.0625"},{"created_at":"2021-02-08T03:05:16-08:00","entry_id":123938,"field1":"-0.1875","field2":"-5.375"},{"created_at":"2021-02-08T03:14:51-08:00","entry_id":123939,"field1":"-0.1875","field2":"-5.5625"},{"created_at":"2021-02-08T03:24:29-08:00","entry_id":123940,"field1":"-0.25","field2":"-5.625"},{"created_at":"2021-02-08T03:34:05-08:00","entry_id":123941,"field1":"-0.25","field2":"-5.75"},{"created_at":"2021-02-08T03:43:42-08:00","entry_id":123942,"field1":"-0.25","field2":"-6.3125"},{"created_at":"2021-02-08T03:53:18-08:00","entry_id":123943,"field1":"-0.3125","field2":"-6.4375"},{"created_at":"2021-02-08T04:02:55-08:00","entry_id":123944,"field1":"-0.3125","field2":"-6.75"},{"created_at":"2021-02-08T04:12:31-08:00","entry_id":123945,"field1":"-0.375","field2":"-6.9375"},{"created_at":"2021-02-08T04:22:08-08:00","entry_id":123946,"field1":"-0.375","field2":"-6.8125"},{"created_at":"2021-02-08T04:31:43-08:00","entry_id":123947,"field1":"-0.4375","field2":"-6.9375"},{"created_at":"2021-02-08T04:41:19-08:00","entry_id":123948,"field1":"-0.4375","field2":"-6.6875"},{"created_at":"2021-02-08T04:50:56-08:00","entry_id":123949,"field1":"-0.5","field2":"-7.0625"},{"created_at":"2021-02-08T05:00:32-08:00","entry_id":123950,"field1":"-0.5","field2":"-7.0625"},{"created_at":"2021-02-08T05:10:09-08:00","entry_id":123951,"field1":"-0.5625","field2":"-6.9375"},{"created_at":"2021-02-08T05:19:45-08:00","entry_id":123952,"field1":"-0.625","field2":"-7.1875"},{"created_at":"2021-02-08T05:29:22-08:00","entry_id":123953,"field1":"-0.625","field2":"-7.25"},{"created_at":"2021-02-08T05:38:57-08:00","entry_id":123954,"field1":"-0.6875","field2":"-7.375"},{"created_at":"2021-02-08T05:48:34-08:00","entry_id":123955,"field1":"-0.6875","field2":"-7.375"},{"created_at":"2021-02-08T05:58:11-08:00","entry_id":123956,"field1":"-0.75","field2":"-7.5625"},{"created_at":"2021-02-08T06:07:47-08:00","entry_id":123957,"field1":"-0.8125","field2":"-7.5625"},{"created_at":"2021-02-08T06:17:24-08:00","entry_id":123958,"field1":"-0.8125","field2":"-7.625"},{"created_at":"2021-02-08T06:27:01-08:00","entry_id":123959,"field1":"-0.875","field2":"-7.8125"},{"created_at":"2021-02-08T06:36:37-08:00","entry_id":123960,"field1":"-0.9375","field2":"-7.9375"},{"created_at":"2021-02-08T06:46:12-08:00","entry_id":123961,"field1":"-0.9375","field2":"-8"},{"created_at":"2021-02-08T06:55:50-08:00","entry_id":123962,"field1":"-1","field2":"-8.0625"},{"created_at":"2021-02-08T07:05:26-08:00","entry_id":123963,"field1":"-1","field2":"-8.1875"},{"created_at":"2021-02-08T07:15:02-08:00","entry_id":123964,"field1":"-1.0625","field2":"-8.3125"},{"created_at":"2021-02-08T07:24:39-08:00","entry_id":123965,"field1":"-1.0625","field2":"-8.3125"},{"created_at":"2021-02-08T07:34:14-08:00","entry_id":123966,"field1":"-1.125","field2":"-8.375"},{"created_at":"2021-02-08T07:43:49-08:00","entry_id":123967,"field1":"-1.1875","field2":"-8.4375"},{"created_at":"2021-02-08T07:53:25-08:00","entry_id":123968,"field1":"-1.1875","field2":"-8.625"},{"created_at":"2021-02-08T08:03:01-08:00","entry_id":123969,"field1":"-1.25","field2":"-9.25"},{"created_at":"2021-02-08T08:12:37-08:00","entry_id":123970,"field1":"-1.25","field2":"-8.875"},{"created_at":"2021-02-08T08:22:13-08:00","entry_id":123971,"field1":"-1.3125","field2":"-8.75"},{"created_at":"2021-02-08T08:31:49-08:00","entry_id":123972,"field1":"-1.3125","field2":"-8.875"},{"created_at":"2021-02-08T08:41:24-08:00","entry_id":123973,"field1":"-1.3125","field2":"-8.6875"},{"created_at":"2021-02-08T08:51:00-08:00","entry_id":123974,"field1":"-1.125","field2":"-7.875"},{"created_at":"2021-02-08T09:00:38-08:00","entry_id":123975,"field1":"-0.9375","field2":"-7.3125"},{"created_at":"2021-02-08T09:10:14-08:00","entry_id":123976,"field1":"-1","field2":"-6.75"},{"created_at":"2021-02-08T09:19:50-08:00","entry_id":123977,"field1":"-0.6875","field2":"-5.75"},{"created_at":"2021-02-08T09:29:25-08:00","entry_id":123978,"field1":"-0.625","field2":"-4.3125"},{"created_at":"2021-02-08T09:39:01-08:00","entry_id":123979,"field1":"-0.625","field2":"-3.125"},{"created_at":"2021-02-08T09:48:36-08:00","entry_id":123980,"field1":"-1.1875","field2":"-1.9375"},{"created_at":"2021-02-08T09:58:13-08:00","entry_id":123981,"field1":"-1.375","field2":"-3.125"},{"created_at":"2021-02-08T10:07:49-08:00","entry_id":123982,"field1":"-1.125","field2":"-4.1875"},{"created_at":"2021-02-08T10:17:23-08:00","entry_id":123983,"field1":"-1.5","field2":"-5.6875"},{"created_at":"2021-02-08T10:27:00-08:00","entry_id":123984,"field1":"-1.1875","field2":"-6.25"},{"created_at":"2021-02-08T10:36:35-08:00","entry_id":123985,"field1":"-0.9375","field2":"-6.3125"},{"created_at":"2021-02-08T10:46:11-08:00","entry_id":123986,"field1":"-0.125","field2":"-5.6875"},{"created_at":"2021-02-08T10:55:47-08:00","entry_id":123987,"field1":"-1.1875","field2":"-6.5"},{"created_at":"2021-02-08T11:05:23-08:00","entry_id":123988,"field1":"-0.9375","field2":"-6.25"},{"created_at":"2021-02-08T11:15:00-08:00","entry_id":123989,"field1":"-1.25","field2":"-6.5625"},{"created_at":"2021-02-08T11:24:36-08:00","entry_id":123990,"field1":"-1.0625","field2":"-5.875"},{"created_at":"2021-02-08T11:34:13-08:00","entry_id":123991,"field1":"-1.125","field2":"-6.625"},{"created_at":"2021-02-08T11:43:50-08:00","entry_id":123992,"field1":"-0.625","field2":"-5.25"},{"created_at":"2021-02-08T11:53:23-08:00","entry_id":123993,"field1":"-1.125","field2":"-5.75"},{"created_at":"2021-02-08T12:02:58-08:00","entry_id":123994,"field1":"-1.25","field2":"-6.125"},{"created_at":"2021-02-08T12:12:34-08:00","entry_id":123995,"field1":"-1.625","field2":"-6.1875"},{"created_at":"2021-02-08T12:22:11-08:00","entry_id":123996,"field1":"-1.375","field2":"-5.375"},{"created_at":"2021-02-08T12:31:49-08:00","entry_id":123997,"field1":"-1","field2":"-5.875"},{"created_at":"2021-02-08T12:41:25-08:00","entry_id":123998,"field1":"-1.5625","field2":"-6.25"},{"created_at":"2021-02-08T12:51:01-08:00","entry_id":123999,"field1":"-1.3125","field2":"-6"},{"created_at":"2021-02-08T13:00:38-08:00","entry_id":124000,"field1":"-1.4375","field2":"-6.1875"},{"created_at":"2021-02-08T13:10:15-08:00","entry_id":124001,"field1":"-0.625","field2":"-5.6875"},{"created_at":"2021-02-08T13:19:53-08:00","entry_id":124002,"field1":"-1.1875","field2":"-5.875"},{"created_at":"2021-02-08T13:29:29-08:00","entry_id":124003,"field1":"-1.375","field2":"-6.0625"},{"created_at":"2021-02-08T13:39:07-08:00","entry_id":124004,"field1":"-1","field2":"-6.25"},{"created_at":"2021-02-08T13:48:44-08:00","entry_id":124005,"field1":"-1.1875","field2":"-6.1875"},{"created_at":"2021-02-08T13:58:20-08:00","entry_id":124006,"field1":"-1.1875","field2":"-6.4375"},{"created_at":"2021-02-08T14:07:57-08:00","entry_id":124007,"field1":"-0.875","field2":"-6.5625"},{"created_at":"2021-02-08T14:17:33-08:00","entry_id":124008,"field1":"-0.75","field2":"-6.4375"},{"created_at":"2021-02-08T14:27:09-08:00","entry_id":124009,"field1":"-1.125","field2":"-6.3125"},{"created_at":"2021-02-08T14:36:46-08:00","entry_id":124010,"field1":"-1.4375","field2":"-6.375"},{"created_at":"2021-02-08T14:46:21-08:00","entry_id":124011,"field1":"-1.0625","field2":"-6.6875"},{"created_at":"2021-02-08T14:55:58-08:00","entry_id":124012,"field1":"-1.125","field2":"-6.75"},{"created_at":"2021-02-08T15:05:35-08:00","entry_id":124013,"field1":"-1.0625","field2":"-6.8125"},{"created_at":"2021-02-08T15:15:11-08:00","entry_id":124014,"field1":"-1.0625","field2":"-7"},{"created_at":"2021-02-08T15:24:48-08:00","entry_id":124015,"field1":"-1.125","field2":"-7.0625"},{"created_at":"2021-02-08T15:34:24-08:00","entry_id":124016,"field1":"-1.125","field2":"-7.125"},{"created_at":"2021-02-08T15:44:00-08:00","entry_id":124017,"field1":"-1.0625","field2":"-7.125"},{"created_at":"2021-02-08T15:53:37-08:00","entry_id":124018,"field1":"-1.125","field2":"-7.25"},{"created_at":"2021-02-08T16:03:13-08:00","entry_id":124019,"field1":"-1.125","field2":"-7.25"},{"created_at":"2021-02-08T16:12:48-08:00","entry_id":124020,"field1":"-1.1875","field2":"-7.3125"},{"created_at":"2021-02-08T16:22:24-08:00","entry_id":124021,"field1":"-1.1875","field2":"-7.375"},{"created_at":"2021-02-08T16:32:01-08:00","entry_id":124022,"field1":"-1.25","field2":"-7.5"},{"created_at":"2021-02-08T16:41:38-08:00","entry_id":124023,"field1":"-1.3125","field2":"-7.625"},{"created_at":"2021-02-08T16:51:14-08:00","entry_id":124024,"field1":"-1.375","field2":"-7.75"},{"created_at":"2021-02-08T17:00:51-08:00","entry_id":124025,"field1":"-1.375","field2":"-7.9375"},{"created_at":"2021-02-08T17:10:27-08:00","entry_id":124026,"field1":"-1.4375","field2":"-8"},{"created_at":"2021-02-08T17:20:05-08:00","entry_id":124027,"field1":"-1.5","field2":"-8.1875"},{"created_at":"2021-02-08T17:29:41-08:00","entry_id":124028,"field1":"-1.5","field2":"-8.1875"},{"created_at":"2021-02-08T17:39:18-08:00","entry_id":124029,"field1":"-1.5625","field2":"-8.25"},{"created_at":"2021-02-08T17:48:55-08:00","entry_id":124030,"field1":"-1.625","field2":"-8.3125"},{"created_at":"2021-02-08T17:58:31-08:00","entry_id":124031,"field1":"-1.625","field2":"-8.3125"},{"created_at":"2021-02-08T18:08:06-08:00","entry_id":124032,"field1":"-1.6875","field2":"-8.375"},{"created_at":"2021-02-08T18:17:41-08:00","entry_id":124033,"field1":"-1.75","field2":"-8.5"},{"created_at":"2021-02-08T18:27:19-08:00","entry_id":124034,"field1":"-1.75","field2":"-8.5625"},{"created_at":"2021-02-08T18:36:56-08:00","entry_id":124035,"field1":"-1.8125","field2":"-8.6875"},{"created_at":"2021-02-08T18:46:32-08:00","entry_id":124036,"field1":"-1.875","field2":"-8.75"},{"created_at":"2021-02-08T18:56:08-08:00","entry_id":124037,"field1":"-1.875","field2":"-8.9375"},{"created_at":"2021-02-08T19:05:45-08:00","entry_id":124038,"field1":"-1.9375","field2":"-9.375"},{"created_at":"2021-02-08T19:15:19-08:00","entry_id":124039,"field1":"-2","field2":"-9.125"},{"created_at":"2021-02-08T19:24:55-08:00","entry_id":124040,"field1":"-2","field2":"-9.25"},{"created_at":"2021-02-08T19:34:33-08:00","entry_id":124041,"field1":"-2.0625","field2":"-9.8125"},{"created_at":"2021-02-08T19:44:08-08:00","entry_id":124042,"field1":"-2.125","field2":"-9.875"},{"created_at":"2021-02-08T19:53:45-08:00","entry_id":124043,"field1":"-2.1875","field2":"-10.3125"},{"created_at":"2021-02-08T20:03:20-08:00","entry_id":124044,"field1":"-2.1875","field2":"-10.625"},{"created_at":"2021-02-08T20:12:58-08:00","entry_id":124045,"field1":"-2.25","field2":"-10.6875"},{"created_at":"2021-02-08T20:22:35-08:00","entry_id":124046,"field1":"-2.3125","field2":"-10.8125"},{"created_at":"2021-02-08T20:32:11-08:00","entry_id":124047,"field1":"-2.3125","field2":"-10.6875"},{"created_at":"2021-02-08T20:41:47-08:00","entry_id":124048,"field1":"-2.375","field2":"-11"},{"created_at":"2021-02-08T20:51:22-08:00","entry_id":124049,"field1":"-2.4375","field2":"-10.625"},{"created_at":"2021-02-08T21:00:58-08:00","entry_id":124050,"field1":"-2.4375","field2":"-11.0625"},{"created_at":"2021-02-08T21:10:35-08:00","entry_id":124051,"field1":"-2.5625","field2":"-11.25"},{"created_at":"2021-02-08T21:20:12-08:00","entry_id":124052,"field1":"-2.5625","field2":"-11.375"},{"created_at":"2021-02-08T21:29:48-08:00","entry_id":124053,"field1":"-2.625","field2":"-11.8125"},{"created_at":"2021-02-08T21:39:24-08:00","entry_id":124054,"field1":"-2.6875","field2":"-12.125"},{"created_at":"2021-02-08T21:49:01-08:00","entry_id":124055,"field1":"-2.6875","field2":"-12.6875"},{"created_at":"2021-02-08T21:58:37-08:00","entry_id":124056,"field1":"-2.75","field2":"-12"},{"created_at":"2021-02-08T22:08:12-08:00","entry_id":124057,"field1":"-2.8125","field2":"-12.0625"},{"created_at":"2021-02-08T22:17:47-08:00","entry_id":124058,"field1":"-2.875","field2":"-11.8125"},{"created_at":"2021-02-08T22:27:25-08:00","entry_id":124059,"field1":"-2.875","field2":"-11.875"},{"created_at":"2021-02-08T22:37:01-08:00","entry_id":124060,"field1":"-2.9375","field2":"-11.6875"},{"created_at":"2021-02-08T22:46:36-08:00","entry_id":124061,"field1":"-3","field2":"-12.8125"},{"created_at":"2021-02-08T22:56:13-08:00","entry_id":124062,"field1":"-3.0625","field2":"-12.75"},{"created_at":"2021-02-08T23:05:48-08:00","entry_id":124063,"field1":"-3.125","field2":"-12.25"},{"created_at":"2021-02-08T23:15:25-08:00","entry_id":124064,"field1":"-3.125","field2":"-13"},{"created_at":"2021-02-08T23:25:00-08:00","entry_id":124065,"field1":"-3.1875","field2":"-13.5"},{"created_at":"2021-02-08T23:34:36-08:00","entry_id":124066,"field1":"-3.25","field2":"-12.875"},{"created_at":"2021-02-08T23:44:13-08:00","entry_id":124067,"field1":"-3.3125","field2":"-13"},{"created_at":"2021-02-08T23:53:48-08:00","entry_id":124068,"field1":"-3.3125","field2":"-13"}]}