{"channel":{"id":581842,"name":"Upstairs Small Window Indoor / Outdoor Sensor","latitude":"0.0","longitude":"0.0","field1":"Indoor Temperature","field2":"Outdoor Temperature","created_at":"2018-09-23T15:37:52-07:00","updated_at":"2020-07-27T05:59:41-07:00","last_entry_id":274708},"feeds":[{"created_at":"2023-11-30T00:06:38-08:00","entry_id":274428,"field1":"1.125","field2":"-0.3125"},{"created_at":"2023-11-30T00:16:14-08:00","entry_id":274429,"field1":"1.125","field2":"-0.3125"},{"created_at":"2023-11-30T00:25:51-08:00","entry_id":274430,"field1":"1.125","field2":"-0.375"},{"created_at":"2023-11-30T00:35:28-08:00","entry_id":274431,"field1":"1.125","field2":"-0.4375"},{"created_at":"2023-11-30T00:45:04-08:00","entry_id":274432,"field1":"1.125","field2":"-0.4375"},{"created_at":"2023-11-30T00:54:40-08:00","entry_id":274433,"field1":"1.125","field2":"-0.4375"},{"created_at":"2023-11-30T01:04:16-08:00","entry_id":274434,"field1":"1.0625","field2":"-0.5"},{"created_at":"2023-11-30T01:13:54-08:00","entry_id":274435,"field1":"1.0625","field2":"-0.4375"},{"created_at":"2023-11-30T01:23:31-08:00","entry_id":274436,"field1":"1.0625","field2":"-0.5"},{"created_at":"2023-11-30T01:33:06-08:00","entry_id":274437,"field1":"1.0625","field2":"-0.5625"},{"created_at":"2023-11-30T01:42:44-08:00","entry_id":274438,"field1":"1.0625","field2":"-0.5"},{"created_at":"2023-11-30T01:52:21-08:00","entry_id":274439,"field1":"1.0625","field2":"-0.5625"},{"created_at":"2023-11-30T02:01:57-08:00","entry_id":274440,"field1":"1.0625","field2":"-0.5625"},{"created_at":"2023-11-30T02:11:35-08:00","entry_id":274441,"field1":"1.0625","field2":"-0.5625"},{"created_at":"2023-11-30T02:21:13-08:00","entry_id":274442,"field1":"1.0625","field2":"-0.5625"},{"created_at":"2023-11-30T02:30:48-08:00","entry_id":274443,"field1":"1.0625","field2":"-0.5625"},{"created_at":"2023-11-30T02:40:26-08:00","entry_id":274444,"field1":"1","field2":"-0.5625"},{"created_at":"2023-11-30T02:50:04-08:00","entry_id":274445,"field1":"1","field2":"-0.625"},{"created_at":"2023-11-30T02:59:39-08:00","entry_id":274446,"field1":"1","field2":"-0.625"},{"created_at":"2023-11-30T03:09:16-08:00","entry_id":274447,"field1":"1","field2":"-0.625"},{"created_at":"2023-11-30T03:18:53-08:00","entry_id":274448,"field1":"1","field2":"-0.625"},{"created_at":"2023-11-30T03:28:29-08:00","entry_id":274449,"field1":"1","field2":"-0.6875"},{"created_at":"2023-11-30T03:38:07-08:00","entry_id":274450,"field1":"1","field2":"-0.75"},{"created_at":"2023-11-30T03:47:42-08:00","entry_id":274451,"field1":"0.9375","field2":"-0.6875"},{"created_at":"2023-11-30T03:57:18-08:00","entry_id":274452,"field1":"1","field2":"-0.6875"},{"created_at":"2023-11-30T04:06:56-08:00","entry_id":274453,"field1":"0.9375","field2":"-0.75"},{"created_at":"2023-11-30T04:16:33-08:00","entry_id":274454,"field1":"0.9375","field2":"-0.8125"},{"created_at":"2023-11-30T04:26:09-08:00","entry_id":274455,"field1":"0.9375","field2":"-0.75"},{"created_at":"2023-11-30T04:35:47-08:00","entry_id":274456,"field1":"0.9375","field2":"-0.8125"},{"created_at":"2023-11-30T04:45:24-08:00","entry_id":274457,"field1":"0.9375","field2":"-0.75"},{"created_at":"2023-11-30T04:55:00-08:00","entry_id":274458,"field1":"0.9375","field2":"-0.8125"},{"created_at":"2023-11-30T05:04:36-08:00","entry_id":274459,"field1":"0.875","field2":"-0.8125"},{"created_at":"2023-11-30T05:14:12-08:00","entry_id":274460,"field1":"0.875","field2":"-0.8125"},{"created_at":"2023-11-30T05:23:49-08:00","entry_id":274461,"field1":"0.875","field2":"-0.8125"},{"created_at":"2023-11-30T05:33:27-08:00","entry_id":274462,"field1":"0.875","field2":"-0.875"},{"created_at":"2023-11-30T05:43:04-08:00","entry_id":274463,"field1":"0.875","field2":"-0.875"},{"created_at":"2023-11-30T05:52:40-08:00","entry_id":274464,"field1":"0.875","field2":"-0.9375"},{"created_at":"2023-11-30T06:02:17-08:00","entry_id":274465,"field1":"0.875","field2":"-0.9375"},{"created_at":"2023-11-30T06:11:55-08:00","entry_id":274466,"field1":"0.8125","field2":"-1"},{"created_at":"2023-11-30T06:21:30-08:00","entry_id":274467,"field1":"0.8125","field2":"-1"},{"created_at":"2023-11-30T06:31:08-08:00","entry_id":274468,"field1":"0.8125","field2":"-1.0625"},{"created_at":"2023-11-30T06:40:45-08:00","entry_id":274469,"field1":"0.8125","field2":"-1.0625"},{"created_at":"2023-11-30T06:50:20-08:00","entry_id":274470,"field1":"0.8125","field2":"-1.0625"},{"created_at":"2023-11-30T06:59:59-08:00","entry_id":274471,"field1":"0.8125","field2":"-1"},{"created_at":"2023-11-30T07:09:35-08:00","entry_id":274472,"field1":"0.8125","field2":"-1.0625"},{"created_at":"2023-11-30T07:19:10-08:00","entry_id":274473,"field1":"0.8125","field2":"-1.0625"},{"created_at":"2023-11-30T07:28:47-08:00","entry_id":274474,"field1":"0.8125","field2":"-1.125"},{"created_at":"2023-11-30T07:38:25-08:00","entry_id":274475,"field1":"0.75","field2":"-1.125"},{"created_at":"2023-11-30T07:48:02-08:00","entry_id":274476,"field1":"0.75","field2":"-1.0625"},{"created_at":"2023-11-30T07:57:39-08:00","entry_id":274477,"field1":"0.75","field2":"-1.125"},{"created_at":"2023-11-30T08:07:14-08:00","entry_id":274478,"field1":"0.75","field2":"-1.0625"},{"created_at":"2023-11-30T08:16:53-08:00","entry_id":274479,"field1":"0.75","field2":"-1.0625"},{"created_at":"2023-11-30T08:26:30-08:00","entry_id":274480,"field1":"0.75","field2":"-1.0625"},{"created_at":"2023-11-30T08:36:07-08:00","entry_id":274481,"field1":"0.75","field2":"-1"},{"created_at":"2023-11-30T08:45:45-08:00","entry_id":274482,"field1":"0.75","field2":"-1.0625"},{"created_at":"2023-11-30T08:55:20-08:00","entry_id":274483,"field1":"0.6875","field2":"-1"},{"created_at":"2023-11-30T09:04:56-08:00","entry_id":274484,"field1":"0.6875","field2":"-0.9375"},{"created_at":"2023-11-30T09:14:34-08:00","entry_id":274485,"field1":"0.6875","field2":"-0.9375"},{"created_at":"2023-11-30T09:24:11-08:00","entry_id":274486,"field1":"0.6875","field2":"-0.9375"},{"created_at":"2023-11-30T09:33:48-08:00","entry_id":274487,"field1":"0.6875","field2":"-0.875"},{"created_at":"2023-11-30T09:43:25-08:00","entry_id":274488,"field1":"0.6875","field2":"-0.8125"},{"created_at":"2023-11-30T09:53:01-08:00","entry_id":274489,"field1":"0.6875","field2":"-0.75"},{"created_at":"2023-11-30T10:02:37-08:00","entry_id":274490,"field1":"0.6875","field2":"-0.6875"},{"created_at":"2023-11-30T10:12:13-08:00","entry_id":274491,"field1":"0.6875","field2":"-0.625"},{"created_at":"2023-11-30T10:21:50-08:00","entry_id":274492,"field1":"0.6875","field2":"-0.5625"},{"created_at":"2023-11-30T10:31:28-08:00","entry_id":274493,"field1":"0.6875","field2":"-0.4375"},{"created_at":"2023-11-30T10:41:06-08:00","entry_id":274494,"field1":"0.625","field2":"-0.375"},{"created_at":"2023-11-30T10:50:42-08:00","entry_id":274495,"field1":"0.625","field2":"-0.375"},{"created_at":"2023-11-30T11:00:18-08:00","entry_id":274496,"field1":"0.625","field2":"-0.25"},{"created_at":"2023-11-30T11:09:54-08:00","entry_id":274497,"field1":"0.625","field2":"-0.25"},{"created_at":"2023-11-30T11:19:32-08:00","entry_id":274498,"field1":"0.625","field2":"-0.1875"},{"created_at":"2023-11-30T11:29:08-08:00","entry_id":274499,"field1":"0.625","field2":"-0.25"},{"created_at":"2023-11-30T11:38:46-08:00","entry_id":274500,"field1":"0.625","field2":"-0.1875"},{"created_at":"2023-11-30T11:48:23-08:00","entry_id":274501,"field1":"0.625","field2":"-0.1875"},{"created_at":"2023-11-30T11:58:00-08:00","entry_id":274502,"field1":"0.625","field2":"-0.1875"},{"created_at":"2023-11-30T12:07:37-08:00","entry_id":274503,"field1":"0.625","field2":"-0.125"},{"created_at":"2023-11-30T12:17:12-08:00","entry_id":274504,"field1":"0.625","field2":"-0.0625"},{"created_at":"2023-11-30T12:26:48-08:00","entry_id":274505,"field1":"0.625","field2":"-0.0625"},{"created_at":"2023-11-30T12:36:27-08:00","entry_id":274506,"field1":"0.6875","field2":"-0.125"},{"created_at":"2023-11-30T12:46:02-08:00","entry_id":274507,"field1":"0.625","field2":"-0.1875"},{"created_at":"2023-11-30T12:55:40-08:00","entry_id":274508,"field1":"0.625","field2":"-0.125"},{"created_at":"2023-11-30T13:05:17-08:00","entry_id":274509,"field1":"0.6875","field2":"-0.0625"},{"created_at":"2023-11-30T13:14:52-08:00","entry_id":274510,"field1":"0.6875","field2":"-0.125"},{"created_at":"2023-11-30T13:24:30-08:00","entry_id":274511,"field1":"0.625","field2":"-0.0625"},{"created_at":"2023-11-30T13:34:06-08:00","entry_id":274512,"field1":"0.625","field2":"-0.125"},{"created_at":"2023-11-30T13:43:44-08:00","entry_id":274513,"field1":"0.6875","field2":"-0.0625"},{"created_at":"2023-11-30T13:53:20-08:00","entry_id":274514,"field1":"0.625","field2":"-0.0625"},{"created_at":"2023-11-30T14:02:56-08:00","entry_id":274515,"field1":"0.6875","field2":"-0.0625"},{"created_at":"2023-11-30T14:12:34-08:00","entry_id":274516,"field1":"0.6875","field2":"-0.0625"},{"created_at":"2023-11-30T14:22:09-08:00","entry_id":274517,"field1":"0.6875","field2":"0"},{"created_at":"2023-11-30T14:31:45-08:00","entry_id":274518,"field1":"0.6875","field2":"-0.0625"},{"created_at":"2023-11-30T14:41:23-08:00","entry_id":274519,"field1":"0.6875","field2":"-0.125"},{"created_at":"2023-11-30T14:51:00-08:00","entry_id":274520,"field1":"0.6875","field2":"-0.125"},{"created_at":"2023-11-30T15:00:36-08:00","entry_id":274521,"field1":"0.6875","field2":"-0.1875"},{"created_at":"2023-11-30T15:10:12-08:00","entry_id":274522,"field1":"0.6875","field2":"-0.25"},{"created_at":"2023-11-30T15:19:49-08:00","entry_id":274523,"field1":"0.625","field2":"-0.375"},{"created_at":"2023-11-30T15:29:26-08:00","entry_id":274524,"field1":"0.625","field2":"-0.4375"},{"created_at":"2023-11-30T15:39:02-08:00","entry_id":274525,"field1":"0.625","field2":"-0.5"},{"created_at":"2023-11-30T15:48:40-08:00","entry_id":274526,"field1":"0.625","field2":"-0.5625"},{"created_at":"2023-11-30T15:58:15-08:00","entry_id":274527,"field1":"0.625","field2":"-0.625"},{"created_at":"2023-11-30T16:07:52-08:00","entry_id":274528,"field1":"0.625","field2":"-0.6875"},{"created_at":"2023-11-30T16:17:29-08:00","entry_id":274529,"field1":"0.625","field2":"-0.6875"},{"created_at":"2023-11-30T16:27:06-08:00","entry_id":274530,"field1":"0.625","field2":"-0.6875"},{"created_at":"2023-11-30T16:36:44-08:00","entry_id":274531,"field1":"0.625","field2":"-0.6875"},{"created_at":"2023-11-30T16:46:19-08:00","entry_id":274532,"field1":"0.625","field2":"-0.6875"},{"created_at":"2023-11-30T16:55:57-08:00","entry_id":274533,"field1":"0.625","field2":"-0.75"},{"created_at":"2023-11-30T17:05:33-08:00","entry_id":274534,"field1":"0.625","field2":"-0.8125"},{"created_at":"2023-11-30T17:15:10-08:00","entry_id":274535,"field1":"0.625","field2":"-0.6875"},{"created_at":"2023-11-30T17:24:46-08:00","entry_id":274536,"field1":"0.625","field2":"-0.8125"},{"created_at":"2023-11-30T17:34:23-08:00","entry_id":274537,"field1":"0.5625","field2":"-0.75"},{"created_at":"2023-11-30T17:44:01-08:00","entry_id":274538,"field1":"0.625","field2":"-0.8125"},{"created_at":"2023-11-30T17:53:36-08:00","entry_id":274539,"field1":"0.5625","field2":"-0.8125"},{"created_at":"2023-11-30T18:03:13-08:00","entry_id":274540,"field1":"0.5625","field2":"-0.8125"},{"created_at":"2023-11-30T18:12:49-08:00","entry_id":274541,"field1":"0.5625","field2":"-0.875"},{"created_at":"2023-11-30T18:22:26-08:00","entry_id":274542,"field1":"0.5625","field2":"-0.875"},{"created_at":"2023-11-30T18:32:03-08:00","entry_id":274543,"field1":"0.5625","field2":"-0.9375"},{"created_at":"2023-11-30T18:41:38-08:00","entry_id":274544,"field1":"0.5625","field2":"-0.9375"},{"created_at":"2023-11-30T18:51:16-08:00","entry_id":274545,"field1":"0.5625","field2":"-1"},{"created_at":"2023-11-30T19:00:51-08:00","entry_id":274546,"field1":"0.5625","field2":"-0.9375"},{"created_at":"2023-11-30T19:10:27-08:00","entry_id":274547,"field1":"0.5625","field2":"-0.9375"},{"created_at":"2023-11-30T19:20:04-08:00","entry_id":274548,"field1":"0.5","field2":"-0.9375"},{"created_at":"2023-11-30T19:29:40-08:00","entry_id":274549,"field1":"0.5","field2":"-1.0625"},{"created_at":"2023-11-30T19:39:18-08:00","entry_id":274550,"field1":"0.5","field2":"-1"},{"created_at":"2023-11-30T19:48:53-08:00","entry_id":274551,"field1":"0.5","field2":"-1.0625"},{"created_at":"2023-11-30T19:58:29-08:00","entry_id":274552,"field1":"0.5","field2":"-1.0625"},{"created_at":"2023-11-30T20:08:07-08:00","entry_id":274553,"field1":"0.5","field2":"-1.0625"},{"created_at":"2023-11-30T20:17:42-08:00","entry_id":274554,"field1":"0.4375","field2":"-1"},{"created_at":"2023-11-30T20:27:18-08:00","entry_id":274555,"field1":"0.5","field2":"-1"},{"created_at":"2023-11-30T20:36:57-08:00","entry_id":274556,"field1":"0.4375","field2":"-1.0625"},{"created_at":"2023-11-30T20:46:32-08:00","entry_id":274557,"field1":"0.4375","field2":"-1.0625"},{"created_at":"2023-11-30T20:56:08-08:00","entry_id":274558,"field1":"0.4375","field2":"-1.0625"},{"created_at":"2023-11-30T21:05:45-08:00","entry_id":274559,"field1":"0.4375","field2":"-1"},{"created_at":"2023-11-30T21:15:23-08:00","entry_id":274560,"field1":"0.4375","field2":"-1.0625"},{"created_at":"2023-11-30T21:25:01-08:00","entry_id":274561,"field1":"0.4375","field2":"-1"},{"created_at":"2023-11-30T21:34:36-08:00","entry_id":274562,"field1":"0.4375","field2":"-1.0625"},{"created_at":"2023-11-30T21:44:13-08:00","entry_id":274563,"field1":"0.4375","field2":"-1.0625"},{"created_at":"2023-11-30T21:53:50-08:00","entry_id":274564,"field1":"0.4375","field2":"-1.125"},{"created_at":"2023-11-30T22:03:27-08:00","entry_id":274565,"field1":"0.375","field2":"-1.125"},{"created_at":"2023-11-30T22:13:04-08:00","entry_id":274566,"field1":"0.375","field2":"-1.0625"},{"created_at":"2023-11-30T22:22:41-08:00","entry_id":274567,"field1":"0.375","field2":"-1.0625"},{"created_at":"2023-11-30T22:32:18-08:00","entry_id":274568,"field1":"0.375","field2":"-1.125"},{"created_at":"2023-11-30T22:41:55-08:00","entry_id":274569,"field1":"0.375","field2":"-1.125"},{"created_at":"2023-11-30T22:51:33-08:00","entry_id":274570,"field1":"0.375","field2":"-1.25"},{"created_at":"2023-11-30T23:01:09-08:00","entry_id":274571,"field1":"0.375","field2":"-1.1875"},{"created_at":"2023-11-30T23:10:46-08:00","entry_id":274572,"field1":"0.375","field2":"-1.25"},{"created_at":"2023-11-30T23:20:22-08:00","entry_id":274573,"field1":"0.375","field2":"-1.375"},{"created_at":"2023-11-30T23:29:58-08:00","entry_id":274574,"field1":"0.3125","field2":"-1.3125"},{"created_at":"2023-11-30T23:39:34-08:00","entry_id":274575,"field1":"0.3125","field2":"-1.375"},{"created_at":"2023-11-30T23:49:10-08:00","entry_id":274576,"field1":"0.3125","field2":"-1.4375"},{"created_at":"2023-11-30T23:58:47-08:00","entry_id":274577,"field1":"0.3125","field2":"-1.4375"}]}