{"channel":{"id":581842,"name":"Upstairs Small Window Indoor / Outdoor Sensor","latitude":"0.0","longitude":"0.0","field1":"Indoor Temperature","field2":"Outdoor Temperature","created_at":"2018-09-23T15:37:52-07:00","updated_at":"2020-07-27T05:59:41-07:00","last_entry_id":150128},"feeds":[{"created_at":"2019-01-22T00:01:44-08:00","entry_id":16422,"field1":"0","field2":"-2"},{"created_at":"2019-01-22T00:11:21-08:00","entry_id":16423,"field1":"0","field2":"-2"},{"created_at":"2019-01-22T00:20:56-08:00","entry_id":16424,"field1":"-0.3125","field2":"-1.875"},{"created_at":"2019-01-22T00:30:33-08:00","entry_id":16425,"field1":"-0.3125","field2":"-2.0625"},{"created_at":"2019-01-22T00:40:11-08:00","entry_id":16426,"field1":"-0.1875","field2":"-2.0625"},{"created_at":"2019-01-22T00:49:47-08:00","entry_id":16427,"field1":"-0.1875","field2":"-2.125"},{"created_at":"2019-01-22T00:59:24-08:00","entry_id":16428,"field1":"-0.0625","field2":"-2.125"},{"created_at":"2019-01-22T01:09:01-08:00","entry_id":16429,"field1":"-0.0625","field2":"-2.3125"},{"created_at":"2019-01-22T01:18:37-08:00","entry_id":16430,"field1":"-0.0625","field2":"-2.3125"},{"created_at":"2019-01-22T01:28:15-08:00","entry_id":16431,"field1":"-0.0625","field2":"-2.3125"},{"created_at":"2019-01-22T01:37:52-08:00","entry_id":16432,"field1":"-0.0625","field2":"-2.375"},{"created_at":"2019-01-22T01:47:28-08:00","entry_id":16433,"field1":"-0.0625","field2":"-2.25"},{"created_at":"2019-01-22T01:57:05-08:00","entry_id":16434,"field1":"-0.0625","field2":"-2.375"},{"created_at":"2019-01-22T02:06:41-08:00","entry_id":16435,"field1":"-0.0625","field2":"-2.3125"},{"created_at":"2019-01-22T02:16:18-08:00","entry_id":16436,"field1":"-0.125","field2":"-2.375"},{"created_at":"2019-01-22T02:25:55-08:00","entry_id":16437,"field1":"-0.0625","field2":"-2.375"},{"created_at":"2019-01-22T02:35:32-08:00","entry_id":16438,"field1":"-0.125","field2":"-2.4375"},{"created_at":"2019-01-22T02:45:10-08:00","entry_id":16439,"field1":"-0.125","field2":"-2.5"},{"created_at":"2019-01-22T02:54:46-08:00","entry_id":16440,"field1":"-0.125","field2":"-2.5"},{"created_at":"2019-01-22T03:04:23-08:00","entry_id":16441,"field1":"-0.125","field2":"-2.5"},{"created_at":"2019-01-22T03:13:59-08:00","entry_id":16442,"field1":"-0.125","field2":"-2.4375"},{"created_at":"2019-01-22T03:23:37-08:00","entry_id":16443,"field1":"-0.125","field2":"-2.4375"},{"created_at":"2019-01-22T03:33:13-08:00","entry_id":16444,"field1":"-0.1875","field2":"-2.4375"},{"created_at":"2019-01-22T03:42:50-08:00","entry_id":16445,"field1":"-0.1875","field2":"-2.5625"},{"created_at":"2019-01-22T03:52:27-08:00","entry_id":16446,"field1":"-0.1875","field2":"-2.5"},{"created_at":"2019-01-22T04:02:03-08:00","entry_id":16447,"field1":"-0.1875","field2":"-2.5"},{"created_at":"2019-01-22T04:11:40-08:00","entry_id":16448,"field1":"-0.1875","field2":"-2.375"},{"created_at":"2019-01-22T04:21:16-08:00","entry_id":16449,"field1":"-0.1875","field2":"-2.5625"},{"created_at":"2019-01-22T04:30:53-08:00","entry_id":16450,"field1":"-0.1875","field2":"-2.5625"},{"created_at":"2019-01-22T04:40:31-08:00","entry_id":16451,"field1":"-0.3125","field2":"-2.5625"},{"created_at":"2019-01-22T04:50:06-08:00","entry_id":16452,"field1":"-0.6875","field2":"-2.4375"},{"created_at":"2019-01-22T04:59:43-08:00","entry_id":16453,"field1":"-0.4375","field2":"-2.5"},{"created_at":"2019-01-22T05:09:20-08:00","entry_id":16454,"field1":"-0.3125","field2":"-2.5625"},{"created_at":"2019-01-22T05:18:56-08:00","entry_id":16455,"field1":"-0.25","field2":"-2.625"},{"created_at":"2019-01-22T05:28:33-08:00","entry_id":16456,"field1":"-0.25","field2":"-2.75"},{"created_at":"2019-01-22T05:38:09-08:00","entry_id":16457,"field1":"-0.25","field2":"-2.75"},{"created_at":"2019-01-22T05:47:47-08:00","entry_id":16458,"field1":"-0.25","field2":"-2.6875"},{"created_at":"2019-01-22T05:57:24-08:00","entry_id":16459,"field1":"-0.25","field2":"-2.5"},{"created_at":"2019-01-22T06:07:01-08:00","entry_id":16460,"field1":"-0.25","field2":"-2.5625"},{"created_at":"2019-01-22T06:16:37-08:00","entry_id":16461,"field1":"-0.3125","field2":"-2.5625"},{"created_at":"2019-01-22T06:26:14-08:00","entry_id":16462,"field1":"-0.3125","field2":"-2.5625"},{"created_at":"2019-01-22T06:35:51-08:00","entry_id":16463,"field1":"-0.3125","field2":"-2.5"},{"created_at":"2019-01-22T06:45:27-08:00","entry_id":16464,"field1":"-0.3125","field2":"-2.4375"},{"created_at":"2019-01-22T06:55:04-08:00","entry_id":16465,"field1":"-0.3125","field2":"-2.4375"},{"created_at":"2019-01-22T07:04:41-08:00","entry_id":16466,"field1":"-0.3125","field2":"-2.5"},{"created_at":"2019-01-22T07:14:17-08:00","entry_id":16467,"field1":"-0.375","field2":"-2.5"},{"created_at":"2019-01-22T07:23:54-08:00","entry_id":16468,"field1":"-0.3125","field2":"-2.4375"},{"created_at":"2019-01-22T07:33:32-08:00","entry_id":16469,"field1":"-0.375","field2":"-2.4375"},{"created_at":"2019-01-22T07:43:08-08:00","entry_id":16470,"field1":"-0.375","field2":"-2.375"},{"created_at":"2019-01-22T07:52:45-08:00","entry_id":16471,"field1":"-0.375","field2":"-2.4375"},{"created_at":"2019-01-22T08:02:21-08:00","entry_id":16472,"field1":"-0.375","field2":"-2.375"},{"created_at":"2019-01-22T08:11:58-08:00","entry_id":16473,"field1":"-0.375","field2":"-2.375"},{"created_at":"2019-01-22T08:21:35-08:00","entry_id":16474,"field1":"-0.375","field2":"-2.375"},{"created_at":"2019-01-22T08:31:12-08:00","entry_id":16475,"field1":"-0.375","field2":"-2.3125"},{"created_at":"2019-01-22T08:40:48-08:00","entry_id":16476,"field1":"-0.375","field2":"-2.125"},{"created_at":"2019-01-22T08:50:25-08:00","entry_id":16477,"field1":"-0.375","field2":"-2.1875"},{"created_at":"2019-01-22T09:00:02-08:00","entry_id":16478,"field1":"-0.375","field2":"-2"},{"created_at":"2019-01-22T09:09:39-08:00","entry_id":16479,"field1":"-0.375","field2":"-1.875"},{"created_at":"2019-01-22T09:19:15-08:00","entry_id":16480,"field1":"-0.375","field2":"-1.8125"},{"created_at":"2019-01-22T09:28:53-08:00","entry_id":16481,"field1":"-0.375","field2":"-1.6875"},{"created_at":"2019-01-22T09:38:29-08:00","entry_id":16482,"field1":"-0.3125","field2":"-1.6875"},{"created_at":"2019-01-22T09:48:06-08:00","entry_id":16483,"field1":"-0.375","field2":"-1.5"},{"created_at":"2019-01-22T09:57:43-08:00","entry_id":16484,"field1":"-0.375","field2":"-1.5"},{"created_at":"2019-01-22T10:07:19-08:00","entry_id":16485,"field1":"-0.3125","field2":"-1.4375"},{"created_at":"2019-01-22T10:16:56-08:00","entry_id":16486,"field1":"-0.375","field2":"-1.375"},{"created_at":"2019-01-22T10:26:33-08:00","entry_id":16487,"field1":"-0.375","field2":"-1.375"},{"created_at":"2019-01-22T10:36:10-08:00","entry_id":16488,"field1":"-0.375","field2":"-1.3125"},{"created_at":"2019-01-22T10:45:46-08:00","entry_id":16489,"field1":"-0.375","field2":"-1.25"},{"created_at":"2019-01-22T10:55:24-08:00","entry_id":16490,"field1":"-0.375","field2":"-1.25"},{"created_at":"2019-01-22T11:05:01-08:00","entry_id":16491,"field1":"-0.375","field2":"-1.3125"},{"created_at":"2019-01-22T11:14:38-08:00","entry_id":16492,"field1":"-0.375","field2":"-1.25"},{"created_at":"2019-01-22T11:24:14-08:00","entry_id":16493,"field1":"-0.375","field2":"-1.25"},{"created_at":"2019-01-22T11:33:53-08:00","entry_id":16494,"field1":"-0.375","field2":"-1.25"},{"created_at":"2019-01-22T11:43:29-08:00","entry_id":16495,"field1":"-0.375","field2":"-1.25"},{"created_at":"2019-01-22T11:53:07-08:00","entry_id":16496,"field1":"-0.375","field2":"-1.1875"},{"created_at":"2019-01-22T12:02:44-08:00","entry_id":16497,"field1":"-0.375","field2":"-1.1875"},{"created_at":"2019-01-22T12:12:21-08:00","entry_id":16498,"field1":"-0.375","field2":"-1.125"},{"created_at":"2019-01-22T12:21:59-08:00","entry_id":16499,"field1":"-0.375","field2":"-1.125"},{"created_at":"2019-01-22T12:31:36-08:00","entry_id":16500,"field1":"-0.375","field2":"-1.0625"},{"created_at":"2019-01-22T12:41:11-08:00","entry_id":16501,"field1":"-0.375","field2":"-1"},{"created_at":"2019-01-22T12:50:48-08:00","entry_id":16502,"field1":"-0.375","field2":"-0.9375"},{"created_at":"2019-01-22T13:00:26-08:00","entry_id":16503,"field1":"-0.375","field2":"-0.875"},{"created_at":"2019-01-22T13:10:03-08:00","entry_id":16504,"field1":"-0.375","field2":"-0.8125"},{"created_at":"2019-01-22T13:19:39-08:00","entry_id":16505,"field1":"-0.375","field2":"-0.75"},{"created_at":"2019-01-22T13:29:16-08:00","entry_id":16506,"field1":"-0.3125","field2":"-0.75"},{"created_at":"2019-01-22T13:38:53-08:00","entry_id":16507,"field1":"-0.3125","field2":"-0.75"},{"created_at":"2019-01-22T13:48:30-08:00","entry_id":16508,"field1":"-0.3125","field2":"-0.75"},{"created_at":"2019-01-22T13:58:06-08:00","entry_id":16509,"field1":"-0.3125","field2":"-0.6875"},{"created_at":"2019-01-22T14:07:43-08:00","entry_id":16510,"field1":"-0.3125","field2":"-0.6875"},{"created_at":"2019-01-22T14:17:20-08:00","entry_id":16511,"field1":"-0.3125","field2":"-0.6875"},{"created_at":"2019-01-22T14:26:57-08:00","entry_id":16512,"field1":"-0.3125","field2":"-0.6875"},{"created_at":"2019-01-22T14:36:33-08:00","entry_id":16513,"field1":"-0.3125","field2":"-0.6875"},{"created_at":"2019-01-22T14:46:13-08:00","entry_id":16514,"field1":"-0.3125","field2":"-0.625"},{"created_at":"2019-01-22T14:55:48-08:00","entry_id":16515,"field1":"-0.3125","field2":"-0.6875"},{"created_at":"2019-01-22T15:05:25-08:00","entry_id":16516,"field1":"-0.3125","field2":"-0.75"},{"created_at":"2019-01-22T15:15:01-08:00","entry_id":16517,"field1":"-0.3125","field2":"-0.75"},{"created_at":"2019-01-22T15:24:37-08:00","entry_id":16518,"field1":"-0.3125","field2":"-0.75"},{"created_at":"2019-01-22T15:34:14-08:00","entry_id":16519,"field1":"-0.3125","field2":"-0.8125"},{"created_at":"2019-01-22T15:43:51-08:00","entry_id":16520,"field1":"-0.3125","field2":"-0.8125"},{"created_at":"2019-01-22T15:53:28-08:00","entry_id":16521,"field1":"-0.3125","field2":"-0.8125"},{"created_at":"2019-01-22T16:03:05-08:00","entry_id":16522,"field1":"-0.3125","field2":"-0.875"},{"created_at":"2019-01-22T16:12:42-08:00","entry_id":16523,"field1":"-0.3125","field2":"-0.875"},{"created_at":"2019-01-22T16:22:20-08:00","entry_id":16524,"field1":"-0.3125","field2":"-0.9375"},{"created_at":"2019-01-22T16:31:56-08:00","entry_id":16525,"field1":"-0.3125","field2":"-1"},{"created_at":"2019-01-22T16:41:32-08:00","entry_id":16526,"field1":"-0.3125","field2":"-1"},{"created_at":"2019-01-22T16:51:10-08:00","entry_id":16527,"field1":"-0.3125","field2":"-1.0625"},{"created_at":"2019-01-22T17:00:47-08:00","entry_id":16528,"field1":"-0.3125","field2":"-1.0625"},{"created_at":"2019-01-22T17:10:23-08:00","entry_id":16529,"field1":"-0.3125","field2":"-1.125"},{"created_at":"2019-01-22T17:20:00-08:00","entry_id":16530,"field1":"-0.3125","field2":"-1.125"},{"created_at":"2019-01-22T17:29:37-08:00","entry_id":16531,"field1":"-0.375","field2":"-1.1875"},{"created_at":"2019-01-22T17:39:14-08:00","entry_id":16532,"field1":"-0.375","field2":"-1.1875"},{"created_at":"2019-01-22T17:48:51-08:00","entry_id":16533,"field1":"-0.3125","field2":"-1.1875"},{"created_at":"2019-01-22T17:58:28-08:00","entry_id":16534,"field1":"-0.3125","field2":"-1.1875"},{"created_at":"2019-01-22T18:08:05-08:00","entry_id":16535,"field1":"-0.3125","field2":"-1.25"},{"created_at":"2019-01-22T18:17:42-08:00","entry_id":16536,"field1":"-0.375","field2":"-1.25"},{"created_at":"2019-01-22T18:27:19-08:00","entry_id":16537,"field1":"-0.375","field2":"-1.25"},{"created_at":"2019-01-22T18:36:57-08:00","entry_id":16538,"field1":"-0.375","field2":"-1.25"},{"created_at":"2019-01-22T18:46:33-08:00","entry_id":16539,"field1":"-0.375","field2":"-1.25"},{"created_at":"2019-01-22T18:56:10-08:00","entry_id":16540,"field1":"-0.375","field2":"-1.25"},{"created_at":"2019-01-22T19:05:47-08:00","entry_id":16541,"field1":"-0.375","field2":"-1.25"},{"created_at":"2019-01-22T19:25:22-08:00","entry_id":16542,"field1":"-0.375","field2":"-1.25"},{"created_at":"2019-01-22T19:34:59-08:00","entry_id":16543,"field1":"-0.375","field2":"-1.25"},{"created_at":"2019-01-22T19:44:35-08:00","entry_id":16544,"field1":"-0.375","field2":"-1.25"},{"created_at":"2019-01-22T19:54:12-08:00","entry_id":16545,"field1":"-0.375","field2":"-1.25"},{"created_at":"2019-01-22T20:03:48-08:00","entry_id":16546,"field1":"-0.375","field2":"-1.25"},{"created_at":"2019-01-22T20:13:29-08:00","entry_id":16547,"field1":"-0.375","field2":"-1.25"},{"created_at":"2019-01-22T20:23:05-08:00","entry_id":16548,"field1":"-0.375","field2":"-1.25"},{"created_at":"2019-01-22T20:32:57-08:00","entry_id":16549,"field1":"-0.375","field2":"-1.3125"},{"created_at":"2019-01-22T20:42:28-08:00","entry_id":16550,"field1":"-0.375","field2":"-1.3125"},{"created_at":"2019-01-22T20:52:04-08:00","entry_id":16551,"field1":"-0.375","field2":"-1.25"},{"created_at":"2019-01-22T21:01:41-08:00","entry_id":16552,"field1":"-0.375","field2":"-1.25"},{"created_at":"2019-01-22T21:11:17-08:00","entry_id":16553,"field1":"-0.375","field2":"-1.25"},{"created_at":"2019-01-22T21:20:55-08:00","entry_id":16554,"field1":"-0.375","field2":"-1.25"},{"created_at":"2019-01-22T21:30:32-08:00","entry_id":16555,"field1":"-0.375","field2":"-1.25"},{"created_at":"2019-01-22T21:40:08-08:00","entry_id":16556,"field1":"-0.375","field2":"-1.1875"},{"created_at":"2019-01-22T21:49:45-08:00","entry_id":16557,"field1":"-0.375","field2":"-1.25"},{"created_at":"2019-01-22T21:59:22-08:00","entry_id":16558,"field1":"-0.375","field2":"-1.25"},{"created_at":"2019-01-22T22:08:59-08:00","entry_id":16559,"field1":"-0.375","field2":"-1.25"},{"created_at":"2019-01-22T22:18:37-08:00","entry_id":16560,"field1":"-0.375","field2":"-1.25"},{"created_at":"2019-01-22T22:28:14-08:00","entry_id":16561,"field1":"-0.375","field2":"-1.1875"},{"created_at":"2019-01-22T22:37:50-08:00","entry_id":16562,"field1":"-0.375","field2":"-1.1875"},{"created_at":"2019-01-22T22:47:27-08:00","entry_id":16563,"field1":"-0.375","field2":"-1.125"},{"created_at":"2019-01-22T22:57:03-08:00","entry_id":16564,"field1":"-0.375","field2":"-1.125"},{"created_at":"2019-01-22T23:06:40-08:00","entry_id":16565,"field1":"-0.375","field2":"-1.125"},{"created_at":"2019-01-22T23:16:18-08:00","entry_id":16566,"field1":"-0.375","field2":"-1.125"},{"created_at":"2019-01-22T23:25:54-08:00","entry_id":16567,"field1":"-0.375","field2":"-1.125"},{"created_at":"2019-01-22T23:35:31-08:00","entry_id":16568,"field1":"-0.375","field2":"-1.125"},{"created_at":"2019-01-22T23:45:08-08:00","entry_id":16569,"field1":"-0.375","field2":"-1.125"},{"created_at":"2019-01-22T23:54:44-08:00","entry_id":16570,"field1":"-0.375","field2":"-1.125"}]}