{"channel":{"id":581842,"name":"Upstairs Small Window Indoor / Outdoor Sensor","latitude":"0.0","longitude":"0.0","field1":"Indoor Temperature","field2":"Outdoor Temperature","created_at":"2018-09-23T15:37:52-07:00","updated_at":"2020-07-27T05:59:41-07:00","last_entry_id":163278},"feeds":[{"created_at":"2021-11-11T00:07:05-08:00","entry_id":162997,"field1":"9.625","field2":"1.4375"},{"created_at":"2021-11-11T00:16:42-08:00","entry_id":162998,"field1":"9.6875","field2":"1.5625"},{"created_at":"2021-11-11T00:26:18-08:00","entry_id":162999,"field1":"9.75","field2":"1.5625"},{"created_at":"2021-11-11T00:35:57-08:00","entry_id":163000,"field1":"9.75","field2":"1.625"},{"created_at":"2021-11-11T00:45:32-08:00","entry_id":163001,"field1":"9.8125","field2":"1.5625"},{"created_at":"2021-11-11T00:55:09-08:00","entry_id":163002,"field1":"9.75","field2":"1.5625"},{"created_at":"2021-11-11T01:04:46-08:00","entry_id":163003,"field1":"9.4375","field2":"1.5625"},{"created_at":"2021-11-11T01:14:24-08:00","entry_id":163004,"field1":"9.25","field2":"1.5625"},{"created_at":"2021-11-11T01:24:01-08:00","entry_id":163005,"field1":"9.125","field2":"1.625"},{"created_at":"2021-11-11T01:33:37-08:00","entry_id":163006,"field1":"9","field2":"1.625"},{"created_at":"2021-11-11T01:43:16-08:00","entry_id":163007,"field1":"9.0625","field2":"1.75"},{"created_at":"2021-11-11T01:52:51-08:00","entry_id":163008,"field1":"9.25","field2":"2"},{"created_at":"2021-11-11T02:02:29-08:00","entry_id":163009,"field1":"9.375","field2":"1.8125"},{"created_at":"2021-11-11T02:12:05-08:00","entry_id":163010,"field1":"9.5","field2":"1.8125"},{"created_at":"2021-11-11T02:21:42-08:00","entry_id":163011,"field1":"9.5","field2":"1.9375"},{"created_at":"2021-11-11T02:31:19-08:00","entry_id":163012,"field1":"9.625","field2":"2.0625"},{"created_at":"2021-11-11T02:40:56-08:00","entry_id":163013,"field1":"9.625","field2":"2.0625"},{"created_at":"2021-11-11T02:50:34-08:00","entry_id":163014,"field1":"9.6875","field2":"2"},{"created_at":"2021-11-11T03:00:10-08:00","entry_id":163015,"field1":"9.75","field2":"2"},{"created_at":"2021-11-11T03:09:46-08:00","entry_id":163016,"field1":"9.8125","field2":"2"},{"created_at":"2021-11-11T03:19:25-08:00","entry_id":163017,"field1":"9.5625","field2":"2"},{"created_at":"2021-11-11T03:29:00-08:00","entry_id":163018,"field1":"9.3125","field2":"2"},{"created_at":"2021-11-11T03:38:38-08:00","entry_id":163019,"field1":"9.1875","field2":"2.0625"},{"created_at":"2021-11-11T03:48:16-08:00","entry_id":163020,"field1":"9.0625","field2":"2"},{"created_at":"2021-11-11T03:57:52-08:00","entry_id":163021,"field1":"9","field2":"1.875"},{"created_at":"2021-11-11T04:07:28-08:00","entry_id":163022,"field1":"9.1875","field2":"1.9375"},{"created_at":"2021-11-11T04:17:05-08:00","entry_id":163023,"field1":"9.375","field2":"2"},{"created_at":"2021-11-11T04:26:41-08:00","entry_id":163024,"field1":"9.4375","field2":"1.875"},{"created_at":"2021-11-11T04:36:18-08:00","entry_id":163025,"field1":"9.5","field2":"2"},{"created_at":"2021-11-11T04:45:56-08:00","entry_id":163026,"field1":"9.5625","field2":"1.9375"},{"created_at":"2021-11-11T04:55:34-08:00","entry_id":163027,"field1":"9.625","field2":"1.9375"},{"created_at":"2021-11-11T05:05:10-08:00","entry_id":163028,"field1":"9.6875","field2":"2"},{"created_at":"2021-11-11T05:14:47-08:00","entry_id":163029,"field1":"9.6875","field2":"1.9375"},{"created_at":"2021-11-11T05:24:23-08:00","entry_id":163030,"field1":"9.75","field2":"2.0625"},{"created_at":"2021-11-11T05:34:01-08:00","entry_id":163031,"field1":"9.8125","field2":"2.0625"},{"created_at":"2021-11-11T05:43:39-08:00","entry_id":163032,"field1":"9.8125","field2":"2"},{"created_at":"2021-11-11T05:53:15-08:00","entry_id":163033,"field1":"9.5625","field2":"2.125"},{"created_at":"2021-11-11T06:02:53-08:00","entry_id":163034,"field1":"9.3125","field2":"2.0625"},{"created_at":"2021-11-11T06:12:28-08:00","entry_id":163035,"field1":"9.1875","field2":"2.0625"},{"created_at":"2021-11-11T06:22:05-08:00","entry_id":163036,"field1":"9.0625","field2":"2.125"},{"created_at":"2021-11-11T06:31:43-08:00","entry_id":163037,"field1":"9.0625","field2":"2.125"},{"created_at":"2021-11-11T06:41:19-08:00","entry_id":163038,"field1":"9.25","field2":"2.25"},{"created_at":"2021-11-11T06:50:56-08:00","entry_id":163039,"field1":"9.375","field2":"2.1875"},{"created_at":"2021-11-11T07:00:32-08:00","entry_id":163040,"field1":"9.5","field2":"2.125"},{"created_at":"2021-11-11T07:10:09-08:00","entry_id":163041,"field1":"9.5625","field2":"2.1875"},{"created_at":"2021-11-11T07:19:48-08:00","entry_id":163042,"field1":"9.625","field2":"2.1875"},{"created_at":"2021-11-11T07:29:25-08:00","entry_id":163043,"field1":"9.625","field2":"2.25"},{"created_at":"2021-11-11T07:39:01-08:00","entry_id":163044,"field1":"9.6875","field2":"2.3125"},{"created_at":"2021-11-11T07:48:40-08:00","entry_id":163045,"field1":"9.75","field2":"2.375"},{"created_at":"2021-11-11T07:58:18-08:00","entry_id":163046,"field1":"9.75","field2":"2.4375"},{"created_at":"2021-11-11T08:07:55-08:00","entry_id":163047,"field1":"9.8125","field2":"2.5"},{"created_at":"2021-11-11T08:17:31-08:00","entry_id":163048,"field1":"9.875","field2":"2.4375"},{"created_at":"2021-11-11T08:27:07-08:00","entry_id":163049,"field1":"9.875","field2":"2.5625"},{"created_at":"2021-11-11T08:36:44-08:00","entry_id":163050,"field1":"9.8125","field2":"2.6875"},{"created_at":"2021-11-11T08:46:20-08:00","entry_id":163051,"field1":"9.5625","field2":"2.75"},{"created_at":"2021-11-11T08:55:57-08:00","entry_id":163052,"field1":"9.375","field2":"2.8125"},{"created_at":"2021-11-11T09:05:35-08:00","entry_id":163053,"field1":"9.25","field2":"2.9375"},{"created_at":"2021-11-11T09:15:13-08:00","entry_id":163054,"field1":"9.125","field2":"3"},{"created_at":"2021-11-11T09:24:48-08:00","entry_id":163055,"field1":"9.1875","field2":"3.0625"},{"created_at":"2021-11-11T09:34:27-08:00","entry_id":163056,"field1":"9.4375","field2":"3.1875"},{"created_at":"2021-11-11T09:44:04-08:00","entry_id":163057,"field1":"9.5","field2":"3.25"},{"created_at":"2021-11-11T09:53:40-08:00","entry_id":163058,"field1":"9.625","field2":"3.375"},{"created_at":"2021-11-11T10:03:19-08:00","entry_id":163059,"field1":"9.6875","field2":"3.5625"},{"created_at":"2021-11-11T10:12:57-08:00","entry_id":163060,"field1":"9.75","field2":"3.625"},{"created_at":"2021-11-11T10:22:35-08:00","entry_id":163061,"field1":"9.8125","field2":"3.8125"},{"created_at":"2021-11-11T10:32:11-08:00","entry_id":163062,"field1":"9.875","field2":"4"},{"created_at":"2021-11-11T10:41:48-08:00","entry_id":163063,"field1":"9.9375","field2":"4"},{"created_at":"2021-11-11T10:51:24-08:00","entry_id":163064,"field1":"9.6875","field2":"4.0625"},{"created_at":"2021-11-11T11:01:01-08:00","entry_id":163065,"field1":"9.5","field2":"4.1875"},{"created_at":"2021-11-11T11:10:39-08:00","entry_id":163066,"field1":"9.375","field2":"4.375"},{"created_at":"2021-11-11T11:20:14-08:00","entry_id":163067,"field1":"9.25","field2":"4.625"},{"created_at":"2021-11-11T11:29:52-08:00","entry_id":163068,"field1":"9.1875","field2":"4.75"},{"created_at":"2021-11-11T11:39:27-08:00","entry_id":163069,"field1":"9.4375","field2":"5"},{"created_at":"2021-11-11T11:49:05-08:00","entry_id":163070,"field1":"9.5625","field2":"5.0625"},{"created_at":"2021-11-11T11:58:41-08:00","entry_id":163071,"field1":"9.6875","field2":"5.0625"},{"created_at":"2021-11-11T12:08:20-08:00","entry_id":163072,"field1":"9.8125","field2":"5.1875"},{"created_at":"2021-11-11T12:17:56-08:00","entry_id":163073,"field1":"9.875","field2":"5.25"},{"created_at":"2021-11-11T12:27:33-08:00","entry_id":163074,"field1":"10","field2":"5.375"},{"created_at":"2021-11-11T12:37:12-08:00","entry_id":163075,"field1":"10.0625","field2":"5.375"},{"created_at":"2021-11-11T12:46:55-08:00","entry_id":163076,"field1":"9.9375","field2":"5.3125"},{"created_at":"2021-11-11T12:56:43-08:00","entry_id":163077,"field1":"9.6875","field2":"5.4375"},{"created_at":"2021-11-11T13:06:18-08:00","entry_id":163078,"field1":"9.5625","field2":"5.5625"},{"created_at":"2021-11-11T13:15:55-08:00","entry_id":163079,"field1":"9.5","field2":"5.5"},{"created_at":"2021-11-11T13:25:31-08:00","entry_id":163080,"field1":"9.375","field2":"5.5"},{"created_at":"2021-11-11T13:35:09-08:00","entry_id":163081,"field1":"9.375","field2":"5.5"},{"created_at":"2021-11-11T13:44:45-08:00","entry_id":163082,"field1":"9.5625","field2":"5.6875"},{"created_at":"2021-11-11T13:54:22-08:00","entry_id":163083,"field1":"9.75","field2":"5.6875"},{"created_at":"2021-11-11T14:03:59-08:00","entry_id":163084,"field1":"9.875","field2":"5.625"},{"created_at":"2021-11-11T14:13:38-08:00","entry_id":163085,"field1":"10","field2":"5.5"},{"created_at":"2021-11-11T14:23:14-08:00","entry_id":163086,"field1":"10.0625","field2":"5.5"},{"created_at":"2021-11-11T14:32:51-08:00","entry_id":163087,"field1":"9.9375","field2":"5.5625"},{"created_at":"2021-11-11T14:42:29-08:00","entry_id":163088,"field1":"9.75","field2":"5.5625"},{"created_at":"2021-11-11T14:52:04-08:00","entry_id":163089,"field1":"9.625","field2":"5.375"},{"created_at":"2021-11-11T15:01:43-08:00","entry_id":163090,"field1":"9.5","field2":"5.25"},{"created_at":"2021-11-11T15:11:20-08:00","entry_id":163091,"field1":"9.4375","field2":"5.1875"},{"created_at":"2021-11-11T15:20:58-08:00","entry_id":163092,"field1":"9.375","field2":"5.125"},{"created_at":"2021-11-11T15:30:34-08:00","entry_id":163093,"field1":"9.5625","field2":"5.0625"},{"created_at":"2021-11-11T15:40:10-08:00","entry_id":163094,"field1":"9.75","field2":"5"},{"created_at":"2021-11-11T15:49:49-08:00","entry_id":163095,"field1":"9.875","field2":"4.9375"},{"created_at":"2021-11-11T15:59:26-08:00","entry_id":163096,"field1":"10","field2":"4.8125"},{"created_at":"2021-11-11T16:09:02-08:00","entry_id":163097,"field1":"10.0625","field2":"4.6875"},{"created_at":"2021-11-11T16:18:39-08:00","entry_id":163098,"field1":"10.0625","field2":"4.4375"},{"created_at":"2021-11-11T16:28:18-08:00","entry_id":163099,"field1":"9.8125","field2":"4.1875"},{"created_at":"2021-11-11T16:37:53-08:00","entry_id":163100,"field1":"9.625","field2":"4.0625"},{"created_at":"2021-11-11T16:47:30-08:00","entry_id":163101,"field1":"9.5625","field2":"4"},{"created_at":"2021-11-11T16:57:09-08:00","entry_id":163102,"field1":"9.4375","field2":"3.9375"},{"created_at":"2021-11-11T17:06:45-08:00","entry_id":163103,"field1":"9.375","field2":"3.9375"},{"created_at":"2021-11-11T17:16:21-08:00","entry_id":163104,"field1":"9.375","field2":"4"},{"created_at":"2021-11-11T17:26:00-08:00","entry_id":163105,"field1":"9.5625","field2":"4"},{"created_at":"2021-11-11T17:35:38-08:00","entry_id":163106,"field1":"9.6875","field2":"4"},{"created_at":"2021-11-11T17:45:13-08:00","entry_id":163107,"field1":"9.8125","field2":"4.0625"},{"created_at":"2021-11-11T17:54:53-08:00","entry_id":163108,"field1":"9.9375","field2":"3.9375"},{"created_at":"2021-11-11T18:04:29-08:00","entry_id":163109,"field1":"10","field2":"3.9375"},{"created_at":"2021-11-11T18:14:05-08:00","entry_id":163110,"field1":"9.875","field2":"3.9375"},{"created_at":"2021-11-11T18:23:43-08:00","entry_id":163111,"field1":"9.625","field2":"3.9375"},{"created_at":"2021-11-11T18:33:19-08:00","entry_id":163112,"field1":"9.5","field2":"3.875"},{"created_at":"2021-11-11T18:42:57-08:00","entry_id":163113,"field1":"9.4375","field2":"3.875"},{"created_at":"2021-11-11T18:52:35-08:00","entry_id":163114,"field1":"9.3125","field2":"3.8125"},{"created_at":"2021-11-11T19:02:11-08:00","entry_id":163115,"field1":"9.25","field2":"3.75"},{"created_at":"2021-11-11T19:11:47-08:00","entry_id":163116,"field1":"9.375","field2":"3.8125"},{"created_at":"2021-11-11T19:21:26-08:00","entry_id":163117,"field1":"9.5625","field2":"3.8125"},{"created_at":"2021-11-11T19:31:02-08:00","entry_id":163118,"field1":"9.75","field2":"3.8125"},{"created_at":"2021-11-11T19:40:40-08:00","entry_id":163119,"field1":"9.8125","field2":"3.875"},{"created_at":"2021-11-11T19:50:18-08:00","entry_id":163120,"field1":"9.9375","field2":"3.8125"},{"created_at":"2021-11-11T19:59:53-08:00","entry_id":163121,"field1":"10","field2":"3.875"},{"created_at":"2021-11-11T20:09:30-08:00","entry_id":163122,"field1":"9.8125","field2":"3.875"},{"created_at":"2021-11-11T20:19:06-08:00","entry_id":163123,"field1":"9.5625","field2":"3.875"},{"created_at":"2021-11-11T20:28:46-08:00","entry_id":163124,"field1":"9.4375","field2":"3.9375"},{"created_at":"2021-11-11T20:38:22-08:00","entry_id":163125,"field1":"9.375","field2":"4"},{"created_at":"2021-11-11T20:48:00-08:00","entry_id":163126,"field1":"9.3125","field2":"3.9375"},{"created_at":"2021-11-11T20:57:38-08:00","entry_id":163127,"field1":"9.1875","field2":"3.9375"},{"created_at":"2021-11-11T21:07:15-08:00","entry_id":163128,"field1":"9.4375","field2":"3.9375"},{"created_at":"2021-11-11T21:16:52-08:00","entry_id":163129,"field1":"9.625","field2":"3.75"},{"created_at":"2021-11-11T21:26:28-08:00","entry_id":163130,"field1":"9.6875","field2":"3.6875"},{"created_at":"2021-11-11T21:36:07-08:00","entry_id":163131,"field1":"9.8125","field2":"3.625"},{"created_at":"2021-11-11T21:45:45-08:00","entry_id":163132,"field1":"9.9375","field2":"3.5"},{"created_at":"2021-11-11T21:55:23-08:00","entry_id":163133,"field1":"10","field2":"3.5"},{"created_at":"2021-11-11T22:04:58-08:00","entry_id":163134,"field1":"9.8125","field2":"3.375"},{"created_at":"2021-11-11T22:14:36-08:00","entry_id":163135,"field1":"9.5625","field2":"3.3125"},{"created_at":"2021-11-11T22:24:11-08:00","entry_id":163136,"field1":"9.4375","field2":"3.25"},{"created_at":"2021-11-11T22:33:48-08:00","entry_id":163137,"field1":"9.375","field2":"3.25"},{"created_at":"2021-11-11T22:43:24-08:00","entry_id":163138,"field1":"9.25","field2":"3.25"},{"created_at":"2021-11-11T22:53:02-08:00","entry_id":163139,"field1":"9.1875","field2":"3.1875"},{"created_at":"2021-11-11T23:02:39-08:00","entry_id":163140,"field1":"9.375","field2":"3.1875"},{"created_at":"2021-11-11T23:12:17-08:00","entry_id":163141,"field1":"9.5625","field2":"3.1875"},{"created_at":"2021-11-11T23:21:52-08:00","entry_id":163142,"field1":"9.6875","field2":"3.1875"},{"created_at":"2021-11-11T23:31:31-08:00","entry_id":163143,"field1":"9.8125","field2":"3.1875"},{"created_at":"2021-11-11T23:41:09-08:00","entry_id":163144,"field1":"9.875","field2":"3.1875"},{"created_at":"2021-11-11T23:50:46-08:00","entry_id":163145,"field1":"9.9375","field2":"3.1875"}]}