{"channel":{"id":581842,"name":"Upstairs Small Window Indoor / Outdoor Sensor","latitude":"0.0","longitude":"0.0","field1":"Indoor Temperature","field2":"Outdoor Temperature","created_at":"2018-09-23T15:37:52-07:00","updated_at":"2020-07-27T05:59:41-07:00","last_entry_id":150129},"feeds":[{"created_at":"2020-04-12T00:04:12-07:00","entry_id":81553,"field1":"7.375","field2":"-0.25"},{"created_at":"2020-04-12T00:13:49-07:00","entry_id":81554,"field1":"7.3125","field2":"-0.4375"},{"created_at":"2020-04-12T00:23:26-07:00","entry_id":81555,"field1":"7.25","field2":"-0.75"},{"created_at":"2020-04-12T00:33:04-07:00","entry_id":81556,"field1":"7.1875","field2":"-0.6875"},{"created_at":"2020-04-12T00:42:42-07:00","entry_id":81557,"field1":"7.125","field2":"-0.6875"},{"created_at":"2020-04-12T00:52:19-07:00","entry_id":81558,"field1":"7.0625","field2":"-0.9375"},{"created_at":"2020-04-12T01:01:56-07:00","entry_id":81559,"field1":"7.0625","field2":"-1.1875"},{"created_at":"2020-04-12T01:11:33-07:00","entry_id":81560,"field1":"7","field2":"-0.9375"},{"created_at":"2020-04-12T01:21:10-07:00","entry_id":81561,"field1":"6.9375","field2":"-1.1875"},{"created_at":"2020-04-12T01:30:47-07:00","entry_id":81562,"field1":"6.875","field2":"-0.875"},{"created_at":"2020-04-12T01:40:24-07:00","entry_id":81563,"field1":"6.8125","field2":"-1.125"},{"created_at":"2020-04-12T01:50:01-07:00","entry_id":81564,"field1":"6.8125","field2":"-1"},{"created_at":"2020-04-12T01:59:39-07:00","entry_id":81565,"field1":"6.75","field2":"-1.1875"},{"created_at":"2020-04-12T02:09:16-07:00","entry_id":81566,"field1":"6.6875","field2":"-1.125"},{"created_at":"2020-04-12T02:18:53-07:00","entry_id":81567,"field1":"6.625","field2":"-1.3125"},{"created_at":"2020-04-12T02:28:29-07:00","entry_id":81568,"field1":"6.625","field2":"-1.3125"},{"created_at":"2020-04-12T02:38:06-07:00","entry_id":81569,"field1":"6.5625","field2":"-1.4375"},{"created_at":"2020-04-12T02:47:43-07:00","entry_id":81570,"field1":"6.5","field2":"-1.3125"},{"created_at":"2020-04-12T02:57:20-07:00","entry_id":81571,"field1":"6.4375","field2":"-1.3125"},{"created_at":"2020-04-12T03:06:57-07:00","entry_id":81572,"field1":"6.375","field2":"-1.4375"},{"created_at":"2020-04-12T03:16:34-07:00","entry_id":81573,"field1":"6.3125","field2":"-1.6875"},{"created_at":"2020-04-12T03:26:11-07:00","entry_id":81574,"field1":"6.3125","field2":"-1.5"},{"created_at":"2020-04-12T03:35:48-07:00","entry_id":81575,"field1":"6.25","field2":"-1.8125"},{"created_at":"2020-04-12T03:45:25-07:00","entry_id":81576,"field1":"6.1875","field2":"-2.1875"},{"created_at":"2020-04-12T03:55:02-07:00","entry_id":81577,"field1":"6.125","field2":"-2.3125"},{"created_at":"2020-04-12T04:04:39-07:00","entry_id":81578,"field1":"6.0625","field2":"-2.0625"},{"created_at":"2020-04-12T04:14:16-07:00","entry_id":81579,"field1":"6","field2":"-1.9375"},{"created_at":"2020-04-12T04:23:54-07:00","entry_id":81580,"field1":"6","field2":"-2.0625"},{"created_at":"2020-04-12T04:33:31-07:00","entry_id":81581,"field1":"5.9375","field2":"-1.9375"},{"created_at":"2020-04-12T04:43:08-07:00","entry_id":81582,"field1":"5.875","field2":"-2.125"},{"created_at":"2020-04-12T04:52:45-07:00","entry_id":81583,"field1":"5.8125","field2":"-2.25"},{"created_at":"2020-04-12T05:02:21-07:00","entry_id":81584,"field1":"5.8125","field2":"-2.625"},{"created_at":"2020-04-12T05:11:58-07:00","entry_id":81585,"field1":"5.75","field2":"-2.25"},{"created_at":"2020-04-12T05:21:36-07:00","entry_id":81586,"field1":"5.6875","field2":"-2.3125"},{"created_at":"2020-04-12T05:31:13-07:00","entry_id":81587,"field1":"5.625","field2":"-2.5"},{"created_at":"2020-04-12T05:40:50-07:00","entry_id":81588,"field1":"5.5625","field2":"-2.5"},{"created_at":"2020-04-12T05:50:27-07:00","entry_id":81589,"field1":"5.5625","field2":"-2.875"},{"created_at":"2020-04-12T06:00:04-07:00","entry_id":81590,"field1":"5.5","field2":"-2.5625"},{"created_at":"2020-04-12T06:09:41-07:00","entry_id":81591,"field1":"5.4375","field2":"-2.75"},{"created_at":"2020-04-12T06:19:18-07:00","entry_id":81592,"field1":"5.375","field2":"-2.6875"},{"created_at":"2020-04-12T06:28:57-07:00","entry_id":81593,"field1":"5.375","field2":"-2.875"},{"created_at":"2020-04-12T06:38:33-07:00","entry_id":81594,"field1":"5.3125","field2":"-2.875"},{"created_at":"2020-04-12T06:48:10-07:00","entry_id":81595,"field1":"5.25","field2":"-2.5"},{"created_at":"2020-04-12T06:57:48-07:00","entry_id":81596,"field1":"5.1875","field2":"-2.75"},{"created_at":"2020-04-12T07:07:25-07:00","entry_id":81597,"field1":"5.1875","field2":"-2.25"},{"created_at":"2020-04-12T07:17:02-07:00","entry_id":81598,"field1":"5.1875","field2":"-2.125"},{"created_at":"2020-04-12T07:26:40-07:00","entry_id":81599,"field1":"5.6875","field2":"-0.4375"},{"created_at":"2020-04-12T07:36:17-07:00","entry_id":81600,"field1":"6.1875","field2":"-0.375"},{"created_at":"2020-04-12T07:45:54-07:00","entry_id":81601,"field1":"6.75","field2":"-0.5"},{"created_at":"2020-04-12T07:55:32-07:00","entry_id":81602,"field1":"7.0625","field2":"0.5"},{"created_at":"2020-04-12T08:05:10-07:00","entry_id":81603,"field1":"7.125","field2":"0.625"},{"created_at":"2020-04-12T08:14:46-07:00","entry_id":81604,"field1":"7.125","field2":"2.75"},{"created_at":"2020-04-12T08:24:24-07:00","entry_id":81605,"field1":"7.1875","field2":"4.9375"},{"created_at":"2020-04-12T08:34:03-07:00","entry_id":81606,"field1":"7.25","field2":"4.875"},{"created_at":"2020-04-12T08:43:40-07:00","entry_id":81607,"field1":"7.375","field2":"3.6875"},{"created_at":"2020-04-12T08:53:18-07:00","entry_id":81608,"field1":"7.5","field2":"2.9375"},{"created_at":"2020-04-12T09:02:55-07:00","entry_id":81609,"field1":"7.75","field2":"1.875"},{"created_at":"2020-04-12T09:12:33-07:00","entry_id":81610,"field1":"8.3125","field2":"1.75"},{"created_at":"2020-04-12T09:22:11-07:00","entry_id":81611,"field1":"8.9375","field2":"1.9375"},{"created_at":"2020-04-12T09:31:47-07:00","entry_id":81612,"field1":"9.4375","field2":"2.5"},{"created_at":"2020-04-12T09:41:24-07:00","entry_id":81613,"field1":"9.125","field2":"1.1875"},{"created_at":"2020-04-12T09:51:02-07:00","entry_id":81614,"field1":"9.1875","field2":"1.25"},{"created_at":"2020-04-12T10:00:38-07:00","entry_id":81615,"field1":"8.875","field2":"1.1875"},{"created_at":"2020-04-12T10:10:15-07:00","entry_id":81616,"field1":"9.125","field2":"1.25"},{"created_at":"2020-04-12T10:19:52-07:00","entry_id":81617,"field1":"8.6875","field2":"1.375"},{"created_at":"2020-04-12T10:29:28-07:00","entry_id":81618,"field1":"8.9375","field2":"1.4375"},{"created_at":"2020-04-12T10:39:05-07:00","entry_id":81619,"field1":"9","field2":"2.1875"},{"created_at":"2020-04-12T10:48:43-07:00","entry_id":81620,"field1":"9.4375","field2":"3.0625"},{"created_at":"2020-04-12T10:58:21-07:00","entry_id":81621,"field1":"10.0625","field2":"4.4375"},{"created_at":"2020-04-12T11:08:02-07:00","entry_id":81622,"field1":"9.3125","field2":"3.1875"},{"created_at":"2020-04-12T11:17:37-07:00","entry_id":81623,"field1":"9.125","field2":"3.125"},{"created_at":"2020-04-12T11:27:14-07:00","entry_id":81624,"field1":"8.9375","field2":"3.1875"},{"created_at":"2020-04-12T11:36:50-07:00","entry_id":81625,"field1":"9","field2":"3.3125"},{"created_at":"2020-04-12T11:46:28-07:00","entry_id":81626,"field1":"8.9375","field2":"3.375"},{"created_at":"2020-04-12T11:56:06-07:00","entry_id":81627,"field1":"9.4375","field2":"3.75"},{"created_at":"2020-04-12T12:05:43-07:00","entry_id":81628,"field1":"9.875","field2":"4.0625"},{"created_at":"2020-04-12T12:15:20-07:00","entry_id":81629,"field1":"9","field2":"4.0625"},{"created_at":"2020-04-12T12:24:57-07:00","entry_id":81630,"field1":"9.25","field2":"4.5"},{"created_at":"2020-04-12T12:34:34-07:00","entry_id":81631,"field1":"9.4375","field2":"4.5625"},{"created_at":"2020-04-12T12:44:13-07:00","entry_id":81632,"field1":"9.75","field2":"5.375"},{"created_at":"2020-04-12T12:53:49-07:00","entry_id":81633,"field1":"9.4375","field2":"5.25"},{"created_at":"2020-04-12T13:03:27-07:00","entry_id":81634,"field1":"9.875","field2":"6.1875"},{"created_at":"2020-04-12T13:13:03-07:00","entry_id":81635,"field1":"9.5625","field2":"6.8125"},{"created_at":"2020-04-12T13:22:41-07:00","entry_id":81636,"field1":"9.6875","field2":"8.875"},{"created_at":"2020-04-12T13:32:19-07:00","entry_id":81637,"field1":"9.8125","field2":"9"},{"created_at":"2020-04-12T13:41:56-07:00","entry_id":81638,"field1":"9.8125","field2":"9.1875"},{"created_at":"2020-04-12T13:51:33-07:00","entry_id":81639,"field1":"9.875","field2":"8.9375"},{"created_at":"2020-04-12T14:01:11-07:00","entry_id":81640,"field1":"9.875","field2":"9.125"},{"created_at":"2020-04-12T14:10:48-07:00","entry_id":81641,"field1":"9.9375","field2":"8.8125"},{"created_at":"2020-04-12T14:20:30-07:00","entry_id":81642,"field1":"9.875","field2":"8.875"},{"created_at":"2020-04-12T14:30:05-07:00","entry_id":81643,"field1":"9.9375","field2":"8.3125"},{"created_at":"2020-04-12T14:39:42-07:00","entry_id":81644,"field1":"9.9375","field2":"8.75"},{"created_at":"2020-04-12T14:49:19-07:00","entry_id":81645,"field1":"9.8125","field2":"8.9375"},{"created_at":"2020-04-12T14:58:56-07:00","entry_id":81646,"field1":"9.875","field2":"8.5"},{"created_at":"2020-04-12T15:08:33-07:00","entry_id":81647,"field1":"9.8125","field2":"8.25"},{"created_at":"2020-04-12T15:18:10-07:00","entry_id":81648,"field1":"9.75","field2":"8"},{"created_at":"2020-04-12T15:27:48-07:00","entry_id":81649,"field1":"9.75","field2":"8.3125"},{"created_at":"2020-04-12T15:37:29-07:00","entry_id":81650,"field1":"9.75","field2":"8.6875"},{"created_at":"2020-04-12T15:47:04-07:00","entry_id":81651,"field1":"9.75","field2":"8.9375"},{"created_at":"2020-04-12T15:56:42-07:00","entry_id":81652,"field1":"9.75","field2":"9"},{"created_at":"2020-04-12T16:06:19-07:00","entry_id":81653,"field1":"9.6875","field2":"9.1875"},{"created_at":"2020-04-12T16:15:57-07:00","entry_id":81654,"field1":"9.75","field2":"9.125"},{"created_at":"2020-04-12T16:25:34-07:00","entry_id":81655,"field1":"9.6875","field2":"8.9375"},{"created_at":"2020-04-12T16:35:12-07:00","entry_id":81656,"field1":"9.6875","field2":"8.4375"},{"created_at":"2020-04-12T16:44:49-07:00","entry_id":81657,"field1":"9.75","field2":"8.8125"},{"created_at":"2020-04-12T16:54:26-07:00","entry_id":81658,"field1":"9.6875","field2":"8.5625"},{"created_at":"2020-04-12T17:04:03-07:00","entry_id":81659,"field1":"9.6875","field2":"8.6875"},{"created_at":"2020-04-12T17:13:40-07:00","entry_id":81660,"field1":"9.625","field2":"8.5"},{"created_at":"2020-04-12T17:23:18-07:00","entry_id":81661,"field1":"9.625","field2":"7.875"},{"created_at":"2020-04-12T17:32:55-07:00","entry_id":81662,"field1":"9.625","field2":"7.125"},{"created_at":"2020-04-12T17:42:39-07:00","entry_id":81663,"field1":"9.5625","field2":"7.0625"},{"created_at":"2020-04-12T17:52:19-07:00","entry_id":81664,"field1":"9.5625","field2":"6.6875"},{"created_at":"2020-04-12T18:01:55-07:00","entry_id":81665,"field1":"9.5","field2":"6.4375"},{"created_at":"2020-04-12T18:11:34-07:00","entry_id":81666,"field1":"9.5","field2":"6"},{"created_at":"2020-04-12T18:21:11-07:00","entry_id":81667,"field1":"9.4375","field2":"5.75"},{"created_at":"2020-04-12T18:30:48-07:00","entry_id":81668,"field1":"9.375","field2":"5.375"},{"created_at":"2020-04-12T18:40:25-07:00","entry_id":81669,"field1":"9.3125","field2":"5.375"},{"created_at":"2020-04-12T18:50:02-07:00","entry_id":81670,"field1":"9.25","field2":"5.25"},{"created_at":"2020-04-12T18:59:39-07:00","entry_id":81671,"field1":"9.1875","field2":"5.1875"},{"created_at":"2020-04-12T19:09:17-07:00","entry_id":81672,"field1":"9.125","field2":"5"},{"created_at":"2020-04-12T19:18:54-07:00","entry_id":81673,"field1":"9.0625","field2":"4.75"},{"created_at":"2020-04-12T19:28:32-07:00","entry_id":81674,"field1":"9","field2":"4.5625"},{"created_at":"2020-04-12T19:38:08-07:00","entry_id":81675,"field1":"8.9375","field2":"4.3125"},{"created_at":"2020-04-12T19:47:46-07:00","entry_id":81676,"field1":"8.9375","field2":"4.0625"},{"created_at":"2020-04-12T19:57:23-07:00","entry_id":81677,"field1":"8.875","field2":"3.9375"},{"created_at":"2020-04-12T20:07:00-07:00","entry_id":81678,"field1":"8.875","field2":"3.75"},{"created_at":"2020-04-12T20:16:37-07:00","entry_id":81679,"field1":"8.75","field2":"3.5"},{"created_at":"2020-04-12T20:26:14-07:00","entry_id":81680,"field1":"8.75","field2":"3.3125"},{"created_at":"2020-04-12T20:35:51-07:00","entry_id":81681,"field1":"8.75","field2":"3"},{"created_at":"2020-04-12T20:45:29-07:00","entry_id":81682,"field1":"8.6875","field2":"2.75"},{"created_at":"2020-04-12T20:55:06-07:00","entry_id":81683,"field1":"8.625","field2":"2.4375"},{"created_at":"2020-04-12T21:04:43-07:00","entry_id":81684,"field1":"8.5625","field2":"2.25"},{"created_at":"2020-04-12T21:14:21-07:00","entry_id":81685,"field1":"8.5","field2":"1.9375"},{"created_at":"2020-04-12T21:23:58-07:00","entry_id":81686,"field1":"8.4375","field2":"1.75"},{"created_at":"2020-04-12T21:33:35-07:00","entry_id":81687,"field1":"8.4375","field2":"1.6875"},{"created_at":"2020-04-12T21:43:12-07:00","entry_id":81688,"field1":"8.375","field2":"1.5625"},{"created_at":"2020-04-12T21:52:48-07:00","entry_id":81689,"field1":"8.3125","field2":"1.5"},{"created_at":"2020-04-12T22:02:25-07:00","entry_id":81690,"field1":"8.25","field2":"1.3125"},{"created_at":"2020-04-12T22:12:03-07:00","entry_id":81691,"field1":"8.1875","field2":"1"},{"created_at":"2020-04-12T22:21:40-07:00","entry_id":81692,"field1":"8.125","field2":"1"},{"created_at":"2020-04-12T22:31:17-07:00","entry_id":81693,"field1":"8.0625","field2":"0.75"},{"created_at":"2020-04-12T22:40:54-07:00","entry_id":81694,"field1":"8","field2":"0.5"},{"created_at":"2020-04-12T22:50:31-07:00","entry_id":81695,"field1":"7.9375","field2":"0.5"},{"created_at":"2020-04-12T23:00:08-07:00","entry_id":81696,"field1":"7.875","field2":"0.25"},{"created_at":"2020-04-12T23:09:44-07:00","entry_id":81697,"field1":"7.8125","field2":"0.0625"},{"created_at":"2020-04-12T23:19:22-07:00","entry_id":81698,"field1":"7.75","field2":"0.375"},{"created_at":"2020-04-12T23:28:59-07:00","entry_id":81699,"field1":"7.6875","field2":"0.1875"},{"created_at":"2020-04-12T23:38:36-07:00","entry_id":81700,"field1":"7.6875","field2":"0.1875"},{"created_at":"2020-04-12T23:48:13-07:00","entry_id":81701,"field1":"7.625","field2":"0.0625"},{"created_at":"2020-04-12T23:57:50-07:00","entry_id":81702,"field1":"7.5625","field2":"0"}]}