{"channel":{"id":581842,"name":"Upstairs Small Window Indoor / Outdoor Sensor","latitude":"0.0","longitude":"0.0","field1":"Indoor Temperature","field2":"Outdoor Temperature","created_at":"2018-09-23T15:37:52-07:00","updated_at":"2020-07-27T05:59:41-07:00","last_entry_id":150128},"feeds":[{"created_at":"2018-11-20T00:02:55-08:00","entry_id":7028,"field1":"1.375","field2":"0.125"},{"created_at":"2018-11-20T00:12:32-08:00","entry_id":7029,"field1":"1.3125","field2":"0"},{"created_at":"2018-11-20T00:22:08-08:00","entry_id":7030,"field1":"1.375","field2":"0"},{"created_at":"2018-11-20T00:31:45-08:00","entry_id":7031,"field1":"1.375","field2":"0.0625"},{"created_at":"2018-11-20T00:41:22-08:00","entry_id":7032,"field1":"1.375","field2":"-0.0625"},{"created_at":"2018-11-20T00:50:59-08:00","entry_id":7033,"field1":"1.375","field2":"-0.0625"},{"created_at":"2018-11-20T01:00:36-08:00","entry_id":7034,"field1":"1.3125","field2":"0.125"},{"created_at":"2018-11-20T01:10:12-08:00","entry_id":7035,"field1":"1.3125","field2":"0.1875"},{"created_at":"2018-11-20T01:19:46-08:00","entry_id":7036,"field1":"1.3125","field2":"0.125"},{"created_at":"2018-11-20T01:29:24-08:00","entry_id":7037,"field1":"1.3125","field2":"0.0625"},{"created_at":"2018-11-20T01:39:00-08:00","entry_id":7038,"field1":"1.3125","field2":"0.0625"},{"created_at":"2018-11-20T01:48:37-08:00","entry_id":7039,"field1":"1.3125","field2":"-0.125"},{"created_at":"2018-11-20T01:58:15-08:00","entry_id":7040,"field1":"1.3125","field2":"-0.25"},{"created_at":"2018-11-20T02:07:52-08:00","entry_id":7041,"field1":"1.3125","field2":"-0.25"},{"created_at":"2018-11-20T02:17:29-08:00","entry_id":7042,"field1":"1.3125","field2":"-0.375"},{"created_at":"2018-11-20T02:27:05-08:00","entry_id":7043,"field1":"1.3125","field2":"-0.4375"},{"created_at":"2018-11-20T02:36:42-08:00","entry_id":7044,"field1":"1.3125","field2":"-0.375"},{"created_at":"2018-11-20T02:46:20-08:00","entry_id":7045,"field1":"1.25","field2":"-0.5625"},{"created_at":"2018-11-20T02:55:57-08:00","entry_id":7046,"field1":"1.25","field2":"-0.75"},{"created_at":"2018-11-20T03:05:33-08:00","entry_id":7047,"field1":"1.25","field2":"-0.4375"},{"created_at":"2018-11-20T03:15:10-08:00","entry_id":7048,"field1":"1.25","field2":"-0.5625"},{"created_at":"2018-11-20T03:24:46-08:00","entry_id":7049,"field1":"1.25","field2":"-0.625"},{"created_at":"2018-11-20T03:34:23-08:00","entry_id":7050,"field1":"1.25","field2":"-0.5625"},{"created_at":"2018-11-20T03:44:01-08:00","entry_id":7051,"field1":"1.25","field2":"-0.875"},{"created_at":"2018-11-20T03:53:37-08:00","entry_id":7052,"field1":"1.1875","field2":"-0.6875"},{"created_at":"2018-11-20T04:03:14-08:00","entry_id":7053,"field1":"1.1875","field2":"-0.5625"},{"created_at":"2018-11-20T04:12:51-08:00","entry_id":7054,"field1":"1.1875","field2":"-0.625"},{"created_at":"2018-11-20T04:22:28-08:00","entry_id":7055,"field1":"1.1875","field2":"-0.8125"},{"created_at":"2018-11-20T04:32:04-08:00","entry_id":7056,"field1":"1.1875","field2":"-0.6875"},{"created_at":"2018-11-20T04:41:41-08:00","entry_id":7057,"field1":"1.1875","field2":"-0.625"},{"created_at":"2018-11-20T04:51:17-08:00","entry_id":7058,"field1":"1.1875","field2":"-0.4375"},{"created_at":"2018-11-20T05:00:54-08:00","entry_id":7059,"field1":"1.1875","field2":"-0.625"},{"created_at":"2018-11-20T05:10:32-08:00","entry_id":7060,"field1":"1.1875","field2":"-0.625"},{"created_at":"2018-11-20T05:20:08-08:00","entry_id":7061,"field1":"1.1875","field2":"-0.5"},{"created_at":"2018-11-20T05:29:45-08:00","entry_id":7062,"field1":"1.1875","field2":"-0.375"},{"created_at":"2018-11-20T05:39:22-08:00","entry_id":7063,"field1":"1.125","field2":"-0.5625"},{"created_at":"2018-11-20T05:48:58-08:00","entry_id":7064,"field1":"1.1875","field2":"-0.5625"},{"created_at":"2018-11-20T05:58:35-08:00","entry_id":7065,"field1":"1.125","field2":"-0.375"},{"created_at":"2018-11-20T06:08:12-08:00","entry_id":7066,"field1":"1.125","field2":"-0.5"},{"created_at":"2018-11-20T06:17:49-08:00","entry_id":7067,"field1":"1.125","field2":"-0.4375"},{"created_at":"2018-11-20T06:27:25-08:00","entry_id":7068,"field1":"1.125","field2":"-0.4375"},{"created_at":"2018-11-20T06:37:01-08:00","entry_id":7069,"field1":"1.125","field2":"-0.4375"},{"created_at":"2018-11-20T06:46:38-08:00","entry_id":7070,"field1":"1.125","field2":"-0.4375"},{"created_at":"2018-11-20T06:56:14-08:00","entry_id":7071,"field1":"1.125","field2":"-0.3125"},{"created_at":"2018-11-20T07:05:51-08:00","entry_id":7072,"field1":"1.125","field2":"-0.375"},{"created_at":"2018-11-20T07:15:28-08:00","entry_id":7073,"field1":"1.125","field2":"-0.1875"},{"created_at":"2018-11-20T07:25:05-08:00","entry_id":7074,"field1":"1.125","field2":"-0.375"},{"created_at":"2018-11-20T07:34:42-08:00","entry_id":7075,"field1":"1.0625","field2":"-0.3125"},{"created_at":"2018-11-20T07:44:20-08:00","entry_id":7076,"field1":"1.0625","field2":"-0.1875"},{"created_at":"2018-11-20T07:53:56-08:00","entry_id":7077,"field1":"1.125","field2":"-0.375"},{"created_at":"2018-11-20T08:03:33-08:00","entry_id":7078,"field1":"1.0625","field2":"-0.125"},{"created_at":"2018-11-20T08:13:10-08:00","entry_id":7079,"field1":"1.0625","field2":"0"},{"created_at":"2018-11-20T08:22:46-08:00","entry_id":7080,"field1":"1.125","field2":"-0.1875"},{"created_at":"2018-11-20T08:32:23-08:00","entry_id":7081,"field1":"1.0625","field2":"-0.0625"},{"created_at":"2018-11-20T08:42:00-08:00","entry_id":7082,"field1":"1.0625","field2":"-0.1875"},{"created_at":"2018-11-20T08:51:37-08:00","entry_id":7083,"field1":"1.0625","field2":"0"},{"created_at":"2018-11-20T09:01:15-08:00","entry_id":7084,"field1":"1.0625","field2":"0.0625"},{"created_at":"2018-11-20T09:10:50-08:00","entry_id":7085,"field1":"1.0625","field2":"0.0625"},{"created_at":"2018-11-20T09:20:27-08:00","entry_id":7086,"field1":"1.0625","field2":"0.125"},{"created_at":"2018-11-20T09:30:04-08:00","entry_id":7087,"field1":"1.0625","field2":"0.1875"},{"created_at":"2018-11-20T09:39:41-08:00","entry_id":7088,"field1":"1.0625","field2":"0.25"},{"created_at":"2018-11-20T09:49:17-08:00","entry_id":7089,"field1":"1.0625","field2":"0.3125"},{"created_at":"2018-11-20T09:58:53-08:00","entry_id":7090,"field1":"1.0625","field2":"0.25"},{"created_at":"2018-11-20T10:08:31-08:00","entry_id":7091,"field1":"1.0625","field2":"0.625"},{"created_at":"2018-11-20T10:18:08-08:00","entry_id":7092,"field1":"1.0625","field2":"0.8125"},{"created_at":"2018-11-20T10:27:44-08:00","entry_id":7093,"field1":"1.125","field2":"0.9375"},{"created_at":"2018-11-20T10:37:22-08:00","entry_id":7094,"field1":"1.125","field2":"0.9375"},{"created_at":"2018-11-20T10:46:58-08:00","entry_id":7095,"field1":"1.125","field2":"1"},{"created_at":"2018-11-20T10:56:35-08:00","entry_id":7096,"field1":"1.125","field2":"1.125"},{"created_at":"2018-11-20T11:06:12-08:00","entry_id":7097,"field1":"1.125","field2":"1.1875"},{"created_at":"2018-11-20T11:15:48-08:00","entry_id":7098,"field1":"1.1875","field2":"1.25"},{"created_at":"2018-11-20T11:25:25-08:00","entry_id":7099,"field1":"1.1875","field2":"1.3125"},{"created_at":"2018-11-20T11:35:04-08:00","entry_id":7100,"field1":"1.1875","field2":"1.375"},{"created_at":"2018-11-20T11:44:40-08:00","entry_id":7101,"field1":"1.25","field2":"1.5"},{"created_at":"2018-11-20T11:54:16-08:00","entry_id":7102,"field1":"1.3125","field2":"1.5625"},{"created_at":"2018-11-20T12:03:53-08:00","entry_id":7103,"field1":"1.3125","field2":"1.6875"},{"created_at":"2018-11-20T12:13:29-08:00","entry_id":7104,"field1":"1.375","field2":"1.8125"},{"created_at":"2018-11-20T12:23:07-08:00","entry_id":7105,"field1":"1.375","field2":"1.6875"},{"created_at":"2018-11-20T12:32:44-08:00","entry_id":7106,"field1":"1.375","field2":"2"},{"created_at":"2018-11-20T12:42:21-08:00","entry_id":7107,"field1":"1.4375","field2":"1.875"},{"created_at":"2018-11-20T12:51:58-08:00","entry_id":7108,"field1":"1.4375","field2":"2.125"},{"created_at":"2018-11-20T13:01:34-08:00","entry_id":7109,"field1":"1.4375","field2":"1.9375"},{"created_at":"2018-11-20T13:11:12-08:00","entry_id":7110,"field1":"1.5","field2":"1.8125"},{"created_at":"2018-11-20T13:20:48-08:00","entry_id":7111,"field1":"1.5","field2":"1.8125"},{"created_at":"2018-11-20T13:30:26-08:00","entry_id":7112,"field1":"1.5","field2":"1.75"},{"created_at":"2018-11-20T13:40:04-08:00","entry_id":7113,"field1":"1.5625","field2":"1.8125"},{"created_at":"2018-11-20T13:49:41-08:00","entry_id":7114,"field1":"1.5","field2":"1.6875"},{"created_at":"2018-11-20T13:59:18-08:00","entry_id":7115,"field1":"1.5","field2":"1.6875"},{"created_at":"2018-11-20T14:08:55-08:00","entry_id":7116,"field1":"1.5","field2":"1.5625"},{"created_at":"2018-11-20T14:18:31-08:00","entry_id":7117,"field1":"1.5","field2":"1.4375"},{"created_at":"2018-11-20T14:28:09-08:00","entry_id":7118,"field1":"1.5","field2":"1.3125"},{"created_at":"2018-11-20T14:37:45-08:00","entry_id":7119,"field1":"1.5","field2":"1.1875"},{"created_at":"2018-11-20T14:47:22-08:00","entry_id":7120,"field1":"1.5","field2":"1.125"},{"created_at":"2018-11-20T14:56:58-08:00","entry_id":7121,"field1":"1.5","field2":"1"},{"created_at":"2018-11-20T15:06:35-08:00","entry_id":7122,"field1":"1.5","field2":"0.875"},{"created_at":"2018-11-20T15:16:12-08:00","entry_id":7123,"field1":"1.5","field2":"0.75"},{"created_at":"2018-11-20T15:25:49-08:00","entry_id":7124,"field1":"1.4375","field2":"0.5625"},{"created_at":"2018-11-20T15:35:25-08:00","entry_id":7125,"field1":"1.4375","field2":"0.5"},{"created_at":"2018-11-20T15:45:03-08:00","entry_id":7126,"field1":"1.4375","field2":"0.375"},{"created_at":"2018-11-20T15:54:39-08:00","entry_id":7127,"field1":"1.4375","field2":"0.25"},{"created_at":"2018-11-20T16:04:16-08:00","entry_id":7128,"field1":"1.4375","field2":"0.0625"},{"created_at":"2018-11-20T16:13:53-08:00","entry_id":7129,"field1":"1.4375","field2":"-0.0625"},{"created_at":"2018-11-20T16:23:30-08:00","entry_id":7130,"field1":"1.4375","field2":"-0.125"},{"created_at":"2018-11-20T16:33:08-08:00","entry_id":7131,"field1":"1.375","field2":"-0.1875"},{"created_at":"2018-11-20T16:42:44-08:00","entry_id":7132,"field1":"1.375","field2":"-0.1875"},{"created_at":"2018-11-20T16:52:21-08:00","entry_id":7133,"field1":"1.375","field2":"-0.3125"},{"created_at":"2018-11-20T17:01:59-08:00","entry_id":7134,"field1":"1.375","field2":"-0.3125"},{"created_at":"2018-11-20T17:11:35-08:00","entry_id":7135,"field1":"1.375","field2":"-0.3125"},{"created_at":"2018-11-20T17:21:11-08:00","entry_id":7136,"field1":"1.375","field2":"-0.375"},{"created_at":"2018-11-20T17:30:50-08:00","entry_id":7137,"field1":"1.3125","field2":"-0.5625"},{"created_at":"2018-11-20T17:40:26-08:00","entry_id":7138,"field1":"1.3125","field2":"-0.625"},{"created_at":"2018-11-20T17:50:03-08:00","entry_id":7139,"field1":"1.3125","field2":"-0.5625"},{"created_at":"2018-11-20T17:59:39-08:00","entry_id":7140,"field1":"1.3125","field2":"-0.4375"},{"created_at":"2018-11-20T18:09:17-08:00","entry_id":7141,"field1":"1.3125","field2":"-0.4375"},{"created_at":"2018-11-20T18:18:53-08:00","entry_id":7142,"field1":"1.3125","field2":"-0.5625"},{"created_at":"2018-11-20T18:28:31-08:00","entry_id":7143,"field1":"1.3125","field2":"-0.5"},{"created_at":"2018-11-20T18:38:08-08:00","entry_id":7144,"field1":"1.3125","field2":"-0.4375"},{"created_at":"2018-11-20T18:47:46-08:00","entry_id":7145,"field1":"1.3125","field2":"-0.375"},{"created_at":"2018-11-20T18:57:22-08:00","entry_id":7146,"field1":"1.25","field2":"-0.25"},{"created_at":"2018-11-20T19:06:59-08:00","entry_id":7147,"field1":"1.25","field2":"-0.125"},{"created_at":"2018-11-20T19:16:36-08:00","entry_id":7148,"field1":"1.3125","field2":"-0.125"},{"created_at":"2018-11-20T19:26:12-08:00","entry_id":7149,"field1":"1.25","field2":"-0.125"},{"created_at":"2018-11-20T19:35:49-08:00","entry_id":7150,"field1":"1.25","field2":"-0.1875"},{"created_at":"2018-11-20T19:45:26-08:00","entry_id":7151,"field1":"1.25","field2":"-0.0625"},{"created_at":"2018-11-20T19:55:03-08:00","entry_id":7152,"field1":"1.25","field2":"-0.0625"},{"created_at":"2018-11-20T20:04:39-08:00","entry_id":7153,"field1":"1.25","field2":"-0.1875"},{"created_at":"2018-11-20T20:14:15-08:00","entry_id":7154,"field1":"1.25","field2":"-0.25"},{"created_at":"2018-11-20T20:23:53-08:00","entry_id":7155,"field1":"1.25","field2":"-0.1875"},{"created_at":"2018-11-20T20:33:30-08:00","entry_id":7156,"field1":"1.25","field2":"-0.0625"},{"created_at":"2018-11-20T20:43:07-08:00","entry_id":7157,"field1":"1.25","field2":"-0.125"},{"created_at":"2018-11-20T20:52:44-08:00","entry_id":7158,"field1":"1.25","field2":"-0.0625"},{"created_at":"2018-11-20T21:02:20-08:00","entry_id":7159,"field1":"1.1875","field2":"-0.125"},{"created_at":"2018-11-20T21:11:57-08:00","entry_id":7160,"field1":"1.1875","field2":"-0.1875"},{"created_at":"2018-11-20T21:21:34-08:00","entry_id":7161,"field1":"1.1875","field2":"-0.125"},{"created_at":"2018-11-20T21:31:12-08:00","entry_id":7162,"field1":"1.1875","field2":"-0.125"},{"created_at":"2018-11-20T21:40:48-08:00","entry_id":7163,"field1":"1.1875","field2":"-0.0625"},{"created_at":"2018-11-20T21:50:26-08:00","entry_id":7164,"field1":"1.1875","field2":"0"},{"created_at":"2018-11-20T22:00:02-08:00","entry_id":7165,"field1":"1.1875","field2":"-0.1875"},{"created_at":"2018-11-20T22:09:39-08:00","entry_id":7166,"field1":"1.1875","field2":"-0.125"},{"created_at":"2018-11-20T22:19:15-08:00","entry_id":7167,"field1":"1.1875","field2":"-0.1875"},{"created_at":"2018-11-20T22:28:53-08:00","entry_id":7168,"field1":"1.125","field2":"-0.1875"},{"created_at":"2018-11-20T22:38:30-08:00","entry_id":7169,"field1":"1.1875","field2":"-0.1875"},{"created_at":"2018-11-20T22:48:06-08:00","entry_id":7170,"field1":"1.1875","field2":"-0.125"},{"created_at":"2018-11-20T22:57:42-08:00","entry_id":7171,"field1":"1.1875","field2":"-0.0625"},{"created_at":"2018-11-20T23:07:19-08:00","entry_id":7172,"field1":"1.125","field2":"0.0625"},{"created_at":"2018-11-20T23:16:56-08:00","entry_id":7173,"field1":"1.125","field2":"0"},{"created_at":"2018-11-20T23:26:33-08:00","entry_id":7174,"field1":"1.125","field2":"-0.125"},{"created_at":"2018-11-20T23:36:10-08:00","entry_id":7175,"field1":"1.125","field2":"0"},{"created_at":"2018-11-20T23:45:46-08:00","entry_id":7176,"field1":"1.125","field2":"-0.25"},{"created_at":"2018-11-20T23:55:24-08:00","entry_id":7177,"field1":"1.125","field2":"-0.3125"}]}