{"channel":{"id":581842,"name":"Upstairs Small Window Indoor / Outdoor Sensor","latitude":"0.0","longitude":"0.0","field1":"Indoor Temperature","field2":"Outdoor Temperature","created_at":"2018-09-23T15:37:52-07:00","updated_at":"2020-07-27T05:59:41-07:00","last_entry_id":150129},"feeds":[{"created_at":"2019-12-25T00:02:28-08:00","entry_id":65793,"field1":"0.375","field2":"-1.25"},{"created_at":"2019-12-25T00:12:05-08:00","entry_id":65794,"field1":"0.375","field2":"-1.25"},{"created_at":"2019-12-25T00:21:41-08:00","entry_id":65795,"field1":"0.375","field2":"-1.1875"},{"created_at":"2019-12-25T00:31:18-08:00","entry_id":65796,"field1":"0.375","field2":"-1.25"},{"created_at":"2019-12-25T00:40:56-08:00","entry_id":65797,"field1":"0.375","field2":"-1.25"},{"created_at":"2019-12-25T00:50:32-08:00","entry_id":65798,"field1":"0.375","field2":"-1.3125"},{"created_at":"2019-12-25T01:00:09-08:00","entry_id":65799,"field1":"0.375","field2":"-1.3125"},{"created_at":"2019-12-25T01:09:46-08:00","entry_id":65800,"field1":"0.3125","field2":"-1.3125"},{"created_at":"2019-12-25T01:19:22-08:00","entry_id":65801,"field1":"0.375","field2":"-1.3125"},{"created_at":"2019-12-25T01:29:00-08:00","entry_id":65802,"field1":"0.3125","field2":"-1.3125"},{"created_at":"2019-12-25T01:38:36-08:00","entry_id":65803,"field1":"0.3125","field2":"-1.3125"},{"created_at":"2019-12-25T01:48:13-08:00","entry_id":65804,"field1":"0.3125","field2":"-1.25"},{"created_at":"2019-12-25T01:57:51-08:00","entry_id":65805,"field1":"0.3125","field2":"-1.3125"},{"created_at":"2019-12-25T02:07:28-08:00","entry_id":65806,"field1":"0.3125","field2":"-1.3125"},{"created_at":"2019-12-25T02:17:05-08:00","entry_id":65807,"field1":"0.3125","field2":"-1.3125"},{"created_at":"2019-12-25T02:26:42-08:00","entry_id":65808,"field1":"0.3125","field2":"-1.4375"},{"created_at":"2019-12-25T02:36:18-08:00","entry_id":65809,"field1":"0.3125","field2":"-1.375"},{"created_at":"2019-12-25T02:45:55-08:00","entry_id":65810,"field1":"0.3125","field2":"-1.3125"},{"created_at":"2019-12-25T02:55:32-08:00","entry_id":65811,"field1":"0.3125","field2":"-1.375"},{"created_at":"2019-12-25T03:05:09-08:00","entry_id":65812,"field1":"0.3125","field2":"-1.4375"},{"created_at":"2019-12-25T03:14:45-08:00","entry_id":65813,"field1":"0.3125","field2":"-1.5"},{"created_at":"2019-12-25T03:24:21-08:00","entry_id":65814,"field1":"0.3125","field2":"-1.375"},{"created_at":"2019-12-25T03:33:58-08:00","entry_id":65815,"field1":"0.25","field2":"-1.375"},{"created_at":"2019-12-25T03:43:36-08:00","entry_id":65816,"field1":"0.25","field2":"-1.25"},{"created_at":"2019-12-25T03:53:13-08:00","entry_id":65817,"field1":"0.3125","field2":"-1.1875"},{"created_at":"2019-12-25T04:02:50-08:00","entry_id":65818,"field1":"0.25","field2":"-1.1875"},{"created_at":"2019-12-25T04:12:26-08:00","entry_id":65819,"field1":"0.3125","field2":"-1.125"},{"created_at":"2019-12-25T04:22:04-08:00","entry_id":65820,"field1":"0.25","field2":"-1.1875"},{"created_at":"2019-12-25T04:31:40-08:00","entry_id":65821,"field1":"0.25","field2":"-1.25"},{"created_at":"2019-12-25T04:41:17-08:00","entry_id":65822,"field1":"0.25","field2":"-1.25"},{"created_at":"2019-12-25T04:50:53-08:00","entry_id":65823,"field1":"0.25","field2":"-1.3125"},{"created_at":"2019-12-25T05:00:31-08:00","entry_id":65824,"field1":"0.25","field2":"-1.5625"},{"created_at":"2019-12-25T05:10:07-08:00","entry_id":65825,"field1":"0.25","field2":"-1.5625"},{"created_at":"2019-12-25T05:19:44-08:00","entry_id":65826,"field1":"0.25","field2":"-1.625"},{"created_at":"2019-12-25T05:29:20-08:00","entry_id":65827,"field1":"0.25","field2":"-1.625"},{"created_at":"2019-12-25T05:38:57-08:00","entry_id":65828,"field1":"0.25","field2":"-1.6875"},{"created_at":"2019-12-25T05:48:34-08:00","entry_id":65829,"field1":"0.25","field2":"-1.8125"},{"created_at":"2019-12-25T05:58:11-08:00","entry_id":65830,"field1":"0.25","field2":"-1.75"},{"created_at":"2019-12-25T06:07:48-08:00","entry_id":65831,"field1":"0.25","field2":"-1.75"},{"created_at":"2019-12-25T06:17:24-08:00","entry_id":65832,"field1":"0.1875","field2":"-1.5625"},{"created_at":"2019-12-25T06:27:02-08:00","entry_id":65833,"field1":"0.1875","field2":"-1.6875"},{"created_at":"2019-12-25T06:36:39-08:00","entry_id":65834,"field1":"0.1875","field2":"-1.625"},{"created_at":"2019-12-25T06:46:15-08:00","entry_id":65835,"field1":"0.1875","field2":"-1.625"},{"created_at":"2019-12-25T06:55:53-08:00","entry_id":65836,"field1":"0.1875","field2":"-1.5625"},{"created_at":"2019-12-25T07:05:30-08:00","entry_id":65837,"field1":"0.1875","field2":"-1.5625"},{"created_at":"2019-12-25T07:15:06-08:00","entry_id":65838,"field1":"0.1875","field2":"-1.625"},{"created_at":"2019-12-25T07:24:44-08:00","entry_id":65839,"field1":"0.1875","field2":"-1.6875"},{"created_at":"2019-12-25T07:34:20-08:00","entry_id":65840,"field1":"0.1875","field2":"-1.5625"},{"created_at":"2019-12-25T07:43:57-08:00","entry_id":65841,"field1":"0.1875","field2":"-1.625"},{"created_at":"2019-12-25T07:53:34-08:00","entry_id":65842,"field1":"0.1875","field2":"-1.5625"},{"created_at":"2019-12-25T08:03:11-08:00","entry_id":65843,"field1":"0.1875","field2":"-1.625"},{"created_at":"2019-12-25T08:12:48-08:00","entry_id":65844,"field1":"0.1875","field2":"-1.5"},{"created_at":"2019-12-25T08:22:25-08:00","entry_id":65845,"field1":"0.1875","field2":"-1.5"},{"created_at":"2019-12-25T08:32:03-08:00","entry_id":65846,"field1":"0.1875","field2":"-1.5"},{"created_at":"2019-12-25T08:41:40-08:00","entry_id":65847,"field1":"0.1875","field2":"-1.5625"},{"created_at":"2019-12-25T08:51:17-08:00","entry_id":65848,"field1":"0.1875","field2":"-1.375"},{"created_at":"2019-12-25T09:00:55-08:00","entry_id":65849,"field1":"0.1875","field2":"-1.375"},{"created_at":"2019-12-25T09:10:31-08:00","entry_id":65850,"field1":"0.1875","field2":"-1.4375"},{"created_at":"2019-12-25T09:20:08-08:00","entry_id":65851,"field1":"0.1875","field2":"-1.25"},{"created_at":"2019-12-25T09:29:45-08:00","entry_id":65852,"field1":"0.1875","field2":"-1.1875"},{"created_at":"2019-12-25T09:39:21-08:00","entry_id":65853,"field1":"0.1875","field2":"-1.25"},{"created_at":"2019-12-25T09:48:59-08:00","entry_id":65854,"field1":"0.1875","field2":"-1.0625"},{"created_at":"2019-12-25T09:58:36-08:00","entry_id":65855,"field1":"0.1875","field2":"-1.0625"},{"created_at":"2019-12-25T10:08:12-08:00","entry_id":65856,"field1":"0.1875","field2":"-1.125"},{"created_at":"2019-12-25T10:17:49-08:00","entry_id":65857,"field1":"0.1875","field2":"-0.9375"},{"created_at":"2019-12-25T10:27:25-08:00","entry_id":65858,"field1":"0.1875","field2":"-0.875"},{"created_at":"2019-12-25T10:37:03-08:00","entry_id":65859,"field1":"0.1875","field2":"-0.875"},{"created_at":"2019-12-25T10:46:39-08:00","entry_id":65860,"field1":"0.1875","field2":"-0.8125"},{"created_at":"2019-12-25T10:56:16-08:00","entry_id":65861,"field1":"0.1875","field2":"-0.875"},{"created_at":"2019-12-25T11:05:53-08:00","entry_id":65862,"field1":"0.1875","field2":"-0.8125"},{"created_at":"2019-12-25T11:15:29-08:00","entry_id":65863,"field1":"0.25","field2":"-0.75"},{"created_at":"2019-12-25T11:25:06-08:00","entry_id":65864,"field1":"0.25","field2":"-0.8125"},{"created_at":"2019-12-25T11:34:43-08:00","entry_id":65865,"field1":"0.25","field2":"-0.8125"},{"created_at":"2019-12-25T11:44:20-08:00","entry_id":65866,"field1":"0.25","field2":"-0.625"},{"created_at":"2019-12-25T12:03:57-08:00","entry_id":65867,"field1":"0.25","field2":"-0.5625"},{"created_at":"2019-12-25T12:13:34-08:00","entry_id":65868,"field1":"0.25","field2":"-0.4375"},{"created_at":"2019-12-25T12:23:11-08:00","entry_id":65869,"field1":"0.25","field2":"-0.5625"},{"created_at":"2019-12-25T12:32:48-08:00","entry_id":65870,"field1":"0.25","field2":"-0.4375"},{"created_at":"2019-12-25T12:42:25-08:00","entry_id":65871,"field1":"0.25","field2":"-0.375"},{"created_at":"2019-12-25T12:52:02-08:00","entry_id":65872,"field1":"0.25","field2":"-0.3125"},{"created_at":"2019-12-25T13:01:39-08:00","entry_id":65873,"field1":"0.3125","field2":"-0.25"},{"created_at":"2019-12-25T13:11:16-08:00","entry_id":65874,"field1":"0.3125","field2":"-0.25"},{"created_at":"2019-12-25T13:20:52-08:00","entry_id":65875,"field1":"0.3125","field2":"-0.1875"},{"created_at":"2019-12-25T13:30:29-08:00","entry_id":65876,"field1":"0.3125","field2":"-0.25"},{"created_at":"2019-12-25T13:40:05-08:00","entry_id":65877,"field1":"0.3125","field2":"-0.1875"},{"created_at":"2019-12-25T13:49:44-08:00","entry_id":65878,"field1":"0.3125","field2":"-0.25"},{"created_at":"2019-12-25T13:59:20-08:00","entry_id":65879,"field1":"0.3125","field2":"-0.25"},{"created_at":"2019-12-25T14:09:02-08:00","entry_id":65880,"field1":"0.3125","field2":"-0.25"},{"created_at":"2019-12-25T14:18:45-08:00","entry_id":65881,"field1":"0.3125","field2":"-0.25"},{"created_at":"2019-12-25T14:28:21-08:00","entry_id":65882,"field1":"0.3125","field2":"-0.3125"},{"created_at":"2019-12-25T14:37:57-08:00","entry_id":65883,"field1":"0.3125","field2":"-0.3125"},{"created_at":"2019-12-25T14:47:35-08:00","entry_id":65884,"field1":"0.3125","field2":"-0.375"},{"created_at":"2019-12-25T14:57:12-08:00","entry_id":65885,"field1":"0.3125","field2":"-0.4375"},{"created_at":"2019-12-25T15:06:49-08:00","entry_id":65886,"field1":"0.3125","field2":"-0.4375"},{"created_at":"2019-12-25T15:16:26-08:00","entry_id":65887,"field1":"0.3125","field2":"-0.5"},{"created_at":"2019-12-25T15:26:02-08:00","entry_id":65888,"field1":"0.3125","field2":"-0.5"},{"created_at":"2019-12-25T15:35:39-08:00","entry_id":65889,"field1":"0.3125","field2":"-0.5625"},{"created_at":"2019-12-25T15:45:16-08:00","entry_id":65890,"field1":"0.3125","field2":"-0.625"},{"created_at":"2019-12-25T15:54:53-08:00","entry_id":65891,"field1":"0.3125","field2":"-0.6875"},{"created_at":"2019-12-25T16:04:30-08:00","entry_id":65892,"field1":"0.25","field2":"-0.75"},{"created_at":"2019-12-25T16:14:06-08:00","entry_id":65893,"field1":"0.3125","field2":"-0.75"},{"created_at":"2019-12-25T16:23:44-08:00","entry_id":65894,"field1":"0.25","field2":"-0.8125"},{"created_at":"2019-12-25T16:33:20-08:00","entry_id":65895,"field1":"0.25","field2":"-0.875"},{"created_at":"2019-12-25T16:42:57-08:00","entry_id":65896,"field1":"0.3125","field2":"-0.875"},{"created_at":"2019-12-25T16:52:33-08:00","entry_id":65897,"field1":"0.3125","field2":"-0.875"},{"created_at":"2019-12-25T17:02:10-08:00","entry_id":65898,"field1":"0.25","field2":"-0.875"},{"created_at":"2019-12-25T17:11:47-08:00","entry_id":65899,"field1":"0.25","field2":"-0.875"},{"created_at":"2019-12-25T17:21:23-08:00","entry_id":65900,"field1":"0.25","field2":"-0.9375"},{"created_at":"2019-12-25T17:31:00-08:00","entry_id":65901,"field1":"0.25","field2":"-0.9375"},{"created_at":"2019-12-25T17:40:41-08:00","entry_id":65902,"field1":"0.25","field2":"-0.9375"},{"created_at":"2019-12-25T17:50:16-08:00","entry_id":65903,"field1":"0.25","field2":"-1"},{"created_at":"2019-12-25T17:59:53-08:00","entry_id":65904,"field1":"0.25","field2":"-1.0625"},{"created_at":"2019-12-25T18:09:29-08:00","entry_id":65905,"field1":"0.25","field2":"-1"},{"created_at":"2019-12-25T18:19:06-08:00","entry_id":65906,"field1":"0.25","field2":"-1"},{"created_at":"2019-12-25T18:28:44-08:00","entry_id":65907,"field1":"0.25","field2":"-1.0625"},{"created_at":"2019-12-25T18:38:22-08:00","entry_id":65908,"field1":"0.25","field2":"-1.0625"},{"created_at":"2019-12-25T18:47:59-08:00","entry_id":65909,"field1":"0.25","field2":"-1.0625"},{"created_at":"2019-12-25T18:57:36-08:00","entry_id":65910,"field1":"0.25","field2":"-1.0625"},{"created_at":"2019-12-25T19:07:12-08:00","entry_id":65911,"field1":"0.1875","field2":"-1.0625"},{"created_at":"2019-12-25T19:16:49-08:00","entry_id":65912,"field1":"0.25","field2":"-1.0625"},{"created_at":"2019-12-25T19:26:27-08:00","entry_id":65913,"field1":"0.25","field2":"-1.125"},{"created_at":"2019-12-25T19:36:03-08:00","entry_id":65914,"field1":"0.25","field2":"-1.125"},{"created_at":"2019-12-25T19:45:40-08:00","entry_id":65915,"field1":"0.25","field2":"-1.125"},{"created_at":"2019-12-25T19:55:17-08:00","entry_id":65916,"field1":"0.25","field2":"-1.1875"},{"created_at":"2019-12-25T20:04:54-08:00","entry_id":65917,"field1":"0.1875","field2":"-1.1875"},{"created_at":"2019-12-25T20:14:31-08:00","entry_id":65918,"field1":"0.1875","field2":"-1.1875"},{"created_at":"2019-12-25T20:24:07-08:00","entry_id":65919,"field1":"0.1875","field2":"-1.25"},{"created_at":"2019-12-25T20:33:44-08:00","entry_id":65920,"field1":"0.1875","field2":"-1.3125"},{"created_at":"2019-12-25T20:43:21-08:00","entry_id":65921,"field1":"0.1875","field2":"-1.375"},{"created_at":"2019-12-25T20:52:58-08:00","entry_id":65922,"field1":"0.1875","field2":"-1.3125"},{"created_at":"2019-12-25T21:02:35-08:00","entry_id":65923,"field1":"0.1875","field2":"-1.375"},{"created_at":"2019-12-25T21:12:11-08:00","entry_id":65924,"field1":"0.1875","field2":"-1.4375"},{"created_at":"2019-12-25T21:21:48-08:00","entry_id":65925,"field1":"0.1875","field2":"-1.4375"},{"created_at":"2019-12-25T21:31:24-08:00","entry_id":65926,"field1":"0.1875","field2":"-1.4375"},{"created_at":"2019-12-25T21:41:01-08:00","entry_id":65927,"field1":"0.1875","field2":"-1.5"},{"created_at":"2019-12-25T21:50:38-08:00","entry_id":65928,"field1":"0.1875","field2":"-1.5625"},{"created_at":"2019-12-25T22:00:14-08:00","entry_id":65929,"field1":"0.1875","field2":"-1.5625"},{"created_at":"2019-12-25T22:09:52-08:00","entry_id":65930,"field1":"0.1875","field2":"-1.5625"},{"created_at":"2019-12-25T22:19:29-08:00","entry_id":65931,"field1":"0.1875","field2":"-1.625"},{"created_at":"2019-12-25T22:29:06-08:00","entry_id":65932,"field1":"0.125","field2":"-1.625"},{"created_at":"2019-12-25T22:38:43-08:00","entry_id":65933,"field1":"0.1875","field2":"-1.625"},{"created_at":"2019-12-25T22:48:20-08:00","entry_id":65934,"field1":"0.1875","field2":"-1.625"},{"created_at":"2019-12-25T22:57:57-08:00","entry_id":65935,"field1":"0.125","field2":"-1.6875"},{"created_at":"2019-12-25T23:07:33-08:00","entry_id":65936,"field1":"0.125","field2":"-1.6875"},{"created_at":"2019-12-25T23:17:10-08:00","entry_id":65937,"field1":"0.125","field2":"-1.8125"},{"created_at":"2019-12-25T23:26:46-08:00","entry_id":65938,"field1":"0.125","field2":"-1.75"},{"created_at":"2019-12-25T23:36:23-08:00","entry_id":65939,"field1":"0.125","field2":"-1.8125"},{"created_at":"2019-12-25T23:46:00-08:00","entry_id":65940,"field1":"0.125","field2":"-1.8125"},{"created_at":"2019-12-25T23:55:36-08:00","entry_id":65941,"field1":"0.125","field2":"-1.875"}]}