{"channel":{"id":581842,"name":"Upstairs Small Window Indoor / Outdoor Sensor","latitude":"0.0","longitude":"0.0","field1":"Indoor Temperature","field2":"Outdoor Temperature","created_at":"2018-09-23T15:37:52-07:00","updated_at":"2020-07-27T05:59:41-07:00","last_entry_id":276955},"feeds":[{"created_at":"2023-12-15T00:06:27-08:00","entry_id":276675,"field1":"0.3125","field2":"-0.0625"},{"created_at":"2023-12-15T00:16:05-08:00","entry_id":276676,"field1":"0.3125","field2":"-0.0625"},{"created_at":"2023-12-15T00:25:40-08:00","entry_id":276677,"field1":"0.3125","field2":"-0.0625"},{"created_at":"2023-12-15T00:35:18-08:00","entry_id":276678,"field1":"0.3125","field2":"-0.0625"},{"created_at":"2023-12-15T00:44:53-08:00","entry_id":276679,"field1":"0.375","field2":"-0.0625"},{"created_at":"2023-12-15T00:54:31-08:00","entry_id":276680,"field1":"0.375","field2":"-0.0625"},{"created_at":"2023-12-15T01:04:08-08:00","entry_id":276681,"field1":"0.375","field2":"-0.1875"},{"created_at":"2023-12-15T01:13:45-08:00","entry_id":276682,"field1":"0.375","field2":"-0.125"},{"created_at":"2023-12-15T01:23:22-08:00","entry_id":276683,"field1":"0.375","field2":"-0.125"},{"created_at":"2023-12-15T01:32:59-08:00","entry_id":276684,"field1":"0.375","field2":"-0.125"},{"created_at":"2023-12-15T01:42:35-08:00","entry_id":276685,"field1":"0.375","field2":"-0.125"},{"created_at":"2023-12-15T01:52:12-08:00","entry_id":276686,"field1":"0.375","field2":"-0.125"},{"created_at":"2023-12-15T02:01:47-08:00","entry_id":276687,"field1":"0.375","field2":"-0.0625"},{"created_at":"2023-12-15T02:11:25-08:00","entry_id":276688,"field1":"0.375","field2":"-0.125"},{"created_at":"2023-12-15T02:21:02-08:00","entry_id":276689,"field1":"0.375","field2":"-0.0625"},{"created_at":"2023-12-15T02:30:37-08:00","entry_id":276690,"field1":"0.375","field2":"-0.0625"},{"created_at":"2023-12-15T02:40:14-08:00","entry_id":276691,"field1":"0.375","field2":"-0.0625"},{"created_at":"2023-12-15T02:49:50-08:00","entry_id":276692,"field1":"0.375","field2":"-0.0625"},{"created_at":"2023-12-15T02:59:28-08:00","entry_id":276693,"field1":"0.375","field2":"0"},{"created_at":"2023-12-15T03:09:05-08:00","entry_id":276694,"field1":"0.375","field2":"-0.0625"},{"created_at":"2023-12-15T03:18:42-08:00","entry_id":276695,"field1":"0.375","field2":"-0.0625"},{"created_at":"2023-12-15T03:28:20-08:00","entry_id":276696,"field1":"0.375","field2":"0"},{"created_at":"2023-12-15T03:37:55-08:00","entry_id":276697,"field1":"0.375","field2":"0"},{"created_at":"2023-12-15T03:47:31-08:00","entry_id":276698,"field1":"0.375","field2":"0"},{"created_at":"2023-12-15T03:57:09-08:00","entry_id":276699,"field1":"0.375","field2":"0"},{"created_at":"2023-12-15T04:06:46-08:00","entry_id":276700,"field1":"0.375","field2":"0"},{"created_at":"2023-12-15T04:16:21-08:00","entry_id":276701,"field1":"0.375","field2":"0.0625"},{"created_at":"2023-12-15T04:25:59-08:00","entry_id":276702,"field1":"0.375","field2":"0.0625"},{"created_at":"2023-12-15T04:35:36-08:00","entry_id":276703,"field1":"0.375","field2":"0"},{"created_at":"2023-12-15T04:45:13-08:00","entry_id":276704,"field1":"0.375","field2":"0.0625"},{"created_at":"2023-12-15T04:54:50-08:00","entry_id":276705,"field1":"0.375","field2":"-0.0625"},{"created_at":"2023-12-15T05:04:27-08:00","entry_id":276706,"field1":"0.375","field2":"0"},{"created_at":"2023-12-15T05:14:02-08:00","entry_id":276707,"field1":"0.375","field2":"0"},{"created_at":"2023-12-15T05:23:40-08:00","entry_id":276708,"field1":"0.375","field2":"0"},{"created_at":"2023-12-15T05:33:17-08:00","entry_id":276709,"field1":"0.375","field2":"0"},{"created_at":"2023-12-15T05:42:54-08:00","entry_id":276710,"field1":"0.375","field2":"-0.0625"},{"created_at":"2023-12-15T05:52:31-08:00","entry_id":276711,"field1":"0.375","field2":"0"},{"created_at":"2023-12-15T06:02:06-08:00","entry_id":276712,"field1":"0.375","field2":"0.0625"},{"created_at":"2023-12-15T06:11:44-08:00","entry_id":276713,"field1":"0.375","field2":"0"},{"created_at":"2023-12-15T06:21:21-08:00","entry_id":276714,"field1":"0.375","field2":"0"},{"created_at":"2023-12-15T06:30:58-08:00","entry_id":276715,"field1":"0.4375","field2":"0"},{"created_at":"2023-12-15T06:40:35-08:00","entry_id":276716,"field1":"0.375","field2":"-0.0625"},{"created_at":"2023-12-15T06:50:12-08:00","entry_id":276717,"field1":"0.4375","field2":"-0.0625"},{"created_at":"2023-12-15T06:59:49-08:00","entry_id":276718,"field1":"0.4375","field2":"-0.0625"},{"created_at":"2023-12-15T07:09:24-08:00","entry_id":276719,"field1":"0.375","field2":"-0.0625"},{"created_at":"2023-12-15T07:19:02-08:00","entry_id":276720,"field1":"0.375","field2":"0"},{"created_at":"2023-12-15T07:28:40-08:00","entry_id":276721,"field1":"0.4375","field2":"0"},{"created_at":"2023-12-15T07:38:16-08:00","entry_id":276722,"field1":"0.4375","field2":"0"},{"created_at":"2023-12-15T07:47:52-08:00","entry_id":276723,"field1":"0.4375","field2":"0"},{"created_at":"2023-12-15T07:57:30-08:00","entry_id":276724,"field1":"0.4375","field2":"0"},{"created_at":"2023-12-15T08:07:05-08:00","entry_id":276725,"field1":"0.4375","field2":"0.0625"},{"created_at":"2023-12-15T08:16:43-08:00","entry_id":276726,"field1":"0.4375","field2":"0.0625"},{"created_at":"2023-12-15T08:26:18-08:00","entry_id":276727,"field1":"0.4375","field2":"0"},{"created_at":"2023-12-15T08:35:56-08:00","entry_id":276728,"field1":"0.4375","field2":"0.0625"},{"created_at":"2023-12-15T08:45:33-08:00","entry_id":276729,"field1":"0.4375","field2":"0.0625"},{"created_at":"2023-12-15T08:55:10-08:00","entry_id":276730,"field1":"0.4375","field2":"0.125"},{"created_at":"2023-12-15T09:04:45-08:00","entry_id":276731,"field1":"0.4375","field2":"0.125"},{"created_at":"2023-12-15T09:14:24-08:00","entry_id":276732,"field1":"0.4375","field2":"0.1875"},{"created_at":"2023-12-15T09:24:00-08:00","entry_id":276733,"field1":"0.4375","field2":"0.3125"},{"created_at":"2023-12-15T09:33:38-08:00","entry_id":276734,"field1":"0.4375","field2":"0.3125"},{"created_at":"2023-12-15T09:43:15-08:00","entry_id":276735,"field1":"0.4375","field2":"0.375"},{"created_at":"2023-12-15T09:52:52-08:00","entry_id":276736,"field1":"0.4375","field2":"0.4375"},{"created_at":"2023-12-15T10:02:29-08:00","entry_id":276737,"field1":"0.4375","field2":"0.625"},{"created_at":"2023-12-15T10:12:05-08:00","entry_id":276738,"field1":"0.4375","field2":"0.6875"},{"created_at":"2023-12-15T10:21:41-08:00","entry_id":276739,"field1":"0.4375","field2":"0.625"},{"created_at":"2023-12-15T10:31:19-08:00","entry_id":276740,"field1":"0.4375","field2":"0.5625"},{"created_at":"2023-12-15T10:40:55-08:00","entry_id":276741,"field1":"0.5","field2":"0.625"},{"created_at":"2023-12-15T10:50:32-08:00","entry_id":276742,"field1":"0.5","field2":"0.75"},{"created_at":"2023-12-15T11:00:09-08:00","entry_id":276743,"field1":"0.5","field2":"0.8125"},{"created_at":"2023-12-15T11:09:46-08:00","entry_id":276744,"field1":"0.5","field2":"0.6875"},{"created_at":"2023-12-15T11:19:22-08:00","entry_id":276745,"field1":"0.5","field2":"0.8125"},{"created_at":"2023-12-15T11:29:00-08:00","entry_id":276746,"field1":"0.5","field2":"0.6875"},{"created_at":"2023-12-15T11:38:36-08:00","entry_id":276747,"field1":"0.5625","field2":"0.875"},{"created_at":"2023-12-15T11:48:14-08:00","entry_id":276748,"field1":"0.5625","field2":"0.75"},{"created_at":"2023-12-15T11:57:51-08:00","entry_id":276749,"field1":"0.5625","field2":"0.6875"},{"created_at":"2023-12-15T12:07:28-08:00","entry_id":276750,"field1":"0.5625","field2":"0.75"},{"created_at":"2023-12-15T12:17:04-08:00","entry_id":276751,"field1":"0.5625","field2":"0.6875"},{"created_at":"2023-12-15T12:26:41-08:00","entry_id":276752,"field1":"0.5625","field2":"0.75"},{"created_at":"2023-12-15T12:36:17-08:00","entry_id":276753,"field1":"0.5625","field2":"0.8125"},{"created_at":"2023-12-15T12:45:54-08:00","entry_id":276754,"field1":"0.5625","field2":"0.8125"},{"created_at":"2023-12-15T12:55:30-08:00","entry_id":276755,"field1":"0.5625","field2":"0.75"},{"created_at":"2023-12-15T13:05:07-08:00","entry_id":276756,"field1":"0.625","field2":"0.75"},{"created_at":"2023-12-15T13:14:44-08:00","entry_id":276757,"field1":"0.625","field2":"0.6875"},{"created_at":"2023-12-15T13:24:22-08:00","entry_id":276758,"field1":"0.625","field2":"0.75"},{"created_at":"2023-12-15T13:33:59-08:00","entry_id":276759,"field1":"0.625","field2":"0.6875"},{"created_at":"2023-12-15T13:43:34-08:00","entry_id":276760,"field1":"0.625","field2":"0.625"},{"created_at":"2023-12-15T13:53:12-08:00","entry_id":276761,"field1":"0.625","field2":"0.75"},{"created_at":"2023-12-15T14:02:49-08:00","entry_id":276762,"field1":"0.625","field2":"0.75"},{"created_at":"2023-12-15T14:12:25-08:00","entry_id":276763,"field1":"0.625","field2":"0.6875"},{"created_at":"2023-12-15T14:22:01-08:00","entry_id":276764,"field1":"0.625","field2":"0.5625"},{"created_at":"2023-12-15T14:31:39-08:00","entry_id":276765,"field1":"0.625","field2":"0.4375"},{"created_at":"2023-12-15T14:41:16-08:00","entry_id":276766,"field1":"0.6875","field2":"0.4375"},{"created_at":"2023-12-15T14:50:51-08:00","entry_id":276767,"field1":"0.625","field2":"0.5"},{"created_at":"2023-12-15T15:00:28-08:00","entry_id":276768,"field1":"0.6875","field2":"0.5"},{"created_at":"2023-12-15T15:10:06-08:00","entry_id":276769,"field1":"0.6875","field2":"0.375"},{"created_at":"2023-12-15T15:19:43-08:00","entry_id":276770,"field1":"0.6875","field2":"0.375"},{"created_at":"2023-12-15T15:29:18-08:00","entry_id":276771,"field1":"0.6875","field2":"0.375"},{"created_at":"2023-12-15T15:38:56-08:00","entry_id":276772,"field1":"0.6875","field2":"0.375"},{"created_at":"2023-12-15T15:48:33-08:00","entry_id":276773,"field1":"0.6875","field2":"0.3125"},{"created_at":"2023-12-15T15:58:10-08:00","entry_id":276774,"field1":"0.6875","field2":"0.3125"},{"created_at":"2023-12-15T16:07:46-08:00","entry_id":276775,"field1":"0.6875","field2":"0.25"},{"created_at":"2023-12-15T16:17:22-08:00","entry_id":276776,"field1":"0.6875","field2":"0.25"},{"created_at":"2023-12-15T16:27:00-08:00","entry_id":276777,"field1":"0.6875","field2":"0.1875"},{"created_at":"2023-12-15T16:36:37-08:00","entry_id":276778,"field1":"0.6875","field2":"0.1875"},{"created_at":"2023-12-15T16:46:12-08:00","entry_id":276779,"field1":"0.6875","field2":"0.25"},{"created_at":"2023-12-15T16:55:50-08:00","entry_id":276780,"field1":"0.6875","field2":"0.1875"},{"created_at":"2023-12-15T17:05:27-08:00","entry_id":276781,"field1":"0.6875","field2":"0.25"},{"created_at":"2023-12-15T17:15:03-08:00","entry_id":276782,"field1":"0.6875","field2":"0.1875"},{"created_at":"2023-12-15T17:24:41-08:00","entry_id":276783,"field1":"0.6875","field2":"0.1875"},{"created_at":"2023-12-15T17:34:18-08:00","entry_id":276784,"field1":"0.6875","field2":"0.1875"},{"created_at":"2023-12-15T17:43:54-08:00","entry_id":276785,"field1":"0.6875","field2":"0.25"},{"created_at":"2023-12-15T17:53:30-08:00","entry_id":276786,"field1":"0.6875","field2":"0.25"},{"created_at":"2023-12-15T18:03:08-08:00","entry_id":276787,"field1":"0.6875","field2":"0.25"},{"created_at":"2023-12-15T18:12:43-08:00","entry_id":276788,"field1":"0.6875","field2":"0.25"},{"created_at":"2023-12-15T18:22:21-08:00","entry_id":276789,"field1":"0.6875","field2":"0.25"},{"created_at":"2023-12-15T18:31:57-08:00","entry_id":276790,"field1":"0.6875","field2":"0.1875"},{"created_at":"2023-12-15T18:41:33-08:00","entry_id":276791,"field1":"0.6875","field2":"0.1875"},{"created_at":"2023-12-15T18:51:12-08:00","entry_id":276792,"field1":"0.6875","field2":"0.1875"},{"created_at":"2023-12-15T19:00:50-08:00","entry_id":276793,"field1":"0.6875","field2":"0.25"},{"created_at":"2023-12-15T19:10:25-08:00","entry_id":276794,"field1":"0.6875","field2":"0.1875"},{"created_at":"2023-12-15T19:20:04-08:00","entry_id":276795,"field1":"0.6875","field2":"0.1875"},{"created_at":"2023-12-15T19:29:41-08:00","entry_id":276796,"field1":"0.6875","field2":"0.1875"},{"created_at":"2023-12-15T19:39:18-08:00","entry_id":276797,"field1":"0.6875","field2":"0.1875"},{"created_at":"2023-12-15T19:48:53-08:00","entry_id":276798,"field1":"0.6875","field2":"0.1875"},{"created_at":"2023-12-15T19:58:29-08:00","entry_id":276799,"field1":"0.6875","field2":"0.1875"},{"created_at":"2023-12-15T20:08:06-08:00","entry_id":276800,"field1":"0.6875","field2":"0.1875"},{"created_at":"2023-12-15T20:17:42-08:00","entry_id":276801,"field1":"0.6875","field2":"0.1875"},{"created_at":"2023-12-15T20:27:20-08:00","entry_id":276802,"field1":"0.6875","field2":"0.1875"},{"created_at":"2023-12-15T20:36:55-08:00","entry_id":276803,"field1":"0.6875","field2":"0.1875"},{"created_at":"2023-12-15T20:46:33-08:00","entry_id":276804,"field1":"0.6875","field2":"0.25"},{"created_at":"2023-12-15T20:56:10-08:00","entry_id":276805,"field1":"0.6875","field2":"0.25"},{"created_at":"2023-12-15T21:05:47-08:00","entry_id":276806,"field1":"0.6875","field2":"0.25"},{"created_at":"2023-12-15T21:15:22-08:00","entry_id":276807,"field1":"0.6875","field2":"0.25"},{"created_at":"2023-12-15T21:25:00-08:00","entry_id":276808,"field1":"0.6875","field2":"0.25"},{"created_at":"2023-12-15T21:34:36-08:00","entry_id":276809,"field1":"0.6875","field2":"0.25"},{"created_at":"2023-12-15T21:44:12-08:00","entry_id":276810,"field1":"0.6875","field2":"0.25"},{"created_at":"2023-12-15T21:53:49-08:00","entry_id":276811,"field1":"0.6875","field2":"0.25"},{"created_at":"2023-12-15T22:03:26-08:00","entry_id":276812,"field1":"0.6875","field2":"0.25"},{"created_at":"2023-12-15T22:13:03-08:00","entry_id":276813,"field1":"0.6875","field2":"0.25"},{"created_at":"2023-12-15T22:22:41-08:00","entry_id":276814,"field1":"0.6875","field2":"0.25"},{"created_at":"2023-12-15T22:32:18-08:00","entry_id":276815,"field1":"0.6875","field2":"0.25"},{"created_at":"2023-12-15T22:41:55-08:00","entry_id":276816,"field1":"0.6875","field2":"0.3125"},{"created_at":"2023-12-15T22:51:30-08:00","entry_id":276817,"field1":"0.6875","field2":"0.3125"},{"created_at":"2023-12-15T23:01:08-08:00","entry_id":276818,"field1":"0.6875","field2":"0.25"},{"created_at":"2023-12-15T23:10:44-08:00","entry_id":276819,"field1":"0.6875","field2":"0.3125"},{"created_at":"2023-12-15T23:20:21-08:00","entry_id":276820,"field1":"0.6875","field2":"0.3125"},{"created_at":"2023-12-15T23:29:58-08:00","entry_id":276821,"field1":"0.6875","field2":"0.3125"},{"created_at":"2023-12-15T23:39:35-08:00","entry_id":276822,"field1":"0.6875","field2":"0.3125"},{"created_at":"2023-12-15T23:49:11-08:00","entry_id":276823,"field1":"0.6875","field2":"0.3125"},{"created_at":"2023-12-15T23:58:49-08:00","entry_id":276824,"field1":"0.75","field2":"0.25"}]}