{"channel":{"id":581842,"name":"Upstairs Small Window Indoor / Outdoor Sensor","latitude":"0.0","longitude":"0.0","field1":"Indoor Temperature","field2":"Outdoor Temperature","created_at":"2018-09-23T15:37:52-07:00","updated_at":"2020-07-27T05:59:41-07:00","last_entry_id":217171},"feeds":[{"created_at":"2022-10-23T00:03:17-07:00","entry_id":214557,"field1":"8.3125","field2":"2.875"},{"created_at":"2022-10-23T00:12:55-07:00","entry_id":214558,"field1":"8.25","field2":"2.8125"},{"created_at":"2022-10-23T00:22:31-07:00","entry_id":214559,"field1":"8.25","field2":"2.875"},{"created_at":"2022-10-23T00:32:09-07:00","entry_id":214560,"field1":"8.1875","field2":"3"},{"created_at":"2022-10-23T00:41:46-07:00","entry_id":214561,"field1":"8.1875","field2":"2.875"},{"created_at":"2022-10-23T00:51:22-07:00","entry_id":214562,"field1":"8.125","field2":"3"},{"created_at":"2022-10-23T01:00:59-07:00","entry_id":214563,"field1":"8.125","field2":"2.8125"},{"created_at":"2022-10-23T01:10:37-07:00","entry_id":214564,"field1":"8.0625","field2":"2.75"},{"created_at":"2022-10-23T01:20:13-07:00","entry_id":214565,"field1":"8.0625","field2":"2.875"},{"created_at":"2022-10-23T01:29:50-07:00","entry_id":214566,"field1":"8","field2":"2.75"},{"created_at":"2022-10-23T01:39:26-07:00","entry_id":214567,"field1":"8","field2":"2.5"},{"created_at":"2022-10-23T01:49:05-07:00","entry_id":214568,"field1":"7.9375","field2":"2.4375"},{"created_at":"2022-10-23T01:58:40-07:00","entry_id":214569,"field1":"7.9375","field2":"2.5"},{"created_at":"2022-10-23T02:08:17-07:00","entry_id":214570,"field1":"7.875","field2":"2.5"},{"created_at":"2022-10-23T02:17:53-07:00","entry_id":214571,"field1":"7.875","field2":"2.3125"},{"created_at":"2022-10-23T02:27:30-07:00","entry_id":214572,"field1":"7.8125","field2":"2.3125"},{"created_at":"2022-10-23T02:37:07-07:00","entry_id":214573,"field1":"7.8125","field2":"2.4375"},{"created_at":"2022-10-23T02:46:45-07:00","entry_id":214574,"field1":"7.8125","field2":"2.875"},{"created_at":"2022-10-23T02:56:21-07:00","entry_id":214575,"field1":"7.75","field2":"3"},{"created_at":"2022-10-23T03:05:58-07:00","entry_id":214576,"field1":"7.75","field2":"2.6875"},{"created_at":"2022-10-23T03:15:34-07:00","entry_id":214577,"field1":"7.6875","field2":"2.9375"},{"created_at":"2022-10-23T03:25:11-07:00","entry_id":214578,"field1":"7.6875","field2":"2.9375"},{"created_at":"2022-10-23T03:34:48-07:00","entry_id":214579,"field1":"7.625","field2":"2.8125"},{"created_at":"2022-10-23T03:44:24-07:00","entry_id":214580,"field1":"7.625","field2":"2.8125"},{"created_at":"2022-10-23T03:54:01-07:00","entry_id":214581,"field1":"7.5625","field2":"3"},{"created_at":"2022-10-23T04:03:39-07:00","entry_id":214582,"field1":"7.5625","field2":"2.9375"},{"created_at":"2022-10-23T04:13:17-07:00","entry_id":214583,"field1":"7.5625","field2":"3.125"},{"created_at":"2022-10-23T04:22:53-07:00","entry_id":214584,"field1":"7.5","field2":"2.875"},{"created_at":"2022-10-23T04:32:30-07:00","entry_id":214585,"field1":"7.5","field2":"3"},{"created_at":"2022-10-23T04:42:06-07:00","entry_id":214586,"field1":"7.5","field2":"2.875"},{"created_at":"2022-10-23T04:51:43-07:00","entry_id":214587,"field1":"7.4375","field2":"3.0625"},{"created_at":"2022-10-23T05:01:19-07:00","entry_id":214588,"field1":"7.4375","field2":"3.0625"},{"created_at":"2022-10-23T05:10:57-07:00","entry_id":214589,"field1":"7.4375","field2":"2.9375"},{"created_at":"2022-10-23T05:20:35-07:00","entry_id":214590,"field1":"7.375","field2":"2.9375"},{"created_at":"2022-10-23T05:30:10-07:00","entry_id":214591,"field1":"7.375","field2":"2.875"},{"created_at":"2022-10-23T05:39:48-07:00","entry_id":214592,"field1":"7.375","field2":"3"},{"created_at":"2022-10-23T05:49:25-07:00","entry_id":214593,"field1":"7.3125","field2":"3.0625"},{"created_at":"2022-10-23T05:59:03-07:00","entry_id":214594,"field1":"7.3125","field2":"3"},{"created_at":"2022-10-23T06:08:38-07:00","entry_id":214595,"field1":"7.25","field2":"2.9375"},{"created_at":"2022-10-23T06:18:15-07:00","entry_id":214596,"field1":"7.25","field2":"2.6875"},{"created_at":"2022-10-23T06:27:51-07:00","entry_id":214597,"field1":"7.25","field2":"2.6875"},{"created_at":"2022-10-23T06:37:28-07:00","entry_id":214598,"field1":"7.25","field2":"2.3125"},{"created_at":"2022-10-23T06:47:06-07:00","entry_id":214599,"field1":"7.1875","field2":"2.375"},{"created_at":"2022-10-23T06:56:44-07:00","entry_id":214600,"field1":"7.1875","field2":"2.1875"},{"created_at":"2022-10-23T07:06:19-07:00","entry_id":214601,"field1":"7.125","field2":"2.4375"},{"created_at":"2022-10-23T07:15:57-07:00","entry_id":214602,"field1":"7.125","field2":"2.375"},{"created_at":"2022-10-23T07:25:33-07:00","entry_id":214603,"field1":"7.125","field2":"2.125"},{"created_at":"2022-10-23T07:35:10-07:00","entry_id":214604,"field1":"7.0625","field2":"2.3125"},{"created_at":"2022-10-23T07:44:46-07:00","entry_id":214605,"field1":"7.0625","field2":"2.125"},{"created_at":"2022-10-23T07:54:25-07:00","entry_id":214606,"field1":"7","field2":"2.4375"},{"created_at":"2022-10-23T08:04:00-07:00","entry_id":214607,"field1":"7","field2":"2.375"},{"created_at":"2022-10-23T08:13:38-07:00","entry_id":214608,"field1":"7","field2":"2.125"},{"created_at":"2022-10-23T08:23:14-07:00","entry_id":214609,"field1":"6.9375","field2":"1.875"},{"created_at":"2022-10-23T08:32:53-07:00","entry_id":214610,"field1":"6.9375","field2":"2"},{"created_at":"2022-10-23T08:42:28-07:00","entry_id":214611,"field1":"6.9375","field2":"1.6875"},{"created_at":"2022-10-23T08:52:05-07:00","entry_id":214612,"field1":"6.875","field2":"2"},{"created_at":"2022-10-23T09:01:42-07:00","entry_id":214613,"field1":"6.875","field2":"2.3125"},{"created_at":"2022-10-23T09:11:18-07:00","entry_id":214614,"field1":"6.875","field2":"2.375"},{"created_at":"2022-10-23T09:20:55-07:00","entry_id":214615,"field1":"6.8125","field2":"2.75"},{"created_at":"2022-10-23T09:30:33-07:00","entry_id":214616,"field1":"6.8125","field2":"2.75"},{"created_at":"2022-10-23T09:40:09-07:00","entry_id":214617,"field1":"6.8125","field2":"3.1875"},{"created_at":"2022-10-23T09:49:46-07:00","entry_id":214618,"field1":"6.8125","field2":"3.5"},{"created_at":"2022-10-23T09:59:22-07:00","entry_id":214619,"field1":"6.75","field2":"3.5625"},{"created_at":"2022-10-23T10:09:01-07:00","entry_id":214620,"field1":"6.75","field2":"3.8125"},{"created_at":"2022-10-23T10:18:38-07:00","entry_id":214621,"field1":"6.75","field2":"3.75"},{"created_at":"2022-10-23T10:28:15-07:00","entry_id":214622,"field1":"6.75","field2":"3.9375"},{"created_at":"2022-10-23T10:37:51-07:00","entry_id":214623,"field1":"6.75","field2":"4.125"},{"created_at":"2022-10-23T10:47:28-07:00","entry_id":214624,"field1":"6.75","field2":"4.3125"},{"created_at":"2022-10-23T10:57:04-07:00","entry_id":214625,"field1":"6.75","field2":"4.5"},{"created_at":"2022-10-23T11:06:41-07:00","entry_id":214626,"field1":"6.75","field2":"4.5625"},{"created_at":"2022-10-23T11:16:17-07:00","entry_id":214627,"field1":"6.6875","field2":"4.6875"},{"created_at":"2022-10-23T11:25:54-07:00","entry_id":214628,"field1":"6.6875","field2":"4.8125"},{"created_at":"2022-10-23T11:35:31-07:00","entry_id":214629,"field1":"6.6875","field2":"5.125"},{"created_at":"2022-10-23T11:45:08-07:00","entry_id":214630,"field1":"6.75","field2":"5.125"},{"created_at":"2022-10-23T11:54:46-07:00","entry_id":214631,"field1":"6.75","field2":"5.25"},{"created_at":"2022-10-23T12:04:21-07:00","entry_id":214632,"field1":"6.75","field2":"5.5"},{"created_at":"2022-10-23T12:13:58-07:00","entry_id":214633,"field1":"6.75","field2":"5.6875"},{"created_at":"2022-10-23T12:23:35-07:00","entry_id":214634,"field1":"6.75","field2":"5.875"},{"created_at":"2022-10-23T12:33:13-07:00","entry_id":214635,"field1":"6.75","field2":"5.9375"},{"created_at":"2022-10-23T12:42:51-07:00","entry_id":214636,"field1":"6.8125","field2":"6.375"},{"created_at":"2022-10-23T12:52:26-07:00","entry_id":214637,"field1":"6.8125","field2":"6.75"},{"created_at":"2022-10-23T13:02:04-07:00","entry_id":214638,"field1":"6.875","field2":"6.9375"},{"created_at":"2022-10-23T13:11:40-07:00","entry_id":214639,"field1":"6.875","field2":"7.0625"},{"created_at":"2022-10-23T13:21:18-07:00","entry_id":214640,"field1":"6.875","field2":"7.75"},{"created_at":"2022-10-23T13:30:54-07:00","entry_id":214641,"field1":"6.9375","field2":"7.4375"},{"created_at":"2022-10-23T13:40:31-07:00","entry_id":214642,"field1":"6.9375","field2":"7.5"},{"created_at":"2022-10-23T13:50:07-07:00","entry_id":214643,"field1":"7","field2":"7.5625"},{"created_at":"2022-10-23T13:59:44-07:00","entry_id":214644,"field1":"7","field2":"7.6875"},{"created_at":"2022-10-23T14:09:23-07:00","entry_id":214645,"field1":"7","field2":"7.6875"},{"created_at":"2022-10-23T14:18:59-07:00","entry_id":214646,"field1":"7.0625","field2":"7.75"},{"created_at":"2022-10-23T14:28:37-07:00","entry_id":214647,"field1":"7.0625","field2":"7.875"},{"created_at":"2022-10-23T14:38:13-07:00","entry_id":214648,"field1":"7.0625","field2":"8"},{"created_at":"2022-10-23T14:47:50-07:00","entry_id":214649,"field1":"7.125","field2":"8.125"},{"created_at":"2022-10-23T14:57:27-07:00","entry_id":214650,"field1":"7.125","field2":"8.1875"},{"created_at":"2022-10-23T15:07:04-07:00","entry_id":214651,"field1":"7.125","field2":"8.1875"},{"created_at":"2022-10-23T15:16:43-07:00","entry_id":214652,"field1":"7.125","field2":"7.9375"},{"created_at":"2022-10-23T15:26:19-07:00","entry_id":214653,"field1":"7.1875","field2":"7.875"},{"created_at":"2022-10-23T15:35:55-07:00","entry_id":214654,"field1":"7.1875","field2":"7.5625"},{"created_at":"2022-10-23T15:45:34-07:00","entry_id":214655,"field1":"7.1875","field2":"7.3125"},{"created_at":"2022-10-23T15:55:12-07:00","entry_id":214656,"field1":"7.1875","field2":"7.0625"},{"created_at":"2022-10-23T16:04:47-07:00","entry_id":214657,"field1":"7.1875","field2":"7.125"},{"created_at":"2022-10-23T16:14:24-07:00","entry_id":214658,"field1":"7.25","field2":"7.0625"},{"created_at":"2022-10-23T16:24:01-07:00","entry_id":214659,"field1":"7.25","field2":"7"},{"created_at":"2022-10-23T16:33:37-07:00","entry_id":214660,"field1":"7.25","field2":"6.9375"},{"created_at":"2022-10-23T16:43:15-07:00","entry_id":214661,"field1":"7.25","field2":"6.8125"},{"created_at":"2022-10-23T16:52:52-07:00","entry_id":214662,"field1":"7.25","field2":"6.6875"},{"created_at":"2022-10-23T17:02:28-07:00","entry_id":214663,"field1":"7.25","field2":"6.625"},{"created_at":"2022-10-23T17:12:05-07:00","entry_id":214664,"field1":"7.25","field2":"6.4375"},{"created_at":"2022-10-23T17:21:42-07:00","entry_id":214665,"field1":"7.25","field2":"6.3125"},{"created_at":"2022-10-23T17:31:18-07:00","entry_id":214666,"field1":"7.25","field2":"6.1875"},{"created_at":"2022-10-23T17:40:55-07:00","entry_id":214667,"field1":"7.25","field2":"6"},{"created_at":"2022-10-23T17:50:32-07:00","entry_id":214668,"field1":"7.25","field2":"5.875"},{"created_at":"2022-10-23T18:00:09-07:00","entry_id":214669,"field1":"7.1875","field2":"5.8125"},{"created_at":"2022-10-23T18:09:47-07:00","entry_id":214670,"field1":"7.25","field2":"5.6875"},{"created_at":"2022-10-23T18:19:23-07:00","entry_id":214671,"field1":"7.1875","field2":"5.5625"},{"created_at":"2022-10-23T18:29:01-07:00","entry_id":214672,"field1":"7.1875","field2":"5.5"},{"created_at":"2022-10-23T18:38:36-07:00","entry_id":214673,"field1":"7.1875","field2":"5.5"},{"created_at":"2022-10-23T18:48:14-07:00","entry_id":214674,"field1":"7.1875","field2":"5.5"},{"created_at":"2022-10-23T18:57:52-07:00","entry_id":214675,"field1":"7.1875","field2":"5.5"},{"created_at":"2022-10-23T19:07:28-07:00","entry_id":214676,"field1":"7.1875","field2":"5.4375"},{"created_at":"2022-10-23T19:17:06-07:00","entry_id":214677,"field1":"7.1875","field2":"5.375"},{"created_at":"2022-10-23T19:26:42-07:00","entry_id":214678,"field1":"7.125","field2":"5.25"},{"created_at":"2022-10-23T19:36:20-07:00","entry_id":214679,"field1":"7.125","field2":"5.1875"},{"created_at":"2022-10-23T19:45:56-07:00","entry_id":214680,"field1":"7.125","field2":"5.125"},{"created_at":"2022-10-23T19:55:34-07:00","entry_id":214681,"field1":"7.125","field2":"5.125"},{"created_at":"2022-10-23T20:05:10-07:00","entry_id":214682,"field1":"7.125","field2":"5.1875"},{"created_at":"2022-10-23T20:14:48-07:00","entry_id":214683,"field1":"7.0625","field2":"5.1875"},{"created_at":"2022-10-23T20:24:24-07:00","entry_id":214684,"field1":"7.0625","field2":"5.1875"},{"created_at":"2022-10-23T20:34:02-07:00","entry_id":214685,"field1":"7.0625","field2":"5.1875"},{"created_at":"2022-10-23T20:43:38-07:00","entry_id":214686,"field1":"7.0625","field2":"5.125"},{"created_at":"2022-10-23T20:53:17-07:00","entry_id":214687,"field1":"7.0625","field2":"5.125"},{"created_at":"2022-10-23T21:02:52-07:00","entry_id":214688,"field1":"7.0625","field2":"5.25"},{"created_at":"2022-10-23T21:12:28-07:00","entry_id":214689,"field1":"7","field2":"5.1875"},{"created_at":"2022-10-23T21:22:04-07:00","entry_id":214690,"field1":"7","field2":"5.125"},{"created_at":"2022-10-23T21:31:41-07:00","entry_id":214691,"field1":"7","field2":"5.0625"},{"created_at":"2022-10-23T21:41:20-07:00","entry_id":214692,"field1":"7","field2":"5.125"},{"created_at":"2022-10-23T21:50:55-07:00","entry_id":214693,"field1":"7","field2":"5.125"},{"created_at":"2022-10-23T22:00:33-07:00","entry_id":214694,"field1":"7","field2":"5.125"},{"created_at":"2022-10-23T22:10:08-07:00","entry_id":214695,"field1":"6.9375","field2":"5.125"},{"created_at":"2022-10-23T22:19:46-07:00","entry_id":214696,"field1":"6.9375","field2":"5.0625"},{"created_at":"2022-10-23T22:29:24-07:00","entry_id":214697,"field1":"6.9375","field2":"5.125"},{"created_at":"2022-10-23T22:39:00-07:00","entry_id":214698,"field1":"6.9375","field2":"5.125"},{"created_at":"2022-10-23T22:48:38-07:00","entry_id":214699,"field1":"6.9375","field2":"5.1875"},{"created_at":"2022-10-23T22:58:16-07:00","entry_id":214700,"field1":"6.9375","field2":"5.1875"},{"created_at":"2022-10-23T23:07:52-07:00","entry_id":214701,"field1":"6.875","field2":"5.25"},{"created_at":"2022-10-23T23:17:28-07:00","entry_id":214702,"field1":"6.875","field2":"5.1875"},{"created_at":"2022-10-23T23:27:06-07:00","entry_id":214703,"field1":"6.875","field2":"5.1875"},{"created_at":"2022-10-23T23:36:42-07:00","entry_id":214704,"field1":"6.875","field2":"5.25"},{"created_at":"2022-10-23T23:46:18-07:00","entry_id":214705,"field1":"6.875","field2":"5.25"},{"created_at":"2022-10-23T23:55:57-07:00","entry_id":214706,"field1":"6.875","field2":"5.25"}]}