{"channel":{"id":581842,"name":"Upstairs Small Window Indoor / Outdoor Sensor","latitude":"0.0","longitude":"0.0","field1":"Indoor Temperature","field2":"Outdoor Temperature","created_at":"2018-09-23T15:37:52-07:00","updated_at":"2020-07-27T05:59:41-07:00","last_entry_id":150128},"feeds":[{"created_at":"2019-03-23T00:07:17-07:00","entry_id":25369,"field1":"5.25","field2":"1.5625"},{"created_at":"2019-03-23T00:16:54-07:00","entry_id":25370,"field1":"5.1875","field2":"1.625"},{"created_at":"2019-03-23T00:26:31-07:00","entry_id":25371,"field1":"5.1875","field2":"1.625"},{"created_at":"2019-03-23T00:36:08-07:00","entry_id":25372,"field1":"5.125","field2":"1.5"},{"created_at":"2019-03-23T00:45:45-07:00","entry_id":25373,"field1":"5.125","field2":"1.5625"},{"created_at":"2019-03-23T00:55:22-07:00","entry_id":25374,"field1":"5.125","field2":"1.5"},{"created_at":"2019-03-23T01:05:00-07:00","entry_id":25375,"field1":"5.0625","field2":"1.3125"},{"created_at":"2019-03-23T01:14:37-07:00","entry_id":25376,"field1":"5.0625","field2":"1.3125"},{"created_at":"2019-03-23T01:24:14-07:00","entry_id":25377,"field1":"5.0625","field2":"1.375"},{"created_at":"2019-03-23T01:33:51-07:00","entry_id":25378,"field1":"5","field2":"1.5"},{"created_at":"2019-03-23T01:43:28-07:00","entry_id":25379,"field1":"5","field2":"1.6875"},{"created_at":"2019-03-23T01:53:05-07:00","entry_id":25380,"field1":"4.9375","field2":"1.25"},{"created_at":"2019-03-23T02:02:43-07:00","entry_id":25381,"field1":"4.9375","field2":"1.125"},{"created_at":"2019-03-23T02:12:20-07:00","entry_id":25382,"field1":"4.9375","field2":"1.1875"},{"created_at":"2019-03-23T02:21:57-07:00","entry_id":25383,"field1":"4.875","field2":"1.1875"},{"created_at":"2019-03-23T02:31:34-07:00","entry_id":25384,"field1":"4.875","field2":"1.3125"},{"created_at":"2019-03-23T02:41:11-07:00","entry_id":25385,"field1":"4.8125","field2":"1.625"},{"created_at":"2019-03-23T02:50:50-07:00","entry_id":25386,"field1":"4.8125","field2":"1.3125"},{"created_at":"2019-03-23T03:00:27-07:00","entry_id":25387,"field1":"4.8125","field2":"1.25"},{"created_at":"2019-03-23T03:10:04-07:00","entry_id":25388,"field1":"4.75","field2":"1.25"},{"created_at":"2019-03-23T03:19:41-07:00","entry_id":25389,"field1":"4.75","field2":"1.25"},{"created_at":"2019-03-23T03:29:18-07:00","entry_id":25390,"field1":"4.75","field2":"1.25"},{"created_at":"2019-03-23T03:38:55-07:00","entry_id":25391,"field1":"4.75","field2":"1.25"},{"created_at":"2019-03-23T03:48:32-07:00","entry_id":25392,"field1":"4.6875","field2":"1.3125"},{"created_at":"2019-03-23T03:58:10-07:00","entry_id":25393,"field1":"4.6875","field2":"1.3125"},{"created_at":"2019-03-23T04:07:47-07:00","entry_id":25394,"field1":"4.6875","field2":"1.375"},{"created_at":"2019-03-23T04:17:24-07:00","entry_id":25395,"field1":"4.625","field2":"1.375"},{"created_at":"2019-03-23T04:27:01-07:00","entry_id":25396,"field1":"4.625","field2":"1.1875"},{"created_at":"2019-03-23T04:36:38-07:00","entry_id":25397,"field1":"4.5625","field2":"1.1875"},{"created_at":"2019-03-23T04:46:15-07:00","entry_id":25398,"field1":"4.5625","field2":"1.3125"},{"created_at":"2019-03-23T04:55:57-07:00","entry_id":25399,"field1":"4.5625","field2":"1.25"},{"created_at":"2019-03-23T05:05:32-07:00","entry_id":25400,"field1":"4.5625","field2":"1.25"},{"created_at":"2019-03-23T05:15:09-07:00","entry_id":25401,"field1":"4.5","field2":"1.25"},{"created_at":"2019-03-23T05:24:46-07:00","entry_id":25402,"field1":"4.5","field2":"1.3125"},{"created_at":"2019-03-23T05:34:23-07:00","entry_id":25403,"field1":"4.5","field2":"1.5"},{"created_at":"2019-03-23T05:44:00-07:00","entry_id":25404,"field1":"4.5","field2":"1.5"},{"created_at":"2019-03-23T05:53:37-07:00","entry_id":25405,"field1":"4.4375","field2":"1.5625"},{"created_at":"2019-03-23T06:03:14-07:00","entry_id":25406,"field1":"4.4375","field2":"1.5625"},{"created_at":"2019-03-23T06:12:51-07:00","entry_id":25407,"field1":"4.4375","field2":"1.4375"},{"created_at":"2019-03-23T06:22:28-07:00","entry_id":25408,"field1":"4.4375","field2":"1.4375"},{"created_at":"2019-03-23T06:32:04-07:00","entry_id":25409,"field1":"4.375","field2":"1.4375"},{"created_at":"2019-03-23T06:41:41-07:00","entry_id":25410,"field1":"4.375","field2":"1.375"},{"created_at":"2019-03-23T06:51:18-07:00","entry_id":25411,"field1":"4.375","field2":"1.4375"},{"created_at":"2019-03-23T07:00:55-07:00","entry_id":25412,"field1":"4.3125","field2":"1.4375"},{"created_at":"2019-03-23T07:10:32-07:00","entry_id":25413,"field1":"4.3125","field2":"1.3125"},{"created_at":"2019-03-23T07:20:09-07:00","entry_id":25414,"field1":"4.3125","field2":"1.4375"},{"created_at":"2019-03-23T07:29:46-07:00","entry_id":25415,"field1":"4.3125","field2":"1.5"},{"created_at":"2019-03-23T07:39:23-07:00","entry_id":25416,"field1":"4.3125","field2":"1.5625"},{"created_at":"2019-03-23T07:49:00-07:00","entry_id":25417,"field1":"4.3125","field2":"1.75"},{"created_at":"2019-03-23T07:58:37-07:00","entry_id":25418,"field1":"4.3125","field2":"1.75"},{"created_at":"2019-03-23T08:08:14-07:00","entry_id":25419,"field1":"4.3125","field2":"1.9375"},{"created_at":"2019-03-23T08:17:51-07:00","entry_id":25420,"field1":"4.3125","field2":"2.0625"},{"created_at":"2019-03-23T08:27:29-07:00","entry_id":25421,"field1":"4.25","field2":"2.125"},{"created_at":"2019-03-23T08:37:06-07:00","entry_id":25422,"field1":"4.25","field2":"2.1875"},{"created_at":"2019-03-23T08:46:44-07:00","entry_id":25423,"field1":"4.25","field2":"2.125"},{"created_at":"2019-03-23T08:56:22-07:00","entry_id":25424,"field1":"4.25","field2":"2.5"},{"created_at":"2019-03-23T09:06:00-07:00","entry_id":25425,"field1":"4.3125","field2":"2.6875"},{"created_at":"2019-03-23T09:15:37-07:00","entry_id":25426,"field1":"4.3125","field2":"2.8125"},{"created_at":"2019-03-23T09:25:15-07:00","entry_id":25427,"field1":"4.375","field2":"3.3125"},{"created_at":"2019-03-23T09:34:52-07:00","entry_id":25428,"field1":"4.375","field2":"3.375"},{"created_at":"2019-03-23T09:44:30-07:00","entry_id":25429,"field1":"4.5625","field2":"4"},{"created_at":"2019-03-23T09:54:08-07:00","entry_id":25430,"field1":"4.875","field2":"4.25"},{"created_at":"2019-03-23T10:03:45-07:00","entry_id":25431,"field1":"5.1875","field2":"3.6875"},{"created_at":"2019-03-23T10:13:22-07:00","entry_id":25432,"field1":"5.4375","field2":"3.9375"},{"created_at":"2019-03-23T10:22:59-07:00","entry_id":25433,"field1":"5.625","field2":"4"},{"created_at":"2019-03-23T10:32:37-07:00","entry_id":25434,"field1":"5.8125","field2":"4.375"},{"created_at":"2019-03-23T10:42:14-07:00","entry_id":25435,"field1":"5.8125","field2":"4.125"},{"created_at":"2019-03-23T10:51:51-07:00","entry_id":25436,"field1":"5.875","field2":"4.1875"},{"created_at":"2019-03-23T11:01:28-07:00","entry_id":25437,"field1":"5.9375","field2":"4.3125"},{"created_at":"2019-03-23T11:11:06-07:00","entry_id":25438,"field1":"6.0625","field2":"4.9375"},{"created_at":"2019-03-23T11:20:43-07:00","entry_id":25439,"field1":"6.3125","field2":"5.25"},{"created_at":"2019-03-23T11:30:20-07:00","entry_id":25440,"field1":"6.4375","field2":"5.1875"},{"created_at":"2019-03-23T11:39:57-07:00","entry_id":25441,"field1":"6.5","field2":"5.125"},{"created_at":"2019-03-23T11:49:36-07:00","entry_id":25442,"field1":"6.5","field2":"5.25"},{"created_at":"2019-03-23T11:59:13-07:00","entry_id":25443,"field1":"6.5","field2":"5.375"},{"created_at":"2019-03-23T12:08:50-07:00","entry_id":25444,"field1":"6.5625","field2":"5.25"},{"created_at":"2019-03-23T12:18:27-07:00","entry_id":25445,"field1":"6.5","field2":"5.5"},{"created_at":"2019-03-23T12:28:04-07:00","entry_id":25446,"field1":"6.625","field2":"5.75"},{"created_at":"2019-03-23T12:37:41-07:00","entry_id":25447,"field1":"6.625","field2":"5.375"},{"created_at":"2019-03-23T12:47:23-07:00","entry_id":25448,"field1":"6.5625","field2":"5.625"},{"created_at":"2019-03-23T12:56:58-07:00","entry_id":25449,"field1":"6.5625","field2":"5.875"},{"created_at":"2019-03-23T13:06:36-07:00","entry_id":25450,"field1":"6.5625","field2":"6.8125"},{"created_at":"2019-03-23T13:16:15-07:00","entry_id":25451,"field1":"6.5625","field2":"6.875"},{"created_at":"2019-03-23T13:25:52-07:00","entry_id":25452,"field1":"6.5625","field2":"6.75"},{"created_at":"2019-03-23T13:35:30-07:00","entry_id":25453,"field1":"6.5625","field2":"7.3125"},{"created_at":"2019-03-23T13:45:09-07:00","entry_id":25454,"field1":"6.5625","field2":"7.1875"},{"created_at":"2019-03-23T13:54:46-07:00","entry_id":25455,"field1":"6.5625","field2":"6.6875"},{"created_at":"2019-03-23T14:04:23-07:00","entry_id":25456,"field1":"6.5625","field2":"8.3125"},{"created_at":"2019-03-23T14:14:00-07:00","entry_id":25457,"field1":"6.5625","field2":"7.0625"},{"created_at":"2019-03-23T14:23:37-07:00","entry_id":25458,"field1":"6.5625","field2":"7.9375"},{"created_at":"2019-03-23T14:33:15-07:00","entry_id":25459,"field1":"6.5625","field2":"8.1875"},{"created_at":"2019-03-23T14:42:53-07:00","entry_id":25460,"field1":"6.5625","field2":"8.4375"},{"created_at":"2019-03-23T14:52:29-07:00","entry_id":25461,"field1":"6.5625","field2":"8.4375"},{"created_at":"2019-03-23T15:02:06-07:00","entry_id":25462,"field1":"6.5625","field2":"8.3125"},{"created_at":"2019-03-23T15:11:43-07:00","entry_id":25463,"field1":"6.625","field2":"7.875"},{"created_at":"2019-03-23T15:21:21-07:00","entry_id":25464,"field1":"6.625","field2":"8.3125"},{"created_at":"2019-03-23T15:30:58-07:00","entry_id":25465,"field1":"6.625","field2":"8"},{"created_at":"2019-03-23T15:40:35-07:00","entry_id":25466,"field1":"6.625","field2":"7.6875"},{"created_at":"2019-03-23T15:50:16-07:00","entry_id":25467,"field1":"6.625","field2":"8.0625"},{"created_at":"2019-03-23T15:59:52-07:00","entry_id":25468,"field1":"6.625","field2":"6.9375"},{"created_at":"2019-03-23T16:09:29-07:00","entry_id":25469,"field1":"6.625","field2":"7.0625"},{"created_at":"2019-03-23T16:19:07-07:00","entry_id":25470,"field1":"6.5625","field2":"7.125"},{"created_at":"2019-03-23T16:28:44-07:00","entry_id":25471,"field1":"6.5625","field2":"6.375"},{"created_at":"2019-03-23T16:38:21-07:00","entry_id":25472,"field1":"6.5","field2":"6.1875"},{"created_at":"2019-03-23T16:47:58-07:00","entry_id":25473,"field1":"6.5","field2":"5.9375"},{"created_at":"2019-03-23T16:57:35-07:00","entry_id":25474,"field1":"6.5","field2":"6.125"},{"created_at":"2019-03-23T17:07:13-07:00","entry_id":25475,"field1":"6.4375","field2":"6.125"},{"created_at":"2019-03-23T17:16:51-07:00","entry_id":25476,"field1":"6.4375","field2":"6.375"},{"created_at":"2019-03-23T17:26:27-07:00","entry_id":25477,"field1":"6.4375","field2":"6.5"},{"created_at":"2019-03-23T17:36:04-07:00","entry_id":25478,"field1":"6.4375","field2":"6.1875"},{"created_at":"2019-03-23T17:45:41-07:00","entry_id":25479,"field1":"6.4375","field2":"5.8125"},{"created_at":"2019-03-23T17:55:19-07:00","entry_id":25480,"field1":"6.4375","field2":"5.6875"},{"created_at":"2019-03-23T18:04:56-07:00","entry_id":25481,"field1":"6.375","field2":"5.8125"},{"created_at":"2019-03-23T18:14:33-07:00","entry_id":25482,"field1":"6.375","field2":"5.5625"},{"created_at":"2019-03-23T18:24:10-07:00","entry_id":25483,"field1":"6.375","field2":"5.4375"},{"created_at":"2019-03-23T18:33:47-07:00","entry_id":25484,"field1":"6.3125","field2":"5.3125"},{"created_at":"2019-03-23T18:43:24-07:00","entry_id":25485,"field1":"6.3125","field2":"5"},{"created_at":"2019-03-23T18:53:02-07:00","entry_id":25486,"field1":"6.3125","field2":"5.125"},{"created_at":"2019-03-23T19:02:39-07:00","entry_id":25487,"field1":"6.25","field2":"4.875"},{"created_at":"2019-03-23T19:12:16-07:00","entry_id":25488,"field1":"6.25","field2":"4.75"},{"created_at":"2019-03-23T19:21:53-07:00","entry_id":25489,"field1":"6.1875","field2":"5"},{"created_at":"2019-03-23T19:31:31-07:00","entry_id":25490,"field1":"6.1875","field2":"4.5"},{"created_at":"2019-03-23T19:41:09-07:00","entry_id":25491,"field1":"6.125","field2":"4.5"},{"created_at":"2019-03-23T19:50:46-07:00","entry_id":25492,"field1":"6.125","field2":"4.1875"},{"created_at":"2019-03-23T20:00:20-07:00","entry_id":25493,"field1":"6.0625","field2":"4.3125"},{"created_at":"2019-03-23T20:09:57-07:00","entry_id":25494,"field1":"6.0625","field2":"4.25"},{"created_at":"2019-03-23T20:19:34-07:00","entry_id":25495,"field1":"6.0625","field2":"4.25"},{"created_at":"2019-03-23T20:29:12-07:00","entry_id":25496,"field1":"6.0625","field2":"4.375"},{"created_at":"2019-03-23T20:38:50-07:00","entry_id":25497,"field1":"6","field2":"4.0625"},{"created_at":"2019-03-23T20:48:26-07:00","entry_id":25498,"field1":"6","field2":"4.0625"},{"created_at":"2019-03-23T20:58:04-07:00","entry_id":25499,"field1":"6","field2":"4"},{"created_at":"2019-03-23T21:07:41-07:00","entry_id":25500,"field1":"6","field2":"4.0625"},{"created_at":"2019-03-23T21:17:19-07:00","entry_id":25501,"field1":"5.9375","field2":"3.75"},{"created_at":"2019-03-23T21:26:56-07:00","entry_id":25502,"field1":"5.9375","field2":"3.75"},{"created_at":"2019-03-23T21:36:34-07:00","entry_id":25503,"field1":"5.9375","field2":"3.8125"},{"created_at":"2019-03-23T21:46:11-07:00","entry_id":25504,"field1":"5.9375","field2":"3.6875"},{"created_at":"2019-03-23T21:55:47-07:00","entry_id":25505,"field1":"5.9375","field2":"3.3125"},{"created_at":"2019-03-23T22:05:25-07:00","entry_id":25506,"field1":"5.9375","field2":"3.4375"},{"created_at":"2019-03-23T22:15:02-07:00","entry_id":25507,"field1":"5.875","field2":"2.875"},{"created_at":"2019-03-23T22:24:39-07:00","entry_id":25508,"field1":"5.875","field2":"3.125"},{"created_at":"2019-03-23T22:34:16-07:00","entry_id":25509,"field1":"5.875","field2":"2.6875"},{"created_at":"2019-03-23T22:43:53-07:00","entry_id":25510,"field1":"5.8125","field2":"2.75"},{"created_at":"2019-03-23T22:53:30-07:00","entry_id":25511,"field1":"5.8125","field2":"2.75"},{"created_at":"2019-03-23T23:03:08-07:00","entry_id":25512,"field1":"5.75","field2":"2.375"},{"created_at":"2019-03-23T23:12:45-07:00","entry_id":25513,"field1":"5.75","field2":"2.4375"},{"created_at":"2019-03-23T23:22:23-07:00","entry_id":25514,"field1":"5.75","field2":"2.3125"},{"created_at":"2019-03-23T23:32:01-07:00","entry_id":25515,"field1":"5.6875","field2":"1.9375"},{"created_at":"2019-03-23T23:41:38-07:00","entry_id":25516,"field1":"5.625","field2":"1.9375"},{"created_at":"2019-03-23T23:51:14-07:00","entry_id":25517,"field1":"5.625","field2":"2.0625"}]}