{"channel":{"id":581842,"name":"Upstairs Small Window Indoor / Outdoor Sensor","latitude":"0.0","longitude":"0.0","field1":"Indoor Temperature","field2":"Outdoor Temperature","created_at":"2018-09-23T15:37:52-07:00","updated_at":"2020-07-27T05:59:41-07:00","last_entry_id":150128},"feeds":[{"created_at":"2018-11-18T00:07:46-08:00","entry_id":6729,"field1":"2.125","field2":"-0.6875"},{"created_at":"2018-11-18T00:17:23-08:00","entry_id":6730,"field1":"2.125","field2":"-0.8125"},{"created_at":"2018-11-18T00:27:00-08:00","entry_id":6731,"field1":"2.125","field2":"-0.875"},{"created_at":"2018-11-18T00:36:37-08:00","entry_id":6732,"field1":"2.125","field2":"-1.0625"},{"created_at":"2018-11-18T00:46:14-08:00","entry_id":6733,"field1":"2.0625","field2":"-0.8125"},{"created_at":"2018-11-18T00:55:51-08:00","entry_id":6734,"field1":"2.0625","field2":"-0.8125"},{"created_at":"2018-11-18T01:05:28-08:00","entry_id":6735,"field1":"2.0625","field2":"-0.875"},{"created_at":"2018-11-18T01:15:04-08:00","entry_id":6736,"field1":"2.0625","field2":"-1.0625"},{"created_at":"2018-11-18T01:24:41-08:00","entry_id":6737,"field1":"2","field2":"-0.9375"},{"created_at":"2018-11-18T01:34:18-08:00","entry_id":6738,"field1":"2","field2":"-1.0625"},{"created_at":"2018-11-18T01:43:55-08:00","entry_id":6739,"field1":"2","field2":"-1.0625"},{"created_at":"2018-11-18T01:53:32-08:00","entry_id":6740,"field1":"2","field2":"-1.125"},{"created_at":"2018-11-18T02:03:09-08:00","entry_id":6741,"field1":"1.9375","field2":"-1.1875"},{"created_at":"2018-11-18T02:12:46-08:00","entry_id":6742,"field1":"1.9375","field2":"-1.125"},{"created_at":"2018-11-18T02:22:23-08:00","entry_id":6743,"field1":"1.9375","field2":"-1.25"},{"created_at":"2018-11-18T02:31:59-08:00","entry_id":6744,"field1":"1.9375","field2":"-0.9375"},{"created_at":"2018-11-18T02:41:36-08:00","entry_id":6745,"field1":"1.875","field2":"-0.875"},{"created_at":"2018-11-18T02:51:13-08:00","entry_id":6746,"field1":"1.875","field2":"-0.6875"},{"created_at":"2018-11-18T03:00:50-08:00","entry_id":6747,"field1":"1.875","field2":"-0.6875"},{"created_at":"2018-11-18T03:10:27-08:00","entry_id":6748,"field1":"1.875","field2":"-0.625"},{"created_at":"2018-11-18T03:20:04-08:00","entry_id":6749,"field1":"1.875","field2":"-0.5625"},{"created_at":"2018-11-18T03:29:41-08:00","entry_id":6750,"field1":"1.8125","field2":"-0.625"},{"created_at":"2018-11-18T03:39:19-08:00","entry_id":6751,"field1":"1.8125","field2":"-0.6875"},{"created_at":"2018-11-18T03:48:56-08:00","entry_id":6752,"field1":"1.8125","field2":"-0.625"},{"created_at":"2018-11-18T03:58:32-08:00","entry_id":6753,"field1":"1.8125","field2":"-0.6875"},{"created_at":"2018-11-18T04:08:10-08:00","entry_id":6754,"field1":"1.8125","field2":"-0.625"},{"created_at":"2018-11-18T04:17:47-08:00","entry_id":6755,"field1":"1.75","field2":"-0.5625"},{"created_at":"2018-11-18T04:27:23-08:00","entry_id":6756,"field1":"1.75","field2":"-0.4375"},{"created_at":"2018-11-18T04:37:01-08:00","entry_id":6757,"field1":"1.75","field2":"-0.4375"},{"created_at":"2018-11-18T04:46:38-08:00","entry_id":6758,"field1":"1.75","field2":"-0.4375"},{"created_at":"2018-11-18T04:56:14-08:00","entry_id":6759,"field1":"1.75","field2":"-0.4375"},{"created_at":"2018-11-18T05:05:51-08:00","entry_id":6760,"field1":"1.6875","field2":"-0.375"},{"created_at":"2018-11-18T05:15:28-08:00","entry_id":6761,"field1":"1.75","field2":"-0.4375"},{"created_at":"2018-11-18T05:25:05-08:00","entry_id":6762,"field1":"1.6875","field2":"-0.4375"},{"created_at":"2018-11-18T05:34:42-08:00","entry_id":6763,"field1":"1.6875","field2":"-0.375"},{"created_at":"2018-11-18T05:44:19-08:00","entry_id":6764,"field1":"1.6875","field2":"-0.3125"},{"created_at":"2018-11-18T05:53:56-08:00","entry_id":6765,"field1":"1.6875","field2":"-0.5"},{"created_at":"2018-11-18T06:03:32-08:00","entry_id":6766,"field1":"1.6875","field2":"-0.5"},{"created_at":"2018-11-18T06:13:09-08:00","entry_id":6767,"field1":"1.625","field2":"-0.4375"},{"created_at":"2018-11-18T06:22:45-08:00","entry_id":6768,"field1":"1.625","field2":"-0.4375"},{"created_at":"2018-11-18T06:32:22-08:00","entry_id":6769,"field1":"1.625","field2":"-0.4375"},{"created_at":"2018-11-18T06:42:00-08:00","entry_id":6770,"field1":"1.625","field2":"-0.4375"},{"created_at":"2018-11-18T06:51:38-08:00","entry_id":6771,"field1":"1.625","field2":"-0.4375"},{"created_at":"2018-11-18T07:01:14-08:00","entry_id":6772,"field1":"1.625","field2":"-0.3125"},{"created_at":"2018-11-18T07:10:50-08:00","entry_id":6773,"field1":"1.5625","field2":"-0.3125"},{"created_at":"2018-11-18T07:20:27-08:00","entry_id":6774,"field1":"1.5625","field2":"-0.3125"},{"created_at":"2018-11-18T07:30:04-08:00","entry_id":6775,"field1":"1.5625","field2":"-0.375"},{"created_at":"2018-11-18T07:39:43-08:00","entry_id":6776,"field1":"1.5625","field2":"-0.4375"},{"created_at":"2018-11-18T07:49:18-08:00","entry_id":6777,"field1":"1.5625","field2":"-0.3125"},{"created_at":"2018-11-18T07:58:56-08:00","entry_id":6778,"field1":"1.5625","field2":"-0.3125"},{"created_at":"2018-11-18T08:08:32-08:00","entry_id":6779,"field1":"1.5625","field2":"-0.1875"},{"created_at":"2018-11-18T08:18:09-08:00","entry_id":6780,"field1":"1.5","field2":"-0.0625"},{"created_at":"2018-11-18T08:27:46-08:00","entry_id":6781,"field1":"1.5625","field2":"-0.0625"},{"created_at":"2018-11-18T08:37:24-08:00","entry_id":6782,"field1":"1.5625","field2":"0.125"},{"created_at":"2018-11-18T08:47:01-08:00","entry_id":6783,"field1":"1.4375","field2":"0.3125"},{"created_at":"2018-11-18T08:56:38-08:00","entry_id":6784,"field1":"1.4375","field2":"0.5625"},{"created_at":"2018-11-18T09:06:15-08:00","entry_id":6785,"field1":"1.5","field2":"0.375"},{"created_at":"2018-11-18T09:15:51-08:00","entry_id":6786,"field1":"1.5","field2":"0.625"},{"created_at":"2018-11-18T09:25:28-08:00","entry_id":6787,"field1":"1.5625","field2":"0.5625"},{"created_at":"2018-11-18T09:35:06-08:00","entry_id":6788,"field1":"1.5","field2":"0.6875"},{"created_at":"2018-11-18T09:44:43-08:00","entry_id":6789,"field1":"1.5625","field2":"0.8125"},{"created_at":"2018-11-18T09:54:20-08:00","entry_id":6790,"field1":"1.5625","field2":"0.5625"},{"created_at":"2018-11-18T10:03:57-08:00","entry_id":6791,"field1":"1.625","field2":"0.6875"},{"created_at":"2018-11-18T10:13:33-08:00","entry_id":6792,"field1":"1.625","field2":"0.6875"},{"created_at":"2018-11-18T10:23:10-08:00","entry_id":6793,"field1":"1.5625","field2":"0.6875"},{"created_at":"2018-11-18T10:32:48-08:00","entry_id":6794,"field1":"1.6875","field2":"1.125"},{"created_at":"2018-11-18T10:42:24-08:00","entry_id":6795,"field1":"1.8125","field2":"1.5625"},{"created_at":"2018-11-18T10:52:05-08:00","entry_id":6796,"field1":"1.875","field2":"1.75"},{"created_at":"2018-11-18T11:01:40-08:00","entry_id":6797,"field1":"1.875","field2":"1.3125"},{"created_at":"2018-11-18T11:11:17-08:00","entry_id":6798,"field1":"1.875","field2":"1.3125"},{"created_at":"2018-11-18T11:20:54-08:00","entry_id":6799,"field1":"1.875","field2":"1.3125"},{"created_at":"2018-11-18T11:30:30-08:00","entry_id":6800,"field1":"1.875","field2":"1.375"},{"created_at":"2018-11-18T11:40:07-08:00","entry_id":6801,"field1":"1.9375","field2":"1.375"},{"created_at":"2018-11-18T11:49:43-08:00","entry_id":6802,"field1":"1.9375","field2":"1.5"},{"created_at":"2018-11-18T11:59:20-08:00","entry_id":6803,"field1":"1.9375","field2":"1.625"},{"created_at":"2018-11-18T12:08:57-08:00","entry_id":6804,"field1":"1.9375","field2":"1.6875"},{"created_at":"2018-11-18T12:18:34-08:00","entry_id":6805,"field1":"2","field2":"1.6875"},{"created_at":"2018-11-18T12:28:12-08:00","entry_id":6806,"field1":"2","field2":"1.875"},{"created_at":"2018-11-18T12:37:49-08:00","entry_id":6807,"field1":"2","field2":"1.75"},{"created_at":"2018-11-18T12:47:26-08:00","entry_id":6808,"field1":"2.0625","field2":"1.9375"},{"created_at":"2018-11-18T12:57:03-08:00","entry_id":6809,"field1":"2.0625","field2":"2.125"},{"created_at":"2018-11-18T13:06:40-08:00","entry_id":6810,"field1":"2.0625","field2":"2.0625"},{"created_at":"2018-11-18T13:16:16-08:00","entry_id":6811,"field1":"2.0625","field2":"2.1875"},{"created_at":"2018-11-18T13:25:55-08:00","entry_id":6812,"field1":"2.0625","field2":"2.25"},{"created_at":"2018-11-18T13:35:31-08:00","entry_id":6813,"field1":"2.0625","field2":"2.3125"},{"created_at":"2018-11-18T13:45:08-08:00","entry_id":6814,"field1":"2.125","field2":"2.4375"},{"created_at":"2018-11-18T13:54:45-08:00","entry_id":6815,"field1":"2.125","field2":"2.375"},{"created_at":"2018-11-18T14:04:22-08:00","entry_id":6816,"field1":"2.0625","field2":"2.375"},{"created_at":"2018-11-18T14:13:58-08:00","entry_id":6817,"field1":"2.0625","field2":"2.4375"},{"created_at":"2018-11-18T14:23:35-08:00","entry_id":6818,"field1":"2.125","field2":"2.3125"},{"created_at":"2018-11-18T14:33:11-08:00","entry_id":6819,"field1":"2.125","field2":"2.375"},{"created_at":"2018-11-18T14:42:48-08:00","entry_id":6820,"field1":"2.125","field2":"2.3125"},{"created_at":"2018-11-18T14:52:25-08:00","entry_id":6821,"field1":"2.125","field2":"2.25"},{"created_at":"2018-11-18T15:02:01-08:00","entry_id":6822,"field1":"2.125","field2":"2.1875"},{"created_at":"2018-11-18T15:11:39-08:00","entry_id":6823,"field1":"2.125","field2":"1.9375"},{"created_at":"2018-11-18T15:21:16-08:00","entry_id":6824,"field1":"2.125","field2":"1.75"},{"created_at":"2018-11-18T15:30:53-08:00","entry_id":6825,"field1":"2.125","field2":"1.5625"},{"created_at":"2018-11-18T15:40:31-08:00","entry_id":6826,"field1":"2.125","field2":"1.375"},{"created_at":"2018-11-18T15:50:07-08:00","entry_id":6827,"field1":"2.125","field2":"1.1875"},{"created_at":"2018-11-18T15:59:44-08:00","entry_id":6828,"field1":"2.125","field2":"1.0625"},{"created_at":"2018-11-18T16:09:21-08:00","entry_id":6829,"field1":"2.125","field2":"0.9375"},{"created_at":"2018-11-18T16:18:58-08:00","entry_id":6830,"field1":"2.125","field2":"0.9375"},{"created_at":"2018-11-18T16:28:34-08:00","entry_id":6831,"field1":"2.0625","field2":"1"},{"created_at":"2018-11-18T16:38:12-08:00","entry_id":6832,"field1":"2.0625","field2":"0.9375"},{"created_at":"2018-11-18T16:47:48-08:00","entry_id":6833,"field1":"2.0625","field2":"1.0625"},{"created_at":"2018-11-18T16:57:25-08:00","entry_id":6834,"field1":"2.0625","field2":"1.1875"},{"created_at":"2018-11-18T17:07:02-08:00","entry_id":6835,"field1":"2.0625","field2":"1.1875"},{"created_at":"2018-11-18T17:16:39-08:00","entry_id":6836,"field1":"2.0625","field2":"1.125"},{"created_at":"2018-11-18T17:26:15-08:00","entry_id":6837,"field1":"2.0625","field2":"1.125"},{"created_at":"2018-11-18T17:35:52-08:00","entry_id":6838,"field1":"2.0625","field2":"1.0625"},{"created_at":"2018-11-18T17:45:28-08:00","entry_id":6839,"field1":"2.0625","field2":"0.9375"},{"created_at":"2018-11-18T17:55:06-08:00","entry_id":6840,"field1":"2","field2":"0.875"},{"created_at":"2018-11-18T18:04:43-08:00","entry_id":6841,"field1":"2","field2":"0.75"},{"created_at":"2018-11-18T18:14:19-08:00","entry_id":6842,"field1":"2","field2":"0.875"},{"created_at":"2018-11-18T18:23:56-08:00","entry_id":6843,"field1":"2","field2":"0.8125"},{"created_at":"2018-11-18T18:33:33-08:00","entry_id":6844,"field1":"2","field2":"0.75"},{"created_at":"2018-11-18T18:43:10-08:00","entry_id":6845,"field1":"1.9375","field2":"0.625"},{"created_at":"2018-11-18T18:52:47-08:00","entry_id":6846,"field1":"1.9375","field2":"0.5625"},{"created_at":"2018-11-18T19:02:24-08:00","entry_id":6847,"field1":"1.9375","field2":"0.6875"},{"created_at":"2018-11-18T19:12:01-08:00","entry_id":6848,"field1":"1.9375","field2":"0.5"},{"created_at":"2018-11-18T19:21:39-08:00","entry_id":6849,"field1":"1.9375","field2":"0.625"},{"created_at":"2018-11-18T19:31:15-08:00","entry_id":6850,"field1":"1.9375","field2":"0.5"},{"created_at":"2018-11-18T19:40:51-08:00","entry_id":6851,"field1":"1.9375","field2":"0.5625"},{"created_at":"2018-11-18T19:50:28-08:00","entry_id":6852,"field1":"1.9375","field2":"0.625"},{"created_at":"2018-11-18T20:00:05-08:00","entry_id":6853,"field1":"1.9375","field2":"0.5625"},{"created_at":"2018-11-18T20:09:43-08:00","entry_id":6854,"field1":"1.875","field2":"0.5625"},{"created_at":"2018-11-18T20:19:20-08:00","entry_id":6855,"field1":"1.875","field2":"0.5"},{"created_at":"2018-11-18T20:28:57-08:00","entry_id":6856,"field1":"1.875","field2":"0.375"},{"created_at":"2018-11-18T20:38:35-08:00","entry_id":6857,"field1":"1.875","field2":"0.25"},{"created_at":"2018-11-18T20:48:11-08:00","entry_id":6858,"field1":"1.875","field2":"0.1875"},{"created_at":"2018-11-18T20:57:45-08:00","entry_id":6859,"field1":"1.875","field2":"0"},{"created_at":"2018-11-18T21:07:22-08:00","entry_id":6860,"field1":"1.875","field2":"0.0625"},{"created_at":"2018-11-18T21:16:59-08:00","entry_id":6861,"field1":"1.875","field2":"-0.0625"},{"created_at":"2018-11-18T21:26:36-08:00","entry_id":6862,"field1":"1.875","field2":"0.0625"},{"created_at":"2018-11-18T21:36:12-08:00","entry_id":6863,"field1":"1.875","field2":"0.0625"},{"created_at":"2018-11-18T21:45:49-08:00","entry_id":6864,"field1":"1.875","field2":"0.1875"},{"created_at":"2018-11-18T21:55:26-08:00","entry_id":6865,"field1":"1.8125","field2":"0.1875"},{"created_at":"2018-11-18T22:05:03-08:00","entry_id":6866,"field1":"1.8125","field2":"0.0625"},{"created_at":"2018-11-18T22:14:39-08:00","entry_id":6867,"field1":"1.8125","field2":"0.25"},{"created_at":"2018-11-18T22:24:16-08:00","entry_id":6868,"field1":"1.8125","field2":"0.1875"},{"created_at":"2018-11-18T22:33:53-08:00","entry_id":6869,"field1":"1.8125","field2":"0.375"},{"created_at":"2018-11-18T22:43:30-08:00","entry_id":6870,"field1":"1.8125","field2":"0.4375"},{"created_at":"2018-11-18T22:53:07-08:00","entry_id":6871,"field1":"1.75","field2":"0.3125"},{"created_at":"2018-11-18T23:02:43-08:00","entry_id":6872,"field1":"1.8125","field2":"0.5"},{"created_at":"2018-11-18T23:12:20-08:00","entry_id":6873,"field1":"1.8125","field2":"0.4375"},{"created_at":"2018-11-18T23:21:57-08:00","entry_id":6874,"field1":"1.8125","field2":"0.5625"},{"created_at":"2018-11-18T23:31:34-08:00","entry_id":6875,"field1":"1.8125","field2":"0.3125"},{"created_at":"2018-11-18T23:41:10-08:00","entry_id":6876,"field1":"1.8125","field2":"0.4375"},{"created_at":"2018-11-18T23:50:47-08:00","entry_id":6877,"field1":"1.8125","field2":"0.3125"}]}