{"channel":{"id":581842,"name":"Upstairs Small Window Indoor / Outdoor Sensor","latitude":"0.0","longitude":"0.0","field1":"Indoor Temperature","field2":"Outdoor Temperature","created_at":"2018-09-23T15:37:52-07:00","updated_at":"2020-07-27T05:59:41-07:00","last_entry_id":150128},"feeds":[{"created_at":"2018-12-19T00:06:54-08:00","entry_id":11342,"field1":"3.375","field2":"2.9375"},{"created_at":"2018-12-19T00:16:30-08:00","entry_id":11343,"field1":"3.375","field2":"2.9375"},{"created_at":"2018-12-19T00:26:08-08:00","entry_id":11344,"field1":"3.375","field2":"2.9375"},{"created_at":"2018-12-19T00:35:45-08:00","entry_id":11345,"field1":"3.375","field2":"2.9375"},{"created_at":"2018-12-19T00:45:22-08:00","entry_id":11346,"field1":"3.375","field2":"2.9375"},{"created_at":"2018-12-19T00:54:59-08:00","entry_id":11347,"field1":"3.4375","field2":"2.9375"},{"created_at":"2018-12-19T01:04:38-08:00","entry_id":11348,"field1":"3.4375","field2":"2.9375"},{"created_at":"2018-12-19T01:14:14-08:00","entry_id":11349,"field1":"3.375","field2":"2.9375"},{"created_at":"2018-12-19T01:23:51-08:00","entry_id":11350,"field1":"3.4375","field2":"3"},{"created_at":"2018-12-19T01:33:32-08:00","entry_id":11351,"field1":"3.4375","field2":"2.9375"},{"created_at":"2018-12-19T01:43:08-08:00","entry_id":11352,"field1":"3.375","field2":"2.875"},{"created_at":"2018-12-19T01:52:46-08:00","entry_id":11353,"field1":"3.375","field2":"2.875"},{"created_at":"2018-12-19T02:02:23-08:00","entry_id":11354,"field1":"3.375","field2":"2.8125"},{"created_at":"2018-12-19T02:12:00-08:00","entry_id":11355,"field1":"3.375","field2":"2.8125"},{"created_at":"2018-12-19T02:21:37-08:00","entry_id":11356,"field1":"3.375","field2":"2.75"},{"created_at":"2018-12-19T02:31:14-08:00","entry_id":11357,"field1":"3.375","field2":"2.6875"},{"created_at":"2018-12-19T02:40:50-08:00","entry_id":11358,"field1":"3.375","field2":"2.6875"},{"created_at":"2018-12-19T02:50:27-08:00","entry_id":11359,"field1":"3.375","field2":"2.625"},{"created_at":"2018-12-19T03:00:02-08:00","entry_id":11360,"field1":"3.375","field2":"2.625"},{"created_at":"2018-12-19T03:09:39-08:00","entry_id":11361,"field1":"3.375","field2":"2.4375"},{"created_at":"2018-12-19T03:19:16-08:00","entry_id":11362,"field1":"3.375","field2":"2.5625"},{"created_at":"2018-12-19T03:28:54-08:00","entry_id":11363,"field1":"3.375","field2":"2.5625"},{"created_at":"2018-12-19T03:38:30-08:00","entry_id":11364,"field1":"3.375","field2":"2.5"},{"created_at":"2018-12-19T03:48:07-08:00","entry_id":11365,"field1":"3.375","field2":"2.4375"},{"created_at":"2018-12-19T03:57:44-08:00","entry_id":11366,"field1":"3.375","field2":"2.4375"},{"created_at":"2018-12-19T04:07:21-08:00","entry_id":11367,"field1":"3.375","field2":"2.375"},{"created_at":"2018-12-19T04:16:58-08:00","entry_id":11368,"field1":"3.375","field2":"2.25"},{"created_at":"2018-12-19T04:26:35-08:00","entry_id":11369,"field1":"3.375","field2":"2.1875"},{"created_at":"2018-12-19T04:36:12-08:00","entry_id":11370,"field1":"3.375","field2":"2.125"},{"created_at":"2018-12-19T04:45:50-08:00","entry_id":11371,"field1":"3.3125","field2":"1.6875"},{"created_at":"2018-12-19T04:55:30-08:00","entry_id":11372,"field1":"3.3125","field2":"1.875"},{"created_at":"2018-12-19T05:05:09-08:00","entry_id":11373,"field1":"3.3125","field2":"1.9375"},{"created_at":"2018-12-19T05:14:47-08:00","entry_id":11374,"field1":"3.3125","field2":"1.8125"},{"created_at":"2018-12-19T05:24:24-08:00","entry_id":11375,"field1":"3.3125","field2":"1.875"},{"created_at":"2018-12-19T05:34:01-08:00","entry_id":11376,"field1":"3.3125","field2":"1.8125"},{"created_at":"2018-12-19T05:43:38-08:00","entry_id":11377,"field1":"3.3125","field2":"1.5"},{"created_at":"2018-12-19T05:53:15-08:00","entry_id":11378,"field1":"3.3125","field2":"1.5625"},{"created_at":"2018-12-19T06:02:52-08:00","entry_id":11379,"field1":"3.3125","field2":"1.625"},{"created_at":"2018-12-19T06:12:30-08:00","entry_id":11380,"field1":"3.3125","field2":"1.6875"},{"created_at":"2018-12-19T06:22:07-08:00","entry_id":11381,"field1":"3.25","field2":"1.6875"},{"created_at":"2018-12-19T06:31:43-08:00","entry_id":11382,"field1":"3.25","field2":"1.8125"},{"created_at":"2018-12-19T06:41:21-08:00","entry_id":11383,"field1":"3.25","field2":"1.875"},{"created_at":"2018-12-19T06:50:58-08:00","entry_id":11384,"field1":"3.25","field2":"1.875"},{"created_at":"2018-12-19T07:00:35-08:00","entry_id":11385,"field1":"3.25","field2":"1.875"},{"created_at":"2018-12-19T07:10:13-08:00","entry_id":11386,"field1":"3.25","field2":"1.875"},{"created_at":"2018-12-19T07:19:50-08:00","entry_id":11387,"field1":"3.25","field2":"1.75"},{"created_at":"2018-12-19T07:29:27-08:00","entry_id":11388,"field1":"3.25","field2":"1.75"},{"created_at":"2018-12-19T07:39:03-08:00","entry_id":11389,"field1":"3.25","field2":"1.8125"},{"created_at":"2018-12-19T07:48:41-08:00","entry_id":11390,"field1":"3.25","field2":"1.8125"},{"created_at":"2018-12-19T07:58:19-08:00","entry_id":11391,"field1":"3.1875","field2":"1.8125"},{"created_at":"2018-12-19T08:07:56-08:00","entry_id":11392,"field1":"3.1875","field2":"1.875"},{"created_at":"2018-12-19T08:17:32-08:00","entry_id":11393,"field1":"3.1875","field2":"1.875"},{"created_at":"2018-12-19T08:27:11-08:00","entry_id":11394,"field1":"3.1875","field2":"2"},{"created_at":"2018-12-19T08:36:55-08:00","entry_id":11395,"field1":"3.1875","field2":"2.0625"},{"created_at":"2018-12-19T08:46:33-08:00","entry_id":11396,"field1":"3.1875","field2":"2.0625"},{"created_at":"2018-12-19T08:56:11-08:00","entry_id":11397,"field1":"3.1875","field2":"2.25"},{"created_at":"2018-12-19T09:05:48-08:00","entry_id":11398,"field1":"3.1875","field2":"2.25"},{"created_at":"2018-12-19T09:15:25-08:00","entry_id":11399,"field1":"3.1875","field2":"2.3125"},{"created_at":"2018-12-19T09:25:02-08:00","entry_id":11400,"field1":"3.1875","field2":"2.3125"},{"created_at":"2018-12-19T09:34:40-08:00","entry_id":11401,"field1":"3.1875","field2":"2.375"},{"created_at":"2018-12-19T09:44:17-08:00","entry_id":11402,"field1":"3.1875","field2":"2.5"},{"created_at":"2018-12-19T09:53:55-08:00","entry_id":11403,"field1":"3.1875","field2":"2.5625"},{"created_at":"2018-12-19T10:03:31-08:00","entry_id":11404,"field1":"3.25","field2":"2.625"},{"created_at":"2018-12-19T10:13:08-08:00","entry_id":11405,"field1":"3.1875","field2":"2.8125"},{"created_at":"2018-12-19T10:22:45-08:00","entry_id":11406,"field1":"3.1875","field2":"2.875"},{"created_at":"2018-12-19T10:32:22-08:00","entry_id":11407,"field1":"3.1875","field2":"2.875"},{"created_at":"2018-12-19T10:41:59-08:00","entry_id":11408,"field1":"3.1875","field2":"2.8125"},{"created_at":"2018-12-19T10:51:37-08:00","entry_id":11409,"field1":"3.1875","field2":"3"},{"created_at":"2018-12-19T11:01:14-08:00","entry_id":11410,"field1":"3.1875","field2":"3.125"},{"created_at":"2018-12-19T11:10:50-08:00","entry_id":11411,"field1":"3.25","field2":"3.3125"},{"created_at":"2018-12-19T11:20:27-08:00","entry_id":11412,"field1":"3.25","field2":"3.4375"},{"created_at":"2018-12-19T11:30:05-08:00","entry_id":11413,"field1":"3.25","field2":"3.5625"},{"created_at":"2018-12-19T11:39:42-08:00","entry_id":11414,"field1":"3.25","field2":"3.5625"},{"created_at":"2018-12-19T11:49:19-08:00","entry_id":11415,"field1":"3.25","field2":"3.5"},{"created_at":"2018-12-19T11:58:56-08:00","entry_id":11416,"field1":"3.3125","field2":"3.4375"},{"created_at":"2018-12-19T12:08:33-08:00","entry_id":11417,"field1":"3.3125","field2":"3.625"},{"created_at":"2018-12-19T12:18:10-08:00","entry_id":11418,"field1":"3.3125","field2":"3.625"},{"created_at":"2018-12-19T12:27:48-08:00","entry_id":11419,"field1":"3.3125","field2":"3.625"},{"created_at":"2018-12-19T12:37:25-08:00","entry_id":11420,"field1":"3.375","field2":"3.9375"},{"created_at":"2018-12-19T12:47:03-08:00","entry_id":11421,"field1":"3.375","field2":"3.875"},{"created_at":"2018-12-19T12:56:40-08:00","entry_id":11422,"field1":"3.375","field2":"3.75"},{"created_at":"2018-12-19T13:06:17-08:00","entry_id":11423,"field1":"3.4375","field2":"3.75"},{"created_at":"2018-12-19T13:15:54-08:00","entry_id":11424,"field1":"3.4375","field2":"3.8125"},{"created_at":"2018-12-19T13:25:32-08:00","entry_id":11425,"field1":"3.4375","field2":"3.875"},{"created_at":"2018-12-19T13:35:09-08:00","entry_id":11426,"field1":"3.4375","field2":"3.875"},{"created_at":"2018-12-19T13:44:47-08:00","entry_id":11427,"field1":"3.4375","field2":"3.875"},{"created_at":"2018-12-19T13:54:24-08:00","entry_id":11428,"field1":"3.4375","field2":"3.9375"},{"created_at":"2018-12-19T14:04:01-08:00","entry_id":11429,"field1":"3.4375","field2":"3.875"},{"created_at":"2018-12-19T14:13:37-08:00","entry_id":11430,"field1":"3.5","field2":"3.8125"},{"created_at":"2018-12-19T14:23:14-08:00","entry_id":11431,"field1":"3.5","field2":"3.75"},{"created_at":"2018-12-19T14:32:51-08:00","entry_id":11432,"field1":"3.5625","field2":"3.75"},{"created_at":"2018-12-19T14:42:29-08:00","entry_id":11433,"field1":"3.5","field2":"3.6875"},{"created_at":"2018-12-19T14:52:07-08:00","entry_id":11434,"field1":"3.5625","field2":"3.5625"},{"created_at":"2018-12-19T15:01:43-08:00","entry_id":11435,"field1":"3.5625","field2":"3.5"},{"created_at":"2018-12-19T15:11:21-08:00","entry_id":11436,"field1":"3.5625","field2":"3.5"},{"created_at":"2018-12-19T15:20:57-08:00","entry_id":11437,"field1":"3.5625","field2":"3.375"},{"created_at":"2018-12-19T15:30:34-08:00","entry_id":11438,"field1":"3.5625","field2":"3.3125"},{"created_at":"2018-12-19T15:40:11-08:00","entry_id":11439,"field1":"3.5625","field2":"3.25"},{"created_at":"2018-12-19T15:49:49-08:00","entry_id":11440,"field1":"3.5625","field2":"3.1875"},{"created_at":"2018-12-19T15:59:25-08:00","entry_id":11441,"field1":"3.5625","field2":"3.125"},{"created_at":"2018-12-19T16:09:03-08:00","entry_id":11442,"field1":"3.5625","field2":"3.0625"},{"created_at":"2018-12-19T16:18:40-08:00","entry_id":11443,"field1":"3.5625","field2":"3.0625"},{"created_at":"2018-12-19T16:28:17-08:00","entry_id":11444,"field1":"3.625","field2":"3"},{"created_at":"2018-12-19T16:37:54-08:00","entry_id":11445,"field1":"3.5625","field2":"2.9375"},{"created_at":"2018-12-19T16:47:32-08:00","entry_id":11446,"field1":"3.5625","field2":"2.9375"},{"created_at":"2018-12-19T16:57:09-08:00","entry_id":11447,"field1":"3.5","field2":"2.875"},{"created_at":"2018-12-19T17:06:45-08:00","entry_id":11448,"field1":"3.5","field2":"2.8125"},{"created_at":"2018-12-19T17:16:22-08:00","entry_id":11449,"field1":"3.5","field2":"2.8125"},{"created_at":"2018-12-19T17:26:00-08:00","entry_id":11450,"field1":"3.5","field2":"2.75"},{"created_at":"2018-12-19T17:35:37-08:00","entry_id":11451,"field1":"3.5","field2":"2.75"},{"created_at":"2018-12-19T17:45:16-08:00","entry_id":11452,"field1":"3.5","field2":"2.75"},{"created_at":"2018-12-19T17:54:52-08:00","entry_id":11453,"field1":"3.5","field2":"2.625"},{"created_at":"2018-12-19T18:04:29-08:00","entry_id":11454,"field1":"3.5","field2":"2.625"},{"created_at":"2018-12-19T18:14:07-08:00","entry_id":11455,"field1":"3.5","field2":"2.5625"},{"created_at":"2018-12-19T18:23:44-08:00","entry_id":11456,"field1":"3.5","field2":"2.5"},{"created_at":"2018-12-19T18:33:21-08:00","entry_id":11457,"field1":"3.5","field2":"2.5"},{"created_at":"2018-12-19T18:42:58-08:00","entry_id":11458,"field1":"3.5","field2":"2.5625"},{"created_at":"2018-12-19T18:52:36-08:00","entry_id":11459,"field1":"3.5","field2":"2.5625"},{"created_at":"2018-12-19T19:02:13-08:00","entry_id":11460,"field1":"3.5","field2":"2.625"},{"created_at":"2018-12-19T19:11:50-08:00","entry_id":11461,"field1":"3.5","field2":"2.5625"},{"created_at":"2018-12-19T19:21:27-08:00","entry_id":11462,"field1":"3.4375","field2":"2.5"},{"created_at":"2018-12-19T19:31:04-08:00","entry_id":11463,"field1":"3.4375","field2":"2.5"},{"created_at":"2018-12-19T19:40:41-08:00","entry_id":11464,"field1":"3.4375","field2":"2.5"},{"created_at":"2018-12-19T19:50:18-08:00","entry_id":11465,"field1":"3.4375","field2":"2.4375"},{"created_at":"2018-12-19T19:59:55-08:00","entry_id":11466,"field1":"3.4375","field2":"2.375"},{"created_at":"2018-12-19T20:09:32-08:00","entry_id":11467,"field1":"3.4375","field2":"2.375"},{"created_at":"2018-12-19T20:19:09-08:00","entry_id":11468,"field1":"3.4375","field2":"2.375"},{"created_at":"2018-12-19T20:28:46-08:00","entry_id":11469,"field1":"3.4375","field2":"2.3125"},{"created_at":"2018-12-19T20:38:24-08:00","entry_id":11470,"field1":"3.4375","field2":"2.25"},{"created_at":"2018-12-19T20:48:00-08:00","entry_id":11471,"field1":"3.4375","field2":"2.25"},{"created_at":"2018-12-19T20:57:37-08:00","entry_id":11472,"field1":"3.4375","field2":"2.25"},{"created_at":"2018-12-19T21:07:14-08:00","entry_id":11473,"field1":"3.4375","field2":"2.1875"},{"created_at":"2018-12-19T21:16:51-08:00","entry_id":11474,"field1":"3.375","field2":"2.125"},{"created_at":"2018-12-19T21:26:28-08:00","entry_id":11475,"field1":"3.375","field2":"2.125"},{"created_at":"2018-12-19T21:36:05-08:00","entry_id":11476,"field1":"3.375","field2":"2.0625"},{"created_at":"2018-12-19T21:45:42-08:00","entry_id":11477,"field1":"3.375","field2":"2.0625"},{"created_at":"2018-12-19T21:55:19-08:00","entry_id":11478,"field1":"3.375","field2":"2"},{"created_at":"2018-12-19T22:04:56-08:00","entry_id":11479,"field1":"3.375","field2":"2"},{"created_at":"2018-12-19T22:14:33-08:00","entry_id":11480,"field1":"3.375","field2":"2"},{"created_at":"2018-12-19T22:24:10-08:00","entry_id":11481,"field1":"3.375","field2":"2"},{"created_at":"2018-12-19T22:33:47-08:00","entry_id":11482,"field1":"3.375","field2":"2"},{"created_at":"2018-12-19T22:43:25-08:00","entry_id":11483,"field1":"3.375","field2":"1.9375"},{"created_at":"2018-12-19T22:53:02-08:00","entry_id":11484,"field1":"3.375","field2":"1.9375"},{"created_at":"2018-12-19T23:02:39-08:00","entry_id":11485,"field1":"3.375","field2":"1.9375"},{"created_at":"2018-12-19T23:12:16-08:00","entry_id":11486,"field1":"3.3125","field2":"1.9375"},{"created_at":"2018-12-19T23:21:53-08:00","entry_id":11487,"field1":"3.375","field2":"1.9375"},{"created_at":"2018-12-19T23:31:30-08:00","entry_id":11488,"field1":"3.3125","field2":"1.9375"},{"created_at":"2018-12-19T23:41:07-08:00","entry_id":11489,"field1":"3.3125","field2":"1.9375"},{"created_at":"2018-12-19T23:50:44-08:00","entry_id":11490,"field1":"3.3125","field2":"2"}]}