{"channel":{"id":581842,"name":"Upstairs Small Window Indoor / Outdoor Sensor","latitude":"0.0","longitude":"0.0","field1":"Indoor Temperature","field2":"Outdoor Temperature","created_at":"2018-09-23T15:37:52-07:00","updated_at":"2020-07-27T05:59:41-07:00","last_entry_id":150128},"feeds":[{"created_at":"2018-12-04T00:06:17-08:00","entry_id":9107,"field1":"1.5","field2":"-0.5"},{"created_at":"2018-12-04T00:15:55-08:00","entry_id":9108,"field1":"1.5","field2":"-0.4375"},{"created_at":"2018-12-04T00:25:33-08:00","entry_id":9109,"field1":"1.5","field2":"-0.4375"},{"created_at":"2018-12-04T00:35:09-08:00","entry_id":9110,"field1":"1.4375","field2":"-0.5"},{"created_at":"2018-12-04T00:44:47-08:00","entry_id":9111,"field1":"1.4375","field2":"-0.5"},{"created_at":"2018-12-04T00:54:24-08:00","entry_id":9112,"field1":"1.4375","field2":"-0.5"},{"created_at":"2018-12-04T01:04:01-08:00","entry_id":9113,"field1":"1.4375","field2":"-0.5"},{"created_at":"2018-12-04T01:13:38-08:00","entry_id":9114,"field1":"1.4375","field2":"-0.5625"},{"created_at":"2018-12-04T01:23:15-08:00","entry_id":9115,"field1":"1.4375","field2":"-0.5625"},{"created_at":"2018-12-04T01:43:11-08:00","entry_id":9116,"field1":"1.4375","field2":"-0.5625"},{"created_at":"2018-12-04T01:53:01-08:00","entry_id":9117,"field1":"1.4375","field2":"-0.5625"},{"created_at":"2018-12-04T02:02:38-08:00","entry_id":9118,"field1":"1.375","field2":"-0.5"},{"created_at":"2018-12-04T02:12:15-08:00","entry_id":9119,"field1":"1.375","field2":"-0.4375"},{"created_at":"2018-12-04T02:21:52-08:00","entry_id":9120,"field1":"1.375","field2":"-0.5"},{"created_at":"2018-12-04T02:31:29-08:00","entry_id":9121,"field1":"1.375","field2":"-0.5"},{"created_at":"2018-12-04T02:41:06-08:00","entry_id":9122,"field1":"1.375","field2":"-0.5625"},{"created_at":"2018-12-04T02:50:42-08:00","entry_id":9123,"field1":"1.375","field2":"-0.5625"},{"created_at":"2018-12-04T03:00:19-08:00","entry_id":9124,"field1":"1.375","field2":"-0.5625"},{"created_at":"2018-12-04T03:09:57-08:00","entry_id":9125,"field1":"1.3125","field2":"-0.5625"},{"created_at":"2018-12-04T03:19:33-08:00","entry_id":9126,"field1":"1.3125","field2":"-0.5"},{"created_at":"2018-12-04T03:29:09-08:00","entry_id":9127,"field1":"1.3125","field2":"-0.5"},{"created_at":"2018-12-04T03:38:46-08:00","entry_id":9128,"field1":"1.3125","field2":"-0.5"},{"created_at":"2018-12-04T03:48:23-08:00","entry_id":9129,"field1":"1.3125","field2":"-0.5625"},{"created_at":"2018-12-04T03:58:00-08:00","entry_id":9130,"field1":"1.3125","field2":"-0.625"},{"created_at":"2018-12-04T04:07:36-08:00","entry_id":9131,"field1":"1.3125","field2":"-0.5"},{"created_at":"2018-12-04T04:17:13-08:00","entry_id":9132,"field1":"1.3125","field2":"-0.5625"},{"created_at":"2018-12-04T04:26:50-08:00","entry_id":9133,"field1":"1.25","field2":"-0.5625"},{"created_at":"2018-12-04T04:36:26-08:00","entry_id":9134,"field1":"1.25","field2":"-0.5625"},{"created_at":"2018-12-04T04:46:03-08:00","entry_id":9135,"field1":"1.25","field2":"-0.625"},{"created_at":"2018-12-04T04:55:41-08:00","entry_id":9136,"field1":"1.25","field2":"-0.75"},{"created_at":"2018-12-04T05:05:18-08:00","entry_id":9137,"field1":"1.25","field2":"-0.75"},{"created_at":"2018-12-04T05:14:55-08:00","entry_id":9138,"field1":"1.25","field2":"-0.75"},{"created_at":"2018-12-04T05:24:32-08:00","entry_id":9139,"field1":"1.25","field2":"-0.625"},{"created_at":"2018-12-04T05:34:10-08:00","entry_id":9140,"field1":"1.1875","field2":"-0.6875"},{"created_at":"2018-12-04T05:43:46-08:00","entry_id":9141,"field1":"1.1875","field2":"-0.6875"},{"created_at":"2018-12-04T05:53:23-08:00","entry_id":9142,"field1":"1.1875","field2":"-0.75"},{"created_at":"2018-12-04T06:03:00-08:00","entry_id":9143,"field1":"1.1875","field2":"-0.625"},{"created_at":"2018-12-04T06:12:36-08:00","entry_id":9144,"field1":"1.1875","field2":"-0.6875"},{"created_at":"2018-12-04T06:32:26-08:00","entry_id":9145,"field1":"1.1875","field2":"-0.625"},{"created_at":"2018-12-04T06:42:03-08:00","entry_id":9146,"field1":"1.1875","field2":"-0.6875"},{"created_at":"2018-12-04T06:51:39-08:00","entry_id":9147,"field1":"1.1875","field2":"-0.625"},{"created_at":"2018-12-04T07:01:17-08:00","entry_id":9148,"field1":"1.125","field2":"-0.5625"},{"created_at":"2018-12-04T07:10:54-08:00","entry_id":9149,"field1":"1.125","field2":"-0.625"},{"created_at":"2018-12-04T07:20:30-08:00","entry_id":9150,"field1":"1.125","field2":"-0.625"},{"created_at":"2018-12-04T07:30:08-08:00","entry_id":9151,"field1":"1.125","field2":"-0.625"},{"created_at":"2018-12-04T07:39:44-08:00","entry_id":9152,"field1":"1.125","field2":"-0.625"},{"created_at":"2018-12-04T07:49:21-08:00","entry_id":9153,"field1":"1.125","field2":"-0.8125"},{"created_at":"2018-12-04T07:58:58-08:00","entry_id":9154,"field1":"1.125","field2":"-0.625"},{"created_at":"2018-12-04T08:08:36-08:00","entry_id":9155,"field1":"1.125","field2":"-0.6875"},{"created_at":"2018-12-04T08:18:12-08:00","entry_id":9156,"field1":"1.0625","field2":"-0.5625"},{"created_at":"2018-12-04T08:27:48-08:00","entry_id":9157,"field1":"1.125","field2":"-0.5"},{"created_at":"2018-12-04T08:37:25-08:00","entry_id":9158,"field1":"1.125","field2":"-0.5"},{"created_at":"2018-12-04T08:47:02-08:00","entry_id":9159,"field1":"1.125","field2":"-0.4375"},{"created_at":"2018-12-04T08:56:39-08:00","entry_id":9160,"field1":"1.0625","field2":"-0.4375"},{"created_at":"2018-12-04T09:06:16-08:00","entry_id":9161,"field1":"1.0625","field2":"-0.375"},{"created_at":"2018-12-04T09:15:55-08:00","entry_id":9162,"field1":"1.125","field2":"-0.3125"},{"created_at":"2018-12-04T09:25:41-08:00","entry_id":9163,"field1":"1.125","field2":"-0.125"},{"created_at":"2018-12-04T09:35:18-08:00","entry_id":9164,"field1":"1.125","field2":"0"},{"created_at":"2018-12-04T09:44:54-08:00","entry_id":9165,"field1":"1.125","field2":"0.125"},{"created_at":"2018-12-04T09:54:31-08:00","entry_id":9166,"field1":"1.125","field2":"0.125"},{"created_at":"2018-12-04T10:04:08-08:00","entry_id":9167,"field1":"1.125","field2":"0.375"},{"created_at":"2018-12-04T10:13:45-08:00","entry_id":9168,"field1":"1.1875","field2":"0.75"},{"created_at":"2018-12-04T10:23:22-08:00","entry_id":9169,"field1":"1.25","field2":"1.5"},{"created_at":"2018-12-04T10:43:01-08:00","entry_id":9170,"field1":"1.375","field2":"1.25"},{"created_at":"2018-12-04T10:52:38-08:00","entry_id":9171,"field1":"1.4375","field2":"1.375"},{"created_at":"2018-12-04T11:02:15-08:00","entry_id":9172,"field1":"1.4375","field2":"1.4375"},{"created_at":"2018-12-04T11:11:51-08:00","entry_id":9173,"field1":"1.4375","field2":"1.25"},{"created_at":"2018-12-04T11:21:28-08:00","entry_id":9174,"field1":"1.4375","field2":"1.3125"},{"created_at":"2018-12-04T11:31:06-08:00","entry_id":9175,"field1":"1.5","field2":"1.375"},{"created_at":"2018-12-04T11:40:43-08:00","entry_id":9176,"field1":"1.5","field2":"1.625"},{"created_at":"2018-12-04T11:50:20-08:00","entry_id":9177,"field1":"1.5","field2":"1.5"},{"created_at":"2018-12-04T11:59:56-08:00","entry_id":9178,"field1":"1.5","field2":"1.25"},{"created_at":"2018-12-04T12:09:33-08:00","entry_id":9179,"field1":"1.5","field2":"1.4375"},{"created_at":"2018-12-04T12:19:09-08:00","entry_id":9180,"field1":"1.5","field2":"1.375"},{"created_at":"2018-12-04T12:28:47-08:00","entry_id":9181,"field1":"1.5","field2":"1.375"},{"created_at":"2018-12-04T12:38:24-08:00","entry_id":9182,"field1":"1.5","field2":"1.3125"},{"created_at":"2018-12-04T12:48:01-08:00","entry_id":9183,"field1":"1.5","field2":"1.4375"},{"created_at":"2018-12-04T12:57:38-08:00","entry_id":9184,"field1":"1.5625","field2":"1.4375"},{"created_at":"2018-12-04T13:07:16-08:00","entry_id":9185,"field1":"1.5625","field2":"1.3125"},{"created_at":"2018-12-04T13:16:53-08:00","entry_id":9186,"field1":"1.5625","field2":"1.3125"},{"created_at":"2018-12-04T13:26:31-08:00","entry_id":9187,"field1":"1.5625","field2":"1.375"},{"created_at":"2018-12-04T13:36:07-08:00","entry_id":9188,"field1":"1.5625","field2":"1.25"},{"created_at":"2018-12-04T13:45:45-08:00","entry_id":9189,"field1":"1.5","field2":"1.1875"},{"created_at":"2018-12-04T13:55:23-08:00","entry_id":9190,"field1":"1.5625","field2":"1.1875"},{"created_at":"2018-12-04T14:05:00-08:00","entry_id":9191,"field1":"1.5625","field2":"1"},{"created_at":"2018-12-04T14:14:37-08:00","entry_id":9192,"field1":"1.5625","field2":"0.875"},{"created_at":"2018-12-04T14:24:14-08:00","entry_id":9193,"field1":"1.5","field2":"0.6875"},{"created_at":"2018-12-04T14:33:51-08:00","entry_id":9194,"field1":"1.5","field2":"0.625"},{"created_at":"2018-12-04T14:43:28-08:00","entry_id":9195,"field1":"1.5","field2":"0.5"},{"created_at":"2018-12-04T15:03:07-08:00","entry_id":9196,"field1":"1.5","field2":"0.0625"},{"created_at":"2018-12-04T15:12:44-08:00","entry_id":9197,"field1":"1.5","field2":"-0.1875"},{"created_at":"2018-12-04T15:22:23-08:00","entry_id":9198,"field1":"1.4375","field2":"-0.3125"},{"created_at":"2018-12-04T15:31:59-08:00","entry_id":9199,"field1":"1.4375","field2":"-0.5625"},{"created_at":"2018-12-04T15:41:35-08:00","entry_id":9200,"field1":"1.4375","field2":"-0.75"},{"created_at":"2018-12-04T15:51:12-08:00","entry_id":9201,"field1":"1.4375","field2":"-0.9375"},{"created_at":"2018-12-04T16:00:48-08:00","entry_id":9202,"field1":"1.375","field2":"-1"},{"created_at":"2018-12-04T16:10:25-08:00","entry_id":9203,"field1":"1.375","field2":"-1.125"},{"created_at":"2018-12-04T16:20:02-08:00","entry_id":9204,"field1":"1.3125","field2":"-1.25"},{"created_at":"2018-12-04T16:29:39-08:00","entry_id":9205,"field1":"1.3125","field2":"-1.25"},{"created_at":"2018-12-04T16:39:16-08:00","entry_id":9206,"field1":"1.3125","field2":"-1.375"},{"created_at":"2018-12-04T16:48:52-08:00","entry_id":9207,"field1":"1.3125","field2":"-1.5625"},{"created_at":"2018-12-04T16:58:29-08:00","entry_id":9208,"field1":"1.3125","field2":"-1.625"},{"created_at":"2018-12-04T17:08:05-08:00","entry_id":9209,"field1":"1.3125","field2":"-1.5625"},{"created_at":"2018-12-04T17:17:43-08:00","entry_id":9210,"field1":"1.25","field2":"-1.75"},{"created_at":"2018-12-04T17:27:23-08:00","entry_id":9211,"field1":"1.25","field2":"-1.875"},{"created_at":"2018-12-04T17:36:58-08:00","entry_id":9212,"field1":"1.25","field2":"-1.75"},{"created_at":"2018-12-04T17:46:35-08:00","entry_id":9213,"field1":"1.1875","field2":"-1.8125"},{"created_at":"2018-12-04T17:56:11-08:00","entry_id":9214,"field1":"1.1875","field2":"-2.0625"},{"created_at":"2018-12-04T18:05:53-08:00","entry_id":9215,"field1":"1.1875","field2":"-2.0625"},{"created_at":"2018-12-04T18:15:28-08:00","entry_id":9216,"field1":"1.1875","field2":"-2"},{"created_at":"2018-12-04T18:25:05-08:00","entry_id":9217,"field1":"1.125","field2":"-2.0625"},{"created_at":"2018-12-04T18:34:42-08:00","entry_id":9218,"field1":"1.125","field2":"-2.1875"},{"created_at":"2018-12-04T18:44:18-08:00","entry_id":9219,"field1":"1.125","field2":"-2.1875"},{"created_at":"2018-12-04T18:53:54-08:00","entry_id":9220,"field1":"1.0625","field2":"-2.375"},{"created_at":"2018-12-04T19:03:31-08:00","entry_id":9221,"field1":"1.0625","field2":"-2.4375"},{"created_at":"2018-12-04T19:13:08-08:00","entry_id":9222,"field1":"1.0625","field2":"-2.375"},{"created_at":"2018-12-04T19:22:45-08:00","entry_id":9223,"field1":"1.0625","field2":"-2.3125"},{"created_at":"2018-12-04T19:32:21-08:00","entry_id":9224,"field1":"1","field2":"-2.3125"},{"created_at":"2018-12-04T19:41:58-08:00","entry_id":9225,"field1":"1","field2":"-2.375"},{"created_at":"2018-12-04T19:51:34-08:00","entry_id":9226,"field1":"0.9375","field2":"-2.1875"},{"created_at":"2018-12-04T20:01:11-08:00","entry_id":9227,"field1":"0.9375","field2":"-2.3125"},{"created_at":"2018-12-04T20:10:49-08:00","entry_id":9228,"field1":"0.9375","field2":"-2.1875"},{"created_at":"2018-12-04T20:20:25-08:00","entry_id":9229,"field1":"0.875","field2":"-1.9375"},{"created_at":"2018-12-04T20:30:02-08:00","entry_id":9230,"field1":"0.875","field2":"-2.0625"},{"created_at":"2018-12-04T20:39:38-08:00","entry_id":9231,"field1":"0.875","field2":"-1.9375"},{"created_at":"2018-12-04T20:49:15-08:00","entry_id":9232,"field1":"0.875","field2":"-2.125"},{"created_at":"2018-12-04T20:58:53-08:00","entry_id":9233,"field1":"0.875","field2":"-2.125"},{"created_at":"2018-12-04T21:08:29-08:00","entry_id":9234,"field1":"0.8125","field2":"-2.1875"},{"created_at":"2018-12-04T21:18:07-08:00","entry_id":9235,"field1":"0.8125","field2":"-2.1875"},{"created_at":"2018-12-04T21:27:42-08:00","entry_id":9236,"field1":"0.8125","field2":"-2.3125"},{"created_at":"2018-12-04T21:37:20-08:00","entry_id":9237,"field1":"0.8125","field2":"-2.25"},{"created_at":"2018-12-04T21:46:55-08:00","entry_id":9238,"field1":"0.75","field2":"-2"},{"created_at":"2018-12-04T21:56:32-08:00","entry_id":9239,"field1":"0.75","field2":"-2.25"},{"created_at":"2018-12-04T22:06:09-08:00","entry_id":9240,"field1":"0.75","field2":"-2.3125"},{"created_at":"2018-12-04T22:15:45-08:00","entry_id":9241,"field1":"0.75","field2":"-2.5"},{"created_at":"2018-12-04T22:25:22-08:00","entry_id":9242,"field1":"0.6875","field2":"-2.75"},{"created_at":"2018-12-04T22:34:59-08:00","entry_id":9243,"field1":"0.6875","field2":"-2.6875"},{"created_at":"2018-12-04T22:44:35-08:00","entry_id":9244,"field1":"0.6875","field2":"-2.625"},{"created_at":"2018-12-04T22:54:11-08:00","entry_id":9245,"field1":"0.6875","field2":"-2.6875"},{"created_at":"2018-12-04T23:03:49-08:00","entry_id":9246,"field1":"0.6875","field2":"-2.25"},{"created_at":"2018-12-04T23:13:25-08:00","entry_id":9247,"field1":"0.625","field2":"-2.5"},{"created_at":"2018-12-04T23:23:01-08:00","entry_id":9248,"field1":"0.625","field2":"-2.4375"},{"created_at":"2018-12-04T23:32:39-08:00","entry_id":9249,"field1":"0.625","field2":"-2.1875"},{"created_at":"2018-12-04T23:42:16-08:00","entry_id":9250,"field1":"0.5625","field2":"-2.0625"},{"created_at":"2018-12-04T23:51:53-08:00","entry_id":9251,"field1":"0.5625","field2":"-2.25"}]}