{"channel":{"id":581842,"name":"Upstairs Small Window Indoor / Outdoor Sensor","latitude":"0.0","longitude":"0.0","field1":"Indoor Temperature","field2":"Outdoor Temperature","created_at":"2018-09-23T15:37:52-07:00","updated_at":"2020-07-27T05:59:41-07:00","last_entry_id":150129},"feeds":[{"created_at":"2020-12-31T00:03:57-08:00","entry_id":118095,"field1":"0.125","field2":"-1.125"},{"created_at":"2020-12-31T00:13:34-08:00","entry_id":118096,"field1":"0.125","field2":"-1.125"},{"created_at":"2020-12-31T00:23:10-08:00","entry_id":118097,"field1":"0.125","field2":"-1.125"},{"created_at":"2020-12-31T00:32:47-08:00","entry_id":118098,"field1":"0.125","field2":"-1.125"},{"created_at":"2020-12-31T00:42:24-08:00","entry_id":118099,"field1":"0.125","field2":"-1.125"},{"created_at":"2020-12-31T00:52:00-08:00","entry_id":118100,"field1":"0.125","field2":"-1.125"},{"created_at":"2020-12-31T01:01:36-08:00","entry_id":118101,"field1":"0.125","field2":"-1.1875"},{"created_at":"2020-12-31T01:11:13-08:00","entry_id":118102,"field1":"0.125","field2":"-1.1875"},{"created_at":"2020-12-31T01:20:50-08:00","entry_id":118103,"field1":"0.125","field2":"-1.125"},{"created_at":"2020-12-31T01:30:26-08:00","entry_id":118104,"field1":"0.125","field2":"-1.1875"},{"created_at":"2020-12-31T01:40:03-08:00","entry_id":118105,"field1":"0.125","field2":"-1.0625"},{"created_at":"2020-12-31T01:49:39-08:00","entry_id":118106,"field1":"0.125","field2":"-1.125"},{"created_at":"2020-12-31T01:59:16-08:00","entry_id":118107,"field1":"0.125","field2":"-1.1875"},{"created_at":"2020-12-31T02:08:53-08:00","entry_id":118108,"field1":"0.125","field2":"-1.1875"},{"created_at":"2020-12-31T02:18:30-08:00","entry_id":118109,"field1":"0.125","field2":"-1.125"},{"created_at":"2020-12-31T02:28:06-08:00","entry_id":118110,"field1":"0.125","field2":"-1.125"},{"created_at":"2020-12-31T02:37:43-08:00","entry_id":118111,"field1":"0.125","field2":"-1.125"},{"created_at":"2020-12-31T02:47:19-08:00","entry_id":118112,"field1":"0.125","field2":"-1.125"},{"created_at":"2020-12-31T02:56:54-08:00","entry_id":118113,"field1":"0.125","field2":"-1.1875"},{"created_at":"2020-12-31T03:06:31-08:00","entry_id":118114,"field1":"0.125","field2":"-1.1875"},{"created_at":"2020-12-31T03:16:08-08:00","entry_id":118115,"field1":"0.125","field2":"-1.125"},{"created_at":"2020-12-31T03:25:44-08:00","entry_id":118116,"field1":"0.125","field2":"-1.125"},{"created_at":"2020-12-31T03:35:21-08:00","entry_id":118117,"field1":"0.125","field2":"-1.125"},{"created_at":"2020-12-31T03:44:58-08:00","entry_id":118118,"field1":"0.125","field2":"-1.1875"},{"created_at":"2020-12-31T03:54:34-08:00","entry_id":118119,"field1":"0.125","field2":"-1.1875"},{"created_at":"2020-12-31T04:04:11-08:00","entry_id":118120,"field1":"0.125","field2":"-1.1875"},{"created_at":"2020-12-31T04:13:48-08:00","entry_id":118121,"field1":"0.0625","field2":"-1.25"},{"created_at":"2020-12-31T04:23:25-08:00","entry_id":118122,"field1":"0.0625","field2":"-1.1875"},{"created_at":"2020-12-31T04:33:02-08:00","entry_id":118123,"field1":"0.0625","field2":"-1.1875"},{"created_at":"2020-12-31T04:42:39-08:00","entry_id":118124,"field1":"0.0625","field2":"-1.125"},{"created_at":"2020-12-31T04:52:15-08:00","entry_id":118125,"field1":"0.0625","field2":"-1.125"},{"created_at":"2020-12-31T05:01:52-08:00","entry_id":118126,"field1":"0.0625","field2":"-1.125"},{"created_at":"2020-12-31T05:11:28-08:00","entry_id":118127,"field1":"0.0625","field2":"-1.125"},{"created_at":"2020-12-31T05:21:05-08:00","entry_id":118128,"field1":"0.125","field2":"-1.0625"},{"created_at":"2020-12-31T05:30:41-08:00","entry_id":118129,"field1":"0.0625","field2":"-1.0625"},{"created_at":"2020-12-31T05:40:19-08:00","entry_id":118130,"field1":"0.0625","field2":"-1"},{"created_at":"2020-12-31T05:49:55-08:00","entry_id":118131,"field1":"0.0625","field2":"-1.0625"},{"created_at":"2020-12-31T05:59:32-08:00","entry_id":118132,"field1":"0.0625","field2":"-1"},{"created_at":"2020-12-31T06:09:09-08:00","entry_id":118133,"field1":"0.0625","field2":"-1"},{"created_at":"2020-12-31T06:18:45-08:00","entry_id":118134,"field1":"0.0625","field2":"-0.9375"},{"created_at":"2020-12-31T06:28:22-08:00","entry_id":118135,"field1":"0.0625","field2":"-0.9375"},{"created_at":"2020-12-31T06:37:58-08:00","entry_id":118136,"field1":"0.0625","field2":"-0.9375"},{"created_at":"2020-12-31T06:47:36-08:00","entry_id":118137,"field1":"0.0625","field2":"-1"},{"created_at":"2020-12-31T06:57:12-08:00","entry_id":118138,"field1":"0.0625","field2":"-0.9375"},{"created_at":"2020-12-31T07:06:49-08:00","entry_id":118139,"field1":"0.0625","field2":"-0.9375"},{"created_at":"2020-12-31T07:16:26-08:00","entry_id":118140,"field1":"0.0625","field2":"-0.9375"},{"created_at":"2020-12-31T07:26:02-08:00","entry_id":118141,"field1":"0.0625","field2":"-0.875"},{"created_at":"2020-12-31T07:35:39-08:00","entry_id":118142,"field1":"0.0625","field2":"-0.875"},{"created_at":"2020-12-31T07:45:15-08:00","entry_id":118143,"field1":"0.0625","field2":"-0.8125"},{"created_at":"2020-12-31T07:54:51-08:00","entry_id":118144,"field1":"0.0625","field2":"-0.8125"},{"created_at":"2020-12-31T08:04:28-08:00","entry_id":118145,"field1":"0.0625","field2":"-0.8125"},{"created_at":"2020-12-31T08:14:05-08:00","entry_id":118146,"field1":"0.125","field2":"-0.75"},{"created_at":"2020-12-31T08:23:41-08:00","entry_id":118147,"field1":"0.0625","field2":"-0.75"},{"created_at":"2020-12-31T08:33:18-08:00","entry_id":118148,"field1":"0.0625","field2":"-0.75"},{"created_at":"2020-12-31T08:42:55-08:00","entry_id":118149,"field1":"0.0625","field2":"-0.75"},{"created_at":"2020-12-31T08:52:31-08:00","entry_id":118150,"field1":"0.125","field2":"-0.625"},{"created_at":"2020-12-31T09:02:08-08:00","entry_id":118151,"field1":"0.125","field2":"-0.5625"},{"created_at":"2020-12-31T09:11:45-08:00","entry_id":118152,"field1":"0.125","field2":"-0.5"},{"created_at":"2020-12-31T09:21:22-08:00","entry_id":118153,"field1":"0.125","field2":"-0.375"},{"created_at":"2020-12-31T09:30:58-08:00","entry_id":118154,"field1":"0.125","field2":"-0.3125"},{"created_at":"2020-12-31T09:40:35-08:00","entry_id":118155,"field1":"0.125","field2":"-0.3125"},{"created_at":"2020-12-31T09:50:11-08:00","entry_id":118156,"field1":"0.125","field2":"-0.25"},{"created_at":"2020-12-31T09:59:47-08:00","entry_id":118157,"field1":"0.125","field2":"-0.3125"},{"created_at":"2020-12-31T10:09:24-08:00","entry_id":118158,"field1":"0.125","field2":"-0.3125"},{"created_at":"2020-12-31T10:19:00-08:00","entry_id":118159,"field1":"0.125","field2":"-0.3125"},{"created_at":"2020-12-31T10:28:37-08:00","entry_id":118160,"field1":"0.125","field2":"-0.25"},{"created_at":"2020-12-31T10:38:13-08:00","entry_id":118161,"field1":"0.1875","field2":"-0.25"},{"created_at":"2020-12-31T10:47:50-08:00","entry_id":118162,"field1":"0.1875","field2":"-0.125"},{"created_at":"2020-12-31T10:57:27-08:00","entry_id":118163,"field1":"0.1875","field2":"-0.0625"},{"created_at":"2020-12-31T11:07:03-08:00","entry_id":118164,"field1":"0.1875","field2":"0.0625"},{"created_at":"2020-12-31T11:16:40-08:00","entry_id":118165,"field1":"0.1875","field2":"0.1875"},{"created_at":"2020-12-31T11:26:16-08:00","entry_id":118166,"field1":"0.25","field2":"0.25"},{"created_at":"2020-12-31T11:35:53-08:00","entry_id":118167,"field1":"0.25","field2":"0.25"},{"created_at":"2020-12-31T11:45:30-08:00","entry_id":118168,"field1":"0.25","field2":"0.375"},{"created_at":"2020-12-31T11:55:05-08:00","entry_id":118169,"field1":"0.25","field2":"0.375"},{"created_at":"2020-12-31T12:04:43-08:00","entry_id":118170,"field1":"0.25","field2":"0.4375"},{"created_at":"2020-12-31T12:14:19-08:00","entry_id":118171,"field1":"0.3125","field2":"0.5"},{"created_at":"2020-12-31T12:23:56-08:00","entry_id":118172,"field1":"0.3125","field2":"0.625"},{"created_at":"2020-12-31T12:33:31-08:00","entry_id":118173,"field1":"0.3125","field2":"0.625"},{"created_at":"2020-12-31T12:43:09-08:00","entry_id":118174,"field1":"0.375","field2":"0.6875"},{"created_at":"2020-12-31T12:52:45-08:00","entry_id":118175,"field1":"0.375","field2":"0.75"},{"created_at":"2020-12-31T13:02:22-08:00","entry_id":118176,"field1":"0.375","field2":"0.8125"},{"created_at":"2020-12-31T13:11:59-08:00","entry_id":118177,"field1":"0.375","field2":"0.875"},{"created_at":"2020-12-31T13:21:36-08:00","entry_id":118178,"field1":"0.4375","field2":"0.9375"},{"created_at":"2020-12-31T13:31:13-08:00","entry_id":118179,"field1":"0.4375","field2":"1"},{"created_at":"2020-12-31T13:40:49-08:00","entry_id":118180,"field1":"0.4375","field2":"0.875"},{"created_at":"2020-12-31T13:50:26-08:00","entry_id":118181,"field1":"0.5","field2":"0.75"},{"created_at":"2020-12-31T14:00:03-08:00","entry_id":118182,"field1":"0.5","field2":"0.6875"},{"created_at":"2020-12-31T14:09:40-08:00","entry_id":118183,"field1":"0.5","field2":"0.5625"},{"created_at":"2020-12-31T14:19:16-08:00","entry_id":118184,"field1":"0.5","field2":"0.5625"},{"created_at":"2020-12-31T14:28:53-08:00","entry_id":118185,"field1":"0.5","field2":"0.5625"},{"created_at":"2020-12-31T14:38:30-08:00","entry_id":118186,"field1":"0.5","field2":"0.5"},{"created_at":"2020-12-31T14:48:07-08:00","entry_id":118187,"field1":"0.5625","field2":"0.5"},{"created_at":"2020-12-31T14:57:44-08:00","entry_id":118188,"field1":"0.5625","field2":"0.375"},{"created_at":"2020-12-31T15:07:20-08:00","entry_id":118189,"field1":"0.5","field2":"0.3125"},{"created_at":"2020-12-31T15:16:57-08:00","entry_id":118190,"field1":"0.5625","field2":"0.25"},{"created_at":"2020-12-31T15:26:33-08:00","entry_id":118191,"field1":"0.5625","field2":"0.1875"},{"created_at":"2020-12-31T15:36:10-08:00","entry_id":118192,"field1":"0.5625","field2":"0.125"},{"created_at":"2020-12-31T15:45:47-08:00","entry_id":118193,"field1":"0.5625","field2":"0.0625"},{"created_at":"2020-12-31T15:55:23-08:00","entry_id":118194,"field1":"0.5625","field2":"0"},{"created_at":"2020-12-31T16:05:00-08:00","entry_id":118195,"field1":"0.5625","field2":"0"},{"created_at":"2020-12-31T16:14:37-08:00","entry_id":118196,"field1":"0.5625","field2":"0"},{"created_at":"2020-12-31T16:24:13-08:00","entry_id":118197,"field1":"0.5625","field2":"-0.0625"},{"created_at":"2020-12-31T16:33:48-08:00","entry_id":118198,"field1":"0.5625","field2":"-0.0625"},{"created_at":"2020-12-31T16:43:27-08:00","entry_id":118199,"field1":"0.5625","field2":"-0.125"},{"created_at":"2020-12-31T16:53:04-08:00","entry_id":118200,"field1":"0.5625","field2":"-0.125"},{"created_at":"2020-12-31T17:02:41-08:00","entry_id":118201,"field1":"0.625","field2":"-0.125"},{"created_at":"2020-12-31T19:19:29-08:00","entry_id":118202,"field1":"0.5625","field2":"-0.1875"},{"created_at":"2020-12-31T19:29:05-08:00","entry_id":118203,"field1":"0.5625","field2":"-0.1875"},{"created_at":"2020-12-31T19:38:42-08:00","entry_id":118204,"field1":"0.5625","field2":"-0.1875"},{"created_at":"2020-12-31T19:48:20-08:00","entry_id":118205,"field1":"0.5625","field2":"-0.1875"},{"created_at":"2020-12-31T19:57:55-08:00","entry_id":118206,"field1":"0.5625","field2":"-0.1875"},{"created_at":"2020-12-31T20:07:33-08:00","entry_id":118207,"field1":"0.5625","field2":"-0.1875"},{"created_at":"2020-12-31T20:17:10-08:00","entry_id":118208,"field1":"0.5625","field2":"-0.1875"},{"created_at":"2020-12-31T20:26:46-08:00","entry_id":118209,"field1":"0.625","field2":"-0.1875"},{"created_at":"2020-12-31T20:36:22-08:00","entry_id":118210,"field1":"0.5625","field2":"-0.1875"},{"created_at":"2020-12-31T20:45:58-08:00","entry_id":118211,"field1":"0.5625","field2":"-0.1875"},{"created_at":"2020-12-31T20:55:36-08:00","entry_id":118212,"field1":"0.5625","field2":"-0.1875"},{"created_at":"2020-12-31T21:05:11-08:00","entry_id":118213,"field1":"0.5625","field2":"-0.1875"},{"created_at":"2020-12-31T21:14:49-08:00","entry_id":118214,"field1":"0.5625","field2":"-0.1875"},{"created_at":"2020-12-31T21:24:26-08:00","entry_id":118215,"field1":"0.5625","field2":"-0.1875"},{"created_at":"2020-12-31T21:34:03-08:00","entry_id":118216,"field1":"0.5625","field2":"-0.1875"},{"created_at":"2020-12-31T21:43:40-08:00","entry_id":118217,"field1":"0.5","field2":"-0.125"},{"created_at":"2020-12-31T21:53:17-08:00","entry_id":118218,"field1":"0.5","field2":"-0.1875"},{"created_at":"2020-12-31T22:02:54-08:00","entry_id":118219,"field1":"0.5625","field2":"-0.1875"},{"created_at":"2020-12-31T22:12:31-08:00","entry_id":118220,"field1":"0.5625","field2":"-0.1875"},{"created_at":"2020-12-31T22:22:06-08:00","entry_id":118221,"field1":"0.5","field2":"-0.1875"},{"created_at":"2020-12-31T22:31:43-08:00","entry_id":118222,"field1":"0.5625","field2":"-0.125"},{"created_at":"2020-12-31T22:41:19-08:00","entry_id":118223,"field1":"0.5625","field2":"-0.1875"},{"created_at":"2020-12-31T22:50:57-08:00","entry_id":118224,"field1":"0.5625","field2":"-0.125"},{"created_at":"2020-12-31T23:00:32-08:00","entry_id":118225,"field1":"0.5625","field2":"-0.1875"},{"created_at":"2020-12-31T23:10:08-08:00","entry_id":118226,"field1":"0.5625","field2":"-0.1875"},{"created_at":"2020-12-31T23:19:44-08:00","entry_id":118227,"field1":"0.5625","field2":"-0.125"},{"created_at":"2020-12-31T23:29:20-08:00","entry_id":118228,"field1":"0.5625","field2":"-0.125"},{"created_at":"2020-12-31T23:38:58-08:00","entry_id":118229,"field1":"0.5625","field2":"-0.125"},{"created_at":"2020-12-31T23:48:33-08:00","entry_id":118230,"field1":"0.5625","field2":"-0.125"},{"created_at":"2020-12-31T23:58:09-08:00","entry_id":118231,"field1":"0.5625","field2":"-0.125"}]}