{"channel":{"id":581842,"name":"Upstairs Small Window Indoor / Outdoor Sensor","latitude":"0.0","longitude":"0.0","field1":"Indoor Temperature","field2":"Outdoor Temperature","created_at":"2018-09-23T15:37:52-07:00","updated_at":"2020-07-27T05:59:41-07:00","last_entry_id":150129},"feeds":[{"created_at":"2020-03-09T00:06:53-07:00","entry_id":76465,"field1":"1.875","field2":"-2.25"},{"created_at":"2020-03-09T00:16:30-07:00","entry_id":76466,"field1":"1.875","field2":"-2.3125"},{"created_at":"2020-03-09T00:26:07-07:00","entry_id":76467,"field1":"1.8125","field2":"-2.4375"},{"created_at":"2020-03-09T00:35:44-07:00","entry_id":76468,"field1":"1.8125","field2":"-2.5"},{"created_at":"2020-03-09T00:45:21-07:00","entry_id":76469,"field1":"1.8125","field2":"-2.4375"},{"created_at":"2020-03-09T00:54:57-07:00","entry_id":76470,"field1":"1.75","field2":"-2.375"},{"created_at":"2020-03-09T01:04:34-07:00","entry_id":76471,"field1":"1.75","field2":"-2.5625"},{"created_at":"2020-03-09T01:14:11-07:00","entry_id":76472,"field1":"1.75","field2":"-2.875"},{"created_at":"2020-03-09T01:23:47-07:00","entry_id":76473,"field1":"1.6875","field2":"-2.6875"},{"created_at":"2020-03-09T01:33:24-07:00","entry_id":76474,"field1":"1.6875","field2":"-2.4375"},{"created_at":"2020-03-09T01:43:01-07:00","entry_id":76475,"field1":"1.6875","field2":"-2.5625"},{"created_at":"2020-03-09T01:52:38-07:00","entry_id":76476,"field1":"1.625","field2":"-2.6875"},{"created_at":"2020-03-09T02:02:15-07:00","entry_id":76477,"field1":"1.625","field2":"-2.75"},{"created_at":"2020-03-09T02:11:52-07:00","entry_id":76478,"field1":"1.625","field2":"-2.625"},{"created_at":"2020-03-09T02:21:29-07:00","entry_id":76479,"field1":"1.5625","field2":"-3"},{"created_at":"2020-03-09T02:31:06-07:00","entry_id":76480,"field1":"1.5625","field2":"-3.125"},{"created_at":"2020-03-09T02:40:43-07:00","entry_id":76481,"field1":"1.5625","field2":"-3.1875"},{"created_at":"2020-03-09T02:50:19-07:00","entry_id":76482,"field1":"1.5","field2":"-3.1875"},{"created_at":"2020-03-09T02:59:56-07:00","entry_id":76483,"field1":"1.5","field2":"-3"},{"created_at":"2020-03-09T03:09:33-07:00","entry_id":76484,"field1":"1.5","field2":"-3"},{"created_at":"2020-03-09T03:19:10-07:00","entry_id":76485,"field1":"1.4375","field2":"-3.125"},{"created_at":"2020-03-09T03:28:46-07:00","entry_id":76486,"field1":"1.4375","field2":"-3.25"},{"created_at":"2020-03-09T03:38:23-07:00","entry_id":76487,"field1":"1.375","field2":"-3.1875"},{"created_at":"2020-03-09T03:48:00-07:00","entry_id":76488,"field1":"1.4375","field2":"-3.1875"},{"created_at":"2020-03-09T03:57:36-07:00","entry_id":76489,"field1":"1.375","field2":"-3.1875"},{"created_at":"2020-03-09T04:07:13-07:00","entry_id":76490,"field1":"1.375","field2":"-3.1875"},{"created_at":"2020-03-09T04:16:50-07:00","entry_id":76491,"field1":"1.3125","field2":"-3.3125"},{"created_at":"2020-03-09T04:26:27-07:00","entry_id":76492,"field1":"1.3125","field2":"-3.375"},{"created_at":"2020-03-09T04:36:04-07:00","entry_id":76493,"field1":"1.3125","field2":"-3.4375"},{"created_at":"2020-03-09T04:45:41-07:00","entry_id":76494,"field1":"1.25","field2":"-3.375"},{"created_at":"2020-03-09T04:55:18-07:00","entry_id":76495,"field1":"1.25","field2":"-3.5625"},{"created_at":"2020-03-09T05:04:54-07:00","entry_id":76496,"field1":"1.25","field2":"-3.5"},{"created_at":"2020-03-09T05:14:30-07:00","entry_id":76497,"field1":"1.1875","field2":"-3.375"},{"created_at":"2020-03-09T05:24:07-07:00","entry_id":76498,"field1":"1.1875","field2":"-3.5"},{"created_at":"2020-03-09T05:33:43-07:00","entry_id":76499,"field1":"1.1875","field2":"-3.625"},{"created_at":"2020-03-09T05:43:20-07:00","entry_id":76500,"field1":"1.1875","field2":"-3.5625"},{"created_at":"2020-03-09T05:52:57-07:00","entry_id":76501,"field1":"1.125","field2":"-3.5"},{"created_at":"2020-03-09T06:02:34-07:00","entry_id":76502,"field1":"1.125","field2":"-3.5625"},{"created_at":"2020-03-09T06:12:10-07:00","entry_id":76503,"field1":"1.125","field2":"-3.5625"},{"created_at":"2020-03-09T06:21:48-07:00","entry_id":76504,"field1":"1.125","field2":"-3.5625"},{"created_at":"2020-03-09T06:31:25-07:00","entry_id":76505,"field1":"1.0625","field2":"-3.75"},{"created_at":"2020-03-09T06:41:02-07:00","entry_id":76506,"field1":"1.0625","field2":"-3.8125"},{"created_at":"2020-03-09T06:50:42-07:00","entry_id":76507,"field1":"1.0625","field2":"-3.9375"},{"created_at":"2020-03-09T07:00:18-07:00","entry_id":76508,"field1":"1.0625","field2":"-3.9375"},{"created_at":"2020-03-09T07:09:55-07:00","entry_id":76509,"field1":"1","field2":"-3.8125"},{"created_at":"2020-03-09T07:19:32-07:00","entry_id":76510,"field1":"1","field2":"-3.8125"},{"created_at":"2020-03-09T07:29:08-07:00","entry_id":76511,"field1":"0.9375","field2":"-3.9375"},{"created_at":"2020-03-09T07:38:45-07:00","entry_id":76512,"field1":"0.9375","field2":"-3.8125"},{"created_at":"2020-03-09T07:48:26-07:00","entry_id":76513,"field1":"0.9375","field2":"-4"},{"created_at":"2020-03-09T07:58:01-07:00","entry_id":76514,"field1":"0.9375","field2":"-4"},{"created_at":"2020-03-09T08:07:38-07:00","entry_id":76515,"field1":"0.875","field2":"-3.875"},{"created_at":"2020-03-09T08:17:16-07:00","entry_id":76516,"field1":"0.875","field2":"-3.8125"},{"created_at":"2020-03-09T08:26:52-07:00","entry_id":76517,"field1":"0.875","field2":"-3.6875"},{"created_at":"2020-03-09T08:36:29-07:00","entry_id":76518,"field1":"0.875","field2":"-3.5625"},{"created_at":"2020-03-09T08:46:06-07:00","entry_id":76519,"field1":"0.875","field2":"-3.4375"},{"created_at":"2020-03-09T08:55:43-07:00","entry_id":76520,"field1":"0.875","field2":"-3.3125"},{"created_at":"2020-03-09T09:05:20-07:00","entry_id":76521,"field1":"0.9375","field2":"-3.3125"},{"created_at":"2020-03-09T09:14:58-07:00","entry_id":76522,"field1":"0.875","field2":"-3.125"},{"created_at":"2020-03-09T09:24:34-07:00","entry_id":76523,"field1":"0.5","field2":"-2.9375"},{"created_at":"2020-03-09T09:34:11-07:00","entry_id":76524,"field1":"0.8125","field2":"-1.8125"},{"created_at":"2020-03-09T09:43:52-07:00","entry_id":76525,"field1":"1.3125","field2":"-1.625"},{"created_at":"2020-03-09T09:53:27-07:00","entry_id":76526,"field1":"1.3125","field2":"-2.0625"},{"created_at":"2020-03-09T10:03:03-07:00","entry_id":76527,"field1":"1.4375","field2":"-2.3125"},{"created_at":"2020-03-09T10:12:57-07:00","entry_id":76528,"field1":"1.875","field2":"-2.125"},{"created_at":"2020-03-09T10:22:28-07:00","entry_id":76529,"field1":"2.1875","field2":"-1.875"},{"created_at":"2020-03-09T10:32:09-07:00","entry_id":76530,"field1":"2.1875","field2":"-1.75"},{"created_at":"2020-03-09T10:41:45-07:00","entry_id":76531,"field1":"2.125","field2":"-1.6875"},{"created_at":"2020-03-09T10:51:22-07:00","entry_id":76532,"field1":"2.125","field2":"-1.3125"},{"created_at":"2020-03-09T11:00:58-07:00","entry_id":76533,"field1":"2.0625","field2":"-1.4375"},{"created_at":"2020-03-09T11:10:36-07:00","entry_id":76534,"field1":"2.0625","field2":"-1.125"},{"created_at":"2020-03-09T11:20:13-07:00","entry_id":76535,"field1":"2.1875","field2":"-1.25"},{"created_at":"2020-03-09T11:29:51-07:00","entry_id":76536,"field1":"2.4375","field2":"-0.8125"},{"created_at":"2020-03-09T11:39:28-07:00","entry_id":76537,"field1":"2.4375","field2":"-1.125"},{"created_at":"2020-03-09T11:49:05-07:00","entry_id":76538,"field1":"2.4375","field2":"-0.875"},{"created_at":"2020-03-09T11:58:42-07:00","entry_id":76539,"field1":"2.5","field2":"-1"},{"created_at":"2020-03-09T12:08:20-07:00","entry_id":76540,"field1":"2.6875","field2":"-0.6875"},{"created_at":"2020-03-09T12:17:57-07:00","entry_id":76541,"field1":"2.6875","field2":"-0.5625"},{"created_at":"2020-03-09T12:27:38-07:00","entry_id":76542,"field1":"2.625","field2":"-0.25"},{"created_at":"2020-03-09T12:37:13-07:00","entry_id":76543,"field1":"2.6875","field2":"0.0625"},{"created_at":"2020-03-09T12:46:50-07:00","entry_id":76544,"field1":"2.6875","field2":"0.375"},{"created_at":"2020-03-09T12:56:27-07:00","entry_id":76545,"field1":"2.75","field2":"0.625"},{"created_at":"2020-03-09T13:06:04-07:00","entry_id":76546,"field1":"2.625","field2":"0.4375"},{"created_at":"2020-03-09T13:15:40-07:00","entry_id":76547,"field1":"2.6875","field2":"0.625"},{"created_at":"2020-03-09T13:25:18-07:00","entry_id":76548,"field1":"2.6875","field2":"0.8125"},{"created_at":"2020-03-09T13:34:55-07:00","entry_id":76549,"field1":"2.75","field2":"1.0625"},{"created_at":"2020-03-09T13:44:36-07:00","entry_id":76550,"field1":"2.75","field2":"1.0625"},{"created_at":"2020-03-09T13:54:11-07:00","entry_id":76551,"field1":"2.8125","field2":"1.1875"},{"created_at":"2020-03-09T14:03:48-07:00","entry_id":76552,"field1":"2.875","field2":"1.3125"},{"created_at":"2020-03-09T14:13:24-07:00","entry_id":76553,"field1":"2.875","field2":"1.5"},{"created_at":"2020-03-09T14:23:02-07:00","entry_id":76554,"field1":"2.875","field2":"1.5"},{"created_at":"2020-03-09T14:32:39-07:00","entry_id":76555,"field1":"2.8125","field2":"1.625"},{"created_at":"2020-03-09T14:42:16-07:00","entry_id":76556,"field1":"2.875","field2":"1.6875"},{"created_at":"2020-03-09T14:51:53-07:00","entry_id":76557,"field1":"2.875","field2":"1.625"},{"created_at":"2020-03-09T15:01:30-07:00","entry_id":76558,"field1":"2.9375","field2":"1.5625"},{"created_at":"2020-03-09T15:11:08-07:00","entry_id":76559,"field1":"2.875","field2":"1.5625"},{"created_at":"2020-03-09T15:20:45-07:00","entry_id":76560,"field1":"2.875","field2":"1.75"},{"created_at":"2020-03-09T15:30:22-07:00","entry_id":76561,"field1":"2.8125","field2":"1.75"},{"created_at":"2020-03-09T15:39:58-07:00","entry_id":76562,"field1":"2.75","field2":"1.8125"},{"created_at":"2020-03-09T15:49:35-07:00","entry_id":76563,"field1":"2.8125","field2":"1.5625"},{"created_at":"2020-03-09T15:59:12-07:00","entry_id":76564,"field1":"2.8125","field2":"1.3125"},{"created_at":"2020-03-09T16:08:49-07:00","entry_id":76565,"field1":"2.8125","field2":"1.25"},{"created_at":"2020-03-09T16:18:27-07:00","entry_id":76566,"field1":"2.75","field2":"1"},{"created_at":"2020-03-09T16:28:07-07:00","entry_id":76567,"field1":"2.75","field2":"0.875"},{"created_at":"2020-03-09T16:37:42-07:00","entry_id":76568,"field1":"2.75","field2":"0.75"},{"created_at":"2020-03-09T16:47:19-07:00","entry_id":76569,"field1":"2.75","field2":"0.6875"},{"created_at":"2020-03-09T16:56:55-07:00","entry_id":76570,"field1":"2.6875","field2":"0.6875"},{"created_at":"2020-03-09T17:06:32-07:00","entry_id":76571,"field1":"2.6875","field2":"0.6875"},{"created_at":"2020-03-09T17:16:10-07:00","entry_id":76572,"field1":"2.6875","field2":"0.625"},{"created_at":"2020-03-09T17:25:47-07:00","entry_id":76573,"field1":"2.625","field2":"0.625"},{"created_at":"2020-03-09T17:35:24-07:00","entry_id":76574,"field1":"2.625","field2":"0.625"},{"created_at":"2020-03-09T17:45:01-07:00","entry_id":76575,"field1":"2.5625","field2":"0.5625"},{"created_at":"2020-03-09T17:54:38-07:00","entry_id":76576,"field1":"2.5625","field2":"0.5"},{"created_at":"2020-03-09T18:04:14-07:00","entry_id":76577,"field1":"2.5","field2":"0.4375"},{"created_at":"2020-03-09T18:13:51-07:00","entry_id":76578,"field1":"2.5","field2":"0.375"},{"created_at":"2020-03-09T18:23:28-07:00","entry_id":76579,"field1":"2.5","field2":"0.25"},{"created_at":"2020-03-09T18:33:04-07:00","entry_id":76580,"field1":"2.4375","field2":"0.125"},{"created_at":"2020-03-09T18:42:42-07:00","entry_id":76581,"field1":"2.4375","field2":"0"},{"created_at":"2020-03-09T18:52:18-07:00","entry_id":76582,"field1":"2.4375","field2":"-0.0625"},{"created_at":"2020-03-09T19:02:00-07:00","entry_id":76583,"field1":"2.4375","field2":"-0.1875"},{"created_at":"2020-03-09T19:11:35-07:00","entry_id":76584,"field1":"2.375","field2":"-0.3125"},{"created_at":"2020-03-09T19:21:12-07:00","entry_id":76585,"field1":"2.375","field2":"-0.4375"},{"created_at":"2020-03-09T19:30:48-07:00","entry_id":76586,"field1":"2.375","field2":"-0.5625"},{"created_at":"2020-03-09T19:40:24-07:00","entry_id":76587,"field1":"2.3125","field2":"-0.625"},{"created_at":"2020-03-09T19:50:01-07:00","entry_id":76588,"field1":"2.3125","field2":"-0.625"},{"created_at":"2020-03-09T19:59:38-07:00","entry_id":76589,"field1":"2.3125","field2":"-0.625"},{"created_at":"2020-03-09T20:09:15-07:00","entry_id":76590,"field1":"2.25","field2":"-0.75"},{"created_at":"2020-03-09T20:18:52-07:00","entry_id":76591,"field1":"2.25","field2":"-0.8125"},{"created_at":"2020-03-09T20:28:28-07:00","entry_id":76592,"field1":"2.1875","field2":"-0.9375"},{"created_at":"2020-03-09T20:38:05-07:00","entry_id":76593,"field1":"2.1875","field2":"-0.9375"},{"created_at":"2020-03-09T20:47:42-07:00","entry_id":76594,"field1":"2.125","field2":"-0.875"},{"created_at":"2020-03-09T20:57:19-07:00","entry_id":76595,"field1":"2.125","field2":"-0.875"},{"created_at":"2020-03-09T21:06:55-07:00","entry_id":76596,"field1":"2.125","field2":"-1"},{"created_at":"2020-03-09T21:16:33-07:00","entry_id":76597,"field1":"2.125","field2":"-1.125"},{"created_at":"2020-03-09T21:26:10-07:00","entry_id":76598,"field1":"2.0625","field2":"-1.25"},{"created_at":"2020-03-09T21:35:46-07:00","entry_id":76599,"field1":"2.0625","field2":"-1.375"},{"created_at":"2020-03-09T21:45:23-07:00","entry_id":76600,"field1":"2","field2":"-1.4375"},{"created_at":"2020-03-09T21:55:00-07:00","entry_id":76601,"field1":"2","field2":"-1.5625"},{"created_at":"2020-03-09T22:04:37-07:00","entry_id":76602,"field1":"2","field2":"-1.6875"},{"created_at":"2020-03-09T22:14:14-07:00","entry_id":76603,"field1":"2","field2":"-1.8125"},{"created_at":"2020-03-09T22:23:53-07:00","entry_id":76604,"field1":"1.9375","field2":"-1.875"},{"created_at":"2020-03-09T22:33:29-07:00","entry_id":76605,"field1":"1.9375","field2":"-1.875"},{"created_at":"2020-03-09T22:43:06-07:00","entry_id":76606,"field1":"1.875","field2":"-2"},{"created_at":"2020-03-09T22:52:45-07:00","entry_id":76607,"field1":"1.875","field2":"-2.0625"},{"created_at":"2020-03-09T23:02:21-07:00","entry_id":76608,"field1":"1.875","field2":"-2.1875"},{"created_at":"2020-03-09T23:11:58-07:00","entry_id":76609,"field1":"1.8125","field2":"-2"},{"created_at":"2020-03-09T23:21:35-07:00","entry_id":76610,"field1":"1.8125","field2":"-2.125"},{"created_at":"2020-03-09T23:31:12-07:00","entry_id":76611,"field1":"1.8125","field2":"-2.3125"},{"created_at":"2020-03-09T23:40:48-07:00","entry_id":76612,"field1":"1.75","field2":"-2.3125"},{"created_at":"2020-03-09T23:50:27-07:00","entry_id":76613,"field1":"1.75","field2":"-2.5"}]}