{"channel":{"id":581842,"name":"Upstairs Small Window Indoor / Outdoor Sensor","latitude":"0.0","longitude":"0.0","field1":"Indoor Temperature","field2":"Outdoor Temperature","created_at":"2018-09-23T15:37:52-07:00","updated_at":"2020-07-27T05:59:41-07:00","last_entry_id":378723},"feeds":[{"created_at":"2025-10-31T00:06:43-07:00","entry_id":378436,"field1":"6.3125","field2":"4.125"},{"created_at":"2025-10-31T00:16:19-07:00","entry_id":378437,"field1":"6.3125","field2":"4"},{"created_at":"2025-10-31T00:25:56-07:00","entry_id":378438,"field1":"6.3125","field2":"3.9375"},{"created_at":"2025-10-31T00:35:32-07:00","entry_id":378439,"field1":"6.3125","field2":"4"},{"created_at":"2025-10-31T00:45:09-07:00","entry_id":378440,"field1":"6.3125","field2":"3.8125"},{"created_at":"2025-10-31T00:54:46-07:00","entry_id":378441,"field1":"6.3125","field2":"4"},{"created_at":"2025-10-31T01:04:23-07:00","entry_id":378442,"field1":"6.25","field2":"4.0625"},{"created_at":"2025-10-31T01:14:01-07:00","entry_id":378443,"field1":"6.25","field2":"3.9375"},{"created_at":"2025-10-31T01:23:37-07:00","entry_id":378444,"field1":"6.25","field2":"3.75"},{"created_at":"2025-10-31T01:33:15-07:00","entry_id":378445,"field1":"6.25","field2":"3.6875"},{"created_at":"2025-10-31T01:42:50-07:00","entry_id":378446,"field1":"6.25","field2":"3.625"},{"created_at":"2025-10-31T01:52:27-07:00","entry_id":378447,"field1":"6.1875","field2":"3.8125"},{"created_at":"2025-10-31T02:02:06-07:00","entry_id":378448,"field1":"6.1875","field2":"3.625"},{"created_at":"2025-10-31T02:11:43-07:00","entry_id":378449,"field1":"6.1875","field2":"3.625"},{"created_at":"2025-10-31T02:21:20-07:00","entry_id":378450,"field1":"6.1875","field2":"3.5"},{"created_at":"2025-10-31T02:30:58-07:00","entry_id":378451,"field1":"6.1875","field2":"3.375"},{"created_at":"2025-10-31T02:40:33-07:00","entry_id":378452,"field1":"6.1875","field2":"3.375"},{"created_at":"2025-10-31T02:50:10-07:00","entry_id":378453,"field1":"6.1875","field2":"3.25"},{"created_at":"2025-10-31T02:59:48-07:00","entry_id":378454,"field1":"6.125","field2":"3.25"},{"created_at":"2025-10-31T03:09:25-07:00","entry_id":378455,"field1":"6.125","field2":"3.4375"},{"created_at":"2025-10-31T03:19:01-07:00","entry_id":378456,"field1":"6.125","field2":"3.4375"},{"created_at":"2025-10-31T03:28:38-07:00","entry_id":378457,"field1":"6.125","field2":"3.4375"},{"created_at":"2025-10-31T03:38:16-07:00","entry_id":378458,"field1":"6.125","field2":"3.375"},{"created_at":"2025-10-31T03:47:52-07:00","entry_id":378459,"field1":"6.125","field2":"3.375"},{"created_at":"2025-10-31T03:57:28-07:00","entry_id":378460,"field1":"6.0625","field2":"3.5"},{"created_at":"2025-10-31T04:07:06-07:00","entry_id":378461,"field1":"6.0625","field2":"3.5"},{"created_at":"2025-10-31T04:16:43-07:00","entry_id":378462,"field1":"6.0625","field2":"3.625"},{"created_at":"2025-10-31T04:26:21-07:00","entry_id":378463,"field1":"6.0625","field2":"3.6875"},{"created_at":"2025-10-31T04:35:58-07:00","entry_id":378464,"field1":"6","field2":"3.625"},{"created_at":"2025-10-31T04:45:35-07:00","entry_id":378465,"field1":"6","field2":"3.625"},{"created_at":"2025-10-31T04:55:12-07:00","entry_id":378466,"field1":"6","field2":"3.625"},{"created_at":"2025-10-31T05:04:50-07:00","entry_id":378467,"field1":"6","field2":"3.6875"},{"created_at":"2025-10-31T05:14:25-07:00","entry_id":378468,"field1":"6","field2":"3.625"},{"created_at":"2025-10-31T05:24:02-07:00","entry_id":378469,"field1":"6","field2":"3.5625"},{"created_at":"2025-10-31T05:33:40-07:00","entry_id":378470,"field1":"6","field2":"3.625"},{"created_at":"2025-10-31T05:43:16-07:00","entry_id":378471,"field1":"5.9375","field2":"3.5"},{"created_at":"2025-10-31T05:52:53-07:00","entry_id":378472,"field1":"5.9375","field2":"3.4375"},{"created_at":"2025-10-31T06:02:29-07:00","entry_id":378473,"field1":"5.9375","field2":"3.375"},{"created_at":"2025-10-31T06:12:06-07:00","entry_id":378474,"field1":"5.9375","field2":"3.3125"},{"created_at":"2025-10-31T06:21:42-07:00","entry_id":378475,"field1":"5.9375","field2":"3.5"},{"created_at":"2025-10-31T06:31:19-07:00","entry_id":378476,"field1":"5.9375","field2":"3.4375"},{"created_at":"2025-10-31T06:40:57-07:00","entry_id":378477,"field1":"5.875","field2":"3.1875"},{"created_at":"2025-10-31T06:50:33-07:00","entry_id":378478,"field1":"5.875","field2":"3.3125"},{"created_at":"2025-10-31T07:00:09-07:00","entry_id":378479,"field1":"5.875","field2":"3.4375"},{"created_at":"2025-10-31T07:09:48-07:00","entry_id":378480,"field1":"5.875","field2":"3.375"},{"created_at":"2025-10-31T07:19:23-07:00","entry_id":378481,"field1":"5.875","field2":"3.25"},{"created_at":"2025-10-31T07:29:01-07:00","entry_id":378482,"field1":"5.875","field2":"3.375"},{"created_at":"2025-10-31T07:38:37-07:00","entry_id":378483,"field1":"5.875","field2":"3.25"},{"created_at":"2025-10-31T07:48:16-07:00","entry_id":378484,"field1":"5.875","field2":"3.125"},{"created_at":"2025-10-31T07:57:52-07:00","entry_id":378485,"field1":"5.8125","field2":"3.0625"},{"created_at":"2025-10-31T08:07:28-07:00","entry_id":378486,"field1":"5.8125","field2":"3.1875"},{"created_at":"2025-10-31T08:17:07-07:00","entry_id":378487,"field1":"5.8125","field2":"3.3125"},{"created_at":"2025-10-31T08:26:45-07:00","entry_id":378488,"field1":"5.8125","field2":"3.3125"},{"created_at":"2025-10-31T08:36:20-07:00","entry_id":378489,"field1":"5.75","field2":"3.4375"},{"created_at":"2025-10-31T08:45:57-07:00","entry_id":378490,"field1":"5.8125","field2":"3.5625"},{"created_at":"2025-10-31T08:55:34-07:00","entry_id":378491,"field1":"5.75","field2":"3.5"},{"created_at":"2025-10-31T09:05:10-07:00","entry_id":378492,"field1":"5.75","field2":"3.5625"},{"created_at":"2025-10-31T09:14:47-07:00","entry_id":378493,"field1":"5.75","field2":"3.5625"},{"created_at":"2025-10-31T09:24:23-07:00","entry_id":378494,"field1":"5.75","field2":"3.625"},{"created_at":"2025-10-31T09:34:02-07:00","entry_id":378495,"field1":"5.75","field2":"3.75"},{"created_at":"2025-10-31T09:43:38-07:00","entry_id":378496,"field1":"5.75","field2":"3.875"},{"created_at":"2025-10-31T09:53:16-07:00","entry_id":378497,"field1":"5.75","field2":"3.875"},{"created_at":"2025-10-31T10:02:53-07:00","entry_id":378498,"field1":"5.6875","field2":"3.875"},{"created_at":"2025-10-31T10:12:29-07:00","entry_id":378499,"field1":"5.6875","field2":"3.875"},{"created_at":"2025-10-31T10:22:06-07:00","entry_id":378500,"field1":"5.75","field2":"3.9375"},{"created_at":"2025-10-31T10:31:43-07:00","entry_id":378501,"field1":"5.6875","field2":"4.0625"},{"created_at":"2025-10-31T10:41:19-07:00","entry_id":378502,"field1":"5.6875","field2":"4.0625"},{"created_at":"2025-10-31T10:50:56-07:00","entry_id":378503,"field1":"5.6875","field2":"4.25"},{"created_at":"2025-10-31T11:00:34-07:00","entry_id":378504,"field1":"5.6875","field2":"4.375"},{"created_at":"2025-10-31T11:10:10-07:00","entry_id":378505,"field1":"5.6875","field2":"4.5"},{"created_at":"2025-10-31T11:19:46-07:00","entry_id":378506,"field1":"5.6875","field2":"4.4375"},{"created_at":"2025-10-31T11:29:23-07:00","entry_id":378507,"field1":"5.6875","field2":"4.625"},{"created_at":"2025-10-31T11:39:01-07:00","entry_id":378508,"field1":"5.6875","field2":"4.5625"},{"created_at":"2025-10-31T11:48:38-07:00","entry_id":378509,"field1":"5.6875","field2":"4.625"},{"created_at":"2025-10-31T11:58:14-07:00","entry_id":378510,"field1":"5.6875","field2":"4.8125"},{"created_at":"2025-10-31T12:07:51-07:00","entry_id":378511,"field1":"5.6875","field2":"4.75"},{"created_at":"2025-10-31T12:17:28-07:00","entry_id":378512,"field1":"5.6875","field2":"4.8125"},{"created_at":"2025-10-31T12:27:05-07:00","entry_id":378513,"field1":"5.6875","field2":"4.875"},{"created_at":"2025-10-31T12:36:42-07:00","entry_id":378514,"field1":"5.6875","field2":"4.9375"},{"created_at":"2025-10-31T12:46:18-07:00","entry_id":378515,"field1":"5.75","field2":"5"},{"created_at":"2025-10-31T12:55:57-07:00","entry_id":378516,"field1":"5.75","field2":"5"},{"created_at":"2025-10-31T13:05:35-07:00","entry_id":378517,"field1":"5.75","field2":"4.9375"},{"created_at":"2025-10-31T13:15:12-07:00","entry_id":378518,"field1":"5.75","field2":"4.875"},{"created_at":"2025-10-31T13:24:50-07:00","entry_id":378519,"field1":"5.75","field2":"5.0625"},{"created_at":"2025-10-31T13:34:26-07:00","entry_id":378520,"field1":"5.75","field2":"5.125"},{"created_at":"2025-10-31T13:44:02-07:00","entry_id":378521,"field1":"5.75","field2":"5.125"},{"created_at":"2025-10-31T13:53:39-07:00","entry_id":378522,"field1":"5.75","field2":"5.25"},{"created_at":"2025-10-31T14:03:18-07:00","entry_id":378523,"field1":"5.75","field2":"5.125"},{"created_at":"2025-10-31T14:12:55-07:00","entry_id":378524,"field1":"5.75","field2":"5.1875"},{"created_at":"2025-10-31T14:22:30-07:00","entry_id":378525,"field1":"5.75","field2":"5.25"},{"created_at":"2025-10-31T14:32:08-07:00","entry_id":378526,"field1":"5.75","field2":"5.25"},{"created_at":"2025-10-31T14:41:44-07:00","entry_id":378527,"field1":"5.75","field2":"5.25"},{"created_at":"2025-10-31T14:51:22-07:00","entry_id":378528,"field1":"5.75","field2":"5.1875"},{"created_at":"2025-10-31T15:00:57-07:00","entry_id":378529,"field1":"5.75","field2":"5.1875"},{"created_at":"2025-10-31T15:10:34-07:00","entry_id":378530,"field1":"5.75","field2":"5.25"},{"created_at":"2025-10-31T15:20:11-07:00","entry_id":378531,"field1":"5.75","field2":"5.25"},{"created_at":"2025-10-31T15:29:50-07:00","entry_id":378532,"field1":"5.75","field2":"5.125"},{"created_at":"2025-10-31T15:39:25-07:00","entry_id":378533,"field1":"5.75","field2":"5.1875"},{"created_at":"2025-10-31T15:49:04-07:00","entry_id":378534,"field1":"5.75","field2":"5.1875"},{"created_at":"2025-10-31T15:58:41-07:00","entry_id":378535,"field1":"5.8125","field2":"5.1875"},{"created_at":"2025-10-31T16:08:19-07:00","entry_id":378536,"field1":"5.8125","field2":"5.25"},{"created_at":"2025-10-31T16:17:54-07:00","entry_id":378537,"field1":"5.75","field2":"5.25"},{"created_at":"2025-10-31T16:27:32-07:00","entry_id":378538,"field1":"5.75","field2":"5.1875"},{"created_at":"2025-10-31T16:37:10-07:00","entry_id":378539,"field1":"5.8125","field2":"5.25"},{"created_at":"2025-10-31T16:46:45-07:00","entry_id":378540,"field1":"5.75","field2":"5.25"},{"created_at":"2025-10-31T16:56:22-07:00","entry_id":378541,"field1":"5.8125","field2":"5.1875"},{"created_at":"2025-10-31T17:05:59-07:00","entry_id":378542,"field1":"5.75","field2":"5.125"},{"created_at":"2025-10-31T17:15:37-07:00","entry_id":378543,"field1":"5.8125","field2":"5.125"},{"created_at":"2025-10-31T17:25:13-07:00","entry_id":378544,"field1":"5.75","field2":"5.125"},{"created_at":"2025-10-31T17:34:51-07:00","entry_id":378545,"field1":"5.8125","field2":"5.0625"},{"created_at":"2025-10-31T17:44:27-07:00","entry_id":378546,"field1":"5.8125","field2":"5.0625"},{"created_at":"2025-10-31T17:54:05-07:00","entry_id":378547,"field1":"5.75","field2":"5"},{"created_at":"2025-10-31T18:03:42-07:00","entry_id":378548,"field1":"5.75","field2":"5"},{"created_at":"2025-10-31T18:13:20-07:00","entry_id":378549,"field1":"5.75","field2":"4.9375"},{"created_at":"2025-10-31T18:22:56-07:00","entry_id":378550,"field1":"5.75","field2":"5"},{"created_at":"2025-10-31T18:32:32-07:00","entry_id":378551,"field1":"5.75","field2":"5"},{"created_at":"2025-10-31T18:42:10-07:00","entry_id":378552,"field1":"5.75","field2":"5"},{"created_at":"2025-10-31T18:51:47-07:00","entry_id":378553,"field1":"5.8125","field2":"5"},{"created_at":"2025-10-31T19:01:24-07:00","entry_id":378554,"field1":"5.75","field2":"5"},{"created_at":"2025-10-31T19:11:00-07:00","entry_id":378555,"field1":"5.75","field2":"5.0625"},{"created_at":"2025-10-31T19:20:38-07:00","entry_id":378556,"field1":"5.75","field2":"5.0625"},{"created_at":"2025-10-31T19:30:14-07:00","entry_id":378557,"field1":"5.8125","field2":"5.0625"},{"created_at":"2025-10-31T19:39:50-07:00","entry_id":378558,"field1":"5.75","field2":"5.0625"},{"created_at":"2025-10-31T19:49:27-07:00","entry_id":378559,"field1":"5.75","field2":"4.875"},{"created_at":"2025-10-31T19:59:05-07:00","entry_id":378560,"field1":"5.75","field2":"4.875"},{"created_at":"2025-10-31T20:08:41-07:00","entry_id":378561,"field1":"5.75","field2":"4.8125"},{"created_at":"2025-10-31T20:18:18-07:00","entry_id":378562,"field1":"5.75","field2":"4.875"},{"created_at":"2025-10-31T20:27:54-07:00","entry_id":378563,"field1":"5.75","field2":"4.875"},{"created_at":"2025-10-31T20:37:31-07:00","entry_id":378564,"field1":"5.75","field2":"5"},{"created_at":"2025-10-31T20:47:07-07:00","entry_id":378565,"field1":"5.75","field2":"5.0625"},{"created_at":"2025-10-31T20:56:44-07:00","entry_id":378566,"field1":"5.75","field2":"5.0625"},{"created_at":"2025-10-31T21:06:22-07:00","entry_id":378567,"field1":"5.75","field2":"5.125"},{"created_at":"2025-10-31T21:15:58-07:00","entry_id":378568,"field1":"5.75","field2":"5.1875"},{"created_at":"2025-10-31T21:25:35-07:00","entry_id":378569,"field1":"5.75","field2":"5.1875"},{"created_at":"2025-10-31T21:35:11-07:00","entry_id":378570,"field1":"5.75","field2":"5.1875"},{"created_at":"2025-10-31T21:44:48-07:00","entry_id":378571,"field1":"5.75","field2":"5.25"},{"created_at":"2025-10-31T21:54:26-07:00","entry_id":378572,"field1":"5.75","field2":"5.25"},{"created_at":"2025-10-31T22:04:04-07:00","entry_id":378573,"field1":"5.75","field2":"5.25"},{"created_at":"2025-10-31T22:13:42-07:00","entry_id":378574,"field1":"5.75","field2":"5.3125"},{"created_at":"2025-10-31T22:23:19-07:00","entry_id":378575,"field1":"5.75","field2":"5.3125"},{"created_at":"2025-10-31T22:32:55-07:00","entry_id":378576,"field1":"5.75","field2":"5.3125"},{"created_at":"2025-10-31T22:42:32-07:00","entry_id":378577,"field1":"5.75","field2":"5.3125"},{"created_at":"2025-10-31T22:52:10-07:00","entry_id":378578,"field1":"5.75","field2":"5.25"},{"created_at":"2025-10-31T23:01:46-07:00","entry_id":378579,"field1":"5.75","field2":"5.3125"},{"created_at":"2025-10-31T23:11:24-07:00","entry_id":378580,"field1":"5.75","field2":"5.375"},{"created_at":"2025-10-31T23:21:01-07:00","entry_id":378581,"field1":"5.8125","field2":"5.3125"},{"created_at":"2025-10-31T23:30:38-07:00","entry_id":378582,"field1":"5.75","field2":"5.25"},{"created_at":"2025-10-31T23:40:15-07:00","entry_id":378583,"field1":"5.75","field2":"5.25"},{"created_at":"2025-10-31T23:49:53-07:00","entry_id":378584,"field1":"5.75","field2":"5.25"},{"created_at":"2025-10-31T23:59:30-07:00","entry_id":378585,"field1":"5.75","field2":"5.25"}]}