{"channel":{"id":581842,"name":"Upstairs Small Window Indoor / Outdoor Sensor","latitude":"0.0","longitude":"0.0","field1":"Indoor Temperature","field2":"Outdoor Temperature","created_at":"2018-09-23T15:37:52-07:00","updated_at":"2020-07-27T05:59:41-07:00","last_entry_id":150129},"feeds":[{"created_at":"2019-12-07T00:00:12-08:00","entry_id":63097,"field1":"0.8125","field2":"0.0625"},{"created_at":"2019-12-07T00:09:50-08:00","entry_id":63098,"field1":"0.8125","field2":"0.125"},{"created_at":"2019-12-07T00:19:26-08:00","entry_id":63099,"field1":"0.8125","field2":"0.125"},{"created_at":"2019-12-07T00:29:02-08:00","entry_id":63100,"field1":"0.8125","field2":"0.125"},{"created_at":"2019-12-07T00:38:39-08:00","entry_id":63101,"field1":"0.8125","field2":"0.125"},{"created_at":"2019-12-07T00:48:15-08:00","entry_id":63102,"field1":"0.8125","field2":"0.125"},{"created_at":"2019-12-07T00:57:52-08:00","entry_id":63103,"field1":"0.8125","field2":"0.125"},{"created_at":"2019-12-07T01:07:29-08:00","entry_id":63104,"field1":"0.8125","field2":"0.125"},{"created_at":"2019-12-07T01:17:05-08:00","entry_id":63105,"field1":"0.8125","field2":"0.125"},{"created_at":"2019-12-07T01:26:42-08:00","entry_id":63106,"field1":"0.8125","field2":"0.125"},{"created_at":"2019-12-07T01:36:18-08:00","entry_id":63107,"field1":"0.8125","field2":"0.125"},{"created_at":"2019-12-07T01:45:56-08:00","entry_id":63108,"field1":"0.875","field2":"0.1875"},{"created_at":"2019-12-07T01:55:34-08:00","entry_id":63109,"field1":"0.8125","field2":"0.1875"},{"created_at":"2019-12-07T02:05:10-08:00","entry_id":63110,"field1":"0.875","field2":"0.1875"},{"created_at":"2019-12-07T02:14:47-08:00","entry_id":63111,"field1":"0.875","field2":"0.125"},{"created_at":"2019-12-07T02:24:23-08:00","entry_id":63112,"field1":"0.8125","field2":"0.1875"},{"created_at":"2019-12-07T02:34:00-08:00","entry_id":63113,"field1":"0.8125","field2":"0.1875"},{"created_at":"2019-12-07T02:43:36-08:00","entry_id":63114,"field1":"0.8125","field2":"0.1875"},{"created_at":"2019-12-07T02:53:13-08:00","entry_id":63115,"field1":"0.8125","field2":"0.1875"},{"created_at":"2019-12-07T03:02:50-08:00","entry_id":63116,"field1":"0.875","field2":"0.1875"},{"created_at":"2019-12-07T03:12:27-08:00","entry_id":63117,"field1":"0.875","field2":"0.125"},{"created_at":"2019-12-07T03:22:03-08:00","entry_id":63118,"field1":"0.8125","field2":"0.125"},{"created_at":"2019-12-07T03:31:40-08:00","entry_id":63119,"field1":"0.8125","field2":"0.1875"},{"created_at":"2019-12-07T03:41:17-08:00","entry_id":63120,"field1":"0.875","field2":"0.1875"},{"created_at":"2019-12-07T03:50:53-08:00","entry_id":63121,"field1":"0.875","field2":"0.1875"},{"created_at":"2019-12-07T04:00:30-08:00","entry_id":63122,"field1":"0.875","field2":"0.1875"},{"created_at":"2019-12-07T04:10:06-08:00","entry_id":63123,"field1":"0.8125","field2":"0.1875"},{"created_at":"2019-12-07T04:19:43-08:00","entry_id":63124,"field1":"0.875","field2":"0.1875"},{"created_at":"2019-12-07T04:29:20-08:00","entry_id":63125,"field1":"0.8125","field2":"0.1875"},{"created_at":"2019-12-07T04:38:57-08:00","entry_id":63126,"field1":"0.875","field2":"0.1875"},{"created_at":"2019-12-07T04:48:34-08:00","entry_id":63127,"field1":"0.875","field2":"0.1875"},{"created_at":"2019-12-07T04:58:10-08:00","entry_id":63128,"field1":"0.875","field2":"0.1875"},{"created_at":"2019-12-07T05:07:49-08:00","entry_id":63129,"field1":"0.875","field2":"0.1875"},{"created_at":"2019-12-07T05:17:25-08:00","entry_id":63130,"field1":"0.8125","field2":"0.1875"},{"created_at":"2019-12-07T05:27:02-08:00","entry_id":63131,"field1":"0.875","field2":"0.1875"},{"created_at":"2019-12-07T05:36:38-08:00","entry_id":63132,"field1":"0.8125","field2":"0.1875"},{"created_at":"2019-12-07T05:46:15-08:00","entry_id":63133,"field1":"0.875","field2":"0.25"},{"created_at":"2019-12-07T05:55:52-08:00","entry_id":63134,"field1":"0.875","field2":"0.1875"},{"created_at":"2019-12-07T06:05:30-08:00","entry_id":63135,"field1":"0.875","field2":"0.1875"},{"created_at":"2019-12-07T06:15:06-08:00","entry_id":63136,"field1":"0.875","field2":"0.1875"},{"created_at":"2019-12-07T06:24:44-08:00","entry_id":63137,"field1":"0.875","field2":"0.1875"},{"created_at":"2019-12-07T06:34:21-08:00","entry_id":63138,"field1":"0.875","field2":"0.1875"},{"created_at":"2019-12-07T06:43:57-08:00","entry_id":63139,"field1":"0.875","field2":"0.25"},{"created_at":"2019-12-07T06:53:34-08:00","entry_id":63140,"field1":"0.875","field2":"0.1875"},{"created_at":"2019-12-07T07:03:11-08:00","entry_id":63141,"field1":"0.875","field2":"0.1875"},{"created_at":"2019-12-07T07:12:48-08:00","entry_id":63142,"field1":"0.875","field2":"0.25"},{"created_at":"2019-12-07T07:22:25-08:00","entry_id":63143,"field1":"0.875","field2":"0.25"},{"created_at":"2019-12-07T07:32:02-08:00","entry_id":63144,"field1":"0.875","field2":"0.1875"},{"created_at":"2019-12-07T07:41:39-08:00","entry_id":63145,"field1":"0.875","field2":"0.25"},{"created_at":"2019-12-07T07:51:15-08:00","entry_id":63146,"field1":"0.875","field2":"0.25"},{"created_at":"2019-12-07T08:00:53-08:00","entry_id":63147,"field1":"0.875","field2":"0.25"},{"created_at":"2019-12-07T08:10:30-08:00","entry_id":63148,"field1":"0.875","field2":"0.25"},{"created_at":"2019-12-07T08:20:06-08:00","entry_id":63149,"field1":"0.875","field2":"0.25"},{"created_at":"2019-12-07T08:29:43-08:00","entry_id":63150,"field1":"0.875","field2":"0.25"},{"created_at":"2019-12-07T08:39:20-08:00","entry_id":63151,"field1":"0.875","field2":"0.3125"},{"created_at":"2019-12-07T08:48:57-08:00","entry_id":63152,"field1":"0.875","field2":"0.3125"},{"created_at":"2019-12-07T08:58:34-08:00","entry_id":63153,"field1":"0.875","field2":"0.3125"},{"created_at":"2019-12-07T09:08:11-08:00","entry_id":63154,"field1":"0.875","field2":"0.3125"},{"created_at":"2019-12-07T09:17:47-08:00","entry_id":63155,"field1":"0.875","field2":"0.3125"},{"created_at":"2019-12-07T09:27:24-08:00","entry_id":63156,"field1":"0.875","field2":"0.375"},{"created_at":"2019-12-07T09:37:00-08:00","entry_id":63157,"field1":"0.875","field2":"0.375"},{"created_at":"2019-12-07T09:46:37-08:00","entry_id":63158,"field1":"0.875","field2":"0.4375"},{"created_at":"2019-12-07T09:56:14-08:00","entry_id":63159,"field1":"0.9375","field2":"0.5"},{"created_at":"2019-12-07T10:05:51-08:00","entry_id":63160,"field1":"0.9375","field2":"0.5"},{"created_at":"2019-12-07T10:15:28-08:00","entry_id":63161,"field1":"0.875","field2":"0.5625"},{"created_at":"2019-12-07T10:25:05-08:00","entry_id":63162,"field1":"0.9375","field2":"0.5625"},{"created_at":"2019-12-07T10:34:42-08:00","entry_id":63163,"field1":"0.9375","field2":"0.5625"},{"created_at":"2019-12-07T10:44:18-08:00","entry_id":63164,"field1":"0.9375","field2":"0.5625"},{"created_at":"2019-12-07T10:53:55-08:00","entry_id":63165,"field1":"0.9375","field2":"0.5625"},{"created_at":"2019-12-07T11:03:33-08:00","entry_id":63166,"field1":"0.9375","field2":"0.5625"},{"created_at":"2019-12-07T11:13:10-08:00","entry_id":63167,"field1":"0.9375","field2":"0.625"},{"created_at":"2019-12-07T11:22:46-08:00","entry_id":63168,"field1":"0.9375","field2":"0.6875"},{"created_at":"2019-12-07T11:32:23-08:00","entry_id":63169,"field1":"0.9375","field2":"0.75"},{"created_at":"2019-12-07T11:42:00-08:00","entry_id":63170,"field1":"0.9375","field2":"0.6875"},{"created_at":"2019-12-07T11:51:37-08:00","entry_id":63171,"field1":"0.9375","field2":"0.6875"},{"created_at":"2019-12-07T12:01:15-08:00","entry_id":63172,"field1":"0.9375","field2":"0.6875"},{"created_at":"2019-12-07T12:10:51-08:00","entry_id":63173,"field1":"0.9375","field2":"0.6875"},{"created_at":"2019-12-07T12:20:28-08:00","entry_id":63174,"field1":"0.9375","field2":"0.6875"},{"created_at":"2019-12-07T12:30:05-08:00","entry_id":63175,"field1":"0.9375","field2":"0.6875"},{"created_at":"2019-12-07T12:39:42-08:00","entry_id":63176,"field1":"1","field2":"0.6875"},{"created_at":"2019-12-07T12:49:19-08:00","entry_id":63177,"field1":"1","field2":"0.6875"},{"created_at":"2019-12-07T12:58:57-08:00","entry_id":63178,"field1":"1","field2":"0.6875"},{"created_at":"2019-12-07T13:08:34-08:00","entry_id":63179,"field1":"1","field2":"0.625"},{"created_at":"2019-12-07T13:18:10-08:00","entry_id":63180,"field1":"1","field2":"0.6875"},{"created_at":"2019-12-07T13:27:47-08:00","entry_id":63181,"field1":"1","field2":"0.6875"},{"created_at":"2019-12-07T13:37:24-08:00","entry_id":63182,"field1":"1","field2":"0.6875"},{"created_at":"2019-12-07T13:47:01-08:00","entry_id":63183,"field1":"1","field2":"0.6875"},{"created_at":"2019-12-07T13:56:39-08:00","entry_id":63184,"field1":"1","field2":"0.6875"},{"created_at":"2019-12-07T14:06:15-08:00","entry_id":63185,"field1":"1","field2":"0.6875"},{"created_at":"2019-12-07T14:15:52-08:00","entry_id":63186,"field1":"1.0625","field2":"0.6875"},{"created_at":"2019-12-07T14:25:29-08:00","entry_id":63187,"field1":"1","field2":"0.625"},{"created_at":"2019-12-07T14:35:06-08:00","entry_id":63188,"field1":"1","field2":"0.625"},{"created_at":"2019-12-07T14:44:43-08:00","entry_id":63189,"field1":"1","field2":"0.6875"},{"created_at":"2019-12-07T14:54:20-08:00","entry_id":63190,"field1":"1.0625","field2":"0.6875"},{"created_at":"2019-12-07T15:03:56-08:00","entry_id":63191,"field1":"1.0625","field2":"0.6875"},{"created_at":"2019-12-07T15:13:33-08:00","entry_id":63192,"field1":"1.0625","field2":"0.625"},{"created_at":"2019-12-07T15:23:10-08:00","entry_id":63193,"field1":"1.0625","field2":"0.625"},{"created_at":"2019-12-07T15:32:47-08:00","entry_id":63194,"field1":"1","field2":"0.5625"},{"created_at":"2019-12-07T15:42:24-08:00","entry_id":63195,"field1":"1.0625","field2":"0.5"},{"created_at":"2019-12-07T15:52:00-08:00","entry_id":63196,"field1":"1.0625","field2":"0.5"},{"created_at":"2019-12-07T16:01:37-08:00","entry_id":63197,"field1":"1.0625","field2":"0.5"},{"created_at":"2019-12-07T16:11:13-08:00","entry_id":63198,"field1":"1.0625","field2":"0.5"},{"created_at":"2019-12-07T16:20:51-08:00","entry_id":63199,"field1":"1.0625","field2":"0.5"},{"created_at":"2019-12-07T16:30:27-08:00","entry_id":63200,"field1":"1.0625","field2":"0.4375"},{"created_at":"2019-12-07T16:40:05-08:00","entry_id":63201,"field1":"1","field2":"0.4375"},{"created_at":"2019-12-07T16:49:41-08:00","entry_id":63202,"field1":"1.0625","field2":"0.4375"},{"created_at":"2019-12-07T16:59:19-08:00","entry_id":63203,"field1":"1.0625","field2":"0.4375"},{"created_at":"2019-12-07T17:08:56-08:00","entry_id":63204,"field1":"1.0625","field2":"0.4375"},{"created_at":"2019-12-07T17:18:32-08:00","entry_id":63205,"field1":"1.0625","field2":"0.4375"},{"created_at":"2019-12-07T17:28:09-08:00","entry_id":63206,"field1":"1.0625","field2":"0.4375"},{"created_at":"2019-12-07T17:37:45-08:00","entry_id":63207,"field1":"1.0625","field2":"0.4375"},{"created_at":"2019-12-07T17:47:22-08:00","entry_id":63208,"field1":"1.0625","field2":"0.4375"},{"created_at":"2019-12-07T17:57:01-08:00","entry_id":63209,"field1":"1.0625","field2":"0.4375"},{"created_at":"2019-12-07T18:06:38-08:00","entry_id":63210,"field1":"1","field2":"0.375"},{"created_at":"2019-12-07T18:16:14-08:00","entry_id":63211,"field1":"1.0625","field2":"0.4375"},{"created_at":"2019-12-07T18:25:51-08:00","entry_id":63212,"field1":"1.0625","field2":"0.4375"},{"created_at":"2019-12-07T18:35:28-08:00","entry_id":63213,"field1":"1","field2":"0.4375"},{"created_at":"2019-12-07T18:45:05-08:00","entry_id":63214,"field1":"1","field2":"0.375"},{"created_at":"2019-12-07T18:54:42-08:00","entry_id":63215,"field1":"1.0625","field2":"0.4375"},{"created_at":"2019-12-07T19:04:19-08:00","entry_id":63216,"field1":"1.0625","field2":"0.4375"},{"created_at":"2019-12-07T19:13:55-08:00","entry_id":63217,"field1":"1.0625","field2":"0.4375"},{"created_at":"2019-12-07T19:23:32-08:00","entry_id":63218,"field1":"1.0625","field2":"0.4375"},{"created_at":"2019-12-07T19:33:09-08:00","entry_id":63219,"field1":"1.0625","field2":"0.4375"},{"created_at":"2019-12-07T19:42:44-08:00","entry_id":63220,"field1":"1.0625","field2":"0.4375"},{"created_at":"2019-12-07T19:52:22-08:00","entry_id":63221,"field1":"1.0625","field2":"0.4375"},{"created_at":"2019-12-07T20:01:58-08:00","entry_id":63222,"field1":"1.0625","field2":"0.375"},{"created_at":"2019-12-07T20:11:35-08:00","entry_id":63223,"field1":"1.0625","field2":"0.4375"},{"created_at":"2019-12-07T20:21:12-08:00","entry_id":63224,"field1":"1.0625","field2":"0.4375"},{"created_at":"2019-12-07T20:30:48-08:00","entry_id":63225,"field1":"1.0625","field2":"0.4375"},{"created_at":"2019-12-07T20:40:25-08:00","entry_id":63226,"field1":"1.0625","field2":"0.4375"},{"created_at":"2019-12-07T20:50:02-08:00","entry_id":63227,"field1":"1.0625","field2":"0.4375"},{"created_at":"2019-12-07T20:59:38-08:00","entry_id":63228,"field1":"1.0625","field2":"0.4375"},{"created_at":"2019-12-07T21:09:15-08:00","entry_id":63229,"field1":"1.0625","field2":"0.4375"},{"created_at":"2019-12-07T21:18:52-08:00","entry_id":63230,"field1":"1.0625","field2":"0.4375"},{"created_at":"2019-12-07T21:28:29-08:00","entry_id":63231,"field1":"1.0625","field2":"0.4375"},{"created_at":"2019-12-07T21:38:06-08:00","entry_id":63232,"field1":"1.0625","field2":"0.4375"},{"created_at":"2019-12-07T21:47:44-08:00","entry_id":63233,"field1":"1.0625","field2":"0.4375"},{"created_at":"2019-12-07T21:57:20-08:00","entry_id":63234,"field1":"1.0625","field2":"0.4375"},{"created_at":"2019-12-07T22:06:57-08:00","entry_id":63235,"field1":"1.0625","field2":"0.4375"},{"created_at":"2019-12-07T22:16:34-08:00","entry_id":63236,"field1":"1.0625","field2":"0.5"},{"created_at":"2019-12-07T22:26:11-08:00","entry_id":63237,"field1":"1.0625","field2":"0.5"},{"created_at":"2019-12-07T22:35:48-08:00","entry_id":63238,"field1":"1.0625","field2":"0.5"},{"created_at":"2019-12-07T22:45:25-08:00","entry_id":63239,"field1":"1.0625","field2":"0.4375"},{"created_at":"2019-12-07T22:55:02-08:00","entry_id":63240,"field1":"1.0625","field2":"0.4375"},{"created_at":"2019-12-07T23:04:38-08:00","entry_id":63241,"field1":"1.0625","field2":"0.5"},{"created_at":"2019-12-07T23:14:15-08:00","entry_id":63242,"field1":"1.0625","field2":"0.5"},{"created_at":"2019-12-07T23:23:52-08:00","entry_id":63243,"field1":"1.0625","field2":"0.5"},{"created_at":"2019-12-07T23:33:29-08:00","entry_id":63244,"field1":"1.0625","field2":"0.5"},{"created_at":"2019-12-07T23:43:06-08:00","entry_id":63245,"field1":"1.0625","field2":"0.5"},{"created_at":"2019-12-07T23:52:43-08:00","entry_id":63246,"field1":"1.0625","field2":"0.4375"}]}