{"channel":{"id":581842,"name":"Upstairs Small Window Indoor / Outdoor Sensor","latitude":"0.0","longitude":"0.0","field1":"Indoor Temperature","field2":"Outdoor Temperature","created_at":"2018-09-23T15:37:52-07:00","updated_at":"2020-07-27T05:59:41-07:00","last_entry_id":334245},"feeds":[{"created_at":"2025-01-03T00:06:28-08:00","entry_id":333965,"field1":"4.8125","field2":"0.0625"},{"created_at":"2025-01-03T00:16:06-08:00","entry_id":333966,"field1":"4.8125","field2":"0.0625"},{"created_at":"2025-01-03T00:25:43-08:00","entry_id":333967,"field1":"4.8125","field2":"0"},{"created_at":"2025-01-03T00:35:19-08:00","entry_id":333968,"field1":"4.8125","field2":"0.0625"},{"created_at":"2025-01-03T00:44:57-08:00","entry_id":333969,"field1":"4.8125","field2":"0.125"},{"created_at":"2025-01-03T00:54:33-08:00","entry_id":333970,"field1":"4.8125","field2":"0.0625"},{"created_at":"2025-01-03T01:04:12-08:00","entry_id":333971,"field1":"4.875","field2":"0.0625"},{"created_at":"2025-01-03T01:13:49-08:00","entry_id":333972,"field1":"4.875","field2":"0.125"},{"created_at":"2025-01-03T01:23:27-08:00","entry_id":333973,"field1":"4.875","field2":"0.0625"},{"created_at":"2025-01-03T01:33:02-08:00","entry_id":333974,"field1":"4.875","field2":"0.0625"},{"created_at":"2025-01-03T01:42:41-08:00","entry_id":333975,"field1":"4.875","field2":"0.0625"},{"created_at":"2025-01-03T01:52:18-08:00","entry_id":333976,"field1":"4.875","field2":"0.0625"},{"created_at":"2025-01-03T02:01:55-08:00","entry_id":333977,"field1":"4.875","field2":"0"},{"created_at":"2025-01-03T02:11:32-08:00","entry_id":333978,"field1":"4.875","field2":"0"},{"created_at":"2025-01-03T02:21:09-08:00","entry_id":333979,"field1":"4.9375","field2":"0"},{"created_at":"2025-01-03T02:30:47-08:00","entry_id":333980,"field1":"4.9375","field2":"0"},{"created_at":"2025-01-03T02:40:25-08:00","entry_id":333981,"field1":"4.9375","field2":"0"},{"created_at":"2025-01-03T02:50:02-08:00","entry_id":333982,"field1":"4.9375","field2":"0"},{"created_at":"2025-01-03T02:59:40-08:00","entry_id":333983,"field1":"4.9375","field2":"0"},{"created_at":"2025-01-03T03:09:18-08:00","entry_id":333984,"field1":"4.9375","field2":"0"},{"created_at":"2025-01-03T03:18:55-08:00","entry_id":333985,"field1":"4.9375","field2":"0"},{"created_at":"2025-01-03T03:28:33-08:00","entry_id":333986,"field1":"4.9375","field2":"-0.0625"},{"created_at":"2025-01-03T03:38:10-08:00","entry_id":333987,"field1":"4.9375","field2":"-0.0625"},{"created_at":"2025-01-03T03:47:47-08:00","entry_id":333988,"field1":"4.9375","field2":"-0.0625"},{"created_at":"2025-01-03T03:57:25-08:00","entry_id":333989,"field1":"4.9375","field2":"-0.0625"},{"created_at":"2025-01-03T04:07:03-08:00","entry_id":333990,"field1":"4.9375","field2":"-0.125"},{"created_at":"2025-01-03T04:16:39-08:00","entry_id":333991,"field1":"5","field2":"-0.125"},{"created_at":"2025-01-03T04:26:17-08:00","entry_id":333992,"field1":"4.9375","field2":"-0.25"},{"created_at":"2025-01-03T04:35:54-08:00","entry_id":333993,"field1":"5","field2":"-0.375"},{"created_at":"2025-01-03T04:45:30-08:00","entry_id":333994,"field1":"5","field2":"-0.5"},{"created_at":"2025-01-03T04:55:08-08:00","entry_id":333995,"field1":"5","field2":"-0.625"},{"created_at":"2025-01-03T05:04:44-08:00","entry_id":333996,"field1":"5","field2":"-0.75"},{"created_at":"2025-01-03T05:14:20-08:00","entry_id":333997,"field1":"5","field2":"-0.875"},{"created_at":"2025-01-03T05:23:58-08:00","entry_id":333998,"field1":"4.9375","field2":"-0.8125"},{"created_at":"2025-01-03T05:33:36-08:00","entry_id":333999,"field1":"5","field2":"-0.9375"},{"created_at":"2025-01-03T05:43:13-08:00","entry_id":334000,"field1":"4.9375","field2":"-0.9375"},{"created_at":"2025-01-03T05:52:49-08:00","entry_id":334001,"field1":"4.9375","field2":"-1"},{"created_at":"2025-01-03T06:02:27-08:00","entry_id":334002,"field1":"4.9375","field2":"-1.125"},{"created_at":"2025-01-03T06:12:05-08:00","entry_id":334003,"field1":"5","field2":"-1.1875"},{"created_at":"2025-01-03T06:21:40-08:00","entry_id":334004,"field1":"4.9375","field2":"-1.0625"},{"created_at":"2025-01-03T06:31:17-08:00","entry_id":334005,"field1":"4.9375","field2":"-1.25"},{"created_at":"2025-01-03T06:40:55-08:00","entry_id":334006,"field1":"5","field2":"-1.1875"},{"created_at":"2025-01-03T06:50:32-08:00","entry_id":334007,"field1":"4.9375","field2":"-1.3125"},{"created_at":"2025-01-03T07:00:08-08:00","entry_id":334008,"field1":"4.9375","field2":"-1.125"},{"created_at":"2025-01-03T07:09:46-08:00","entry_id":334009,"field1":"4.9375","field2":"-1.4375"},{"created_at":"2025-01-03T07:19:23-08:00","entry_id":334010,"field1":"4.9375","field2":"-1.5"},{"created_at":"2025-01-03T07:28:59-08:00","entry_id":334011,"field1":"4.9375","field2":"-1.4375"},{"created_at":"2025-01-03T07:38:35-08:00","entry_id":334012,"field1":"4.9375","field2":"-1.5"},{"created_at":"2025-01-03T07:48:14-08:00","entry_id":334013,"field1":"4.9375","field2":"-1.375"},{"created_at":"2025-01-03T07:57:51-08:00","entry_id":334014,"field1":"4.9375","field2":"-1.5"},{"created_at":"2025-01-03T08:07:28-08:00","entry_id":334015,"field1":"4.9375","field2":"-1.4375"},{"created_at":"2025-01-03T08:17:04-08:00","entry_id":334016,"field1":"4.9375","field2":"-1.3125"},{"created_at":"2025-01-03T08:26:40-08:00","entry_id":334017,"field1":"4.9375","field2":"-1.3125"},{"created_at":"2025-01-03T08:36:18-08:00","entry_id":334018,"field1":"4.9375","field2":"-1.375"},{"created_at":"2025-01-03T08:45:56-08:00","entry_id":334019,"field1":"4.9375","field2":"-1.0625"},{"created_at":"2025-01-03T08:55:33-08:00","entry_id":334020,"field1":"4.9375","field2":"-1"},{"created_at":"2025-01-03T09:05:10-08:00","entry_id":334021,"field1":"4.9375","field2":"-0.875"},{"created_at":"2025-01-03T09:14:46-08:00","entry_id":334022,"field1":"4.875","field2":"-0.75"},{"created_at":"2025-01-03T09:24:24-08:00","entry_id":334023,"field1":"4.9375","field2":"-0.625"},{"created_at":"2025-01-03T09:34:00-08:00","entry_id":334024,"field1":"4.9375","field2":"-0.5"},{"created_at":"2025-01-03T09:43:37-08:00","entry_id":334025,"field1":"4.9375","field2":"-0.375"},{"created_at":"2025-01-03T09:53:15-08:00","entry_id":334026,"field1":"4.9375","field2":"-0.3125"},{"created_at":"2025-01-03T10:02:51-08:00","entry_id":334027,"field1":"4.9375","field2":"-0.25"},{"created_at":"2025-01-03T10:12:27-08:00","entry_id":334028,"field1":"4.9375","field2":"-0.125"},{"created_at":"2025-01-03T10:22:05-08:00","entry_id":334029,"field1":"4.9375","field2":"0"},{"created_at":"2025-01-03T10:31:43-08:00","entry_id":334030,"field1":"4.9375","field2":"0.125"},{"created_at":"2025-01-03T10:41:19-08:00","entry_id":334031,"field1":"5","field2":"-0.125"},{"created_at":"2025-01-03T10:50:57-08:00","entry_id":334032,"field1":"5","field2":"0"},{"created_at":"2025-01-03T11:00:34-08:00","entry_id":334033,"field1":"5","field2":"0.1875"},{"created_at":"2025-01-03T11:10:12-08:00","entry_id":334034,"field1":"5","field2":"0.25"},{"created_at":"2025-01-03T11:19:49-08:00","entry_id":334035,"field1":"5","field2":"0.3125"},{"created_at":"2025-01-03T11:29:25-08:00","entry_id":334036,"field1":"5.0625","field2":"0.4375"},{"created_at":"2025-01-03T11:39:03-08:00","entry_id":334037,"field1":"5.0625","field2":"0.4375"},{"created_at":"2025-01-03T11:48:40-08:00","entry_id":334038,"field1":"5.0625","field2":"0.3125"},{"created_at":"2025-01-03T11:58:17-08:00","entry_id":334039,"field1":"5.0625","field2":"0.3125"},{"created_at":"2025-01-03T12:07:54-08:00","entry_id":334040,"field1":"5.0625","field2":"0.375"},{"created_at":"2025-01-03T12:17:31-08:00","entry_id":334041,"field1":"5.125","field2":"0.4375"},{"created_at":"2025-01-03T12:27:09-08:00","entry_id":334042,"field1":"5.125","field2":"0.625"},{"created_at":"2025-01-03T12:36:46-08:00","entry_id":334043,"field1":"5.125","field2":"0.8125"},{"created_at":"2025-01-03T12:46:23-08:00","entry_id":334044,"field1":"5.125","field2":"1.0625"},{"created_at":"2025-01-03T12:56:00-08:00","entry_id":334045,"field1":"5.1875","field2":"0.875"},{"created_at":"2025-01-03T13:05:38-08:00","entry_id":334046,"field1":"5.1875","field2":"0.8125"},{"created_at":"2025-01-03T13:15:15-08:00","entry_id":334047,"field1":"5.1875","field2":"1"},{"created_at":"2025-01-03T13:24:53-08:00","entry_id":334048,"field1":"5.1875","field2":"0.8125"},{"created_at":"2025-01-03T13:34:28-08:00","entry_id":334049,"field1":"5.1875","field2":"0.625"},{"created_at":"2025-01-03T13:44:07-08:00","entry_id":334050,"field1":"5.25","field2":"0.625"},{"created_at":"2025-01-03T13:53:46-08:00","entry_id":334051,"field1":"5.25","field2":"0.75"},{"created_at":"2025-01-03T14:03:23-08:00","entry_id":334052,"field1":"5.25","field2":"0.875"},{"created_at":"2025-01-03T14:13:00-08:00","entry_id":334053,"field1":"5.25","field2":"0.75"},{"created_at":"2025-01-03T14:22:38-08:00","entry_id":334054,"field1":"5.25","field2":"0.625"},{"created_at":"2025-01-03T14:32:15-08:00","entry_id":334055,"field1":"5.25","field2":"0.5625"},{"created_at":"2025-01-03T14:41:52-08:00","entry_id":334056,"field1":"5.25","field2":"0.5625"},{"created_at":"2025-01-03T14:51:29-08:00","entry_id":334057,"field1":"5.125","field2":"0.5"},{"created_at":"2025-01-03T15:01:07-08:00","entry_id":334058,"field1":"5","field2":"0.375"},{"created_at":"2025-01-03T15:10:44-08:00","entry_id":334059,"field1":"4.875","field2":"0.375"},{"created_at":"2025-01-03T15:20:20-08:00","entry_id":334060,"field1":"4.8125","field2":"0.375"},{"created_at":"2025-01-03T15:29:58-08:00","entry_id":334061,"field1":"4.75","field2":"0.3125"},{"created_at":"2025-01-03T15:39:36-08:00","entry_id":334062,"field1":"4.6875","field2":"0.3125"},{"created_at":"2025-01-03T15:49:13-08:00","entry_id":334063,"field1":"4.6875","field2":"0.25"},{"created_at":"2025-01-03T15:58:50-08:00","entry_id":334064,"field1":"4.625","field2":"0.25"},{"created_at":"2025-01-03T16:08:27-08:00","entry_id":334065,"field1":"4.5625","field2":"0.1875"},{"created_at":"2025-01-03T16:18:04-08:00","entry_id":334066,"field1":"4.5625","field2":"0.125"},{"created_at":"2025-01-03T16:27:41-08:00","entry_id":334067,"field1":"4.5","field2":"0.1875"},{"created_at":"2025-01-03T16:37:17-08:00","entry_id":334068,"field1":"4.4375","field2":"0.1875"},{"created_at":"2025-01-03T16:46:55-08:00","entry_id":334069,"field1":"4.4375","field2":"0"},{"created_at":"2025-01-03T16:56:32-08:00","entry_id":334070,"field1":"4.375","field2":"0"},{"created_at":"2025-01-03T17:06:10-08:00","entry_id":334071,"field1":"4.375","field2":"-0.1875"},{"created_at":"2025-01-03T17:15:46-08:00","entry_id":334072,"field1":"4.3125","field2":"-0.0625"},{"created_at":"2025-01-03T17:25:23-08:00","entry_id":334073,"field1":"4.25","field2":"-0.0625"},{"created_at":"2025-01-03T17:35:01-08:00","entry_id":334074,"field1":"4.25","field2":"-0.0625"},{"created_at":"2025-01-03T17:44:38-08:00","entry_id":334075,"field1":"4.1875","field2":"0"},{"created_at":"2025-01-03T17:54:15-08:00","entry_id":334076,"field1":"4.1875","field2":"0"},{"created_at":"2025-01-03T18:03:52-08:00","entry_id":334077,"field1":"4.125","field2":"0"},{"created_at":"2025-01-03T18:13:29-08:00","entry_id":334078,"field1":"4.125","field2":"-0.125"},{"created_at":"2025-01-03T18:23:07-08:00","entry_id":334079,"field1":"4.125","field2":"-0.0625"},{"created_at":"2025-01-03T18:32:45-08:00","entry_id":334080,"field1":"4.0625","field2":"-0.0625"},{"created_at":"2025-01-03T18:42:21-08:00","entry_id":334081,"field1":"4.0625","field2":"0"},{"created_at":"2025-01-03T18:51:59-08:00","entry_id":334082,"field1":"4","field2":"0"},{"created_at":"2025-01-03T19:01:36-08:00","entry_id":334083,"field1":"4","field2":"0"},{"created_at":"2025-01-03T19:11:12-08:00","entry_id":334084,"field1":"3.9375","field2":"0"},{"created_at":"2025-01-03T19:20:50-08:00","entry_id":334085,"field1":"3.9375","field2":"0.125"},{"created_at":"2025-01-03T19:30:27-08:00","entry_id":334086,"field1":"3.875","field2":"0.125"},{"created_at":"2025-01-03T19:40:04-08:00","entry_id":334087,"field1":"3.875","field2":"0.1875"},{"created_at":"2025-01-03T19:49:42-08:00","entry_id":334088,"field1":"3.9375","field2":"0.1875"},{"created_at":"2025-01-03T19:59:19-08:00","entry_id":334089,"field1":"4","field2":"0.1875"},{"created_at":"2025-01-03T20:08:57-08:00","entry_id":334090,"field1":"4.0625","field2":"0.125"},{"created_at":"2025-01-03T20:18:32-08:00","entry_id":334091,"field1":"4.125","field2":"0"},{"created_at":"2025-01-03T20:28:10-08:00","entry_id":334092,"field1":"4.1875","field2":"-0.125"},{"created_at":"2025-01-03T20:37:48-08:00","entry_id":334093,"field1":"4.25","field2":"0"},{"created_at":"2025-01-03T20:47:25-08:00","entry_id":334094,"field1":"4.25","field2":"-0.125"},{"created_at":"2025-01-03T20:57:02-08:00","entry_id":334095,"field1":"4.3125","field2":"-0.125"},{"created_at":"2025-01-03T21:06:40-08:00","entry_id":334096,"field1":"4.3125","field2":"-0.0625"},{"created_at":"2025-01-03T21:16:17-08:00","entry_id":334097,"field1":"4.375","field2":"-0.0625"},{"created_at":"2025-01-03T21:25:54-08:00","entry_id":334098,"field1":"4.375","field2":"-0.125"},{"created_at":"2025-01-03T21:35:31-08:00","entry_id":334099,"field1":"4.4375","field2":"-0.125"},{"created_at":"2025-01-03T21:45:09-08:00","entry_id":334100,"field1":"4.4375","field2":"-0.0625"},{"created_at":"2025-01-03T21:54:46-08:00","entry_id":334101,"field1":"4.4375","field2":"-0.0625"},{"created_at":"2025-01-03T22:04:23-08:00","entry_id":334102,"field1":"4.5","field2":"0"},{"created_at":"2025-01-03T22:14:00-08:00","entry_id":334103,"field1":"4.5","field2":"0"},{"created_at":"2025-01-03T22:23:38-08:00","entry_id":334104,"field1":"4.5","field2":"-0.125"},{"created_at":"2025-01-03T22:33:15-08:00","entry_id":334105,"field1":"4.5625","field2":"0"},{"created_at":"2025-01-03T22:42:52-08:00","entry_id":334106,"field1":"4.5625","field2":"0.0625"},{"created_at":"2025-01-03T22:52:28-08:00","entry_id":334107,"field1":"4.5625","field2":"0.0625"},{"created_at":"2025-01-03T23:02:05-08:00","entry_id":334108,"field1":"4.5625","field2":"0"},{"created_at":"2025-01-03T23:11:43-08:00","entry_id":334109,"field1":"4.625","field2":"0.0625"},{"created_at":"2025-01-03T23:21:18-08:00","entry_id":334110,"field1":"4.625","field2":"0.0625"},{"created_at":"2025-01-03T23:30:56-08:00","entry_id":334111,"field1":"4.625","field2":"0"},{"created_at":"2025-01-03T23:40:32-08:00","entry_id":334112,"field1":"4.625","field2":"-0.0625"},{"created_at":"2025-01-03T23:50:11-08:00","entry_id":334113,"field1":"4.6875","field2":"-0.0625"},{"created_at":"2025-01-03T23:59:48-08:00","entry_id":334114,"field1":"4.6875","field2":"-0.125"}]}