{"channel":{"id":581842,"name":"Upstairs Small Window Indoor / Outdoor Sensor","latitude":"0.0","longitude":"0.0","field1":"Indoor Temperature","field2":"Outdoor Temperature","created_at":"2018-09-23T15:37:52-07:00","updated_at":"2020-07-27T05:59:41-07:00","last_entry_id":287288},"feeds":[{"created_at":"2024-02-22T00:01:31-08:00","entry_id":287008,"field1":"2.1875","field2":"1.375"},{"created_at":"2024-02-22T00:11:08-08:00","entry_id":287009,"field1":"2.1875","field2":"1.4375"},{"created_at":"2024-02-22T00:20:45-08:00","entry_id":287010,"field1":"2.1875","field2":"1.4375"},{"created_at":"2024-02-22T00:30:21-08:00","entry_id":287011,"field1":"2.1875","field2":"1.5"},{"created_at":"2024-02-22T00:39:59-08:00","entry_id":287012,"field1":"2.1875","field2":"1.4375"},{"created_at":"2024-02-22T00:49:36-08:00","entry_id":287013,"field1":"2.1875","field2":"1.375"},{"created_at":"2024-02-22T00:59:13-08:00","entry_id":287014,"field1":"2.1875","field2":"1.375"},{"created_at":"2024-02-22T01:08:50-08:00","entry_id":287015,"field1":"2.1875","field2":"1.375"},{"created_at":"2024-02-22T01:18:27-08:00","entry_id":287016,"field1":"2.1875","field2":"1.375"},{"created_at":"2024-02-22T01:28:05-08:00","entry_id":287017,"field1":"2.1875","field2":"1.3125"},{"created_at":"2024-02-22T01:37:42-08:00","entry_id":287018,"field1":"2.125","field2":"1.3125"},{"created_at":"2024-02-22T01:47:18-08:00","entry_id":287019,"field1":"2.125","field2":"1.3125"},{"created_at":"2024-02-22T01:56:55-08:00","entry_id":287020,"field1":"2.125","field2":"1.4375"},{"created_at":"2024-02-22T02:06:32-08:00","entry_id":287021,"field1":"2.125","field2":"1.375"},{"created_at":"2024-02-22T02:16:09-08:00","entry_id":287022,"field1":"2.125","field2":"1.375"},{"created_at":"2024-02-22T02:25:46-08:00","entry_id":287023,"field1":"2.125","field2":"1.375"},{"created_at":"2024-02-22T02:35:23-08:00","entry_id":287024,"field1":"2.125","field2":"1.3125"},{"created_at":"2024-02-22T02:45:00-08:00","entry_id":287025,"field1":"2.125","field2":"1.25"},{"created_at":"2024-02-22T02:54:35-08:00","entry_id":287026,"field1":"2.125","field2":"1.25"},{"created_at":"2024-02-22T03:04:13-08:00","entry_id":287027,"field1":"2.125","field2":"1.25"},{"created_at":"2024-02-22T03:13:49-08:00","entry_id":287028,"field1":"2.125","field2":"1.25"},{"created_at":"2024-02-22T03:23:27-08:00","entry_id":287029,"field1":"2.0625","field2":"1.3125"},{"created_at":"2024-02-22T03:33:04-08:00","entry_id":287030,"field1":"2.125","field2":"1.3125"},{"created_at":"2024-02-22T03:42:41-08:00","entry_id":287031,"field1":"2.125","field2":"1.3125"},{"created_at":"2024-02-22T03:52:18-08:00","entry_id":287032,"field1":"2.0625","field2":"1.25"},{"created_at":"2024-02-22T04:01:55-08:00","entry_id":287033,"field1":"2.0625","field2":"1.1875"},{"created_at":"2024-02-22T04:11:32-08:00","entry_id":287034,"field1":"2.0625","field2":"1.25"},{"created_at":"2024-02-22T04:21:09-08:00","entry_id":287035,"field1":"2.0625","field2":"1.25"},{"created_at":"2024-02-22T04:30:46-08:00","entry_id":287036,"field1":"2.0625","field2":"1.25"},{"created_at":"2024-02-22T04:40:23-08:00","entry_id":287037,"field1":"2.0625","field2":"1.25"},{"created_at":"2024-02-22T04:50:00-08:00","entry_id":287038,"field1":"2.0625","field2":"1.25"},{"created_at":"2024-02-22T04:59:35-08:00","entry_id":287039,"field1":"2.0625","field2":"1.1875"},{"created_at":"2024-02-22T05:09:14-08:00","entry_id":287040,"field1":"2.0625","field2":"1.1875"},{"created_at":"2024-02-22T05:18:51-08:00","entry_id":287041,"field1":"2.0625","field2":"1.125"},{"created_at":"2024-02-22T05:28:28-08:00","entry_id":287042,"field1":"2.0625","field2":"1.1875"},{"created_at":"2024-02-22T05:38:05-08:00","entry_id":287043,"field1":"2","field2":"1.1875"},{"created_at":"2024-02-22T05:47:43-08:00","entry_id":287044,"field1":"2.0625","field2":"1.1875"},{"created_at":"2024-02-22T05:57:20-08:00","entry_id":287045,"field1":"2","field2":"1.1875"},{"created_at":"2024-02-22T06:06:55-08:00","entry_id":287046,"field1":"2","field2":"1.1875"},{"created_at":"2024-02-22T06:16:32-08:00","entry_id":287047,"field1":"2","field2":"1.1875"},{"created_at":"2024-02-22T06:26:10-08:00","entry_id":287048,"field1":"2","field2":"1.1875"},{"created_at":"2024-02-22T06:35:47-08:00","entry_id":287049,"field1":"2","field2":"1.1875"},{"created_at":"2024-02-22T06:45:23-08:00","entry_id":287050,"field1":"2","field2":"1.1875"},{"created_at":"2024-02-22T06:55:01-08:00","entry_id":287051,"field1":"2","field2":"1.1875"},{"created_at":"2024-02-22T07:04:38-08:00","entry_id":287052,"field1":"2","field2":"1.25"},{"created_at":"2024-02-22T07:14:14-08:00","entry_id":287053,"field1":"2","field2":"1.1875"},{"created_at":"2024-02-22T07:23:52-08:00","entry_id":287054,"field1":"2","field2":"1.1875"},{"created_at":"2024-02-22T07:33:29-08:00","entry_id":287055,"field1":"2","field2":"1.1875"},{"created_at":"2024-02-22T07:43:06-08:00","entry_id":287056,"field1":"2","field2":"1.25"},{"created_at":"2024-02-22T07:52:43-08:00","entry_id":287057,"field1":"2","field2":"1.3125"},{"created_at":"2024-02-22T08:02:20-08:00","entry_id":287058,"field1":"2","field2":"1.375"},{"created_at":"2024-02-22T08:11:57-08:00","entry_id":287059,"field1":"2","field2":"1.3125"},{"created_at":"2024-02-22T08:21:34-08:00","entry_id":287060,"field1":"2","field2":"1.375"},{"created_at":"2024-02-22T08:31:12-08:00","entry_id":287061,"field1":"2","field2":"1.375"},{"created_at":"2024-02-22T08:40:49-08:00","entry_id":287062,"field1":"2","field2":"1.4375"},{"created_at":"2024-02-22T08:50:26-08:00","entry_id":287063,"field1":"2","field2":"1.5"},{"created_at":"2024-02-22T09:00:04-08:00","entry_id":287064,"field1":"2","field2":"1.6875"},{"created_at":"2024-02-22T09:09:41-08:00","entry_id":287065,"field1":"2","field2":"1.75"},{"created_at":"2024-02-22T09:19:18-08:00","entry_id":287066,"field1":"2","field2":"1.875"},{"created_at":"2024-02-22T09:28:55-08:00","entry_id":287067,"field1":"2","field2":"2.0625"},{"created_at":"2024-02-22T09:38:32-08:00","entry_id":287068,"field1":"2","field2":"2"},{"created_at":"2024-02-22T09:48:10-08:00","entry_id":287069,"field1":"2","field2":"2.125"},{"created_at":"2024-02-22T09:57:47-08:00","entry_id":287070,"field1":"2","field2":"2.25"},{"created_at":"2024-02-22T10:07:24-08:00","entry_id":287071,"field1":"2","field2":"2.25"},{"created_at":"2024-02-22T10:17:01-08:00","entry_id":287072,"field1":"2","field2":"2.375"},{"created_at":"2024-02-22T10:26:39-08:00","entry_id":287073,"field1":"2.0625","field2":"2.5"},{"created_at":"2024-02-22T10:36:16-08:00","entry_id":287074,"field1":"2.0625","field2":"2.4375"},{"created_at":"2024-02-22T10:45:53-08:00","entry_id":287075,"field1":"2.0625","field2":"2.5625"},{"created_at":"2024-02-22T10:55:30-08:00","entry_id":287076,"field1":"2.0625","field2":"2.5625"},{"created_at":"2024-02-22T11:05:07-08:00","entry_id":287077,"field1":"2.125","field2":"2.6875"},{"created_at":"2024-02-22T11:14:44-08:00","entry_id":287078,"field1":"2.125","field2":"2.6875"},{"created_at":"2024-02-22T11:24:22-08:00","entry_id":287079,"field1":"2.125","field2":"2.875"},{"created_at":"2024-02-22T11:33:59-08:00","entry_id":287080,"field1":"2.125","field2":"2.9375"},{"created_at":"2024-02-22T11:43:36-08:00","entry_id":287081,"field1":"2.1875","field2":"3.0625"},{"created_at":"2024-02-22T11:53:13-08:00","entry_id":287082,"field1":"2.1875","field2":"3.1875"},{"created_at":"2024-02-22T12:02:51-08:00","entry_id":287083,"field1":"2.25","field2":"3.375"},{"created_at":"2024-02-22T12:12:28-08:00","entry_id":287084,"field1":"2.25","field2":"3.0625"},{"created_at":"2024-02-22T12:22:05-08:00","entry_id":287085,"field1":"2.3125","field2":"3.25"},{"created_at":"2024-02-22T12:31:43-08:00","entry_id":287086,"field1":"2.3125","field2":"3.5"},{"created_at":"2024-02-22T12:41:20-08:00","entry_id":287087,"field1":"2.375","field2":"3.5625"},{"created_at":"2024-02-22T12:50:56-08:00","entry_id":287088,"field1":"2.375","field2":"3.625"},{"created_at":"2024-02-22T13:00:34-08:00","entry_id":287089,"field1":"2.4375","field2":"3.3125"},{"created_at":"2024-02-22T13:10:11-08:00","entry_id":287090,"field1":"2.4375","field2":"3.625"},{"created_at":"2024-02-22T13:19:48-08:00","entry_id":287091,"field1":"2.4375","field2":"3.6875"},{"created_at":"2024-02-22T13:29:24-08:00","entry_id":287092,"field1":"2.5","field2":"3.75"},{"created_at":"2024-02-22T13:39:02-08:00","entry_id":287093,"field1":"2.5","field2":"3.75"},{"created_at":"2024-02-22T13:48:39-08:00","entry_id":287094,"field1":"2.5","field2":"3.75"},{"created_at":"2024-02-22T13:58:16-08:00","entry_id":287095,"field1":"2.5625","field2":"3.625"},{"created_at":"2024-02-22T14:07:54-08:00","entry_id":287096,"field1":"2.5625","field2":"3.625"},{"created_at":"2024-02-22T14:17:31-08:00","entry_id":287097,"field1":"2.5625","field2":"3.625"},{"created_at":"2024-02-22T14:27:08-08:00","entry_id":287098,"field1":"2.5625","field2":"3.8125"},{"created_at":"2024-02-22T14:36:45-08:00","entry_id":287099,"field1":"2.625","field2":"3.625"},{"created_at":"2024-02-22T14:46:23-08:00","entry_id":287100,"field1":"2.625","field2":"4.0625"},{"created_at":"2024-02-22T14:56:00-08:00","entry_id":287101,"field1":"2.625","field2":"3.4375"},{"created_at":"2024-02-22T15:05:37-08:00","entry_id":287102,"field1":"2.6875","field2":"3.8125"},{"created_at":"2024-02-22T15:15:14-08:00","entry_id":287103,"field1":"2.6875","field2":"3.875"},{"created_at":"2024-02-22T15:24:51-08:00","entry_id":287104,"field1":"2.75","field2":"4.0625"},{"created_at":"2024-02-22T15:34:28-08:00","entry_id":287105,"field1":"2.75","field2":"4.125"},{"created_at":"2024-02-22T15:44:06-08:00","entry_id":287106,"field1":"2.75","field2":"4"},{"created_at":"2024-02-22T15:53:43-08:00","entry_id":287107,"field1":"2.75","field2":"3.9375"},{"created_at":"2024-02-22T16:03:20-08:00","entry_id":287108,"field1":"2.75","field2":"3.8125"},{"created_at":"2024-02-22T16:12:57-08:00","entry_id":287109,"field1":"2.8125","field2":"3.625"},{"created_at":"2024-02-22T16:22:34-08:00","entry_id":287110,"field1":"2.8125","field2":"3.3125"},{"created_at":"2024-02-22T16:32:12-08:00","entry_id":287111,"field1":"2.8125","field2":"3"},{"created_at":"2024-02-22T16:41:49-08:00","entry_id":287112,"field1":"2.8125","field2":"2.9375"},{"created_at":"2024-02-22T16:51:26-08:00","entry_id":287113,"field1":"2.875","field2":"2.5625"},{"created_at":"2024-02-22T17:01:03-08:00","entry_id":287114,"field1":"2.875","field2":"2.5625"},{"created_at":"2024-02-22T17:10:40-08:00","entry_id":287115,"field1":"2.8125","field2":"2.375"},{"created_at":"2024-02-22T17:20:17-08:00","entry_id":287116,"field1":"2.8125","field2":"2.25"},{"created_at":"2024-02-22T17:29:53-08:00","entry_id":287117,"field1":"2.8125","field2":"2.0625"},{"created_at":"2024-02-22T17:39:30-08:00","entry_id":287118,"field1":"2.8125","field2":"1.875"},{"created_at":"2024-02-22T17:49:08-08:00","entry_id":287119,"field1":"2.8125","field2":"1.8125"},{"created_at":"2024-02-22T17:58:45-08:00","entry_id":287120,"field1":"2.8125","field2":"1.9375"},{"created_at":"2024-02-22T18:08:23-08:00","entry_id":287121,"field1":"2.8125","field2":"1.8125"},{"created_at":"2024-02-22T18:18:00-08:00","entry_id":287122,"field1":"2.8125","field2":"1.6875"},{"created_at":"2024-02-22T18:27:37-08:00","entry_id":287123,"field1":"2.8125","field2":"1.625"},{"created_at":"2024-02-22T18:37:13-08:00","entry_id":287124,"field1":"2.75","field2":"1.625"},{"created_at":"2024-02-22T18:46:51-08:00","entry_id":287125,"field1":"2.75","field2":"1.625"},{"created_at":"2024-02-22T18:56:28-08:00","entry_id":287126,"field1":"2.75","field2":"1.625"},{"created_at":"2024-02-22T19:06:09-08:00","entry_id":287127,"field1":"2.75","field2":"1.625"},{"created_at":"2024-02-22T19:15:44-08:00","entry_id":287128,"field1":"2.75","field2":"1.5"},{"created_at":"2024-02-22T19:25:21-08:00","entry_id":287129,"field1":"2.75","field2":"1.4375"},{"created_at":"2024-02-22T19:34:59-08:00","entry_id":287130,"field1":"2.6875","field2":"1.25"},{"created_at":"2024-02-22T19:44:35-08:00","entry_id":287131,"field1":"2.6875","field2":"1.1875"},{"created_at":"2024-02-22T19:54:13-08:00","entry_id":287132,"field1":"2.6875","field2":"1.1875"},{"created_at":"2024-02-22T20:03:49-08:00","entry_id":287133,"field1":"2.6875","field2":"1.1875"},{"created_at":"2024-02-22T20:13:27-08:00","entry_id":287134,"field1":"2.6875","field2":"1.25"},{"created_at":"2024-02-22T20:23:04-08:00","entry_id":287135,"field1":"2.625","field2":"1.25"},{"created_at":"2024-02-22T20:32:42-08:00","entry_id":287136,"field1":"2.625","field2":"1.3125"},{"created_at":"2024-02-22T20:42:19-08:00","entry_id":287137,"field1":"2.625","field2":"1.3125"},{"created_at":"2024-02-22T20:51:55-08:00","entry_id":287138,"field1":"2.625","field2":"1.375"},{"created_at":"2024-02-22T21:01:32-08:00","entry_id":287139,"field1":"2.625","field2":"1.5"},{"created_at":"2024-02-22T21:11:08-08:00","entry_id":287140,"field1":"2.625","field2":"1.5"},{"created_at":"2024-02-22T21:20:45-08:00","entry_id":287141,"field1":"2.625","field2":"1.5"},{"created_at":"2024-02-22T21:30:23-08:00","entry_id":287142,"field1":"2.5625","field2":"1.4375"},{"created_at":"2024-02-22T21:40:00-08:00","entry_id":287143,"field1":"2.5625","field2":"1.375"},{"created_at":"2024-02-22T21:49:37-08:00","entry_id":287144,"field1":"2.5625","field2":"1.375"},{"created_at":"2024-02-22T21:59:14-08:00","entry_id":287145,"field1":"2.5625","field2":"1.4375"},{"created_at":"2024-02-22T22:08:51-08:00","entry_id":287146,"field1":"2.5625","field2":"1.4375"},{"created_at":"2024-02-22T22:18:26-08:00","entry_id":287147,"field1":"2.5625","field2":"1.4375"},{"created_at":"2024-02-22T22:28:04-08:00","entry_id":287148,"field1":"2.5625","field2":"1.375"},{"created_at":"2024-02-22T22:37:41-08:00","entry_id":287149,"field1":"2.5","field2":"1.4375"},{"created_at":"2024-02-22T22:47:18-08:00","entry_id":287150,"field1":"2.5","field2":"1.4375"},{"created_at":"2024-02-22T22:56:55-08:00","entry_id":287151,"field1":"2.5","field2":"1.5"},{"created_at":"2024-02-22T23:06:32-08:00","entry_id":287152,"field1":"2.5","field2":"1.5"},{"created_at":"2024-02-22T23:16:10-08:00","entry_id":287153,"field1":"2.5","field2":"1.4375"},{"created_at":"2024-02-22T23:25:47-08:00","entry_id":287154,"field1":"2.5","field2":"1.375"},{"created_at":"2024-02-22T23:35:24-08:00","entry_id":287155,"field1":"2.5","field2":"1.375"},{"created_at":"2024-02-22T23:45:01-08:00","entry_id":287156,"field1":"2.5","field2":"1.375"},{"created_at":"2024-02-22T23:54:39-08:00","entry_id":287157,"field1":"2.5","field2":"1.375"}]}