{"channel":{"id":581842,"name":"Upstairs Small Window Indoor / Outdoor Sensor","latitude":"0.0","longitude":"0.0","field1":"Indoor Temperature","field2":"Outdoor Temperature","created_at":"2018-09-23T15:37:52-07:00","updated_at":"2020-07-27T05:59:41-07:00","last_entry_id":280700},"feeds":[{"created_at":"2024-01-09T00:01:01-08:00","entry_id":280419,"field1":"-0.5625","field2":"-2.5625"},{"created_at":"2024-01-09T00:10:36-08:00","entry_id":280420,"field1":"-0.5625","field2":"-2.5625"},{"created_at":"2024-01-09T00:20:12-08:00","entry_id":280421,"field1":"-0.625","field2":"-2.5625"},{"created_at":"2024-01-09T00:29:50-08:00","entry_id":280422,"field1":"-0.625","field2":"-2.5"},{"created_at":"2024-01-09T00:39:26-08:00","entry_id":280423,"field1":"-0.625","field2":"-2.5625"},{"created_at":"2024-01-09T00:49:03-08:00","entry_id":280424,"field1":"-0.625","field2":"-2.4375"},{"created_at":"2024-01-09T00:58:39-08:00","entry_id":280425,"field1":"-0.625","field2":"-2.4375"},{"created_at":"2024-01-09T01:08:14-08:00","entry_id":280426,"field1":"-0.625","field2":"-2.5"},{"created_at":"2024-01-09T01:17:52-08:00","entry_id":280427,"field1":"-0.6875","field2":"-2.4375"},{"created_at":"2024-01-09T01:27:27-08:00","entry_id":280428,"field1":"-0.625","field2":"-2.5"},{"created_at":"2024-01-09T01:37:04-08:00","entry_id":280429,"field1":"-0.6875","field2":"-2.5"},{"created_at":"2024-01-09T01:46:40-08:00","entry_id":280430,"field1":"-0.6875","field2":"-2.5"},{"created_at":"2024-01-09T01:56:17-08:00","entry_id":280431,"field1":"-0.6875","field2":"-2.4375"},{"created_at":"2024-01-09T02:05:54-08:00","entry_id":280432,"field1":"-0.6875","field2":"-2.4375"},{"created_at":"2024-01-09T02:15:31-08:00","entry_id":280433,"field1":"-0.6875","field2":"-2.375"},{"created_at":"2024-01-09T02:25:08-08:00","entry_id":280434,"field1":"-0.6875","field2":"-2.375"},{"created_at":"2024-01-09T02:34:43-08:00","entry_id":280435,"field1":"-0.6875","field2":"-2.375"},{"created_at":"2024-01-09T02:44:20-08:00","entry_id":280436,"field1":"-0.6875","field2":"-2.3125"},{"created_at":"2024-01-09T02:53:56-08:00","entry_id":280437,"field1":"-0.6875","field2":"-2.3125"},{"created_at":"2024-01-09T03:03:34-08:00","entry_id":280438,"field1":"-0.75","field2":"-2.3125"},{"created_at":"2024-01-09T03:13:09-08:00","entry_id":280439,"field1":"-0.75","field2":"-2.25"},{"created_at":"2024-01-09T03:22:47-08:00","entry_id":280440,"field1":"-0.75","field2":"-2.25"},{"created_at":"2024-01-09T03:32:24-08:00","entry_id":280441,"field1":"-0.75","field2":"-2.1875"},{"created_at":"2024-01-09T03:41:59-08:00","entry_id":280442,"field1":"-0.75","field2":"-2.0625"},{"created_at":"2024-01-09T03:51:35-08:00","entry_id":280443,"field1":"-0.75","field2":"-2"},{"created_at":"2024-01-09T04:01:13-08:00","entry_id":280444,"field1":"-0.75","field2":"-2.125"},{"created_at":"2024-01-09T04:10:48-08:00","entry_id":280445,"field1":"-0.75","field2":"-2.0625"},{"created_at":"2024-01-09T04:20:26-08:00","entry_id":280446,"field1":"-0.75","field2":"-2.125"},{"created_at":"2024-01-09T04:30:02-08:00","entry_id":280447,"field1":"-0.75","field2":"-2.1875"},{"created_at":"2024-01-09T04:39:39-08:00","entry_id":280448,"field1":"-0.75","field2":"-2.125"},{"created_at":"2024-01-09T04:49:15-08:00","entry_id":280449,"field1":"-0.75","field2":"-2.125"},{"created_at":"2024-01-09T04:58:52-08:00","entry_id":280450,"field1":"-0.8125","field2":"-2.125"},{"created_at":"2024-01-09T05:08:27-08:00","entry_id":280451,"field1":"-0.8125","field2":"-2.1875"},{"created_at":"2024-01-09T05:18:05-08:00","entry_id":280452,"field1":"-0.8125","field2":"-2.25"},{"created_at":"2024-01-09T05:27:42-08:00","entry_id":280453,"field1":"-0.8125","field2":"-2.25"},{"created_at":"2024-01-09T05:37:19-08:00","entry_id":280454,"field1":"-0.8125","field2":"-2.25"},{"created_at":"2024-01-09T05:46:55-08:00","entry_id":280455,"field1":"-0.8125","field2":"-2.25"},{"created_at":"2024-01-09T05:56:31-08:00","entry_id":280456,"field1":"-0.8125","field2":"-2.1875"},{"created_at":"2024-01-09T06:06:08-08:00","entry_id":280457,"field1":"-0.8125","field2":"-2.1875"},{"created_at":"2024-01-09T06:15:46-08:00","entry_id":280458,"field1":"-0.8125","field2":"-2.375"},{"created_at":"2024-01-09T06:25:21-08:00","entry_id":280459,"field1":"-0.8125","field2":"-2.4375"},{"created_at":"2024-01-09T06:34:58-08:00","entry_id":280460,"field1":"-0.8125","field2":"-2.4375"},{"created_at":"2024-01-09T06:44:35-08:00","entry_id":280461,"field1":"-0.8125","field2":"-2.375"},{"created_at":"2024-01-09T06:54:12-08:00","entry_id":280462,"field1":"-0.8125","field2":"-2.4375"},{"created_at":"2024-01-09T07:03:49-08:00","entry_id":280463,"field1":"-0.875","field2":"-2.4375"},{"created_at":"2024-01-09T07:13:24-08:00","entry_id":280464,"field1":"-0.8125","field2":"-2.4375"},{"created_at":"2024-01-09T07:23:00-08:00","entry_id":280465,"field1":"-0.875","field2":"-2.4375"},{"created_at":"2024-01-09T07:32:38-08:00","entry_id":280466,"field1":"-0.875","field2":"-2.5"},{"created_at":"2024-01-09T07:42:13-08:00","entry_id":280467,"field1":"-0.875","field2":"-2.375"},{"created_at":"2024-01-09T07:51:49-08:00","entry_id":280468,"field1":"-0.875","field2":"-2.3125"},{"created_at":"2024-01-09T08:01:27-08:00","entry_id":280469,"field1":"-0.875","field2":"-2.3125"},{"created_at":"2024-01-09T08:11:02-08:00","entry_id":280470,"field1":"-0.875","field2":"-2.25"},{"created_at":"2024-01-09T08:20:38-08:00","entry_id":280471,"field1":"-0.875","field2":"-2.25"},{"created_at":"2024-01-09T08:30:16-08:00","entry_id":280472,"field1":"-0.875","field2":"-2.1875"},{"created_at":"2024-01-09T08:39:51-08:00","entry_id":280473,"field1":"-0.875","field2":"-2.125"},{"created_at":"2024-01-09T08:49:27-08:00","entry_id":280474,"field1":"-0.875","field2":"-2.125"},{"created_at":"2024-01-09T08:59:05-08:00","entry_id":280475,"field1":"-0.875","field2":"-2"},{"created_at":"2024-01-09T09:08:40-08:00","entry_id":280476,"field1":"-0.875","field2":"-2"},{"created_at":"2024-01-09T09:18:18-08:00","entry_id":280477,"field1":"-0.875","field2":"-1.9375"},{"created_at":"2024-01-09T09:27:54-08:00","entry_id":280478,"field1":"-0.9375","field2":"-1.8125"},{"created_at":"2024-01-09T09:37:31-08:00","entry_id":280479,"field1":"-0.9375","field2":"-1.8125"},{"created_at":"2024-01-09T09:47:07-08:00","entry_id":280480,"field1":"-0.875","field2":"-1.75"},{"created_at":"2024-01-09T09:56:43-08:00","entry_id":280481,"field1":"-0.9375","field2":"-1.6875"},{"created_at":"2024-01-09T10:06:19-08:00","entry_id":280482,"field1":"-0.875","field2":"-1.625"},{"created_at":"2024-01-09T10:15:55-08:00","entry_id":280483,"field1":"-0.9375","field2":"-1.625"},{"created_at":"2024-01-09T10:25:33-08:00","entry_id":280484,"field1":"-0.9375","field2":"-1.5"},{"created_at":"2024-01-09T10:35:10-08:00","entry_id":280485,"field1":"-0.9375","field2":"-1.4375"},{"created_at":"2024-01-09T10:44:46-08:00","entry_id":280486,"field1":"-0.9375","field2":"-1.375"},{"created_at":"2024-01-09T10:54:21-08:00","entry_id":280487,"field1":"-0.9375","field2":"-1.3125"},{"created_at":"2024-01-09T11:03:59-08:00","entry_id":280488,"field1":"-0.875","field2":"-1.3125"},{"created_at":"2024-01-09T11:13:36-08:00","entry_id":280489,"field1":"-0.9375","field2":"-1.25"},{"created_at":"2024-01-09T11:23:13-08:00","entry_id":280490,"field1":"-0.9375","field2":"-1.25"},{"created_at":"2024-01-09T11:32:49-08:00","entry_id":280491,"field1":"-0.9375","field2":"-1.1875"},{"created_at":"2024-01-09T11:42:25-08:00","entry_id":280492,"field1":"-0.875","field2":"-1.125"},{"created_at":"2024-01-09T11:52:01-08:00","entry_id":280493,"field1":"-0.875","field2":"-1.125"},{"created_at":"2024-01-09T12:01:39-08:00","entry_id":280494,"field1":"-0.875","field2":"-1.0625"},{"created_at":"2024-01-09T12:11:15-08:00","entry_id":280495,"field1":"-0.875","field2":"-1.0625"},{"created_at":"2024-01-09T12:20:53-08:00","entry_id":280496,"field1":"-0.875","field2":"-1.125"},{"created_at":"2024-01-09T12:30:29-08:00","entry_id":280497,"field1":"-0.875","field2":"-1.125"},{"created_at":"2024-01-09T12:40:05-08:00","entry_id":280498,"field1":"-0.875","field2":"-1.125"},{"created_at":"2024-01-09T12:49:41-08:00","entry_id":280499,"field1":"-0.875","field2":"-1.1875"},{"created_at":"2024-01-09T12:59:18-08:00","entry_id":280500,"field1":"-0.875","field2":"-1.125"},{"created_at":"2024-01-09T13:08:54-08:00","entry_id":280501,"field1":"-0.875","field2":"-1.25"},{"created_at":"2024-01-09T13:18:30-08:00","entry_id":280502,"field1":"-0.875","field2":"-1.125"},{"created_at":"2024-01-09T13:28:09-08:00","entry_id":280503,"field1":"-0.875","field2":"-1.25"},{"created_at":"2024-01-09T13:37:44-08:00","entry_id":280504,"field1":"-0.875","field2":"-1.3125"},{"created_at":"2024-01-09T13:47:20-08:00","entry_id":280505,"field1":"-0.875","field2":"-1.1875"},{"created_at":"2024-01-09T13:56:56-08:00","entry_id":280506,"field1":"-0.875","field2":"-1.125"},{"created_at":"2024-01-09T14:06:33-08:00","entry_id":280507,"field1":"-0.875","field2":"-1.125"},{"created_at":"2024-01-09T14:16:09-08:00","entry_id":280508,"field1":"-0.8125","field2":"-1.0625"},{"created_at":"2024-01-09T14:25:45-08:00","entry_id":280509,"field1":"-0.875","field2":"-1.0625"},{"created_at":"2024-01-09T14:35:21-08:00","entry_id":280510,"field1":"-0.8125","field2":"-1"},{"created_at":"2024-01-09T14:44:59-08:00","entry_id":280511,"field1":"-0.8125","field2":"-0.9375"},{"created_at":"2024-01-09T14:54:34-08:00","entry_id":280512,"field1":"-0.8125","field2":"-0.875"},{"created_at":"2024-01-09T15:04:11-08:00","entry_id":280513,"field1":"-0.8125","field2":"-0.875"},{"created_at":"2024-01-09T15:13:47-08:00","entry_id":280514,"field1":"-0.8125","field2":"-0.875"},{"created_at":"2024-01-09T15:23:24-08:00","entry_id":280515,"field1":"-0.8125","field2":"-0.8125"},{"created_at":"2024-01-09T15:33:01-08:00","entry_id":280516,"field1":"-0.8125","field2":"-0.8125"},{"created_at":"2024-01-09T15:42:36-08:00","entry_id":280517,"field1":"-0.8125","field2":"-0.8125"},{"created_at":"2024-01-09T15:52:12-08:00","entry_id":280518,"field1":"-0.8125","field2":"-0.9375"},{"created_at":"2024-01-09T16:01:50-08:00","entry_id":280519,"field1":"-0.8125","field2":"-0.9375"},{"created_at":"2024-01-09T16:11:25-08:00","entry_id":280520,"field1":"-0.8125","field2":"-1"},{"created_at":"2024-01-09T16:21:02-08:00","entry_id":280521,"field1":"-0.8125","field2":"-1.0625"},{"created_at":"2024-01-09T16:30:38-08:00","entry_id":280522,"field1":"-0.8125","field2":"-1.0625"},{"created_at":"2024-01-09T16:40:14-08:00","entry_id":280523,"field1":"-0.8125","field2":"-1.0625"},{"created_at":"2024-01-09T16:49:52-08:00","entry_id":280524,"field1":"-0.8125","field2":"-1.0625"},{"created_at":"2024-01-09T16:59:27-08:00","entry_id":280525,"field1":"-0.8125","field2":"-1.125"},{"created_at":"2024-01-09T17:09:05-08:00","entry_id":280526,"field1":"-0.8125","field2":"-1.0625"},{"created_at":"2024-01-09T17:18:42-08:00","entry_id":280527,"field1":"-0.8125","field2":"-1.125"},{"created_at":"2024-01-09T17:28:17-08:00","entry_id":280528,"field1":"-0.8125","field2":"-1.0625"},{"created_at":"2024-01-09T17:37:55-08:00","entry_id":280529,"field1":"-0.8125","field2":"-1.0625"},{"created_at":"2024-01-09T17:47:31-08:00","entry_id":280530,"field1":"-0.8125","field2":"-1.0625"},{"created_at":"2024-01-09T17:57:08-08:00","entry_id":280531,"field1":"-0.75","field2":"-1.0625"},{"created_at":"2024-01-09T18:06:45-08:00","entry_id":280532,"field1":"-0.75","field2":"-1"},{"created_at":"2024-01-09T18:16:21-08:00","entry_id":280533,"field1":"-0.75","field2":"-1.0625"},{"created_at":"2024-01-09T18:25:58-08:00","entry_id":280534,"field1":"-0.75","field2":"-1"},{"created_at":"2024-01-09T18:35:34-08:00","entry_id":280535,"field1":"-0.75","field2":"-1"},{"created_at":"2024-01-09T18:45:11-08:00","entry_id":280536,"field1":"-0.75","field2":"-0.9375"},{"created_at":"2024-01-09T18:54:48-08:00","entry_id":280537,"field1":"-0.75","field2":"-0.9375"},{"created_at":"2024-01-09T19:04:25-08:00","entry_id":280538,"field1":"-0.75","field2":"-0.9375"},{"created_at":"2024-01-09T19:14:00-08:00","entry_id":280539,"field1":"-0.75","field2":"-1"},{"created_at":"2024-01-09T19:23:38-08:00","entry_id":280540,"field1":"-0.75","field2":"-0.9375"},{"created_at":"2024-01-09T19:33:13-08:00","entry_id":280541,"field1":"-0.75","field2":"-0.875"},{"created_at":"2024-01-09T19:42:51-08:00","entry_id":280542,"field1":"-0.75","field2":"-0.875"},{"created_at":"2024-01-09T19:52:28-08:00","entry_id":280543,"field1":"-0.75","field2":"-0.875"},{"created_at":"2024-01-09T20:02:05-08:00","entry_id":280544,"field1":"-0.75","field2":"-0.9375"},{"created_at":"2024-01-09T20:11:40-08:00","entry_id":280545,"field1":"-0.75","field2":"-0.9375"},{"created_at":"2024-01-09T20:21:18-08:00","entry_id":280546,"field1":"-0.75","field2":"-0.875"},{"created_at":"2024-01-09T20:30:55-08:00","entry_id":280547,"field1":"-0.75","field2":"-0.875"},{"created_at":"2024-01-09T20:40:30-08:00","entry_id":280548,"field1":"-0.75","field2":"-0.875"},{"created_at":"2024-01-09T20:50:07-08:00","entry_id":280549,"field1":"-0.75","field2":"-0.875"},{"created_at":"2024-01-09T20:59:45-08:00","entry_id":280550,"field1":"-0.75","field2":"-0.8125"},{"created_at":"2024-01-09T21:09:21-08:00","entry_id":280551,"field1":"-0.75","field2":"-0.875"},{"created_at":"2024-01-09T21:18:58-08:00","entry_id":280552,"field1":"-0.75","field2":"-0.875"},{"created_at":"2024-01-09T21:28:33-08:00","entry_id":280553,"field1":"-0.75","field2":"-0.875"},{"created_at":"2024-01-09T21:38:09-08:00","entry_id":280554,"field1":"-0.75","field2":"-0.8125"},{"created_at":"2024-01-09T21:47:45-08:00","entry_id":280555,"field1":"-0.6875","field2":"-0.8125"},{"created_at":"2024-01-09T21:57:21-08:00","entry_id":280556,"field1":"-0.6875","field2":"-0.875"},{"created_at":"2024-01-09T22:06:57-08:00","entry_id":280557,"field1":"-0.75","field2":"-0.8125"},{"created_at":"2024-01-09T22:16:33-08:00","entry_id":280558,"field1":"-0.6875","field2":"-0.8125"},{"created_at":"2024-01-09T22:26:12-08:00","entry_id":280559,"field1":"-0.6875","field2":"-0.75"},{"created_at":"2024-01-09T22:35:47-08:00","entry_id":280560,"field1":"-0.6875","field2":"-0.75"},{"created_at":"2024-01-09T22:45:25-08:00","entry_id":280561,"field1":"-0.6875","field2":"-0.75"},{"created_at":"2024-01-09T22:55:00-08:00","entry_id":280562,"field1":"-0.6875","field2":"-0.6875"},{"created_at":"2024-01-09T23:04:38-08:00","entry_id":280563,"field1":"-0.6875","field2":"-0.6875"},{"created_at":"2024-01-09T23:14:14-08:00","entry_id":280564,"field1":"-0.6875","field2":"-0.6875"},{"created_at":"2024-01-09T23:23:51-08:00","entry_id":280565,"field1":"-0.6875","field2":"-0.6875"},{"created_at":"2024-01-09T23:33:27-08:00","entry_id":280566,"field1":"-0.6875","field2":"-0.75"},{"created_at":"2024-01-09T23:43:03-08:00","entry_id":280567,"field1":"-0.6875","field2":"-0.8125"},{"created_at":"2024-01-09T23:52:41-08:00","entry_id":280568,"field1":"-0.6875","field2":"-0.75"}]}