{"channel":{"id":581842,"name":"Upstairs Small Window Indoor / Outdoor Sensor","latitude":"0.0","longitude":"0.0","field1":"Indoor Temperature","field2":"Outdoor Temperature","created_at":"2018-09-23T15:37:52-07:00","updated_at":"2020-07-27T05:59:41-07:00","last_entry_id":237920},"feeds":[{"created_at":"2023-03-27T00:01:46-07:00","entry_id":237633,"field1":"7.25","field2":"0.4375"},{"created_at":"2023-03-27T00:11:22-07:00","entry_id":237634,"field1":"7.6875","field2":"0.3125"},{"created_at":"2023-03-27T00:20:59-07:00","entry_id":237635,"field1":"8.1875","field2":"0.3125"},{"created_at":"2023-03-27T00:30:36-07:00","entry_id":237636,"field1":"8.3125","field2":"0.25"},{"created_at":"2023-03-27T00:40:12-07:00","entry_id":237637,"field1":"8","field2":"0.0625"},{"created_at":"2023-03-27T00:49:49-07:00","entry_id":237638,"field1":"7.8125","field2":"0"},{"created_at":"2023-03-27T00:59:27-07:00","entry_id":237639,"field1":"7.625","field2":"-0.125"},{"created_at":"2023-03-27T01:09:02-07:00","entry_id":237640,"field1":"7.5625","field2":"-0.25"},{"created_at":"2023-03-27T01:18:41-07:00","entry_id":237641,"field1":"7.4375","field2":"-0.375"},{"created_at":"2023-03-27T01:28:17-07:00","entry_id":237642,"field1":"7.375","field2":"-0.4375"},{"created_at":"2023-03-27T01:37:55-07:00","entry_id":237643,"field1":"7.3125","field2":"-0.4375"},{"created_at":"2023-03-27T01:47:31-07:00","entry_id":237644,"field1":"7.25","field2":"-0.5"},{"created_at":"2023-03-27T01:57:09-07:00","entry_id":237645,"field1":"7.125","field2":"-0.3125"},{"created_at":"2023-03-27T02:06:46-07:00","entry_id":237646,"field1":"7.0625","field2":"-0.5625"},{"created_at":"2023-03-27T02:16:21-07:00","entry_id":237647,"field1":"7.1875","field2":"-0.75"},{"created_at":"2023-03-27T02:26:01-07:00","entry_id":237648,"field1":"7.8125","field2":"-0.6875"},{"created_at":"2023-03-27T02:35:38-07:00","entry_id":237649,"field1":"8.25","field2":"-0.5"},{"created_at":"2023-03-27T02:45:16-07:00","entry_id":237650,"field1":"8","field2":"-0.5625"},{"created_at":"2023-03-27T02:54:53-07:00","entry_id":237651,"field1":"7.6875","field2":"-0.5"},{"created_at":"2023-03-27T03:04:29-07:00","entry_id":237652,"field1":"7.5","field2":"-0.5"},{"created_at":"2023-03-27T03:14:07-07:00","entry_id":237653,"field1":"7.375","field2":"-0.375"},{"created_at":"2023-03-27T03:23:42-07:00","entry_id":237654,"field1":"7.25","field2":"-0.4375"},{"created_at":"2023-03-27T03:33:21-07:00","entry_id":237655,"field1":"7.1875","field2":"-0.3125"},{"created_at":"2023-03-27T03:42:56-07:00","entry_id":237656,"field1":"7.0625","field2":"-0.25"},{"created_at":"2023-03-27T03:52:32-07:00","entry_id":237657,"field1":"7","field2":"-0.3125"},{"created_at":"2023-03-27T04:02:12-07:00","entry_id":237658,"field1":"6.9375","field2":"-0.375"},{"created_at":"2023-03-27T04:11:48-07:00","entry_id":237659,"field1":"7.3125","field2":"-0.5625"},{"created_at":"2023-03-27T04:21:24-07:00","entry_id":237660,"field1":"7.875","field2":"-0.75"},{"created_at":"2023-03-27T04:31:01-07:00","entry_id":237661,"field1":"8.1875","field2":"-0.875"},{"created_at":"2023-03-27T04:40:40-07:00","entry_id":237662,"field1":"7.8125","field2":"-0.9375"},{"created_at":"2023-03-27T04:50:28-07:00","entry_id":237663,"field1":"7.5","field2":"-1.0625"},{"created_at":"2023-03-27T05:00:01-07:00","entry_id":237664,"field1":"7.375","field2":"-1.125"},{"created_at":"2023-03-27T05:09:38-07:00","entry_id":237665,"field1":"7.1875","field2":"-1.25"},{"created_at":"2023-03-27T05:19:15-07:00","entry_id":237666,"field1":"7.125","field2":"-1.1875"},{"created_at":"2023-03-27T05:28:51-07:00","entry_id":237667,"field1":"7","field2":"-1.4375"},{"created_at":"2023-03-27T05:38:29-07:00","entry_id":237668,"field1":"6.875","field2":"-1.5"},{"created_at":"2023-03-27T05:48:06-07:00","entry_id":237669,"field1":"6.875","field2":"-1.5625"},{"created_at":"2023-03-27T05:57:43-07:00","entry_id":237670,"field1":"7.375","field2":"-1.625"},{"created_at":"2023-03-27T06:07:20-07:00","entry_id":237671,"field1":"7.875","field2":"-1.625"},{"created_at":"2023-03-27T06:16:56-07:00","entry_id":237672,"field1":"8","field2":"-1.5"},{"created_at":"2023-03-27T06:26:33-07:00","entry_id":237673,"field1":"7.625","field2":"-1.625"},{"created_at":"2023-03-27T06:36:09-07:00","entry_id":237674,"field1":"7.375","field2":"-1.625"},{"created_at":"2023-03-27T06:45:45-07:00","entry_id":237675,"field1":"7.1875","field2":"-1.6875"},{"created_at":"2023-03-27T06:55:22-07:00","entry_id":237676,"field1":"7","field2":"-1.4375"},{"created_at":"2023-03-27T07:04:59-07:00","entry_id":237677,"field1":"6.875","field2":"-1.4375"},{"created_at":"2023-03-27T07:14:35-07:00","entry_id":237678,"field1":"6.8125","field2":"-1.3125"},{"created_at":"2023-03-27T07:24:13-07:00","entry_id":237679,"field1":"6.75","field2":"-1.125"},{"created_at":"2023-03-27T07:33:49-07:00","entry_id":237680,"field1":"7.375","field2":"-1.125"},{"created_at":"2023-03-27T07:43:25-07:00","entry_id":237681,"field1":"7.8125","field2":"-0.8125"},{"created_at":"2023-03-27T07:53:04-07:00","entry_id":237682,"field1":"8.0625","field2":"-0.625"},{"created_at":"2023-03-27T08:02:41-07:00","entry_id":237683,"field1":"7.625","field2":"-0.625"},{"created_at":"2023-03-27T08:12:16-07:00","entry_id":237684,"field1":"7.375","field2":"-0.375"},{"created_at":"2023-03-27T08:21:52-07:00","entry_id":237685,"field1":"7.1875","field2":"-0.3125"},{"created_at":"2023-03-27T08:31:30-07:00","entry_id":237686,"field1":"7.0625","field2":"0.0625"},{"created_at":"2023-03-27T08:41:06-07:00","entry_id":237687,"field1":"6.9375","field2":"0.0625"},{"created_at":"2023-03-27T08:50:44-07:00","entry_id":237688,"field1":"6.875","field2":"0"},{"created_at":"2023-03-27T09:00:22-07:00","entry_id":237689,"field1":"6.875","field2":"0.25"},{"created_at":"2023-03-27T09:09:59-07:00","entry_id":237690,"field1":"6.8125","field2":"0.6875"},{"created_at":"2023-03-27T09:19:36-07:00","entry_id":237691,"field1":"6.75","field2":"0.6875"},{"created_at":"2023-03-27T09:29:13-07:00","entry_id":237692,"field1":"7","field2":"1"},{"created_at":"2023-03-27T09:38:50-07:00","entry_id":237693,"field1":"7.6875","field2":"0.875"},{"created_at":"2023-03-27T09:48:28-07:00","entry_id":237694,"field1":"8.0625","field2":"1.25"},{"created_at":"2023-03-27T09:58:05-07:00","entry_id":237695,"field1":"7.8125","field2":"1.4375"},{"created_at":"2023-03-27T10:07:41-07:00","entry_id":237696,"field1":"7.6875","field2":"2.5625"},{"created_at":"2023-03-27T10:17:18-07:00","entry_id":237697,"field1":"7.5625","field2":"1.875"},{"created_at":"2023-03-27T10:26:56-07:00","entry_id":237698,"field1":"7.4375","field2":"1.875"},{"created_at":"2023-03-27T10:36:32-07:00","entry_id":237699,"field1":"7.375","field2":"1.6875"},{"created_at":"2023-03-27T10:46:08-07:00","entry_id":237700,"field1":"7.3125","field2":"2.3125"},{"created_at":"2023-03-27T10:55:45-07:00","entry_id":237701,"field1":"7.375","field2":"3"},{"created_at":"2023-03-27T11:05:20-07:00","entry_id":237702,"field1":"7.4375","field2":"3.125"},{"created_at":"2023-03-27T11:14:58-07:00","entry_id":237703,"field1":"7.4375","field2":"3.25"},{"created_at":"2023-03-27T11:24:34-07:00","entry_id":237704,"field1":"7.4375","field2":"2.875"},{"created_at":"2023-03-27T11:34:11-07:00","entry_id":237705,"field1":"7.5","field2":"3.25"},{"created_at":"2023-03-27T11:43:48-07:00","entry_id":237706,"field1":"7.5","field2":"3.4375"},{"created_at":"2023-03-27T11:53:24-07:00","entry_id":237707,"field1":"7.5","field2":"3.4375"},{"created_at":"2023-03-27T12:03:01-07:00","entry_id":237708,"field1":"7.5625","field2":"3.5"},{"created_at":"2023-03-27T12:12:38-07:00","entry_id":237709,"field1":"7.5625","field2":"4.375"},{"created_at":"2023-03-27T12:22:15-07:00","entry_id":237710,"field1":"7.5625","field2":"3.6875"},{"created_at":"2023-03-27T12:31:52-07:00","entry_id":237711,"field1":"7.5625","field2":"3.6875"},{"created_at":"2023-03-27T12:41:31-07:00","entry_id":237712,"field1":"7.5625","field2":"4"},{"created_at":"2023-03-27T12:51:08-07:00","entry_id":237713,"field1":"7.5","field2":"4.375"},{"created_at":"2023-03-27T13:00:44-07:00","entry_id":237714,"field1":"7.5","field2":"4"},{"created_at":"2023-03-27T13:10:22-07:00","entry_id":237715,"field1":"7.5","field2":"4.1875"},{"created_at":"2023-03-27T13:20:00-07:00","entry_id":237716,"field1":"7.5","field2":"4.6875"},{"created_at":"2023-03-27T13:29:38-07:00","entry_id":237717,"field1":"7.4375","field2":"4.25"},{"created_at":"2023-03-27T13:39:15-07:00","entry_id":237718,"field1":"7.4375","field2":"4.6875"},{"created_at":"2023-03-27T13:48:52-07:00","entry_id":237719,"field1":"7.4375","field2":"4.75"},{"created_at":"2023-03-27T13:58:29-07:00","entry_id":237720,"field1":"7.4375","field2":"4.5625"},{"created_at":"2023-03-27T14:08:06-07:00","entry_id":237721,"field1":"7.375","field2":"5.125"},{"created_at":"2023-03-27T14:17:43-07:00","entry_id":237722,"field1":"7.375","field2":"6.6875"},{"created_at":"2023-03-27T14:27:20-07:00","entry_id":237723,"field1":"7.375","field2":"7.6875"},{"created_at":"2023-03-27T14:36:57-07:00","entry_id":237724,"field1":"7.375","field2":"6.3125"},{"created_at":"2023-03-27T14:46:34-07:00","entry_id":237725,"field1":"7.3125","field2":"6.3125"},{"created_at":"2023-03-27T14:56:10-07:00","entry_id":237726,"field1":"7.3125","field2":"6"},{"created_at":"2023-03-27T15:05:47-07:00","entry_id":237727,"field1":"7.3125","field2":"5.1875"},{"created_at":"2023-03-27T15:15:23-07:00","entry_id":237728,"field1":"7.3125","field2":"6.125"},{"created_at":"2023-03-27T15:25:01-07:00","entry_id":237729,"field1":"7.3125","field2":"5.75"},{"created_at":"2023-03-27T15:34:38-07:00","entry_id":237730,"field1":"7.3125","field2":"7.1875"},{"created_at":"2023-03-27T15:44:16-07:00","entry_id":237731,"field1":"7.3125","field2":"7.5625"},{"created_at":"2023-03-27T15:53:53-07:00","entry_id":237732,"field1":"7.3125","field2":"7.0625"},{"created_at":"2023-03-27T16:03:30-07:00","entry_id":237733,"field1":"7.3125","field2":"7.125"},{"created_at":"2023-03-27T16:13:06-07:00","entry_id":237734,"field1":"7.3125","field2":"6.5625"},{"created_at":"2023-03-27T16:22:44-07:00","entry_id":237735,"field1":"7.3125","field2":"6.1875"},{"created_at":"2023-03-27T16:32:21-07:00","entry_id":237736,"field1":"7.25","field2":"6"},{"created_at":"2023-03-27T16:41:58-07:00","entry_id":237737,"field1":"7.25","field2":"6"},{"created_at":"2023-03-27T16:51:35-07:00","entry_id":237738,"field1":"7.25","field2":"6.0625"},{"created_at":"2023-03-27T17:01:12-07:00","entry_id":237739,"field1":"7.25","field2":"6.0625"},{"created_at":"2023-03-27T17:10:49-07:00","entry_id":237740,"field1":"7.25","field2":"6.5"},{"created_at":"2023-03-27T17:20:27-07:00","entry_id":237741,"field1":"7.25","field2":"6.3125"},{"created_at":"2023-03-27T17:30:02-07:00","entry_id":237742,"field1":"7.25","field2":"6.8125"},{"created_at":"2023-03-27T17:39:40-07:00","entry_id":237743,"field1":"7.25","field2":"6.8125"},{"created_at":"2023-03-27T17:49:18-07:00","entry_id":237744,"field1":"7.1875","field2":"7"},{"created_at":"2023-03-27T17:58:55-07:00","entry_id":237745,"field1":"7.1875","field2":"6.5625"},{"created_at":"2023-03-27T18:08:30-07:00","entry_id":237746,"field1":"7.1875","field2":"6.0625"},{"created_at":"2023-03-27T18:18:06-07:00","entry_id":237747,"field1":"7.1875","field2":"5.5625"},{"created_at":"2023-03-27T18:27:44-07:00","entry_id":237748,"field1":"7.375","field2":"5.125"},{"created_at":"2023-03-27T18:37:22-07:00","entry_id":237749,"field1":"8.125","field2":"4.8125"},{"created_at":"2023-03-27T18:47:00-07:00","entry_id":237750,"field1":"8.5625","field2":"4.625"},{"created_at":"2023-03-27T18:56:37-07:00","entry_id":237751,"field1":"8.1875","field2":"4.4375"},{"created_at":"2023-03-27T19:06:14-07:00","entry_id":237752,"field1":"7.9375","field2":"4.125"},{"created_at":"2023-03-27T19:15:51-07:00","entry_id":237753,"field1":"7.8125","field2":"4.125"},{"created_at":"2023-03-27T19:25:27-07:00","entry_id":237754,"field1":"7.75","field2":"4.0625"},{"created_at":"2023-03-27T19:35:04-07:00","entry_id":237755,"field1":"7.625","field2":"4"},{"created_at":"2023-03-27T19:44:40-07:00","entry_id":237756,"field1":"7.5625","field2":"3.75"},{"created_at":"2023-03-27T19:54:16-07:00","entry_id":237757,"field1":"7.5","field2":"3.5"},{"created_at":"2023-03-27T20:03:55-07:00","entry_id":237758,"field1":"7.4375","field2":"3.375"},{"created_at":"2023-03-27T20:13:33-07:00","entry_id":237759,"field1":"7.375","field2":"3.25"},{"created_at":"2023-03-27T20:23:10-07:00","entry_id":237760,"field1":"7.3125","field2":"2.875"},{"created_at":"2023-03-27T20:32:48-07:00","entry_id":237761,"field1":"7.3125","field2":"2.875"},{"created_at":"2023-03-27T20:42:23-07:00","entry_id":237762,"field1":"7.25","field2":"2.8125"},{"created_at":"2023-03-27T20:52:01-07:00","entry_id":237763,"field1":"7.1875","field2":"2.75"},{"created_at":"2023-03-27T21:01:38-07:00","entry_id":237764,"field1":"7.125","field2":"2.625"},{"created_at":"2023-03-27T21:11:15-07:00","entry_id":237765,"field1":"7.125","field2":"2.5625"},{"created_at":"2023-03-27T21:20:52-07:00","entry_id":237766,"field1":"7.6875","field2":"2.5625"},{"created_at":"2023-03-27T21:30:28-07:00","entry_id":237767,"field1":"8.3125","field2":"2.375"},{"created_at":"2023-03-27T21:40:07-07:00","entry_id":237768,"field1":"8.25","field2":"2.25"},{"created_at":"2023-03-27T21:49:43-07:00","entry_id":237769,"field1":"7.9375","field2":"2.0625"},{"created_at":"2023-03-27T21:59:21-07:00","entry_id":237770,"field1":"7.75","field2":"1.75"},{"created_at":"2023-03-27T22:08:57-07:00","entry_id":237771,"field1":"7.625","field2":"1.5625"},{"created_at":"2023-03-27T22:18:35-07:00","entry_id":237772,"field1":"7.5","field2":"1.4375"},{"created_at":"2023-03-27T22:28:13-07:00","entry_id":237773,"field1":"7.375","field2":"1.3125"},{"created_at":"2023-03-27T22:37:49-07:00","entry_id":237774,"field1":"7.3125","field2":"1.3125"},{"created_at":"2023-03-27T22:47:25-07:00","entry_id":237775,"field1":"7.1875","field2":"1.25"},{"created_at":"2023-03-27T22:57:03-07:00","entry_id":237776,"field1":"7.125","field2":"1.125"},{"created_at":"2023-03-27T23:06:40-07:00","entry_id":237777,"field1":"7.0625","field2":"1.0625"},{"created_at":"2023-03-27T23:16:16-07:00","entry_id":237778,"field1":"7","field2":"0.8125"},{"created_at":"2023-03-27T23:25:54-07:00","entry_id":237779,"field1":"7.1875","field2":"0.875"},{"created_at":"2023-03-27T23:35:31-07:00","entry_id":237780,"field1":"7.875","field2":"1"},{"created_at":"2023-03-27T23:45:09-07:00","entry_id":237781,"field1":"8.3125","field2":"1.0625"},{"created_at":"2023-03-27T23:54:46-07:00","entry_id":237782,"field1":"8.125","field2":"1"}]}