{"channel":{"id":581842,"name":"Upstairs Small Window Indoor / Outdoor Sensor","latitude":"0.0","longitude":"0.0","field1":"Indoor Temperature","field2":"Outdoor Temperature","created_at":"2018-09-23T15:37:52-07:00","updated_at":"2020-07-27T05:59:41-07:00","last_entry_id":150128},"feeds":[{"created_at":"2019-01-14T00:02:47-08:00","entry_id":15224,"field1":"-0.0625","field2":"-2.375"},{"created_at":"2019-01-14T00:12:24-08:00","entry_id":15225,"field1":"-0.0625","field2":"-2.4375"},{"created_at":"2019-01-14T00:22:01-08:00","entry_id":15226,"field1":"-0.0625","field2":"-2.375"},{"created_at":"2019-01-14T00:31:38-08:00","entry_id":15227,"field1":"-0.0625","field2":"-2.625"},{"created_at":"2019-01-14T00:41:14-08:00","entry_id":15228,"field1":"-0.0625","field2":"-2.625"},{"created_at":"2019-01-14T00:50:51-08:00","entry_id":15229,"field1":"-0.0625","field2":"-2.6875"},{"created_at":"2019-01-14T01:00:27-08:00","entry_id":15230,"field1":"-0.125","field2":"-2.625"},{"created_at":"2019-01-14T01:10:04-08:00","entry_id":15231,"field1":"-0.0625","field2":"-2.6875"},{"created_at":"2019-01-14T01:19:41-08:00","entry_id":15232,"field1":"-0.125","field2":"-2.5625"},{"created_at":"2019-01-14T01:29:19-08:00","entry_id":15233,"field1":"-0.0625","field2":"-2.6875"},{"created_at":"2019-01-14T01:39:00-08:00","entry_id":15234,"field1":"-0.125","field2":"-2.6875"},{"created_at":"2019-01-14T01:48:35-08:00","entry_id":15235,"field1":"-0.125","field2":"-2.75"},{"created_at":"2019-01-14T01:58:11-08:00","entry_id":15236,"field1":"-0.125","field2":"-2.8125"},{"created_at":"2019-01-14T02:07:48-08:00","entry_id":15237,"field1":"-0.125","field2":"-2.8125"},{"created_at":"2019-01-14T02:17:25-08:00","entry_id":15238,"field1":"-0.125","field2":"-2.8125"},{"created_at":"2019-01-14T02:27:03-08:00","entry_id":15239,"field1":"-0.125","field2":"-2.8125"},{"created_at":"2019-01-14T02:36:39-08:00","entry_id":15240,"field1":"-0.125","field2":"-2.75"},{"created_at":"2019-01-14T02:46:16-08:00","entry_id":15241,"field1":"-0.1875","field2":"-2.75"},{"created_at":"2019-01-14T02:55:53-08:00","entry_id":15242,"field1":"-0.1875","field2":"-3"},{"created_at":"2019-01-14T03:05:29-08:00","entry_id":15243,"field1":"-0.1875","field2":"-3.0625"},{"created_at":"2019-01-14T03:15:06-08:00","entry_id":15244,"field1":"-0.1875","field2":"-3.125"},{"created_at":"2019-01-14T03:24:43-08:00","entry_id":15245,"field1":"-0.1875","field2":"-3.1875"},{"created_at":"2019-01-14T03:34:20-08:00","entry_id":15246,"field1":"-0.1875","field2":"-3.25"},{"created_at":"2019-01-14T03:43:56-08:00","entry_id":15247,"field1":"-0.1875","field2":"-3.25"},{"created_at":"2019-01-14T03:53:33-08:00","entry_id":15248,"field1":"-0.25","field2":"-3.3125"},{"created_at":"2019-01-14T04:03:10-08:00","entry_id":15249,"field1":"-0.25","field2":"-3.3125"},{"created_at":"2019-01-14T04:12:46-08:00","entry_id":15250,"field1":"-0.25","field2":"-3.25"},{"created_at":"2019-01-14T04:22:23-08:00","entry_id":15251,"field1":"-0.25","field2":"-3.3125"},{"created_at":"2019-01-14T04:32:04-08:00","entry_id":15252,"field1":"-0.25","field2":"-3.3125"},{"created_at":"2019-01-14T04:41:39-08:00","entry_id":15253,"field1":"-0.25","field2":"-3.125"},{"created_at":"2019-01-14T04:51:16-08:00","entry_id":15254,"field1":"-0.25","field2":"-3.1875"},{"created_at":"2019-01-14T05:00:53-08:00","entry_id":15255,"field1":"-0.3125","field2":"-3.25"},{"created_at":"2019-01-14T05:10:30-08:00","entry_id":15256,"field1":"-0.3125","field2":"-3.3125"},{"created_at":"2019-01-14T05:20:07-08:00","entry_id":15257,"field1":"-0.3125","field2":"-3.375"},{"created_at":"2019-01-14T05:29:45-08:00","entry_id":15258,"field1":"-0.3125","field2":"-3.3125"},{"created_at":"2019-01-14T05:39:21-08:00","entry_id":15259,"field1":"-0.3125","field2":"-3.4375"},{"created_at":"2019-01-14T05:48:58-08:00","entry_id":15260,"field1":"-0.3125","field2":"-3.3125"},{"created_at":"2019-01-14T05:58:34-08:00","entry_id":15261,"field1":"-0.375","field2":"-3.25"},{"created_at":"2019-01-14T06:08:11-08:00","entry_id":15262,"field1":"-0.375","field2":"-3.25"},{"created_at":"2019-01-14T06:17:48-08:00","entry_id":15263,"field1":"-0.375","field2":"-3.375"},{"created_at":"2019-01-14T06:27:25-08:00","entry_id":15264,"field1":"-0.375","field2":"-3.4375"},{"created_at":"2019-01-14T06:37:02-08:00","entry_id":15265,"field1":"-0.375","field2":"-3.375"},{"created_at":"2019-01-14T06:46:39-08:00","entry_id":15266,"field1":"-0.375","field2":"-3.3125"},{"created_at":"2019-01-14T06:56:15-08:00","entry_id":15267,"field1":"-0.375","field2":"-3.375"},{"created_at":"2019-01-14T07:05:52-08:00","entry_id":15268,"field1":"-0.375","field2":"-3.375"},{"created_at":"2019-01-14T07:15:28-08:00","entry_id":15269,"field1":"-0.4375","field2":"-3.375"},{"created_at":"2019-01-14T07:25:05-08:00","entry_id":15270,"field1":"-0.4375","field2":"-3"},{"created_at":"2019-01-14T07:34:46-08:00","entry_id":15271,"field1":"-0.4375","field2":"-3"},{"created_at":"2019-01-14T07:44:20-08:00","entry_id":15272,"field1":"-0.4375","field2":"-3.1875"},{"created_at":"2019-01-14T07:53:57-08:00","entry_id":15273,"field1":"-0.4375","field2":"-2.9375"},{"created_at":"2019-01-14T08:03:34-08:00","entry_id":15274,"field1":"-0.4375","field2":"-3.1875"},{"created_at":"2019-01-14T08:13:10-08:00","entry_id":15275,"field1":"-0.4375","field2":"-3"},{"created_at":"2019-01-14T08:22:47-08:00","entry_id":15276,"field1":"-0.4375","field2":"-3.0625"},{"created_at":"2019-01-14T08:32:23-08:00","entry_id":15277,"field1":"-0.5","field2":"-3.125"},{"created_at":"2019-01-14T08:42:00-08:00","entry_id":15278,"field1":"-0.5","field2":"-3.125"},{"created_at":"2019-01-14T08:51:37-08:00","entry_id":15279,"field1":"-0.5","field2":"-3"},{"created_at":"2019-01-14T09:01:14-08:00","entry_id":15280,"field1":"-0.5","field2":"-2.8125"},{"created_at":"2019-01-14T09:10:50-08:00","entry_id":15281,"field1":"-0.5","field2":"-2.5625"},{"created_at":"2019-01-14T09:20:29-08:00","entry_id":15282,"field1":"-0.5","field2":"-2.5"},{"created_at":"2019-01-14T09:30:05-08:00","entry_id":15283,"field1":"-0.5","field2":"-2.5625"},{"created_at":"2019-01-14T09:39:41-08:00","entry_id":15284,"field1":"-0.5","field2":"-2.625"},{"created_at":"2019-01-14T09:49:18-08:00","entry_id":15285,"field1":"-0.5","field2":"-2.75"},{"created_at":"2019-01-14T09:58:55-08:00","entry_id":15286,"field1":"-0.5","field2":"-2.6875"},{"created_at":"2019-01-14T10:08:31-08:00","entry_id":15287,"field1":"-0.5","field2":"-2.5"},{"created_at":"2019-01-14T10:18:10-08:00","entry_id":15288,"field1":"-0.5","field2":"-2.4375"},{"created_at":"2019-01-14T10:27:46-08:00","entry_id":15289,"field1":"-0.5","field2":"-2.5"},{"created_at":"2019-01-14T10:37:22-08:00","entry_id":15290,"field1":"-0.5","field2":"-2.25"},{"created_at":"2019-01-14T10:46:59-08:00","entry_id":15291,"field1":"-0.5","field2":"-2.125"},{"created_at":"2019-01-14T10:56:36-08:00","entry_id":15292,"field1":"-0.5","field2":"-1.9375"},{"created_at":"2019-01-14T11:06:14-08:00","entry_id":15293,"field1":"-0.5","field2":"-1.9375"},{"created_at":"2019-01-14T11:15:50-08:00","entry_id":15294,"field1":"-0.5","field2":"-1.875"},{"created_at":"2019-01-14T11:25:27-08:00","entry_id":15295,"field1":"-0.5","field2":"-1.9375"},{"created_at":"2019-01-14T11:35:04-08:00","entry_id":15296,"field1":"-0.5","field2":"-1.875"},{"created_at":"2019-01-14T11:44:40-08:00","entry_id":15297,"field1":"-0.5","field2":"-1.75"},{"created_at":"2019-01-14T11:54:17-08:00","entry_id":15298,"field1":"-0.5","field2":"-1.8125"},{"created_at":"2019-01-14T12:03:54-08:00","entry_id":15299,"field1":"-0.5","field2":"-1.75"},{"created_at":"2019-01-14T12:13:31-08:00","entry_id":15300,"field1":"-0.5","field2":"-1.8125"},{"created_at":"2019-01-14T12:23:08-08:00","entry_id":15301,"field1":"-0.5","field2":"-1.6875"},{"created_at":"2019-01-14T12:32:44-08:00","entry_id":15302,"field1":"-0.5","field2":"-1.6875"},{"created_at":"2019-01-14T12:42:22-08:00","entry_id":15303,"field1":"-0.4375","field2":"-1.5"},{"created_at":"2019-01-14T12:51:58-08:00","entry_id":15304,"field1":"-0.5","field2":"-1.4375"},{"created_at":"2019-01-14T13:01:35-08:00","entry_id":15305,"field1":"-0.4375","field2":"-1.5625"},{"created_at":"2019-01-14T13:11:12-08:00","entry_id":15306,"field1":"-0.4375","field2":"-1.5625"},{"created_at":"2019-01-14T13:20:49-08:00","entry_id":15307,"field1":"-0.4375","field2":"-1.5"},{"created_at":"2019-01-14T13:30:26-08:00","entry_id":15308,"field1":"-0.4375","field2":"-1.5"},{"created_at":"2019-01-14T13:40:02-08:00","entry_id":15309,"field1":"-0.5","field2":"-1.4375"},{"created_at":"2019-01-14T13:49:39-08:00","entry_id":15310,"field1":"-0.5","field2":"-1.5"},{"created_at":"2019-01-14T13:59:16-08:00","entry_id":15311,"field1":"-0.5","field2":"-1.5"},{"created_at":"2019-01-14T14:08:53-08:00","entry_id":15312,"field1":"-0.4375","field2":"-1.4375"},{"created_at":"2019-01-14T14:18:31-08:00","entry_id":15313,"field1":"-0.4375","field2":"-1.375"},{"created_at":"2019-01-14T14:28:07-08:00","entry_id":15314,"field1":"-0.4375","field2":"-1.3125"},{"created_at":"2019-01-14T14:37:45-08:00","entry_id":15315,"field1":"-0.4375","field2":"-1.375"},{"created_at":"2019-01-14T14:47:25-08:00","entry_id":15316,"field1":"-0.4375","field2":"-1.3125"},{"created_at":"2019-01-14T14:57:01-08:00","entry_id":15317,"field1":"-0.4375","field2":"-1.375"},{"created_at":"2019-01-14T15:06:38-08:00","entry_id":15318,"field1":"-0.4375","field2":"-1.25"},{"created_at":"2019-01-14T15:16:14-08:00","entry_id":15319,"field1":"-0.4375","field2":"-1.3125"},{"created_at":"2019-01-14T15:25:51-08:00","entry_id":15320,"field1":"-0.4375","field2":"-1.4375"},{"created_at":"2019-01-14T15:35:28-08:00","entry_id":15321,"field1":"-0.4375","field2":"-1.375"},{"created_at":"2019-01-14T15:45:05-08:00","entry_id":15322,"field1":"-0.4375","field2":"-1.4375"},{"created_at":"2019-01-14T15:54:41-08:00","entry_id":15323,"field1":"-0.4375","field2":"-1.5"},{"created_at":"2019-01-14T16:04:18-08:00","entry_id":15324,"field1":"-0.4375","field2":"-1.625"},{"created_at":"2019-01-14T16:13:55-08:00","entry_id":15325,"field1":"-0.4375","field2":"-1.625"},{"created_at":"2019-01-14T16:23:32-08:00","entry_id":15326,"field1":"-0.5","field2":"-1.6875"},{"created_at":"2019-01-14T16:33:09-08:00","entry_id":15327,"field1":"-0.4375","field2":"-1.75"},{"created_at":"2019-01-14T16:42:46-08:00","entry_id":15328,"field1":"-0.5","field2":"-1.75"},{"created_at":"2019-01-14T16:52:22-08:00","entry_id":15329,"field1":"-0.5","field2":"-1.8125"},{"created_at":"2019-01-14T17:01:59-08:00","entry_id":15330,"field1":"-0.5","field2":"-1.8125"},{"created_at":"2019-01-14T17:11:36-08:00","entry_id":15331,"field1":"-0.5","field2":"-1.875"},{"created_at":"2019-01-14T17:21:13-08:00","entry_id":15332,"field1":"-0.5","field2":"-1.875"},{"created_at":"2019-01-14T17:30:49-08:00","entry_id":15333,"field1":"-0.5","field2":"-1.875"},{"created_at":"2019-01-14T17:40:26-08:00","entry_id":15334,"field1":"-0.5","field2":"-1.875"},{"created_at":"2019-01-14T17:50:02-08:00","entry_id":15335,"field1":"-0.5","field2":"-1.9375"},{"created_at":"2019-01-14T17:59:39-08:00","entry_id":15336,"field1":"-0.5625","field2":"-1.9375"},{"created_at":"2019-01-14T18:09:17-08:00","entry_id":15337,"field1":"-0.5","field2":"-1.875"},{"created_at":"2019-01-14T18:18:53-08:00","entry_id":15338,"field1":"-0.5625","field2":"-1.9375"},{"created_at":"2019-01-14T18:28:30-08:00","entry_id":15339,"field1":"-0.5625","field2":"-1.9375"},{"created_at":"2019-01-14T18:38:07-08:00","entry_id":15340,"field1":"-0.5625","field2":"-1.9375"},{"created_at":"2019-01-14T18:47:44-08:00","entry_id":15341,"field1":"-0.5625","field2":"-1.9375"},{"created_at":"2019-01-14T18:57:20-08:00","entry_id":15342,"field1":"-0.5625","field2":"-2"},{"created_at":"2019-01-14T19:06:57-08:00","entry_id":15343,"field1":"-0.5625","field2":"-2"},{"created_at":"2019-01-14T19:16:34-08:00","entry_id":15344,"field1":"-0.5625","field2":"-2"},{"created_at":"2019-01-14T19:26:10-08:00","entry_id":15345,"field1":"-0.5625","field2":"-2"},{"created_at":"2019-01-14T19:35:47-08:00","entry_id":15346,"field1":"-0.5625","field2":"-2.0625"},{"created_at":"2019-01-14T19:45:25-08:00","entry_id":15347,"field1":"-0.5625","field2":"-2.0625"},{"created_at":"2019-01-14T19:55:01-08:00","entry_id":15348,"field1":"-0.5625","field2":"-2.0625"},{"created_at":"2019-01-14T20:04:37-08:00","entry_id":15349,"field1":"-0.5625","field2":"-2.125"},{"created_at":"2019-01-14T20:14:14-08:00","entry_id":15350,"field1":"-0.5625","field2":"-2.125"},{"created_at":"2019-01-14T20:23:51-08:00","entry_id":15351,"field1":"-0.5625","field2":"-2.125"},{"created_at":"2019-01-14T20:33:28-08:00","entry_id":15352,"field1":"-0.5625","field2":"-2.1875"},{"created_at":"2019-01-14T20:43:04-08:00","entry_id":15353,"field1":"-0.5625","field2":"-2.1875"},{"created_at":"2019-01-14T20:52:39-08:00","entry_id":15354,"field1":"-0.5625","field2":"-2.1875"},{"created_at":"2019-01-14T21:02:16-08:00","entry_id":15355,"field1":"-0.625","field2":"-2.25"},{"created_at":"2019-01-14T21:11:52-08:00","entry_id":15356,"field1":"-0.625","field2":"-2.3125"},{"created_at":"2019-01-14T21:21:30-08:00","entry_id":15357,"field1":"-0.625","field2":"-2.3125"},{"created_at":"2019-01-14T21:31:07-08:00","entry_id":15358,"field1":"-0.625","field2":"-2.3125"},{"created_at":"2019-01-14T21:40:43-08:00","entry_id":15359,"field1":"-0.625","field2":"-2.375"},{"created_at":"2019-01-14T21:50:20-08:00","entry_id":15360,"field1":"-0.625","field2":"-2.375"},{"created_at":"2019-01-14T22:00:13-08:00","entry_id":15361,"field1":"-0.625","field2":"-2.4375"},{"created_at":"2019-01-14T22:09:45-08:00","entry_id":15362,"field1":"-0.625","field2":"-2.375"},{"created_at":"2019-01-14T22:19:21-08:00","entry_id":15363,"field1":"-0.625","field2":"-2.4375"},{"created_at":"2019-01-14T22:28:57-08:00","entry_id":15364,"field1":"-0.625","field2":"-2.4375"},{"created_at":"2019-01-14T22:38:34-08:00","entry_id":15365,"field1":"-0.6875","field2":"-2.5"},{"created_at":"2019-01-14T22:48:11-08:00","entry_id":15366,"field1":"-0.6875","field2":"-2.5"},{"created_at":"2019-01-14T22:57:47-08:00","entry_id":15367,"field1":"-0.6875","field2":"-2.5625"},{"created_at":"2019-01-14T23:07:25-08:00","entry_id":15368,"field1":"-0.6875","field2":"-2.625"},{"created_at":"2019-01-14T23:17:01-08:00","entry_id":15369,"field1":"-0.6875","field2":"-2.625"},{"created_at":"2019-01-14T23:26:38-08:00","entry_id":15370,"field1":"-0.6875","field2":"-2.625"},{"created_at":"2019-01-14T23:36:15-08:00","entry_id":15371,"field1":"-0.6875","field2":"-2.6875"},{"created_at":"2019-01-14T23:45:51-08:00","entry_id":15372,"field1":"-0.6875","field2":"-2.6875"},{"created_at":"2019-01-14T23:55:28-08:00","entry_id":15373,"field1":"-0.75","field2":"-2.6875"}]}