{"channel":{"id":581842,"name":"Upstairs Small Window Indoor / Outdoor Sensor","latitude":"0.0","longitude":"0.0","field1":"Indoor Temperature","field2":"Outdoor Temperature","created_at":"2018-09-23T15:37:52-07:00","updated_at":"2020-07-27T05:59:41-07:00","last_entry_id":150128},"feeds":[{"created_at":"2019-03-10T00:04:19-08:00","entry_id":23455,"field1":"0.3125","field2":"-3.6875"},{"created_at":"2019-03-10T00:13:56-08:00","entry_id":23456,"field1":"0.3125","field2":"-3.875"},{"created_at":"2019-03-10T00:23:33-08:00","entry_id":23457,"field1":"0.3125","field2":"-4.0625"},{"created_at":"2019-03-10T00:33:11-08:00","entry_id":23458,"field1":"0.25","field2":"-4.125"},{"created_at":"2019-03-10T00:42:47-08:00","entry_id":23459,"field1":"0.25","field2":"-4.1875"},{"created_at":"2019-03-10T00:52:30-08:00","entry_id":23460,"field1":"0.1875","field2":"-4.25"},{"created_at":"2019-03-10T01:02:07-08:00","entry_id":23461,"field1":"0.1875","field2":"-4.375"},{"created_at":"2019-03-10T01:11:44-08:00","entry_id":23462,"field1":"0.1875","field2":"-4.5"},{"created_at":"2019-03-10T01:21:20-08:00","entry_id":23463,"field1":"0.1875","field2":"-4.25"},{"created_at":"2019-03-10T01:30:58-08:00","entry_id":23464,"field1":"0.125","field2":"-4.3125"},{"created_at":"2019-03-10T01:40:34-08:00","entry_id":23465,"field1":"0.125","field2":"-4.5625"},{"created_at":"2019-03-10T01:50:11-08:00","entry_id":23466,"field1":"0.125","field2":"-4.8125"},{"created_at":"2019-03-10T01:59:48-08:00","entry_id":23467,"field1":"0.0625","field2":"-4.8125"},{"created_at":"2019-03-10T03:09:25-07:00","entry_id":23468,"field1":"0.0625","field2":"-4.75"},{"created_at":"2019-03-10T03:19:02-07:00","entry_id":23469,"field1":"0","field2":"-4.875"},{"created_at":"2019-03-10T03:28:40-07:00","entry_id":23470,"field1":"0","field2":"-4.625"},{"created_at":"2019-03-10T03:38:16-07:00","entry_id":23471,"field1":"-0.0625","field2":"-4.75"},{"created_at":"2019-03-10T03:47:53-07:00","entry_id":23472,"field1":"-0.0625","field2":"-4.6875"},{"created_at":"2019-03-10T03:57:29-07:00","entry_id":23473,"field1":"-0.0625","field2":"-4.6875"},{"created_at":"2019-03-10T04:07:06-07:00","entry_id":23474,"field1":"-0.125","field2":"-4.5625"},{"created_at":"2019-03-10T04:16:43-07:00","entry_id":23475,"field1":"-0.125","field2":"-4.625"},{"created_at":"2019-03-10T04:26:20-07:00","entry_id":23476,"field1":"-0.125","field2":"-4.5625"},{"created_at":"2019-03-10T04:35:57-07:00","entry_id":23477,"field1":"-0.1875","field2":"-4.5625"},{"created_at":"2019-03-10T04:45:34-07:00","entry_id":23478,"field1":"-0.1875","field2":"-4.4375"},{"created_at":"2019-03-10T04:55:11-07:00","entry_id":23479,"field1":"-0.1875","field2":"-4.375"},{"created_at":"2019-03-10T05:04:47-07:00","entry_id":23480,"field1":"-0.1875","field2":"-4.4375"},{"created_at":"2019-03-10T05:14:24-07:00","entry_id":23481,"field1":"-0.25","field2":"-4.4375"},{"created_at":"2019-03-10T05:24:02-07:00","entry_id":23482,"field1":"-0.25","field2":"-4.75"},{"created_at":"2019-03-10T05:33:38-07:00","entry_id":23483,"field1":"-0.25","field2":"-4.375"},{"created_at":"2019-03-10T05:43:16-07:00","entry_id":23484,"field1":"-0.3125","field2":"-4.3125"},{"created_at":"2019-03-10T05:52:52-07:00","entry_id":23485,"field1":"-0.3125","field2":"-4.3125"},{"created_at":"2019-03-10T06:02:29-07:00","entry_id":23486,"field1":"-0.3125","field2":"-4.3125"},{"created_at":"2019-03-10T06:12:06-07:00","entry_id":23487,"field1":"-0.3125","field2":"-4.375"},{"created_at":"2019-03-10T06:21:43-07:00","entry_id":23488,"field1":"-0.375","field2":"-4.375"},{"created_at":"2019-03-10T06:31:19-07:00","entry_id":23489,"field1":"-0.375","field2":"-4.4375"},{"created_at":"2019-03-10T06:40:56-07:00","entry_id":23490,"field1":"-0.375","field2":"-4.375"},{"created_at":"2019-03-10T06:50:33-07:00","entry_id":23491,"field1":"-0.375","field2":"-4.4375"},{"created_at":"2019-03-10T07:00:09-07:00","entry_id":23492,"field1":"-0.4375","field2":"-4.375"},{"created_at":"2019-03-10T07:09:47-07:00","entry_id":23493,"field1":"-0.4375","field2":"-4.3125"},{"created_at":"2019-03-10T07:19:25-07:00","entry_id":23494,"field1":"-0.4375","field2":"-4.25"},{"created_at":"2019-03-10T07:29:01-07:00","entry_id":23495,"field1":"-0.8125","field2":"-4.3125"},{"created_at":"2019-03-10T07:38:41-07:00","entry_id":23496,"field1":"-0.625","field2":"-4.25"},{"created_at":"2019-03-10T07:48:15-07:00","entry_id":23497,"field1":"-1","field2":"-4.375"},{"created_at":"2019-03-10T07:57:52-07:00","entry_id":23498,"field1":"-1.125","field2":"-4.375"},{"created_at":"2019-03-10T08:07:28-07:00","entry_id":23499,"field1":"-1.125","field2":"-4.375"},{"created_at":"2019-03-10T08:17:06-07:00","entry_id":23500,"field1":"-1.25","field2":"-4.3125"},{"created_at":"2019-03-10T08:26:41-07:00","entry_id":23501,"field1":"-1.1875","field2":"-4.1875"},{"created_at":"2019-03-10T08:36:18-07:00","entry_id":23502,"field1":"-1.3125","field2":"-4.125"},{"created_at":"2019-03-10T08:45:54-07:00","entry_id":23503,"field1":"-1.0625","field2":"-3.3125"},{"created_at":"2019-03-10T08:55:30-07:00","entry_id":23504,"field1":"-1.0625","field2":"-4"},{"created_at":"2019-03-10T09:05:07-07:00","entry_id":23505,"field1":"-0.9375","field2":"-3.75"},{"created_at":"2019-03-10T09:14:44-07:00","entry_id":23506,"field1":"-0.625","field2":"-3.6875"},{"created_at":"2019-03-10T09:24:22-07:00","entry_id":23507,"field1":"0.0625","field2":"-2.8125"},{"created_at":"2019-03-10T09:34:00-07:00","entry_id":23508,"field1":"0.4375","field2":"-2.6875"},{"created_at":"2019-03-10T09:43:38-07:00","entry_id":23509,"field1":"0.75","field2":"-2.25"},{"created_at":"2019-03-10T09:53:15-07:00","entry_id":23510,"field1":"0.8125","field2":"-2.875"},{"created_at":"2019-03-10T10:02:52-07:00","entry_id":23511,"field1":"0.8125","field2":"-3"},{"created_at":"2019-03-10T10:12:28-07:00","entry_id":23512,"field1":"1.0625","field2":"-3"},{"created_at":"2019-03-10T10:22:05-07:00","entry_id":23513,"field1":"1.125","field2":"-3"},{"created_at":"2019-03-10T10:31:42-07:00","entry_id":23514,"field1":"1.1875","field2":"-2.5625"},{"created_at":"2019-03-10T10:41:19-07:00","entry_id":23515,"field1":"1.3125","field2":"-2.375"},{"created_at":"2019-03-10T10:50:55-07:00","entry_id":23516,"field1":"1.5","field2":"-1.875"},{"created_at":"2019-03-10T11:00:33-07:00","entry_id":23517,"field1":"1.625","field2":"-1.8125"},{"created_at":"2019-03-10T11:10:09-07:00","entry_id":23518,"field1":"1.625","field2":"-1.5625"},{"created_at":"2019-03-10T11:19:47-07:00","entry_id":23519,"field1":"1.6875","field2":"-1.375"},{"created_at":"2019-03-10T11:29:25-07:00","entry_id":23520,"field1":"1.75","field2":"-1.1875"},{"created_at":"2019-03-10T11:39:02-07:00","entry_id":23521,"field1":"1.75","field2":"-1.375"},{"created_at":"2019-03-10T11:48:39-07:00","entry_id":23522,"field1":"1.9375","field2":"-1.75"},{"created_at":"2019-03-10T11:58:15-07:00","entry_id":23523,"field1":"2.25","field2":"-1.1875"},{"created_at":"2019-03-10T12:07:52-07:00","entry_id":23524,"field1":"2.375","field2":"-0.75"},{"created_at":"2019-03-10T12:17:29-07:00","entry_id":23525,"field1":"2.25","field2":"-0.75"},{"created_at":"2019-03-10T12:27:06-07:00","entry_id":23526,"field1":"2.3125","field2":"-0.625"},{"created_at":"2019-03-10T12:36:43-07:00","entry_id":23527,"field1":"2.3125","field2":"-0.5"},{"created_at":"2019-03-10T12:46:24-07:00","entry_id":23528,"field1":"2.375","field2":"-0.0625"},{"created_at":"2019-03-10T12:55:59-07:00","entry_id":23529,"field1":"2.3125","field2":"-0.4375"},{"created_at":"2019-03-10T13:05:36-07:00","entry_id":23530,"field1":"2.25","field2":"-0.3125"},{"created_at":"2019-03-10T13:15:13-07:00","entry_id":23531,"field1":"2.5","field2":"0.3125"},{"created_at":"2019-03-10T13:24:50-07:00","entry_id":23532,"field1":"2.4375","field2":"0.6875"},{"created_at":"2019-03-10T13:34:27-07:00","entry_id":23533,"field1":"2.1875","field2":"0.1875"},{"created_at":"2019-03-10T13:44:07-07:00","entry_id":23534,"field1":"2.1875","field2":"0.0625"},{"created_at":"2019-03-10T13:53:43-07:00","entry_id":23535,"field1":"2.3125","field2":"0.3125"},{"created_at":"2019-03-10T14:03:20-07:00","entry_id":23536,"field1":"2.4375","field2":"0.75"},{"created_at":"2019-03-10T14:12:58-07:00","entry_id":23537,"field1":"2.4375","field2":"0.875"},{"created_at":"2019-03-10T14:22:35-07:00","entry_id":23538,"field1":"2.375","field2":"1.0625"},{"created_at":"2019-03-10T14:32:12-07:00","entry_id":23539,"field1":"2.375","field2":"1.1875"},{"created_at":"2019-03-10T14:41:49-07:00","entry_id":23540,"field1":"2.375","field2":"1.5625"},{"created_at":"2019-03-10T14:51:26-07:00","entry_id":23541,"field1":"2.375","field2":"2.125"},{"created_at":"2019-03-10T15:01:02-07:00","entry_id":23542,"field1":"2.3125","field2":"2.125"},{"created_at":"2019-03-10T15:10:40-07:00","entry_id":23543,"field1":"2.3125","field2":"1.625"},{"created_at":"2019-03-10T15:20:17-07:00","entry_id":23544,"field1":"2.3125","field2":"1.25"},{"created_at":"2019-03-10T15:29:54-07:00","entry_id":23545,"field1":"2.25","field2":"1.75"},{"created_at":"2019-03-10T15:39:30-07:00","entry_id":23546,"field1":"2.25","field2":"1.625"},{"created_at":"2019-03-10T15:49:08-07:00","entry_id":23547,"field1":"2.25","field2":"1.4375"},{"created_at":"2019-03-10T15:58:45-07:00","entry_id":23548,"field1":"2.1875","field2":"1.375"},{"created_at":"2019-03-10T16:08:23-07:00","entry_id":23549,"field1":"2.125","field2":"1.25"},{"created_at":"2019-03-10T16:17:59-07:00","entry_id":23550,"field1":"2.125","field2":"1.125"},{"created_at":"2019-03-10T16:27:36-07:00","entry_id":23551,"field1":"2.0625","field2":"1.0625"},{"created_at":"2019-03-10T16:37:13-07:00","entry_id":23552,"field1":"2.0625","field2":"1"},{"created_at":"2019-03-10T16:46:50-07:00","entry_id":23553,"field1":"2.0625","field2":"1"},{"created_at":"2019-03-10T16:56:27-07:00","entry_id":23554,"field1":"2.0625","field2":"1.125"},{"created_at":"2019-03-10T17:06:16-07:00","entry_id":23555,"field1":"2","field2":"1.1875"},{"created_at":"2019-03-10T17:15:54-07:00","entry_id":23556,"field1":"2","field2":"1.1875"},{"created_at":"2019-03-10T17:25:30-07:00","entry_id":23557,"field1":"1.9375","field2":"1.125"},{"created_at":"2019-03-10T17:35:07-07:00","entry_id":23558,"field1":"1.9375","field2":"1.0625"},{"created_at":"2019-03-10T17:44:44-07:00","entry_id":23559,"field1":"1.9375","field2":"1"},{"created_at":"2019-03-10T17:54:21-07:00","entry_id":23560,"field1":"1.9375","field2":"0.875"},{"created_at":"2019-03-10T18:03:58-07:00","entry_id":23561,"field1":"1.875","field2":"0.6875"},{"created_at":"2019-03-10T18:13:35-07:00","entry_id":23562,"field1":"1.875","field2":"0.5625"},{"created_at":"2019-03-10T18:23:11-07:00","entry_id":23563,"field1":"1.875","field2":"0.4375"},{"created_at":"2019-03-10T18:32:49-07:00","entry_id":23564,"field1":"1.8125","field2":"0.375"},{"created_at":"2019-03-10T18:42:26-07:00","entry_id":23565,"field1":"1.8125","field2":"0.25"},{"created_at":"2019-03-10T18:52:02-07:00","entry_id":23566,"field1":"1.75","field2":"0.1875"},{"created_at":"2019-03-10T19:01:39-07:00","entry_id":23567,"field1":"1.75","field2":"0.0625"},{"created_at":"2019-03-10T19:11:17-07:00","entry_id":23568,"field1":"1.6875","field2":"-0.0625"},{"created_at":"2019-03-10T19:20:54-07:00","entry_id":23569,"field1":"1.6875","field2":"-0.0625"},{"created_at":"2019-03-10T19:30:31-07:00","entry_id":23570,"field1":"1.625","field2":"-0.25"},{"created_at":"2019-03-10T19:40:08-07:00","entry_id":23571,"field1":"1.625","field2":"-0.3125"},{"created_at":"2019-03-10T19:49:44-07:00","entry_id":23572,"field1":"1.625","field2":"-0.375"},{"created_at":"2019-03-10T19:59:21-07:00","entry_id":23573,"field1":"1.5625","field2":"-0.5"},{"created_at":"2019-03-10T20:08:58-07:00","entry_id":23574,"field1":"1.5625","field2":"-0.5625"},{"created_at":"2019-03-10T20:18:35-07:00","entry_id":23575,"field1":"1.5625","field2":"-0.6875"},{"created_at":"2019-03-10T20:28:12-07:00","entry_id":23576,"field1":"1.5","field2":"-0.875"},{"created_at":"2019-03-10T20:37:49-07:00","entry_id":23577,"field1":"1.5","field2":"-0.9375"},{"created_at":"2019-03-10T20:47:26-07:00","entry_id":23578,"field1":"1.5","field2":"-1.0625"},{"created_at":"2019-03-10T20:57:03-07:00","entry_id":23579,"field1":"1.4375","field2":"-1.125"},{"created_at":"2019-03-10T21:06:40-07:00","entry_id":23580,"field1":"1.4375","field2":"-1.1875"},{"created_at":"2019-03-10T21:16:16-07:00","entry_id":23581,"field1":"1.4375","field2":"-1.3125"},{"created_at":"2019-03-10T21:25:53-07:00","entry_id":23582,"field1":"1.4375","field2":"-1.375"},{"created_at":"2019-03-10T21:35:30-07:00","entry_id":23583,"field1":"1.4375","field2":"-1.5625"},{"created_at":"2019-03-10T21:45:07-07:00","entry_id":23584,"field1":"1.375","field2":"-1.625"},{"created_at":"2019-03-10T21:54:45-07:00","entry_id":23585,"field1":"1.375","field2":"-1.6875"},{"created_at":"2019-03-10T22:04:22-07:00","entry_id":23586,"field1":"1.3125","field2":"-1.9375"},{"created_at":"2019-03-10T22:13:59-07:00","entry_id":23587,"field1":"1.3125","field2":"-1.875"},{"created_at":"2019-03-10T22:23:36-07:00","entry_id":23588,"field1":"1.25","field2":"-1.9375"},{"created_at":"2019-03-10T22:33:13-07:00","entry_id":23589,"field1":"1.25","field2":"-2.0625"},{"created_at":"2019-03-10T22:42:49-07:00","entry_id":23590,"field1":"1.25","field2":"-2.1875"},{"created_at":"2019-03-10T22:52:26-07:00","entry_id":23591,"field1":"1.1875","field2":"-2.1875"},{"created_at":"2019-03-10T23:02:04-07:00","entry_id":23592,"field1":"1.1875","field2":"-2.25"},{"created_at":"2019-03-10T23:11:41-07:00","entry_id":23593,"field1":"1.1875","field2":"-2.375"},{"created_at":"2019-03-10T23:21:17-07:00","entry_id":23594,"field1":"1.125","field2":"-2.4375"},{"created_at":"2019-03-10T23:30:55-07:00","entry_id":23595,"field1":"1.125","field2":"-2.375"},{"created_at":"2019-03-10T23:40:31-07:00","entry_id":23596,"field1":"1.0625","field2":"-2.4375"},{"created_at":"2019-03-10T23:50:08-07:00","entry_id":23597,"field1":"1.0625","field2":"-2.5625"},{"created_at":"2019-03-10T23:59:46-07:00","entry_id":23598,"field1":"1.0625","field2":"-2.625"}]}