{"channel":{"id":581842,"name":"Upstairs Small Window Indoor / Outdoor Sensor","latitude":"0.0","longitude":"0.0","field1":"Indoor Temperature","field2":"Outdoor Temperature","created_at":"2018-09-23T15:37:52-07:00","updated_at":"2020-07-27T05:59:41-07:00","last_entry_id":150129},"feeds":[{"created_at":"2020-04-17T00:01:43-07:00","entry_id":82301,"field1":"10.0625","field2":"3.75"},{"created_at":"2020-04-17T00:11:21-07:00","entry_id":82302,"field1":"10.0625","field2":"3.6875"},{"created_at":"2020-04-17T00:20:58-07:00","entry_id":82303,"field1":"10","field2":"3.5"},{"created_at":"2020-04-17T00:30:36-07:00","entry_id":82304,"field1":"9.9375","field2":"3.5625"},{"created_at":"2020-04-17T00:40:15-07:00","entry_id":82305,"field1":"9.875","field2":"3.375"},{"created_at":"2020-04-17T00:49:52-07:00","entry_id":82306,"field1":"9.875","field2":"3.4375"},{"created_at":"2020-04-17T00:59:29-07:00","entry_id":82307,"field1":"9.8125","field2":"3.4375"},{"created_at":"2020-04-17T01:09:21-07:00","entry_id":82308,"field1":"9.75","field2":"3.3125"},{"created_at":"2020-04-17T01:18:54-07:00","entry_id":82309,"field1":"9.75","field2":"3.375"},{"created_at":"2020-04-17T01:28:31-07:00","entry_id":82310,"field1":"9.6875","field2":"3.4375"},{"created_at":"2020-04-17T01:38:08-07:00","entry_id":82311,"field1":"9.625","field2":"3.625"},{"created_at":"2020-04-17T01:47:45-07:00","entry_id":82312,"field1":"9.625","field2":"3.625"},{"created_at":"2020-04-17T01:57:22-07:00","entry_id":82313,"field1":"9.5625","field2":"3.6875"},{"created_at":"2020-04-17T02:07:00-07:00","entry_id":82314,"field1":"9.5","field2":"3.625"},{"created_at":"2020-04-17T02:16:36-07:00","entry_id":82315,"field1":"9.5","field2":"3.625"},{"created_at":"2020-04-17T02:26:14-07:00","entry_id":82316,"field1":"9.4375","field2":"3.6875"},{"created_at":"2020-04-17T02:35:51-07:00","entry_id":82317,"field1":"9.4375","field2":"3.6875"},{"created_at":"2020-04-17T02:45:28-07:00","entry_id":82318,"field1":"9.375","field2":"3.6875"},{"created_at":"2020-04-17T02:55:05-07:00","entry_id":82319,"field1":"9.3125","field2":"3.625"},{"created_at":"2020-04-17T03:04:42-07:00","entry_id":82320,"field1":"9.3125","field2":"3.5"},{"created_at":"2020-04-17T03:14:19-07:00","entry_id":82321,"field1":"9.25","field2":"3.5"},{"created_at":"2020-04-17T03:23:56-07:00","entry_id":82322,"field1":"9.1875","field2":"3.4375"},{"created_at":"2020-04-17T03:33:33-07:00","entry_id":82323,"field1":"9.1875","field2":"3.3125"},{"created_at":"2020-04-17T03:43:10-07:00","entry_id":82324,"field1":"9.125","field2":"3.125"},{"created_at":"2020-04-17T03:52:47-07:00","entry_id":82325,"field1":"9.125","field2":"2.8125"},{"created_at":"2020-04-17T04:02:25-07:00","entry_id":82326,"field1":"9.0625","field2":"2.75"},{"created_at":"2020-04-17T04:12:01-07:00","entry_id":82327,"field1":"9","field2":"2.6875"},{"created_at":"2020-04-17T04:21:38-07:00","entry_id":82328,"field1":"9","field2":"2.5625"},{"created_at":"2020-04-17T04:31:15-07:00","entry_id":82329,"field1":"8.9375","field2":"2.75"},{"created_at":"2020-04-17T04:40:52-07:00","entry_id":82330,"field1":"8.9375","field2":"2.8125"},{"created_at":"2020-04-17T04:50:29-07:00","entry_id":82331,"field1":"8.875","field2":"2.6875"},{"created_at":"2020-04-17T05:00:07-07:00","entry_id":82332,"field1":"8.8125","field2":"2.75"},{"created_at":"2020-04-17T05:09:44-07:00","entry_id":82333,"field1":"8.75","field2":"2.875"},{"created_at":"2020-04-17T05:19:21-07:00","entry_id":82334,"field1":"8.75","field2":"3"},{"created_at":"2020-04-17T05:28:57-07:00","entry_id":82335,"field1":"8.6875","field2":"3"},{"created_at":"2020-04-17T05:38:35-07:00","entry_id":82336,"field1":"8.6875","field2":"2.9375"},{"created_at":"2020-04-17T05:48:12-07:00","entry_id":82337,"field1":"8.625","field2":"2.875"},{"created_at":"2020-04-17T05:57:48-07:00","entry_id":82338,"field1":"8.625","field2":"2.75"},{"created_at":"2020-04-17T06:07:25-07:00","entry_id":82339,"field1":"8.5625","field2":"2.625"},{"created_at":"2020-04-17T06:17:03-07:00","entry_id":82340,"field1":"8.5625","field2":"2.75"},{"created_at":"2020-04-17T06:26:39-07:00","entry_id":82341,"field1":"8.5","field2":"3"},{"created_at":"2020-04-17T06:36:15-07:00","entry_id":82342,"field1":"8.5","field2":"3.1875"},{"created_at":"2020-04-17T06:45:52-07:00","entry_id":82343,"field1":"8.4375","field2":"3.375"},{"created_at":"2020-04-17T06:55:31-07:00","entry_id":82344,"field1":"8.4375","field2":"3.25"},{"created_at":"2020-04-17T07:05:07-07:00","entry_id":82345,"field1":"8.4375","field2":"3.3125"},{"created_at":"2020-04-17T07:14:45-07:00","entry_id":82346,"field1":"8.5","field2":"3.8125"},{"created_at":"2020-04-17T07:24:23-07:00","entry_id":82347,"field1":"8.5625","field2":"4.4375"},{"created_at":"2020-04-17T07:34:00-07:00","entry_id":82348,"field1":"8.75","field2":"4.6875"},{"created_at":"2020-04-17T07:43:37-07:00","entry_id":82349,"field1":"8.8125","field2":"3.625"},{"created_at":"2020-04-17T07:53:15-07:00","entry_id":82350,"field1":"8.75","field2":"3.75"},{"created_at":"2020-04-17T08:02:52-07:00","entry_id":82351,"field1":"8.75","field2":"3.8125"},{"created_at":"2020-04-17T08:12:29-07:00","entry_id":82352,"field1":"8.75","field2":"3.5625"},{"created_at":"2020-04-17T08:22:07-07:00","entry_id":82353,"field1":"8.75","field2":"4.125"},{"created_at":"2020-04-17T08:31:44-07:00","entry_id":82354,"field1":"8.75","field2":"4.375"},{"created_at":"2020-04-17T08:41:21-07:00","entry_id":82355,"field1":"8.75","field2":"4"},{"created_at":"2020-04-17T08:50:58-07:00","entry_id":82356,"field1":"8.75","field2":"4.125"},{"created_at":"2020-04-17T09:00:35-07:00","entry_id":82357,"field1":"8.6875","field2":"4"},{"created_at":"2020-04-17T09:10:13-07:00","entry_id":82358,"field1":"8.6875","field2":"4.625"},{"created_at":"2020-04-17T09:19:49-07:00","entry_id":82359,"field1":"8.75","field2":"4.3125"},{"created_at":"2020-04-17T09:29:27-07:00","entry_id":82360,"field1":"8.75","field2":"4.3125"},{"created_at":"2020-04-17T09:39:03-07:00","entry_id":82361,"field1":"8.6875","field2":"4.375"},{"created_at":"2020-04-17T09:48:40-07:00","entry_id":82362,"field1":"8.6875","field2":"4.5625"},{"created_at":"2020-04-17T09:58:17-07:00","entry_id":82363,"field1":"8.6875","field2":"5.1875"},{"created_at":"2020-04-17T10:07:55-07:00","entry_id":82364,"field1":"8.75","field2":"5.75"},{"created_at":"2020-04-17T10:17:32-07:00","entry_id":82365,"field1":"8.5625","field2":"5.0625"},{"created_at":"2020-04-17T10:27:09-07:00","entry_id":82366,"field1":"8.5625","field2":"5.5625"},{"created_at":"2020-04-17T10:36:46-07:00","entry_id":82367,"field1":"8.4375","field2":"6.125"},{"created_at":"2020-04-17T10:46:23-07:00","entry_id":82368,"field1":"8.6875","field2":"6.5"},{"created_at":"2020-04-17T10:56:00-07:00","entry_id":82369,"field1":"8.5","field2":"6.5"},{"created_at":"2020-04-17T11:05:38-07:00","entry_id":82370,"field1":"8.5","field2":"6.5625"},{"created_at":"2020-04-17T11:15:15-07:00","entry_id":82371,"field1":"8.6875","field2":"6.75"},{"created_at":"2020-04-17T11:24:52-07:00","entry_id":82372,"field1":"8.75","field2":"7.25"},{"created_at":"2020-04-17T11:34:29-07:00","entry_id":82373,"field1":"8.8125","field2":"7.9375"},{"created_at":"2020-04-17T11:44:07-07:00","entry_id":82374,"field1":"8.875","field2":"8.1875"},{"created_at":"2020-04-17T11:53:45-07:00","entry_id":82375,"field1":"8.875","field2":"7.75"},{"created_at":"2020-04-17T12:03:22-07:00","entry_id":82376,"field1":"8.9375","field2":"8.25"},{"created_at":"2020-04-17T12:12:59-07:00","entry_id":82377,"field1":"8.9375","field2":"8.625"},{"created_at":"2020-04-17T12:22:35-07:00","entry_id":82378,"field1":"8.9375","field2":"8.9375"},{"created_at":"2020-04-17T12:32:12-07:00","entry_id":82379,"field1":"9","field2":"9.0625"},{"created_at":"2020-04-17T12:41:50-07:00","entry_id":82380,"field1":"9","field2":"9.3125"},{"created_at":"2020-04-17T12:51:28-07:00","entry_id":82381,"field1":"9","field2":"9.3125"},{"created_at":"2020-04-17T13:01:05-07:00","entry_id":82382,"field1":"9.0625","field2":"9.25"},{"created_at":"2020-04-17T13:10:42-07:00","entry_id":82383,"field1":"9.0625","field2":"9.0625"},{"created_at":"2020-04-17T13:20:19-07:00","entry_id":82384,"field1":"9.125","field2":"9.6875"},{"created_at":"2020-04-17T13:29:56-07:00","entry_id":82385,"field1":"9.125","field2":"10.1875"},{"created_at":"2020-04-17T13:39:33-07:00","entry_id":82386,"field1":"9.125","field2":"9.9375"},{"created_at":"2020-04-17T13:49:11-07:00","entry_id":82387,"field1":"9.1875","field2":"9.8125"},{"created_at":"2020-04-17T13:58:48-07:00","entry_id":82388,"field1":"9.1875","field2":"9.375"},{"created_at":"2020-04-17T14:08:26-07:00","entry_id":82389,"field1":"9.1875","field2":"10.0625"},{"created_at":"2020-04-17T14:18:07-07:00","entry_id":82390,"field1":"9.25","field2":"10.375"},{"created_at":"2020-04-17T14:27:42-07:00","entry_id":82391,"field1":"9.25","field2":"10.1875"},{"created_at":"2020-04-17T14:37:19-07:00","entry_id":82392,"field1":"9.25","field2":"10.75"},{"created_at":"2020-04-17T14:46:56-07:00","entry_id":82393,"field1":"9.3125","field2":"10.1875"},{"created_at":"2020-04-17T14:56:34-07:00","entry_id":82394,"field1":"9.375","field2":"10.8125"},{"created_at":"2020-04-17T15:06:11-07:00","entry_id":82395,"field1":"9.375","field2":"10.25"},{"created_at":"2020-04-17T15:15:48-07:00","entry_id":82396,"field1":"9.4375","field2":"10.5"},{"created_at":"2020-04-17T15:25:25-07:00","entry_id":82397,"field1":"9.4375","field2":"10.1875"},{"created_at":"2020-04-17T15:35:02-07:00","entry_id":82398,"field1":"9.4375","field2":"9.875"},{"created_at":"2020-04-17T15:44:40-07:00","entry_id":82399,"field1":"9.5","field2":"10.5"},{"created_at":"2020-04-17T15:54:17-07:00","entry_id":82400,"field1":"9.5","field2":"10.875"},{"created_at":"2020-04-17T16:03:54-07:00","entry_id":82401,"field1":"9.5625","field2":"10.5625"},{"created_at":"2020-04-17T16:13:33-07:00","entry_id":82402,"field1":"9.5625","field2":"10.3125"},{"created_at":"2020-04-17T16:23:11-07:00","entry_id":82403,"field1":"9.625","field2":"10.75"},{"created_at":"2020-04-17T16:32:49-07:00","entry_id":82404,"field1":"9.625","field2":"10.9375"},{"created_at":"2020-04-17T16:42:26-07:00","entry_id":82405,"field1":"9.625","field2":"9.875"},{"created_at":"2020-04-17T16:52:03-07:00","entry_id":82406,"field1":"9.6875","field2":"11"},{"created_at":"2020-04-17T17:01:41-07:00","entry_id":82407,"field1":"9.6875","field2":"9.75"},{"created_at":"2020-04-17T17:11:18-07:00","entry_id":82408,"field1":"9.6875","field2":"10"},{"created_at":"2020-04-17T17:20:55-07:00","entry_id":82409,"field1":"9.6875","field2":"10.5"},{"created_at":"2020-04-17T17:30:33-07:00","entry_id":82410,"field1":"9.75","field2":"10.375"},{"created_at":"2020-04-17T17:40:10-07:00","entry_id":82411,"field1":"9.75","field2":"9.875"},{"created_at":"2020-04-17T17:49:47-07:00","entry_id":82412,"field1":"9.75","field2":"9.9375"},{"created_at":"2020-04-17T17:59:24-07:00","entry_id":82413,"field1":"9.75","field2":"9.9375"},{"created_at":"2020-04-17T18:09:01-07:00","entry_id":82414,"field1":"9.75","field2":"9.875"},{"created_at":"2020-04-17T18:18:39-07:00","entry_id":82415,"field1":"9.75","field2":"9.75"},{"created_at":"2020-04-17T18:28:16-07:00","entry_id":82416,"field1":"9.75","field2":"9.625"},{"created_at":"2020-04-17T18:37:53-07:00","entry_id":82417,"field1":"9.75","field2":"9.375"},{"created_at":"2020-04-17T18:47:30-07:00","entry_id":82418,"field1":"9.75","field2":"9.125"},{"created_at":"2020-04-17T18:57:07-07:00","entry_id":82419,"field1":"9.6875","field2":"8.4375"},{"created_at":"2020-04-17T19:06:45-07:00","entry_id":82420,"field1":"9.6875","field2":"8.4375"},{"created_at":"2020-04-17T19:16:22-07:00","entry_id":82421,"field1":"9.6875","field2":"8.125"},{"created_at":"2020-04-17T19:25:59-07:00","entry_id":82422,"field1":"9.6875","field2":"8.125"},{"created_at":"2020-04-17T19:35:37-07:00","entry_id":82423,"field1":"9.625","field2":"8"},{"created_at":"2020-04-17T19:45:14-07:00","entry_id":82424,"field1":"9.625","field2":"7.9375"},{"created_at":"2020-04-17T19:54:51-07:00","entry_id":82425,"field1":"9.625","field2":"7.8125"},{"created_at":"2020-04-17T20:04:28-07:00","entry_id":82426,"field1":"9.5625","field2":"7.75"},{"created_at":"2020-04-17T20:14:05-07:00","entry_id":82427,"field1":"9.5625","field2":"7.5"},{"created_at":"2020-04-17T20:23:43-07:00","entry_id":82428,"field1":"9.5625","field2":"7.5"},{"created_at":"2020-04-17T20:33:20-07:00","entry_id":82429,"field1":"9.5625","field2":"7.25"},{"created_at":"2020-04-17T20:42:57-07:00","entry_id":82430,"field1":"9.5625","field2":"7.4375"},{"created_at":"2020-04-17T20:52:34-07:00","entry_id":82431,"field1":"9.5","field2":"7.25"},{"created_at":"2020-04-17T21:02:12-07:00","entry_id":82432,"field1":"9.5","field2":"7.125"},{"created_at":"2020-04-17T21:11:49-07:00","entry_id":82433,"field1":"9.5","field2":"7.0625"},{"created_at":"2020-04-17T21:21:26-07:00","entry_id":82434,"field1":"9.5","field2":"6.875"},{"created_at":"2020-04-17T21:31:03-07:00","entry_id":82435,"field1":"9.5","field2":"6.9375"},{"created_at":"2020-04-17T21:40:40-07:00","entry_id":82436,"field1":"9.4375","field2":"6.3125"},{"created_at":"2020-04-17T21:50:17-07:00","entry_id":82437,"field1":"9.4375","field2":"6.5625"},{"created_at":"2020-04-17T21:59:54-07:00","entry_id":82438,"field1":"9.4375","field2":"6.5625"},{"created_at":"2020-04-17T22:09:31-07:00","entry_id":82439,"field1":"9.375","field2":"6.5625"},{"created_at":"2020-04-17T22:19:08-07:00","entry_id":82440,"field1":"9.375","field2":"6.375"},{"created_at":"2020-04-17T22:28:46-07:00","entry_id":82441,"field1":"9.3125","field2":"6.3125"},{"created_at":"2020-04-17T22:38:23-07:00","entry_id":82442,"field1":"9.3125","field2":"5.8125"},{"created_at":"2020-04-17T22:48:00-07:00","entry_id":82443,"field1":"9.3125","field2":"5.9375"},{"created_at":"2020-04-17T22:57:37-07:00","entry_id":82444,"field1":"9.25","field2":"6.125"},{"created_at":"2020-04-17T23:07:14-07:00","entry_id":82445,"field1":"9.25","field2":"6.0625"},{"created_at":"2020-04-17T23:16:52-07:00","entry_id":82446,"field1":"9.1875","field2":"6"},{"created_at":"2020-04-17T23:26:29-07:00","entry_id":82447,"field1":"9.1875","field2":"5.8125"},{"created_at":"2020-04-17T23:36:06-07:00","entry_id":82448,"field1":"9.1875","field2":"5.5625"},{"created_at":"2020-04-17T23:45:43-07:00","entry_id":82449,"field1":"9.125","field2":"5.5"},{"created_at":"2020-04-17T23:55:20-07:00","entry_id":82450,"field1":"9.125","field2":"5.5"}]}