{"channel":{"id":581842,"name":"Upstairs Small Window Indoor / Outdoor Sensor","latitude":"0.0","longitude":"0.0","field1":"Indoor Temperature","field2":"Outdoor Temperature","created_at":"2018-09-23T15:37:52-07:00","updated_at":"2020-07-27T05:59:41-07:00","last_entry_id":173667},"feeds":[{"created_at":"2022-01-20T00:08:42-08:00","entry_id":173387,"field1":"9","field2":"-0.9375"},{"created_at":"2022-01-20T00:18:18-08:00","entry_id":173388,"field1":"9","field2":"-0.8125"},{"created_at":"2022-01-20T00:27:54-08:00","entry_id":173389,"field1":"9","field2":"-0.6875"},{"created_at":"2022-01-20T00:37:31-08:00","entry_id":173390,"field1":"8.9375","field2":"-0.6875"},{"created_at":"2022-01-20T00:47:08-08:00","entry_id":173391,"field1":"8.9375","field2":"-0.6875"},{"created_at":"2022-01-20T00:56:46-08:00","entry_id":173392,"field1":"8.9375","field2":"-0.625"},{"created_at":"2022-01-20T01:06:24-08:00","entry_id":173393,"field1":"8.9375","field2":"-0.6875"},{"created_at":"2022-01-20T01:16:01-08:00","entry_id":173394,"field1":"8.9375","field2":"-0.75"},{"created_at":"2022-01-20T01:25:36-08:00","entry_id":173395,"field1":"8.9375","field2":"-0.6875"},{"created_at":"2022-01-20T01:35:14-08:00","entry_id":173396,"field1":"8.9375","field2":"-0.6875"},{"created_at":"2022-01-20T01:44:52-08:00","entry_id":173397,"field1":"8.9375","field2":"-0.6875"},{"created_at":"2022-01-20T01:54:29-08:00","entry_id":173398,"field1":"8.9375","field2":"-0.6875"},{"created_at":"2022-01-20T02:04:06-08:00","entry_id":173399,"field1":"8.9375","field2":"-0.6875"},{"created_at":"2022-01-20T02:13:43-08:00","entry_id":173400,"field1":"8.9375","field2":"-0.6875"},{"created_at":"2022-01-20T02:23:21-08:00","entry_id":173401,"field1":"8.9375","field2":"-0.6875"},{"created_at":"2022-01-20T02:32:59-08:00","entry_id":173402,"field1":"8.9375","field2":"-0.6875"},{"created_at":"2022-01-20T02:42:36-08:00","entry_id":173403,"field1":"8.9375","field2":"-0.6875"},{"created_at":"2022-01-20T02:52:11-08:00","entry_id":173404,"field1":"8.9375","field2":"-0.75"},{"created_at":"2022-01-20T03:01:50-08:00","entry_id":173405,"field1":"8.9375","field2":"-0.6875"},{"created_at":"2022-01-20T03:11:28-08:00","entry_id":173406,"field1":"8.9375","field2":"-0.875"},{"created_at":"2022-01-20T03:21:03-08:00","entry_id":173407,"field1":"8.9375","field2":"-0.875"},{"created_at":"2022-01-20T03:30:41-08:00","entry_id":173408,"field1":"8.9375","field2":"-1"},{"created_at":"2022-01-20T03:40:19-08:00","entry_id":173409,"field1":"8.9375","field2":"-0.9375"},{"created_at":"2022-01-20T03:49:56-08:00","entry_id":173410,"field1":"8.9375","field2":"-0.875"},{"created_at":"2022-01-20T03:59:34-08:00","entry_id":173411,"field1":"8.875","field2":"-0.9375"},{"created_at":"2022-01-20T04:09:13-08:00","entry_id":173412,"field1":"8.875","field2":"-0.875"},{"created_at":"2022-01-20T04:18:50-08:00","entry_id":173413,"field1":"8.875","field2":"-0.875"},{"created_at":"2022-01-20T04:28:26-08:00","entry_id":173414,"field1":"8.875","field2":"-0.9375"},{"created_at":"2022-01-20T04:38:04-08:00","entry_id":173415,"field1":"8.875","field2":"-0.9375"},{"created_at":"2022-01-20T04:47:40-08:00","entry_id":173416,"field1":"8.875","field2":"-1"},{"created_at":"2022-01-20T04:57:18-08:00","entry_id":173417,"field1":"8.875","field2":"-1"},{"created_at":"2022-01-20T05:06:53-08:00","entry_id":173418,"field1":"8.875","field2":"-1.0625"},{"created_at":"2022-01-20T05:16:31-08:00","entry_id":173419,"field1":"8.875","field2":"-0.9375"},{"created_at":"2022-01-20T05:26:09-08:00","entry_id":173420,"field1":"8.875","field2":"-0.8125"},{"created_at":"2022-01-20T05:35:44-08:00","entry_id":173421,"field1":"8.875","field2":"-0.75"},{"created_at":"2022-01-20T05:45:21-08:00","entry_id":173422,"field1":"8.875","field2":"-0.75"},{"created_at":"2022-01-20T05:54:57-08:00","entry_id":173423,"field1":"8.875","field2":"-0.6875"},{"created_at":"2022-01-20T06:04:35-08:00","entry_id":173424,"field1":"8.875","field2":"-0.6875"},{"created_at":"2022-01-20T06:14:12-08:00","entry_id":173425,"field1":"8.875","field2":"-0.75"},{"created_at":"2022-01-20T06:23:48-08:00","entry_id":173426,"field1":"8.875","field2":"-0.6875"},{"created_at":"2022-01-20T06:33:26-08:00","entry_id":173427,"field1":"8.875","field2":"-0.875"},{"created_at":"2022-01-20T06:43:04-08:00","entry_id":173428,"field1":"8.875","field2":"-0.5625"},{"created_at":"2022-01-20T06:52:39-08:00","entry_id":173429,"field1":"8.875","field2":"-0.9375"},{"created_at":"2022-01-20T07:02:18-08:00","entry_id":173430,"field1":"8.875","field2":"-0.875"},{"created_at":"2022-01-20T07:11:55-08:00","entry_id":173431,"field1":"8.875","field2":"-1"},{"created_at":"2022-01-20T07:21:33-08:00","entry_id":173432,"field1":"8.875","field2":"-0.875"},{"created_at":"2022-01-20T07:31:09-08:00","entry_id":173433,"field1":"8.875","field2":"-0.9375"},{"created_at":"2022-01-20T07:40:45-08:00","entry_id":173434,"field1":"8.875","field2":"-0.625"},{"created_at":"2022-01-20T07:50:22-08:00","entry_id":173435,"field1":"8.8125","field2":"-0.6875"},{"created_at":"2022-01-20T07:59:59-08:00","entry_id":173436,"field1":"8.875","field2":"-0.625"},{"created_at":"2022-01-20T08:09:35-08:00","entry_id":173437,"field1":"8.875","field2":"-0.875"},{"created_at":"2022-01-20T08:19:12-08:00","entry_id":173438,"field1":"8.8125","field2":"-0.9375"},{"created_at":"2022-01-20T08:28:50-08:00","entry_id":173439,"field1":"8.875","field2":"-0.8125"},{"created_at":"2022-01-20T08:38:28-08:00","entry_id":173440,"field1":"8.8125","field2":"-0.75"},{"created_at":"2022-01-20T08:48:03-08:00","entry_id":173441,"field1":"8.875","field2":"-0.75"},{"created_at":"2022-01-20T08:57:41-08:00","entry_id":173442,"field1":"8.875","field2":"-0.75"},{"created_at":"2022-01-20T09:07:19-08:00","entry_id":173443,"field1":"8.875","field2":"-0.8125"},{"created_at":"2022-01-20T09:16:55-08:00","entry_id":173444,"field1":"8.875","field2":"-0.875"},{"created_at":"2022-01-20T09:26:34-08:00","entry_id":173445,"field1":"8.875","field2":"-0.8125"},{"created_at":"2022-01-20T09:36:11-08:00","entry_id":173446,"field1":"8.875","field2":"-0.6875"},{"created_at":"2022-01-20T09:45:49-08:00","entry_id":173447,"field1":"8.875","field2":"-0.75"},{"created_at":"2022-01-20T09:55:24-08:00","entry_id":173448,"field1":"8.875","field2":"-0.6875"},{"created_at":"2022-01-20T10:05:02-08:00","entry_id":173449,"field1":"8.875","field2":"-0.4375"},{"created_at":"2022-01-20T10:14:37-08:00","entry_id":173450,"field1":"8.875","field2":"-0.75"},{"created_at":"2022-01-20T10:24:16-08:00","entry_id":173451,"field1":"8.875","field2":"-0.5"},{"created_at":"2022-01-20T10:33:53-08:00","entry_id":173452,"field1":"8.875","field2":"-0.375"},{"created_at":"2022-01-20T10:43:29-08:00","entry_id":173453,"field1":"8.875","field2":"-0.25"},{"created_at":"2022-01-20T10:53:06-08:00","entry_id":173454,"field1":"8.875","field2":"-0.375"},{"created_at":"2022-01-20T11:02:45-08:00","entry_id":173455,"field1":"8.875","field2":"-0.1875"},{"created_at":"2022-01-20T11:12:23-08:00","entry_id":173456,"field1":"8.9375","field2":"-0.0625"},{"created_at":"2022-01-20T11:22:00-08:00","entry_id":173457,"field1":"8.9375","field2":"-0.1875"},{"created_at":"2022-01-20T11:31:38-08:00","entry_id":173458,"field1":"8.9375","field2":"0"},{"created_at":"2022-01-20T11:41:13-08:00","entry_id":173459,"field1":"8.9375","field2":"-0.25"},{"created_at":"2022-01-20T11:50:50-08:00","entry_id":173460,"field1":"8.9375","field2":"-0.3125"},{"created_at":"2022-01-20T12:00:28-08:00","entry_id":173461,"field1":"8.9375","field2":"0"},{"created_at":"2022-01-20T12:10:04-08:00","entry_id":173462,"field1":"9","field2":"0.1875"},{"created_at":"2022-01-20T12:19:42-08:00","entry_id":173463,"field1":"9.0625","field2":"0.1875"},{"created_at":"2022-01-20T12:29:17-08:00","entry_id":173464,"field1":"9.0625","field2":"0"},{"created_at":"2022-01-20T12:38:54-08:00","entry_id":173465,"field1":"9.0625","field2":"0.1875"},{"created_at":"2022-01-20T12:48:30-08:00","entry_id":173466,"field1":"9.0625","field2":"0.125"},{"created_at":"2022-01-20T12:58:07-08:00","entry_id":173467,"field1":"9.0625","field2":"-0.0625"},{"created_at":"2022-01-20T13:07:46-08:00","entry_id":173468,"field1":"9.0625","field2":"0.375"},{"created_at":"2022-01-20T13:17:21-08:00","entry_id":173469,"field1":"9.0625","field2":"0.25"},{"created_at":"2022-01-20T13:27:00-08:00","entry_id":173470,"field1":"9.125","field2":"0.3125"},{"created_at":"2022-01-20T13:36:37-08:00","entry_id":173471,"field1":"9.125","field2":"0"},{"created_at":"2022-01-20T13:46:14-08:00","entry_id":173472,"field1":"9.125","field2":"0.1875"},{"created_at":"2022-01-20T13:55:52-08:00","entry_id":173473,"field1":"9.125","field2":"0.3125"},{"created_at":"2022-01-20T14:05:27-08:00","entry_id":173474,"field1":"9.125","field2":"0.5"},{"created_at":"2022-01-20T14:15:06-08:00","entry_id":173475,"field1":"9.125","field2":"0.25"},{"created_at":"2022-01-20T14:24:44-08:00","entry_id":173476,"field1":"9.125","field2":"0.1875"},{"created_at":"2022-01-20T14:34:21-08:00","entry_id":173477,"field1":"9.125","field2":"0.3125"},{"created_at":"2022-01-20T14:43:58-08:00","entry_id":173478,"field1":"9.125","field2":"0.1875"},{"created_at":"2022-01-20T14:53:36-08:00","entry_id":173479,"field1":"9.125","field2":"0.3125"},{"created_at":"2022-01-20T15:03:14-08:00","entry_id":173480,"field1":"9.1875","field2":"0.1875"},{"created_at":"2022-01-20T15:12:50-08:00","entry_id":173481,"field1":"9.1875","field2":"0.25"},{"created_at":"2022-01-20T15:22:28-08:00","entry_id":173482,"field1":"9.1875","field2":"0.1875"},{"created_at":"2022-01-20T15:32:06-08:00","entry_id":173483,"field1":"9.1875","field2":"0.0625"},{"created_at":"2022-01-20T15:41:43-08:00","entry_id":173484,"field1":"9.1875","field2":"0.0625"},{"created_at":"2022-01-20T15:51:19-08:00","entry_id":173485,"field1":"9.1875","field2":"0"},{"created_at":"2022-01-20T16:00:57-08:00","entry_id":173486,"field1":"9.1875","field2":"-0.0625"},{"created_at":"2022-01-20T16:10:33-08:00","entry_id":173487,"field1":"9.1875","field2":"0"},{"created_at":"2022-01-20T16:20:10-08:00","entry_id":173488,"field1":"9.1875","field2":"-0.125"},{"created_at":"2022-01-20T16:29:48-08:00","entry_id":173489,"field1":"9.1875","field2":"-0.1875"},{"created_at":"2022-01-20T16:39:26-08:00","entry_id":173490,"field1":"9.1875","field2":"-0.1875"},{"created_at":"2022-01-20T16:49:02-08:00","entry_id":173491,"field1":"9.1875","field2":"-0.1875"},{"created_at":"2022-01-20T16:58:38-08:00","entry_id":173492,"field1":"9.125","field2":"-0.1875"},{"created_at":"2022-01-20T17:08:17-08:00","entry_id":173493,"field1":"9.1875","field2":"-0.25"},{"created_at":"2022-01-20T17:17:52-08:00","entry_id":173494,"field1":"9.125","field2":"-0.3125"},{"created_at":"2022-01-20T17:27:28-08:00","entry_id":173495,"field1":"9.125","field2":"-0.375"},{"created_at":"2022-01-20T17:37:05-08:00","entry_id":173496,"field1":"9.125","field2":"-0.25"},{"created_at":"2022-01-20T17:46:42-08:00","entry_id":173497,"field1":"9.125","field2":"-0.25"},{"created_at":"2022-01-20T17:56:18-08:00","entry_id":173498,"field1":"9.125","field2":"-0.25"},{"created_at":"2022-01-20T18:05:56-08:00","entry_id":173499,"field1":"9.125","field2":"-0.0625"},{"created_at":"2022-01-20T18:15:31-08:00","entry_id":173500,"field1":"9.125","field2":"-0.125"},{"created_at":"2022-01-20T18:25:07-08:00","entry_id":173501,"field1":"9.125","field2":"-0.125"},{"created_at":"2022-01-20T18:34:45-08:00","entry_id":173502,"field1":"9.125","field2":"-0.25"},{"created_at":"2022-01-20T18:44:21-08:00","entry_id":173503,"field1":"9.125","field2":"-0.125"},{"created_at":"2022-01-20T18:53:59-08:00","entry_id":173504,"field1":"9.125","field2":"-0.125"},{"created_at":"2022-01-20T19:03:34-08:00","entry_id":173505,"field1":"9.125","field2":"-0.0625"},{"created_at":"2022-01-20T19:13:12-08:00","entry_id":173506,"field1":"9.125","field2":"0"},{"created_at":"2022-01-20T19:22:48-08:00","entry_id":173507,"field1":"9.125","field2":"0"},{"created_at":"2022-01-20T19:32:27-08:00","entry_id":173508,"field1":"9.125","field2":"-0.125"},{"created_at":"2022-01-20T19:42:03-08:00","entry_id":173509,"field1":"9.125","field2":"-0.125"},{"created_at":"2022-01-20T19:51:41-08:00","entry_id":173510,"field1":"9.125","field2":"-0.125"},{"created_at":"2022-01-20T20:01:18-08:00","entry_id":173511,"field1":"9.125","field2":"-0.0625"},{"created_at":"2022-01-20T20:10:55-08:00","entry_id":173512,"field1":"9.125","field2":"-0.125"},{"created_at":"2022-01-20T20:20:32-08:00","entry_id":173513,"field1":"9.125","field2":"-0.1875"},{"created_at":"2022-01-20T20:30:10-08:00","entry_id":173514,"field1":"9.125","field2":"-0.125"},{"created_at":"2022-01-20T20:39:47-08:00","entry_id":173515,"field1":"9.125","field2":"-0.125"},{"created_at":"2022-01-20T20:49:23-08:00","entry_id":173516,"field1":"9.125","field2":"-0.1875"},{"created_at":"2022-01-20T20:59:01-08:00","entry_id":173517,"field1":"9.1875","field2":"-0.25"},{"created_at":"2022-01-20T21:08:37-08:00","entry_id":173518,"field1":"9.125","field2":"-0.1875"},{"created_at":"2022-01-20T21:18:15-08:00","entry_id":173519,"field1":"9.125","field2":"-0.125"},{"created_at":"2022-01-20T21:27:50-08:00","entry_id":173520,"field1":"9.125","field2":"-0.125"},{"created_at":"2022-01-20T21:37:29-08:00","entry_id":173521,"field1":"9.125","field2":"-0.0625"},{"created_at":"2022-01-20T21:47:06-08:00","entry_id":173522,"field1":"9.125","field2":"-0.25"},{"created_at":"2022-01-20T21:56:44-08:00","entry_id":173523,"field1":"9.125","field2":"-0.125"},{"created_at":"2022-01-20T22:06:21-08:00","entry_id":173524,"field1":"9.125","field2":"-0.125"},{"created_at":"2022-01-20T22:15:59-08:00","entry_id":173525,"field1":"9.125","field2":"-0.1875"},{"created_at":"2022-01-20T22:25:36-08:00","entry_id":173526,"field1":"9.1875","field2":"-0.1875"},{"created_at":"2022-01-20T22:35:12-08:00","entry_id":173527,"field1":"9.125","field2":"-0.25"},{"created_at":"2022-01-20T22:44:49-08:00","entry_id":173528,"field1":"9.125","field2":"-0.25"},{"created_at":"2022-01-20T22:54:27-08:00","entry_id":173529,"field1":"9.125","field2":"-0.25"},{"created_at":"2022-01-20T23:04:05-08:00","entry_id":173530,"field1":"9.125","field2":"-0.1875"},{"created_at":"2022-01-20T23:13:43-08:00","entry_id":173531,"field1":"9.125","field2":"-0.1875"},{"created_at":"2022-01-20T23:23:20-08:00","entry_id":173532,"field1":"9.125","field2":"-0.1875"},{"created_at":"2022-01-20T23:32:57-08:00","entry_id":173533,"field1":"9.1875","field2":"-0.1875"},{"created_at":"2022-01-20T23:42:33-08:00","entry_id":173534,"field1":"9.125","field2":"-0.125"},{"created_at":"2022-01-20T23:52:09-08:00","entry_id":173535,"field1":"9.125","field2":"-0.1875"}]}