{"channel":{"id":581842,"name":"Upstairs Small Window Indoor / Outdoor Sensor","latitude":"0.0","longitude":"0.0","field1":"Indoor Temperature","field2":"Outdoor Temperature","created_at":"2018-09-23T15:37:52-07:00","updated_at":"2020-07-27T05:59:41-07:00","last_entry_id":150129},"feeds":[{"created_at":"2021-03-14T00:02:23-08:00","entry_id":129004,"field1":"4.4375","field2":"1.125"},{"created_at":"2021-03-14T00:12:00-08:00","entry_id":129005,"field1":"4.4375","field2":"1.0625"},{"created_at":"2021-03-14T00:21:37-08:00","entry_id":129006,"field1":"4.375","field2":"1"},{"created_at":"2021-03-14T00:31:14-08:00","entry_id":129007,"field1":"4.375","field2":"1"},{"created_at":"2021-03-14T00:40:51-08:00","entry_id":129008,"field1":"4.375","field2":"0.875"},{"created_at":"2021-03-14T00:50:28-08:00","entry_id":129009,"field1":"4.3125","field2":"0.9375"},{"created_at":"2021-03-14T01:00:05-08:00","entry_id":129010,"field1":"4.3125","field2":"0.75"},{"created_at":"2021-03-14T01:09:42-08:00","entry_id":129011,"field1":"4.3125","field2":"0.625"},{"created_at":"2021-03-14T01:19:19-08:00","entry_id":129012,"field1":"4.25","field2":"0.5"},{"created_at":"2021-03-14T01:28:56-08:00","entry_id":129013,"field1":"4.25","field2":"0.4375"},{"created_at":"2021-03-14T01:38:33-08:00","entry_id":129014,"field1":"4.1875","field2":"0.5625"},{"created_at":"2021-03-14T01:48:08-08:00","entry_id":129015,"field1":"4.1875","field2":"0.4375"},{"created_at":"2021-03-14T01:57:46-08:00","entry_id":129016,"field1":"4.1875","field2":"0.375"},{"created_at":"2021-03-14T03:07:23-07:00","entry_id":129017,"field1":"4.125","field2":"0.5"},{"created_at":"2021-03-14T03:16:58-07:00","entry_id":129018,"field1":"4.125","field2":"0.3125"},{"created_at":"2021-03-14T03:26:34-07:00","entry_id":129019,"field1":"4.125","field2":"0.1875"},{"created_at":"2021-03-14T03:36:12-07:00","entry_id":129020,"field1":"4.0625","field2":"0.125"},{"created_at":"2021-03-14T03:45:49-07:00","entry_id":129021,"field1":"4.0625","field2":"0.0625"},{"created_at":"2021-03-14T03:55:27-07:00","entry_id":129022,"field1":"4","field2":"0.0625"},{"created_at":"2021-03-14T04:05:04-07:00","entry_id":129023,"field1":"4","field2":"0.0625"},{"created_at":"2021-03-14T04:14:40-07:00","entry_id":129024,"field1":"4","field2":"-0.125"},{"created_at":"2021-03-14T04:24:18-07:00","entry_id":129025,"field1":"4","field2":"-0.125"},{"created_at":"2021-03-14T04:33:54-07:00","entry_id":129026,"field1":"3.9375","field2":"-0.125"},{"created_at":"2021-03-14T04:43:31-07:00","entry_id":129027,"field1":"3.9375","field2":"0.0625"},{"created_at":"2021-03-14T04:53:08-07:00","entry_id":129028,"field1":"3.875","field2":"-0.125"},{"created_at":"2021-03-14T05:02:45-07:00","entry_id":129029,"field1":"3.875","field2":"-0.125"},{"created_at":"2021-03-14T05:12:22-07:00","entry_id":129030,"field1":"3.8125","field2":"-0.25"},{"created_at":"2021-03-14T05:21:59-07:00","entry_id":129031,"field1":"3.8125","field2":"-0.1875"},{"created_at":"2021-03-14T05:31:35-07:00","entry_id":129032,"field1":"3.8125","field2":"-0.375"},{"created_at":"2021-03-14T05:41:12-07:00","entry_id":129033,"field1":"3.8125","field2":"-0.375"},{"created_at":"2021-03-14T05:50:47-07:00","entry_id":129034,"field1":"3.75","field2":"-0.5"},{"created_at":"2021-03-14T06:00:26-07:00","entry_id":129035,"field1":"3.75","field2":"-0.5"},{"created_at":"2021-03-14T06:10:00-07:00","entry_id":129036,"field1":"3.6875","field2":"-0.5"},{"created_at":"2021-03-14T06:19:38-07:00","entry_id":129037,"field1":"3.6875","field2":"-0.6875"},{"created_at":"2021-03-14T06:29:13-07:00","entry_id":129038,"field1":"3.6875","field2":"-0.6875"},{"created_at":"2021-03-14T06:38:51-07:00","entry_id":129039,"field1":"3.6875","field2":"-0.625"},{"created_at":"2021-03-14T06:48:26-07:00","entry_id":129040,"field1":"3.625","field2":"-0.8125"},{"created_at":"2021-03-14T06:58:03-07:00","entry_id":129041,"field1":"3.5625","field2":"-0.875"},{"created_at":"2021-03-14T07:07:40-07:00","entry_id":129042,"field1":"3.5625","field2":"-0.8125"},{"created_at":"2021-03-14T07:17:18-07:00","entry_id":129043,"field1":"3.5625","field2":"-0.9375"},{"created_at":"2021-03-14T07:26:54-07:00","entry_id":129044,"field1":"3.5","field2":"-0.9375"},{"created_at":"2021-03-14T07:36:31-07:00","entry_id":129045,"field1":"3.5","field2":"-0.875"},{"created_at":"2021-03-14T07:46:09-07:00","entry_id":129046,"field1":"3.5","field2":"-0.5625"},{"created_at":"2021-03-14T07:55:46-07:00","entry_id":129047,"field1":"3.5","field2":"-0.5"},{"created_at":"2021-03-14T08:05:23-07:00","entry_id":129048,"field1":"3.4375","field2":"-0.3125"},{"created_at":"2021-03-14T08:14:58-07:00","entry_id":129049,"field1":"3.4375","field2":"-0.1875"},{"created_at":"2021-03-14T08:24:34-07:00","entry_id":129050,"field1":"3.4375","field2":"0"},{"created_at":"2021-03-14T08:34:10-07:00","entry_id":129051,"field1":"3.4375","field2":"0.375"},{"created_at":"2021-03-14T08:43:48-07:00","entry_id":129052,"field1":"3.5","field2":"0.375"},{"created_at":"2021-03-14T08:53:25-07:00","entry_id":129053,"field1":"3.4375","field2":"0.375"},{"created_at":"2021-03-14T09:03:00-07:00","entry_id":129054,"field1":"3.4375","field2":"0.5625"},{"created_at":"2021-03-14T09:12:36-07:00","entry_id":129055,"field1":"3.4375","field2":"0.75"},{"created_at":"2021-03-14T09:22:14-07:00","entry_id":129056,"field1":"3.4375","field2":"0.8125"},{"created_at":"2021-03-14T09:31:51-07:00","entry_id":129057,"field1":"3.5","field2":"0.875"},{"created_at":"2021-03-14T09:41:28-07:00","entry_id":129058,"field1":"3.5","field2":"1"},{"created_at":"2021-03-14T09:51:05-07:00","entry_id":129059,"field1":"3.5","field2":"1.0625"},{"created_at":"2021-03-14T10:00:40-07:00","entry_id":129060,"field1":"3.5","field2":"1.125"},{"created_at":"2021-03-14T10:10:16-07:00","entry_id":129061,"field1":"3.4375","field2":"1.0625"},{"created_at":"2021-03-14T10:19:53-07:00","entry_id":129062,"field1":"3.5","field2":"1.6875"},{"created_at":"2021-03-14T10:29:29-07:00","entry_id":129063,"field1":"3.375","field2":"1.6875"},{"created_at":"2021-03-14T10:39:06-07:00","entry_id":129064,"field1":"3.4375","field2":"1.4375"},{"created_at":"2021-03-14T10:48:42-07:00","entry_id":129065,"field1":"3.5","field2":"1.625"},{"created_at":"2021-03-14T10:58:20-07:00","entry_id":129066,"field1":"3.6875","field2":"1.9375"},{"created_at":"2021-03-14T11:07:56-07:00","entry_id":129067,"field1":"3.625","field2":"1.75"},{"created_at":"2021-03-14T11:17:32-07:00","entry_id":129068,"field1":"3.6875","field2":"2.0625"},{"created_at":"2021-03-14T11:27:10-07:00","entry_id":129069,"field1":"3.6875","field2":"2.375"},{"created_at":"2021-03-14T11:36:47-07:00","entry_id":129070,"field1":"3.625","field2":"2"},{"created_at":"2021-03-14T11:46:23-07:00","entry_id":129071,"field1":"3.5625","field2":"2"},{"created_at":"2021-03-14T11:56:00-07:00","entry_id":129072,"field1":"3.625","field2":"2.1875"},{"created_at":"2021-03-14T12:05:37-07:00","entry_id":129073,"field1":"3.6875","field2":"2.4375"},{"created_at":"2021-03-14T12:15:14-07:00","entry_id":129074,"field1":"3.75","field2":"2.8125"},{"created_at":"2021-03-14T12:24:51-07:00","entry_id":129075,"field1":"3.8125","field2":"3.4375"},{"created_at":"2021-03-14T12:34:27-07:00","entry_id":129076,"field1":"3.8125","field2":"3.125"},{"created_at":"2021-03-14T12:44:04-07:00","entry_id":129077,"field1":"3.8125","field2":"2.75"},{"created_at":"2021-03-14T12:53:41-07:00","entry_id":129078,"field1":"3.8125","field2":"2.8125"},{"created_at":"2021-03-14T13:03:16-07:00","entry_id":129079,"field1":"3.8125","field2":"2.9375"},{"created_at":"2021-03-14T13:12:53-07:00","entry_id":129080,"field1":"3.875","field2":"3.8125"},{"created_at":"2021-03-14T13:22:30-07:00","entry_id":129081,"field1":"3.9375","field2":"3.1875"},{"created_at":"2021-03-14T13:32:07-07:00","entry_id":129082,"field1":"3.9375","field2":"3.5"},{"created_at":"2021-03-14T13:41:43-07:00","entry_id":129083,"field1":"3.9375","field2":"3.25"},{"created_at":"2021-03-14T13:51:19-07:00","entry_id":129084,"field1":"3.9375","field2":"4.125"},{"created_at":"2021-03-14T14:00:55-07:00","entry_id":129085,"field1":"4","field2":"4.5"},{"created_at":"2021-03-14T14:10:32-07:00","entry_id":129086,"field1":"4","field2":"4.1875"},{"created_at":"2021-03-14T14:20:10-07:00","entry_id":129087,"field1":"4","field2":"3.625"},{"created_at":"2021-03-14T14:29:47-07:00","entry_id":129088,"field1":"4.0625","field2":"3.875"},{"created_at":"2021-03-14T14:39:25-07:00","entry_id":129089,"field1":"4.0625","field2":"3.625"},{"created_at":"2021-03-14T14:49:01-07:00","entry_id":129090,"field1":"4.0625","field2":"3.75"},{"created_at":"2021-03-14T14:58:38-07:00","entry_id":129091,"field1":"4.0625","field2":"3.75"},{"created_at":"2021-03-14T15:08:16-07:00","entry_id":129092,"field1":"4.0625","field2":"4.25"},{"created_at":"2021-03-14T15:17:51-07:00","entry_id":129093,"field1":"4.125","field2":"4.125"},{"created_at":"2021-03-14T15:27:29-07:00","entry_id":129094,"field1":"4.125","field2":"4.3125"},{"created_at":"2021-03-14T15:37:06-07:00","entry_id":129095,"field1":"4.125","field2":"4.25"},{"created_at":"2021-03-14T15:46:43-07:00","entry_id":129096,"field1":"4.125","field2":"4.75"},{"created_at":"2021-03-14T15:56:18-07:00","entry_id":129097,"field1":"4.125","field2":"5.125"},{"created_at":"2021-03-14T16:05:54-07:00","entry_id":129098,"field1":"4.125","field2":"4.75"},{"created_at":"2021-03-14T16:15:32-07:00","entry_id":129099,"field1":"4.1875","field2":"4.5625"},{"created_at":"2021-03-14T16:25:09-07:00","entry_id":129100,"field1":"4.1875","field2":"4.625"},{"created_at":"2021-03-14T16:34:46-07:00","entry_id":129101,"field1":"4.1875","field2":"4.75"},{"created_at":"2021-03-14T16:44:23-07:00","entry_id":129102,"field1":"4.1875","field2":"4.875"},{"created_at":"2021-03-14T16:54:00-07:00","entry_id":129103,"field1":"4.1875","field2":"5.0625"},{"created_at":"2021-03-14T17:03:37-07:00","entry_id":129104,"field1":"4.1875","field2":"4.6875"},{"created_at":"2021-03-14T17:13:14-07:00","entry_id":129105,"field1":"4.1875","field2":"4.625"},{"created_at":"2021-03-14T17:22:51-07:00","entry_id":129106,"field1":"4.25","field2":"4.75"},{"created_at":"2021-03-14T17:32:28-07:00","entry_id":129107,"field1":"4.25","field2":"4.6875"},{"created_at":"2021-03-14T17:42:05-07:00","entry_id":129108,"field1":"4.25","field2":"4.6875"},{"created_at":"2021-03-14T17:51:42-07:00","entry_id":129109,"field1":"4.25","field2":"4.5625"},{"created_at":"2021-03-14T18:01:18-07:00","entry_id":129110,"field1":"4.25","field2":"4.5"},{"created_at":"2021-03-14T18:10:55-07:00","entry_id":129111,"field1":"4.25","field2":"4.5"},{"created_at":"2021-03-14T18:20:32-07:00","entry_id":129112,"field1":"4.25","field2":"4.4375"},{"created_at":"2021-03-14T18:30:07-07:00","entry_id":129113,"field1":"4.25","field2":"4.3125"},{"created_at":"2021-03-14T18:39:45-07:00","entry_id":129114,"field1":"4.25","field2":"4.25"},{"created_at":"2021-03-14T18:49:20-07:00","entry_id":129115,"field1":"4.25","field2":"4.125"},{"created_at":"2021-03-14T18:58:58-07:00","entry_id":129116,"field1":"4.25","field2":"4.125"},{"created_at":"2021-03-14T19:08:35-07:00","entry_id":129117,"field1":"4.25","field2":"4"},{"created_at":"2021-03-14T19:18:13-07:00","entry_id":129118,"field1":"4.25","field2":"3.875"},{"created_at":"2021-03-14T19:27:50-07:00","entry_id":129119,"field1":"4.25","field2":"3.9375"},{"created_at":"2021-03-14T19:37:27-07:00","entry_id":129120,"field1":"4.25","field2":"4.0625"},{"created_at":"2021-03-14T19:47:02-07:00","entry_id":129121,"field1":"4.25","field2":"3.875"},{"created_at":"2021-03-14T19:56:40-07:00","entry_id":129122,"field1":"4.25","field2":"3.875"},{"created_at":"2021-03-14T20:06:17-07:00","entry_id":129123,"field1":"4.25","field2":"3.875"},{"created_at":"2021-03-14T20:15:52-07:00","entry_id":129124,"field1":"4.25","field2":"3.875"},{"created_at":"2021-03-14T20:25:30-07:00","entry_id":129125,"field1":"4.25","field2":"3.75"},{"created_at":"2021-03-14T20:35:07-07:00","entry_id":129126,"field1":"4.25","field2":"3.75"},{"created_at":"2021-03-14T20:44:44-07:00","entry_id":129127,"field1":"4.25","field2":"3.8125"},{"created_at":"2021-03-14T20:54:21-07:00","entry_id":129128,"field1":"4.25","field2":"3.6875"},{"created_at":"2021-03-14T21:03:56-07:00","entry_id":129129,"field1":"4.25","field2":"3.75"},{"created_at":"2021-03-14T21:13:34-07:00","entry_id":129130,"field1":"4.25","field2":"3.75"},{"created_at":"2021-03-14T21:23:09-07:00","entry_id":129131,"field1":"4.25","field2":"3.875"},{"created_at":"2021-03-14T21:32:47-07:00","entry_id":129132,"field1":"4.25","field2":"3.8125"},{"created_at":"2021-03-14T21:42:24-07:00","entry_id":129133,"field1":"4.25","field2":"3.8125"},{"created_at":"2021-03-14T21:52:01-07:00","entry_id":129134,"field1":"4.25","field2":"3.6875"},{"created_at":"2021-03-14T22:01:38-07:00","entry_id":129135,"field1":"4.25","field2":"3.625"},{"created_at":"2021-03-14T22:11:13-07:00","entry_id":129136,"field1":"4.25","field2":"3.625"},{"created_at":"2021-03-14T22:20:51-07:00","entry_id":129137,"field1":"4.25","field2":"3.5625"},{"created_at":"2021-03-14T22:30:29-07:00","entry_id":129138,"field1":"4.25","field2":"3.625"},{"created_at":"2021-03-14T22:40:06-07:00","entry_id":129139,"field1":"4.25","field2":"3.6875"},{"created_at":"2021-03-14T22:49:43-07:00","entry_id":129140,"field1":"4.25","field2":"3.6875"},{"created_at":"2021-03-14T22:59:18-07:00","entry_id":129141,"field1":"4.25","field2":"3.625"},{"created_at":"2021-03-14T23:08:55-07:00","entry_id":129142,"field1":"4.25","field2":"3.625"},{"created_at":"2021-03-14T23:18:33-07:00","entry_id":129143,"field1":"4.25","field2":"3.75"},{"created_at":"2021-03-14T23:28:08-07:00","entry_id":129144,"field1":"4.25","field2":"3.75"},{"created_at":"2021-03-14T23:37:44-07:00","entry_id":129145,"field1":"4.25","field2":"3.875"},{"created_at":"2021-03-14T23:47:22-07:00","entry_id":129146,"field1":"4.25","field2":"3.9375"},{"created_at":"2021-03-14T23:56:58-07:00","entry_id":129147,"field1":"4.25","field2":"4"}]}