{"channel":{"id":581842,"name":"Upstairs Small Window Indoor / Outdoor Sensor","latitude":"0.0","longitude":"0.0","field1":"Indoor Temperature","field2":"Outdoor Temperature","created_at":"2018-09-23T15:37:52-07:00","updated_at":"2020-07-27T05:59:41-07:00","last_entry_id":150129},"feeds":[{"created_at":"2020-12-15T10:55:16-08:00","entry_id":115987,"field1":"0.875","field2":"0.4375"},{"created_at":"2020-12-15T11:04:41-08:00","entry_id":115988,"field1":"0.875","field2":"0.4375"},{"created_at":"2020-12-15T11:14:17-08:00","entry_id":115989,"field1":"0.875","field2":"0.5"},{"created_at":"2020-12-15T11:23:52-08:00","entry_id":115990,"field1":"0.875","field2":"0.4375"},{"created_at":"2020-12-15T11:33:28-08:00","entry_id":115991,"field1":"0.875","field2":"0.5"},{"created_at":"2020-12-15T11:43:04-08:00","entry_id":115992,"field1":"0.875","field2":"0.4375"},{"created_at":"2020-12-15T11:52:42-08:00","entry_id":115993,"field1":"0.9375","field2":"0.5"},{"created_at":"2020-12-15T12:02:19-08:00","entry_id":115994,"field1":"0.9375","field2":"0.625"},{"created_at":"2020-12-15T12:11:56-08:00","entry_id":115995,"field1":"0.9375","field2":"0.6875"},{"created_at":"2020-12-15T12:21:31-08:00","entry_id":115996,"field1":"0.9375","field2":"0.5"},{"created_at":"2020-12-15T12:31:09-08:00","entry_id":115997,"field1":"0.9375","field2":"0.6875"},{"created_at":"2020-12-15T12:40:44-08:00","entry_id":115998,"field1":"0.9375","field2":"0.5625"},{"created_at":"2020-12-15T12:50:21-08:00","entry_id":115999,"field1":"0.9375","field2":"0.5"},{"created_at":"2020-12-15T13:00:00-08:00","entry_id":116000,"field1":"1","field2":"0.5"},{"created_at":"2020-12-15T13:09:35-08:00","entry_id":116001,"field1":"1","field2":"0.375"},{"created_at":"2020-12-15T13:19:13-08:00","entry_id":116002,"field1":"1","field2":"0.375"},{"created_at":"2020-12-15T13:28:49-08:00","entry_id":116003,"field1":"0.9375","field2":"0.3125"},{"created_at":"2020-12-15T13:38:25-08:00","entry_id":116004,"field1":"0.9375","field2":"0.375"},{"created_at":"2020-12-15T13:48:02-08:00","entry_id":116005,"field1":"1","field2":"0.4375"},{"created_at":"2020-12-15T13:57:38-08:00","entry_id":116006,"field1":"1","field2":"0.375"},{"created_at":"2020-12-15T14:07:16-08:00","entry_id":116007,"field1":"0.9375","field2":"0.3125"},{"created_at":"2020-12-15T14:16:53-08:00","entry_id":116008,"field1":"1","field2":"0.3125"},{"created_at":"2020-12-15T14:26:31-08:00","entry_id":116009,"field1":"1","field2":"0.3125"},{"created_at":"2020-12-15T14:36:06-08:00","entry_id":116010,"field1":"1","field2":"0.25"},{"created_at":"2020-12-15T14:45:42-08:00","entry_id":116011,"field1":"1","field2":"0.25"},{"created_at":"2020-12-15T14:55:20-08:00","entry_id":116012,"field1":"1","field2":"0.25"},{"created_at":"2020-12-15T15:04:56-08:00","entry_id":116013,"field1":"1","field2":"0.1875"},{"created_at":"2020-12-15T15:14:33-08:00","entry_id":116014,"field1":"1","field2":"0.1875"},{"created_at":"2020-12-15T15:24:10-08:00","entry_id":116015,"field1":"1","field2":"0.1875"},{"created_at":"2020-12-15T15:33:46-08:00","entry_id":116016,"field1":"0.9375","field2":"0.125"},{"created_at":"2020-12-15T15:43:22-08:00","entry_id":116017,"field1":"0.9375","field2":"0.125"},{"created_at":"2020-12-15T15:52:59-08:00","entry_id":116018,"field1":"0.9375","field2":"0.0625"},{"created_at":"2020-12-15T16:02:34-08:00","entry_id":116019,"field1":"1","field2":"0.125"},{"created_at":"2020-12-15T16:12:11-08:00","entry_id":116020,"field1":"0.9375","field2":"0.0625"},{"created_at":"2020-12-15T16:21:49-08:00","entry_id":116021,"field1":"1","field2":"0.0625"},{"created_at":"2020-12-15T16:31:25-08:00","entry_id":116022,"field1":"1","field2":"0.0625"},{"created_at":"2020-12-15T16:41:01-08:00","entry_id":116023,"field1":"1","field2":"0.0625"},{"created_at":"2020-12-15T16:50:38-08:00","entry_id":116024,"field1":"1","field2":"0.0625"},{"created_at":"2020-12-15T17:00:16-08:00","entry_id":116025,"field1":"1","field2":"0"},{"created_at":"2020-12-15T17:09:51-08:00","entry_id":116026,"field1":"0.9375","field2":"0"},{"created_at":"2020-12-15T17:19:28-08:00","entry_id":116027,"field1":"1","field2":"0"},{"created_at":"2020-12-15T17:29:06-08:00","entry_id":116028,"field1":"1","field2":"-0.0625"},{"created_at":"2020-12-15T17:38:42-08:00","entry_id":116029,"field1":"1","field2":"0"},{"created_at":"2020-12-15T17:48:18-08:00","entry_id":116030,"field1":"0.9375","field2":"-0.0625"},{"created_at":"2020-12-15T17:57:54-08:00","entry_id":116031,"field1":"0.9375","field2":"-0.0625"},{"created_at":"2020-12-15T18:07:33-08:00","entry_id":116032,"field1":"0.9375","field2":"-0.0625"},{"created_at":"2020-12-15T18:17:08-08:00","entry_id":116033,"field1":"0.9375","field2":"-0.0625"},{"created_at":"2020-12-15T18:26:46-08:00","entry_id":116034,"field1":"0.9375","field2":"-0.0625"},{"created_at":"2020-12-15T18:36:23-08:00","entry_id":116035,"field1":"0.9375","field2":"-0.0625"},{"created_at":"2020-12-15T18:45:59-08:00","entry_id":116036,"field1":"0.9375","field2":"-0.125"},{"created_at":"2020-12-15T18:55:36-08:00","entry_id":116037,"field1":"0.9375","field2":"-0.0625"},{"created_at":"2020-12-15T19:05:11-08:00","entry_id":116038,"field1":"0.9375","field2":"-0.0625"},{"created_at":"2020-12-15T19:14:47-08:00","entry_id":116039,"field1":"0.9375","field2":"-0.0625"},{"created_at":"2020-12-15T19:24:23-08:00","entry_id":116040,"field1":"0.9375","field2":"-0.0625"},{"created_at":"2020-12-15T19:34:00-08:00","entry_id":116041,"field1":"0.9375","field2":"-0.0625"},{"created_at":"2020-12-15T19:43:38-08:00","entry_id":116042,"field1":"0.9375","field2":"-0.0625"},{"created_at":"2020-12-15T19:53:15-08:00","entry_id":116043,"field1":"0.9375","field2":"-0.0625"},{"created_at":"2020-12-15T20:02:51-08:00","entry_id":116044,"field1":"0.9375","field2":"-0.0625"},{"created_at":"2020-12-15T20:12:29-08:00","entry_id":116045,"field1":"0.9375","field2":"-0.0625"},{"created_at":"2020-12-15T20:22:04-08:00","entry_id":116046,"field1":"0.9375","field2":"-0.0625"},{"created_at":"2020-12-15T20:31:42-08:00","entry_id":116047,"field1":"0.9375","field2":"-0.0625"},{"created_at":"2020-12-15T20:41:19-08:00","entry_id":116048,"field1":"0.9375","field2":"0"},{"created_at":"2020-12-15T20:50:56-08:00","entry_id":116049,"field1":"0.9375","field2":"-0.0625"},{"created_at":"2020-12-15T21:00:31-08:00","entry_id":116050,"field1":"0.9375","field2":"0"},{"created_at":"2020-12-15T21:10:07-08:00","entry_id":116051,"field1":"0.9375","field2":"0"},{"created_at":"2020-12-15T21:19:43-08:00","entry_id":116052,"field1":"0.9375","field2":"0"},{"created_at":"2020-12-15T21:29:22-08:00","entry_id":116053,"field1":"0.9375","field2":"0"},{"created_at":"2020-12-15T21:38:57-08:00","entry_id":116054,"field1":"0.9375","field2":"0"},{"created_at":"2020-12-15T21:48:33-08:00","entry_id":116055,"field1":"0.9375","field2":"0"},{"created_at":"2020-12-15T21:58:17-08:00","entry_id":116056,"field1":"0.9375","field2":"0"},{"created_at":"2020-12-15T22:07:54-08:00","entry_id":116057,"field1":"0.9375","field2":"0"},{"created_at":"2020-12-15T22:17:31-08:00","entry_id":116058,"field1":"0.9375","field2":"0"},{"created_at":"2020-12-15T22:27:09-08:00","entry_id":116059,"field1":"0.9375","field2":"0"},{"created_at":"2020-12-15T22:36:44-08:00","entry_id":116060,"field1":"0.9375","field2":"0"},{"created_at":"2020-12-15T22:46:21-08:00","entry_id":116061,"field1":"0.9375","field2":"0"},{"created_at":"2020-12-15T22:55:57-08:00","entry_id":116062,"field1":"0.9375","field2":"0"},{"created_at":"2020-12-15T23:05:33-08:00","entry_id":116063,"field1":"0.9375","field2":"0.0625"},{"created_at":"2020-12-15T23:15:11-08:00","entry_id":116064,"field1":"0.9375","field2":"0.0625"},{"created_at":"2020-12-15T23:24:47-08:00","entry_id":116065,"field1":"0.9375","field2":"0.0625"},{"created_at":"2020-12-15T23:34:25-08:00","entry_id":116066,"field1":"0.9375","field2":"0"},{"created_at":"2020-12-15T23:44:02-08:00","entry_id":116067,"field1":"0.9375","field2":"0.0625"},{"created_at":"2020-12-15T23:53:39-08:00","entry_id":116068,"field1":"0.9375","field2":"0"}]}