{"channel":{"id":581842,"name":"Upstairs Small Window Indoor / Outdoor Sensor","latitude":"0.0","longitude":"0.0","field1":"Indoor Temperature","field2":"Outdoor Temperature","created_at":"2018-09-23T15:37:52-07:00","updated_at":"2020-07-27T05:59:41-07:00","last_entry_id":150129},"feeds":[{"created_at":"2020-12-16T00:03:16-08:00","entry_id":116069,"field1":"0.9375","field2":"0"},{"created_at":"2020-12-16T00:12:51-08:00","entry_id":116070,"field1":"0.9375","field2":"0.0625"},{"created_at":"2020-12-16T00:22:28-08:00","entry_id":116071,"field1":"1","field2":"0"},{"created_at":"2020-12-16T00:32:06-08:00","entry_id":116072,"field1":"1","field2":"0"},{"created_at":"2020-12-16T00:41:41-08:00","entry_id":116073,"field1":"1","field2":"0"},{"created_at":"2020-12-16T00:51:19-08:00","entry_id":116074,"field1":"0.9375","field2":"0"},{"created_at":"2020-12-16T01:00:54-08:00","entry_id":116075,"field1":"0.9375","field2":"0"},{"created_at":"2020-12-16T01:10:32-08:00","entry_id":116076,"field1":"1","field2":"0"},{"created_at":"2020-12-16T01:20:09-08:00","entry_id":116077,"field1":"1","field2":"-0.0625"},{"created_at":"2020-12-16T01:29:46-08:00","entry_id":116078,"field1":"1","field2":"-0.0625"},{"created_at":"2020-12-16T01:39:21-08:00","entry_id":116079,"field1":"0.9375","field2":"0"},{"created_at":"2020-12-16T01:48:59-08:00","entry_id":116080,"field1":"0.9375","field2":"0"},{"created_at":"2020-12-16T01:58:35-08:00","entry_id":116081,"field1":"1","field2":"0"},{"created_at":"2020-12-16T02:08:12-08:00","entry_id":116082,"field1":"0.9375","field2":"0"},{"created_at":"2020-12-16T02:17:48-08:00","entry_id":116083,"field1":"0.9375","field2":"0.0625"},{"created_at":"2020-12-16T02:27:26-08:00","entry_id":116084,"field1":"1","field2":"0"},{"created_at":"2020-12-16T02:59:48-08:00","entry_id":116085,"field1":"0.9375","field2":"0.0625"}]}