{"channel":{"id":581842,"name":"Upstairs Small Window Indoor / Outdoor Sensor","latitude":"0.0","longitude":"0.0","field1":"Indoor Temperature","field2":"Outdoor Temperature","created_at":"2018-09-23T15:37:52-07:00","updated_at":"2020-07-27T05:59:41-07:00","last_entry_id":225537},"feeds":[{"created_at":"2023-01-03T00:03:14-08:00","entry_id":225256,"field1":"6.4375","field2":"-2"},{"created_at":"2023-01-03T00:12:50-08:00","entry_id":225257,"field1":"6.5","field2":"-2.0625"},{"created_at":"2023-01-03T00:22:28-08:00","entry_id":225258,"field1":"7.125","field2":"-2.125"},{"created_at":"2023-01-03T00:32:05-08:00","entry_id":225259,"field1":"7.5","field2":"-2.125"},{"created_at":"2023-01-03T00:41:44-08:00","entry_id":225260,"field1":"7.8125","field2":"-2.1875"},{"created_at":"2023-01-03T00:51:19-08:00","entry_id":225261,"field1":"7.625","field2":"-2"},{"created_at":"2023-01-03T01:00:55-08:00","entry_id":225262,"field1":"7.125","field2":"-1.9375"},{"created_at":"2023-01-03T01:10:33-08:00","entry_id":225263,"field1":"6.875","field2":"-2.125"},{"created_at":"2023-01-03T01:20:09-08:00","entry_id":225264,"field1":"6.5625","field2":"-2.0625"},{"created_at":"2023-01-03T01:29:46-08:00","entry_id":225265,"field1":"6.4375","field2":"-2"},{"created_at":"2023-01-03T01:39:21-08:00","entry_id":225266,"field1":"6.5625","field2":"-2.0625"},{"created_at":"2023-01-03T01:48:59-08:00","entry_id":225267,"field1":"7.125","field2":"-2.125"},{"created_at":"2023-01-03T01:58:34-08:00","entry_id":225268,"field1":"7.5625","field2":"-2"},{"created_at":"2023-01-03T02:08:13-08:00","entry_id":225269,"field1":"7.875","field2":"-1.9375"},{"created_at":"2023-01-03T02:17:50-08:00","entry_id":225270,"field1":"7.5","field2":"-1.875"},{"created_at":"2023-01-03T02:27:26-08:00","entry_id":225271,"field1":"7.0625","field2":"-1.9375"},{"created_at":"2023-01-03T02:37:02-08:00","entry_id":225272,"field1":"6.75","field2":"-1.9375"},{"created_at":"2023-01-03T02:46:40-08:00","entry_id":225273,"field1":"6.5625","field2":"-1.875"},{"created_at":"2023-01-03T02:56:16-08:00","entry_id":225274,"field1":"6.375","field2":"-1.9375"},{"created_at":"2023-01-03T03:05:54-08:00","entry_id":225275,"field1":"6.6875","field2":"-1.9375"},{"created_at":"2023-01-03T03:15:30-08:00","entry_id":225276,"field1":"7.25","field2":"-1.9375"},{"created_at":"2023-01-03T03:25:07-08:00","entry_id":225277,"field1":"7.625","field2":"-1.9375"},{"created_at":"2023-01-03T03:34:44-08:00","entry_id":225278,"field1":"7.875","field2":"-2.0625"},{"created_at":"2023-01-03T03:44:21-08:00","entry_id":225279,"field1":"7.5","field2":"-2.125"},{"created_at":"2023-01-03T03:53:57-08:00","entry_id":225280,"field1":"7.0625","field2":"-2.125"},{"created_at":"2023-01-03T04:03:33-08:00","entry_id":225281,"field1":"6.8125","field2":"-2.1875"},{"created_at":"2023-01-03T04:13:11-08:00","entry_id":225282,"field1":"6.5625","field2":"-2.125"},{"created_at":"2023-01-03T04:22:46-08:00","entry_id":225283,"field1":"6.375","field2":"-2.1875"},{"created_at":"2023-01-03T04:32:21-08:00","entry_id":225284,"field1":"6.625","field2":"-2.375"},{"created_at":"2023-01-03T04:41:58-08:00","entry_id":225285,"field1":"7.125","field2":"-2.5"},{"created_at":"2023-01-03T04:51:34-08:00","entry_id":225286,"field1":"7.5","field2":"-2.5"},{"created_at":"2023-01-03T05:01:14-08:00","entry_id":225287,"field1":"7.8125","field2":"-2.4375"},{"created_at":"2023-01-03T05:10:50-08:00","entry_id":225288,"field1":"7.5","field2":"-2.5"},{"created_at":"2023-01-03T05:20:27-08:00","entry_id":225289,"field1":"7.0625","field2":"-2.375"},{"created_at":"2023-01-03T05:30:05-08:00","entry_id":225290,"field1":"6.75","field2":"-2.3125"},{"created_at":"2023-01-03T05:39:40-08:00","entry_id":225291,"field1":"6.5","field2":"-2.4375"},{"created_at":"2023-01-03T05:49:16-08:00","entry_id":225292,"field1":"6.3125","field2":"-2.4375"},{"created_at":"2023-01-03T05:58:53-08:00","entry_id":225293,"field1":"6.6875","field2":"-2.5"},{"created_at":"2023-01-03T06:08:27-08:00","entry_id":225294,"field1":"7.1875","field2":"-2.375"},{"created_at":"2023-01-03T06:18:00-08:00","entry_id":225295,"field1":"7.4375","field2":"-2.4375"},{"created_at":"2023-01-03T06:27:42-08:00","entry_id":225296,"field1":"7.8125","field2":"-2.5625"},{"created_at":"2023-01-03T06:37:21-08:00","entry_id":225297,"field1":"7.375","field2":"-2.625"},{"created_at":"2023-01-03T06:46:57-08:00","entry_id":225298,"field1":"6.9375","field2":"-2.5"},{"created_at":"2023-01-03T06:56:32-08:00","entry_id":225299,"field1":"6.6875","field2":"-2.5"},{"created_at":"2023-01-03T07:06:09-08:00","entry_id":225300,"field1":"6.4375","field2":"-2.4375"},{"created_at":"2023-01-03T07:15:46-08:00","entry_id":225301,"field1":"6.3125","field2":"-2.375"},{"created_at":"2023-01-03T07:25:23-08:00","entry_id":225302,"field1":"6.75","field2":"-2.4375"},{"created_at":"2023-01-03T07:35:00-08:00","entry_id":225303,"field1":"7.25","field2":"-2.4375"},{"created_at":"2023-01-03T07:44:36-08:00","entry_id":225304,"field1":"7.625","field2":"-2.375"},{"created_at":"2023-01-03T07:54:15-08:00","entry_id":225305,"field1":"7.8125","field2":"-2.4375"},{"created_at":"2023-01-03T08:03:51-08:00","entry_id":225306,"field1":"7.25","field2":"-2.375"},{"created_at":"2023-01-03T08:13:27-08:00","entry_id":225307,"field1":"6.875","field2":"-2.375"},{"created_at":"2023-01-03T08:23:04-08:00","entry_id":225308,"field1":"6.625","field2":"-2.3125"},{"created_at":"2023-01-03T08:32:40-08:00","entry_id":225309,"field1":"6.375","field2":"-2.3125"},{"created_at":"2023-01-03T08:42:17-08:00","entry_id":225310,"field1":"6.3125","field2":"-2.25"},{"created_at":"2023-01-03T08:51:55-08:00","entry_id":225311,"field1":"6.9375","field2":"-2.1875"},{"created_at":"2023-01-03T09:01:31-08:00","entry_id":225312,"field1":"7.375","field2":"-2.125"},{"created_at":"2023-01-03T09:11:08-08:00","entry_id":225313,"field1":"7.6875","field2":"-2"},{"created_at":"2023-01-03T09:20:46-08:00","entry_id":225314,"field1":"7.8125","field2":"-1.8125"},{"created_at":"2023-01-03T09:30:24-08:00","entry_id":225315,"field1":"7.3125","field2":"1.6875"},{"created_at":"2023-01-03T09:40:00-08:00","entry_id":225316,"field1":"7.125","field2":"2.5625"},{"created_at":"2023-01-03T09:49:36-08:00","entry_id":225317,"field1":"6.875","field2":"0.25"},{"created_at":"2023-01-03T09:59:12-08:00","entry_id":225318,"field1":"6.6875","field2":"-0.25"},{"created_at":"2023-01-03T10:08:48-08:00","entry_id":225319,"field1":"6.5","field2":"-0.9375"},{"created_at":"2023-01-03T10:18:27-08:00","entry_id":225320,"field1":"6.375","field2":"-0.9375"},{"created_at":"2023-01-03T10:28:03-08:00","entry_id":225321,"field1":"6.875","field2":"-1"},{"created_at":"2023-01-03T10:37:39-08:00","entry_id":225322,"field1":"7.375","field2":"-0.75"},{"created_at":"2023-01-03T10:47:16-08:00","entry_id":225323,"field1":"7.75","field2":"-0.8125"},{"created_at":"2023-01-03T10:56:53-08:00","entry_id":225324,"field1":"7.6875","field2":"-0.9375"},{"created_at":"2023-01-03T11:06:30-08:00","entry_id":225325,"field1":"7.1875","field2":"-0.9375"},{"created_at":"2023-01-03T11:16:08-08:00","entry_id":225326,"field1":"6.9375","field2":"-0.9375"},{"created_at":"2023-01-03T11:25:43-08:00","entry_id":225327,"field1":"6.6875","field2":"-0.8125"},{"created_at":"2023-01-03T11:35:21-08:00","entry_id":225328,"field1":"6.5","field2":"-0.9375"},{"created_at":"2023-01-03T11:44:58-08:00","entry_id":225329,"field1":"6.4375","field2":"-0.8125"},{"created_at":"2023-01-03T11:54:35-08:00","entry_id":225330,"field1":"7.0625","field2":"-0.75"},{"created_at":"2023-01-03T12:04:11-08:00","entry_id":225331,"field1":"7.5","field2":"-0.8125"},{"created_at":"2023-01-03T12:13:50-08:00","entry_id":225332,"field1":"7.8125","field2":"-0.6875"},{"created_at":"2023-01-03T12:23:28-08:00","entry_id":225333,"field1":"7.8125","field2":"-0.625"},{"created_at":"2023-01-03T12:33:06-08:00","entry_id":225334,"field1":"7.375","field2":"-0.6875"},{"created_at":"2023-01-03T12:42:41-08:00","entry_id":225335,"field1":"7","field2":"-0.5625"},{"created_at":"2023-01-03T12:52:19-08:00","entry_id":225336,"field1":"6.8125","field2":"-0.375"},{"created_at":"2023-01-03T13:01:54-08:00","entry_id":225337,"field1":"6.625","field2":"-0.25"},{"created_at":"2023-01-03T13:11:30-08:00","entry_id":225338,"field1":"6.4375","field2":"-0.25"},{"created_at":"2023-01-03T13:21:06-08:00","entry_id":225339,"field1":"6.75","field2":"-0.1875"},{"created_at":"2023-01-03T13:30:43-08:00","entry_id":225340,"field1":"7.375","field2":"0.125"},{"created_at":"2023-01-03T13:40:20-08:00","entry_id":225341,"field1":"7.75","field2":"-0.125"},{"created_at":"2023-01-03T13:49:57-08:00","entry_id":225342,"field1":"7.875","field2":"-0.125"},{"created_at":"2023-01-03T13:59:34-08:00","entry_id":225343,"field1":"7.375","field2":"-0.0625"},{"created_at":"2023-01-03T14:09:10-08:00","entry_id":225344,"field1":"7.0625","field2":"-0.25"},{"created_at":"2023-01-03T14:18:48-08:00","entry_id":225345,"field1":"6.8125","field2":"-0.125"},{"created_at":"2023-01-03T14:28:24-08:00","entry_id":225346,"field1":"6.625","field2":"-0.125"},{"created_at":"2023-01-03T14:38:01-08:00","entry_id":225347,"field1":"6.4375","field2":"-0.25"},{"created_at":"2023-01-03T14:47:37-08:00","entry_id":225348,"field1":"6.8125","field2":"-0.375"},{"created_at":"2023-01-03T14:57:15-08:00","entry_id":225349,"field1":"7.375","field2":"-0.4375"},{"created_at":"2023-01-03T15:06:53-08:00","entry_id":225350,"field1":"7.75","field2":"-0.4375"},{"created_at":"2023-01-03T15:16:29-08:00","entry_id":225351,"field1":"8","field2":"-0.5"},{"created_at":"2023-01-03T15:26:06-08:00","entry_id":225352,"field1":"7.5625","field2":"-0.8125"},{"created_at":"2023-01-03T15:35:42-08:00","entry_id":225353,"field1":"7.125","field2":"-1.0625"},{"created_at":"2023-01-03T15:45:20-08:00","entry_id":225354,"field1":"6.875","field2":"-1.25"},{"created_at":"2023-01-03T15:54:58-08:00","entry_id":225355,"field1":"6.625","field2":"-1.375"},{"created_at":"2023-01-03T16:04:35-08:00","entry_id":225356,"field1":"6.4375","field2":"-1.375"},{"created_at":"2023-01-03T16:14:11-08:00","entry_id":225357,"field1":"6.6875","field2":"-1.375"},{"created_at":"2023-01-03T16:23:48-08:00","entry_id":225358,"field1":"7.25","field2":"-1.375"},{"created_at":"2023-01-03T16:33:26-08:00","entry_id":225359,"field1":"7.625","field2":"-1.375"},{"created_at":"2023-01-03T16:43:04-08:00","entry_id":225360,"field1":"7.9375","field2":"-1.3125"},{"created_at":"2023-01-03T16:52:39-08:00","entry_id":225361,"field1":"7.6875","field2":"-1.3125"},{"created_at":"2023-01-03T17:02:16-08:00","entry_id":225362,"field1":"7.1875","field2":"-1.375"},{"created_at":"2023-01-03T17:11:54-08:00","entry_id":225363,"field1":"6.9375","field2":"-1.375"},{"created_at":"2023-01-03T17:21:29-08:00","entry_id":225364,"field1":"6.6875","field2":"-1.375"},{"created_at":"2023-01-03T17:31:05-08:00","entry_id":225365,"field1":"6.4375","field2":"-1.375"},{"created_at":"2023-01-03T17:40:44-08:00","entry_id":225366,"field1":"6.5","field2":"-1.4375"},{"created_at":"2023-01-03T17:50:20-08:00","entry_id":225367,"field1":"7.125","field2":"-1.4375"},{"created_at":"2023-01-03T17:59:57-08:00","entry_id":225368,"field1":"7.5625","field2":"-1.375"},{"created_at":"2023-01-03T18:09:35-08:00","entry_id":225369,"field1":"7.8125","field2":"-1.4375"},{"created_at":"2023-01-03T18:19:11-08:00","entry_id":225370,"field1":"7.6875","field2":"-1.4375"},{"created_at":"2023-01-03T18:28:48-08:00","entry_id":225371,"field1":"7.1875","field2":"-1.5"},{"created_at":"2023-01-03T18:38:25-08:00","entry_id":225372,"field1":"6.875","field2":"-1.5"},{"created_at":"2023-01-03T18:48:01-08:00","entry_id":225373,"field1":"6.6875","field2":"-1.4375"},{"created_at":"2023-01-03T18:57:37-08:00","entry_id":225374,"field1":"6.4375","field2":"-1.4375"},{"created_at":"2023-01-03T19:07:13-08:00","entry_id":225375,"field1":"6.5","field2":"-1.4375"},{"created_at":"2023-01-03T19:16:50-08:00","entry_id":225376,"field1":"7.125","field2":"-1.5"},{"created_at":"2023-01-03T19:26:27-08:00","entry_id":225377,"field1":"7.5625","field2":"-1.5625"},{"created_at":"2023-01-03T19:36:06-08:00","entry_id":225378,"field1":"7.9375","field2":"-1.5625"},{"created_at":"2023-01-03T19:45:42-08:00","entry_id":225379,"field1":"7.75","field2":"-1.5625"},{"created_at":"2023-01-03T19:55:18-08:00","entry_id":225380,"field1":"7.25","field2":"-1.5625"},{"created_at":"2023-01-03T20:04:55-08:00","entry_id":225381,"field1":"6.9375","field2":"-1.625"},{"created_at":"2023-01-03T20:14:31-08:00","entry_id":225382,"field1":"6.6875","field2":"-1.625"},{"created_at":"2023-01-03T20:24:08-08:00","entry_id":225383,"field1":"6.5","field2":"-1.625"},{"created_at":"2023-01-03T20:33:44-08:00","entry_id":225384,"field1":"6.4375","field2":"-1.625"},{"created_at":"2023-01-03T20:43:24-08:00","entry_id":225385,"field1":"7","field2":"-1.625"},{"created_at":"2023-01-03T20:53:01-08:00","entry_id":225386,"field1":"7.4375","field2":"-1.625"},{"created_at":"2023-01-03T21:02:38-08:00","entry_id":225387,"field1":"7.75","field2":"-1.625"},{"created_at":"2023-01-03T21:12:16-08:00","entry_id":225388,"field1":"7.6875","field2":"-1.6875"},{"created_at":"2023-01-03T21:21:52-08:00","entry_id":225389,"field1":"7.1875","field2":"-1.6875"},{"created_at":"2023-01-03T21:31:28-08:00","entry_id":225390,"field1":"6.875","field2":"-1.6875"},{"created_at":"2023-01-03T21:41:06-08:00","entry_id":225391,"field1":"6.625","field2":"-1.6875"},{"created_at":"2023-01-03T21:50:43-08:00","entry_id":225392,"field1":"6.375","field2":"-1.6875"},{"created_at":"2023-01-03T22:00:19-08:00","entry_id":225393,"field1":"6.5","field2":"-1.6875"},{"created_at":"2023-01-03T22:09:56-08:00","entry_id":225394,"field1":"7.125","field2":"-1.6875"},{"created_at":"2023-01-03T22:19:34-08:00","entry_id":225395,"field1":"7.5625","field2":"-1.6875"},{"created_at":"2023-01-03T22:29:11-08:00","entry_id":225396,"field1":"7.8125","field2":"-1.75"},{"created_at":"2023-01-03T22:38:47-08:00","entry_id":225397,"field1":"7.5625","field2":"-1.75"},{"created_at":"2023-01-03T22:48:26-08:00","entry_id":225398,"field1":"7.0625","field2":"-1.75"},{"created_at":"2023-01-03T22:58:01-08:00","entry_id":225399,"field1":"6.8125","field2":"-1.75"},{"created_at":"2023-01-03T23:07:37-08:00","entry_id":225400,"field1":"6.5625","field2":"-1.8125"},{"created_at":"2023-01-03T23:17:13-08:00","entry_id":225401,"field1":"6.375","field2":"-1.8125"},{"created_at":"2023-01-03T23:26:50-08:00","entry_id":225402,"field1":"6.6875","field2":"-1.8125"},{"created_at":"2023-01-03T23:36:28-08:00","entry_id":225403,"field1":"7.25","field2":"-1.8125"},{"created_at":"2023-01-03T23:46:05-08:00","entry_id":225404,"field1":"7.625","field2":"-1.8125"},{"created_at":"2023-01-03T23:55:43-08:00","entry_id":225405,"field1":"7.875","field2":"-1.8125"}]}