{"channel":{"id":581842,"name":"Upstairs Small Window Indoor / Outdoor Sensor","latitude":"0.0","longitude":"0.0","field1":"Indoor Temperature","field2":"Outdoor Temperature","created_at":"2018-09-23T15:37:52-07:00","updated_at":"2020-07-27T05:59:41-07:00","last_entry_id":174541},"feeds":[{"created_at":"2022-01-26T00:00:58-08:00","entry_id":174260,"field1":"7.625","field2":"-2.0625"},{"created_at":"2022-01-26T00:10:34-08:00","entry_id":174261,"field1":"7.625","field2":"-2.0625"},{"created_at":"2022-01-26T00:20:12-08:00","entry_id":174262,"field1":"7.625","field2":"-2.125"},{"created_at":"2022-01-26T00:29:49-08:00","entry_id":174263,"field1":"7.625","field2":"-2.0625"},{"created_at":"2022-01-26T00:39:25-08:00","entry_id":174264,"field1":"7.6875","field2":"-2.0625"},{"created_at":"2022-01-26T00:49:02-08:00","entry_id":174265,"field1":"7.625","field2":"-2.0625"},{"created_at":"2022-01-26T00:58:40-08:00","entry_id":174266,"field1":"7.625","field2":"-2.125"},{"created_at":"2022-01-26T01:08:17-08:00","entry_id":174267,"field1":"7.6875","field2":"-2.125"},{"created_at":"2022-01-26T01:17:55-08:00","entry_id":174268,"field1":"7.625","field2":"-2.125"},{"created_at":"2022-01-26T01:27:31-08:00","entry_id":174269,"field1":"7.625","field2":"-2.125"},{"created_at":"2022-01-26T01:37:09-08:00","entry_id":174270,"field1":"7.625","field2":"-2.125"},{"created_at":"2022-01-26T01:46:47-08:00","entry_id":174271,"field1":"7.6875","field2":"-2.125"},{"created_at":"2022-01-26T01:56:22-08:00","entry_id":174272,"field1":"7.625","field2":"-2.1875"},{"created_at":"2022-01-26T02:06:01-08:00","entry_id":174273,"field1":"7.6875","field2":"-2.1875"},{"created_at":"2022-01-26T02:15:36-08:00","entry_id":174274,"field1":"7.625","field2":"-2.1875"},{"created_at":"2022-01-26T02:25:15-08:00","entry_id":174275,"field1":"7.625","field2":"-2.25"},{"created_at":"2022-01-26T02:34:52-08:00","entry_id":174276,"field1":"7.625","field2":"-2.25"},{"created_at":"2022-01-26T02:44:29-08:00","entry_id":174277,"field1":"7.6875","field2":"-2.1875"},{"created_at":"2022-01-26T02:54:06-08:00","entry_id":174278,"field1":"7.625","field2":"-2.1875"},{"created_at":"2022-01-26T03:03:42-08:00","entry_id":174279,"field1":"7.6875","field2":"-2.25"},{"created_at":"2022-01-26T03:13:20-08:00","entry_id":174280,"field1":"7.625","field2":"-2.1875"},{"created_at":"2022-01-26T03:22:57-08:00","entry_id":174281,"field1":"7.625","field2":"-2.25"},{"created_at":"2022-01-26T03:32:33-08:00","entry_id":174282,"field1":"7.625","field2":"-2.1875"},{"created_at":"2022-01-26T03:42:11-08:00","entry_id":174283,"field1":"7.625","field2":"-2.1875"},{"created_at":"2022-01-26T03:51:47-08:00","entry_id":174284,"field1":"7.625","field2":"-2.25"},{"created_at":"2022-01-26T04:01:23-08:00","entry_id":174285,"field1":"7.625","field2":"-2.1875"},{"created_at":"2022-01-26T04:11:00-08:00","entry_id":174286,"field1":"7.625","field2":"-2.1875"},{"created_at":"2022-01-26T04:20:38-08:00","entry_id":174287,"field1":"7.625","field2":"-2.25"},{"created_at":"2022-01-26T04:30:16-08:00","entry_id":174288,"field1":"7.625","field2":"-2.25"},{"created_at":"2022-01-26T04:39:51-08:00","entry_id":174289,"field1":"7.625","field2":"-2.25"},{"created_at":"2022-01-26T04:49:27-08:00","entry_id":174290,"field1":"7.625","field2":"-2.25"},{"created_at":"2022-01-26T04:59:05-08:00","entry_id":174291,"field1":"7.625","field2":"-2.3125"},{"created_at":"2022-01-26T05:08:42-08:00","entry_id":174292,"field1":"7.625","field2":"-2.3125"},{"created_at":"2022-01-26T05:18:20-08:00","entry_id":174293,"field1":"7.625","field2":"-2.25"},{"created_at":"2022-01-26T05:27:56-08:00","entry_id":174294,"field1":"7.625","field2":"-2.25"},{"created_at":"2022-01-26T05:37:33-08:00","entry_id":174295,"field1":"7.625","field2":"-2.375"},{"created_at":"2022-01-26T05:47:11-08:00","entry_id":174296,"field1":"7.625","field2":"-2.3125"},{"created_at":"2022-01-26T05:56:46-08:00","entry_id":174297,"field1":"7.625","field2":"-2.3125"},{"created_at":"2022-01-26T06:06:23-08:00","entry_id":174298,"field1":"7.625","field2":"-2.375"},{"created_at":"2022-01-26T06:16:01-08:00","entry_id":174299,"field1":"7.625","field2":"-2.375"},{"created_at":"2022-01-26T06:25:37-08:00","entry_id":174300,"field1":"7.625","field2":"-2.375"},{"created_at":"2022-01-26T06:35:16-08:00","entry_id":174301,"field1":"7.625","field2":"-2.375"},{"created_at":"2022-01-26T06:44:53-08:00","entry_id":174302,"field1":"7.625","field2":"-2.375"},{"created_at":"2022-01-26T06:54:29-08:00","entry_id":174303,"field1":"7.625","field2":"-2.375"},{"created_at":"2022-01-26T07:04:08-08:00","entry_id":174304,"field1":"7.625","field2":"-2.375"},{"created_at":"2022-01-26T07:13:43-08:00","entry_id":174305,"field1":"7.625","field2":"-2.375"},{"created_at":"2022-01-26T07:23:21-08:00","entry_id":174306,"field1":"7.625","field2":"-2.4375"},{"created_at":"2022-01-26T07:32:59-08:00","entry_id":174307,"field1":"7.625","field2":"-2.375"},{"created_at":"2022-01-26T07:42:36-08:00","entry_id":174308,"field1":"7.625","field2":"-2.375"},{"created_at":"2022-01-26T07:52:11-08:00","entry_id":174309,"field1":"7.625","field2":"-2.375"},{"created_at":"2022-01-26T08:01:49-08:00","entry_id":174310,"field1":"7.5625","field2":"-2.4375"},{"created_at":"2022-01-26T08:11:26-08:00","entry_id":174311,"field1":"7.625","field2":"-2.3125"},{"created_at":"2022-01-26T08:21:04-08:00","entry_id":174312,"field1":"7.5625","field2":"-2.3125"},{"created_at":"2022-01-26T08:30:39-08:00","entry_id":174313,"field1":"7.5625","field2":"-2.3125"},{"created_at":"2022-01-26T08:40:16-08:00","entry_id":174314,"field1":"7.5625","field2":"-2.3125"},{"created_at":"2022-01-26T08:49:53-08:00","entry_id":174315,"field1":"7.625","field2":"-2.25"},{"created_at":"2022-01-26T08:59:29-08:00","entry_id":174316,"field1":"7.5625","field2":"-2.25"},{"created_at":"2022-01-26T09:09:08-08:00","entry_id":174317,"field1":"7.5625","field2":"-2.25"},{"created_at":"2022-01-26T09:18:45-08:00","entry_id":174318,"field1":"7.5625","field2":"-2.3125"},{"created_at":"2022-01-26T09:28:21-08:00","entry_id":174319,"field1":"7.625","field2":"-2.25"},{"created_at":"2022-01-26T09:37:59-08:00","entry_id":174320,"field1":"7.625","field2":"-2.1875"},{"created_at":"2022-01-26T09:47:35-08:00","entry_id":174321,"field1":"7.625","field2":"-2.1875"},{"created_at":"2022-01-26T09:57:12-08:00","entry_id":174322,"field1":"7.625","field2":"-2.125"},{"created_at":"2022-01-26T10:06:50-08:00","entry_id":174323,"field1":"7.625","field2":"-2.125"},{"created_at":"2022-01-26T10:16:26-08:00","entry_id":174324,"field1":"7.625","field2":"-2"},{"created_at":"2022-01-26T10:26:04-08:00","entry_id":174325,"field1":"7.625","field2":"-2.0625"},{"created_at":"2022-01-26T10:35:41-08:00","entry_id":174326,"field1":"7.625","field2":"-1.9375"},{"created_at":"2022-01-26T10:45:19-08:00","entry_id":174327,"field1":"7.625","field2":"-1.875"},{"created_at":"2022-01-26T10:54:56-08:00","entry_id":174328,"field1":"7.625","field2":"-2.125"},{"created_at":"2022-01-26T11:04:33-08:00","entry_id":174329,"field1":"7.625","field2":"-1.875"},{"created_at":"2022-01-26T11:14:11-08:00","entry_id":174330,"field1":"7.625","field2":"-1.75"},{"created_at":"2022-01-26T11:23:46-08:00","entry_id":174331,"field1":"7.625","field2":"-1.8125"},{"created_at":"2022-01-26T11:33:24-08:00","entry_id":174332,"field1":"7.625","field2":"-1.625"},{"created_at":"2022-01-26T11:43:02-08:00","entry_id":174333,"field1":"7.625","field2":"-1.6875"},{"created_at":"2022-01-26T11:52:39-08:00","entry_id":174334,"field1":"7.625","field2":"-1.625"},{"created_at":"2022-01-26T12:02:16-08:00","entry_id":174335,"field1":"7.6875","field2":"-1.8125"},{"created_at":"2022-01-26T12:11:54-08:00","entry_id":174336,"field1":"7.6875","field2":"-1.8125"},{"created_at":"2022-01-26T12:21:30-08:00","entry_id":174337,"field1":"7.6875","field2":"-1.5625"},{"created_at":"2022-01-26T12:31:08-08:00","entry_id":174338,"field1":"7.6875","field2":"-1.4375"},{"created_at":"2022-01-26T12:40:45-08:00","entry_id":174339,"field1":"7.6875","field2":"-1.625"},{"created_at":"2022-01-26T12:50:22-08:00","entry_id":174340,"field1":"7.6875","field2":"-1.625"},{"created_at":"2022-01-26T12:59:59-08:00","entry_id":174341,"field1":"7.6875","field2":"-1.5625"},{"created_at":"2022-01-26T13:09:35-08:00","entry_id":174342,"field1":"7.6875","field2":"-1.625"},{"created_at":"2022-01-26T13:19:13-08:00","entry_id":174343,"field1":"7.75","field2":"-1.5625"},{"created_at":"2022-01-26T13:28:51-08:00","entry_id":174344,"field1":"7.75","field2":"-1.5"},{"created_at":"2022-01-26T13:38:26-08:00","entry_id":174345,"field1":"7.75","field2":"-1.5"},{"created_at":"2022-01-26T13:48:05-08:00","entry_id":174346,"field1":"7.75","field2":"-1.3125"},{"created_at":"2022-01-26T13:57:40-08:00","entry_id":174347,"field1":"7.75","field2":"-1.5"},{"created_at":"2022-01-26T14:07:18-08:00","entry_id":174348,"field1":"7.75","field2":"-1.4375"},{"created_at":"2022-01-26T14:16:56-08:00","entry_id":174349,"field1":"7.75","field2":"-1.4375"},{"created_at":"2022-01-26T14:26:31-08:00","entry_id":174350,"field1":"7.75","field2":"-1.25"},{"created_at":"2022-01-26T14:36:10-08:00","entry_id":174351,"field1":"7.75","field2":"-1.5"},{"created_at":"2022-01-26T14:45:47-08:00","entry_id":174352,"field1":"7.75","field2":"-1.3125"},{"created_at":"2022-01-26T14:55:24-08:00","entry_id":174353,"field1":"7.75","field2":"-1.375"},{"created_at":"2022-01-26T15:05:01-08:00","entry_id":174354,"field1":"7.75","field2":"-1.4375"},{"created_at":"2022-01-26T15:14:37-08:00","entry_id":174355,"field1":"7.75","field2":"-1.4375"},{"created_at":"2022-01-26T15:24:14-08:00","entry_id":174356,"field1":"7.75","field2":"-1.4375"},{"created_at":"2022-01-26T15:33:50-08:00","entry_id":174357,"field1":"7.75","field2":"-1.5"},{"created_at":"2022-01-26T15:43:29-08:00","entry_id":174358,"field1":"7.75","field2":"-1.5"},{"created_at":"2022-01-26T15:53:04-08:00","entry_id":174359,"field1":"7.75","field2":"-1.625"},{"created_at":"2022-01-26T16:02:40-08:00","entry_id":174360,"field1":"7.75","field2":"-1.6875"},{"created_at":"2022-01-26T16:12:17-08:00","entry_id":174361,"field1":"7.8125","field2":"-1.75"},{"created_at":"2022-01-26T16:21:54-08:00","entry_id":174362,"field1":"7.75","field2":"-1.8125"},{"created_at":"2022-01-26T16:31:30-08:00","entry_id":174363,"field1":"7.8125","field2":"-1.875"},{"created_at":"2022-01-26T16:41:07-08:00","entry_id":174364,"field1":"7.8125","field2":"-1.9375"},{"created_at":"2022-01-26T16:50:43-08:00","entry_id":174365,"field1":"7.8125","field2":"-1.875"},{"created_at":"2022-01-26T17:00:21-08:00","entry_id":174366,"field1":"7.8125","field2":"-1.9375"},{"created_at":"2022-01-26T17:09:58-08:00","entry_id":174367,"field1":"7.75","field2":"-1.9375"},{"created_at":"2022-01-26T17:19:33-08:00","entry_id":174368,"field1":"7.75","field2":"-2"},{"created_at":"2022-01-26T17:29:11-08:00","entry_id":174369,"field1":"7.75","field2":"-2"},{"created_at":"2022-01-26T17:38:48-08:00","entry_id":174370,"field1":"7.75","field2":"-2.0625"},{"created_at":"2022-01-26T17:48:26-08:00","entry_id":174371,"field1":"7.75","field2":"-2.0625"},{"created_at":"2022-01-26T17:58:03-08:00","entry_id":174372,"field1":"7.75","field2":"-2.0625"},{"created_at":"2022-01-26T18:07:39-08:00","entry_id":174373,"field1":"7.75","field2":"-2.0625"},{"created_at":"2022-01-26T18:17:17-08:00","entry_id":174374,"field1":"7.75","field2":"-2.125"},{"created_at":"2022-01-26T18:26:53-08:00","entry_id":174375,"field1":"7.75","field2":"-2.125"},{"created_at":"2022-01-26T18:36:30-08:00","entry_id":174376,"field1":"7.75","field2":"-2.1875"},{"created_at":"2022-01-26T18:46:08-08:00","entry_id":174377,"field1":"7.75","field2":"-2.1875"},{"created_at":"2022-01-26T18:55:46-08:00","entry_id":174378,"field1":"7.75","field2":"-2.125"},{"created_at":"2022-01-26T19:05:24-08:00","entry_id":174379,"field1":"7.75","field2":"-2.1875"},{"created_at":"2022-01-26T19:15:01-08:00","entry_id":174380,"field1":"7.75","field2":"-2.1875"},{"created_at":"2022-01-26T19:24:38-08:00","entry_id":174381,"field1":"7.75","field2":"-2.1875"},{"created_at":"2022-01-26T19:34:16-08:00","entry_id":174382,"field1":"7.75","field2":"-2.1875"},{"created_at":"2022-01-26T19:43:52-08:00","entry_id":174383,"field1":"7.75","field2":"-2.25"},{"created_at":"2022-01-26T19:53:29-08:00","entry_id":174384,"field1":"7.75","field2":"-2.25"},{"created_at":"2022-01-26T20:03:05-08:00","entry_id":174385,"field1":"7.75","field2":"-2.3125"},{"created_at":"2022-01-26T20:12:44-08:00","entry_id":174386,"field1":"7.75","field2":"-2.3125"},{"created_at":"2022-01-26T20:22:20-08:00","entry_id":174387,"field1":"7.75","field2":"-2.3125"},{"created_at":"2022-01-26T20:31:58-08:00","entry_id":174388,"field1":"7.75","field2":"-2.3125"},{"created_at":"2022-01-26T20:41:33-08:00","entry_id":174389,"field1":"7.75","field2":"-2.25"},{"created_at":"2022-01-26T20:51:12-08:00","entry_id":174390,"field1":"7.75","field2":"-2.3125"},{"created_at":"2022-01-26T21:00:49-08:00","entry_id":174391,"field1":"7.75","field2":"-2.3125"},{"created_at":"2022-01-26T21:10:24-08:00","entry_id":174392,"field1":"7.75","field2":"-2.3125"},{"created_at":"2022-01-26T21:20:03-08:00","entry_id":174393,"field1":"7.75","field2":"-2.375"},{"created_at":"2022-01-26T21:29:41-08:00","entry_id":174394,"field1":"7.6875","field2":"-2.375"},{"created_at":"2022-01-26T21:39:16-08:00","entry_id":174395,"field1":"7.6875","field2":"-2.4375"},{"created_at":"2022-01-26T21:48:54-08:00","entry_id":174396,"field1":"7.6875","field2":"-2.4375"},{"created_at":"2022-01-26T21:58:32-08:00","entry_id":174397,"field1":"7.6875","field2":"-2.5625"},{"created_at":"2022-01-26T22:08:09-08:00","entry_id":174398,"field1":"7.6875","field2":"-2.4375"},{"created_at":"2022-01-26T22:17:46-08:00","entry_id":174399,"field1":"7.6875","field2":"-2.4375"},{"created_at":"2022-01-26T22:27:23-08:00","entry_id":174400,"field1":"7.6875","field2":"-2.5"},{"created_at":"2022-01-26T22:37:01-08:00","entry_id":174401,"field1":"7.6875","field2":"-2.5625"},{"created_at":"2022-01-26T22:46:37-08:00","entry_id":174402,"field1":"7.6875","field2":"-2.5625"},{"created_at":"2022-01-26T22:56:15-08:00","entry_id":174403,"field1":"7.6875","field2":"-2.5625"},{"created_at":"2022-01-26T23:05:51-08:00","entry_id":174404,"field1":"7.6875","field2":"-2.5"},{"created_at":"2022-01-26T23:15:28-08:00","entry_id":174405,"field1":"7.6875","field2":"-2.5625"},{"created_at":"2022-01-26T23:25:04-08:00","entry_id":174406,"field1":"7.625","field2":"-2.625"},{"created_at":"2022-01-26T23:34:41-08:00","entry_id":174407,"field1":"7.625","field2":"-2.6875"},{"created_at":"2022-01-26T23:44:18-08:00","entry_id":174408,"field1":"7.625","field2":"-2.6875"},{"created_at":"2022-01-26T23:53:56-08:00","entry_id":174409,"field1":"7.625","field2":"-2.75"}]}