{"channel":{"id":581842,"name":"Upstairs Small Window Indoor / Outdoor Sensor","latitude":"0.0","longitude":"0.0","field1":"Indoor Temperature","field2":"Outdoor Temperature","created_at":"2018-09-23T15:37:52-07:00","updated_at":"2020-07-27T05:59:41-07:00","last_entry_id":150128},"feeds":[{"created_at":"2018-12-12T00:06:49-08:00","entry_id":10296,"field1":"0.3125","field2":"0.1875"},{"created_at":"2018-12-12T00:16:27-08:00","entry_id":10297,"field1":"0.375","field2":"0.625"},{"created_at":"2018-12-12T00:26:03-08:00","entry_id":10298,"field1":"0.375","field2":"0.875"},{"created_at":"2018-12-12T00:35:39-08:00","entry_id":10299,"field1":"0.4375","field2":"0.9375"},{"created_at":"2018-12-12T00:45:17-08:00","entry_id":10300,"field1":"0.375","field2":"0.875"},{"created_at":"2018-12-12T00:54:53-08:00","entry_id":10301,"field1":"0.4375","field2":"0.6875"},{"created_at":"2018-12-12T01:04:29-08:00","entry_id":10302,"field1":"0.4375","field2":"0.5625"},{"created_at":"2018-12-12T01:14:06-08:00","entry_id":10303,"field1":"0.4375","field2":"0.5625"},{"created_at":"2018-12-12T01:23:42-08:00","entry_id":10304,"field1":"0.4375","field2":"0.5"},{"created_at":"2018-12-12T01:33:19-08:00","entry_id":10305,"field1":"0.4375","field2":"0.375"},{"created_at":"2018-12-12T01:52:58-08:00","entry_id":10306,"field1":"0.4375","field2":"0.4375"},{"created_at":"2018-12-12T02:02:34-08:00","entry_id":10307,"field1":"0.5","field2":"0.3125"},{"created_at":"2018-12-12T02:12:12-08:00","entry_id":10308,"field1":"0.5","field2":"0.25"},{"created_at":"2018-12-12T02:21:48-08:00","entry_id":10309,"field1":"0.5","field2":"0.3125"},{"created_at":"2018-12-12T02:31:25-08:00","entry_id":10310,"field1":"0.4375","field2":"0.3125"},{"created_at":"2018-12-12T02:41:01-08:00","entry_id":10311,"field1":"0.4375","field2":"0.25"},{"created_at":"2018-12-12T02:50:38-08:00","entry_id":10312,"field1":"0.4375","field2":"0.25"},{"created_at":"2018-12-12T03:00:15-08:00","entry_id":10313,"field1":"0.4375","field2":"0.25"},{"created_at":"2018-12-12T03:09:52-08:00","entry_id":10314,"field1":"0.5","field2":"0.25"},{"created_at":"2018-12-12T03:19:28-08:00","entry_id":10315,"field1":"0.4375","field2":"0.25"},{"created_at":"2018-12-12T03:29:04-08:00","entry_id":10316,"field1":"0.5","field2":"0.25"},{"created_at":"2018-12-12T03:38:41-08:00","entry_id":10317,"field1":"0.5","field2":"0.1875"},{"created_at":"2018-12-12T03:48:18-08:00","entry_id":10318,"field1":"0.5","field2":"0.25"},{"created_at":"2018-12-12T03:57:55-08:00","entry_id":10319,"field1":"0.5","field2":"0.25"},{"created_at":"2018-12-12T04:07:32-08:00","entry_id":10320,"field1":"0.5","field2":"0.1875"},{"created_at":"2018-12-12T04:17:09-08:00","entry_id":10321,"field1":"0.5","field2":"0.25"},{"created_at":"2018-12-12T04:26:45-08:00","entry_id":10322,"field1":"0.5","field2":"0.1875"},{"created_at":"2018-12-12T04:36:22-08:00","entry_id":10323,"field1":"0.5","field2":"0.25"},{"created_at":"2018-12-12T04:45:58-08:00","entry_id":10324,"field1":"0.5","field2":"0.25"},{"created_at":"2018-12-12T04:55:36-08:00","entry_id":10325,"field1":"0.5","field2":"0.1875"},{"created_at":"2018-12-12T05:05:12-08:00","entry_id":10326,"field1":"0.5","field2":"0.125"},{"created_at":"2018-12-12T05:14:50-08:00","entry_id":10327,"field1":"0.5","field2":"0.125"},{"created_at":"2018-12-12T05:24:26-08:00","entry_id":10328,"field1":"0.5","field2":"0.0625"},{"created_at":"2018-12-12T05:34:03-08:00","entry_id":10329,"field1":"0.5","field2":"0.0625"},{"created_at":"2018-12-12T05:43:44-08:00","entry_id":10330,"field1":"0.5","field2":"0.125"},{"created_at":"2018-12-12T05:53:19-08:00","entry_id":10331,"field1":"0.5","field2":"0.125"},{"created_at":"2018-12-12T06:02:56-08:00","entry_id":10332,"field1":"0.5","field2":"0"},{"created_at":"2018-12-12T06:12:33-08:00","entry_id":10333,"field1":"0.4375","field2":"0.0625"},{"created_at":"2018-12-12T06:22:09-08:00","entry_id":10334,"field1":"0.5","field2":"0.125"},{"created_at":"2018-12-12T06:31:47-08:00","entry_id":10335,"field1":"0.5","field2":"0.1875"},{"created_at":"2018-12-12T06:41:24-08:00","entry_id":10336,"field1":"0.5","field2":"0.25"},{"created_at":"2018-12-12T06:51:01-08:00","entry_id":10337,"field1":"0.5","field2":"0.1875"},{"created_at":"2018-12-12T07:00:37-08:00","entry_id":10338,"field1":"0.5","field2":"0.125"},{"created_at":"2018-12-12T07:10:16-08:00","entry_id":10339,"field1":"0.5","field2":"0.125"},{"created_at":"2018-12-12T07:19:52-08:00","entry_id":10340,"field1":"0.5","field2":"0.0625"},{"created_at":"2018-12-12T07:29:28-08:00","entry_id":10341,"field1":"0.5625","field2":"0.0625"},{"created_at":"2018-12-12T07:39:05-08:00","entry_id":10342,"field1":"0.5","field2":"0.0625"},{"created_at":"2018-12-12T07:48:42-08:00","entry_id":10343,"field1":"0.5","field2":"0.125"},{"created_at":"2018-12-12T07:58:19-08:00","entry_id":10344,"field1":"0.5","field2":"0.125"},{"created_at":"2018-12-12T08:07:57-08:00","entry_id":10345,"field1":"0.5","field2":"0.1875"},{"created_at":"2018-12-12T08:17:34-08:00","entry_id":10346,"field1":"0.5","field2":"0.1875"},{"created_at":"2018-12-12T08:27:11-08:00","entry_id":10347,"field1":"0.5","field2":"0.1875"},{"created_at":"2018-12-12T08:36:48-08:00","entry_id":10348,"field1":"0.5625","field2":"0.1875"},{"created_at":"2018-12-12T08:46:25-08:00","entry_id":10349,"field1":"0.5","field2":"0.3125"},{"created_at":"2018-12-12T08:56:02-08:00","entry_id":10350,"field1":"0.5625","field2":"0.375"},{"created_at":"2018-12-12T09:05:39-08:00","entry_id":10351,"field1":"0.5625","field2":"0.4375"},{"created_at":"2018-12-12T09:15:17-08:00","entry_id":10352,"field1":"0.625","field2":"0.5"},{"created_at":"2018-12-12T09:24:54-08:00","entry_id":10353,"field1":"0.625","field2":"0.5625"},{"created_at":"2018-12-12T09:34:31-08:00","entry_id":10354,"field1":"0.625","field2":"0.5625"},{"created_at":"2018-12-12T09:44:07-08:00","entry_id":10355,"field1":"0.625","field2":"0.6875"},{"created_at":"2018-12-12T09:53:44-08:00","entry_id":10356,"field1":"0.8125","field2":"1.8125"},{"created_at":"2018-12-12T10:03:22-08:00","entry_id":10357,"field1":"0.9375","field2":"2.125"},{"created_at":"2018-12-12T10:12:58-08:00","entry_id":10358,"field1":"1","field2":"2.0625"},{"created_at":"2018-12-12T10:22:35-08:00","entry_id":10359,"field1":"1.0625","field2":"2.5"},{"created_at":"2018-12-12T10:32:12-08:00","entry_id":10360,"field1":"1.125","field2":"2.5625"},{"created_at":"2018-12-12T10:41:49-08:00","entry_id":10361,"field1":"1.1875","field2":"2.5"},{"created_at":"2018-12-12T10:51:26-08:00","entry_id":10362,"field1":"1.1875","field2":"2.5"},{"created_at":"2018-12-12T11:01:02-08:00","entry_id":10363,"field1":"1.25","field2":"2.6875"},{"created_at":"2018-12-12T11:10:40-08:00","entry_id":10364,"field1":"1.25","field2":"2.5625"},{"created_at":"2018-12-12T11:20:16-08:00","entry_id":10365,"field1":"1.25","field2":"2.5"},{"created_at":"2018-12-12T11:29:52-08:00","entry_id":10366,"field1":"1.3125","field2":"2.5"},{"created_at":"2018-12-12T11:39:29-08:00","entry_id":10367,"field1":"1.25","field2":"2"},{"created_at":"2018-12-12T11:49:06-08:00","entry_id":10368,"field1":"1.25","field2":"1.75"},{"created_at":"2018-12-12T11:58:43-08:00","entry_id":10369,"field1":"1.25","field2":"2"},{"created_at":"2018-12-12T12:08:20-08:00","entry_id":10370,"field1":"1.25","field2":"1.9375"},{"created_at":"2018-12-12T12:17:57-08:00","entry_id":10371,"field1":"1.25","field2":"2.0625"},{"created_at":"2018-12-12T12:27:34-08:00","entry_id":10372,"field1":"1.25","field2":"1.8125"},{"created_at":"2018-12-12T12:37:10-08:00","entry_id":10373,"field1":"1.25","field2":"1.9375"},{"created_at":"2018-12-12T12:46:47-08:00","entry_id":10374,"field1":"1.3125","field2":"2"},{"created_at":"2018-12-12T12:56:25-08:00","entry_id":10375,"field1":"1.3125","field2":"1.875"},{"created_at":"2018-12-12T13:06:01-08:00","entry_id":10376,"field1":"1.3125","field2":"1.6875"},{"created_at":"2018-12-12T13:15:38-08:00","entry_id":10377,"field1":"1.3125","field2":"1.5"},{"created_at":"2018-12-12T13:25:14-08:00","entry_id":10378,"field1":"1.3125","field2":"1.4375"},{"created_at":"2018-12-12T13:34:51-08:00","entry_id":10379,"field1":"1.3125","field2":"1.3125"},{"created_at":"2018-12-12T13:44:28-08:00","entry_id":10380,"field1":"1.3125","field2":"1.25"},{"created_at":"2018-12-12T13:54:05-08:00","entry_id":10381,"field1":"1.25","field2":"1.125"},{"created_at":"2018-12-12T14:03:42-08:00","entry_id":10382,"field1":"1.25","field2":"1.125"},{"created_at":"2018-12-12T14:13:18-08:00","entry_id":10383,"field1":"1.25","field2":"1.1875"},{"created_at":"2018-12-12T14:22:55-08:00","entry_id":10384,"field1":"1.25","field2":"1.25"},{"created_at":"2018-12-12T14:32:31-08:00","entry_id":10385,"field1":"1.25","field2":"1.125"},{"created_at":"2018-12-12T14:42:08-08:00","entry_id":10386,"field1":"1.25","field2":"1.0625"},{"created_at":"2018-12-12T14:51:45-08:00","entry_id":10387,"field1":"1.25","field2":"0.875"},{"created_at":"2018-12-12T15:01:26-08:00","entry_id":10388,"field1":"1.25","field2":"0.875"},{"created_at":"2018-12-12T15:11:01-08:00","entry_id":10389,"field1":"1.25","field2":"0.8125"},{"created_at":"2018-12-12T15:20:38-08:00","entry_id":10390,"field1":"1.25","field2":"0.75"},{"created_at":"2018-12-12T15:30:15-08:00","entry_id":10391,"field1":"1.25","field2":"0.75"},{"created_at":"2018-12-12T15:39:52-08:00","entry_id":10392,"field1":"1.1875","field2":"0.75"},{"created_at":"2018-12-12T15:49:28-08:00","entry_id":10393,"field1":"1.1875","field2":"0.75"},{"created_at":"2018-12-12T15:59:06-08:00","entry_id":10394,"field1":"1.1875","field2":"0.625"},{"created_at":"2018-12-12T16:08:42-08:00","entry_id":10395,"field1":"1.1875","field2":"0.625"},{"created_at":"2018-12-12T16:18:19-08:00","entry_id":10396,"field1":"1.1875","field2":"0.625"},{"created_at":"2018-12-12T16:27:56-08:00","entry_id":10397,"field1":"1.1875","field2":"0.625"},{"created_at":"2018-12-12T16:37:33-08:00","entry_id":10398,"field1":"1.1875","field2":"0.625"},{"created_at":"2018-12-12T16:47:09-08:00","entry_id":10399,"field1":"1.1875","field2":"0.5625"},{"created_at":"2018-12-12T16:56:50-08:00","entry_id":10400,"field1":"1.1875","field2":"0.5625"},{"created_at":"2018-12-12T17:06:25-08:00","entry_id":10401,"field1":"1.1875","field2":"0.5625"},{"created_at":"2018-12-12T17:16:07-08:00","entry_id":10402,"field1":"1.1875","field2":"0.5"},{"created_at":"2018-12-12T17:25:41-08:00","entry_id":10403,"field1":"1.1875","field2":"0.5"},{"created_at":"2018-12-12T17:35:18-08:00","entry_id":10404,"field1":"1.1875","field2":"0.5"},{"created_at":"2018-12-12T17:44:55-08:00","entry_id":10405,"field1":"1.125","field2":"0.5625"},{"created_at":"2018-12-12T17:54:34-08:00","entry_id":10406,"field1":"1.125","field2":"0.5625"},{"created_at":"2018-12-12T18:04:10-08:00","entry_id":10407,"field1":"1.125","field2":"0.5625"},{"created_at":"2018-12-12T18:13:47-08:00","entry_id":10408,"field1":"1.125","field2":"0.5625"},{"created_at":"2018-12-12T18:23:24-08:00","entry_id":10409,"field1":"1.125","field2":"0.5625"},{"created_at":"2018-12-12T18:33:02-08:00","entry_id":10410,"field1":"1.125","field2":"0.5625"},{"created_at":"2018-12-12T18:42:39-08:00","entry_id":10411,"field1":"1.125","field2":"0.5625"},{"created_at":"2018-12-12T18:52:16-08:00","entry_id":10412,"field1":"1.125","field2":"0.5625"},{"created_at":"2018-12-12T19:01:53-08:00","entry_id":10413,"field1":"1.125","field2":"0.5"},{"created_at":"2018-12-12T19:11:29-08:00","entry_id":10414,"field1":"1.125","field2":"0.5"},{"created_at":"2018-12-12T19:21:06-08:00","entry_id":10415,"field1":"1.125","field2":"0.5"},{"created_at":"2018-12-12T19:30:43-08:00","entry_id":10416,"field1":"1.125","field2":"0.5"},{"created_at":"2018-12-12T19:40:20-08:00","entry_id":10417,"field1":"1.125","field2":"0.5"},{"created_at":"2018-12-12T19:49:57-08:00","entry_id":10418,"field1":"1.125","field2":"0.5625"},{"created_at":"2018-12-12T19:59:34-08:00","entry_id":10419,"field1":"1.125","field2":"0.5"},{"created_at":"2018-12-12T20:09:10-08:00","entry_id":10420,"field1":"1.125","field2":"0.5"},{"created_at":"2018-12-12T20:18:47-08:00","entry_id":10421,"field1":"1.125","field2":"0.5"},{"created_at":"2018-12-12T20:28:24-08:00","entry_id":10422,"field1":"1.125","field2":"0.5"},{"created_at":"2018-12-12T20:38:01-08:00","entry_id":10423,"field1":"1.125","field2":"0.5"},{"created_at":"2018-12-12T20:47:38-08:00","entry_id":10424,"field1":"1.125","field2":"0.5"},{"created_at":"2018-12-12T20:57:15-08:00","entry_id":10425,"field1":"1.125","field2":"0.4375"},{"created_at":"2018-12-12T21:06:51-08:00","entry_id":10426,"field1":"1.125","field2":"0.4375"},{"created_at":"2018-12-12T21:16:28-08:00","entry_id":10427,"field1":"1.125","field2":"0.4375"},{"created_at":"2018-12-12T21:26:05-08:00","entry_id":10428,"field1":"1.125","field2":"0.4375"},{"created_at":"2018-12-12T21:35:41-08:00","entry_id":10429,"field1":"1.125","field2":"0.375"},{"created_at":"2018-12-12T21:45:18-08:00","entry_id":10430,"field1":"1.125","field2":"0.4375"},{"created_at":"2018-12-12T21:54:55-08:00","entry_id":10431,"field1":"1.125","field2":"0.375"},{"created_at":"2018-12-12T22:04:32-08:00","entry_id":10432,"field1":"1.0625","field2":"0.375"},{"created_at":"2018-12-12T22:14:09-08:00","entry_id":10433,"field1":"1.0625","field2":"0.375"},{"created_at":"2018-12-12T22:23:49-08:00","entry_id":10434,"field1":"1.0625","field2":"0.375"},{"created_at":"2018-12-12T22:33:24-08:00","entry_id":10435,"field1":"1.0625","field2":"0.4375"},{"created_at":"2018-12-12T22:43:01-08:00","entry_id":10436,"field1":"1.0625","field2":"0.4375"},{"created_at":"2018-12-12T22:52:37-08:00","entry_id":10437,"field1":"1.0625","field2":"0.375"},{"created_at":"2018-12-12T23:02:14-08:00","entry_id":10438,"field1":"1.0625","field2":"0.375"},{"created_at":"2018-12-12T23:11:51-08:00","entry_id":10439,"field1":"1.0625","field2":"0.375"},{"created_at":"2018-12-12T23:21:28-08:00","entry_id":10440,"field1":"1.0625","field2":"0.4375"},{"created_at":"2018-12-12T23:31:05-08:00","entry_id":10441,"field1":"1.0625","field2":"0.375"},{"created_at":"2018-12-12T23:40:41-08:00","entry_id":10442,"field1":"1.0625","field2":"0.375"},{"created_at":"2018-12-12T23:50:19-08:00","entry_id":10443,"field1":"1.0625","field2":"0.375"},{"created_at":"2018-12-12T23:59:56-08:00","entry_id":10444,"field1":"1.0625","field2":"0.375"}]}