{"channel":{"id":581842,"name":"Upstairs Small Window Indoor / Outdoor Sensor","latitude":"0.0","longitude":"0.0","field1":"Indoor Temperature","field2":"Outdoor Temperature","created_at":"2018-09-23T15:37:52-07:00","updated_at":"2020-07-27T05:59:41-07:00","last_entry_id":150128},"feeds":[{"created_at":"2018-11-02T00:07:51-07:00","entry_id":4373,"field1":"6.6875","field2":"6"},{"created_at":"2018-11-02T00:17:30-07:00","entry_id":4374,"field1":"6.6875","field2":"6.0625"},{"created_at":"2018-11-02T00:27:07-07:00","entry_id":4375,"field1":"6.6875","field2":"6.0625"},{"created_at":"2018-11-02T00:36:44-07:00","entry_id":4376,"field1":"6.6875","field2":"6.0625"},{"created_at":"2018-11-02T00:46:21-07:00","entry_id":4377,"field1":"6.6875","field2":"6.0625"},{"created_at":"2018-11-02T00:55:58-07:00","entry_id":4378,"field1":"6.6875","field2":"6.0625"},{"created_at":"2018-11-02T01:05:35-07:00","entry_id":4379,"field1":"6.6875","field2":"6.0625"},{"created_at":"2018-11-02T01:15:12-07:00","entry_id":4380,"field1":"6.6875","field2":"6.125"},{"created_at":"2018-11-02T01:24:49-07:00","entry_id":4381,"field1":"6.6875","field2":"6.0625"},{"created_at":"2018-11-02T01:34:27-07:00","entry_id":4382,"field1":"6.6875","field2":"6.125"},{"created_at":"2018-11-02T01:44:04-07:00","entry_id":4383,"field1":"6.6875","field2":"6.125"},{"created_at":"2018-11-02T01:53:41-07:00","entry_id":4384,"field1":"6.6875","field2":"6.125"},{"created_at":"2018-11-02T02:03:18-07:00","entry_id":4385,"field1":"6.6875","field2":"6.1875"},{"created_at":"2018-11-02T02:12:56-07:00","entry_id":4386,"field1":"6.6875","field2":"6.125"},{"created_at":"2018-11-02T02:22:33-07:00","entry_id":4387,"field1":"6.6875","field2":"6.125"},{"created_at":"2018-11-02T02:32:10-07:00","entry_id":4388,"field1":"6.6875","field2":"6.0625"},{"created_at":"2018-11-02T02:41:47-07:00","entry_id":4389,"field1":"6.6875","field2":"6.0625"},{"created_at":"2018-11-02T02:51:24-07:00","entry_id":4390,"field1":"6.6875","field2":"6.125"},{"created_at":"2018-11-02T03:01:01-07:00","entry_id":4391,"field1":"6.6875","field2":"6.125"},{"created_at":"2018-11-02T03:10:39-07:00","entry_id":4392,"field1":"6.6875","field2":"6.0625"},{"created_at":"2018-11-02T03:20:16-07:00","entry_id":4393,"field1":"6.6875","field2":"6.125"},{"created_at":"2018-11-02T03:29:54-07:00","entry_id":4394,"field1":"6.6875","field2":"6.0625"},{"created_at":"2018-11-02T03:39:31-07:00","entry_id":4395,"field1":"6.6875","field2":"6.125"},{"created_at":"2018-11-02T03:49:09-07:00","entry_id":4396,"field1":"6.6875","field2":"6.0625"},{"created_at":"2018-11-02T03:58:46-07:00","entry_id":4397,"field1":"6.6875","field2":"6.125"},{"created_at":"2018-11-02T04:08:23-07:00","entry_id":4398,"field1":"6.6875","field2":"6.125"},{"created_at":"2018-11-02T04:18:00-07:00","entry_id":4399,"field1":"6.6875","field2":"6.125"},{"created_at":"2018-11-02T04:27:37-07:00","entry_id":4400,"field1":"6.6875","field2":"6.125"},{"created_at":"2018-11-02T04:37:14-07:00","entry_id":4401,"field1":"6.6875","field2":"6.125"},{"created_at":"2018-11-02T04:46:53-07:00","entry_id":4402,"field1":"6.6875","field2":"6.125"},{"created_at":"2018-11-02T04:56:29-07:00","entry_id":4403,"field1":"6.6875","field2":"6.125"},{"created_at":"2018-11-02T05:06:06-07:00","entry_id":4404,"field1":"6.6875","field2":"6.125"},{"created_at":"2018-11-02T05:15:44-07:00","entry_id":4405,"field1":"6.6875","field2":"6.125"},{"created_at":"2018-11-02T05:25:20-07:00","entry_id":4406,"field1":"6.6875","field2":"6.0625"},{"created_at":"2018-11-02T05:34:58-07:00","entry_id":4407,"field1":"6.6875","field2":"6.125"},{"created_at":"2018-11-02T05:44:35-07:00","entry_id":4408,"field1":"6.6875","field2":"6.125"},{"created_at":"2018-11-02T05:54:12-07:00","entry_id":4409,"field1":"6.6875","field2":"6.125"},{"created_at":"2018-11-02T06:03:48-07:00","entry_id":4410,"field1":"6.6875","field2":"6.125"},{"created_at":"2018-11-02T06:13:26-07:00","entry_id":4411,"field1":"6.6875","field2":"6.1875"},{"created_at":"2018-11-02T06:23:03-07:00","entry_id":4412,"field1":"6.75","field2":"6.125"},{"created_at":"2018-11-02T06:32:40-07:00","entry_id":4413,"field1":"6.6875","field2":"6.125"},{"created_at":"2018-11-02T06:42:17-07:00","entry_id":4414,"field1":"6.6875","field2":"6.1875"},{"created_at":"2018-11-02T06:51:55-07:00","entry_id":4415,"field1":"6.6875","field2":"6.1875"},{"created_at":"2018-11-02T07:01:32-07:00","entry_id":4416,"field1":"6.6875","field2":"6.1875"},{"created_at":"2018-11-02T07:11:09-07:00","entry_id":4417,"field1":"6.75","field2":"6.25"},{"created_at":"2018-11-02T07:20:46-07:00","entry_id":4418,"field1":"6.75","field2":"6.25"},{"created_at":"2018-11-02T07:30:24-07:00","entry_id":4419,"field1":"6.75","field2":"6.3125"},{"created_at":"2018-11-02T07:40:01-07:00","entry_id":4420,"field1":"6.75","field2":"6.3125"},{"created_at":"2018-11-02T07:49:37-07:00","entry_id":4421,"field1":"6.75","field2":"6.3125"},{"created_at":"2018-11-02T07:59:15-07:00","entry_id":4422,"field1":"6.75","field2":"6.25"},{"created_at":"2018-11-02T08:08:52-07:00","entry_id":4423,"field1":"6.75","field2":"6.375"},{"created_at":"2018-11-02T08:18:30-07:00","entry_id":4424,"field1":"6.75","field2":"6.375"},{"created_at":"2018-11-02T08:28:06-07:00","entry_id":4425,"field1":"6.8125","field2":"6.375"},{"created_at":"2018-11-02T08:37:43-07:00","entry_id":4426,"field1":"6.75","field2":"6.4375"},{"created_at":"2018-11-02T08:47:22-07:00","entry_id":4427,"field1":"6.8125","field2":"6.4375"},{"created_at":"2018-11-02T08:56:58-07:00","entry_id":4428,"field1":"6.75","field2":"6.5"},{"created_at":"2018-11-02T09:06:36-07:00","entry_id":4429,"field1":"6.8125","field2":"6.5625"},{"created_at":"2018-11-02T09:16:13-07:00","entry_id":4430,"field1":"6.8125","field2":"6.75"},{"created_at":"2018-11-02T09:25:50-07:00","entry_id":4431,"field1":"6.8125","field2":"7.125"},{"created_at":"2018-11-02T09:35:27-07:00","entry_id":4432,"field1":"6.8125","field2":"7.1875"},{"created_at":"2018-11-02T09:45:05-07:00","entry_id":4433,"field1":"6.875","field2":"7.5"},{"created_at":"2018-11-02T09:54:42-07:00","entry_id":4434,"field1":"6.875","field2":"7.5"},{"created_at":"2018-11-02T10:04:22-07:00","entry_id":4435,"field1":"6.875","field2":"8"},{"created_at":"2018-11-02T10:13:58-07:00","entry_id":4436,"field1":"6.9375","field2":"8.1875"},{"created_at":"2018-11-02T10:23:35-07:00","entry_id":4437,"field1":"6.9375","field2":"7.75"},{"created_at":"2018-11-02T10:33:13-07:00","entry_id":4438,"field1":"6.9375","field2":"7.6875"},{"created_at":"2018-11-02T10:42:50-07:00","entry_id":4439,"field1":"7","field2":"7.6875"},{"created_at":"2018-11-02T10:52:27-07:00","entry_id":4440,"field1":"6.9375","field2":"7.8125"},{"created_at":"2018-11-02T11:02:05-07:00","entry_id":4441,"field1":"7","field2":"8.125"},{"created_at":"2018-11-02T11:11:42-07:00","entry_id":4442,"field1":"7","field2":"8.25"},{"created_at":"2018-11-02T11:21:20-07:00","entry_id":4443,"field1":"7","field2":"8.25"},{"created_at":"2018-11-02T11:30:56-07:00","entry_id":4444,"field1":"7","field2":"8.125"},{"created_at":"2018-11-02T11:40:33-07:00","entry_id":4445,"field1":"7.0625","field2":"8.1875"},{"created_at":"2018-11-02T11:50:10-07:00","entry_id":4446,"field1":"7.0625","field2":"8.3125"},{"created_at":"2018-11-02T11:59:48-07:00","entry_id":4447,"field1":"7.125","field2":"8.5"},{"created_at":"2018-11-02T12:09:24-07:00","entry_id":4448,"field1":"7.125","field2":"8.625"},{"created_at":"2018-11-02T12:19:02-07:00","entry_id":4449,"field1":"7.1875","field2":"8.75"},{"created_at":"2018-11-02T12:28:40-07:00","entry_id":4450,"field1":"7.1875","field2":"9.0625"},{"created_at":"2018-11-02T12:38:18-07:00","entry_id":4451,"field1":"7.25","field2":"9.5"},{"created_at":"2018-11-02T12:47:55-07:00","entry_id":4452,"field1":"7.25","field2":"9.1875"},{"created_at":"2018-11-02T12:57:32-07:00","entry_id":4453,"field1":"7.3125","field2":"9.625"},{"created_at":"2018-11-02T13:07:10-07:00","entry_id":4454,"field1":"7.3125","field2":"9.6875"},{"created_at":"2018-11-02T13:16:47-07:00","entry_id":4455,"field1":"7.375","field2":"10"},{"created_at":"2018-11-02T13:26:25-07:00","entry_id":4456,"field1":"7.4375","field2":"10.5"},{"created_at":"2018-11-02T13:36:02-07:00","entry_id":4457,"field1":"7.5","field2":"10.3125"},{"created_at":"2018-11-02T13:45:40-07:00","entry_id":4458,"field1":"7.5625","field2":"10.375"},{"created_at":"2018-11-02T13:55:17-07:00","entry_id":4459,"field1":"7.625","field2":"10.4375"},{"created_at":"2018-11-02T14:04:55-07:00","entry_id":4460,"field1":"7.6875","field2":"10.0625"},{"created_at":"2018-11-02T14:14:32-07:00","entry_id":4461,"field1":"7.6875","field2":"10.125"},{"created_at":"2018-11-02T14:24:09-07:00","entry_id":4462,"field1":"7.75","field2":"9.8125"},{"created_at":"2018-11-02T14:33:46-07:00","entry_id":4463,"field1":"7.75","field2":"10"},{"created_at":"2018-11-02T14:43:23-07:00","entry_id":4464,"field1":"7.75","field2":"10.1875"},{"created_at":"2018-11-02T14:53:00-07:00","entry_id":4465,"field1":"7.8125","field2":"10.1875"},{"created_at":"2018-11-02T15:02:38-07:00","entry_id":4466,"field1":"7.8125","field2":"10.1875"},{"created_at":"2018-11-02T15:12:16-07:00","entry_id":4467,"field1":"7.8125","field2":"10"},{"created_at":"2018-11-02T15:21:53-07:00","entry_id":4468,"field1":"7.875","field2":"10"},{"created_at":"2018-11-02T15:31:30-07:00","entry_id":4469,"field1":"7.875","field2":"10.0625"},{"created_at":"2018-11-02T15:41:08-07:00","entry_id":4470,"field1":"7.9375","field2":"10"},{"created_at":"2018-11-02T15:50:45-07:00","entry_id":4471,"field1":"7.9375","field2":"9.8125"},{"created_at":"2018-11-02T16:00:23-07:00","entry_id":4472,"field1":"8","field2":"9.625"},{"created_at":"2018-11-02T16:10:00-07:00","entry_id":4473,"field1":"8","field2":"9.4375"},{"created_at":"2018-11-02T16:19:37-07:00","entry_id":4474,"field1":"8","field2":"9.3125"},{"created_at":"2018-11-02T16:29:14-07:00","entry_id":4475,"field1":"8","field2":"9.375"},{"created_at":"2018-11-02T16:38:54-07:00","entry_id":4476,"field1":"8.0625","field2":"9.375"},{"created_at":"2018-11-02T16:48:30-07:00","entry_id":4477,"field1":"8.0625","field2":"9.25"},{"created_at":"2018-11-02T16:58:08-07:00","entry_id":4478,"field1":"8.0625","field2":"9.125"},{"created_at":"2018-11-02T17:07:46-07:00","entry_id":4479,"field1":"8.0625","field2":"9.125"},{"created_at":"2018-11-02T17:17:23-07:00","entry_id":4480,"field1":"8.0625","field2":"9"},{"created_at":"2018-11-02T17:27:00-07:00","entry_id":4481,"field1":"8.125","field2":"8.875"},{"created_at":"2018-11-02T17:36:38-07:00","entry_id":4482,"field1":"8.0625","field2":"8.8125"},{"created_at":"2018-11-02T17:46:15-07:00","entry_id":4483,"field1":"8.125","field2":"8.6875"},{"created_at":"2018-11-02T17:55:52-07:00","entry_id":4484,"field1":"8.125","field2":"8.5625"},{"created_at":"2018-11-02T18:05:29-07:00","entry_id":4485,"field1":"8.125","field2":"8.4375"},{"created_at":"2018-11-02T18:15:06-07:00","entry_id":4486,"field1":"8.1875","field2":"8.375"},{"created_at":"2018-11-02T18:24:43-07:00","entry_id":4487,"field1":"8.125","field2":"8.375"},{"created_at":"2018-11-02T18:34:20-07:00","entry_id":4488,"field1":"8.125","field2":"8.375"},{"created_at":"2018-11-02T18:43:57-07:00","entry_id":4489,"field1":"8.125","field2":"8.375"},{"created_at":"2018-11-02T18:53:35-07:00","entry_id":4490,"field1":"8.125","field2":"8.3125"},{"created_at":"2018-11-02T19:03:12-07:00","entry_id":4491,"field1":"8.125","field2":"8.3125"},{"created_at":"2018-11-02T19:12:49-07:00","entry_id":4492,"field1":"8.125","field2":"8.1875"},{"created_at":"2018-11-02T19:22:26-07:00","entry_id":4493,"field1":"8.125","field2":"8.125"},{"created_at":"2018-11-02T19:32:04-07:00","entry_id":4494,"field1":"8.125","field2":"8.0625"},{"created_at":"2018-11-02T19:41:41-07:00","entry_id":4495,"field1":"8.125","field2":"8.0625"},{"created_at":"2018-11-02T19:51:19-07:00","entry_id":4496,"field1":"8.125","field2":"8.125"},{"created_at":"2018-11-02T20:00:55-07:00","entry_id":4497,"field1":"8.125","field2":"8.125"},{"created_at":"2018-11-02T20:10:32-07:00","entry_id":4498,"field1":"8.125","field2":"8.125"},{"created_at":"2018-11-02T20:20:10-07:00","entry_id":4499,"field1":"8.125","field2":"8.125"},{"created_at":"2018-11-02T20:29:48-07:00","entry_id":4500,"field1":"8.125","field2":"8.125"},{"created_at":"2018-11-02T20:39:25-07:00","entry_id":4501,"field1":"8.1875","field2":"8"},{"created_at":"2018-11-02T20:49:02-07:00","entry_id":4502,"field1":"8.125","field2":"7.9375"},{"created_at":"2018-11-02T20:58:39-07:00","entry_id":4503,"field1":"8.125","field2":"7.875"},{"created_at":"2018-11-02T21:08:16-07:00","entry_id":4504,"field1":"8.125","field2":"7.875"},{"created_at":"2018-11-02T21:17:53-07:00","entry_id":4505,"field1":"8.125","field2":"7.875"},{"created_at":"2018-11-02T21:27:32-07:00","entry_id":4506,"field1":"8.125","field2":"7.9375"},{"created_at":"2018-11-02T21:37:09-07:00","entry_id":4507,"field1":"8.1875","field2":"7.875"},{"created_at":"2018-11-02T21:46:46-07:00","entry_id":4508,"field1":"8.125","field2":"7.75"},{"created_at":"2018-11-02T21:56:23-07:00","entry_id":4509,"field1":"8.1875","field2":"7.6875"},{"created_at":"2018-11-02T22:06:01-07:00","entry_id":4510,"field1":"8.125","field2":"7.625"},{"created_at":"2018-11-02T22:15:38-07:00","entry_id":4511,"field1":"8.1875","field2":"7.625"},{"created_at":"2018-11-02T22:25:15-07:00","entry_id":4512,"field1":"8.1875","field2":"7.625"},{"created_at":"2018-11-02T22:34:52-07:00","entry_id":4513,"field1":"8.1875","field2":"7.625"},{"created_at":"2018-11-02T22:44:29-07:00","entry_id":4514,"field1":"8.125","field2":"7.625"},{"created_at":"2018-11-02T22:54:06-07:00","entry_id":4515,"field1":"8.125","field2":"7.625"},{"created_at":"2018-11-02T23:03:44-07:00","entry_id":4516,"field1":"8.1875","field2":"7.5625"},{"created_at":"2018-11-02T23:13:22-07:00","entry_id":4517,"field1":"8.1875","field2":"7.5"},{"created_at":"2018-11-02T23:22:58-07:00","entry_id":4518,"field1":"8.1875","field2":"7.4375"},{"created_at":"2018-11-02T23:32:36-07:00","entry_id":4519,"field1":"8.1875","field2":"7.3125"},{"created_at":"2018-11-02T23:42:13-07:00","entry_id":4520,"field1":"8.1875","field2":"7.3125"},{"created_at":"2018-11-02T23:51:51-07:00","entry_id":4521,"field1":"8.1875","field2":"7.25"}]}