{"channel":{"id":581842,"name":"Upstairs Small Window Indoor / Outdoor Sensor","latitude":"0.0","longitude":"0.0","field1":"Indoor Temperature","field2":"Outdoor Temperature","created_at":"2018-09-23T15:37:52-07:00","updated_at":"2020-07-27T05:59:41-07:00","last_entry_id":388793},"feeds":[{"created_at":"2026-01-07T00:03:08-08:00","entry_id":388512,"field1":"0.75","field2":"-0.0625"},{"created_at":"2026-01-07T00:12:45-08:00","entry_id":388513,"field1":"0.75","field2":"-0.125"},{"created_at":"2026-01-07T00:22:21-08:00","entry_id":388514,"field1":"0.75","field2":"-0.0625"},{"created_at":"2026-01-07T00:31:59-08:00","entry_id":388515,"field1":"0.75","field2":"-0.0625"},{"created_at":"2026-01-07T00:41:34-08:00","entry_id":388516,"field1":"0.75","field2":"-0.0625"},{"created_at":"2026-01-07T00:51:12-08:00","entry_id":388517,"field1":"0.75","field2":"-0.0625"},{"created_at":"2026-01-07T01:00:48-08:00","entry_id":388518,"field1":"0.75","field2":"-0.0625"},{"created_at":"2026-01-07T01:10:26-08:00","entry_id":388519,"field1":"0.75","field2":"-0.0625"},{"created_at":"2026-01-07T01:20:01-08:00","entry_id":388520,"field1":"0.75","field2":"-0.0625"},{"created_at":"2026-01-07T01:29:38-08:00","entry_id":388521,"field1":"0.75","field2":"0"},{"created_at":"2026-01-07T01:39:16-08:00","entry_id":388522,"field1":"0.75","field2":"0.1875"},{"created_at":"2026-01-07T01:48:52-08:00","entry_id":388523,"field1":"0.75","field2":"0.125"},{"created_at":"2026-01-07T01:58:29-08:00","entry_id":388524,"field1":"0.75","field2":"0.0625"},{"created_at":"2026-01-07T02:08:05-08:00","entry_id":388525,"field1":"0.75","field2":"0.25"},{"created_at":"2026-01-07T02:17:43-08:00","entry_id":388526,"field1":"0.75","field2":"0.125"},{"created_at":"2026-01-07T02:27:19-08:00","entry_id":388527,"field1":"0.75","field2":"0.0625"},{"created_at":"2026-01-07T02:36:57-08:00","entry_id":388528,"field1":"0.75","field2":"0.1875"},{"created_at":"2026-01-07T02:46:32-08:00","entry_id":388529,"field1":"0.75","field2":"0.125"},{"created_at":"2026-01-07T02:56:09-08:00","entry_id":388530,"field1":"0.75","field2":"0.125"},{"created_at":"2026-01-07T03:05:47-08:00","entry_id":388531,"field1":"0.75","field2":"0.125"},{"created_at":"2026-01-07T03:15:24-08:00","entry_id":388532,"field1":"0.75","field2":"0.125"},{"created_at":"2026-01-07T03:24:59-08:00","entry_id":388533,"field1":"0.75","field2":"0.0625"},{"created_at":"2026-01-07T03:34:38-08:00","entry_id":388534,"field1":"0.75","field2":"0.0625"},{"created_at":"2026-01-07T03:44:13-08:00","entry_id":388535,"field1":"0.75","field2":"0.0625"},{"created_at":"2026-01-07T03:53:51-08:00","entry_id":388536,"field1":"0.75","field2":"0.125"},{"created_at":"2026-01-07T04:03:29-08:00","entry_id":388537,"field1":"0.75","field2":"0.0625"},{"created_at":"2026-01-07T04:13:04-08:00","entry_id":388538,"field1":"0.75","field2":"0"},{"created_at":"2026-01-07T04:22:40-08:00","entry_id":388539,"field1":"0.75","field2":"0"},{"created_at":"2026-01-07T04:32:17-08:00","entry_id":388540,"field1":"0.75","field2":"0.0625"},{"created_at":"2026-01-07T04:41:54-08:00","entry_id":388541,"field1":"0.75","field2":"0"},{"created_at":"2026-01-07T04:51:31-08:00","entry_id":388542,"field1":"0.75","field2":"0"},{"created_at":"2026-01-07T05:01:07-08:00","entry_id":388543,"field1":"0.75","field2":"-0.0625"},{"created_at":"2026-01-07T05:10:44-08:00","entry_id":388544,"field1":"0.75","field2":"-0.0625"},{"created_at":"2026-01-07T05:20:20-08:00","entry_id":388545,"field1":"0.75","field2":"-0.125"},{"created_at":"2026-01-07T05:29:57-08:00","entry_id":388546,"field1":"0.75","field2":"-0.125"},{"created_at":"2026-01-07T05:39:35-08:00","entry_id":388547,"field1":"0.75","field2":"-0.1875"},{"created_at":"2026-01-07T05:49:10-08:00","entry_id":388548,"field1":"0.75","field2":"-0.1875"},{"created_at":"2026-01-07T05:58:48-08:00","entry_id":388549,"field1":"0.75","field2":"-0.1875"},{"created_at":"2026-01-07T06:08:23-08:00","entry_id":388550,"field1":"0.75","field2":"-0.1875"},{"created_at":"2026-01-07T06:18:02-08:00","entry_id":388551,"field1":"0.75","field2":"-0.25"},{"created_at":"2026-01-07T06:27:37-08:00","entry_id":388552,"field1":"0.75","field2":"-0.375"},{"created_at":"2026-01-07T06:37:14-08:00","entry_id":388553,"field1":"0.75","field2":"-0.4375"},{"created_at":"2026-01-07T06:46:50-08:00","entry_id":388554,"field1":"0.75","field2":"-0.5"},{"created_at":"2026-01-07T06:56:26-08:00","entry_id":388555,"field1":"0.75","field2":"-0.625"},{"created_at":"2026-01-07T07:06:05-08:00","entry_id":388556,"field1":"0.75","field2":"-0.625"},{"created_at":"2026-01-07T07:15:39-08:00","entry_id":388557,"field1":"0.75","field2":"-0.5625"},{"created_at":"2026-01-07T07:25:16-08:00","entry_id":388558,"field1":"0.6875","field2":"-0.625"},{"created_at":"2026-01-07T07:34:54-08:00","entry_id":388559,"field1":"0.6875","field2":"-0.6875"},{"created_at":"2026-01-07T07:44:31-08:00","entry_id":388560,"field1":"0.6875","field2":"-0.625"},{"created_at":"2026-01-07T07:54:08-08:00","entry_id":388561,"field1":"0.6875","field2":"-0.6875"},{"created_at":"2026-01-07T08:03:45-08:00","entry_id":388562,"field1":"0.6875","field2":"-0.75"},{"created_at":"2026-01-07T08:13:21-08:00","entry_id":388563,"field1":"0.6875","field2":"-0.8125"},{"created_at":"2026-01-07T08:22:57-08:00","entry_id":388564,"field1":"0.6875","field2":"-0.8125"},{"created_at":"2026-01-07T08:32:33-08:00","entry_id":388565,"field1":"0.6875","field2":"-0.8125"},{"created_at":"2026-01-07T08:42:09-08:00","entry_id":388566,"field1":"0.6875","field2":"-0.875"},{"created_at":"2026-01-07T08:51:46-08:00","entry_id":388567,"field1":"0.6875","field2":"-0.9375"},{"created_at":"2026-01-07T09:01:22-08:00","entry_id":388568,"field1":"0.6875","field2":"-0.875"},{"created_at":"2026-01-07T09:10:58-08:00","entry_id":388569,"field1":"0.6875","field2":"-0.875"},{"created_at":"2026-01-07T09:20:36-08:00","entry_id":388570,"field1":"0.6875","field2":"-0.6875"},{"created_at":"2026-01-07T09:30:11-08:00","entry_id":388571,"field1":"0.6875","field2":"-0.625"},{"created_at":"2026-01-07T09:39:49-08:00","entry_id":388572,"field1":"0.6875","field2":"-0.25"},{"created_at":"2026-01-07T09:49:26-08:00","entry_id":388573,"field1":"0.6875","field2":"-0.125"},{"created_at":"2026-01-07T09:59:04-08:00","entry_id":388574,"field1":"0.6875","field2":"-0.125"},{"created_at":"2026-01-07T10:08:41-08:00","entry_id":388575,"field1":"0.6875","field2":"-0.125"},{"created_at":"2026-01-07T10:18:18-08:00","entry_id":388576,"field1":"0.6875","field2":"-0.125"},{"created_at":"2026-01-07T10:27:54-08:00","entry_id":388577,"field1":"0.6875","field2":"-0.125"},{"created_at":"2026-01-07T10:37:30-08:00","entry_id":388578,"field1":"0.6875","field2":"-0.0625"},{"created_at":"2026-01-07T10:47:06-08:00","entry_id":388579,"field1":"0.6875","field2":"0"},{"created_at":"2026-01-07T10:56:43-08:00","entry_id":388580,"field1":"0.6875","field2":"0.0625"},{"created_at":"2026-01-07T11:06:19-08:00","entry_id":388581,"field1":"0.6875","field2":"0.0625"},{"created_at":"2026-01-07T11:15:54-08:00","entry_id":388582,"field1":"0.6875","field2":"0.125"},{"created_at":"2026-01-07T11:25:32-08:00","entry_id":388583,"field1":"0.6875","field2":"0.1875"},{"created_at":"2026-01-07T11:35:08-08:00","entry_id":388584,"field1":"0.6875","field2":"0.1875"},{"created_at":"2026-01-07T11:44:44-08:00","entry_id":388585,"field1":"0.75","field2":"0.3125"},{"created_at":"2026-01-07T11:54:22-08:00","entry_id":388586,"field1":"0.75","field2":"0.4375"},{"created_at":"2026-01-07T12:03:59-08:00","entry_id":388587,"field1":"0.75","field2":"0.625"},{"created_at":"2026-01-07T12:13:35-08:00","entry_id":388588,"field1":"0.75","field2":"0.875"},{"created_at":"2026-01-07T12:23:11-08:00","entry_id":388589,"field1":"0.75","field2":"1.0625"},{"created_at":"2026-01-07T12:32:48-08:00","entry_id":388590,"field1":"0.75","field2":"0.9375"},{"created_at":"2026-01-07T12:42:26-08:00","entry_id":388591,"field1":"0.8125","field2":"1.6875"},{"created_at":"2026-01-07T12:52:01-08:00","entry_id":388592,"field1":"0.8125","field2":"1.9375"},{"created_at":"2026-01-07T13:01:38-08:00","entry_id":388593,"field1":"0.875","field2":"1.6875"},{"created_at":"2026-01-07T13:11:15-08:00","entry_id":388594,"field1":"0.875","field2":"2"},{"created_at":"2026-01-07T13:20:51-08:00","entry_id":388595,"field1":"0.875","field2":"2.125"},{"created_at":"2026-01-07T13:30:28-08:00","entry_id":388596,"field1":"0.9375","field2":"1.5"},{"created_at":"2026-01-07T13:40:04-08:00","entry_id":388597,"field1":"0.9375","field2":"1.3125"},{"created_at":"2026-01-07T13:49:42-08:00","entry_id":388598,"field1":"0.9375","field2":"1.25"},{"created_at":"2026-01-07T13:59:19-08:00","entry_id":388599,"field1":"0.9375","field2":"1.5625"},{"created_at":"2026-01-07T14:08:56-08:00","entry_id":388600,"field1":"0.9375","field2":"1.25"},{"created_at":"2026-01-07T14:18:34-08:00","entry_id":388601,"field1":"0.9375","field2":"1.125"},{"created_at":"2026-01-07T14:28:11-08:00","entry_id":388602,"field1":"0.9375","field2":"0.9375"},{"created_at":"2026-01-07T14:37:46-08:00","entry_id":388603,"field1":"0.9375","field2":"0.875"},{"created_at":"2026-01-07T14:47:23-08:00","entry_id":388604,"field1":"0.9375","field2":"0.75"},{"created_at":"2026-01-07T14:57:01-08:00","entry_id":388605,"field1":"0.9375","field2":"0.625"},{"created_at":"2026-01-07T15:06:36-08:00","entry_id":388606,"field1":"0.9375","field2":"0.5625"},{"created_at":"2026-01-07T15:16:12-08:00","entry_id":388607,"field1":"0.9375","field2":"0.5"},{"created_at":"2026-01-07T15:25:50-08:00","entry_id":388608,"field1":"0.9375","field2":"0.4375"},{"created_at":"2026-01-07T15:35:27-08:00","entry_id":388609,"field1":"0.9375","field2":"0.4375"},{"created_at":"2026-01-07T15:45:05-08:00","entry_id":388610,"field1":"0.9375","field2":"0.3125"},{"created_at":"2026-01-07T15:54:40-08:00","entry_id":388611,"field1":"1","field2":"0.1875"},{"created_at":"2026-01-07T16:04:18-08:00","entry_id":388612,"field1":"0.9375","field2":"0.0625"},{"created_at":"2026-01-07T16:13:53-08:00","entry_id":388613,"field1":"0.9375","field2":"0.0625"},{"created_at":"2026-01-07T16:23:30-08:00","entry_id":388614,"field1":"0.9375","field2":"0"},{"created_at":"2026-01-07T16:33:09-08:00","entry_id":388615,"field1":"0.9375","field2":"0"},{"created_at":"2026-01-07T16:42:46-08:00","entry_id":388616,"field1":"0.9375","field2":"0"},{"created_at":"2026-01-07T16:52:22-08:00","entry_id":388617,"field1":"0.9375","field2":"0"},{"created_at":"2026-01-07T17:01:59-08:00","entry_id":388618,"field1":"0.9375","field2":"-0.0625"},{"created_at":"2026-01-07T17:11:36-08:00","entry_id":388619,"field1":"0.9375","field2":"-0.0625"},{"created_at":"2026-01-07T17:21:11-08:00","entry_id":388620,"field1":"0.9375","field2":"-0.0625"},{"created_at":"2026-01-07T17:30:49-08:00","entry_id":388621,"field1":"0.9375","field2":"-0.1875"},{"created_at":"2026-01-07T17:40:25-08:00","entry_id":388622,"field1":"0.9375","field2":"-0.1875"},{"created_at":"2026-01-07T17:50:03-08:00","entry_id":388623,"field1":"0.9375","field2":"-0.3125"},{"created_at":"2026-01-07T17:59:38-08:00","entry_id":388624,"field1":"0.9375","field2":"-0.375"},{"created_at":"2026-01-07T18:09:15-08:00","entry_id":388625,"field1":"0.875","field2":"-0.3125"},{"created_at":"2026-01-07T18:18:51-08:00","entry_id":388626,"field1":"0.875","field2":"-0.25"},{"created_at":"2026-01-07T18:28:29-08:00","entry_id":388627,"field1":"0.875","field2":"-0.1875"},{"created_at":"2026-01-07T18:38:05-08:00","entry_id":388628,"field1":"0.875","field2":"-0.125"},{"created_at":"2026-01-07T18:47:41-08:00","entry_id":388629,"field1":"0.875","field2":"-0.125"},{"created_at":"2026-01-07T18:57:19-08:00","entry_id":388630,"field1":"0.875","field2":"-0.0625"},{"created_at":"2026-01-07T19:06:55-08:00","entry_id":388631,"field1":"0.875","field2":"-0.125"},{"created_at":"2026-01-07T19:16:31-08:00","entry_id":388632,"field1":"0.875","field2":"-0.0625"},{"created_at":"2026-01-07T19:26:09-08:00","entry_id":388633,"field1":"0.875","field2":"-0.0625"},{"created_at":"2026-01-07T19:35:46-08:00","entry_id":388634,"field1":"0.875","field2":"-0.0625"},{"created_at":"2026-01-07T19:45:24-08:00","entry_id":388635,"field1":"0.875","field2":"-0.0625"},{"created_at":"2026-01-07T19:54:59-08:00","entry_id":388636,"field1":"0.875","field2":"-0.125"},{"created_at":"2026-01-07T20:04:37-08:00","entry_id":388637,"field1":"0.875","field2":"-0.0625"},{"created_at":"2026-01-07T20:14:12-08:00","entry_id":388638,"field1":"0.875","field2":"-0.0625"},{"created_at":"2026-01-07T20:23:50-08:00","entry_id":388639,"field1":"0.875","field2":"-0.0625"},{"created_at":"2026-01-07T20:33:25-08:00","entry_id":388640,"field1":"0.8125","field2":"-0.0625"},{"created_at":"2026-01-07T20:43:03-08:00","entry_id":388641,"field1":"0.8125","field2":"-0.125"},{"created_at":"2026-01-07T20:52:39-08:00","entry_id":388642,"field1":"0.8125","field2":"-0.0625"},{"created_at":"2026-01-07T21:02:15-08:00","entry_id":388643,"field1":"0.8125","field2":"-0.0625"},{"created_at":"2026-01-07T21:11:53-08:00","entry_id":388644,"field1":"0.8125","field2":"-0.125"},{"created_at":"2026-01-07T21:21:31-08:00","entry_id":388645,"field1":"0.8125","field2":"-0.125"},{"created_at":"2026-01-07T21:31:06-08:00","entry_id":388646,"field1":"0.8125","field2":"-0.125"},{"created_at":"2026-01-07T21:40:42-08:00","entry_id":388647,"field1":"0.8125","field2":"-0.125"},{"created_at":"2026-01-07T21:50:20-08:00","entry_id":388648,"field1":"0.8125","field2":"-0.125"},{"created_at":"2026-01-07T21:59:55-08:00","entry_id":388649,"field1":"0.8125","field2":"-0.125"},{"created_at":"2026-01-07T22:09:33-08:00","entry_id":388650,"field1":"0.8125","field2":"-0.125"},{"created_at":"2026-01-07T22:19:10-08:00","entry_id":388651,"field1":"0.8125","field2":"-0.1875"},{"created_at":"2026-01-07T22:28:48-08:00","entry_id":388652,"field1":"0.8125","field2":"-0.125"},{"created_at":"2026-01-07T22:38:25-08:00","entry_id":388653,"field1":"0.8125","field2":"-0.1875"},{"created_at":"2026-01-07T22:48:02-08:00","entry_id":388654,"field1":"0.8125","field2":"-0.1875"},{"created_at":"2026-01-07T22:57:37-08:00","entry_id":388655,"field1":"0.8125","field2":"-0.1875"},{"created_at":"2026-01-07T23:07:14-08:00","entry_id":388656,"field1":"0.8125","field2":"-0.1875"},{"created_at":"2026-01-07T23:16:50-08:00","entry_id":388657,"field1":"0.8125","field2":"-0.25"},{"created_at":"2026-01-07T23:26:26-08:00","entry_id":388658,"field1":"0.8125","field2":"-0.25"},{"created_at":"2026-01-07T23:36:03-08:00","entry_id":388659,"field1":"0.8125","field2":"-0.1875"},{"created_at":"2026-01-07T23:45:41-08:00","entry_id":388660,"field1":"0.8125","field2":"-0.1875"},{"created_at":"2026-01-07T23:55:18-08:00","entry_id":388661,"field1":"0.8125","field2":"-0.125"}]}