{"channel":{"id":581842,"name":"Upstairs Small Window Indoor / Outdoor Sensor","latitude":"0.0","longitude":"0.0","field1":"Indoor Temperature","field2":"Outdoor Temperature","created_at":"2018-09-23T15:37:52-07:00","updated_at":"2020-07-27T05:59:41-07:00","last_entry_id":150129},"feeds":[{"created_at":"2020-02-12T00:02:01-08:00","entry_id":72700,"field1":"0.125","field2":"-0.6875"},{"created_at":"2020-02-12T00:11:37-08:00","entry_id":72701,"field1":"0.125","field2":"-0.625"},{"created_at":"2020-02-12T00:21:14-08:00","entry_id":72702,"field1":"0.125","field2":"-0.75"},{"created_at":"2020-02-12T00:30:50-08:00","entry_id":72703,"field1":"0.125","field2":"-0.6875"},{"created_at":"2020-02-12T00:40:28-08:00","entry_id":72704,"field1":"0.125","field2":"-0.6875"},{"created_at":"2020-02-12T00:50:04-08:00","entry_id":72705,"field1":"0.125","field2":"-0.75"},{"created_at":"2020-02-12T00:59:41-08:00","entry_id":72706,"field1":"0.125","field2":"-0.6875"},{"created_at":"2020-02-12T01:09:18-08:00","entry_id":72707,"field1":"0.125","field2":"-0.6875"},{"created_at":"2020-02-12T01:18:55-08:00","entry_id":72708,"field1":"0.125","field2":"-0.6875"},{"created_at":"2020-02-12T01:28:32-08:00","entry_id":72709,"field1":"0.125","field2":"-0.6875"},{"created_at":"2020-02-12T01:38:09-08:00","entry_id":72710,"field1":"0.125","field2":"-0.6875"},{"created_at":"2020-02-12T01:47:45-08:00","entry_id":72711,"field1":"0.125","field2":"-0.6875"},{"created_at":"2020-02-12T01:57:21-08:00","entry_id":72712,"field1":"0.125","field2":"-0.75"},{"created_at":"2020-02-12T02:06:58-08:00","entry_id":72713,"field1":"0.125","field2":"-0.75"},{"created_at":"2020-02-12T02:16:35-08:00","entry_id":72714,"field1":"0.125","field2":"-0.75"},{"created_at":"2020-02-12T02:26:12-08:00","entry_id":72715,"field1":"0.125","field2":"-0.8125"},{"created_at":"2020-02-12T02:35:49-08:00","entry_id":72716,"field1":"0.125","field2":"-0.8125"},{"created_at":"2020-02-12T02:45:25-08:00","entry_id":72717,"field1":"0.125","field2":"-0.875"},{"created_at":"2020-02-12T02:55:02-08:00","entry_id":72718,"field1":"0.125","field2":"-0.875"},{"created_at":"2020-02-12T03:04:39-08:00","entry_id":72719,"field1":"0.0625","field2":"-1"},{"created_at":"2020-02-12T03:14:15-08:00","entry_id":72720,"field1":"0.125","field2":"-1.0625"},{"created_at":"2020-02-12T03:23:52-08:00","entry_id":72721,"field1":"0.0625","field2":"-1"},{"created_at":"2020-02-12T03:33:28-08:00","entry_id":72722,"field1":"0.0625","field2":"-0.9375"},{"created_at":"2020-02-12T03:43:05-08:00","entry_id":72723,"field1":"0.0625","field2":"-1"},{"created_at":"2020-02-12T03:52:42-08:00","entry_id":72724,"field1":"0.0625","field2":"-1.0625"},{"created_at":"2020-02-12T04:02:18-08:00","entry_id":72725,"field1":"0.0625","field2":"-1.1875"},{"created_at":"2020-02-12T04:11:55-08:00","entry_id":72726,"field1":"0.0625","field2":"-1.25"},{"created_at":"2020-02-12T04:21:32-08:00","entry_id":72727,"field1":"0.0625","field2":"-1.3125"},{"created_at":"2020-02-12T04:31:08-08:00","entry_id":72728,"field1":"0.0625","field2":"-1.3125"},{"created_at":"2020-02-12T04:40:45-08:00","entry_id":72729,"field1":"0.0625","field2":"-1.375"},{"created_at":"2020-02-12T04:50:24-08:00","entry_id":72730,"field1":"0.0625","field2":"-1.5"},{"created_at":"2020-02-12T05:00:00-08:00","entry_id":72731,"field1":"0.0625","field2":"-1.625"},{"created_at":"2020-02-12T05:09:36-08:00","entry_id":72732,"field1":"0.0625","field2":"-1.625"},{"created_at":"2020-02-12T05:19:12-08:00","entry_id":72733,"field1":"0","field2":"-1.6875"},{"created_at":"2020-02-12T05:28:49-08:00","entry_id":72734,"field1":"-0.125","field2":"-1.625"},{"created_at":"2020-02-12T05:38:25-08:00","entry_id":72735,"field1":"-0.125","field2":"-1.625"},{"created_at":"2020-02-12T05:48:02-08:00","entry_id":72736,"field1":"-0.1875","field2":"-1.75"},{"created_at":"2020-02-12T05:57:39-08:00","entry_id":72737,"field1":"-0.1875","field2":"-1.8125"},{"created_at":"2020-02-12T06:07:16-08:00","entry_id":72738,"field1":"-0.125","field2":"-1.875"},{"created_at":"2020-02-12T06:16:52-08:00","entry_id":72739,"field1":"-0.25","field2":"-2"},{"created_at":"2020-02-12T06:26:29-08:00","entry_id":72740,"field1":"-0.25","field2":"-2.0625"},{"created_at":"2020-02-12T06:36:05-08:00","entry_id":72741,"field1":"-0.3125","field2":"-2"},{"created_at":"2020-02-12T06:45:42-08:00","entry_id":72742,"field1":"-0.3125","field2":"-2.125"},{"created_at":"2020-02-12T06:55:19-08:00","entry_id":72743,"field1":"-0.3125","field2":"-2.1875"},{"created_at":"2020-02-12T07:04:56-08:00","entry_id":72744,"field1":"-0.1875","field2":"-2.25"},{"created_at":"2020-02-12T07:14:33-08:00","entry_id":72745,"field1":"-0.125","field2":"-2.25"},{"created_at":"2020-02-12T07:24:10-08:00","entry_id":72746,"field1":"-0.3125","field2":"-2.3125"},{"created_at":"2020-02-12T07:33:47-08:00","entry_id":72747,"field1":"-0.3125","field2":"-2.5"},{"created_at":"2020-02-12T07:43:24-08:00","entry_id":72748,"field1":"-0.25","field2":"-2.4375"},{"created_at":"2020-02-12T07:53:00-08:00","entry_id":72749,"field1":"-0.125","field2":"-2.4375"},{"created_at":"2020-02-12T08:02:37-08:00","entry_id":72750,"field1":"-0.125","field2":"-2.4375"},{"created_at":"2020-02-12T08:12:13-08:00","entry_id":72751,"field1":"-0.125","field2":"-2.4375"},{"created_at":"2020-02-12T08:21:51-08:00","entry_id":72752,"field1":"-0.125","field2":"-2.4375"},{"created_at":"2020-02-12T08:31:28-08:00","entry_id":72753,"field1":"-0.125","field2":"-2.5"},{"created_at":"2020-02-12T08:41:04-08:00","entry_id":72754,"field1":"-0.125","field2":"-2.5"},{"created_at":"2020-02-12T08:50:41-08:00","entry_id":72755,"field1":"-0.125","field2":"-2.5"},{"created_at":"2020-02-12T09:00:17-08:00","entry_id":72756,"field1":"-0.0625","field2":"-2.4375"},{"created_at":"2020-02-12T09:09:54-08:00","entry_id":72757,"field1":"-0.375","field2":"-2.5"},{"created_at":"2020-02-12T09:19:31-08:00","entry_id":72758,"field1":"-0.4375","field2":"-2.625"},{"created_at":"2020-02-12T09:29:07-08:00","entry_id":72759,"field1":"-0.4375","field2":"-2.625"},{"created_at":"2020-02-12T09:38:45-08:00","entry_id":72760,"field1":"-0.375","field2":"-2.8125"},{"created_at":"2020-02-12T09:48:21-08:00","entry_id":72761,"field1":"-0.4375","field2":"-2.6875"},{"created_at":"2020-02-12T09:57:58-08:00","entry_id":72762,"field1":"-0.125","field2":"-2.625"},{"created_at":"2020-02-12T10:07:35-08:00","entry_id":72763,"field1":"-0.125","field2":"-2.5"},{"created_at":"2020-02-12T10:17:11-08:00","entry_id":72764,"field1":"-0.3125","field2":"-2.75"},{"created_at":"2020-02-12T10:26:48-08:00","entry_id":72765,"field1":"-0.125","field2":"-2.5"},{"created_at":"2020-02-12T10:36:25-08:00","entry_id":72766,"field1":"-0.0625","field2":"-2.5"},{"created_at":"2020-02-12T10:46:02-08:00","entry_id":72767,"field1":"0","field2":"-2.625"},{"created_at":"2020-02-12T10:55:39-08:00","entry_id":72768,"field1":"0.0625","field2":"-2.5"},{"created_at":"2020-02-12T11:05:16-08:00","entry_id":72769,"field1":"0.125","field2":"-2.125"},{"created_at":"2020-02-12T11:14:53-08:00","entry_id":72770,"field1":"0.125","field2":"-2.125"},{"created_at":"2020-02-12T11:24:30-08:00","entry_id":72771,"field1":"0.1875","field2":"-1.875"},{"created_at":"2020-02-12T11:34:07-08:00","entry_id":72772,"field1":"0.1875","field2":"-1.75"},{"created_at":"2020-02-12T11:43:44-08:00","entry_id":72773,"field1":"0.25","field2":"-1.8125"},{"created_at":"2020-02-12T11:53:21-08:00","entry_id":72774,"field1":"0.3125","field2":"-1.5"},{"created_at":"2020-02-12T12:02:57-08:00","entry_id":72775,"field1":"0.375","field2":"-1.6875"},{"created_at":"2020-02-12T12:12:35-08:00","entry_id":72776,"field1":"0.375","field2":"-1.625"},{"created_at":"2020-02-12T12:22:12-08:00","entry_id":72777,"field1":"0.4375","field2":"-1.4375"},{"created_at":"2020-02-12T12:31:49-08:00","entry_id":72778,"field1":"0.4375","field2":"-1.625"},{"created_at":"2020-02-12T12:41:27-08:00","entry_id":72779,"field1":"0.5","field2":"-1.375"},{"created_at":"2020-02-12T12:51:04-08:00","entry_id":72780,"field1":"0.5","field2":"-1.5625"},{"created_at":"2020-02-12T13:00:40-08:00","entry_id":72781,"field1":"0.4375","field2":"-1.5625"},{"created_at":"2020-02-12T13:10:17-08:00","entry_id":72782,"field1":"0.5","field2":"-1.5"},{"created_at":"2020-02-12T13:19:55-08:00","entry_id":72783,"field1":"0.5","field2":"-1.5625"},{"created_at":"2020-02-12T13:29:31-08:00","entry_id":72784,"field1":"0.5","field2":"-1.75"},{"created_at":"2020-02-12T13:39:08-08:00","entry_id":72785,"field1":"0.5","field2":"-1.4375"},{"created_at":"2020-02-12T13:48:45-08:00","entry_id":72786,"field1":"0.5625","field2":"-1.3125"},{"created_at":"2020-02-12T13:58:23-08:00","entry_id":72787,"field1":"0.5625","field2":"-0.625"},{"created_at":"2020-02-12T14:08:01-08:00","entry_id":72788,"field1":"0.5625","field2":"-0.9375"},{"created_at":"2020-02-12T14:17:37-08:00","entry_id":72789,"field1":"0.5625","field2":"-0.9375"},{"created_at":"2020-02-12T14:27:14-08:00","entry_id":72790,"field1":"0.5","field2":"-0.8125"},{"created_at":"2020-02-12T14:36:51-08:00","entry_id":72791,"field1":"0.5","field2":"-1.0625"},{"created_at":"2020-02-12T14:46:27-08:00","entry_id":72792,"field1":"0.4375","field2":"-1.3125"},{"created_at":"2020-02-12T14:56:04-08:00","entry_id":72793,"field1":"0.4375","field2":"-1.375"},{"created_at":"2020-02-12T15:05:43-08:00","entry_id":72794,"field1":"0.5","field2":"-1.1875"},{"created_at":"2020-02-12T15:15:19-08:00","entry_id":72795,"field1":"0.5","field2":"-1"},{"created_at":"2020-02-12T15:24:56-08:00","entry_id":72796,"field1":"0.4375","field2":"-1"},{"created_at":"2020-02-12T15:34:33-08:00","entry_id":72797,"field1":"0.4375","field2":"-1"},{"created_at":"2020-02-12T15:44:10-08:00","entry_id":72798,"field1":"0.4375","field2":"-1.0625"},{"created_at":"2020-02-12T15:53:47-08:00","entry_id":72799,"field1":"0.4375","field2":"-0.9375"},{"created_at":"2020-02-12T16:03:24-08:00","entry_id":72800,"field1":"0.4375","field2":"-1"},{"created_at":"2020-02-12T16:13:01-08:00","entry_id":72801,"field1":"0.4375","field2":"-1"},{"created_at":"2020-02-12T16:22:37-08:00","entry_id":72802,"field1":"0.4375","field2":"-0.9375"},{"created_at":"2020-02-12T16:32:14-08:00","entry_id":72803,"field1":"0.4375","field2":"-1.125"},{"created_at":"2020-02-12T16:41:51-08:00","entry_id":72804,"field1":"0.375","field2":"-0.9375"},{"created_at":"2020-02-12T16:51:27-08:00","entry_id":72805,"field1":"0.375","field2":"-1.1875"},{"created_at":"2020-02-12T17:01:04-08:00","entry_id":72806,"field1":"0.375","field2":"-1.25"},{"created_at":"2020-02-12T17:10:42-08:00","entry_id":72807,"field1":"0.375","field2":"-1.3125"},{"created_at":"2020-02-12T17:20:17-08:00","entry_id":72808,"field1":"0.375","field2":"-1.4375"},{"created_at":"2020-02-12T17:29:55-08:00","entry_id":72809,"field1":"0.375","field2":"-1.5"},{"created_at":"2020-02-12T17:39:31-08:00","entry_id":72810,"field1":"0.3125","field2":"-1.5625"},{"created_at":"2020-02-12T17:49:08-08:00","entry_id":72811,"field1":"0.3125","field2":"-1.75"},{"created_at":"2020-02-12T17:58:45-08:00","entry_id":72812,"field1":"0.3125","field2":"-1.75"},{"created_at":"2020-02-12T18:08:23-08:00","entry_id":72813,"field1":"0.3125","field2":"-1.75"},{"created_at":"2020-02-12T18:17:59-08:00","entry_id":72814,"field1":"0.25","field2":"-1.6875"},{"created_at":"2020-02-12T18:27:36-08:00","entry_id":72815,"field1":"0.25","field2":"-1.8125"},{"created_at":"2020-02-12T18:37:13-08:00","entry_id":72816,"field1":"0.25","field2":"-1.75"},{"created_at":"2020-02-12T18:46:49-08:00","entry_id":72817,"field1":"0.25","field2":"-1.75"},{"created_at":"2020-02-12T18:56:26-08:00","entry_id":72818,"field1":"0.25","field2":"-1.625"},{"created_at":"2020-02-12T19:06:04-08:00","entry_id":72819,"field1":"0.25","field2":"-1.5625"},{"created_at":"2020-02-12T19:15:40-08:00","entry_id":72820,"field1":"0.25","field2":"-1.5625"},{"created_at":"2020-02-12T19:25:17-08:00","entry_id":72821,"field1":"0.1875","field2":"-1.5"},{"created_at":"2020-02-12T19:34:54-08:00","entry_id":72822,"field1":"0.1875","field2":"-1.5"},{"created_at":"2020-02-12T19:44:31-08:00","entry_id":72823,"field1":"0.1875","field2":"-1.4375"},{"created_at":"2020-02-12T19:54:08-08:00","entry_id":72824,"field1":"0.1875","field2":"-1.4375"},{"created_at":"2020-02-12T20:03:44-08:00","entry_id":72825,"field1":"0.1875","field2":"-1.4375"},{"created_at":"2020-02-12T20:13:21-08:00","entry_id":72826,"field1":"0.1875","field2":"-1.375"},{"created_at":"2020-02-12T20:22:58-08:00","entry_id":72827,"field1":"0.1875","field2":"-1.375"},{"created_at":"2020-02-12T20:32:34-08:00","entry_id":72828,"field1":"0.1875","field2":"-1.3125"},{"created_at":"2020-02-12T20:42:11-08:00","entry_id":72829,"field1":"0.1875","field2":"-1.25"},{"created_at":"2020-02-12T20:51:48-08:00","entry_id":72830,"field1":"0.125","field2":"-1.25"},{"created_at":"2020-02-12T21:01:25-08:00","entry_id":72831,"field1":"0.125","field2":"-1.1875"},{"created_at":"2020-02-12T21:11:01-08:00","entry_id":72832,"field1":"0.125","field2":"-1.1875"},{"created_at":"2020-02-12T21:20:38-08:00","entry_id":72833,"field1":"0.125","field2":"-1.125"},{"created_at":"2020-02-12T21:30:14-08:00","entry_id":72834,"field1":"0.125","field2":"-1.1875"},{"created_at":"2020-02-12T21:39:51-08:00","entry_id":72835,"field1":"0.125","field2":"-1.125"},{"created_at":"2020-02-12T21:49:28-08:00","entry_id":72836,"field1":"0.125","field2":"-1.1875"},{"created_at":"2020-02-12T21:59:04-08:00","entry_id":72837,"field1":"0.125","field2":"-1.1875"},{"created_at":"2020-02-12T22:08:41-08:00","entry_id":72838,"field1":"0.125","field2":"-1.125"},{"created_at":"2020-02-12T22:18:18-08:00","entry_id":72839,"field1":"0.125","field2":"-1.1875"},{"created_at":"2020-02-12T22:27:54-08:00","entry_id":72840,"field1":"0.125","field2":"-1.125"},{"created_at":"2020-02-12T22:37:31-08:00","entry_id":72841,"field1":"0.125","field2":"-1.125"},{"created_at":"2020-02-12T22:47:08-08:00","entry_id":72842,"field1":"0.0625","field2":"-1.1875"},{"created_at":"2020-02-12T22:56:46-08:00","entry_id":72843,"field1":"0.0625","field2":"-1.1875"},{"created_at":"2020-02-12T23:06:22-08:00","entry_id":72844,"field1":"0.125","field2":"-1.1875"},{"created_at":"2020-02-12T23:15:59-08:00","entry_id":72845,"field1":"0.125","field2":"-1.25"},{"created_at":"2020-02-12T23:25:34-08:00","entry_id":72846,"field1":"0.0625","field2":"-1.3125"},{"created_at":"2020-02-12T23:35:10-08:00","entry_id":72847,"field1":"0.0625","field2":"-1.3125"},{"created_at":"2020-02-12T23:44:47-08:00","entry_id":72848,"field1":"0.0625","field2":"-1.3125"},{"created_at":"2020-02-12T23:54:24-08:00","entry_id":72849,"field1":"0.0625","field2":"-1.375"}]}