{"channel":{"id":581842,"name":"Upstairs Small Window Indoor / Outdoor Sensor","latitude":"0.0","longitude":"0.0","field1":"Indoor Temperature","field2":"Outdoor Temperature","created_at":"2018-09-23T15:37:52-07:00","updated_at":"2020-07-27T05:59:41-07:00","last_entry_id":162080},"feeds":[{"created_at":"2021-11-03T00:06:48-07:00","entry_id":161793,"field1":"9.3125","field2":"4.5625"},{"created_at":"2021-11-03T00:16:25-07:00","entry_id":161794,"field1":"9.5625","field2":"4.5625"},{"created_at":"2021-11-03T00:26:04-07:00","entry_id":161795,"field1":"9.75","field2":"4.5"},{"created_at":"2021-11-03T00:35:41-07:00","entry_id":161796,"field1":"9.875","field2":"4.5"},{"created_at":"2021-11-03T00:45:17-07:00","entry_id":161797,"field1":"10","field2":"4.5"},{"created_at":"2021-11-03T00:54:56-07:00","entry_id":161798,"field1":"9.8125","field2":"4.5"},{"created_at":"2021-11-03T01:04:32-07:00","entry_id":161799,"field1":"9.625","field2":"4.5"},{"created_at":"2021-11-03T01:14:08-07:00","entry_id":161800,"field1":"9.5625","field2":"4.5"},{"created_at":"2021-11-03T01:23:45-07:00","entry_id":161801,"field1":"9.4375","field2":"4.5"},{"created_at":"2021-11-03T01:33:23-07:00","entry_id":161802,"field1":"9.375","field2":"4.4375"},{"created_at":"2021-11-03T01:42:58-07:00","entry_id":161803,"field1":"9.3125","field2":"4.5"},{"created_at":"2021-11-03T01:52:35-07:00","entry_id":161804,"field1":"9.3125","field2":"4.4375"},{"created_at":"2021-11-03T02:02:12-07:00","entry_id":161805,"field1":"9.375","field2":"4.5"},{"created_at":"2021-11-03T02:11:50-07:00","entry_id":161806,"field1":"9.625","field2":"4.375"},{"created_at":"2021-11-03T02:21:28-07:00","entry_id":161807,"field1":"9.8125","field2":"4.375"},{"created_at":"2021-11-03T02:31:05-07:00","entry_id":161808,"field1":"9.9375","field2":"4.375"},{"created_at":"2021-11-03T02:40:42-07:00","entry_id":161809,"field1":"10","field2":"4.4375"},{"created_at":"2021-11-03T02:50:20-07:00","entry_id":161810,"field1":"9.75","field2":"4.375"},{"created_at":"2021-11-03T02:59:58-07:00","entry_id":161811,"field1":"9.625","field2":"4.375"},{"created_at":"2021-11-03T03:09:35-07:00","entry_id":161812,"field1":"9.5","field2":"4.25"},{"created_at":"2021-11-03T03:19:11-07:00","entry_id":161813,"field1":"9.4375","field2":"4.25"},{"created_at":"2021-11-03T03:28:47-07:00","entry_id":161814,"field1":"9.375","field2":"4.25"},{"created_at":"2021-11-03T03:38:24-07:00","entry_id":161815,"field1":"9.3125","field2":"4.25"},{"created_at":"2021-11-03T03:48:00-07:00","entry_id":161816,"field1":"9.25","field2":"4.25"},{"created_at":"2021-11-03T03:57:37-07:00","entry_id":161817,"field1":"9.3125","field2":"4.125"},{"created_at":"2021-11-03T04:07:14-07:00","entry_id":161818,"field1":"9.5625","field2":"4.1875"},{"created_at":"2021-11-03T04:16:51-07:00","entry_id":161819,"field1":"9.75","field2":"4.1875"},{"created_at":"2021-11-03T04:26:28-07:00","entry_id":161820,"field1":"9.875","field2":"4.1875"},{"created_at":"2021-11-03T04:36:07-07:00","entry_id":161821,"field1":"10","field2":"4.1875"},{"created_at":"2021-11-03T04:45:43-07:00","entry_id":161822,"field1":"9.9375","field2":"4.1875"},{"created_at":"2021-11-03T04:55:19-07:00","entry_id":161823,"field1":"9.6875","field2":"4.25"},{"created_at":"2021-11-03T05:04:55-07:00","entry_id":161824,"field1":"9.5625","field2":"4.25"},{"created_at":"2021-11-03T05:14:34-07:00","entry_id":161825,"field1":"9.4375","field2":"4.3125"},{"created_at":"2021-11-03T05:24:09-07:00","entry_id":161826,"field1":"9.375","field2":"4.3125"},{"created_at":"2021-11-03T05:33:46-07:00","entry_id":161827,"field1":"9.375","field2":"4.3125"},{"created_at":"2021-11-03T05:43:24-07:00","entry_id":161828,"field1":"9.25","field2":"4.25"},{"created_at":"2021-11-03T05:53:02-07:00","entry_id":161829,"field1":"9.25","field2":"4.1875"},{"created_at":"2021-11-03T06:02:39-07:00","entry_id":161830,"field1":"9.375","field2":"4.125"},{"created_at":"2021-11-03T06:12:15-07:00","entry_id":161831,"field1":"9.625","field2":"4.125"},{"created_at":"2021-11-03T06:21:52-07:00","entry_id":161832,"field1":"9.75","field2":"4.25"},{"created_at":"2021-11-03T06:31:30-07:00","entry_id":161833,"field1":"9.875","field2":"4.375"},{"created_at":"2021-11-03T06:41:06-07:00","entry_id":161834,"field1":"9.9375","field2":"4.375"},{"created_at":"2021-11-03T06:50:44-07:00","entry_id":161835,"field1":"9.6875","field2":"4.375"},{"created_at":"2021-11-03T07:00:21-07:00","entry_id":161836,"field1":"9.5625","field2":"4.375"},{"created_at":"2021-11-03T07:09:56-07:00","entry_id":161837,"field1":"9.4375","field2":"4.375"},{"created_at":"2021-11-03T07:19:34-07:00","entry_id":161838,"field1":"9.375","field2":"4.375"},{"created_at":"2021-11-03T07:29:10-07:00","entry_id":161839,"field1":"9.3125","field2":"4.4375"},{"created_at":"2021-11-03T07:38:49-07:00","entry_id":161840,"field1":"9.25","field2":"4.4375"},{"created_at":"2021-11-03T07:48:24-07:00","entry_id":161841,"field1":"9.1875","field2":"4.4375"},{"created_at":"2021-11-03T07:58:01-07:00","entry_id":161842,"field1":"9.375","field2":"4.5"},{"created_at":"2021-11-03T08:07:39-07:00","entry_id":161843,"field1":"9.5625","field2":"4.5"},{"created_at":"2021-11-03T08:17:16-07:00","entry_id":161844,"field1":"9.75","field2":"4.5625"},{"created_at":"2021-11-03T08:26:52-07:00","entry_id":161845,"field1":"9.875","field2":"4.5625"},{"created_at":"2021-11-03T08:36:31-07:00","entry_id":161846,"field1":"9.9375","field2":"4.625"},{"created_at":"2021-11-03T08:46:07-07:00","entry_id":161847,"field1":"9.75","field2":"4.6875"},{"created_at":"2021-11-03T08:55:44-07:00","entry_id":161848,"field1":"9.5625","field2":"4.9375"},{"created_at":"2021-11-03T09:05:22-07:00","entry_id":161849,"field1":"9.5","field2":"5.3125"},{"created_at":"2021-11-03T09:14:57-07:00","entry_id":161850,"field1":"9.4375","field2":"5.5"},{"created_at":"2021-11-03T09:24:33-07:00","entry_id":161851,"field1":"9.375","field2":"5.375"},{"created_at":"2021-11-03T09:34:10-07:00","entry_id":161852,"field1":"9.3125","field2":"5.5"},{"created_at":"2021-11-03T09:43:48-07:00","entry_id":161853,"field1":"9.25","field2":"5.6875"},{"created_at":"2021-11-03T09:53:26-07:00","entry_id":161854,"field1":"9.3125","field2":"5.75"},{"created_at":"2021-11-03T10:03:02-07:00","entry_id":161855,"field1":"9.5625","field2":"5.8125"},{"created_at":"2021-11-03T10:12:40-07:00","entry_id":161856,"field1":"9.75","field2":"5.875"},{"created_at":"2021-11-03T10:22:18-07:00","entry_id":161857,"field1":"9.9375","field2":"5.8125"},{"created_at":"2021-11-03T10:31:54-07:00","entry_id":161858,"field1":"10","field2":"5.8125"},{"created_at":"2021-11-03T10:41:33-07:00","entry_id":161859,"field1":"9.8125","field2":"5.875"},{"created_at":"2021-11-03T10:51:10-07:00","entry_id":161860,"field1":"9.625","field2":"5.9375"},{"created_at":"2021-11-03T11:00:46-07:00","entry_id":161861,"field1":"9.5625","field2":"6.0625"},{"created_at":"2021-11-03T11:10:24-07:00","entry_id":161862,"field1":"9.5","field2":"6.1875"},{"created_at":"2021-11-03T11:20:01-07:00","entry_id":161863,"field1":"9.4375","field2":"6.1875"},{"created_at":"2021-11-03T11:29:39-07:00","entry_id":161864,"field1":"9.375","field2":"6.0625"},{"created_at":"2021-11-03T11:39:15-07:00","entry_id":161865,"field1":"9.375","field2":"6"},{"created_at":"2021-11-03T11:48:51-07:00","entry_id":161866,"field1":"9.3125","field2":"6.3125"},{"created_at":"2021-11-03T11:58:28-07:00","entry_id":161867,"field1":"9.5","field2":"6.4375"},{"created_at":"2021-11-03T12:08:05-07:00","entry_id":161868,"field1":"9.75","field2":"6.6875"},{"created_at":"2021-11-03T12:17:42-07:00","entry_id":161869,"field1":"10","field2":"6.625"},{"created_at":"2021-11-03T12:27:20-07:00","entry_id":161870,"field1":"10.125","field2":"6.8125"},{"created_at":"2021-11-03T12:36:57-07:00","entry_id":161871,"field1":"9.9375","field2":"6.9375"},{"created_at":"2021-11-03T12:46:33-07:00","entry_id":161872,"field1":"9.8125","field2":"7.0625"},{"created_at":"2021-11-03T12:56:12-07:00","entry_id":161873,"field1":"9.75","field2":"7.1875"},{"created_at":"2021-11-03T13:05:48-07:00","entry_id":161874,"field1":"9.6875","field2":"7.25"},{"created_at":"2021-11-03T13:15:24-07:00","entry_id":161875,"field1":"9.6875","field2":"7.5"},{"created_at":"2021-11-03T13:25:02-07:00","entry_id":161876,"field1":"9.625","field2":"7.625"},{"created_at":"2021-11-03T13:34:40-07:00","entry_id":161877,"field1":"9.625","field2":"7.4375"},{"created_at":"2021-11-03T13:44:17-07:00","entry_id":161878,"field1":"9.625","field2":"7.5"},{"created_at":"2021-11-03T13:53:53-07:00","entry_id":161879,"field1":"9.625","field2":"7.375"},{"created_at":"2021-11-03T14:03:31-07:00","entry_id":161880,"field1":"9.625","field2":"7.4375"},{"created_at":"2021-11-03T14:13:08-07:00","entry_id":161881,"field1":"9.5625","field2":"7.375"},{"created_at":"2021-11-03T14:22:44-07:00","entry_id":161882,"field1":"9.8125","field2":"7.375"},{"created_at":"2021-11-03T14:32:21-07:00","entry_id":161883,"field1":"10.0625","field2":"7.6875"},{"created_at":"2021-11-03T14:42:00-07:00","entry_id":161884,"field1":"10.25","field2":"7.625"},{"created_at":"2021-11-03T14:51:38-07:00","entry_id":161885,"field1":"10.1875","field2":"7.75"},{"created_at":"2021-11-03T15:01:15-07:00","entry_id":161886,"field1":"10.0625","field2":"7.6875"},{"created_at":"2021-11-03T15:10:51-07:00","entry_id":161887,"field1":"9.9375","field2":"7.5"},{"created_at":"2021-11-03T15:20:30-07:00","entry_id":161888,"field1":"9.875","field2":"7.5"},{"created_at":"2021-11-03T15:30:05-07:00","entry_id":161889,"field1":"9.8125","field2":"7.5"},{"created_at":"2021-11-03T15:39:42-07:00","entry_id":161890,"field1":"9.8125","field2":"7.5"},{"created_at":"2021-11-03T15:49:19-07:00","entry_id":161891,"field1":"9.75","field2":"7.4375"},{"created_at":"2021-11-03T15:58:57-07:00","entry_id":161892,"field1":"9.75","field2":"7.375"},{"created_at":"2021-11-03T16:08:34-07:00","entry_id":161893,"field1":"9.6875","field2":"7.375"},{"created_at":"2021-11-03T16:18:11-07:00","entry_id":161894,"field1":"9.6875","field2":"7.375"},{"created_at":"2021-11-03T16:27:49-07:00","entry_id":161895,"field1":"9.6875","field2":"7.375"},{"created_at":"2021-11-03T16:37:25-07:00","entry_id":161896,"field1":"9.625","field2":"7.375"},{"created_at":"2021-11-03T16:47:02-07:00","entry_id":161897,"field1":"9.625","field2":"7.3125"},{"created_at":"2021-11-03T16:56:38-07:00","entry_id":161898,"field1":"9.625","field2":"7.1875"},{"created_at":"2021-11-03T17:06:15-07:00","entry_id":161899,"field1":"9.625","field2":"7.125"},{"created_at":"2021-11-03T17:15:52-07:00","entry_id":161900,"field1":"9.9375","field2":"6.9375"},{"created_at":"2021-11-03T17:25:31-07:00","entry_id":161901,"field1":"10.125","field2":"6.9375"},{"created_at":"2021-11-03T17:35:07-07:00","entry_id":161902,"field1":"10.125","field2":"6.875"},{"created_at":"2021-11-03T17:44:45-07:00","entry_id":161903,"field1":"10","field2":"6.875"},{"created_at":"2021-11-03T17:54:22-07:00","entry_id":161904,"field1":"9.875","field2":"6.75"},{"created_at":"2021-11-03T18:04:00-07:00","entry_id":161905,"field1":"9.8125","field2":"6.75"},{"created_at":"2021-11-03T18:13:35-07:00","entry_id":161906,"field1":"9.75","field2":"6.6875"},{"created_at":"2021-11-03T18:23:13-07:00","entry_id":161907,"field1":"9.75","field2":"6.6875"},{"created_at":"2021-11-03T18:32:49-07:00","entry_id":161908,"field1":"9.6875","field2":"6.6875"},{"created_at":"2021-11-03T18:42:28-07:00","entry_id":161909,"field1":"9.6875","field2":"6.625"},{"created_at":"2021-11-03T18:52:03-07:00","entry_id":161910,"field1":"9.625","field2":"6.625"},{"created_at":"2021-11-03T19:01:42-07:00","entry_id":161911,"field1":"9.625","field2":"6.5625"},{"created_at":"2021-11-03T19:11:19-07:00","entry_id":161912,"field1":"9.5625","field2":"6.5625"},{"created_at":"2021-11-03T19:20:54-07:00","entry_id":161913,"field1":"9.5625","field2":"6.5"},{"created_at":"2021-11-03T19:30:31-07:00","entry_id":161914,"field1":"9.5625","field2":"6.5"},{"created_at":"2021-11-03T19:40:08-07:00","entry_id":161915,"field1":"9.5","field2":"6.5"},{"created_at":"2021-11-03T19:49:46-07:00","entry_id":161916,"field1":"9.5","field2":"6.5"},{"created_at":"2021-11-03T19:59:22-07:00","entry_id":161917,"field1":"9.6875","field2":"6.4375"},{"created_at":"2021-11-03T20:09:00-07:00","entry_id":161918,"field1":"9.9375","field2":"6.375"},{"created_at":"2021-11-03T20:18:36-07:00","entry_id":161919,"field1":"10.125","field2":"6.375"},{"created_at":"2021-11-03T20:28:13-07:00","entry_id":161920,"field1":"10","field2":"6.375"},{"created_at":"2021-11-03T20:37:50-07:00","entry_id":161921,"field1":"9.875","field2":"6.3125"},{"created_at":"2021-11-03T20:47:26-07:00","entry_id":161922,"field1":"9.75","field2":"6.25"},{"created_at":"2021-11-03T20:57:03-07:00","entry_id":161923,"field1":"9.6875","field2":"6.1875"},{"created_at":"2021-11-03T21:06:40-07:00","entry_id":161924,"field1":"9.625","field2":"6.125"},{"created_at":"2021-11-03T21:16:16-07:00","entry_id":161925,"field1":"9.625","field2":"6.125"},{"created_at":"2021-11-03T21:25:53-07:00","entry_id":161926,"field1":"9.5625","field2":"6.0625"},{"created_at":"2021-11-03T21:35:30-07:00","entry_id":161927,"field1":"9.5625","field2":"6.0625"},{"created_at":"2021-11-03T21:45:07-07:00","entry_id":161928,"field1":"9.5","field2":"6.0625"},{"created_at":"2021-11-03T21:54:45-07:00","entry_id":161929,"field1":"9.5","field2":"6.0625"},{"created_at":"2021-11-03T22:04:20-07:00","entry_id":161930,"field1":"9.4375","field2":"5.9375"},{"created_at":"2021-11-03T22:13:58-07:00","entry_id":161931,"field1":"9.4375","field2":"5.8125"},{"created_at":"2021-11-03T22:23:34-07:00","entry_id":161932,"field1":"9.375","field2":"5.75"},{"created_at":"2021-11-03T22:33:12-07:00","entry_id":161933,"field1":"9.375","field2":"5.625"},{"created_at":"2021-11-03T22:42:50-07:00","entry_id":161934,"field1":"9.5","field2":"5.5625"},{"created_at":"2021-11-03T22:52:27-07:00","entry_id":161935,"field1":"9.75","field2":"5.625"},{"created_at":"2021-11-03T23:02:03-07:00","entry_id":161936,"field1":"9.9375","field2":"5.625"},{"created_at":"2021-11-03T23:11:42-07:00","entry_id":161937,"field1":"9.9375","field2":"5.5625"},{"created_at":"2021-11-03T23:21:19-07:00","entry_id":161938,"field1":"9.75","field2":"5.625"},{"created_at":"2021-11-03T23:30:56-07:00","entry_id":161939,"field1":"9.6875","field2":"5.6875"},{"created_at":"2021-11-03T23:40:32-07:00","entry_id":161940,"field1":"9.625","field2":"5.6875"},{"created_at":"2021-11-03T23:50:09-07:00","entry_id":161941,"field1":"9.5625","field2":"5.6875"},{"created_at":"2021-11-03T23:59:47-07:00","entry_id":161942,"field1":"9.5","field2":"5.6875"}]}