{"channel":{"id":581842,"name":"Upstairs Small Window Indoor / Outdoor Sensor","latitude":"0.0","longitude":"0.0","field1":"Indoor Temperature","field2":"Outdoor Temperature","created_at":"2018-09-23T15:37:52-07:00","updated_at":"2020-07-27T05:59:41-07:00","last_entry_id":150128},"feeds":[{"created_at":"2019-02-14T00:02:04-08:00","entry_id":19862,"field1":"-7.75","field2":"-10.625"},{"created_at":"2019-02-14T00:11:41-08:00","entry_id":19863,"field1":"-7.75","field2":"-10.5625"},{"created_at":"2019-02-14T00:21:17-08:00","entry_id":19864,"field1":"-7.75","field2":"-10.375"},{"created_at":"2019-02-14T00:30:52-08:00","entry_id":19865,"field1":"-7.8125","field2":"-10.3125"},{"created_at":"2019-02-14T00:40:30-08:00","entry_id":19866,"field1":"-7.75","field2":"-10.1875"},{"created_at":"2019-02-14T00:50:07-08:00","entry_id":19867,"field1":"-7.8125","field2":"-10.1875"},{"created_at":"2019-02-14T00:59:43-08:00","entry_id":19868,"field1":"-7.8125","field2":"-10.125"},{"created_at":"2019-02-14T01:09:20-08:00","entry_id":19869,"field1":"-7.8125","field2":"-10.1875"},{"created_at":"2019-02-14T01:18:56-08:00","entry_id":19870,"field1":"-7.8125","field2":"-10"},{"created_at":"2019-02-14T01:28:32-08:00","entry_id":19871,"field1":"-7.8125","field2":"-10.0625"},{"created_at":"2019-02-14T01:38:12-08:00","entry_id":19872,"field1":"-7.8125","field2":"-10"},{"created_at":"2019-02-14T01:47:48-08:00","entry_id":19873,"field1":"-7.8125","field2":"-9.875"},{"created_at":"2019-02-14T01:57:24-08:00","entry_id":19874,"field1":"-7.875","field2":"-9.8125"},{"created_at":"2019-02-14T02:07:00-08:00","entry_id":19875,"field1":"-7.875","field2":"-9.75"},{"created_at":"2019-02-14T02:16:36-08:00","entry_id":19876,"field1":"-7.875","field2":"-9.9375"},{"created_at":"2019-02-14T02:26:16-08:00","entry_id":19877,"field1":"-7.875","field2":"-10.25"},{"created_at":"2019-02-14T02:35:51-08:00","entry_id":19878,"field1":"-7.875","field2":"-10.1875"},{"created_at":"2019-02-14T02:45:27-08:00","entry_id":19879,"field1":"-7.875","field2":"-10.0625"},{"created_at":"2019-02-14T02:55:03-08:00","entry_id":19880,"field1":"-7.875","field2":"-10"},{"created_at":"2019-02-14T03:04:40-08:00","entry_id":19881,"field1":"-7.875","field2":"-9.9375"},{"created_at":"2019-02-14T03:14:20-08:00","entry_id":19882,"field1":"-7.9375","field2":"-10"},{"created_at":"2019-02-14T03:23:55-08:00","entry_id":19883,"field1":"-7.9375","field2":"-10.0625"},{"created_at":"2019-02-14T03:33:31-08:00","entry_id":19884,"field1":"-7.875","field2":"-10.125"},{"created_at":"2019-02-14T03:43:08-08:00","entry_id":19885,"field1":"-7.9375","field2":"-10.25"},{"created_at":"2019-02-14T03:52:44-08:00","entry_id":19886,"field1":"-7.9375","field2":"-10.125"},{"created_at":"2019-02-14T04:02:20-08:00","entry_id":19887,"field1":"-7.9375","field2":"-10.375"},{"created_at":"2019-02-14T04:11:56-08:00","entry_id":19888,"field1":"-7.9375","field2":"-10.4375"},{"created_at":"2019-02-14T04:21:32-08:00","entry_id":19889,"field1":"-7.9375","field2":"-10.3125"},{"created_at":"2019-02-14T04:31:08-08:00","entry_id":19890,"field1":"-7.9375","field2":"-10.375"},{"created_at":"2019-02-14T04:41:06-08:00","entry_id":19891,"field1":"-7.9375","field2":"-10.375"},{"created_at":"2019-02-14T04:50:35-08:00","entry_id":19892,"field1":"-8","field2":"-10.375"},{"created_at":"2019-02-14T05:00:11-08:00","entry_id":19893,"field1":"-8","field2":"-10.125"},{"created_at":"2019-02-14T05:09:47-08:00","entry_id":19894,"field1":"-8","field2":"-10.4375"},{"created_at":"2019-02-14T05:19:23-08:00","entry_id":19895,"field1":"-8","field2":"-10.6875"},{"created_at":"2019-02-14T05:29:03-08:00","entry_id":19896,"field1":"-8","field2":"-10.625"},{"created_at":"2019-02-14T05:38:38-08:00","entry_id":19897,"field1":"-8","field2":"-10.25"},{"created_at":"2019-02-14T05:48:14-08:00","entry_id":19898,"field1":"-8","field2":"-10.6875"},{"created_at":"2019-02-14T05:57:50-08:00","entry_id":19899,"field1":"-8","field2":"-10.8125"},{"created_at":"2019-02-14T06:07:27-08:00","entry_id":19900,"field1":"-8.0625","field2":"-10.5"},{"created_at":"2019-02-14T06:17:03-08:00","entry_id":19901,"field1":"-8.0625","field2":"-10.5"},{"created_at":"2019-02-14T06:26:39-08:00","entry_id":19902,"field1":"-8.0625","field2":"-10.625"},{"created_at":"2019-02-14T06:36:19-08:00","entry_id":19903,"field1":"-8.0625","field2":"-10.75"},{"created_at":"2019-02-14T06:45:53-08:00","entry_id":19904,"field1":"-8.0625","field2":"-10.5625"},{"created_at":"2019-02-14T06:55:33-08:00","entry_id":19905,"field1":"-8.0625","field2":"-10.9375"},{"created_at":"2019-02-14T07:05:08-08:00","entry_id":19906,"field1":"-8.0625","field2":"-10.625"},{"created_at":"2019-02-14T07:14:45-08:00","entry_id":19907,"field1":"-8.0625","field2":"-10.8125"},{"created_at":"2019-02-14T07:24:21-08:00","entry_id":19908,"field1":"-8.125","field2":"-11.125"},{"created_at":"2019-02-14T07:33:58-08:00","entry_id":19909,"field1":"-8.125","field2":"-10.8125"},{"created_at":"2019-02-14T07:43:34-08:00","entry_id":19910,"field1":"-8.125","field2":"-10.6875"},{"created_at":"2019-02-14T07:53:11-08:00","entry_id":19911,"field1":"-8.125","field2":"-10.5"},{"created_at":"2019-02-14T08:02:47-08:00","entry_id":19912,"field1":"-8.125","field2":"-10.6875"},{"created_at":"2019-02-14T08:12:23-08:00","entry_id":19913,"field1":"-8.125","field2":"-10.625"},{"created_at":"2019-02-14T08:22:03-08:00","entry_id":19914,"field1":"-8.125","field2":"-10.5"},{"created_at":"2019-02-14T08:31:38-08:00","entry_id":19915,"field1":"-8.125","field2":"-10.3125"},{"created_at":"2019-02-14T08:41:15-08:00","entry_id":19916,"field1":"-8.125","field2":"-10.5"},{"created_at":"2019-02-14T08:50:50-08:00","entry_id":19917,"field1":"-8.0625","field2":"-10.25"},{"created_at":"2019-02-14T09:00:27-08:00","entry_id":19918,"field1":"-8.0625","field2":"-9.875"},{"created_at":"2019-02-14T09:10:04-08:00","entry_id":19919,"field1":"-8.0625","field2":"-9.4375"},{"created_at":"2019-02-14T09:19:40-08:00","entry_id":19920,"field1":"-8","field2":"-9.1875"},{"created_at":"2019-02-14T09:29:16-08:00","entry_id":19921,"field1":"-7.9375","field2":"-8.8125"},{"created_at":"2019-02-14T09:38:52-08:00","entry_id":19922,"field1":"-7.9375","field2":"-8.5625"},{"created_at":"2019-02-14T09:48:29-08:00","entry_id":19923,"field1":"-7.875","field2":"-8.625"},{"created_at":"2019-02-14T09:58:05-08:00","entry_id":19924,"field1":"-7.875","field2":"-8.5"},{"created_at":"2019-02-14T10:07:41-08:00","entry_id":19925,"field1":"-7.8125","field2":"-8.375"},{"created_at":"2019-02-14T10:17:18-08:00","entry_id":19926,"field1":"-7.8125","field2":"-8.25"},{"created_at":"2019-02-14T10:26:54-08:00","entry_id":19927,"field1":"-7.75","field2":"-8.125"},{"created_at":"2019-02-14T10:36:32-08:00","entry_id":19928,"field1":"-7.6875","field2":"-8"},{"created_at":"2019-02-14T10:46:09-08:00","entry_id":19929,"field1":"-7.625","field2":"-7.75"},{"created_at":"2019-02-14T10:55:44-08:00","entry_id":19930,"field1":"-7.5625","field2":"-7.375"},{"created_at":"2019-02-14T11:05:21-08:00","entry_id":19931,"field1":"-7.5625","field2":"-7.625"},{"created_at":"2019-02-14T11:15:42-08:00","entry_id":19932,"field1":"-7.4375","field2":"-7.625"},{"created_at":"2019-02-14T11:25:12-08:00","entry_id":19933,"field1":"-7.375","field2":"-7.3125"},{"created_at":"2019-02-14T11:34:53-08:00","entry_id":19934,"field1":"-7.3125","field2":"-7.3125"},{"created_at":"2019-02-14T11:44:27-08:00","entry_id":19935,"field1":"-7.25","field2":"-7.0625"},{"created_at":"2019-02-14T11:54:04-08:00","entry_id":19936,"field1":"-7.25","field2":"-7"},{"created_at":"2019-02-14T12:03:41-08:00","entry_id":19937,"field1":"-7.1875","field2":"-6.8125"},{"created_at":"2019-02-14T12:13:16-08:00","entry_id":19938,"field1":"-7.1875","field2":"-7"},{"created_at":"2019-02-14T12:22:52-08:00","entry_id":19939,"field1":"-7.1875","field2":"-6.625"},{"created_at":"2019-02-14T12:32:28-08:00","entry_id":19940,"field1":"-7.1875","field2":"-6.4375"},{"created_at":"2019-02-14T12:42:04-08:00","entry_id":19941,"field1":"-7.125","field2":"-6.3125"},{"created_at":"2019-02-14T12:51:45-08:00","entry_id":19942,"field1":"-7.125","field2":"-5.875"},{"created_at":"2019-02-14T13:01:20-08:00","entry_id":19943,"field1":"-7.125","field2":"-6"},{"created_at":"2019-02-14T13:10:56-08:00","entry_id":19944,"field1":"-7.0625","field2":"-6.0625"},{"created_at":"2019-02-14T13:20:32-08:00","entry_id":19945,"field1":"-7.0625","field2":"-5.875"},{"created_at":"2019-02-14T13:30:08-08:00","entry_id":19946,"field1":"-7.0625","field2":"-5.5625"},{"created_at":"2019-02-14T13:39:45-08:00","entry_id":19947,"field1":"-7","field2":"-5.4375"},{"created_at":"2019-02-14T13:49:21-08:00","entry_id":19948,"field1":"-6.9375","field2":"-5.4375"},{"created_at":"2019-02-14T13:58:57-08:00","entry_id":19949,"field1":"-6.9375","field2":"-5.3125"},{"created_at":"2019-02-14T14:08:34-08:00","entry_id":19950,"field1":"-6.9375","field2":"-5.1875"},{"created_at":"2019-02-14T14:18:11-08:00","entry_id":19951,"field1":"-6.875","field2":"-5.1875"},{"created_at":"2019-02-14T14:27:47-08:00","entry_id":19952,"field1":"-6.875","field2":"-5.3125"},{"created_at":"2019-02-14T14:37:27-08:00","entry_id":19953,"field1":"-6.875","field2":"-5.25"},{"created_at":"2019-02-14T14:47:02-08:00","entry_id":19954,"field1":"-6.875","field2":"-5.1875"},{"created_at":"2019-02-14T14:56:38-08:00","entry_id":19955,"field1":"-6.8125","field2":"-5.0625"},{"created_at":"2019-02-14T15:06:14-08:00","entry_id":19956,"field1":"-6.8125","field2":"-4.9375"},{"created_at":"2019-02-14T15:15:50-08:00","entry_id":19957,"field1":"-6.8125","field2":"-4.8125"},{"created_at":"2019-02-14T15:25:27-08:00","entry_id":19958,"field1":"-6.8125","field2":"-4.9375"},{"created_at":"2019-02-14T15:35:04-08:00","entry_id":19959,"field1":"-6.8125","field2":"-5"},{"created_at":"2019-02-14T15:44:40-08:00","entry_id":19960,"field1":"-6.8125","field2":"-5.0625"},{"created_at":"2019-02-14T15:54:16-08:00","entry_id":19961,"field1":"-6.75","field2":"-5.3125"},{"created_at":"2019-02-14T16:03:52-08:00","entry_id":19962,"field1":"-6.8125","field2":"-5.25"},{"created_at":"2019-02-14T16:13:28-08:00","entry_id":19963,"field1":"-6.8125","field2":"-5.3125"},{"created_at":"2019-02-14T16:23:05-08:00","entry_id":19964,"field1":"-6.8125","field2":"-5.375"},{"created_at":"2019-02-14T16:32:41-08:00","entry_id":19965,"field1":"-6.8125","field2":"-5.4375"},{"created_at":"2019-02-14T16:42:17-08:00","entry_id":19966,"field1":"-6.75","field2":"-5.4375"},{"created_at":"2019-02-14T16:51:55-08:00","entry_id":19967,"field1":"-6.8125","field2":"-5.625"},{"created_at":"2019-02-14T17:01:31-08:00","entry_id":19968,"field1":"-6.75","field2":"-5.6875"},{"created_at":"2019-02-14T17:11:11-08:00","entry_id":19969,"field1":"-6.8125","field2":"-5.75"},{"created_at":"2019-02-14T17:20:47-08:00","entry_id":19970,"field1":"-6.75","field2":"-5.875"},{"created_at":"2019-02-14T17:30:23-08:00","entry_id":19971,"field1":"-6.75","field2":"-5.9375"},{"created_at":"2019-02-14T17:39:59-08:00","entry_id":19972,"field1":"-6.75","field2":"-6"},{"created_at":"2019-02-14T17:49:35-08:00","entry_id":19973,"field1":"-6.75","field2":"-6"},{"created_at":"2019-02-14T17:59:11-08:00","entry_id":19974,"field1":"-6.75","field2":"-6.125"},{"created_at":"2019-02-14T18:08:48-08:00","entry_id":19975,"field1":"-6.75","field2":"-6.0625"},{"created_at":"2019-02-14T18:18:24-08:00","entry_id":19976,"field1":"-6.75","field2":"-6.1875"},{"created_at":"2019-02-14T18:28:01-08:00","entry_id":19977,"field1":"-6.75","field2":"-6.5"},{"created_at":"2019-02-14T18:37:38-08:00","entry_id":19978,"field1":"-6.8125","field2":"-6.375"},{"created_at":"2019-02-14T18:47:14-08:00","entry_id":19979,"field1":"-6.75","field2":"-6.3125"},{"created_at":"2019-02-14T18:56:50-08:00","entry_id":19980,"field1":"-6.75","field2":"-6.25"},{"created_at":"2019-02-14T19:06:31-08:00","entry_id":19981,"field1":"-6.75","field2":"-6.25"},{"created_at":"2019-02-14T19:16:05-08:00","entry_id":19982,"field1":"-6.75","field2":"-6.125"},{"created_at":"2019-02-14T19:25:41-08:00","entry_id":19983,"field1":"-6.75","field2":"-6.0625"},{"created_at":"2019-02-14T19:35:18-08:00","entry_id":19984,"field1":"-6.75","field2":"-6.1875"},{"created_at":"2019-02-14T19:44:54-08:00","entry_id":19985,"field1":"-6.75","field2":"-6.1875"},{"created_at":"2019-02-14T19:54:30-08:00","entry_id":19986,"field1":"-6.75","field2":"-6.25"},{"created_at":"2019-02-14T20:04:06-08:00","entry_id":19987,"field1":"-6.75","field2":"-6.25"},{"created_at":"2019-02-14T20:13:46-08:00","entry_id":19988,"field1":"-6.75","field2":"-6.5625"},{"created_at":"2019-02-14T20:23:20-08:00","entry_id":19989,"field1":"-6.75","field2":"-6.5"},{"created_at":"2019-02-14T20:32:57-08:00","entry_id":19990,"field1":"-6.75","field2":"-6.75"},{"created_at":"2019-02-14T20:42:32-08:00","entry_id":19991,"field1":"-6.75","field2":"-6.8125"},{"created_at":"2019-02-14T20:52:08-08:00","entry_id":19992,"field1":"-6.75","field2":"-6.6875"},{"created_at":"2019-02-14T21:02:13-08:00","entry_id":19993,"field1":"-6.75","field2":"-6.5625"},{"created_at":"2019-02-14T21:12:01-08:00","entry_id":19994,"field1":"-6.75","field2":"-6.6875"},{"created_at":"2019-02-14T21:21:37-08:00","entry_id":19995,"field1":"-6.75","field2":"-6.625"},{"created_at":"2019-02-14T21:31:15-08:00","entry_id":19996,"field1":"-6.75","field2":"-6.5625"},{"created_at":"2019-02-14T21:40:51-08:00","entry_id":19997,"field1":"-6.75","field2":"-6.6875"},{"created_at":"2019-02-14T21:50:27-08:00","entry_id":19998,"field1":"-6.75","field2":"-6.625"},{"created_at":"2019-02-14T22:00:03-08:00","entry_id":19999,"field1":"-6.75","field2":"-6.5625"},{"created_at":"2019-02-14T22:09:39-08:00","entry_id":20000,"field1":"-6.75","field2":"-6.5"},{"created_at":"2019-02-14T22:19:20-08:00","entry_id":20001,"field1":"-6.75","field2":"-6.5"},{"created_at":"2019-02-14T22:28:55-08:00","entry_id":20002,"field1":"-6.75","field2":"-6.5"},{"created_at":"2019-02-14T22:38:31-08:00","entry_id":20003,"field1":"-6.75","field2":"-6.375"},{"created_at":"2019-02-14T22:48:07-08:00","entry_id":20004,"field1":"-6.75","field2":"-6.4375"},{"created_at":"2019-02-14T22:57:43-08:00","entry_id":20005,"field1":"-6.6875","field2":"-6.5625"},{"created_at":"2019-02-14T23:07:19-08:00","entry_id":20006,"field1":"-6.6875","field2":"-6.5625"},{"created_at":"2019-02-14T23:16:55-08:00","entry_id":20007,"field1":"-6.6875","field2":"-6.5625"},{"created_at":"2019-02-14T23:26:32-08:00","entry_id":20008,"field1":"-6.6875","field2":"-6.625"},{"created_at":"2019-02-14T23:36:08-08:00","entry_id":20009,"field1":"-6.6875","field2":"-6.5625"},{"created_at":"2019-02-14T23:45:48-08:00","entry_id":20010,"field1":"-6.75","field2":"-6.6875"},{"created_at":"2019-02-14T23:55:22-08:00","entry_id":20011,"field1":"-6.6875","field2":"-6.75"}]}