{"channel":{"id":581842,"name":"Upstairs Small Window Indoor / Outdoor Sensor","latitude":"0.0","longitude":"0.0","field1":"Indoor Temperature","field2":"Outdoor Temperature","created_at":"2018-09-23T15:37:52-07:00","updated_at":"2020-07-27T05:59:41-07:00","last_entry_id":386147},"feeds":[{"created_at":"2025-12-20T00:07:50-08:00","entry_id":385866,"field1":"2.125","field2":"0.4375"},{"created_at":"2025-12-20T00:17:27-08:00","entry_id":385867,"field1":"2.125","field2":"0.4375"},{"created_at":"2025-12-20T00:27:03-08:00","entry_id":385868,"field1":"2.125","field2":"0.3125"},{"created_at":"2025-12-20T00:36:41-08:00","entry_id":385869,"field1":"2.125","field2":"0.3125"},{"created_at":"2025-12-20T00:46:18-08:00","entry_id":385870,"field1":"2.125","field2":"0.3125"},{"created_at":"2025-12-20T00:55:55-08:00","entry_id":385871,"field1":"2.0625","field2":"0.3125"},{"created_at":"2025-12-20T01:05:32-08:00","entry_id":385872,"field1":"2.0625","field2":"0.3125"},{"created_at":"2025-12-20T01:15:09-08:00","entry_id":385873,"field1":"2.0625","field2":"0.3125"},{"created_at":"2025-12-20T01:24:45-08:00","entry_id":385874,"field1":"2.0625","field2":"0.25"},{"created_at":"2025-12-20T01:34:21-08:00","entry_id":385875,"field1":"2.0625","field2":"0.1875"},{"created_at":"2025-12-20T01:43:58-08:00","entry_id":385876,"field1":"2.0625","field2":"0.1875"},{"created_at":"2025-12-20T01:53:36-08:00","entry_id":385877,"field1":"2.0625","field2":"0.125"},{"created_at":"2025-12-20T02:03:12-08:00","entry_id":385878,"field1":"2.0625","field2":"0.125"},{"created_at":"2025-12-20T02:12:47-08:00","entry_id":385879,"field1":"2.0625","field2":"0.1875"},{"created_at":"2025-12-20T02:22:25-08:00","entry_id":385880,"field1":"2","field2":"0.125"},{"created_at":"2025-12-20T02:32:02-08:00","entry_id":385881,"field1":"2","field2":"0"},{"created_at":"2025-12-20T02:41:38-08:00","entry_id":385882,"field1":"2","field2":"0.0625"},{"created_at":"2025-12-20T02:51:14-08:00","entry_id":385883,"field1":"2","field2":"0.125"},{"created_at":"2025-12-20T03:00:52-08:00","entry_id":385884,"field1":"2","field2":"0.125"},{"created_at":"2025-12-20T03:10:27-08:00","entry_id":385885,"field1":"2","field2":"0.125"},{"created_at":"2025-12-20T03:20:04-08:00","entry_id":385886,"field1":"2","field2":"0.125"},{"created_at":"2025-12-20T03:29:41-08:00","entry_id":385887,"field1":"1.9375","field2":"0.125"},{"created_at":"2025-12-20T03:39:17-08:00","entry_id":385888,"field1":"1.9375","field2":"0.125"},{"created_at":"2025-12-20T03:48:54-08:00","entry_id":385889,"field1":"1.9375","field2":"0.0625"},{"created_at":"2025-12-20T03:58:30-08:00","entry_id":385890,"field1":"1.9375","field2":"0.0625"},{"created_at":"2025-12-20T04:08:07-08:00","entry_id":385891,"field1":"1.9375","field2":"0.0625"},{"created_at":"2025-12-20T04:17:44-08:00","entry_id":385892,"field1":"1.9375","field2":"0"},{"created_at":"2025-12-20T04:27:20-08:00","entry_id":385893,"field1":"1.9375","field2":"0"},{"created_at":"2025-12-20T04:36:56-08:00","entry_id":385894,"field1":"1.9375","field2":"0.125"},{"created_at":"2025-12-20T04:46:34-08:00","entry_id":385895,"field1":"1.9375","field2":"0.125"},{"created_at":"2025-12-20T04:56:12-08:00","entry_id":385896,"field1":"1.9375","field2":"0.125"},{"created_at":"2025-12-20T05:05:47-08:00","entry_id":385897,"field1":"1.875","field2":"0.25"},{"created_at":"2025-12-20T05:15:24-08:00","entry_id":385898,"field1":"1.875","field2":"0.25"},{"created_at":"2025-12-20T05:25:00-08:00","entry_id":385899,"field1":"1.875","field2":"0.3125"},{"created_at":"2025-12-20T05:34:38-08:00","entry_id":385900,"field1":"1.875","field2":"0.3125"},{"created_at":"2025-12-20T05:44:13-08:00","entry_id":385901,"field1":"1.875","field2":"0.25"},{"created_at":"2025-12-20T05:53:50-08:00","entry_id":385902,"field1":"1.875","field2":"0.3125"},{"created_at":"2025-12-20T06:03:28-08:00","entry_id":385903,"field1":"1.875","field2":"0.375"},{"created_at":"2025-12-20T06:13:03-08:00","entry_id":385904,"field1":"1.875","field2":"0.3125"},{"created_at":"2025-12-20T06:22:42-08:00","entry_id":385905,"field1":"1.875","field2":"0.3125"},{"created_at":"2025-12-20T06:32:19-08:00","entry_id":385906,"field1":"1.8125","field2":"0.25"},{"created_at":"2025-12-20T06:41:56-08:00","entry_id":385907,"field1":"1.8125","field2":"0.25"},{"created_at":"2025-12-20T06:51:32-08:00","entry_id":385908,"field1":"1.8125","field2":"0.1875"},{"created_at":"2025-12-20T07:01:10-08:00","entry_id":385909,"field1":"1.8125","field2":"0.3125"},{"created_at":"2025-12-20T07:10:47-08:00","entry_id":385910,"field1":"1.8125","field2":"0.3125"},{"created_at":"2025-12-20T07:20:24-08:00","entry_id":385911,"field1":"1.8125","field2":"0.25"},{"created_at":"2025-12-20T07:29:59-08:00","entry_id":385912,"field1":"1.8125","field2":"0.3125"},{"created_at":"2025-12-20T07:39:38-08:00","entry_id":385913,"field1":"1.8125","field2":"0.3125"},{"created_at":"2025-12-20T07:49:15-08:00","entry_id":385914,"field1":"1.8125","field2":"0.25"},{"created_at":"2025-12-20T07:58:50-08:00","entry_id":385915,"field1":"1.8125","field2":"0.25"},{"created_at":"2025-12-20T08:08:26-08:00","entry_id":385916,"field1":"1.75","field2":"0.25"},{"created_at":"2025-12-20T08:18:04-08:00","entry_id":385917,"field1":"1.75","field2":"0.25"},{"created_at":"2025-12-20T08:27:40-08:00","entry_id":385918,"field1":"1.75","field2":"0.3125"},{"created_at":"2025-12-20T08:37:16-08:00","entry_id":385919,"field1":"1.75","field2":"0.3125"},{"created_at":"2025-12-20T08:46:53-08:00","entry_id":385920,"field1":"1.75","field2":"0.3125"},{"created_at":"2025-12-20T08:56:31-08:00","entry_id":385921,"field1":"1.75","field2":"0.3125"},{"created_at":"2025-12-20T09:06:08-08:00","entry_id":385922,"field1":"1.75","field2":"0.375"},{"created_at":"2025-12-20T09:15:45-08:00","entry_id":385923,"field1":"1.75","field2":"0.5"},{"created_at":"2025-12-20T09:25:21-08:00","entry_id":385924,"field1":"1.75","field2":"0.625"},{"created_at":"2025-12-20T09:34:59-08:00","entry_id":385925,"field1":"1.75","field2":"0.75"},{"created_at":"2025-12-20T09:44:37-08:00","entry_id":385926,"field1":"1.75","field2":"0.875"},{"created_at":"2025-12-20T09:54:14-08:00","entry_id":385927,"field1":"1.75","field2":"0.9375"},{"created_at":"2025-12-20T10:03:50-08:00","entry_id":385928,"field1":"1.75","field2":"1.125"},{"created_at":"2025-12-20T10:13:26-08:00","entry_id":385929,"field1":"1.75","field2":"1"},{"created_at":"2025-12-20T10:23:02-08:00","entry_id":385930,"field1":"1.75","field2":"1.1875"},{"created_at":"2025-12-20T10:32:40-08:00","entry_id":385931,"field1":"1.75","field2":"1.375"},{"created_at":"2025-12-20T10:42:17-08:00","entry_id":385932,"field1":"1.75","field2":"1.375"},{"created_at":"2025-12-20T10:51:53-08:00","entry_id":385933,"field1":"1.75","field2":"1.5"},{"created_at":"2025-12-20T11:01:29-08:00","entry_id":385934,"field1":"1.75","field2":"1.4375"},{"created_at":"2025-12-20T11:11:07-08:00","entry_id":385935,"field1":"1.8125","field2":"1.375"},{"created_at":"2025-12-20T11:20:44-08:00","entry_id":385936,"field1":"1.75","field2":"1.5"},{"created_at":"2025-12-20T11:30:20-08:00","entry_id":385937,"field1":"1.8125","field2":"1.5625"},{"created_at":"2025-12-20T11:39:58-08:00","entry_id":385938,"field1":"1.8125","field2":"1.6875"},{"created_at":"2025-12-20T11:49:35-08:00","entry_id":385939,"field1":"1.8125","field2":"1.75"},{"created_at":"2025-12-20T11:59:13-08:00","entry_id":385940,"field1":"1.8125","field2":"1.625"},{"created_at":"2025-12-20T12:08:48-08:00","entry_id":385941,"field1":"1.8125","field2":"1.625"},{"created_at":"2025-12-20T12:18:25-08:00","entry_id":385942,"field1":"1.8125","field2":"1.6875"},{"created_at":"2025-12-20T12:28:01-08:00","entry_id":385943,"field1":"1.8125","field2":"1.75"},{"created_at":"2025-12-20T12:37:37-08:00","entry_id":385944,"field1":"1.8125","field2":"1.8125"},{"created_at":"2025-12-20T12:47:15-08:00","entry_id":385945,"field1":"1.875","field2":"1.875"},{"created_at":"2025-12-20T12:56:50-08:00","entry_id":385946,"field1":"1.875","field2":"1.6875"},{"created_at":"2025-12-20T13:06:27-08:00","entry_id":385947,"field1":"1.875","field2":"1.8125"},{"created_at":"2025-12-20T13:16:03-08:00","entry_id":385948,"field1":"1.875","field2":"1.9375"},{"created_at":"2025-12-20T13:25:41-08:00","entry_id":385949,"field1":"1.875","field2":"1.875"},{"created_at":"2025-12-20T13:35:17-08:00","entry_id":385950,"field1":"1.875","field2":"1.875"},{"created_at":"2025-12-20T13:44:54-08:00","entry_id":385951,"field1":"1.875","field2":"1.6875"},{"created_at":"2025-12-20T13:54:31-08:00","entry_id":385952,"field1":"1.9375","field2":"1.8125"},{"created_at":"2025-12-20T14:04:09-08:00","entry_id":385953,"field1":"1.9375","field2":"1.8125"},{"created_at":"2025-12-20T14:13:45-08:00","entry_id":385954,"field1":"1.9375","field2":"1.875"},{"created_at":"2025-12-20T14:23:21-08:00","entry_id":385955,"field1":"1.9375","field2":"1.875"},{"created_at":"2025-12-20T14:32:58-08:00","entry_id":385956,"field1":"1.9375","field2":"1.9375"},{"created_at":"2025-12-20T14:42:35-08:00","entry_id":385957,"field1":"1.9375","field2":"1.9375"},{"created_at":"2025-12-20T14:52:13-08:00","entry_id":385958,"field1":"1.9375","field2":"1.9375"},{"created_at":"2025-12-20T15:01:50-08:00","entry_id":385959,"field1":"1.9375","field2":"1.875"},{"created_at":"2025-12-20T15:11:27-08:00","entry_id":385960,"field1":"1.9375","field2":"1.8125"},{"created_at":"2025-12-20T15:21:05-08:00","entry_id":385961,"field1":"1.9375","field2":"1.6875"},{"created_at":"2025-12-20T15:30:42-08:00","entry_id":385962,"field1":"1.9375","field2":"1.5625"},{"created_at":"2025-12-20T15:40:19-08:00","entry_id":385963,"field1":"1.9375","field2":"1.375"},{"created_at":"2025-12-20T15:49:56-08:00","entry_id":385964,"field1":"2","field2":"1.25"},{"created_at":"2025-12-20T15:59:32-08:00","entry_id":385965,"field1":"2","field2":"1.1875"},{"created_at":"2025-12-20T16:09:09-08:00","entry_id":385966,"field1":"1.9375","field2":"1.125"},{"created_at":"2025-12-20T16:18:45-08:00","entry_id":385967,"field1":"1.9375","field2":"1.0625"},{"created_at":"2025-12-20T16:28:24-08:00","entry_id":385968,"field1":"2","field2":"0.9375"},{"created_at":"2025-12-20T16:37:59-08:00","entry_id":385969,"field1":"1.9375","field2":"0.9375"},{"created_at":"2025-12-20T16:47:35-08:00","entry_id":385970,"field1":"1.9375","field2":"0.875"},{"created_at":"2025-12-20T16:57:13-08:00","entry_id":385971,"field1":"1.9375","field2":"0.875"},{"created_at":"2025-12-20T17:06:49-08:00","entry_id":385972,"field1":"1.9375","field2":"0.8125"},{"created_at":"2025-12-20T17:16:26-08:00","entry_id":385973,"field1":"1.9375","field2":"0.8125"},{"created_at":"2025-12-20T17:26:04-08:00","entry_id":385974,"field1":"1.9375","field2":"0.8125"},{"created_at":"2025-12-20T17:35:39-08:00","entry_id":385975,"field1":"1.9375","field2":"0.75"},{"created_at":"2025-12-20T17:45:16-08:00","entry_id":385976,"field1":"1.9375","field2":"0.8125"},{"created_at":"2025-12-20T17:54:54-08:00","entry_id":385977,"field1":"1.9375","field2":"0.8125"},{"created_at":"2025-12-20T18:04:31-08:00","entry_id":385978,"field1":"1.9375","field2":"0.875"},{"created_at":"2025-12-20T18:14:06-08:00","entry_id":385979,"field1":"1.9375","field2":"0.8125"},{"created_at":"2025-12-20T18:23:45-08:00","entry_id":385980,"field1":"1.9375","field2":"0.875"},{"created_at":"2025-12-20T18:33:22-08:00","entry_id":385981,"field1":"1.9375","field2":"0.75"},{"created_at":"2025-12-20T18:42:59-08:00","entry_id":385982,"field1":"1.9375","field2":"0.6875"},{"created_at":"2025-12-20T18:52:34-08:00","entry_id":385983,"field1":"1.9375","field2":"0.6875"},{"created_at":"2025-12-20T19:02:11-08:00","entry_id":385984,"field1":"1.9375","field2":"0.75"},{"created_at":"2025-12-20T19:11:47-08:00","entry_id":385985,"field1":"1.875","field2":"0.8125"},{"created_at":"2025-12-20T19:21:26-08:00","entry_id":385986,"field1":"1.875","field2":"0.8125"},{"created_at":"2025-12-20T19:31:02-08:00","entry_id":385987,"field1":"1.875","field2":"0.75"},{"created_at":"2025-12-20T19:40:40-08:00","entry_id":385988,"field1":"1.875","field2":"0.75"},{"created_at":"2025-12-20T19:50:15-08:00","entry_id":385989,"field1":"1.875","field2":"0.75"},{"created_at":"2025-12-20T19:59:52-08:00","entry_id":385990,"field1":"1.875","field2":"0.8125"},{"created_at":"2025-12-20T20:09:30-08:00","entry_id":385991,"field1":"1.875","field2":"0.875"},{"created_at":"2025-12-20T20:19:06-08:00","entry_id":385992,"field1":"1.875","field2":"0.8125"},{"created_at":"2025-12-20T20:28:42-08:00","entry_id":385993,"field1":"1.875","field2":"0.8125"},{"created_at":"2025-12-20T20:38:18-08:00","entry_id":385994,"field1":"1.875","field2":"0.75"},{"created_at":"2025-12-20T20:47:54-08:00","entry_id":385995,"field1":"1.875","field2":"0.8125"},{"created_at":"2025-12-20T20:57:31-08:00","entry_id":385996,"field1":"1.875","field2":"0.75"},{"created_at":"2025-12-20T21:07:09-08:00","entry_id":385997,"field1":"1.875","field2":"0.625"},{"created_at":"2025-12-20T21:16:46-08:00","entry_id":385998,"field1":"1.875","field2":"0.625"},{"created_at":"2025-12-20T21:26:21-08:00","entry_id":385999,"field1":"1.875","field2":"0.625"},{"created_at":"2025-12-20T21:36:00-08:00","entry_id":386000,"field1":"1.8125","field2":"0.5625"},{"created_at":"2025-12-20T21:45:36-08:00","entry_id":386001,"field1":"1.8125","field2":"0.5"},{"created_at":"2025-12-20T21:55:14-08:00","entry_id":386002,"field1":"1.8125","field2":"0.5625"},{"created_at":"2025-12-20T22:04:50-08:00","entry_id":386003,"field1":"1.8125","field2":"0.5625"},{"created_at":"2025-12-20T22:14:27-08:00","entry_id":386004,"field1":"1.8125","field2":"0.3125"},{"created_at":"2025-12-20T22:24:02-08:00","entry_id":386005,"field1":"1.8125","field2":"0.1875"},{"created_at":"2025-12-20T22:33:39-08:00","entry_id":386006,"field1":"1.8125","field2":"0.3125"},{"created_at":"2025-12-20T22:43:17-08:00","entry_id":386007,"field1":"1.8125","field2":"0.375"},{"created_at":"2025-12-20T22:52:54-08:00","entry_id":386008,"field1":"1.8125","field2":"0.3125"},{"created_at":"2025-12-20T23:02:31-08:00","entry_id":386009,"field1":"1.8125","field2":"0.3125"},{"created_at":"2025-12-20T23:12:06-08:00","entry_id":386010,"field1":"1.75","field2":"0.3125"},{"created_at":"2025-12-20T23:21:44-08:00","entry_id":386011,"field1":"1.75","field2":"0.25"},{"created_at":"2025-12-20T23:31:22-08:00","entry_id":386012,"field1":"1.75","field2":"0.3125"},{"created_at":"2025-12-20T23:40:57-08:00","entry_id":386013,"field1":"1.75","field2":"0.1875"},{"created_at":"2025-12-20T23:50:34-08:00","entry_id":386014,"field1":"1.75","field2":"0.375"}]}