{"channel":{"id":581842,"name":"Upstairs Small Window Indoor / Outdoor Sensor","latitude":"0.0","longitude":"0.0","field1":"Indoor Temperature","field2":"Outdoor Temperature","created_at":"2018-09-23T15:37:52-07:00","updated_at":"2020-07-27T05:59:41-07:00","last_entry_id":391789},"feeds":[{"created_at":"2026-01-27T00:00:09-08:00","entry_id":391507,"field1":"-3.375","field2":"-2.6875"},{"created_at":"2026-01-27T00:09:45-08:00","entry_id":391508,"field1":"-3.375","field2":"-2.625"},{"created_at":"2026-01-27T00:19:21-08:00","entry_id":391509,"field1":"-3.375","field2":"-2.625"},{"created_at":"2026-01-27T00:28:59-08:00","entry_id":391510,"field1":"-3.3125","field2":"-2.5625"},{"created_at":"2026-01-27T00:38:34-08:00","entry_id":391511,"field1":"-3.3125","field2":"-2.5"},{"created_at":"2026-01-27T00:48:10-08:00","entry_id":391512,"field1":"-3.3125","field2":"-2.5625"},{"created_at":"2026-01-27T00:57:48-08:00","entry_id":391513,"field1":"-3.3125","field2":"-2.5"},{"created_at":"2026-01-27T01:07:25-08:00","entry_id":391514,"field1":"-3.3125","field2":"-2.5"},{"created_at":"2026-01-27T01:17:01-08:00","entry_id":391515,"field1":"-3.3125","field2":"-2.5625"},{"created_at":"2026-01-27T01:26:36-08:00","entry_id":391516,"field1":"-3.3125","field2":"-2.6875"},{"created_at":"2026-01-27T01:36:12-08:00","entry_id":391517,"field1":"-3.3125","field2":"-2.8125"},{"created_at":"2026-01-27T01:45:50-08:00","entry_id":391518,"field1":"-3.3125","field2":"-3"},{"created_at":"2026-01-27T01:55:26-08:00","entry_id":391519,"field1":"-3.3125","field2":"-3"},{"created_at":"2026-01-27T02:05:01-08:00","entry_id":391520,"field1":"-3.25","field2":"-3"},{"created_at":"2026-01-27T02:14:38-08:00","entry_id":391521,"field1":"-3.3125","field2":"-2.875"},{"created_at":"2026-01-27T02:24:14-08:00","entry_id":391522,"field1":"-3.25","field2":"-2.6875"},{"created_at":"2026-01-27T02:33:50-08:00","entry_id":391523,"field1":"-3.25","field2":"-2.5625"},{"created_at":"2026-01-27T02:43:28-08:00","entry_id":391524,"field1":"-3.25","field2":"-2.5"},{"created_at":"2026-01-27T02:53:05-08:00","entry_id":391525,"field1":"-3.25","field2":"-2.5625"},{"created_at":"2026-01-27T03:02:39-08:00","entry_id":391526,"field1":"-3.25","field2":"-2.8125"},{"created_at":"2026-01-27T03:12:17-08:00","entry_id":391527,"field1":"-3.25","field2":"-2.8125"},{"created_at":"2026-01-27T03:21:53-08:00","entry_id":391528,"field1":"-3.25","field2":"-2.6875"},{"created_at":"2026-01-27T03:31:31-08:00","entry_id":391529,"field1":"-3.25","field2":"-2.625"},{"created_at":"2026-01-27T03:41:05-08:00","entry_id":391530,"field1":"-3.25","field2":"-2.5625"},{"created_at":"2026-01-27T03:50:41-08:00","entry_id":391531,"field1":"-3.25","field2":"-2.5625"},{"created_at":"2026-01-27T04:00:17-08:00","entry_id":391532,"field1":"-3.25","field2":"-2.625"},{"created_at":"2026-01-27T04:09:55-08:00","entry_id":391533,"field1":"-3.25","field2":"-2.625"},{"created_at":"2026-01-27T04:19:32-08:00","entry_id":391534,"field1":"-3.25","field2":"-2.5"},{"created_at":"2026-01-27T04:29:09-08:00","entry_id":391535,"field1":"-3.1875","field2":"-2.5"},{"created_at":"2026-01-27T04:38:44-08:00","entry_id":391536,"field1":"-3.25","field2":"-2.6875"},{"created_at":"2026-01-27T04:48:20-08:00","entry_id":391537,"field1":"-3.1875","field2":"-2.875"},{"created_at":"2026-01-27T04:57:56-08:00","entry_id":391538,"field1":"-3.1875","field2":"-3"},{"created_at":"2026-01-27T05:07:32-08:00","entry_id":391539,"field1":"-3.1875","field2":"-2.9375"},{"created_at":"2026-01-27T05:17:10-08:00","entry_id":391540,"field1":"-3.1875","field2":"-3"},{"created_at":"2026-01-27T05:26:45-08:00","entry_id":391541,"field1":"-3.1875","field2":"-2.9375"},{"created_at":"2026-01-27T05:36:21-08:00","entry_id":391542,"field1":"-3.1875","field2":"-3.0625"},{"created_at":"2026-01-27T05:45:57-08:00","entry_id":391543,"field1":"-3.1875","field2":"-3.0625"},{"created_at":"2026-01-27T05:55:35-08:00","entry_id":391544,"field1":"-3.1875","field2":"-3.25"},{"created_at":"2026-01-27T06:05:10-08:00","entry_id":391545,"field1":"-3.1875","field2":"-3.3125"},{"created_at":"2026-01-27T06:14:47-08:00","entry_id":391546,"field1":"-3.1875","field2":"-3.25"},{"created_at":"2026-01-27T06:24:24-08:00","entry_id":391547,"field1":"-3.1875","field2":"-3.4375"},{"created_at":"2026-01-27T06:33:59-08:00","entry_id":391548,"field1":"-3.1875","field2":"-3.3125"},{"created_at":"2026-01-27T06:43:36-08:00","entry_id":391549,"field1":"-3.1875","field2":"-3.25"},{"created_at":"2026-01-27T06:53:12-08:00","entry_id":391550,"field1":"-3.1875","field2":"-3.3125"},{"created_at":"2026-01-27T07:02:48-08:00","entry_id":391551,"field1":"-3.1875","field2":"-3.125"},{"created_at":"2026-01-27T07:12:25-08:00","entry_id":391552,"field1":"-3.1875","field2":"-3.125"},{"created_at":"2026-01-27T07:22:00-08:00","entry_id":391553,"field1":"-3.1875","field2":"-3"},{"created_at":"2026-01-27T07:31:36-08:00","entry_id":391554,"field1":"-3.1875","field2":"-2.9375"},{"created_at":"2026-01-27T07:41:15-08:00","entry_id":391555,"field1":"-3.1875","field2":"-2.9375"},{"created_at":"2026-01-27T07:50:50-08:00","entry_id":391556,"field1":"-3.1875","field2":"-2.9375"},{"created_at":"2026-01-27T08:00:27-08:00","entry_id":391557,"field1":"-3.1875","field2":"-2.9375"},{"created_at":"2026-01-27T08:10:03-08:00","entry_id":391558,"field1":"-3.1875","field2":"-2.9375"},{"created_at":"2026-01-27T08:19:39-08:00","entry_id":391559,"field1":"-3.1875","field2":"-2.875"},{"created_at":"2026-01-27T08:29:16-08:00","entry_id":391560,"field1":"-3.1875","field2":"-2.6875"},{"created_at":"2026-01-27T08:38:53-08:00","entry_id":391561,"field1":"-3.1875","field2":"-2.6875"},{"created_at":"2026-01-27T08:48:29-08:00","entry_id":391562,"field1":"-3.1875","field2":"-2.5"},{"created_at":"2026-01-27T08:58:06-08:00","entry_id":391563,"field1":"-3.125","field2":"-2.375"},{"created_at":"2026-01-27T09:07:43-08:00","entry_id":391564,"field1":"-3.125","field2":"-2.1875"},{"created_at":"2026-01-27T09:17:19-08:00","entry_id":391565,"field1":"-3.125","field2":"-2.125"},{"created_at":"2026-01-27T09:26:55-08:00","entry_id":391566,"field1":"-3.125","field2":"-2.0625"},{"created_at":"2026-01-27T09:36:32-08:00","entry_id":391567,"field1":"-3.125","field2":"-1.9375"},{"created_at":"2026-01-27T09:46:09-08:00","entry_id":391568,"field1":"-3.0625","field2":"-1.9375"},{"created_at":"2026-01-27T09:55:46-08:00","entry_id":391569,"field1":"-3.0625","field2":"-1.875"},{"created_at":"2026-01-27T10:05:23-08:00","entry_id":391570,"field1":"-3.0625","field2":"-1.8125"},{"created_at":"2026-01-27T10:14:57-08:00","entry_id":391571,"field1":"-3.0625","field2":"-1.6875"},{"created_at":"2026-01-27T10:24:35-08:00","entry_id":391572,"field1":"-3","field2":"-1.5625"},{"created_at":"2026-01-27T10:34:10-08:00","entry_id":391573,"field1":"-3","field2":"-1.5"},{"created_at":"2026-01-27T10:43:46-08:00","entry_id":391574,"field1":"-2.9375","field2":"-1.5"},{"created_at":"2026-01-27T10:53:23-08:00","entry_id":391575,"field1":"-2.9375","field2":"-1.3125"},{"created_at":"2026-01-27T11:02:59-08:00","entry_id":391576,"field1":"-2.875","field2":"-1.1875"},{"created_at":"2026-01-27T11:12:35-08:00","entry_id":391577,"field1":"-2.8125","field2":"-1.1875"},{"created_at":"2026-01-27T11:22:11-08:00","entry_id":391578,"field1":"-2.8125","field2":"-0.8125"},{"created_at":"2026-01-27T11:31:48-08:00","entry_id":391579,"field1":"-2.75","field2":"-1"},{"created_at":"2026-01-27T11:41:26-08:00","entry_id":391580,"field1":"-2.6875","field2":"-0.875"},{"created_at":"2026-01-27T11:51:03-08:00","entry_id":391581,"field1":"-2.625","field2":"-0.6875"},{"created_at":"2026-01-27T12:00:38-08:00","entry_id":391582,"field1":"-2.625","field2":"-0.625"},{"created_at":"2026-01-27T12:10:15-08:00","entry_id":391583,"field1":"-2.5625","field2":"-0.625"},{"created_at":"2026-01-27T12:19:51-08:00","entry_id":391584,"field1":"-2.5","field2":"-0.5625"},{"created_at":"2026-01-27T12:29:27-08:00","entry_id":391585,"field1":"-2.5","field2":"-0.5"},{"created_at":"2026-01-27T12:39:04-08:00","entry_id":391586,"field1":"-2.4375","field2":"-0.375"},{"created_at":"2026-01-27T12:48:41-08:00","entry_id":391587,"field1":"-2.4375","field2":"-0.375"},{"created_at":"2026-01-27T12:58:17-08:00","entry_id":391588,"field1":"-2.375","field2":"-0.1875"},{"created_at":"2026-01-27T13:07:53-08:00","entry_id":391589,"field1":"-2.3125","field2":"-0.125"},{"created_at":"2026-01-27T13:17:31-08:00","entry_id":391590,"field1":"-2.3125","field2":"0.1875"},{"created_at":"2026-01-27T13:27:08-08:00","entry_id":391591,"field1":"-2.25","field2":"-0.125"},{"created_at":"2026-01-27T13:36:45-08:00","entry_id":391592,"field1":"-2.1875","field2":"-0.0625"},{"created_at":"2026-01-27T13:46:22-08:00","entry_id":391593,"field1":"-2.125","field2":"0"},{"created_at":"2026-01-27T13:55:57-08:00","entry_id":391594,"field1":"-2.125","field2":"0"},{"created_at":"2026-01-27T14:05:35-08:00","entry_id":391595,"field1":"-2.0625","field2":"0.0625"},{"created_at":"2026-01-27T14:15:11-08:00","entry_id":391596,"field1":"-2.0625","field2":"0.125"},{"created_at":"2026-01-27T14:24:47-08:00","entry_id":391597,"field1":"-2.0625","field2":"0.125"},{"created_at":"2026-01-27T14:34:23-08:00","entry_id":391598,"field1":"-2","field2":"0.125"},{"created_at":"2026-01-27T14:44:00-08:00","entry_id":391599,"field1":"-2","field2":"0.125"},{"created_at":"2026-01-27T14:53:38-08:00","entry_id":391600,"field1":"-2","field2":"0.125"},{"created_at":"2026-01-27T15:03:15-08:00","entry_id":391601,"field1":"-1.9375","field2":"0.125"},{"created_at":"2026-01-27T15:12:50-08:00","entry_id":391602,"field1":"-1.9375","field2":"0.125"},{"created_at":"2026-01-27T15:22:27-08:00","entry_id":391603,"field1":"-1.875","field2":"0"},{"created_at":"2026-01-27T15:32:04-08:00","entry_id":391604,"field1":"-1.875","field2":"-0.1875"},{"created_at":"2026-01-27T15:41:41-08:00","entry_id":391605,"field1":"-1.875","field2":"-0.1875"},{"created_at":"2026-01-27T15:51:18-08:00","entry_id":391606,"field1":"-1.875","field2":"-0.25"},{"created_at":"2026-01-27T16:00:56-08:00","entry_id":391607,"field1":"-1.875","field2":"-0.375"},{"created_at":"2026-01-27T16:10:31-08:00","entry_id":391608,"field1":"-1.8125","field2":"-0.4375"},{"created_at":"2026-01-27T16:20:08-08:00","entry_id":391609,"field1":"-1.8125","field2":"-0.5625"},{"created_at":"2026-01-27T16:29:46-08:00","entry_id":391610,"field1":"-1.8125","field2":"-0.5625"},{"created_at":"2026-01-27T16:39:21-08:00","entry_id":391611,"field1":"-1.8125","field2":"-0.625"},{"created_at":"2026-01-27T16:48:57-08:00","entry_id":391612,"field1":"-1.8125","field2":"-0.6875"},{"created_at":"2026-01-27T16:58:33-08:00","entry_id":391613,"field1":"-1.8125","field2":"-0.75"},{"created_at":"2026-01-27T17:08:11-08:00","entry_id":391614,"field1":"-1.8125","field2":"-0.8125"},{"created_at":"2026-01-27T17:17:48-08:00","entry_id":391615,"field1":"-1.75","field2":"-0.8125"},{"created_at":"2026-01-27T17:27:23-08:00","entry_id":391616,"field1":"-1.75","field2":"-0.875"},{"created_at":"2026-01-27T17:37:01-08:00","entry_id":391617,"field1":"-1.75","field2":"-0.9375"},{"created_at":"2026-01-27T17:46:38-08:00","entry_id":391618,"field1":"-1.75","field2":"-0.9375"},{"created_at":"2026-01-27T17:56:15-08:00","entry_id":391619,"field1":"-1.75","field2":"-0.8125"},{"created_at":"2026-01-27T18:05:51-08:00","entry_id":391620,"field1":"-1.75","field2":"-0.8125"},{"created_at":"2026-01-27T18:15:27-08:00","entry_id":391621,"field1":"-1.75","field2":"-0.9375"},{"created_at":"2026-01-27T18:25:05-08:00","entry_id":391622,"field1":"-1.75","field2":"-1.0625"},{"created_at":"2026-01-27T18:34:40-08:00","entry_id":391623,"field1":"-1.75","field2":"-1.125"},{"created_at":"2026-01-27T18:44:16-08:00","entry_id":391624,"field1":"-1.6875","field2":"-1.125"},{"created_at":"2026-01-27T18:53:52-08:00","entry_id":391625,"field1":"-1.75","field2":"-1.1875"},{"created_at":"2026-01-27T19:03:30-08:00","entry_id":391626,"field1":"-1.6875","field2":"-1.25"},{"created_at":"2026-01-27T19:13:05-08:00","entry_id":391627,"field1":"-1.6875","field2":"-1.3125"},{"created_at":"2026-01-27T19:22:43-08:00","entry_id":391628,"field1":"-1.6875","field2":"-1.375"},{"created_at":"2026-01-27T19:32:19-08:00","entry_id":391629,"field1":"-1.6875","field2":"-1.3125"},{"created_at":"2026-01-27T19:41:56-08:00","entry_id":391630,"field1":"-1.6875","field2":"-1.3125"},{"created_at":"2026-01-27T19:51:33-08:00","entry_id":391631,"field1":"-1.6875","field2":"-1.25"},{"created_at":"2026-01-27T20:01:09-08:00","entry_id":391632,"field1":"-1.6875","field2":"-1.25"},{"created_at":"2026-01-27T20:10:47-08:00","entry_id":391633,"field1":"-1.6875","field2":"-1.3125"},{"created_at":"2026-01-27T20:20:22-08:00","entry_id":391634,"field1":"-1.6875","field2":"-1.25"},{"created_at":"2026-01-27T20:30:00-08:00","entry_id":391635,"field1":"-1.6875","field2":"-1.25"},{"created_at":"2026-01-27T20:39:36-08:00","entry_id":391636,"field1":"-1.6875","field2":"-1.1875"},{"created_at":"2026-01-27T20:49:14-08:00","entry_id":391637,"field1":"-1.6875","field2":"-1.25"},{"created_at":"2026-01-27T20:58:50-08:00","entry_id":391638,"field1":"-1.6875","field2":"-1.3125"},{"created_at":"2026-01-27T21:08:26-08:00","entry_id":391639,"field1":"-1.6875","field2":"-1.3125"},{"created_at":"2026-01-27T21:18:04-08:00","entry_id":391640,"field1":"-1.6875","field2":"-1.3125"},{"created_at":"2026-01-27T21:27:40-08:00","entry_id":391641,"field1":"-1.6875","field2":"-1.25"},{"created_at":"2026-01-27T21:37:16-08:00","entry_id":391642,"field1":"-1.6875","field2":"-1.25"},{"created_at":"2026-01-27T21:46:56-08:00","entry_id":391643,"field1":"-1.6875","field2":"-1.1875"},{"created_at":"2026-01-27T21:56:30-08:00","entry_id":391644,"field1":"-1.6875","field2":"-1.25"},{"created_at":"2026-01-27T22:06:08-08:00","entry_id":391645,"field1":"-1.6875","field2":"-1.3125"},{"created_at":"2026-01-27T22:15:43-08:00","entry_id":391646,"field1":"-1.6875","field2":"-1.3125"},{"created_at":"2026-01-27T22:25:19-08:00","entry_id":391647,"field1":"-1.6875","field2":"-1.375"},{"created_at":"2026-01-27T22:34:57-08:00","entry_id":391648,"field1":"-1.6875","field2":"-1.4375"},{"created_at":"2026-01-27T22:44:32-08:00","entry_id":391649,"field1":"-1.6875","field2":"-1.375"},{"created_at":"2026-01-27T22:54:10-08:00","entry_id":391650,"field1":"-1.6875","field2":"-1.375"},{"created_at":"2026-01-27T23:03:46-08:00","entry_id":391651,"field1":"-1.6875","field2":"-1.5"},{"created_at":"2026-01-27T23:13:21-08:00","entry_id":391652,"field1":"-1.6875","field2":"-1.625"},{"created_at":"2026-01-27T23:22:57-08:00","entry_id":391653,"field1":"-1.6875","field2":"-1.6875"},{"created_at":"2026-01-27T23:32:34-08:00","entry_id":391654,"field1":"-1.6875","field2":"-1.625"},{"created_at":"2026-01-27T23:42:11-08:00","entry_id":391655,"field1":"-1.6875","field2":"-1.75"},{"created_at":"2026-01-27T23:51:48-08:00","entry_id":391656,"field1":"-1.6875","field2":"-1.6875"}]}