{"channel":{"id":581842,"name":"Upstairs Small Window Indoor / Outdoor Sensor","latitude":"0.0","longitude":"0.0","field1":"Indoor Temperature","field2":"Outdoor Temperature","created_at":"2018-09-23T15:37:52-07:00","updated_at":"2020-07-27T05:59:41-07:00","last_entry_id":392964},"feeds":[{"created_at":"2026-02-04T00:06:07-08:00","entry_id":392681,"field1":"3","field2":"2.25"},{"created_at":"2026-02-04T00:15:45-08:00","entry_id":392682,"field1":"3","field2":"2.25"},{"created_at":"2026-02-04T00:25:21-08:00","entry_id":392683,"field1":"3","field2":"2.1875"},{"created_at":"2026-02-04T00:34:57-08:00","entry_id":392684,"field1":"3","field2":"2.25"},{"created_at":"2026-02-04T00:44:35-08:00","entry_id":392685,"field1":"3","field2":"2.1875"},{"created_at":"2026-02-04T00:54:12-08:00","entry_id":392686,"field1":"3","field2":"2.1875"},{"created_at":"2026-02-04T01:03:49-08:00","entry_id":392687,"field1":"3","field2":"2.125"},{"created_at":"2026-02-04T01:13:25-08:00","entry_id":392688,"field1":"3","field2":"2.125"},{"created_at":"2026-02-04T01:23:02-08:00","entry_id":392689,"field1":"3","field2":"2.1875"},{"created_at":"2026-02-04T01:32:38-08:00","entry_id":392690,"field1":"3","field2":"2.1875"},{"created_at":"2026-02-04T01:42:14-08:00","entry_id":392691,"field1":"3","field2":"2.1875"},{"created_at":"2026-02-04T01:51:52-08:00","entry_id":392692,"field1":"2.9375","field2":"2.1875"},{"created_at":"2026-02-04T02:01:29-08:00","entry_id":392693,"field1":"2.9375","field2":"2.1875"},{"created_at":"2026-02-04T02:11:04-08:00","entry_id":392694,"field1":"2.9375","field2":"2.1875"},{"created_at":"2026-02-04T02:20:40-08:00","entry_id":392695,"field1":"2.9375","field2":"2.1875"},{"created_at":"2026-02-04T02:30:17-08:00","entry_id":392696,"field1":"2.9375","field2":"2.1875"},{"created_at":"2026-02-04T02:39:55-08:00","entry_id":392697,"field1":"2.9375","field2":"2.1875"},{"created_at":"2026-02-04T02:49:32-08:00","entry_id":392698,"field1":"2.9375","field2":"2.125"},{"created_at":"2026-02-04T02:59:08-08:00","entry_id":392699,"field1":"2.9375","field2":"2.125"},{"created_at":"2026-02-04T03:08:46-08:00","entry_id":392700,"field1":"2.9375","field2":"2.125"},{"created_at":"2026-02-04T03:18:21-08:00","entry_id":392701,"field1":"2.9375","field2":"2.125"},{"created_at":"2026-02-04T03:27:57-08:00","entry_id":392702,"field1":"2.9375","field2":"2.0625"},{"created_at":"2026-02-04T03:37:35-08:00","entry_id":392703,"field1":"2.9375","field2":"2.0625"},{"created_at":"2026-02-04T03:47:10-08:00","entry_id":392704,"field1":"2.9375","field2":"2.0625"},{"created_at":"2026-02-04T03:56:48-08:00","entry_id":392705,"field1":"2.9375","field2":"2"},{"created_at":"2026-02-04T04:06:25-08:00","entry_id":392706,"field1":"2.9375","field2":"1.9375"},{"created_at":"2026-02-04T04:16:04-08:00","entry_id":392707,"field1":"2.9375","field2":"2"},{"created_at":"2026-02-04T04:25:41-08:00","entry_id":392708,"field1":"2.9375","field2":"2"},{"created_at":"2026-02-04T04:35:16-08:00","entry_id":392709,"field1":"2.9375","field2":"2"},{"created_at":"2026-02-04T04:44:52-08:00","entry_id":392710,"field1":"2.9375","field2":"2"},{"created_at":"2026-02-04T04:54:30-08:00","entry_id":392711,"field1":"2.9375","field2":"1.9375"},{"created_at":"2026-02-04T05:04:06-08:00","entry_id":392712,"field1":"2.9375","field2":"1.9375"},{"created_at":"2026-02-04T05:13:44-08:00","entry_id":392713,"field1":"2.9375","field2":"2"},{"created_at":"2026-02-04T05:23:19-08:00","entry_id":392714,"field1":"2.9375","field2":"2"},{"created_at":"2026-02-04T05:32:56-08:00","entry_id":392715,"field1":"2.875","field2":"2"},{"created_at":"2026-02-04T05:42:33-08:00","entry_id":392716,"field1":"2.9375","field2":"2"},{"created_at":"2026-02-04T05:52:10-08:00","entry_id":392717,"field1":"2.875","field2":"2.0625"},{"created_at":"2026-02-04T06:01:45-08:00","entry_id":392718,"field1":"2.875","field2":"2"},{"created_at":"2026-02-04T06:11:21-08:00","entry_id":392719,"field1":"2.875","field2":"1.9375"},{"created_at":"2026-02-04T06:20:57-08:00","entry_id":392720,"field1":"2.875","field2":"2"},{"created_at":"2026-02-04T06:30:35-08:00","entry_id":392721,"field1":"2.875","field2":"2"},{"created_at":"2026-02-04T06:40:12-08:00","entry_id":392722,"field1":"2.875","field2":"2"},{"created_at":"2026-02-04T06:49:49-08:00","entry_id":392723,"field1":"2.875","field2":"2"},{"created_at":"2026-02-04T06:59:24-08:00","entry_id":392724,"field1":"2.875","field2":"2"},{"created_at":"2026-02-04T07:09:02-08:00","entry_id":392725,"field1":"2.875","field2":"2"},{"created_at":"2026-02-04T07:18:37-08:00","entry_id":392726,"field1":"2.875","field2":"2"},{"created_at":"2026-02-04T07:28:13-08:00","entry_id":392727,"field1":"2.875","field2":"1.9375"},{"created_at":"2026-02-04T07:37:51-08:00","entry_id":392728,"field1":"2.875","field2":"2"},{"created_at":"2026-02-04T07:47:27-08:00","entry_id":392729,"field1":"2.875","field2":"2"},{"created_at":"2026-02-04T07:57:05-08:00","entry_id":392730,"field1":"2.875","field2":"2"},{"created_at":"2026-02-04T08:06:39-08:00","entry_id":392731,"field1":"2.875","field2":"2"},{"created_at":"2026-02-04T08:16:16-08:00","entry_id":392732,"field1":"2.875","field2":"2"},{"created_at":"2026-02-04T08:25:51-08:00","entry_id":392733,"field1":"2.875","field2":"2.0625"},{"created_at":"2026-02-04T08:35:29-08:00","entry_id":392734,"field1":"2.875","field2":"2.0625"},{"created_at":"2026-02-04T08:45:05-08:00","entry_id":392735,"field1":"2.875","field2":"2.0625"},{"created_at":"2026-02-04T08:54:43-08:00","entry_id":392736,"field1":"2.875","field2":"2.0625"},{"created_at":"2026-02-04T09:04:18-08:00","entry_id":392737,"field1":"2.875","field2":"2.125"},{"created_at":"2026-02-04T09:13:56-08:00","entry_id":392738,"field1":"2.875","field2":"2.125"},{"created_at":"2026-02-04T09:23:33-08:00","entry_id":392739,"field1":"2.875","field2":"2.125"},{"created_at":"2026-02-04T09:33:10-08:00","entry_id":392740,"field1":"2.875","field2":"2.3125"},{"created_at":"2026-02-04T09:42:47-08:00","entry_id":392741,"field1":"2.875","field2":"2.25"},{"created_at":"2026-02-04T09:52:24-08:00","entry_id":392742,"field1":"2.875","field2":"2.25"},{"created_at":"2026-02-04T10:02:01-08:00","entry_id":392743,"field1":"2.875","field2":"2.3125"},{"created_at":"2026-02-04T10:11:38-08:00","entry_id":392744,"field1":"2.875","field2":"2.3125"},{"created_at":"2026-02-04T10:21:13-08:00","entry_id":392745,"field1":"2.875","field2":"2.3125"},{"created_at":"2026-02-04T10:30:52-08:00","entry_id":392746,"field1":"2.875","field2":"2.375"},{"created_at":"2026-02-04T10:40:29-08:00","entry_id":392747,"field1":"2.875","field2":"2.375"},{"created_at":"2026-02-04T10:50:06-08:00","entry_id":392748,"field1":"2.875","field2":"2.4375"},{"created_at":"2026-02-04T10:59:43-08:00","entry_id":392749,"field1":"2.875","field2":"2.4375"},{"created_at":"2026-02-04T11:09:18-08:00","entry_id":392750,"field1":"2.875","field2":"2.4375"},{"created_at":"2026-02-04T11:18:56-08:00","entry_id":392751,"field1":"2.875","field2":"2.4375"},{"created_at":"2026-02-04T11:28:32-08:00","entry_id":392752,"field1":"2.875","field2":"2.4375"},{"created_at":"2026-02-04T11:38:10-08:00","entry_id":392753,"field1":"2.875","field2":"2.375"},{"created_at":"2026-02-04T11:47:45-08:00","entry_id":392754,"field1":"2.875","field2":"2.5625"},{"created_at":"2026-02-04T11:57:23-08:00","entry_id":392755,"field1":"2.875","field2":"2.5625"},{"created_at":"2026-02-04T12:07:00-08:00","entry_id":392756,"field1":"2.875","field2":"2.5625"},{"created_at":"2026-02-04T12:16:36-08:00","entry_id":392757,"field1":"2.875","field2":"2.5"},{"created_at":"2026-02-04T12:26:12-08:00","entry_id":392758,"field1":"2.875","field2":"2.5625"},{"created_at":"2026-02-04T12:35:50-08:00","entry_id":392759,"field1":"2.875","field2":"2.5"},{"created_at":"2026-02-04T12:45:26-08:00","entry_id":392760,"field1":"2.875","field2":"2.5"},{"created_at":"2026-02-04T12:55:02-08:00","entry_id":392761,"field1":"2.875","field2":"2.5625"},{"created_at":"2026-02-04T13:04:40-08:00","entry_id":392762,"field1":"2.875","field2":"2.5"},{"created_at":"2026-02-04T13:14:15-08:00","entry_id":392763,"field1":"2.9375","field2":"2.5"},{"created_at":"2026-02-04T13:23:54-08:00","entry_id":392764,"field1":"2.9375","field2":"2.5"},{"created_at":"2026-02-04T13:33:31-08:00","entry_id":392765,"field1":"2.9375","field2":"2.4375"},{"created_at":"2026-02-04T13:43:05-08:00","entry_id":392766,"field1":"2.9375","field2":"2.375"},{"created_at":"2026-02-04T13:52:43-08:00","entry_id":392767,"field1":"2.9375","field2":"2.4375"},{"created_at":"2026-02-04T14:02:20-08:00","entry_id":392768,"field1":"2.9375","field2":"2.4375"},{"created_at":"2026-02-04T14:11:56-08:00","entry_id":392769,"field1":"2.9375","field2":"2.4375"},{"created_at":"2026-02-04T14:21:32-08:00","entry_id":392770,"field1":"2.9375","field2":"2.375"},{"created_at":"2026-02-04T14:31:10-08:00","entry_id":392771,"field1":"2.9375","field2":"2.375"},{"created_at":"2026-02-04T14:40:45-08:00","entry_id":392772,"field1":"2.9375","field2":"2.375"},{"created_at":"2026-02-04T14:50:23-08:00","entry_id":392773,"field1":"2.9375","field2":"2.375"},{"created_at":"2026-02-04T14:59:58-08:00","entry_id":392774,"field1":"2.9375","field2":"2.3125"},{"created_at":"2026-02-04T15:09:37-08:00","entry_id":392775,"field1":"2.9375","field2":"2.3125"},{"created_at":"2026-02-04T15:19:14-08:00","entry_id":392776,"field1":"2.9375","field2":"2.3125"},{"created_at":"2026-02-04T15:28:49-08:00","entry_id":392777,"field1":"2.9375","field2":"2.3125"},{"created_at":"2026-02-04T15:38:27-08:00","entry_id":392778,"field1":"2.9375","field2":"2.25"},{"created_at":"2026-02-04T15:48:04-08:00","entry_id":392779,"field1":"2.9375","field2":"2.25"},{"created_at":"2026-02-04T15:57:41-08:00","entry_id":392780,"field1":"2.9375","field2":"2.25"},{"created_at":"2026-02-04T16:07:17-08:00","entry_id":392781,"field1":"2.9375","field2":"2.25"},{"created_at":"2026-02-04T16:16:55-08:00","entry_id":392782,"field1":"2.9375","field2":"2.25"},{"created_at":"2026-02-04T16:26:30-08:00","entry_id":392783,"field1":"2.9375","field2":"2.25"},{"created_at":"2026-02-04T16:36:08-08:00","entry_id":392784,"field1":"2.9375","field2":"2.25"},{"created_at":"2026-02-04T16:45:43-08:00","entry_id":392785,"field1":"2.9375","field2":"2.1875"},{"created_at":"2026-02-04T16:55:21-08:00","entry_id":392786,"field1":"2.9375","field2":"2.1875"},{"created_at":"2026-02-04T17:04:57-08:00","entry_id":392787,"field1":"2.9375","field2":"2.1875"},{"created_at":"2026-02-04T17:14:34-08:00","entry_id":392788,"field1":"2.9375","field2":"2.125"},{"created_at":"2026-02-04T17:24:11-08:00","entry_id":392789,"field1":"2.9375","field2":"2"},{"created_at":"2026-02-04T17:33:47-08:00","entry_id":392790,"field1":"2.9375","field2":"1.9375"},{"created_at":"2026-02-04T17:43:23-08:00","entry_id":392791,"field1":"2.9375","field2":"1.875"},{"created_at":"2026-02-04T17:53:01-08:00","entry_id":392792,"field1":"2.9375","field2":"1.875"},{"created_at":"2026-02-04T18:02:38-08:00","entry_id":392793,"field1":"2.9375","field2":"1.875"},{"created_at":"2026-02-04T18:12:15-08:00","entry_id":392794,"field1":"2.9375","field2":"1.9375"},{"created_at":"2026-02-04T18:21:50-08:00","entry_id":392795,"field1":"2.9375","field2":"1.9375"},{"created_at":"2026-02-04T18:31:28-08:00","entry_id":392796,"field1":"2.9375","field2":"1.9375"},{"created_at":"2026-02-04T18:41:03-08:00","entry_id":392797,"field1":"2.9375","field2":"1.875"},{"created_at":"2026-02-04T18:50:39-08:00","entry_id":392798,"field1":"2.9375","field2":"1.875"},{"created_at":"2026-02-04T19:00:18-08:00","entry_id":392799,"field1":"2.9375","field2":"1.875"},{"created_at":"2026-02-04T19:09:53-08:00","entry_id":392800,"field1":"2.9375","field2":"1.8125"},{"created_at":"2026-02-04T19:19:29-08:00","entry_id":392801,"field1":"2.9375","field2":"1.8125"},{"created_at":"2026-02-04T19:29:07-08:00","entry_id":392802,"field1":"2.9375","field2":"1.75"},{"created_at":"2026-02-04T19:38:42-08:00","entry_id":392803,"field1":"2.875","field2":"1.75"},{"created_at":"2026-02-04T19:48:19-08:00","entry_id":392804,"field1":"2.9375","field2":"1.6875"},{"created_at":"2026-02-04T19:57:57-08:00","entry_id":392805,"field1":"2.875","field2":"1.75"},{"created_at":"2026-02-04T20:07:33-08:00","entry_id":392806,"field1":"2.875","field2":"1.625"},{"created_at":"2026-02-04T20:17:09-08:00","entry_id":392807,"field1":"2.875","field2":"1.625"},{"created_at":"2026-02-04T20:26:47-08:00","entry_id":392808,"field1":"2.875","field2":"1.6875"},{"created_at":"2026-02-04T20:36:22-08:00","entry_id":392809,"field1":"2.875","field2":"1.6875"},{"created_at":"2026-02-04T20:46:00-08:00","entry_id":392810,"field1":"2.875","field2":"1.6875"},{"created_at":"2026-02-04T20:55:37-08:00","entry_id":392811,"field1":"2.875","field2":"1.6875"},{"created_at":"2026-02-04T21:05:13-08:00","entry_id":392812,"field1":"2.875","field2":"1.6875"},{"created_at":"2026-02-04T21:14:48-08:00","entry_id":392813,"field1":"2.875","field2":"1.6875"},{"created_at":"2026-02-04T21:24:26-08:00","entry_id":392814,"field1":"2.875","field2":"1.6875"},{"created_at":"2026-02-04T21:34:03-08:00","entry_id":392815,"field1":"2.875","field2":"1.6875"},{"created_at":"2026-02-04T21:43:40-08:00","entry_id":392816,"field1":"2.875","field2":"1.6875"},{"created_at":"2026-02-04T21:53:15-08:00","entry_id":392817,"field1":"2.875","field2":"1.6875"},{"created_at":"2026-02-04T22:02:53-08:00","entry_id":392818,"field1":"2.875","field2":"1.6875"},{"created_at":"2026-02-04T22:12:30-08:00","entry_id":392819,"field1":"2.8125","field2":"1.75"},{"created_at":"2026-02-04T22:22:07-08:00","entry_id":392820,"field1":"2.8125","field2":"1.75"},{"created_at":"2026-02-04T22:31:43-08:00","entry_id":392821,"field1":"2.8125","field2":"1.75"},{"created_at":"2026-02-04T22:41:20-08:00","entry_id":392822,"field1":"2.8125","field2":"1.75"},{"created_at":"2026-02-04T22:50:58-08:00","entry_id":392823,"field1":"2.8125","field2":"1.6875"},{"created_at":"2026-02-04T23:00:35-08:00","entry_id":392824,"field1":"2.8125","field2":"1.6875"},{"created_at":"2026-02-04T23:10:11-08:00","entry_id":392825,"field1":"2.8125","field2":"1.6875"},{"created_at":"2026-02-04T23:19:49-08:00","entry_id":392826,"field1":"2.8125","field2":"1.6875"},{"created_at":"2026-02-04T23:29:24-08:00","entry_id":392827,"field1":"2.8125","field2":"1.625"},{"created_at":"2026-02-04T23:39:01-08:00","entry_id":392828,"field1":"2.8125","field2":"1.625"},{"created_at":"2026-02-04T23:48:39-08:00","entry_id":392829,"field1":"2.8125","field2":"1.625"},{"created_at":"2026-02-04T23:58:15-08:00","entry_id":392830,"field1":"2.8125","field2":"1.6875"}]}