{"channel":{"id":581842,"name":"Upstairs Small Window Indoor / Outdoor Sensor","latitude":"0.0","longitude":"0.0","field1":"Indoor Temperature","field2":"Outdoor Temperature","created_at":"2018-09-23T15:37:52-07:00","updated_at":"2020-07-27T05:59:41-07:00","last_entry_id":150129},"feeds":[{"created_at":"2020-01-04T00:02:40-08:00","entry_id":66862,"field1":"0.6875","field2":"-0.0625"},{"created_at":"2020-01-04T00:12:17-08:00","entry_id":66863,"field1":"0.6875","field2":"0"},{"created_at":"2020-01-04T00:21:53-08:00","entry_id":66864,"field1":"0.6875","field2":"-0.125"},{"created_at":"2020-01-04T00:31:30-08:00","entry_id":66865,"field1":"0.6875","field2":"-0.125"},{"created_at":"2020-01-04T00:41:07-08:00","entry_id":66866,"field1":"0.6875","field2":"-0.125"},{"created_at":"2020-01-04T00:50:44-08:00","entry_id":66867,"field1":"0.6875","field2":"0"},{"created_at":"2020-01-04T01:00:21-08:00","entry_id":66868,"field1":"0.6875","field2":"-0.0625"},{"created_at":"2020-01-04T01:09:59-08:00","entry_id":66869,"field1":"0.6875","field2":"0"},{"created_at":"2020-01-04T01:19:35-08:00","entry_id":66870,"field1":"0.6875","field2":"-0.0625"},{"created_at":"2020-01-04T01:29:12-08:00","entry_id":66871,"field1":"0.6875","field2":"-0.0625"},{"created_at":"2020-01-04T01:38:49-08:00","entry_id":66872,"field1":"0.6875","field2":"0"},{"created_at":"2020-01-04T01:48:26-08:00","entry_id":66873,"field1":"0.6875","field2":"0"},{"created_at":"2020-01-04T01:58:03-08:00","entry_id":66874,"field1":"0.6875","field2":"-0.0625"},{"created_at":"2020-01-04T02:07:41-08:00","entry_id":66875,"field1":"0.6875","field2":"0"},{"created_at":"2020-01-04T02:17:17-08:00","entry_id":66876,"field1":"0.6875","field2":"0"},{"created_at":"2020-01-04T02:26:53-08:00","entry_id":66877,"field1":"0.6875","field2":"0"},{"created_at":"2020-01-04T02:36:31-08:00","entry_id":66878,"field1":"0.75","field2":"0"},{"created_at":"2020-01-04T02:46:08-08:00","entry_id":66879,"field1":"0.75","field2":"0"},{"created_at":"2020-01-04T02:55:45-08:00","entry_id":66880,"field1":"0.75","field2":"0.0625"},{"created_at":"2020-01-04T03:05:23-08:00","entry_id":66881,"field1":"0.6875","field2":"-0.0625"},{"created_at":"2020-01-04T03:14:59-08:00","entry_id":66882,"field1":"0.6875","field2":"-0.0625"},{"created_at":"2020-01-04T03:24:36-08:00","entry_id":66883,"field1":"0.6875","field2":"0.0625"},{"created_at":"2020-01-04T03:34:13-08:00","entry_id":66884,"field1":"0.6875","field2":"0.0625"},{"created_at":"2020-01-04T03:43:50-08:00","entry_id":66885,"field1":"0.6875","field2":"0.0625"},{"created_at":"2020-01-04T03:53:27-08:00","entry_id":66886,"field1":"0.75","field2":"0.3125"},{"created_at":"2020-01-04T04:03:03-08:00","entry_id":66887,"field1":"0.75","field2":"0.3125"},{"created_at":"2020-01-04T04:12:41-08:00","entry_id":66888,"field1":"0.75","field2":"0.125"},{"created_at":"2020-01-04T04:22:17-08:00","entry_id":66889,"field1":"0.6875","field2":"0.125"},{"created_at":"2020-01-04T04:31:54-08:00","entry_id":66890,"field1":"0.6875","field2":"0.0625"},{"created_at":"2020-01-04T04:41:31-08:00","entry_id":66891,"field1":"0.6875","field2":"0.0625"},{"created_at":"2020-01-04T04:51:08-08:00","entry_id":66892,"field1":"0.75","field2":"0.0625"},{"created_at":"2020-01-04T05:00:44-08:00","entry_id":66893,"field1":"0.75","field2":"0.0625"},{"created_at":"2020-01-04T05:10:22-08:00","entry_id":66894,"field1":"0.75","field2":"0.125"},{"created_at":"2020-01-04T05:19:58-08:00","entry_id":66895,"field1":"0.75","field2":"0.125"},{"created_at":"2020-01-04T05:29:35-08:00","entry_id":66896,"field1":"0.75","field2":"0.125"},{"created_at":"2020-01-04T05:39:12-08:00","entry_id":66897,"field1":"0.75","field2":"0.125"},{"created_at":"2020-01-04T05:48:49-08:00","entry_id":66898,"field1":"0.75","field2":"0.125"},{"created_at":"2020-01-04T05:58:25-08:00","entry_id":66899,"field1":"0.75","field2":"0.0625"},{"created_at":"2020-01-04T06:08:02-08:00","entry_id":66900,"field1":"0.75","field2":"0.125"},{"created_at":"2020-01-04T06:17:39-08:00","entry_id":66901,"field1":"0.75","field2":"0.0625"},{"created_at":"2020-01-04T06:27:16-08:00","entry_id":66902,"field1":"0.75","field2":"0.0625"},{"created_at":"2020-01-04T06:36:52-08:00","entry_id":66903,"field1":"0.75","field2":"0.0625"},{"created_at":"2020-01-04T06:46:29-08:00","entry_id":66904,"field1":"0.75","field2":"0.0625"},{"created_at":"2020-01-04T06:56:06-08:00","entry_id":66905,"field1":"0.75","field2":"0.0625"},{"created_at":"2020-01-04T07:05:43-08:00","entry_id":66906,"field1":"0.75","field2":"0.0625"},{"created_at":"2020-01-04T07:15:20-08:00","entry_id":66907,"field1":"0.75","field2":"0"},{"created_at":"2020-01-04T07:24:56-08:00","entry_id":66908,"field1":"0.75","field2":"0.0625"},{"created_at":"2020-01-04T07:34:33-08:00","entry_id":66909,"field1":"0.75","field2":"0.0625"},{"created_at":"2020-01-04T07:44:10-08:00","entry_id":66910,"field1":"0.75","field2":"0.0625"},{"created_at":"2020-01-04T07:53:47-08:00","entry_id":66911,"field1":"0.75","field2":"0.0625"},{"created_at":"2020-01-04T08:03:24-08:00","entry_id":66912,"field1":"0.75","field2":"0.125"},{"created_at":"2020-01-04T08:13:01-08:00","entry_id":66913,"field1":"0.8125","field2":"0.1875"},{"created_at":"2020-01-04T08:22:38-08:00","entry_id":66914,"field1":"0.8125","field2":"0.375"},{"created_at":"2020-01-04T08:32:15-08:00","entry_id":66915,"field1":"0.8125","field2":"0.4375"},{"created_at":"2020-01-04T08:41:51-08:00","entry_id":66916,"field1":"0.8125","field2":"1.75"},{"created_at":"2020-01-04T08:51:28-08:00","entry_id":66917,"field1":"0.8125","field2":"1.3125"},{"created_at":"2020-01-04T09:01:06-08:00","entry_id":66918,"field1":"0.8125","field2":"1.0625"},{"created_at":"2020-01-04T09:10:42-08:00","entry_id":66919,"field1":"0.875","field2":"1"},{"created_at":"2020-01-04T09:20:19-08:00","entry_id":66920,"field1":"0.875","field2":"0.6875"},{"created_at":"2020-01-04T09:29:56-08:00","entry_id":66921,"field1":"0.875","field2":"0.9375"},{"created_at":"2020-01-04T09:39:33-08:00","entry_id":66922,"field1":"0.875","field2":"0.625"},{"created_at":"2020-01-04T09:49:10-08:00","entry_id":66923,"field1":"0.9375","field2":"0.5625"},{"created_at":"2020-01-04T09:58:47-08:00","entry_id":66924,"field1":"0.9375","field2":"0.5625"},{"created_at":"2020-01-04T10:08:24-08:00","entry_id":66925,"field1":"0.9375","field2":"0.8125"},{"created_at":"2020-01-04T10:18:01-08:00","entry_id":66926,"field1":"0.9375","field2":"0.8125"},{"created_at":"2020-01-04T10:27:37-08:00","entry_id":66927,"field1":"0.9375","field2":"0.9375"},{"created_at":"2020-01-04T10:37:14-08:00","entry_id":66928,"field1":"1","field2":"1.1875"},{"created_at":"2020-01-04T10:46:51-08:00","entry_id":66929,"field1":"1","field2":"1.3125"},{"created_at":"2020-01-04T10:56:28-08:00","entry_id":66930,"field1":"1.0625","field2":"1.875"},{"created_at":"2020-01-04T11:06:05-08:00","entry_id":66931,"field1":"1.125","field2":"2"},{"created_at":"2020-01-04T11:15:42-08:00","entry_id":66932,"field1":"1.1875","field2":"2"},{"created_at":"2020-01-04T11:25:20-08:00","entry_id":66933,"field1":"1.1875","field2":"2.125"},{"created_at":"2020-01-04T11:34:56-08:00","entry_id":66934,"field1":"1.25","field2":"2.9375"},{"created_at":"2020-01-04T11:44:33-08:00","entry_id":66935,"field1":"1.25","field2":"2.625"},{"created_at":"2020-01-04T11:54:10-08:00","entry_id":66936,"field1":"1.3125","field2":"2.875"},{"created_at":"2020-01-04T12:03:47-08:00","entry_id":66937,"field1":"1.375","field2":"2.4375"},{"created_at":"2020-01-04T12:13:24-08:00","entry_id":66938,"field1":"1.4375","field2":"2.625"},{"created_at":"2020-01-04T12:23:01-08:00","entry_id":66939,"field1":"1.4375","field2":"4.625"},{"created_at":"2020-01-04T12:32:37-08:00","entry_id":66940,"field1":"1.4375","field2":"3.125"},{"created_at":"2020-01-04T12:42:15-08:00","entry_id":66941,"field1":"1.4375","field2":"2.3125"},{"created_at":"2020-01-04T12:51:51-08:00","entry_id":66942,"field1":"1.5","field2":"1.9375"},{"created_at":"2020-01-04T13:01:28-08:00","entry_id":66943,"field1":"1.4375","field2":"1.6875"},{"created_at":"2020-01-04T13:11:04-08:00","entry_id":66944,"field1":"1.5","field2":"1.3125"},{"created_at":"2020-01-04T13:20:41-08:00","entry_id":66945,"field1":"1.5","field2":"1.375"},{"created_at":"2020-01-04T13:30:18-08:00","entry_id":66946,"field1":"1.5","field2":"1.4375"},{"created_at":"2020-01-04T13:39:55-08:00","entry_id":66947,"field1":"1.5","field2":"1.1875"},{"created_at":"2020-01-04T13:49:31-08:00","entry_id":66948,"field1":"1.5","field2":"1.0625"},{"created_at":"2020-01-04T13:59:08-08:00","entry_id":66949,"field1":"1.5","field2":"1.0625"},{"created_at":"2020-01-04T14:08:45-08:00","entry_id":66950,"field1":"1.5","field2":"1.125"},{"created_at":"2020-01-04T14:18:21-08:00","entry_id":66951,"field1":"1.5","field2":"1.0625"},{"created_at":"2020-01-04T14:27:58-08:00","entry_id":66952,"field1":"1.5","field2":"1"},{"created_at":"2020-01-04T14:37:35-08:00","entry_id":66953,"field1":"1.5","field2":"0.9375"},{"created_at":"2020-01-04T14:47:11-08:00","entry_id":66954,"field1":"1.5","field2":"0.875"},{"created_at":"2020-01-04T14:56:49-08:00","entry_id":66955,"field1":"1.5","field2":"0.8125"},{"created_at":"2020-01-04T15:06:25-08:00","entry_id":66956,"field1":"1.4375","field2":"0.75"},{"created_at":"2020-01-04T15:16:02-08:00","entry_id":66957,"field1":"1.4375","field2":"0.6875"},{"created_at":"2020-01-04T15:25:38-08:00","entry_id":66958,"field1":"1.4375","field2":"0.625"},{"created_at":"2020-01-04T15:35:15-08:00","entry_id":66959,"field1":"1.4375","field2":"0.625"},{"created_at":"2020-01-04T15:44:52-08:00","entry_id":66960,"field1":"1.4375","field2":"0.5"},{"created_at":"2020-01-04T15:54:29-08:00","entry_id":66961,"field1":"1.4375","field2":"0.375"},{"created_at":"2020-01-04T16:04:06-08:00","entry_id":66962,"field1":"1.4375","field2":"0.3125"},{"created_at":"2020-01-04T16:13:42-08:00","entry_id":66963,"field1":"1.4375","field2":"0.25"},{"created_at":"2020-01-04T16:23:19-08:00","entry_id":66964,"field1":"1.4375","field2":"0.1875"},{"created_at":"2020-01-04T16:32:56-08:00","entry_id":66965,"field1":"1.375","field2":"0.1875"},{"created_at":"2020-01-04T16:42:34-08:00","entry_id":66966,"field1":"1.375","field2":"0.25"},{"created_at":"2020-01-04T16:52:12-08:00","entry_id":66967,"field1":"1.375","field2":"0.25"},{"created_at":"2020-01-04T17:01:48-08:00","entry_id":66968,"field1":"1.375","field2":"0.25"},{"created_at":"2020-01-04T17:11:25-08:00","entry_id":66969,"field1":"1.375","field2":"0.25"},{"created_at":"2020-01-04T17:21:01-08:00","entry_id":66970,"field1":"1.375","field2":"0.1875"},{"created_at":"2020-01-04T17:30:38-08:00","entry_id":66971,"field1":"1.375","field2":"0.125"},{"created_at":"2020-01-04T17:40:15-08:00","entry_id":66972,"field1":"1.375","field2":"0.1875"},{"created_at":"2020-01-04T17:49:53-08:00","entry_id":66973,"field1":"1.3125","field2":"0.1875"},{"created_at":"2020-01-04T17:59:29-08:00","entry_id":66974,"field1":"1.3125","field2":"0.1875"},{"created_at":"2020-01-04T18:09:05-08:00","entry_id":66975,"field1":"1.3125","field2":"0.125"},{"created_at":"2020-01-04T18:18:42-08:00","entry_id":66976,"field1":"1.3125","field2":"0"},{"created_at":"2020-01-04T18:28:19-08:00","entry_id":66977,"field1":"1.3125","field2":"0.0625"},{"created_at":"2020-01-04T18:37:56-08:00","entry_id":66978,"field1":"1.3125","field2":"0.0625"},{"created_at":"2020-01-04T18:47:34-08:00","entry_id":66979,"field1":"1.3125","field2":"0.0625"},{"created_at":"2020-01-04T18:57:10-08:00","entry_id":66980,"field1":"1.3125","field2":"0.0625"},{"created_at":"2020-01-04T19:06:46-08:00","entry_id":66981,"field1":"1.3125","field2":"0.0625"},{"created_at":"2020-01-04T19:16:23-08:00","entry_id":66982,"field1":"1.3125","field2":"0.0625"},{"created_at":"2020-01-04T19:26:00-08:00","entry_id":66983,"field1":"1.25","field2":"0.0625"},{"created_at":"2020-01-04T19:35:37-08:00","entry_id":66984,"field1":"1.25","field2":"0"},{"created_at":"2020-01-04T19:45:14-08:00","entry_id":66985,"field1":"1.25","field2":"0"},{"created_at":"2020-01-04T19:54:51-08:00","entry_id":66986,"field1":"1.25","field2":"0.0625"},{"created_at":"2020-01-04T20:04:28-08:00","entry_id":66987,"field1":"1.25","field2":"0"},{"created_at":"2020-01-04T20:14:05-08:00","entry_id":66988,"field1":"1.25","field2":"0"},{"created_at":"2020-01-04T20:23:42-08:00","entry_id":66989,"field1":"1.25","field2":"0.0625"},{"created_at":"2020-01-04T20:33:18-08:00","entry_id":66990,"field1":"1.25","field2":"0.0625"},{"created_at":"2020-01-04T20:42:55-08:00","entry_id":66991,"field1":"1.25","field2":"0"},{"created_at":"2020-01-04T20:52:31-08:00","entry_id":66992,"field1":"1.25","field2":"0.0625"},{"created_at":"2020-01-04T21:02:08-08:00","entry_id":66993,"field1":"1.1875","field2":"0"},{"created_at":"2020-01-04T21:11:46-08:00","entry_id":66994,"field1":"1.25","field2":"0"},{"created_at":"2020-01-04T21:21:22-08:00","entry_id":66995,"field1":"1.1875","field2":"0"},{"created_at":"2020-01-04T21:30:59-08:00","entry_id":66996,"field1":"1.1875","field2":"0"},{"created_at":"2020-01-04T21:40:36-08:00","entry_id":66997,"field1":"1.1875","field2":"0"},{"created_at":"2020-01-04T21:50:14-08:00","entry_id":66998,"field1":"1.1875","field2":"0"},{"created_at":"2020-01-04T21:59:50-08:00","entry_id":66999,"field1":"1.1875","field2":"0"},{"created_at":"2020-01-04T22:09:26-08:00","entry_id":67000,"field1":"1.1875","field2":"0"},{"created_at":"2020-01-04T22:19:03-08:00","entry_id":67001,"field1":"1.1875","field2":"0.0625"},{"created_at":"2020-01-04T22:28:39-08:00","entry_id":67002,"field1":"1.1875","field2":"0.0625"},{"created_at":"2020-01-04T22:38:16-08:00","entry_id":67003,"field1":"1.1875","field2":"0.0625"},{"created_at":"2020-01-04T22:47:54-08:00","entry_id":67004,"field1":"1.1875","field2":"0.0625"},{"created_at":"2020-01-04T22:57:30-08:00","entry_id":67005,"field1":"1.1875","field2":"0.0625"},{"created_at":"2020-01-04T23:07:07-08:00","entry_id":67006,"field1":"1.1875","field2":"0.0625"},{"created_at":"2020-01-04T23:16:44-08:00","entry_id":67007,"field1":"1.1875","field2":"0"},{"created_at":"2020-01-04T23:26:20-08:00","entry_id":67008,"field1":"1.1875","field2":"0"},{"created_at":"2020-01-04T23:35:57-08:00","entry_id":67009,"field1":"1.125","field2":"0"},{"created_at":"2020-01-04T23:45:34-08:00","entry_id":67010,"field1":"1.125","field2":"0.0625"},{"created_at":"2020-01-04T23:55:10-08:00","entry_id":67011,"field1":"1.125","field2":"0"}]}