{"channel":{"id":581842,"name":"Upstairs Small Window Indoor / Outdoor Sensor","latitude":"0.0","longitude":"0.0","field1":"Indoor Temperature","field2":"Outdoor Temperature","created_at":"2018-09-23T15:37:52-07:00","updated_at":"2020-07-27T05:59:41-07:00","last_entry_id":150129},"feeds":[{"created_at":"2019-12-27T00:07:13-08:00","entry_id":66092,"field1":"-0.625","field2":"-2.875"},{"created_at":"2019-12-27T00:16:49-08:00","entry_id":66093,"field1":"-0.625","field2":"-2.8125"},{"created_at":"2019-12-27T00:26:26-08:00","entry_id":66094,"field1":"-0.625","field2":"-2.8125"},{"created_at":"2019-12-27T00:36:03-08:00","entry_id":66095,"field1":"-0.625","field2":"-2.75"},{"created_at":"2019-12-27T00:45:40-08:00","entry_id":66096,"field1":"-0.625","field2":"-2.8125"},{"created_at":"2019-12-27T00:55:16-08:00","entry_id":66097,"field1":"-0.625","field2":"-2.8125"},{"created_at":"2019-12-27T01:04:53-08:00","entry_id":66098,"field1":"-0.625","field2":"-2.8125"},{"created_at":"2019-12-27T01:14:30-08:00","entry_id":66099,"field1":"-0.625","field2":"-2.75"},{"created_at":"2019-12-27T01:24:06-08:00","entry_id":66100,"field1":"-0.625","field2":"-2.75"},{"created_at":"2019-12-27T01:33:43-08:00","entry_id":66101,"field1":"-0.625","field2":"-2.6875"},{"created_at":"2019-12-27T01:43:20-08:00","entry_id":66102,"field1":"-0.6875","field2":"-2.875"},{"created_at":"2019-12-27T01:52:57-08:00","entry_id":66103,"field1":"-0.6875","field2":"-2.75"},{"created_at":"2019-12-27T02:02:35-08:00","entry_id":66104,"field1":"-0.6875","field2":"-2.75"},{"created_at":"2019-12-27T02:12:12-08:00","entry_id":66105,"field1":"-0.6875","field2":"-2.8125"},{"created_at":"2019-12-27T02:21:48-08:00","entry_id":66106,"field1":"-0.6875","field2":"-2.75"},{"created_at":"2019-12-27T02:31:25-08:00","entry_id":66107,"field1":"-0.6875","field2":"-2.8125"},{"created_at":"2019-12-27T02:41:01-08:00","entry_id":66108,"field1":"-0.6875","field2":"-2.875"},{"created_at":"2019-12-27T02:50:38-08:00","entry_id":66109,"field1":"-0.6875","field2":"-2.8125"},{"created_at":"2019-12-27T03:00:14-08:00","entry_id":66110,"field1":"-0.6875","field2":"-2.8125"},{"created_at":"2019-12-27T03:09:52-08:00","entry_id":66111,"field1":"-0.75","field2":"-2.8125"},{"created_at":"2019-12-27T03:19:28-08:00","entry_id":66112,"field1":"-0.75","field2":"-2.75"},{"created_at":"2019-12-27T03:29:06-08:00","entry_id":66113,"field1":"-0.75","field2":"-2.75"},{"created_at":"2019-12-27T03:38:42-08:00","entry_id":66114,"field1":"-0.75","field2":"-2.6875"},{"created_at":"2019-12-27T03:48:19-08:00","entry_id":66115,"field1":"-0.75","field2":"-2.6875"},{"created_at":"2019-12-27T03:58:00-08:00","entry_id":66116,"field1":"-0.75","field2":"-2.6875"},{"created_at":"2019-12-27T04:07:35-08:00","entry_id":66117,"field1":"-0.75","field2":"-2.6875"},{"created_at":"2019-12-27T04:17:12-08:00","entry_id":66118,"field1":"-0.75","field2":"-2.6875"},{"created_at":"2019-12-27T04:26:48-08:00","entry_id":66119,"field1":"-0.75","field2":"-2.625"},{"created_at":"2019-12-27T04:36:25-08:00","entry_id":66120,"field1":"-0.75","field2":"-2.5625"},{"created_at":"2019-12-27T04:46:01-08:00","entry_id":66121,"field1":"-0.75","field2":"-2.5625"},{"created_at":"2019-12-27T04:55:38-08:00","entry_id":66122,"field1":"-0.75","field2":"-2.625"},{"created_at":"2019-12-27T05:05:17-08:00","entry_id":66123,"field1":"-0.8125","field2":"-2.8125"},{"created_at":"2019-12-27T05:14:53-08:00","entry_id":66124,"field1":"-0.8125","field2":"-2.6875"},{"created_at":"2019-12-27T05:24:30-08:00","entry_id":66125,"field1":"-0.8125","field2":"-2.6875"},{"created_at":"2019-12-27T05:34:06-08:00","entry_id":66126,"field1":"-0.8125","field2":"-2.625"},{"created_at":"2019-12-27T05:43:43-08:00","entry_id":66127,"field1":"-0.8125","field2":"-2.6875"},{"created_at":"2019-12-27T05:53:20-08:00","entry_id":66128,"field1":"-0.8125","field2":"-2.6875"},{"created_at":"2019-12-27T06:02:58-08:00","entry_id":66129,"field1":"-0.8125","field2":"-2.6875"},{"created_at":"2019-12-27T06:12:34-08:00","entry_id":66130,"field1":"-0.8125","field2":"-2.625"},{"created_at":"2019-12-27T06:22:11-08:00","entry_id":66131,"field1":"-0.8125","field2":"-2.5625"},{"created_at":"2019-12-27T06:31:48-08:00","entry_id":66132,"field1":"-0.8125","field2":"-2.625"},{"created_at":"2019-12-27T06:41:25-08:00","entry_id":66133,"field1":"-0.8125","field2":"-2.625"},{"created_at":"2019-12-27T06:51:01-08:00","entry_id":66134,"field1":"-0.8125","field2":"-2.625"},{"created_at":"2019-12-27T07:00:40-08:00","entry_id":66135,"field1":"-0.8125","field2":"-2.625"},{"created_at":"2019-12-27T07:10:16-08:00","entry_id":66136,"field1":"-0.8125","field2":"-2.6875"},{"created_at":"2019-12-27T07:19:52-08:00","entry_id":66137,"field1":"-0.8125","field2":"-2.6875"},{"created_at":"2019-12-27T07:29:29-08:00","entry_id":66138,"field1":"-0.875","field2":"-2.6875"},{"created_at":"2019-12-27T07:39:06-08:00","entry_id":66139,"field1":"-0.875","field2":"-2.75"},{"created_at":"2019-12-27T07:48:42-08:00","entry_id":66140,"field1":"-0.875","field2":"-2.625"},{"created_at":"2019-12-27T07:58:19-08:00","entry_id":66141,"field1":"-0.875","field2":"-2.6875"},{"created_at":"2019-12-27T08:07:56-08:00","entry_id":66142,"field1":"-0.875","field2":"-2.625"},{"created_at":"2019-12-27T08:17:32-08:00","entry_id":66143,"field1":"-0.875","field2":"-2.6875"},{"created_at":"2019-12-27T08:27:08-08:00","entry_id":66144,"field1":"-0.875","field2":"-2.625"},{"created_at":"2019-12-27T08:36:46-08:00","entry_id":66145,"field1":"-0.875","field2":"-2.625"},{"created_at":"2019-12-27T08:46:22-08:00","entry_id":66146,"field1":"-0.875","field2":"-2.625"},{"created_at":"2019-12-27T08:55:59-08:00","entry_id":66147,"field1":"-0.875","field2":"-2.5625"},{"created_at":"2019-12-27T09:05:36-08:00","entry_id":66148,"field1":"-0.875","field2":"-2.5625"},{"created_at":"2019-12-27T09:15:13-08:00","entry_id":66149,"field1":"-0.875","field2":"-2.5"},{"created_at":"2019-12-27T09:24:54-08:00","entry_id":66150,"field1":"-0.875","field2":"-2.4375"},{"created_at":"2019-12-27T09:34:28-08:00","entry_id":66151,"field1":"-0.875","field2":"-2.3125"},{"created_at":"2019-12-27T09:44:05-08:00","entry_id":66152,"field1":"-0.875","field2":"-2.1875"},{"created_at":"2019-12-27T09:53:42-08:00","entry_id":66153,"field1":"-0.875","field2":"-2.125"},{"created_at":"2019-12-27T10:03:19-08:00","entry_id":66154,"field1":"-0.875","field2":"-2.1875"},{"created_at":"2019-12-27T10:12:56-08:00","entry_id":66155,"field1":"-0.875","field2":"-2.0625"},{"created_at":"2019-12-27T10:22:33-08:00","entry_id":66156,"field1":"-0.875","field2":"-2.0625"},{"created_at":"2019-12-27T10:32:10-08:00","entry_id":66157,"field1":"-0.875","field2":"-2.0625"},{"created_at":"2019-12-27T10:41:46-08:00","entry_id":66158,"field1":"-0.875","field2":"-2"},{"created_at":"2019-12-27T10:51:23-08:00","entry_id":66159,"field1":"-0.8125","field2":"-2"},{"created_at":"2019-12-27T11:01:00-08:00","entry_id":66160,"field1":"-0.875","field2":"-1.9375"},{"created_at":"2019-12-27T11:10:37-08:00","entry_id":66161,"field1":"-0.8125","field2":"-1.875"},{"created_at":"2019-12-27T11:20:13-08:00","entry_id":66162,"field1":"-0.8125","field2":"-1.8125"},{"created_at":"2019-12-27T11:29:51-08:00","entry_id":66163,"field1":"-0.8125","field2":"-1.75"},{"created_at":"2019-12-27T11:39:27-08:00","entry_id":66164,"field1":"-0.8125","field2":"-1.6875"},{"created_at":"2019-12-27T11:49:04-08:00","entry_id":66165,"field1":"-0.8125","field2":"-1.6875"},{"created_at":"2019-12-27T11:58:41-08:00","entry_id":66166,"field1":"-0.8125","field2":"-1.5"},{"created_at":"2019-12-27T12:08:18-08:00","entry_id":66167,"field1":"-0.8125","field2":"-1.375"},{"created_at":"2019-12-27T12:17:55-08:00","entry_id":66168,"field1":"-0.8125","field2":"-1.25"},{"created_at":"2019-12-27T12:27:32-08:00","entry_id":66169,"field1":"-0.8125","field2":"-1.1875"},{"created_at":"2019-12-27T12:37:08-08:00","entry_id":66170,"field1":"-0.75","field2":"-1.1875"},{"created_at":"2019-12-27T12:46:45-08:00","entry_id":66171,"field1":"-0.75","field2":"-1.1875"},{"created_at":"2019-12-27T12:56:23-08:00","entry_id":66172,"field1":"-0.75","field2":"-1.125"},{"created_at":"2019-12-27T13:05:59-08:00","entry_id":66173,"field1":"-0.75","field2":"-1.1875"},{"created_at":"2019-12-27T13:15:37-08:00","entry_id":66174,"field1":"-0.75","field2":"-1.0625"},{"created_at":"2019-12-27T13:25:14-08:00","entry_id":66175,"field1":"-0.6875","field2":"-1.0625"},{"created_at":"2019-12-27T13:34:51-08:00","entry_id":66176,"field1":"-0.6875","field2":"-0.875"},{"created_at":"2019-12-27T13:44:27-08:00","entry_id":66177,"field1":"-0.6875","field2":"-1"},{"created_at":"2019-12-27T13:54:05-08:00","entry_id":66178,"field1":"-0.6875","field2":"-1"},{"created_at":"2019-12-27T14:03:41-08:00","entry_id":66179,"field1":"-0.6875","field2":"-1"},{"created_at":"2019-12-27T14:13:18-08:00","entry_id":66180,"field1":"-0.6875","field2":"-1"},{"created_at":"2019-12-27T14:22:55-08:00","entry_id":66181,"field1":"-0.6875","field2":"-1"},{"created_at":"2019-12-27T14:32:32-08:00","entry_id":66182,"field1":"-0.6875","field2":"-1.0625"},{"created_at":"2019-12-27T14:42:09-08:00","entry_id":66183,"field1":"-0.625","field2":"-1"},{"created_at":"2019-12-27T14:51:47-08:00","entry_id":66184,"field1":"-0.625","field2":"-1"},{"created_at":"2019-12-27T15:01:23-08:00","entry_id":66185,"field1":"-0.625","field2":"-1.0625"},{"created_at":"2019-12-27T15:11:01-08:00","entry_id":66186,"field1":"-0.625","field2":"-1.0625"},{"created_at":"2019-12-27T15:20:37-08:00","entry_id":66187,"field1":"-0.625","field2":"-1.125"},{"created_at":"2019-12-27T15:30:14-08:00","entry_id":66188,"field1":"-0.625","field2":"-1.1875"},{"created_at":"2019-12-27T15:39:51-08:00","entry_id":66189,"field1":"-0.625","field2":"-1.3125"},{"created_at":"2019-12-27T15:49:30-08:00","entry_id":66190,"field1":"-0.625","field2":"-1.375"},{"created_at":"2019-12-27T15:59:06-08:00","entry_id":66191,"field1":"-0.625","field2":"-1.4375"},{"created_at":"2019-12-27T16:08:43-08:00","entry_id":66192,"field1":"-0.625","field2":"-1.5"},{"created_at":"2019-12-27T16:18:20-08:00","entry_id":66193,"field1":"-0.625","field2":"-1.5"},{"created_at":"2019-12-27T16:27:57-08:00","entry_id":66194,"field1":"-0.625","field2":"-1.5625"},{"created_at":"2019-12-27T16:37:33-08:00","entry_id":66195,"field1":"-0.6875","field2":"-1.5625"},{"created_at":"2019-12-27T16:47:10-08:00","entry_id":66196,"field1":"-0.6875","field2":"-1.5625"},{"created_at":"2019-12-27T16:56:47-08:00","entry_id":66197,"field1":"-0.625","field2":"-1.625"},{"created_at":"2019-12-27T17:06:24-08:00","entry_id":66198,"field1":"-0.6875","field2":"-1.625"},{"created_at":"2019-12-27T17:16:01-08:00","entry_id":66199,"field1":"-0.6875","field2":"-1.6875"},{"created_at":"2019-12-27T17:25:38-08:00","entry_id":66200,"field1":"-0.6875","field2":"-1.6875"},{"created_at":"2019-12-27T17:35:15-08:00","entry_id":66201,"field1":"-0.6875","field2":"-1.6875"},{"created_at":"2019-12-27T17:44:52-08:00","entry_id":66202,"field1":"-0.6875","field2":"-1.75"},{"created_at":"2019-12-27T17:54:28-08:00","entry_id":66203,"field1":"-0.6875","field2":"-1.75"},{"created_at":"2019-12-27T18:04:05-08:00","entry_id":66204,"field1":"-0.6875","field2":"-1.75"},{"created_at":"2019-12-27T18:13:41-08:00","entry_id":66205,"field1":"-0.6875","field2":"-1.75"},{"created_at":"2019-12-27T18:23:18-08:00","entry_id":66206,"field1":"-0.6875","field2":"-1.75"},{"created_at":"2019-12-27T18:32:55-08:00","entry_id":66207,"field1":"-0.6875","field2":"-1.75"},{"created_at":"2019-12-27T18:42:32-08:00","entry_id":66208,"field1":"-0.6875","field2":"-1.8125"},{"created_at":"2019-12-27T18:52:09-08:00","entry_id":66209,"field1":"-0.6875","field2":"-1.8125"},{"created_at":"2019-12-27T19:01:45-08:00","entry_id":66210,"field1":"-0.6875","field2":"-1.8125"},{"created_at":"2019-12-27T19:11:22-08:00","entry_id":66211,"field1":"-0.6875","field2":"-1.875"},{"created_at":"2019-12-27T19:20:59-08:00","entry_id":66212,"field1":"-0.6875","field2":"-2"},{"created_at":"2019-12-27T19:30:35-08:00","entry_id":66213,"field1":"-0.6875","field2":"-2.0625"},{"created_at":"2019-12-27T19:40:12-08:00","entry_id":66214,"field1":"-0.6875","field2":"-2.125"},{"created_at":"2019-12-27T19:49:49-08:00","entry_id":66215,"field1":"-0.6875","field2":"-2.0625"},{"created_at":"2019-12-27T19:59:26-08:00","entry_id":66216,"field1":"-0.6875","field2":"-2.125"},{"created_at":"2019-12-27T20:09:03-08:00","entry_id":66217,"field1":"-0.6875","field2":"-2.125"},{"created_at":"2019-12-27T20:18:38-08:00","entry_id":66218,"field1":"-0.6875","field2":"-2.125"},{"created_at":"2019-12-27T20:28:16-08:00","entry_id":66219,"field1":"-0.6875","field2":"-2.0625"},{"created_at":"2019-12-27T20:37:53-08:00","entry_id":66220,"field1":"-0.6875","field2":"-2.0625"},{"created_at":"2019-12-27T20:47:30-08:00","entry_id":66221,"field1":"-0.6875","field2":"-2"},{"created_at":"2019-12-27T20:57:07-08:00","entry_id":66222,"field1":"-0.6875","field2":"-2.0625"},{"created_at":"2019-12-27T21:06:43-08:00","entry_id":66223,"field1":"-0.6875","field2":"-2.0625"},{"created_at":"2019-12-27T21:16:21-08:00","entry_id":66224,"field1":"-0.6875","field2":"-2"},{"created_at":"2019-12-27T21:25:57-08:00","entry_id":66225,"field1":"-0.6875","field2":"-1.9375"},{"created_at":"2019-12-27T21:35:34-08:00","entry_id":66226,"field1":"-0.6875","field2":"-2"},{"created_at":"2019-12-27T21:45:12-08:00","entry_id":66227,"field1":"-0.75","field2":"-1.9375"},{"created_at":"2019-12-27T21:54:49-08:00","entry_id":66228,"field1":"-0.6875","field2":"-1.9375"},{"created_at":"2019-12-27T22:04:26-08:00","entry_id":66229,"field1":"-0.75","field2":"-1.9375"},{"created_at":"2019-12-27T22:14:02-08:00","entry_id":66230,"field1":"-0.75","field2":"-1.875"},{"created_at":"2019-12-27T22:23:39-08:00","entry_id":66231,"field1":"-0.75","field2":"-1.875"},{"created_at":"2019-12-27T22:33:15-08:00","entry_id":66232,"field1":"-0.75","field2":"-1.875"},{"created_at":"2019-12-27T22:42:53-08:00","entry_id":66233,"field1":"-0.75","field2":"-1.875"},{"created_at":"2019-12-27T22:52:29-08:00","entry_id":66234,"field1":"-0.75","field2":"-1.8125"},{"created_at":"2019-12-27T23:02:06-08:00","entry_id":66235,"field1":"-0.75","field2":"-1.8125"},{"created_at":"2019-12-27T23:11:42-08:00","entry_id":66236,"field1":"-0.75","field2":"-1.8125"},{"created_at":"2019-12-27T23:21:19-08:00","entry_id":66237,"field1":"-0.75","field2":"-1.8125"},{"created_at":"2019-12-27T23:30:56-08:00","entry_id":66238,"field1":"-0.6875","field2":"-1.8125"},{"created_at":"2019-12-27T23:40:34-08:00","entry_id":66239,"field1":"-0.75","field2":"-1.875"},{"created_at":"2019-12-27T23:50:10-08:00","entry_id":66240,"field1":"-0.75","field2":"-1.9375"},{"created_at":"2019-12-27T23:59:46-08:00","entry_id":66241,"field1":"-0.75","field2":"-1.9375"}]}