{"channel":{"id":581842,"name":"Upstairs Small Window Indoor / Outdoor Sensor","latitude":"0.0","longitude":"0.0","field1":"Indoor Temperature","field2":"Outdoor Temperature","created_at":"2018-09-23T15:37:52-07:00","updated_at":"2020-07-27T05:59:41-07:00","last_entry_id":150129},"feeds":[{"created_at":"2019-10-01T00:02:49-07:00","entry_id":53157,"field1":"16.25","field2":"6.25"},{"created_at":"2019-10-01T00:12:27-07:00","entry_id":53158,"field1":"16.0625","field2":"6.3125"},{"created_at":"2019-10-01T00:22:04-07:00","entry_id":53159,"field1":"15.625","field2":"6.3125"},{"created_at":"2019-10-01T00:31:41-07:00","entry_id":53160,"field1":"16","field2":"6.25"},{"created_at":"2019-10-01T00:41:19-07:00","entry_id":53161,"field1":"16.3125","field2":"6.1875"},{"created_at":"2019-10-01T00:50:56-07:00","entry_id":53162,"field1":"15.75","field2":"6.125"},{"created_at":"2019-10-01T01:00:33-07:00","entry_id":53163,"field1":"15.5","field2":"6.25"},{"created_at":"2019-10-01T01:10:11-07:00","entry_id":53164,"field1":"16.3125","field2":"6.125"},{"created_at":"2019-10-01T01:19:48-07:00","entry_id":53165,"field1":"15.9375","field2":"6"},{"created_at":"2019-10-01T01:29:25-07:00","entry_id":53166,"field1":"15.5","field2":"6.125"},{"created_at":"2019-10-01T01:39:02-07:00","entry_id":53167,"field1":"15.9375","field2":"6.0625"},{"created_at":"2019-10-01T01:48:44-07:00","entry_id":53168,"field1":"16.1875","field2":"6.0625"},{"created_at":"2019-10-01T01:58:19-07:00","entry_id":53169,"field1":"15.625","field2":"6.125"},{"created_at":"2019-10-01T02:07:56-07:00","entry_id":53170,"field1":"15.5","field2":"6.0625"},{"created_at":"2019-10-01T02:17:33-07:00","entry_id":53171,"field1":"16.3125","field2":"6.0625"},{"created_at":"2019-10-01T02:27:10-07:00","entry_id":53172,"field1":"15.8125","field2":"6"},{"created_at":"2019-10-01T02:36:48-07:00","entry_id":53173,"field1":"15.4375","field2":"5.9375"},{"created_at":"2019-10-01T02:46:25-07:00","entry_id":53174,"field1":"16","field2":"5.9375"},{"created_at":"2019-10-01T02:56:03-07:00","entry_id":53175,"field1":"16.0625","field2":"5.8125"},{"created_at":"2019-10-01T03:05:40-07:00","entry_id":53176,"field1":"15.5625","field2":"5.8125"},{"created_at":"2019-10-01T03:15:18-07:00","entry_id":53177,"field1":"15.625","field2":"5.8125"},{"created_at":"2019-10-01T03:24:54-07:00","entry_id":53178,"field1":"16.25","field2":"5.6875"},{"created_at":"2019-10-01T03:34:32-07:00","entry_id":53179,"field1":"15.6875","field2":"5.75"},{"created_at":"2019-10-01T03:44:09-07:00","entry_id":53180,"field1":"15.375","field2":"5.8125"},{"created_at":"2019-10-01T03:53:47-07:00","entry_id":53181,"field1":"16.125","field2":"5.9375"},{"created_at":"2019-10-01T04:03:24-07:00","entry_id":53182,"field1":"15.875","field2":"5.625"},{"created_at":"2019-10-01T04:13:01-07:00","entry_id":53183,"field1":"15.4375","field2":"5.625"},{"created_at":"2019-10-01T04:22:38-07:00","entry_id":53184,"field1":"15.625","field2":"5.5625"},{"created_at":"2019-10-01T04:32:16-07:00","entry_id":53185,"field1":"16.125","field2":"5.5625"},{"created_at":"2019-10-01T04:41:53-07:00","entry_id":53186,"field1":"15.5625","field2":"5.625"},{"created_at":"2019-10-01T04:51:30-07:00","entry_id":53187,"field1":"15.3125","field2":"5.1875"},{"created_at":"2019-10-01T05:01:08-07:00","entry_id":53188,"field1":"16.125","field2":"5.0625"},{"created_at":"2019-10-01T05:10:45-07:00","entry_id":53189,"field1":"15.75","field2":"5"},{"created_at":"2019-10-01T05:20:22-07:00","entry_id":53190,"field1":"15.3125","field2":"4.625"},{"created_at":"2019-10-01T05:30:01-07:00","entry_id":53191,"field1":"15.75","field2":"4.625"},{"created_at":"2019-10-01T05:39:38-07:00","entry_id":53192,"field1":"15.875","field2":"4.25"},{"created_at":"2019-10-01T05:49:15-07:00","entry_id":53193,"field1":"15.375","field2":"3.9375"},{"created_at":"2019-10-01T05:58:52-07:00","entry_id":53194,"field1":"15.5","field2":"3.5"},{"created_at":"2019-10-01T06:08:30-07:00","entry_id":53195,"field1":"16","field2":"3.25"},{"created_at":"2019-10-01T06:18:07-07:00","entry_id":53196,"field1":"15.4375","field2":"3.125"},{"created_at":"2019-10-01T06:27:46-07:00","entry_id":53197,"field1":"15.1875","field2":"3"},{"created_at":"2019-10-01T06:37:23-07:00","entry_id":53198,"field1":"15.9375","field2":"3.3125"},{"created_at":"2019-10-01T06:47:00-07:00","entry_id":53199,"field1":"15.4375","field2":"3.4375"},{"created_at":"2019-10-01T06:56:38-07:00","entry_id":53200,"field1":"15.125","field2":"3.375"},{"created_at":"2019-10-01T07:06:20-07:00","entry_id":53201,"field1":"15.875","field2":"3.5"},{"created_at":"2019-10-01T07:15:55-07:00","entry_id":53202,"field1":"15.5625","field2":"3.6875"},{"created_at":"2019-10-01T07:25:33-07:00","entry_id":53203,"field1":"15.0625","field2":"3.75"},{"created_at":"2019-10-01T07:35:11-07:00","entry_id":53204,"field1":"15.625","field2":"4"},{"created_at":"2019-10-01T07:44:48-07:00","entry_id":53205,"field1":"15.625","field2":"3.9375"},{"created_at":"2019-10-01T07:54:25-07:00","entry_id":53206,"field1":"15.125","field2":"4"},{"created_at":"2019-10-01T08:04:06-07:00","entry_id":53207,"field1":"15.375","field2":"4.625"},{"created_at":"2019-10-01T08:13:42-07:00","entry_id":53208,"field1":"15.75","field2":"4.5625"},{"created_at":"2019-10-01T08:23:20-07:00","entry_id":53209,"field1":"15.25","field2":"4.8125"},{"created_at":"2019-10-01T08:32:57-07:00","entry_id":53210,"field1":"15.25","field2":"6.6875"},{"created_at":"2019-10-01T08:42:39-07:00","entry_id":53211,"field1":"16.25","field2":"6.5"},{"created_at":"2019-10-01T08:52:15-07:00","entry_id":53212,"field1":"15.9375","field2":"6.8125"},{"created_at":"2019-10-01T09:01:52-07:00","entry_id":53213,"field1":"15.6875","field2":"6.5"},{"created_at":"2019-10-01T09:11:30-07:00","entry_id":53214,"field1":"16.3125","field2":"6.25"},{"created_at":"2019-10-01T09:21:09-07:00","entry_id":53215,"field1":"15.9375","field2":"6.5"},{"created_at":"2019-10-01T09:30:45-07:00","entry_id":53216,"field1":"15.5625","field2":"6.375"},{"created_at":"2019-10-01T09:40:23-07:00","entry_id":53217,"field1":"15.9375","field2":"6.5"},{"created_at":"2019-10-01T09:50:00-07:00","entry_id":53218,"field1":"16.1875","field2":"6.6875"},{"created_at":"2019-10-01T09:59:37-07:00","entry_id":53219,"field1":"15.6875","field2":"6.9375"},{"created_at":"2019-10-01T10:09:15-07:00","entry_id":53220,"field1":"15.625","field2":"6.875"},{"created_at":"2019-10-01T10:18:52-07:00","entry_id":53221,"field1":"16.375","field2":"7.1875"},{"created_at":"2019-10-01T10:28:35-07:00","entry_id":53222,"field1":"15.9375","field2":"7.0625"},{"created_at":"2019-10-01T10:38:10-07:00","entry_id":53223,"field1":"15.375","field2":"7.8125"},{"created_at":"2019-10-01T10:47:47-07:00","entry_id":53224,"field1":"16.5625","field2":"8.0625"},{"created_at":"2019-10-01T10:57:24-07:00","entry_id":53225,"field1":"16.4375","field2":"7.9375"},{"created_at":"2019-10-01T11:07:02-07:00","entry_id":53226,"field1":"16","field2":"7.875"},{"created_at":"2019-10-01T11:16:39-07:00","entry_id":53227,"field1":"16.0625","field2":"7.9375"},{"created_at":"2019-10-01T11:26:18-07:00","entry_id":53228,"field1":"16.75","field2":"8.375"},{"created_at":"2019-10-01T11:35:55-07:00","entry_id":53229,"field1":"16.3125","field2":"8.25"},{"created_at":"2019-10-01T11:45:32-07:00","entry_id":53230,"field1":"16.0625","field2":"8.3125"},{"created_at":"2019-10-01T11:55:10-07:00","entry_id":53231,"field1":"16.875","field2":"8.6875"},{"created_at":"2019-10-01T12:04:48-07:00","entry_id":53232,"field1":"16.6875","field2":"9"},{"created_at":"2019-10-01T12:14:25-07:00","entry_id":53233,"field1":"16.25","field2":"9.0625"},{"created_at":"2019-10-01T12:24:03-07:00","entry_id":53234,"field1":"16.4375","field2":"9.375"},{"created_at":"2019-10-01T12:33:40-07:00","entry_id":53235,"field1":"17.0625","field2":"9.4375"},{"created_at":"2019-10-01T12:43:18-07:00","entry_id":53236,"field1":"16.5","field2":"9.625"},{"created_at":"2019-10-01T12:52:54-07:00","entry_id":53237,"field1":"16.1875","field2":"9.75"},{"created_at":"2019-10-01T13:02:32-07:00","entry_id":53238,"field1":"16.9375","field2":"9.9375"},{"created_at":"2019-10-01T13:12:09-07:00","entry_id":53239,"field1":"16.875","field2":"10.1875"},{"created_at":"2019-10-01T13:21:47-07:00","entry_id":53240,"field1":"16.4375","field2":"10.4375"},{"created_at":"2019-10-01T13:31:24-07:00","entry_id":53241,"field1":"16.25","field2":"10.625"},{"created_at":"2019-10-01T13:41:02-07:00","entry_id":53242,"field1":"17.125","field2":"10.875"},{"created_at":"2019-10-01T13:50:44-07:00","entry_id":53243,"field1":"16.6875","field2":"11"},{"created_at":"2019-10-01T14:00:19-07:00","entry_id":53244,"field1":"16.3125","field2":"11.0625"},{"created_at":"2019-10-01T14:09:56-07:00","entry_id":53245,"field1":"16.5625","field2":"11.25"},{"created_at":"2019-10-01T14:19:33-07:00","entry_id":53246,"field1":"17.0625","field2":"11.1875"},{"created_at":"2019-10-01T14:29:11-07:00","entry_id":53247,"field1":"16.5625","field2":"11"},{"created_at":"2019-10-01T14:38:48-07:00","entry_id":53248,"field1":"16.3125","field2":"11.25"},{"created_at":"2019-10-01T14:48:25-07:00","entry_id":53249,"field1":"17.0625","field2":"11.25"},{"created_at":"2019-10-01T14:58:07-07:00","entry_id":53250,"field1":"16.875","field2":"10.9375"},{"created_at":"2019-10-01T15:07:43-07:00","entry_id":53251,"field1":"16.4375","field2":"11.125"},{"created_at":"2019-10-01T15:17:20-07:00","entry_id":53252,"field1":"16.3125","field2":"10.9375"},{"created_at":"2019-10-01T15:26:58-07:00","entry_id":53253,"field1":"17.125","field2":"10.6875"},{"created_at":"2019-10-01T15:36:35-07:00","entry_id":53254,"field1":"16.75","field2":"10.5625"},{"created_at":"2019-10-01T15:46:16-07:00","entry_id":53255,"field1":"16.375","field2":"10.375"},{"created_at":"2019-10-01T15:55:52-07:00","entry_id":53256,"field1":"16.375","field2":"10.1875"},{"created_at":"2019-10-01T16:05:30-07:00","entry_id":53257,"field1":"17.125","field2":"9.9375"},{"created_at":"2019-10-01T16:15:07-07:00","entry_id":53258,"field1":"16.625","field2":"9.8125"},{"created_at":"2019-10-01T16:24:44-07:00","entry_id":53259,"field1":"16.3125","field2":"9.6875"},{"created_at":"2019-10-01T16:34:21-07:00","entry_id":53260,"field1":"16.75","field2":"9.625"},{"created_at":"2019-10-01T16:43:59-07:00","entry_id":53261,"field1":"16.9375","field2":"9.5"},{"created_at":"2019-10-01T16:53:35-07:00","entry_id":53262,"field1":"16.5","field2":"9.4375"},{"created_at":"2019-10-01T17:03:12-07:00","entry_id":53263,"field1":"16.25","field2":"9.375"},{"created_at":"2019-10-01T17:12:51-07:00","entry_id":53264,"field1":"17","field2":"9.25"},{"created_at":"2019-10-01T17:22:29-07:00","entry_id":53265,"field1":"16.6875","field2":"9.125"},{"created_at":"2019-10-01T17:32:05-07:00","entry_id":53266,"field1":"16.375","field2":"9.0625"},{"created_at":"2019-10-01T17:41:42-07:00","entry_id":53267,"field1":"16.375","field2":"8.9375"},{"created_at":"2019-10-01T17:51:20-07:00","entry_id":53268,"field1":"17","field2":"8.8125"},{"created_at":"2019-10-01T18:00:58-07:00","entry_id":53269,"field1":"16.5625","field2":"8.625"},{"created_at":"2019-10-01T18:10:40-07:00","entry_id":53270,"field1":"16.25","field2":"8.5"},{"created_at":"2019-10-01T18:20:15-07:00","entry_id":53271,"field1":"16.8125","field2":"8.375"},{"created_at":"2019-10-01T18:29:52-07:00","entry_id":53272,"field1":"16.875","field2":"8.25"},{"created_at":"2019-10-01T18:39:30-07:00","entry_id":53273,"field1":"16.375","field2":"8.1875"},{"created_at":"2019-10-01T18:49:06-07:00","entry_id":53274,"field1":"16.125","field2":"7.9375"},{"created_at":"2019-10-01T18:58:44-07:00","entry_id":53275,"field1":"16.9375","field2":"7.75"},{"created_at":"2019-10-01T19:08:22-07:00","entry_id":53276,"field1":"16.625","field2":"7.625"},{"created_at":"2019-10-01T19:17:58-07:00","entry_id":53277,"field1":"16.25","field2":"7.5"},{"created_at":"2019-10-01T19:27:36-07:00","entry_id":53278,"field1":"16.25","field2":"7.375"},{"created_at":"2019-10-01T19:37:13-07:00","entry_id":53279,"field1":"16.875","field2":"7.3125"},{"created_at":"2019-10-01T19:46:51-07:00","entry_id":53280,"field1":"16.375","field2":"7.3125"},{"created_at":"2019-10-01T19:56:28-07:00","entry_id":53281,"field1":"16.0625","field2":"7.1875"},{"created_at":"2019-10-01T20:06:05-07:00","entry_id":53282,"field1":"16.6875","field2":"7.1875"},{"created_at":"2019-10-01T20:15:42-07:00","entry_id":53283,"field1":"16.6875","field2":"7.1875"},{"created_at":"2019-10-01T20:25:20-07:00","entry_id":53284,"field1":"16.1875","field2":"7.0625"},{"created_at":"2019-10-01T20:34:57-07:00","entry_id":53285,"field1":"16","field2":"7"},{"created_at":"2019-10-01T20:44:34-07:00","entry_id":53286,"field1":"16.8125","field2":"6.9375"},{"created_at":"2019-10-01T20:54:12-07:00","entry_id":53287,"field1":"16.4375","field2":"6.8125"},{"created_at":"2019-10-01T21:03:49-07:00","entry_id":53288,"field1":"16.0625","field2":"6.6875"},{"created_at":"2019-10-01T21:13:26-07:00","entry_id":53289,"field1":"16.125","field2":"6.6875"},{"created_at":"2019-10-01T21:23:04-07:00","entry_id":53290,"field1":"16.6875","field2":"6.625"},{"created_at":"2019-10-01T21:32:41-07:00","entry_id":53291,"field1":"16.1875","field2":"6.6875"},{"created_at":"2019-10-01T21:42:19-07:00","entry_id":53292,"field1":"15.875","field2":"6.625"},{"created_at":"2019-10-01T21:51:57-07:00","entry_id":53293,"field1":"16.5","field2":"6.6875"},{"created_at":"2019-10-01T22:01:34-07:00","entry_id":53294,"field1":"16.4375","field2":"6.375"},{"created_at":"2019-10-01T22:11:12-07:00","entry_id":53295,"field1":"16","field2":"6.375"},{"created_at":"2019-10-01T22:20:49-07:00","entry_id":53296,"field1":"15.8125","field2":"6.5"},{"created_at":"2019-10-01T22:30:27-07:00","entry_id":53297,"field1":"16.6875","field2":"6.375"},{"created_at":"2019-10-01T22:40:09-07:00","entry_id":53298,"field1":"16.1875","field2":"6.5"},{"created_at":"2019-10-01T22:49:44-07:00","entry_id":53299,"field1":"15.8125","field2":"6.5"},{"created_at":"2019-10-01T22:59:21-07:00","entry_id":53300,"field1":"16.125","field2":"6.4375"},{"created_at":"2019-10-01T23:09:00-07:00","entry_id":53301,"field1":"16.4375","field2":"6.375"},{"created_at":"2019-10-01T23:18:37-07:00","entry_id":53302,"field1":"15.9375","field2":"6.375"},{"created_at":"2019-10-01T23:28:14-07:00","entry_id":53303,"field1":"15.75","field2":"6.375"},{"created_at":"2019-10-01T23:37:52-07:00","entry_id":53304,"field1":"16.5625","field2":"6.3125"},{"created_at":"2019-10-01T23:47:29-07:00","entry_id":53305,"field1":"16.1875","field2":"6.5"},{"created_at":"2019-10-01T23:57:05-07:00","entry_id":53306,"field1":"15.8125","field2":"6.625"}]}