{"channel":{"id":581842,"name":"Upstairs Small Window Indoor / Outdoor Sensor","latitude":"0.0","longitude":"0.0","field1":"Indoor Temperature","field2":"Outdoor Temperature","created_at":"2018-09-23T15:37:52-07:00","updated_at":"2020-07-27T05:59:41-07:00","last_entry_id":289289},"feeds":[{"created_at":"2024-03-07T00:04:18-08:00","entry_id":289010,"field1":"-2.1875","field2":"-5.5"},{"created_at":"2024-03-07T00:13:55-08:00","entry_id":289011,"field1":"-2.1875","field2":"-5.5625"},{"created_at":"2024-03-07T00:23:30-08:00","entry_id":289012,"field1":"-2.1875","field2":"-5.5625"},{"created_at":"2024-03-07T00:33:07-08:00","entry_id":289013,"field1":"-2.25","field2":"-5.6875"},{"created_at":"2024-03-07T00:42:43-08:00","entry_id":289014,"field1":"-2.25","field2":"-5.6875"},{"created_at":"2024-03-07T00:52:18-08:00","entry_id":289015,"field1":"-2.3125","field2":"-5.6875"},{"created_at":"2024-03-07T01:01:57-08:00","entry_id":289016,"field1":"-2.3125","field2":"-5.625"},{"created_at":"2024-03-07T01:11:32-08:00","entry_id":289017,"field1":"-2.3125","field2":"-5.625"},{"created_at":"2024-03-07T01:31:01-08:00","entry_id":289018,"field1":"-2.375","field2":"-5.6875"},{"created_at":"2024-03-07T01:40:37-08:00","entry_id":289019,"field1":"-2.375","field2":"-5.625"},{"created_at":"2024-03-07T01:50:13-08:00","entry_id":289020,"field1":"-2.375","field2":"-5.5"},{"created_at":"2024-03-07T01:59:49-08:00","entry_id":289021,"field1":"-2.4375","field2":"-5.5625"},{"created_at":"2024-03-07T02:09:25-08:00","entry_id":289022,"field1":"-2.4375","field2":"-5.5"},{"created_at":"2024-03-07T02:19:02-08:00","entry_id":289023,"field1":"-2.5","field2":"-5.5"},{"created_at":"2024-03-07T02:28:39-08:00","entry_id":289024,"field1":"-2.5","field2":"-5.5625"},{"created_at":"2024-03-07T02:38:15-08:00","entry_id":289025,"field1":"-2.5","field2":"-5.5"},{"created_at":"2024-03-07T02:47:51-08:00","entry_id":289026,"field1":"-2.5","field2":"-5.375"},{"created_at":"2024-03-07T02:57:28-08:00","entry_id":289027,"field1":"-2.5625","field2":"-5.6875"},{"created_at":"2024-03-07T03:07:04-08:00","entry_id":289028,"field1":"-2.5625","field2":"-5.4375"},{"created_at":"2024-03-07T03:16:40-08:00","entry_id":289029,"field1":"-2.5625","field2":"-5.3125"},{"created_at":"2024-03-07T03:26:18-08:00","entry_id":289030,"field1":"-2.5625","field2":"-5.375"},{"created_at":"2024-03-07T03:35:54-08:00","entry_id":289031,"field1":"-2.625","field2":"-5.4375"},{"created_at":"2024-03-07T03:45:29-08:00","entry_id":289032,"field1":"-2.625","field2":"-5.1875"},{"created_at":"2024-03-07T03:55:07-08:00","entry_id":289033,"field1":"-2.625","field2":"-5.375"},{"created_at":"2024-03-07T04:04:43-08:00","entry_id":289034,"field1":"-2.625","field2":"-5.4375"},{"created_at":"2024-03-07T04:14:20-08:00","entry_id":289035,"field1":"-2.6875","field2":"-5.4375"},{"created_at":"2024-03-07T04:23:56-08:00","entry_id":289036,"field1":"-2.6875","field2":"-5.4375"},{"created_at":"2024-03-07T04:33:32-08:00","entry_id":289037,"field1":"-2.6875","field2":"-5.375"},{"created_at":"2024-03-07T04:43:10-08:00","entry_id":289038,"field1":"-2.6875","field2":"-5.375"},{"created_at":"2024-03-07T04:52:45-08:00","entry_id":289039,"field1":"-2.6875","field2":"-5.3125"},{"created_at":"2024-03-07T05:02:23-08:00","entry_id":289040,"field1":"-2.75","field2":"-5.1875"},{"created_at":"2024-03-07T05:11:59-08:00","entry_id":289041,"field1":"-2.75","field2":"-5.25"},{"created_at":"2024-03-07T05:21:35-08:00","entry_id":289042,"field1":"-2.75","field2":"-5.0625"},{"created_at":"2024-03-07T05:31:11-08:00","entry_id":289043,"field1":"-2.75","field2":"-5.25"},{"created_at":"2024-03-07T05:40:49-08:00","entry_id":289044,"field1":"-2.8125","field2":"-5.25"},{"created_at":"2024-03-07T05:50:25-08:00","entry_id":289045,"field1":"-2.8125","field2":"-5.25"},{"created_at":"2024-03-07T06:00:01-08:00","entry_id":289046,"field1":"-2.8125","field2":"-5.375"},{"created_at":"2024-03-07T06:09:39-08:00","entry_id":289047,"field1":"-2.8125","field2":"-5.5"},{"created_at":"2024-03-07T06:19:15-08:00","entry_id":289048,"field1":"-2.875","field2":"-5.4375"},{"created_at":"2024-03-07T06:28:50-08:00","entry_id":289049,"field1":"-2.875","field2":"-5.4375"},{"created_at":"2024-03-07T06:38:28-08:00","entry_id":289050,"field1":"-2.875","field2":"-5.4375"},{"created_at":"2024-03-07T06:48:05-08:00","entry_id":289051,"field1":"-2.875","field2":"-5.25"},{"created_at":"2024-03-07T06:57:40-08:00","entry_id":289052,"field1":"-2.875","field2":"-5.375"},{"created_at":"2024-03-07T07:07:16-08:00","entry_id":289053,"field1":"-2.9375","field2":"-5.4375"},{"created_at":"2024-03-07T07:16:52-08:00","entry_id":289054,"field1":"-2.9375","field2":"-5.5"},{"created_at":"2024-03-07T07:26:28-08:00","entry_id":289055,"field1":"-2.9375","field2":"-5.4375"},{"created_at":"2024-03-07T07:36:06-08:00","entry_id":289056,"field1":"-2.9375","field2":"-5.1875"},{"created_at":"2024-03-07T07:45:44-08:00","entry_id":289057,"field1":"-2.9375","field2":"-4.9375"},{"created_at":"2024-03-07T07:55:20-08:00","entry_id":289058,"field1":"-2.9375","field2":"-4.875"},{"created_at":"2024-03-07T08:04:57-08:00","entry_id":289059,"field1":"-2.8125","field2":"-3.4375"},{"created_at":"2024-03-07T08:14:33-08:00","entry_id":289060,"field1":"-2.625","field2":"-4"},{"created_at":"2024-03-07T08:24:11-08:00","entry_id":289061,"field1":"-2.5625","field2":"-3.5625"},{"created_at":"2024-03-07T08:33:46-08:00","entry_id":289062,"field1":"-2.4375","field2":"-2.25"},{"created_at":"2024-03-07T08:43:24-08:00","entry_id":289063,"field1":"-2.375","field2":"-2.75"},{"created_at":"2024-03-07T08:53:01-08:00","entry_id":289064,"field1":"-2.3125","field2":"-0.875"},{"created_at":"2024-03-07T09:02:38-08:00","entry_id":289065,"field1":"-2.125","field2":"-2"},{"created_at":"2024-03-07T09:12:14-08:00","entry_id":289066,"field1":"-1.9375","field2":"-2.5"},{"created_at":"2024-03-07T09:21:50-08:00","entry_id":289067,"field1":"-1.75","field2":"-2.625"},{"created_at":"2024-03-07T09:31:26-08:00","entry_id":289068,"field1":"-1.5","field2":"-2.375"},{"created_at":"2024-03-07T09:41:03-08:00","entry_id":289069,"field1":"-1.3125","field2":"-1.4375"},{"created_at":"2024-03-07T09:50:39-08:00","entry_id":289070,"field1":"-1.25","field2":"-1.1875"},{"created_at":"2024-03-07T10:00:15-08:00","entry_id":289071,"field1":"-1.1875","field2":"-0.9375"},{"created_at":"2024-03-07T10:09:53-08:00","entry_id":289072,"field1":"-1.125","field2":"-1.0625"},{"created_at":"2024-03-07T10:19:31-08:00","entry_id":289073,"field1":"-1","field2":"-1"},{"created_at":"2024-03-07T10:29:08-08:00","entry_id":289074,"field1":"-0.875","field2":"-0.5625"},{"created_at":"2024-03-07T10:38:45-08:00","entry_id":289075,"field1":"-0.6875","field2":"-1"},{"created_at":"2024-03-07T10:48:20-08:00","entry_id":289076,"field1":"-0.5625","field2":"-1"},{"created_at":"2024-03-07T10:57:58-08:00","entry_id":289077,"field1":"-0.5","field2":"-0.625"},{"created_at":"2024-03-07T11:07:35-08:00","entry_id":289078,"field1":"-0.375","field2":"-0.6875"},{"created_at":"2024-03-07T11:17:10-08:00","entry_id":289079,"field1":"-0.3125","field2":"-0.8125"},{"created_at":"2024-03-07T11:26:46-08:00","entry_id":289080,"field1":"-0.3125","field2":"-0.6875"},{"created_at":"2024-03-07T11:36:24-08:00","entry_id":289081,"field1":"-0.3125","field2":"-0.625"},{"created_at":"2024-03-07T11:45:59-08:00","entry_id":289082,"field1":"-0.3125","field2":"-0.625"},{"created_at":"2024-03-07T11:55:38-08:00","entry_id":289083,"field1":"-0.25","field2":"-0.3125"},{"created_at":"2024-03-07T12:05:14-08:00","entry_id":289084,"field1":"-0.3125","field2":"-0.3125"},{"created_at":"2024-03-07T12:14:51-08:00","entry_id":289085,"field1":"-0.25","field2":"-0.375"},{"created_at":"2024-03-07T12:24:27-08:00","entry_id":289086,"field1":"-0.25","field2":"-0.1875"},{"created_at":"2024-03-07T12:34:04-08:00","entry_id":289087,"field1":"-0.25","field2":"-0.0625"},{"created_at":"2024-03-07T12:43:40-08:00","entry_id":289088,"field1":"-0.25","field2":"0"},{"created_at":"2024-03-07T12:53:18-08:00","entry_id":289089,"field1":"-0.3125","field2":"0.375"},{"created_at":"2024-03-07T13:02:55-08:00","entry_id":289090,"field1":"-0.25","field2":"0.625"},{"created_at":"2024-03-07T13:12:32-08:00","entry_id":289091,"field1":"-0.3125","field2":"0.5625"},{"created_at":"2024-03-07T13:22:10-08:00","entry_id":289092,"field1":"-0.3125","field2":"0.6875"},{"created_at":"2024-03-07T13:31:45-08:00","entry_id":289093,"field1":"-0.25","field2":"0.8125"},{"created_at":"2024-03-07T13:41:23-08:00","entry_id":289094,"field1":"-0.25","field2":"0.8125"},{"created_at":"2024-03-07T13:51:01-08:00","entry_id":289095,"field1":"-0.25","field2":"1.0625"},{"created_at":"2024-03-07T14:00:38-08:00","entry_id":289096,"field1":"-0.25","field2":"0.875"},{"created_at":"2024-03-07T14:10:14-08:00","entry_id":289097,"field1":"-0.25","field2":"0.8125"},{"created_at":"2024-03-07T14:19:52-08:00","entry_id":289098,"field1":"-0.25","field2":"1.1875"},{"created_at":"2024-03-07T14:29:29-08:00","entry_id":289099,"field1":"-0.25","field2":"1"},{"created_at":"2024-03-07T14:39:06-08:00","entry_id":289100,"field1":"-0.25","field2":"1.1875"},{"created_at":"2024-03-07T14:48:41-08:00","entry_id":289101,"field1":"-0.25","field2":"0.8125"},{"created_at":"2024-03-07T14:58:20-08:00","entry_id":289102,"field1":"-0.25","field2":"0.8125"},{"created_at":"2024-03-07T15:07:57-08:00","entry_id":289103,"field1":"-0.25","field2":"0.75"},{"created_at":"2024-03-07T15:17:32-08:00","entry_id":289104,"field1":"-0.25","field2":"0.8125"},{"created_at":"2024-03-07T15:27:10-08:00","entry_id":289105,"field1":"-0.25","field2":"0.75"},{"created_at":"2024-03-07T15:36:45-08:00","entry_id":289106,"field1":"-0.25","field2":"0.5625"},{"created_at":"2024-03-07T15:46:23-08:00","entry_id":289107,"field1":"-0.1875","field2":"0.5625"},{"created_at":"2024-03-07T15:56:00-08:00","entry_id":289108,"field1":"-0.25","field2":"0.375"},{"created_at":"2024-03-07T16:05:37-08:00","entry_id":289109,"field1":"-0.25","field2":"0.3125"},{"created_at":"2024-03-07T16:15:14-08:00","entry_id":289110,"field1":"-0.25","field2":"0.25"},{"created_at":"2024-03-07T16:24:51-08:00","entry_id":289111,"field1":"-0.25","field2":"0.1875"},{"created_at":"2024-03-07T16:34:27-08:00","entry_id":289112,"field1":"-0.25","field2":"0.125"},{"created_at":"2024-03-07T16:44:05-08:00","entry_id":289113,"field1":"-0.25","field2":"0.0625"},{"created_at":"2024-03-07T16:53:40-08:00","entry_id":289114,"field1":"-0.25","field2":"-0.125"},{"created_at":"2024-03-07T17:03:18-08:00","entry_id":289115,"field1":"-0.25","field2":"-0.125"},{"created_at":"2024-03-07T17:12:54-08:00","entry_id":289116,"field1":"-0.25","field2":"-0.1875"},{"created_at":"2024-03-07T17:22:32-08:00","entry_id":289117,"field1":"-0.25","field2":"-0.1875"},{"created_at":"2024-03-07T17:32:09-08:00","entry_id":289118,"field1":"-0.25","field2":"-0.3125"},{"created_at":"2024-03-07T17:41:46-08:00","entry_id":289119,"field1":"-0.25","field2":"-0.375"},{"created_at":"2024-03-07T17:51:21-08:00","entry_id":289120,"field1":"-0.3125","field2":"-0.5"},{"created_at":"2024-03-07T18:00:59-08:00","entry_id":289121,"field1":"-0.3125","field2":"-0.5"},{"created_at":"2024-03-07T18:10:36-08:00","entry_id":289122,"field1":"-0.3125","field2":"-0.625"},{"created_at":"2024-03-07T18:20:13-08:00","entry_id":289123,"field1":"-0.3125","field2":"-0.6875"},{"created_at":"2024-03-07T18:29:50-08:00","entry_id":289124,"field1":"-0.3125","field2":"-0.8125"},{"created_at":"2024-03-07T18:39:27-08:00","entry_id":289125,"field1":"-0.3125","field2":"-0.875"},{"created_at":"2024-03-07T18:49:04-08:00","entry_id":289126,"field1":"-0.3125","field2":"-0.9375"},{"created_at":"2024-03-07T18:58:41-08:00","entry_id":289127,"field1":"-0.375","field2":"-1"},{"created_at":"2024-03-07T19:08:18-08:00","entry_id":289128,"field1":"-0.375","field2":"-1.125"},{"created_at":"2024-03-07T19:17:56-08:00","entry_id":289129,"field1":"-0.375","field2":"-1.125"},{"created_at":"2024-03-07T19:27:31-08:00","entry_id":289130,"field1":"-0.375","field2":"-1.1875"},{"created_at":"2024-03-07T19:37:09-08:00","entry_id":289131,"field1":"-0.375","field2":"-1.3125"},{"created_at":"2024-03-07T19:46:44-08:00","entry_id":289132,"field1":"-0.375","field2":"-1.375"},{"created_at":"2024-03-07T19:56:21-08:00","entry_id":289133,"field1":"-0.4375","field2":"-1.4375"},{"created_at":"2024-03-07T20:05:58-08:00","entry_id":289134,"field1":"-0.4375","field2":"-1.4375"},{"created_at":"2024-03-07T20:15:36-08:00","entry_id":289135,"field1":"-0.4375","field2":"-1.5"},{"created_at":"2024-03-07T20:25:12-08:00","entry_id":289136,"field1":"-0.4375","field2":"-1.5625"},{"created_at":"2024-03-07T20:34:47-08:00","entry_id":289137,"field1":"-0.4375","field2":"-1.625"},{"created_at":"2024-03-07T20:44:25-08:00","entry_id":289138,"field1":"-0.5","field2":"-1.6875"},{"created_at":"2024-03-07T20:54:02-08:00","entry_id":289139,"field1":"-0.5","field2":"-1.875"},{"created_at":"2024-03-07T21:03:40-08:00","entry_id":289140,"field1":"-0.5","field2":"-1.875"},{"created_at":"2024-03-07T21:13:17-08:00","entry_id":289141,"field1":"-0.5","field2":"-2"},{"created_at":"2024-03-07T21:22:53-08:00","entry_id":289142,"field1":"-0.5","field2":"-1.9375"},{"created_at":"2024-03-07T21:32:30-08:00","entry_id":289143,"field1":"-0.5625","field2":"-2.0625"},{"created_at":"2024-03-07T21:42:08-08:00","entry_id":289144,"field1":"-0.5625","field2":"-2"},{"created_at":"2024-03-07T21:51:44-08:00","entry_id":289145,"field1":"-0.5625","field2":"-2.125"},{"created_at":"2024-03-07T22:01:20-08:00","entry_id":289146,"field1":"-0.5625","field2":"-2.3125"},{"created_at":"2024-03-07T22:10:58-08:00","entry_id":289147,"field1":"-0.625","field2":"-2.125"},{"created_at":"2024-03-07T22:20:35-08:00","entry_id":289148,"field1":"-0.625","field2":"-2.25"},{"created_at":"2024-03-07T22:30:10-08:00","entry_id":289149,"field1":"-0.625","field2":"-2.375"},{"created_at":"2024-03-07T22:39:48-08:00","entry_id":289150,"field1":"-0.625","field2":"-2.375"},{"created_at":"2024-03-07T22:49:25-08:00","entry_id":289151,"field1":"-0.625","field2":"-2.5625"},{"created_at":"2024-03-07T22:59:00-08:00","entry_id":289152,"field1":"-0.6875","field2":"-2.4375"},{"created_at":"2024-03-07T23:08:36-08:00","entry_id":289153,"field1":"-0.6875","field2":"-2.5"},{"created_at":"2024-03-07T23:18:12-08:00","entry_id":289154,"field1":"-0.6875","field2":"-2.625"},{"created_at":"2024-03-07T23:27:49-08:00","entry_id":289155,"field1":"-0.6875","field2":"-2.875"},{"created_at":"2024-03-07T23:37:26-08:00","entry_id":289156,"field1":"-0.75","field2":"-2.625"},{"created_at":"2024-03-07T23:47:03-08:00","entry_id":289157,"field1":"-0.75","field2":"-2.625"},{"created_at":"2024-03-07T23:56:39-08:00","entry_id":289158,"field1":"-0.75","field2":"-2.6875"}]}