{"channel":{"id":581842,"name":"Upstairs Small Window Indoor / Outdoor Sensor","latitude":"0.0","longitude":"0.0","field1":"Indoor Temperature","field2":"Outdoor Temperature","created_at":"2018-09-23T15:37:52-07:00","updated_at":"2020-07-27T05:59:41-07:00","last_entry_id":150129},"feeds":[{"created_at":"2019-10-09T00:01:10-07:00","entry_id":54352,"field1":"15.5","field2":"2.125"},{"created_at":"2019-10-09T00:10:47-07:00","entry_id":54353,"field1":"14.9375","field2":"1.9375"},{"created_at":"2019-10-09T00:20:25-07:00","entry_id":54354,"field1":"15.3125","field2":"1.75"},{"created_at":"2019-10-09T00:30:02-07:00","entry_id":54355,"field1":"15.5","field2":"1.875"},{"created_at":"2019-10-09T00:39:38-07:00","entry_id":54356,"field1":"14.9375","field2":"1.6875"},{"created_at":"2019-10-09T00:49:19-07:00","entry_id":54357,"field1":"15.125","field2":"1.5625"},{"created_at":"2019-10-09T00:58:56-07:00","entry_id":54358,"field1":"15.4375","field2":"1.4375"},{"created_at":"2019-10-09T01:08:33-07:00","entry_id":54359,"field1":"14.875","field2":"1.3125"},{"created_at":"2019-10-09T01:18:10-07:00","entry_id":54360,"field1":"15.125","field2":"1.25"},{"created_at":"2019-10-09T01:27:47-07:00","entry_id":54361,"field1":"15.5","field2":"1.1875"},{"created_at":"2019-10-09T01:37:25-07:00","entry_id":54362,"field1":"14.875","field2":"1.0625"},{"created_at":"2019-10-09T01:47:02-07:00","entry_id":54363,"field1":"14.9375","field2":"0.8125"},{"created_at":"2019-10-09T01:56:40-07:00","entry_id":54364,"field1":"15.5","field2":"0.875"},{"created_at":"2019-10-09T02:06:17-07:00","entry_id":54365,"field1":"14.875","field2":"0.6875"},{"created_at":"2019-10-09T02:15:54-07:00","entry_id":54366,"field1":"14.75","field2":"0.8125"},{"created_at":"2019-10-09T02:25:32-07:00","entry_id":54367,"field1":"15.4375","field2":"0.6875"},{"created_at":"2019-10-09T02:35:09-07:00","entry_id":54368,"field1":"14.875","field2":"0.5"},{"created_at":"2019-10-09T02:44:46-07:00","entry_id":54369,"field1":"14.6875","field2":"0.5"},{"created_at":"2019-10-09T02:54:24-07:00","entry_id":54370,"field1":"15.375","field2":"0.5625"},{"created_at":"2019-10-09T03:04:02-07:00","entry_id":54371,"field1":"14.8125","field2":"-0.125"},{"created_at":"2019-10-09T03:13:43-07:00","entry_id":54372,"field1":"14.625","field2":"0.1875"},{"created_at":"2019-10-09T03:23:19-07:00","entry_id":54373,"field1":"15.25","field2":"0.375"},{"created_at":"2019-10-09T03:32:56-07:00","entry_id":54374,"field1":"14.75","field2":"0.0625"},{"created_at":"2019-10-09T03:42:34-07:00","entry_id":54375,"field1":"14.5","field2":"0"},{"created_at":"2019-10-09T03:52:11-07:00","entry_id":54376,"field1":"15.25","field2":"0.25"},{"created_at":"2019-10-09T04:01:48-07:00","entry_id":54377,"field1":"14.6875","field2":"0.1875"},{"created_at":"2019-10-09T04:11:26-07:00","entry_id":54378,"field1":"14.375","field2":"-0.125"},{"created_at":"2019-10-09T04:21:03-07:00","entry_id":54379,"field1":"15.125","field2":"-0.1875"},{"created_at":"2019-10-09T04:30:40-07:00","entry_id":54380,"field1":"14.625","field2":"-0.0625"},{"created_at":"2019-10-09T04:40:18-07:00","entry_id":54381,"field1":"14.3125","field2":"-0.1875"},{"created_at":"2019-10-09T04:49:55-07:00","entry_id":54382,"field1":"15.125","field2":"-0.1875"},{"created_at":"2019-10-09T04:59:32-07:00","entry_id":54383,"field1":"14.625","field2":"-0.375"},{"created_at":"2019-10-09T05:09:09-07:00","entry_id":54384,"field1":"14.1875","field2":"-0.375"},{"created_at":"2019-10-09T05:18:47-07:00","entry_id":54385,"field1":"14.9375","field2":"-0.3125"},{"created_at":"2019-10-09T05:28:24-07:00","entry_id":54386,"field1":"14.5625","field2":"-0.5"},{"created_at":"2019-10-09T05:38:06-07:00","entry_id":54387,"field1":"14.125","field2":"-0.375"},{"created_at":"2019-10-09T05:47:43-07:00","entry_id":54388,"field1":"14.875","field2":"-0.3125"},{"created_at":"2019-10-09T05:57:19-07:00","entry_id":54389,"field1":"14.625","field2":"-0.1875"},{"created_at":"2019-10-09T06:06:57-07:00","entry_id":54390,"field1":"14.125","field2":"-0.375"},{"created_at":"2019-10-09T06:16:34-07:00","entry_id":54391,"field1":"14.75","field2":"-0.4375"},{"created_at":"2019-10-09T06:26:12-07:00","entry_id":54392,"field1":"14.5","field2":"-0.3125"},{"created_at":"2019-10-09T06:35:50-07:00","entry_id":54393,"field1":"14","field2":"-0.625"},{"created_at":"2019-10-09T06:45:27-07:00","entry_id":54394,"field1":"14.6875","field2":"-1.125"},{"created_at":"2019-10-09T06:55:04-07:00","entry_id":54395,"field1":"14.4375","field2":"-1.25"},{"created_at":"2019-10-09T07:04:41-07:00","entry_id":54396,"field1":"13.9375","field2":"-0.9375"},{"created_at":"2019-10-09T07:14:19-07:00","entry_id":54397,"field1":"14.6875","field2":"-1.375"},{"created_at":"2019-10-09T07:23:56-07:00","entry_id":54398,"field1":"14.375","field2":"-0.8125"},{"created_at":"2019-10-09T07:33:35-07:00","entry_id":54399,"field1":"13.875","field2":"-0.75"},{"created_at":"2019-10-09T07:43:11-07:00","entry_id":54400,"field1":"14.5625","field2":"-0.4375"},{"created_at":"2019-10-09T07:52:48-07:00","entry_id":54401,"field1":"14.3125","field2":"-0.625"},{"created_at":"2019-10-09T08:02:26-07:00","entry_id":54402,"field1":"13.8125","field2":"-0.75"},{"created_at":"2019-10-09T08:12:04-07:00","entry_id":54403,"field1":"14.5","field2":"-0.5"},{"created_at":"2019-10-09T08:21:41-07:00","entry_id":54404,"field1":"14.25","field2":"-0.5625"},{"created_at":"2019-10-09T08:31:19-07:00","entry_id":54405,"field1":"13.75","field2":"-0.125"},{"created_at":"2019-10-09T08:40:57-07:00","entry_id":54406,"field1":"14.6875","field2":"1.125"},{"created_at":"2019-10-09T08:50:34-07:00","entry_id":54407,"field1":"14.5","field2":"2.5"},{"created_at":"2019-10-09T09:00:15-07:00","entry_id":54408,"field1":"14.125","field2":"3.3125"},{"created_at":"2019-10-09T09:09:52-07:00","entry_id":54409,"field1":"15.0625","field2":"3.125"},{"created_at":"2019-10-09T09:19:30-07:00","entry_id":54410,"field1":"14.625","field2":"3.1875"},{"created_at":"2019-10-09T09:29:07-07:00","entry_id":54411,"field1":"14.375","field2":"2.25"},{"created_at":"2019-10-09T09:38:45-07:00","entry_id":54412,"field1":"15.4375","field2":"2.875"},{"created_at":"2019-10-09T09:48:22-07:00","entry_id":54413,"field1":"15.375","field2":"2.5"},{"created_at":"2019-10-09T09:58:04-07:00","entry_id":54414,"field1":"15.375","field2":"3.0625"},{"created_at":"2019-10-09T10:07:40-07:00","entry_id":54415,"field1":"15.8125","field2":"3.1875"},{"created_at":"2019-10-09T10:17:18-07:00","entry_id":54416,"field1":"15.4375","field2":"2.9375"},{"created_at":"2019-10-09T10:26:54-07:00","entry_id":54417,"field1":"14.875","field2":"3.25"},{"created_at":"2019-10-09T10:36:32-07:00","entry_id":54418,"field1":"15.75","field2":"3.75"},{"created_at":"2019-10-09T10:46:10-07:00","entry_id":54419,"field1":"15.8125","field2":"3.6875"},{"created_at":"2019-10-09T10:55:47-07:00","entry_id":54420,"field1":"15.3125","field2":"3.9375"},{"created_at":"2019-10-09T11:05:28-07:00","entry_id":54421,"field1":"15.6875","field2":"4.3125"},{"created_at":"2019-10-09T11:15:04-07:00","entry_id":54422,"field1":"16.125","field2":"4.125"},{"created_at":"2019-10-09T11:24:43-07:00","entry_id":54423,"field1":"15.75","field2":"4.25"},{"created_at":"2019-10-09T11:34:18-07:00","entry_id":54424,"field1":"15.3125","field2":"4.4375"},{"created_at":"2019-10-09T11:43:54-07:00","entry_id":54425,"field1":"13.9375","field2":"4.5625"},{"created_at":"2019-10-09T11:53:26-07:00","entry_id":54426,"field1":"11.6875","field2":"4.3125"},{"created_at":"2019-10-09T12:03:03-07:00","entry_id":54427,"field1":"11.6875","field2":"4.25"},{"created_at":"2019-10-09T12:12:41-07:00","entry_id":54428,"field1":"12.375","field2":"4.5625"},{"created_at":"2019-10-09T12:22:22-07:00","entry_id":54429,"field1":"13.125","field2":"4.875"},{"created_at":"2019-10-09T12:31:59-07:00","entry_id":54430,"field1":"13.625","field2":"5.1875"},{"created_at":"2019-10-09T12:41:42-07:00","entry_id":54431,"field1":"15","field2":"5.375"},{"created_at":"2019-10-09T12:51:19-07:00","entry_id":54432,"field1":"15.125","field2":"5.75"},{"created_at":"2019-10-09T13:00:55-07:00","entry_id":54433,"field1":"13.375","field2":"4.8125"},{"created_at":"2019-10-09T13:10:37-07:00","entry_id":54434,"field1":"15.625","field2":"5.125"},{"created_at":"2019-10-09T13:20:14-07:00","entry_id":54435,"field1":"15.5625","field2":"4.875"},{"created_at":"2019-10-09T13:29:52-07:00","entry_id":54436,"field1":"15.125","field2":"4.6875"},{"created_at":"2019-10-09T13:39:29-07:00","entry_id":54437,"field1":"15.4375","field2":"5"},{"created_at":"2019-10-09T13:49:07-07:00","entry_id":54438,"field1":"15.6875","field2":"4.75"},{"created_at":"2019-10-09T13:58:45-07:00","entry_id":54439,"field1":"15.1875","field2":"4.9375"},{"created_at":"2019-10-09T14:08:22-07:00","entry_id":54440,"field1":"15.3125","field2":"5.1875"},{"created_at":"2019-10-09T14:18:00-07:00","entry_id":54441,"field1":"15.6875","field2":"5.0625"},{"created_at":"2019-10-09T14:27:39-07:00","entry_id":54442,"field1":"15.1875","field2":"5"},{"created_at":"2019-10-09T14:37:15-07:00","entry_id":54443,"field1":"15.125","field2":"4.875"},{"created_at":"2019-10-09T14:46:53-07:00","entry_id":54444,"field1":"15.8125","field2":"4.8125"},{"created_at":"2019-10-09T14:56:31-07:00","entry_id":54445,"field1":"15.25","field2":"4.75"},{"created_at":"2019-10-09T15:06:08-07:00","entry_id":54446,"field1":"14.9375","field2":"5"},{"created_at":"2019-10-09T15:15:46-07:00","entry_id":54447,"field1":"15.75","field2":"5.0625"},{"created_at":"2019-10-09T15:25:23-07:00","entry_id":54448,"field1":"15.3125","field2":"5"},{"created_at":"2019-10-09T15:35:00-07:00","entry_id":54449,"field1":"14.875","field2":"5"},{"created_at":"2019-10-09T15:44:38-07:00","entry_id":54450,"field1":"15.6875","field2":"5.125"},{"created_at":"2019-10-09T15:54:15-07:00","entry_id":54451,"field1":"15.4375","field2":"4.9375"},{"created_at":"2019-10-09T16:03:52-07:00","entry_id":54452,"field1":"14.9375","field2":"4.6875"},{"created_at":"2019-10-09T16:13:29-07:00","entry_id":54453,"field1":"15.3125","field2":"4.625"},{"created_at":"2019-10-09T16:23:09-07:00","entry_id":54454,"field1":"15.5","field2":"4.4375"},{"created_at":"2019-10-09T16:32:45-07:00","entry_id":54455,"field1":"14.9375","field2":"4.125"},{"created_at":"2019-10-09T16:42:24-07:00","entry_id":54456,"field1":"15.1875","field2":"3.9375"},{"created_at":"2019-10-09T16:52:01-07:00","entry_id":54457,"field1":"15.5","field2":"3.875"},{"created_at":"2019-10-09T17:01:38-07:00","entry_id":54458,"field1":"14.9375","field2":"3.8125"},{"created_at":"2019-10-09T17:11:15-07:00","entry_id":54459,"field1":"15","field2":"3.625"},{"created_at":"2019-10-09T17:20:56-07:00","entry_id":54460,"field1":"15.5","field2":"3.375"},{"created_at":"2019-10-09T17:30:32-07:00","entry_id":54461,"field1":"14.9375","field2":"3.25"},{"created_at":"2019-10-09T17:40:13-07:00","entry_id":54462,"field1":"14.875","field2":"3"},{"created_at":"2019-10-09T17:49:49-07:00","entry_id":54463,"field1":"15.5","field2":"2.8125"},{"created_at":"2019-10-09T17:59:27-07:00","entry_id":54464,"field1":"14.875","field2":"2.6875"},{"created_at":"2019-10-09T18:09:03-07:00","entry_id":54465,"field1":"14.8125","field2":"2.4375"},{"created_at":"2019-10-09T18:18:41-07:00","entry_id":54466,"field1":"15.375","field2":"2.0625"},{"created_at":"2019-10-09T18:28:18-07:00","entry_id":54467,"field1":"14.875","field2":"2.0625"},{"created_at":"2019-10-09T18:37:55-07:00","entry_id":54468,"field1":"14.6875","field2":"2.0625"},{"created_at":"2019-10-09T18:47:36-07:00","entry_id":54469,"field1":"15.375","field2":"1.75"},{"created_at":"2019-10-09T18:57:12-07:00","entry_id":54470,"field1":"14.875","field2":"1.5625"},{"created_at":"2019-10-09T19:06:53-07:00","entry_id":54471,"field1":"14.625","field2":"1.5"},{"created_at":"2019-10-09T19:16:29-07:00","entry_id":54472,"field1":"15.3125","field2":"1.3125"},{"created_at":"2019-10-09T19:26:06-07:00","entry_id":54473,"field1":"14.8125","field2":"1.3125"},{"created_at":"2019-10-09T19:35:43-07:00","entry_id":54474,"field1":"14.5","field2":"1.3125"},{"created_at":"2019-10-09T19:45:21-07:00","entry_id":54475,"field1":"15.25","field2":"1.5625"},{"created_at":"2019-10-09T19:54:58-07:00","entry_id":54476,"field1":"14.6875","field2":"1.25"},{"created_at":"2019-10-09T20:04:35-07:00","entry_id":54477,"field1":"14.4375","field2":"1.0625"},{"created_at":"2019-10-09T20:14:17-07:00","entry_id":54478,"field1":"15.125","field2":"1.1875"},{"created_at":"2019-10-09T20:23:53-07:00","entry_id":54479,"field1":"14.625","field2":"1.1875"},{"created_at":"2019-10-09T20:33:31-07:00","entry_id":54480,"field1":"14.3125","field2":"1.1875"},{"created_at":"2019-10-09T20:43:12-07:00","entry_id":54481,"field1":"15.0625","field2":"1"},{"created_at":"2019-10-09T20:52:47-07:00","entry_id":54482,"field1":"14.5625","field2":"0.75"},{"created_at":"2019-10-09T21:02:24-07:00","entry_id":54483,"field1":"14.25","field2":"0.8125"},{"created_at":"2019-10-09T21:12:01-07:00","entry_id":54484,"field1":"15","field2":"0.8125"},{"created_at":"2019-10-09T21:21:38-07:00","entry_id":54485,"field1":"14.5625","field2":"0.75"},{"created_at":"2019-10-09T21:31:16-07:00","entry_id":54486,"field1":"14.125","field2":"0.625"},{"created_at":"2019-10-09T21:40:53-07:00","entry_id":54487,"field1":"14.875","field2":"0.625"},{"created_at":"2019-10-09T21:50:31-07:00","entry_id":54488,"field1":"14.5625","field2":"0.625"},{"created_at":"2019-10-09T22:00:08-07:00","entry_id":54489,"field1":"14.125","field2":"0.5625"},{"created_at":"2019-10-09T22:09:47-07:00","entry_id":54490,"field1":"14.8125","field2":"0.5625"},{"created_at":"2019-10-09T22:19:24-07:00","entry_id":54491,"field1":"14.5","field2":"0.3125"},{"created_at":"2019-10-09T22:29:01-07:00","entry_id":54492,"field1":"14.0625","field2":"0.25"},{"created_at":"2019-10-09T22:38:38-07:00","entry_id":54493,"field1":"14.75","field2":"0.125"},{"created_at":"2019-10-09T22:48:15-07:00","entry_id":54494,"field1":"14.4375","field2":"0.0625"},{"created_at":"2019-10-09T22:57:53-07:00","entry_id":54495,"field1":"14","field2":"-0.125"},{"created_at":"2019-10-09T23:07:29-07:00","entry_id":54496,"field1":"14.75","field2":"0.0625"},{"created_at":"2019-10-09T23:17:07-07:00","entry_id":54497,"field1":"14.4375","field2":"0"},{"created_at":"2019-10-09T23:26:44-07:00","entry_id":54498,"field1":"13.9375","field2":"-0.25"},{"created_at":"2019-10-09T23:36:21-07:00","entry_id":54499,"field1":"14.625","field2":"-0.1875"},{"created_at":"2019-10-09T23:46:00-07:00","entry_id":54500,"field1":"14.4375","field2":"-0.3125"},{"created_at":"2019-10-09T23:55:36-07:00","entry_id":54501,"field1":"13.875","field2":"-0.3125"}]}