{"channel":{"id":581842,"name":"Upstairs Small Window Indoor / Outdoor Sensor","latitude":"0.0","longitude":"0.0","field1":"Indoor Temperature","field2":"Outdoor Temperature","created_at":"2018-09-23T15:37:52-07:00","updated_at":"2020-07-27T05:59:41-07:00","last_entry_id":217171},"feeds":[{"created_at":"2022-11-01T00:02:10-07:00","entry_id":215904,"field1":"7.625","field2":"4.25"},{"created_at":"2022-11-01T00:11:47-07:00","entry_id":215905,"field1":"7.625","field2":"4.25"},{"created_at":"2022-11-01T00:21:23-07:00","entry_id":215906,"field1":"7.5625","field2":"4.25"},{"created_at":"2022-11-01T00:31:02-07:00","entry_id":215907,"field1":"7.5625","field2":"4.125"},{"created_at":"2022-11-01T00:40:37-07:00","entry_id":215908,"field1":"7.5625","field2":"3.9375"},{"created_at":"2022-11-01T00:50:14-07:00","entry_id":215909,"field1":"7.5625","field2":"3.75"},{"created_at":"2022-11-01T00:59:52-07:00","entry_id":215910,"field1":"7.5","field2":"3.6875"},{"created_at":"2022-11-01T01:09:29-07:00","entry_id":215911,"field1":"7.5","field2":"3.625"},{"created_at":"2022-11-01T01:19:06-07:00","entry_id":215912,"field1":"7.5","field2":"3.4375"},{"created_at":"2022-11-01T01:28:42-07:00","entry_id":215913,"field1":"7.4375","field2":"3.5"},{"created_at":"2022-11-01T01:38:20-07:00","entry_id":215914,"field1":"7.4375","field2":"3.5625"},{"created_at":"2022-11-01T01:47:57-07:00","entry_id":215915,"field1":"7.4375","field2":"3.5"},{"created_at":"2022-11-01T01:57:34-07:00","entry_id":215916,"field1":"7.375","field2":"3.5625"},{"created_at":"2022-11-01T02:07:10-07:00","entry_id":215917,"field1":"7.375","field2":"3.5"},{"created_at":"2022-11-01T02:16:49-07:00","entry_id":215918,"field1":"7.375","field2":"3.375"},{"created_at":"2022-11-01T02:26:24-07:00","entry_id":215919,"field1":"7.3125","field2":"3.5625"},{"created_at":"2022-11-01T02:36:00-07:00","entry_id":215920,"field1":"7.3125","field2":"3.4375"},{"created_at":"2022-11-01T02:45:37-07:00","entry_id":215921,"field1":"7.3125","field2":"3.4375"},{"created_at":"2022-11-01T02:55:15-07:00","entry_id":215922,"field1":"7.25","field2":"3.375"},{"created_at":"2022-11-01T03:04:53-07:00","entry_id":215923,"field1":"7.25","field2":"3.4375"},{"created_at":"2022-11-01T03:14:30-07:00","entry_id":215924,"field1":"7.25","field2":"3.5"},{"created_at":"2022-11-01T03:24:08-07:00","entry_id":215925,"field1":"7.1875","field2":"3.6875"},{"created_at":"2022-11-01T03:33:45-07:00","entry_id":215926,"field1":"7.1875","field2":"3.5"},{"created_at":"2022-11-01T03:43:22-07:00","entry_id":215927,"field1":"7.1875","field2":"3.5625"},{"created_at":"2022-11-01T03:52:59-07:00","entry_id":215928,"field1":"7.1875","field2":"3.625"},{"created_at":"2022-11-01T04:02:37-07:00","entry_id":215929,"field1":"7.125","field2":"3.6875"},{"created_at":"2022-11-01T04:12:15-07:00","entry_id":215930,"field1":"7.125","field2":"3.5"},{"created_at":"2022-11-01T04:21:52-07:00","entry_id":215931,"field1":"7.125","field2":"3.5"},{"created_at":"2022-11-01T04:31:29-07:00","entry_id":215932,"field1":"7.125","field2":"3.3125"},{"created_at":"2022-11-01T04:41:07-07:00","entry_id":215933,"field1":"7.0625","field2":"3.1875"},{"created_at":"2022-11-01T04:50:44-07:00","entry_id":215934,"field1":"7.0625","field2":"3.3125"},{"created_at":"2022-11-01T05:00:21-07:00","entry_id":215935,"field1":"7.0625","field2":"3.0625"},{"created_at":"2022-11-01T05:09:58-07:00","entry_id":215936,"field1":"7","field2":"3.125"},{"created_at":"2022-11-01T05:19:36-07:00","entry_id":215937,"field1":"7","field2":"3.125"},{"created_at":"2022-11-01T05:29:13-07:00","entry_id":215938,"field1":"7","field2":"3.125"},{"created_at":"2022-11-01T05:38:50-07:00","entry_id":215939,"field1":"7","field2":"2.875"},{"created_at":"2022-11-01T05:48:28-07:00","entry_id":215940,"field1":"6.9375","field2":"2.625"},{"created_at":"2022-11-01T05:58:05-07:00","entry_id":215941,"field1":"6.9375","field2":"2.8125"},{"created_at":"2022-11-01T06:07:41-07:00","entry_id":215942,"field1":"6.875","field2":"2.625"},{"created_at":"2022-11-01T06:17:19-07:00","entry_id":215943,"field1":"6.875","field2":"2.6875"},{"created_at":"2022-11-01T06:26:56-07:00","entry_id":215944,"field1":"6.875","field2":"2.8125"},{"created_at":"2022-11-01T06:36:31-07:00","entry_id":215945,"field1":"6.875","field2":"2.9375"},{"created_at":"2022-11-01T06:46:09-07:00","entry_id":215946,"field1":"6.8125","field2":"2.8125"},{"created_at":"2022-11-01T06:55:46-07:00","entry_id":215947,"field1":"6.8125","field2":"2.75"},{"created_at":"2022-11-01T07:05:24-07:00","entry_id":215948,"field1":"6.8125","field2":"3.0625"},{"created_at":"2022-11-01T07:15:01-07:00","entry_id":215949,"field1":"6.75","field2":"2.75"},{"created_at":"2022-11-01T07:24:38-07:00","entry_id":215950,"field1":"6.75","field2":"2.875"},{"created_at":"2022-11-01T07:34:15-07:00","entry_id":215951,"field1":"6.75","field2":"2.625"},{"created_at":"2022-11-01T07:43:51-07:00","entry_id":215952,"field1":"6.6875","field2":"2.625"},{"created_at":"2022-11-01T07:53:29-07:00","entry_id":215953,"field1":"6.6875","field2":"2.0625"},{"created_at":"2022-11-01T08:03:07-07:00","entry_id":215954,"field1":"6.6875","field2":"2.0625"},{"created_at":"2022-11-01T08:12:44-07:00","entry_id":215955,"field1":"6.6875","field2":"1.9375"},{"created_at":"2022-11-01T08:22:21-07:00","entry_id":215956,"field1":"6.875","field2":"2.1875"},{"created_at":"2022-11-01T08:31:59-07:00","entry_id":215957,"field1":"7.5","field2":"1.875"},{"created_at":"2022-11-01T08:41:36-07:00","entry_id":215958,"field1":"8","field2":"2"},{"created_at":"2022-11-01T08:51:15-07:00","entry_id":215959,"field1":"8.3125","field2":"2.1875"},{"created_at":"2022-11-01T09:00:52-07:00","entry_id":215960,"field1":"7.9375","field2":"2.25"},{"created_at":"2022-11-01T09:10:30-07:00","entry_id":215961,"field1":"7.6875","field2":"2.1875"},{"created_at":"2022-11-01T09:20:07-07:00","entry_id":215962,"field1":"7.5","field2":"2.375"},{"created_at":"2022-11-01T09:29:45-07:00","entry_id":215963,"field1":"7.4375","field2":"2.5"},{"created_at":"2022-11-01T09:39:20-07:00","entry_id":215964,"field1":"7.3125","field2":"3.0625"},{"created_at":"2022-11-01T09:48:57-07:00","entry_id":215965,"field1":"7.25","field2":"3.125"},{"created_at":"2022-11-01T09:58:35-07:00","entry_id":215966,"field1":"7.1875","field2":"3.375"},{"created_at":"2022-11-01T10:08:13-07:00","entry_id":215967,"field1":"7.125","field2":"3.625"},{"created_at":"2022-11-01T10:17:50-07:00","entry_id":215968,"field1":"7.125","field2":"4.0625"},{"created_at":"2022-11-01T10:27:27-07:00","entry_id":215969,"field1":"7.0625","field2":"4.1875"},{"created_at":"2022-11-01T10:37:04-07:00","entry_id":215970,"field1":"7.0625","field2":"4.3125"},{"created_at":"2022-11-01T10:46:42-07:00","entry_id":215971,"field1":"7","field2":"4.5625"},{"created_at":"2022-11-01T10:56:19-07:00","entry_id":215972,"field1":"7","field2":"4.375"},{"created_at":"2022-11-01T11:05:56-07:00","entry_id":215973,"field1":"7","field2":"4.6875"},{"created_at":"2022-11-01T11:15:33-07:00","entry_id":215974,"field1":"7","field2":"4.75"},{"created_at":"2022-11-01T11:25:11-07:00","entry_id":215975,"field1":"6.9375","field2":"4.625"},{"created_at":"2022-11-01T11:34:48-07:00","entry_id":215976,"field1":"6.9375","field2":"4.6875"},{"created_at":"2022-11-01T11:44:25-07:00","entry_id":215977,"field1":"6.9375","field2":"4.75"},{"created_at":"2022-11-01T11:54:02-07:00","entry_id":215978,"field1":"6.9375","field2":"5.0625"},{"created_at":"2022-11-01T12:03:39-07:00","entry_id":215979,"field1":"6.9375","field2":"5.0625"},{"created_at":"2022-11-01T12:13:16-07:00","entry_id":215980,"field1":"6.9375","field2":"5"},{"created_at":"2022-11-01T12:22:52-07:00","entry_id":215981,"field1":"6.9375","field2":"5.25"},{"created_at":"2022-11-01T12:32:31-07:00","entry_id":215982,"field1":"6.875","field2":"5.25"},{"created_at":"2022-11-01T12:42:08-07:00","entry_id":215983,"field1":"6.875","field2":"5.1875"},{"created_at":"2022-11-01T12:51:45-07:00","entry_id":215984,"field1":"6.875","field2":"5.25"},{"created_at":"2022-11-01T13:01:22-07:00","entry_id":215985,"field1":"6.875","field2":"5.375"},{"created_at":"2022-11-01T13:10:58-07:00","entry_id":215986,"field1":"6.9375","field2":"5.4375"},{"created_at":"2022-11-01T13:20:37-07:00","entry_id":215987,"field1":"6.9375","field2":"5.6875"},{"created_at":"2022-11-01T13:30:14-07:00","entry_id":215988,"field1":"6.9375","field2":"5.8125"},{"created_at":"2022-11-01T13:39:52-07:00","entry_id":215989,"field1":"6.9375","field2":"5.875"},{"created_at":"2022-11-01T13:49:29-07:00","entry_id":215990,"field1":"6.9375","field2":"6"},{"created_at":"2022-11-01T13:59:06-07:00","entry_id":215991,"field1":"6.9375","field2":"6"},{"created_at":"2022-11-01T14:08:42-07:00","entry_id":215992,"field1":"6.9375","field2":"6.0625"},{"created_at":"2022-11-01T14:18:20-07:00","entry_id":215993,"field1":"6.9375","field2":"5.9375"},{"created_at":"2022-11-01T14:27:58-07:00","entry_id":215994,"field1":"6.9375","field2":"5.9375"},{"created_at":"2022-11-01T14:37:34-07:00","entry_id":215995,"field1":"6.9375","field2":"6"},{"created_at":"2022-11-01T14:47:12-07:00","entry_id":215996,"field1":"6.9375","field2":"6.125"},{"created_at":"2022-11-01T14:56:50-07:00","entry_id":215997,"field1":"6.9375","field2":"6.1875"},{"created_at":"2022-11-01T15:06:27-07:00","entry_id":215998,"field1":"6.9375","field2":"6.375"},{"created_at":"2022-11-01T15:16:05-07:00","entry_id":215999,"field1":"6.9375","field2":"6.25"},{"created_at":"2022-11-01T15:25:42-07:00","entry_id":216000,"field1":"6.9375","field2":"6.3125"},{"created_at":"2022-11-01T15:35:17-07:00","entry_id":216001,"field1":"6.9375","field2":"6.4375"},{"created_at":"2022-11-01T15:44:55-07:00","entry_id":216002,"field1":"6.9375","field2":"6.5"},{"created_at":"2022-11-01T15:54:31-07:00","entry_id":216003,"field1":"7","field2":"6.5"},{"created_at":"2022-11-01T16:04:09-07:00","entry_id":216004,"field1":"7","field2":"6.25"},{"created_at":"2022-11-01T16:13:47-07:00","entry_id":216005,"field1":"6.9375","field2":"6.0625"},{"created_at":"2022-11-01T16:23:24-07:00","entry_id":216006,"field1":"7","field2":"5.9375"},{"created_at":"2022-11-01T16:33:01-07:00","entry_id":216007,"field1":"6.9375","field2":"5.8125"},{"created_at":"2022-11-01T16:42:37-07:00","entry_id":216008,"field1":"6.9375","field2":"5.6875"},{"created_at":"2022-11-01T16:52:16-07:00","entry_id":216009,"field1":"6.9375","field2":"5.625"},{"created_at":"2022-11-01T17:01:53-07:00","entry_id":216010,"field1":"6.9375","field2":"5.625"},{"created_at":"2022-11-01T17:11:30-07:00","entry_id":216011,"field1":"6.9375","field2":"5.5"},{"created_at":"2022-11-01T17:21:08-07:00","entry_id":216012,"field1":"6.9375","field2":"5.25"},{"created_at":"2022-11-01T17:30:45-07:00","entry_id":216013,"field1":"6.9375","field2":"5"},{"created_at":"2022-11-01T17:40:22-07:00","entry_id":216014,"field1":"6.9375","field2":"4.75"},{"created_at":"2022-11-01T17:49:58-07:00","entry_id":216015,"field1":"6.9375","field2":"4.5"},{"created_at":"2022-11-01T17:59:36-07:00","entry_id":216016,"field1":"6.9375","field2":"4.25"},{"created_at":"2022-11-01T18:09:11-07:00","entry_id":216017,"field1":"6.9375","field2":"4.125"},{"created_at":"2022-11-01T18:18:50-07:00","entry_id":216018,"field1":"6.875","field2":"3.9375"},{"created_at":"2022-11-01T18:28:27-07:00","entry_id":216019,"field1":"6.875","field2":"3.875"},{"created_at":"2022-11-01T18:38:04-07:00","entry_id":216020,"field1":"6.875","field2":"3.75"},{"created_at":"2022-11-01T18:47:42-07:00","entry_id":216021,"field1":"6.875","field2":"3.75"},{"created_at":"2022-11-01T18:57:19-07:00","entry_id":216022,"field1":"6.8125","field2":"3.625"},{"created_at":"2022-11-01T19:06:55-07:00","entry_id":216023,"field1":"6.8125","field2":"3.625"},{"created_at":"2022-11-01T19:16:32-07:00","entry_id":216024,"field1":"6.8125","field2":"3.5"},{"created_at":"2022-11-01T19:26:10-07:00","entry_id":216025,"field1":"6.75","field2":"3.375"},{"created_at":"2022-11-01T19:35:47-07:00","entry_id":216026,"field1":"6.75","field2":"3.3125"},{"created_at":"2022-11-01T19:45:25-07:00","entry_id":216027,"field1":"6.75","field2":"3.125"},{"created_at":"2022-11-01T19:55:02-07:00","entry_id":216028,"field1":"6.75","field2":"3.0625"},{"created_at":"2022-11-01T20:04:39-07:00","entry_id":216029,"field1":"6.6875","field2":"2.875"},{"created_at":"2022-11-01T20:14:16-07:00","entry_id":216030,"field1":"6.6875","field2":"2.75"},{"created_at":"2022-11-01T20:23:53-07:00","entry_id":216031,"field1":"7.25","field2":"2.8125"},{"created_at":"2022-11-01T20:33:29-07:00","entry_id":216032,"field1":"7.8125","field2":"2.75"},{"created_at":"2022-11-01T20:43:09-07:00","entry_id":216033,"field1":"8.25","field2":"2.75"},{"created_at":"2022-11-01T20:52:46-07:00","entry_id":216034,"field1":"8.1875","field2":"2.6875"},{"created_at":"2022-11-01T21:02:23-07:00","entry_id":216035,"field1":"7.8125","field2":"2.6875"},{"created_at":"2022-11-01T21:12:00-07:00","entry_id":216036,"field1":"7.625","field2":"2.6875"},{"created_at":"2022-11-01T21:21:38-07:00","entry_id":216037,"field1":"7.5","field2":"2.5625"},{"created_at":"2022-11-01T21:31:14-07:00","entry_id":216038,"field1":"7.375","field2":"2.6875"},{"created_at":"2022-11-01T21:40:51-07:00","entry_id":216039,"field1":"7.3125","field2":"2.75"},{"created_at":"2022-11-01T21:50:28-07:00","entry_id":216040,"field1":"7.1875","field2":"2.6875"},{"created_at":"2022-11-01T22:00:06-07:00","entry_id":216041,"field1":"7.125","field2":"2.6875"},{"created_at":"2022-11-01T22:09:43-07:00","entry_id":216042,"field1":"7.0625","field2":"2.6875"},{"created_at":"2022-11-01T22:19:20-07:00","entry_id":216043,"field1":"7.0625","field2":"2.625"},{"created_at":"2022-11-01T22:28:55-07:00","entry_id":216044,"field1":"7","field2":"2.5625"},{"created_at":"2022-11-01T22:38:34-07:00","entry_id":216045,"field1":"6.9375","field2":"2.625"},{"created_at":"2022-11-01T22:48:11-07:00","entry_id":216046,"field1":"6.875","field2":"2.5"},{"created_at":"2022-11-01T22:57:49-07:00","entry_id":216047,"field1":"6.875","field2":"2.4375"},{"created_at":"2022-11-01T23:07:26-07:00","entry_id":216048,"field1":"6.8125","field2":"2.4375"},{"created_at":"2022-11-01T23:17:01-07:00","entry_id":216049,"field1":"6.75","field2":"2.25"},{"created_at":"2022-11-01T23:26:39-07:00","entry_id":216050,"field1":"6.75","field2":"2.25"},{"created_at":"2022-11-01T23:36:15-07:00","entry_id":216051,"field1":"6.6875","field2":"1.875"},{"created_at":"2022-11-01T23:45:53-07:00","entry_id":216052,"field1":"6.6875","field2":"2.0625"},{"created_at":"2022-11-01T23:55:31-07:00","entry_id":216053,"field1":"6.625","field2":"1.9375"}]}