{"channel":{"id":581842,"name":"Upstairs Small Window Indoor / Outdoor Sensor","latitude":"0.0","longitude":"0.0","field1":"Indoor Temperature","field2":"Outdoor Temperature","created_at":"2018-09-23T15:37:52-07:00","updated_at":"2020-07-27T05:59:41-07:00","last_entry_id":287943},"feeds":[{"created_at":"2024-02-27T00:06:43-08:00","entry_id":287663,"field1":"2.375","field2":"-2.25"},{"created_at":"2024-02-27T00:16:19-08:00","entry_id":287664,"field1":"2.3125","field2":"-2.375"},{"created_at":"2024-02-27T00:25:56-08:00","entry_id":287665,"field1":"2.3125","field2":"-2.4375"},{"created_at":"2024-02-27T00:35:33-08:00","entry_id":287666,"field1":"2.25","field2":"-2.4375"},{"created_at":"2024-02-27T00:45:10-08:00","entry_id":287667,"field1":"2.25","field2":"-2.5625"},{"created_at":"2024-02-27T00:54:47-08:00","entry_id":287668,"field1":"2.1875","field2":"-2.625"},{"created_at":"2024-02-27T01:04:21-08:00","entry_id":287669,"field1":"2.1875","field2":"-2.8125"},{"created_at":"2024-02-27T01:14:00-08:00","entry_id":287670,"field1":"2.125","field2":"-2.875"},{"created_at":"2024-02-27T01:23:36-08:00","entry_id":287671,"field1":"2.125","field2":"-2.8125"},{"created_at":"2024-02-27T01:33:13-08:00","entry_id":287672,"field1":"2.0625","field2":"-3.125"},{"created_at":"2024-02-27T01:42:48-08:00","entry_id":287673,"field1":"2.0625","field2":"-3.25"},{"created_at":"2024-02-27T01:52:26-08:00","entry_id":287674,"field1":"2","field2":"-3.3125"},{"created_at":"2024-02-27T02:02:03-08:00","entry_id":287675,"field1":"2","field2":"-3.4375"},{"created_at":"2024-02-27T02:11:40-08:00","entry_id":287676,"field1":"1.9375","field2":"-3.5625"},{"created_at":"2024-02-27T02:21:17-08:00","entry_id":287677,"field1":"1.9375","field2":"-3.6875"},{"created_at":"2024-02-27T02:30:53-08:00","entry_id":287678,"field1":"1.875","field2":"-3.6875"},{"created_at":"2024-02-27T02:40:30-08:00","entry_id":287679,"field1":"1.875","field2":"-3.75"},{"created_at":"2024-02-27T02:50:07-08:00","entry_id":287680,"field1":"1.8125","field2":"-3.9375"},{"created_at":"2024-02-27T02:59:44-08:00","entry_id":287681,"field1":"1.8125","field2":"-4.375"},{"created_at":"2024-02-27T03:09:21-08:00","entry_id":287682,"field1":"1.75","field2":"-4.3125"},{"created_at":"2024-02-27T03:18:59-08:00","entry_id":287683,"field1":"1.6875","field2":"-4.6875"},{"created_at":"2024-02-27T03:28:35-08:00","entry_id":287684,"field1":"1.6875","field2":"-4.875"},{"created_at":"2024-02-27T03:38:12-08:00","entry_id":287685,"field1":"1.625","field2":"-5"},{"created_at":"2024-02-27T03:47:47-08:00","entry_id":287686,"field1":"1.625","field2":"-5.1875"},{"created_at":"2024-02-27T03:57:23-08:00","entry_id":287687,"field1":"1.5625","field2":"-5.4375"},{"created_at":"2024-02-27T04:07:00-08:00","entry_id":287688,"field1":"1.5","field2":"-5.5"},{"created_at":"2024-02-27T04:16:38-08:00","entry_id":287689,"field1":"1.5","field2":"-5.625"},{"created_at":"2024-02-27T04:26:14-08:00","entry_id":287690,"field1":"1.4375","field2":"-5.9375"},{"created_at":"2024-02-27T04:35:50-08:00","entry_id":287691,"field1":"1.375","field2":"-5.75"},{"created_at":"2024-02-27T04:45:27-08:00","entry_id":287692,"field1":"1.375","field2":"-6"},{"created_at":"2024-02-27T04:55:05-08:00","entry_id":287693,"field1":"1.3125","field2":"-6.25"},{"created_at":"2024-02-27T05:04:40-08:00","entry_id":287694,"field1":"1.25","field2":"-6.375"},{"created_at":"2024-02-27T05:14:15-08:00","entry_id":287695,"field1":"1.25","field2":"-6.375"},{"created_at":"2024-02-27T05:23:53-08:00","entry_id":287696,"field1":"1.1875","field2":"-6.4375"},{"created_at":"2024-02-27T05:33:29-08:00","entry_id":287697,"field1":"1.125","field2":"-6.75"},{"created_at":"2024-02-27T05:43:05-08:00","entry_id":287698,"field1":"1.125","field2":"-6.75"},{"created_at":"2024-02-27T05:52:43-08:00","entry_id":287699,"field1":"1.0625","field2":"-6.8125"},{"created_at":"2024-02-27T06:02:19-08:00","entry_id":287700,"field1":"1","field2":"-6.9375"},{"created_at":"2024-02-27T06:11:55-08:00","entry_id":287701,"field1":"0.9375","field2":"-6.9375"},{"created_at":"2024-02-27T06:21:31-08:00","entry_id":287702,"field1":"0.9375","field2":"-7.125"},{"created_at":"2024-02-27T06:31:09-08:00","entry_id":287703,"field1":"0.8125","field2":"-7.125"},{"created_at":"2024-02-27T06:40:47-08:00","entry_id":287704,"field1":"0.8125","field2":"-7.25"},{"created_at":"2024-02-27T06:50:24-08:00","entry_id":287705,"field1":"0.75","field2":"-7.3125"},{"created_at":"2024-02-27T06:59:58-08:00","entry_id":287706,"field1":"0.6875","field2":"-7.3125"},{"created_at":"2024-02-27T07:09:36-08:00","entry_id":287707,"field1":"0.6875","field2":"-7.5"},{"created_at":"2024-02-27T07:19:13-08:00","entry_id":287708,"field1":"0.625","field2":"-7.5625"},{"created_at":"2024-02-27T07:28:48-08:00","entry_id":287709,"field1":"0.5625","field2":"-7.4375"},{"created_at":"2024-02-27T07:38:25-08:00","entry_id":287710,"field1":"0.5625","field2":"-7.625"},{"created_at":"2024-02-27T07:48:02-08:00","entry_id":287711,"field1":"0.5","field2":"-7.5"},{"created_at":"2024-02-27T07:57:40-08:00","entry_id":287712,"field1":"0.4375","field2":"-7.25"},{"created_at":"2024-02-27T08:07:16-08:00","entry_id":287713,"field1":"0.4375","field2":"-7.125"},{"created_at":"2024-02-27T08:16:54-08:00","entry_id":287714,"field1":"0.5","field2":"-5.75"},{"created_at":"2024-02-27T08:26:29-08:00","entry_id":287715,"field1":"0.5","field2":"-5.5625"},{"created_at":"2024-02-27T08:36:07-08:00","entry_id":287716,"field1":"0.5625","field2":"-5.375"},{"created_at":"2024-02-27T08:45:44-08:00","entry_id":287717,"field1":"0.5625","field2":"-4.5"},{"created_at":"2024-02-27T08:55:19-08:00","entry_id":287718,"field1":"0.625","field2":"-3.1875"},{"created_at":"2024-02-27T09:04:56-08:00","entry_id":287719,"field1":"0.75","field2":"-5.25"},{"created_at":"2024-02-27T09:14:33-08:00","entry_id":287720,"field1":"0.9375","field2":"-4.75"},{"created_at":"2024-02-27T09:24:11-08:00","entry_id":287721,"field1":"1.125","field2":"-3.6875"},{"created_at":"2024-02-27T09:33:46-08:00","entry_id":287722,"field1":"1.3125","field2":"-4.125"},{"created_at":"2024-02-27T09:43:22-08:00","entry_id":287723,"field1":"1.4375","field2":"-4.625"},{"created_at":"2024-02-27T09:52:58-08:00","entry_id":287724,"field1":"1.4375","field2":"-4.375"},{"created_at":"2024-02-27T10:02:35-08:00","entry_id":287725,"field1":"1.4375","field2":"-4.875"},{"created_at":"2024-02-27T10:12:11-08:00","entry_id":287726,"field1":"1.5","field2":"-4.875"},{"created_at":"2024-02-27T10:21:48-08:00","entry_id":287727,"field1":"1.625","field2":"-4.6875"},{"created_at":"2024-02-27T10:31:26-08:00","entry_id":287728,"field1":"1.75","field2":"-5.1875"},{"created_at":"2024-02-27T10:41:02-08:00","entry_id":287729,"field1":"1.875","field2":"-4.25"},{"created_at":"2024-02-27T10:50:39-08:00","entry_id":287730,"field1":"2","field2":"-4.8125"},{"created_at":"2024-02-27T11:00:16-08:00","entry_id":287731,"field1":"2.0625","field2":"-4.8125"},{"created_at":"2024-02-27T11:09:51-08:00","entry_id":287732,"field1":"2.0625","field2":"-4.4375"},{"created_at":"2024-02-27T11:19:28-08:00","entry_id":287733,"field1":"2.0625","field2":"-4.4375"},{"created_at":"2024-02-27T11:29:07-08:00","entry_id":287734,"field1":"2","field2":"-4.4375"},{"created_at":"2024-02-27T11:38:42-08:00","entry_id":287735,"field1":"1.9375","field2":"-4.6875"},{"created_at":"2024-02-27T11:48:20-08:00","entry_id":287736,"field1":"1.875","field2":"-4.5"},{"created_at":"2024-02-27T11:57:56-08:00","entry_id":287737,"field1":"1.875","field2":"-4.5"},{"created_at":"2024-02-27T12:07:33-08:00","entry_id":287738,"field1":"1.8125","field2":"-4.1875"},{"created_at":"2024-02-27T12:17:09-08:00","entry_id":287739,"field1":"1.75","field2":"-4.125"},{"created_at":"2024-02-27T12:26:48-08:00","entry_id":287740,"field1":"1.6875","field2":"-4.25"},{"created_at":"2024-02-27T12:36:25-08:00","entry_id":287741,"field1":"1.6875","field2":"-4.3125"},{"created_at":"2024-02-27T12:46:00-08:00","entry_id":287742,"field1":"1.625","field2":"-4.1875"},{"created_at":"2024-02-27T12:55:38-08:00","entry_id":287743,"field1":"1.625","field2":"-3.5625"},{"created_at":"2024-02-27T13:05:13-08:00","entry_id":287744,"field1":"1.5625","field2":"-3.5"},{"created_at":"2024-02-27T13:14:48-08:00","entry_id":287745,"field1":"1.5625","field2":"-3.375"},{"created_at":"2024-02-27T13:24:25-08:00","entry_id":287746,"field1":"1.5","field2":"-3.4375"},{"created_at":"2024-02-27T13:34:01-08:00","entry_id":287747,"field1":"1.4375","field2":"-3.5"},{"created_at":"2024-02-27T13:43:36-08:00","entry_id":287748,"field1":"1.4375","field2":"-3.5625"},{"created_at":"2024-02-27T13:53:14-08:00","entry_id":287749,"field1":"1.375","field2":"-3.5625"},{"created_at":"2024-02-27T14:02:51-08:00","entry_id":287750,"field1":"1.375","field2":"-3.25"},{"created_at":"2024-02-27T14:12:28-08:00","entry_id":287751,"field1":"1.3125","field2":"-3.25"},{"created_at":"2024-02-27T14:22:04-08:00","entry_id":287752,"field1":"1.3125","field2":"-3.0625"},{"created_at":"2024-02-27T14:31:43-08:00","entry_id":287753,"field1":"1.3125","field2":"-3.125"},{"created_at":"2024-02-27T14:41:18-08:00","entry_id":287754,"field1":"1.3125","field2":"-3.0625"},{"created_at":"2024-02-27T14:50:55-08:00","entry_id":287755,"field1":"1.25","field2":"-3.0625"},{"created_at":"2024-02-27T15:00:32-08:00","entry_id":287756,"field1":"1.1875","field2":"-2.875"},{"created_at":"2024-02-27T15:10:09-08:00","entry_id":287757,"field1":"1.1875","field2":"-3"},{"created_at":"2024-02-27T15:19:46-08:00","entry_id":287758,"field1":"1.1875","field2":"-2.8125"},{"created_at":"2024-02-27T15:29:23-08:00","entry_id":287759,"field1":"1.125","field2":"-2.625"},{"created_at":"2024-02-27T15:39:00-08:00","entry_id":287760,"field1":"1.125","field2":"-2.625"},{"created_at":"2024-02-27T15:48:35-08:00","entry_id":287761,"field1":"1.125","field2":"-2.625"},{"created_at":"2024-02-27T15:58:13-08:00","entry_id":287762,"field1":"1.0625","field2":"-2.5625"},{"created_at":"2024-02-27T16:07:48-08:00","entry_id":287763,"field1":"1.0625","field2":"-2.5"},{"created_at":"2024-02-27T16:17:26-08:00","entry_id":287764,"field1":"1.0625","field2":"-2.5625"},{"created_at":"2024-02-27T16:27:04-08:00","entry_id":287765,"field1":"1","field2":"-2.625"},{"created_at":"2024-02-27T16:36:42-08:00","entry_id":287766,"field1":"1","field2":"-2.6875"},{"created_at":"2024-02-27T16:46:18-08:00","entry_id":287767,"field1":"1","field2":"-2.6875"},{"created_at":"2024-02-27T16:55:56-08:00","entry_id":287768,"field1":"0.9375","field2":"-2.625"},{"created_at":"2024-02-27T17:05:31-08:00","entry_id":287769,"field1":"0.9375","field2":"-2.9375"},{"created_at":"2024-02-27T17:15:10-08:00","entry_id":287770,"field1":"0.875","field2":"-2.75"},{"created_at":"2024-02-27T17:24:47-08:00","entry_id":287771,"field1":"0.875","field2":"-2.8125"},{"created_at":"2024-02-27T17:34:24-08:00","entry_id":287772,"field1":"0.875","field2":"-3.1875"},{"created_at":"2024-02-27T17:44:01-08:00","entry_id":287773,"field1":"0.8125","field2":"-3.375"},{"created_at":"2024-02-27T17:53:38-08:00","entry_id":287774,"field1":"0.8125","field2":"-3.25"},{"created_at":"2024-02-27T18:03:15-08:00","entry_id":287775,"field1":"0.8125","field2":"-3.375"},{"created_at":"2024-02-27T18:12:52-08:00","entry_id":287776,"field1":"0.75","field2":"-3.4375"},{"created_at":"2024-02-27T18:22:28-08:00","entry_id":287777,"field1":"0.75","field2":"-3.625"},{"created_at":"2024-02-27T18:32:06-08:00","entry_id":287778,"field1":"0.6875","field2":"-3.875"},{"created_at":"2024-02-27T18:41:42-08:00","entry_id":287779,"field1":"0.6875","field2":"-4.125"},{"created_at":"2024-02-27T18:51:19-08:00","entry_id":287780,"field1":"0.625","field2":"-4.0625"},{"created_at":"2024-02-27T19:00:55-08:00","entry_id":287781,"field1":"0.625","field2":"-4.3125"},{"created_at":"2024-02-27T19:10:31-08:00","entry_id":287782,"field1":"0.625","field2":"-4.5625"},{"created_at":"2024-02-27T19:20:09-08:00","entry_id":287783,"field1":"0.5625","field2":"-4.875"},{"created_at":"2024-02-27T19:29:44-08:00","entry_id":287784,"field1":"0.5625","field2":"-4.6875"},{"created_at":"2024-02-27T19:39:22-08:00","entry_id":287785,"field1":"0.5","field2":"-4.75"},{"created_at":"2024-02-27T19:48:59-08:00","entry_id":287786,"field1":"0.5","field2":"-4.6875"},{"created_at":"2024-02-27T19:58:35-08:00","entry_id":287787,"field1":"0.4375","field2":"-5"},{"created_at":"2024-02-27T20:08:13-08:00","entry_id":287788,"field1":"0.4375","field2":"-4.8125"},{"created_at":"2024-02-27T20:17:50-08:00","entry_id":287789,"field1":"0.375","field2":"-5"},{"created_at":"2024-02-27T20:27:26-08:00","entry_id":287790,"field1":"0.375","field2":"-4.75"},{"created_at":"2024-02-27T20:37:02-08:00","entry_id":287791,"field1":"0.3125","field2":"-5"},{"created_at":"2024-02-27T20:46:39-08:00","entry_id":287792,"field1":"0.3125","field2":"-4.875"},{"created_at":"2024-02-27T20:56:16-08:00","entry_id":287793,"field1":"0.25","field2":"-4.6875"},{"created_at":"2024-02-27T21:05:53-08:00","entry_id":287794,"field1":"0.25","field2":"-4.75"},{"created_at":"2024-02-27T21:15:28-08:00","entry_id":287795,"field1":"0.1875","field2":"-4.9375"},{"created_at":"2024-02-27T21:25:06-08:00","entry_id":287796,"field1":"0.1875","field2":"-4.875"},{"created_at":"2024-02-27T21:34:42-08:00","entry_id":287797,"field1":"0.125","field2":"-4.875"},{"created_at":"2024-02-27T21:44:20-08:00","entry_id":287798,"field1":"0.125","field2":"-4.875"},{"created_at":"2024-02-27T21:53:55-08:00","entry_id":287799,"field1":"0.0625","field2":"-4.8125"},{"created_at":"2024-02-27T22:03:31-08:00","entry_id":287800,"field1":"0.0625","field2":"-4.875"},{"created_at":"2024-02-27T22:13:07-08:00","entry_id":287801,"field1":"0","field2":"-4.875"},{"created_at":"2024-02-27T22:22:44-08:00","entry_id":287802,"field1":"0","field2":"-4.875"},{"created_at":"2024-02-27T22:32:21-08:00","entry_id":287803,"field1":"0","field2":"-4.75"},{"created_at":"2024-02-27T22:41:57-08:00","entry_id":287804,"field1":"-0.0625","field2":"-4.8125"},{"created_at":"2024-02-27T22:51:33-08:00","entry_id":287805,"field1":"-0.0625","field2":"-4.8125"},{"created_at":"2024-02-27T23:01:12-08:00","entry_id":287806,"field1":"-0.0625","field2":"-4.75"},{"created_at":"2024-02-27T23:10:49-08:00","entry_id":287807,"field1":"-0.125","field2":"-4.75"},{"created_at":"2024-02-27T23:20:27-08:00","entry_id":287808,"field1":"-0.125","field2":"-4.8125"},{"created_at":"2024-02-27T23:30:04-08:00","entry_id":287809,"field1":"-0.1875","field2":"-4.6875"},{"created_at":"2024-02-27T23:39:39-08:00","entry_id":287810,"field1":"-0.1875","field2":"-4.8125"},{"created_at":"2024-02-27T23:49:15-08:00","entry_id":287811,"field1":"-0.25","field2":"-4.75"},{"created_at":"2024-02-27T23:58:53-08:00","entry_id":287812,"field1":"-0.25","field2":"-4.75"}]}