{"channel":{"id":581842,"name":"Upstairs Small Window Indoor / Outdoor Sensor","latitude":"0.0","longitude":"0.0","field1":"Indoor Temperature","field2":"Outdoor Temperature","created_at":"2018-09-23T15:37:52-07:00","updated_at":"2020-07-27T05:59:41-07:00","last_entry_id":169828},"feeds":[{"created_at":"2021-12-25T00:08:48-08:00","entry_id":169547,"field1":"5.75","field2":"-7.8125"},{"created_at":"2021-12-25T00:18:25-08:00","entry_id":169548,"field1":"5.75","field2":"-7.6875"},{"created_at":"2021-12-25T00:28:02-08:00","entry_id":169549,"field1":"5.75","field2":"-7.6875"},{"created_at":"2021-12-25T00:37:39-08:00","entry_id":169550,"field1":"5.6875","field2":"-7.6875"},{"created_at":"2021-12-25T00:47:17-08:00","entry_id":169551,"field1":"5.6875","field2":"-7.8125"},{"created_at":"2021-12-25T00:56:53-08:00","entry_id":169552,"field1":"5.6875","field2":"-7.9375"},{"created_at":"2021-12-25T01:06:30-08:00","entry_id":169553,"field1":"5.625","field2":"-8.0625"},{"created_at":"2021-12-25T01:16:07-08:00","entry_id":169554,"field1":"5.625","field2":"-8.25"},{"created_at":"2021-12-25T01:25:44-08:00","entry_id":169555,"field1":"5.5625","field2":"-8.125"},{"created_at":"2021-12-25T01:35:21-08:00","entry_id":169556,"field1":"5.5625","field2":"-8.375"},{"created_at":"2021-12-25T01:44:57-08:00","entry_id":169557,"field1":"5.5625","field2":"-8.3125"},{"created_at":"2021-12-25T01:54:34-08:00","entry_id":169558,"field1":"5.5","field2":"-8.4375"},{"created_at":"2021-12-25T02:04:11-08:00","entry_id":169559,"field1":"5.5","field2":"-8.5625"},{"created_at":"2021-12-25T02:13:48-08:00","entry_id":169560,"field1":"5.4375","field2":"-8.375"},{"created_at":"2021-12-25T02:23:25-08:00","entry_id":169561,"field1":"5.4375","field2":"-8.4375"},{"created_at":"2021-12-25T02:33:01-08:00","entry_id":169562,"field1":"5.4375","field2":"-8.5"},{"created_at":"2021-12-25T02:42:39-08:00","entry_id":169563,"field1":"5.375","field2":"-8.375"},{"created_at":"2021-12-25T02:52:15-08:00","entry_id":169564,"field1":"5.375","field2":"-8.375"},{"created_at":"2021-12-25T03:01:52-08:00","entry_id":169565,"field1":"5.3125","field2":"-8.375"},{"created_at":"2021-12-25T03:11:29-08:00","entry_id":169566,"field1":"5.3125","field2":"-8.3125"},{"created_at":"2021-12-25T03:21:05-08:00","entry_id":169567,"field1":"5.3125","field2":"-8.375"},{"created_at":"2021-12-25T03:30:41-08:00","entry_id":169568,"field1":"5.25","field2":"-8.3125"},{"created_at":"2021-12-25T03:40:19-08:00","entry_id":169569,"field1":"5.25","field2":"-8.5625"},{"created_at":"2021-12-25T03:49:54-08:00","entry_id":169570,"field1":"5.25","field2":"-8.8125"},{"created_at":"2021-12-25T03:59:31-08:00","entry_id":169571,"field1":"5.1875","field2":"-8.75"},{"created_at":"2021-12-25T04:09:07-08:00","entry_id":169572,"field1":"5.1875","field2":"-8.875"},{"created_at":"2021-12-25T04:18:44-08:00","entry_id":169573,"field1":"5.1875","field2":"-8.875"},{"created_at":"2021-12-25T04:28:21-08:00","entry_id":169574,"field1":"5.125","field2":"-8.875"},{"created_at":"2021-12-25T04:37:59-08:00","entry_id":169575,"field1":"5.125","field2":"-8.8125"},{"created_at":"2021-12-25T04:47:36-08:00","entry_id":169576,"field1":"5.0625","field2":"-8.8125"},{"created_at":"2021-12-25T04:57:12-08:00","entry_id":169577,"field1":"5.0625","field2":"-8.9375"},{"created_at":"2021-12-25T05:06:49-08:00","entry_id":169578,"field1":"5","field2":"-8.9375"},{"created_at":"2021-12-25T05:16:24-08:00","entry_id":169579,"field1":"5","field2":"-8.875"},{"created_at":"2021-12-25T05:26:02-08:00","entry_id":169580,"field1":"4.9375","field2":"-9.0625"},{"created_at":"2021-12-25T05:35:39-08:00","entry_id":169581,"field1":"4.9375","field2":"-9.0625"},{"created_at":"2021-12-25T05:45:14-08:00","entry_id":169582,"field1":"4.9375","field2":"-9.0625"},{"created_at":"2021-12-25T05:54:52-08:00","entry_id":169583,"field1":"4.875","field2":"-9.3125"},{"created_at":"2021-12-25T06:04:30-08:00","entry_id":169584,"field1":"4.875","field2":"-9.25"},{"created_at":"2021-12-25T06:14:06-08:00","entry_id":169585,"field1":"4.8125","field2":"-9.125"},{"created_at":"2021-12-25T06:23:43-08:00","entry_id":169586,"field1":"4.8125","field2":"-9.3125"},{"created_at":"2021-12-25T06:33:20-08:00","entry_id":169587,"field1":"4.8125","field2":"-9.3125"},{"created_at":"2021-12-25T06:42:56-08:00","entry_id":169588,"field1":"4.75","field2":"-9.4375"},{"created_at":"2021-12-25T06:52:33-08:00","entry_id":169589,"field1":"4.75","field2":"-9.375"},{"created_at":"2021-12-25T07:02:08-08:00","entry_id":169590,"field1":"4.6875","field2":"-9.4375"},{"created_at":"2021-12-25T07:11:44-08:00","entry_id":169591,"field1":"4.6875","field2":"-9.4375"},{"created_at":"2021-12-25T07:21:22-08:00","entry_id":169592,"field1":"4.6875","field2":"-9.4375"},{"created_at":"2021-12-25T07:30:59-08:00","entry_id":169593,"field1":"4.625","field2":"-9.875"},{"created_at":"2021-12-25T07:40:36-08:00","entry_id":169594,"field1":"4.625","field2":"-9.875"},{"created_at":"2021-12-25T07:50:13-08:00","entry_id":169595,"field1":"4.5625","field2":"-9.9375"},{"created_at":"2021-12-25T07:59:50-08:00","entry_id":169596,"field1":"4.5625","field2":"-10"},{"created_at":"2021-12-25T08:09:27-08:00","entry_id":169597,"field1":"4.5625","field2":"-9.75"},{"created_at":"2021-12-25T08:19:04-08:00","entry_id":169598,"field1":"4.5","field2":"-9.75"},{"created_at":"2021-12-25T08:28:41-08:00","entry_id":169599,"field1":"4.5","field2":"-9.6875"},{"created_at":"2021-12-25T08:38:17-08:00","entry_id":169600,"field1":"4.4375","field2":"-9.625"},{"created_at":"2021-12-25T08:47:54-08:00","entry_id":169601,"field1":"4.4375","field2":"-9.625"},{"created_at":"2021-12-25T08:57:31-08:00","entry_id":169602,"field1":"4.4375","field2":"-10.0625"},{"created_at":"2021-12-25T09:07:06-08:00","entry_id":169603,"field1":"4.4375","field2":"-9.75"},{"created_at":"2021-12-25T09:16:45-08:00","entry_id":169604,"field1":"4.375","field2":"-9.9375"},{"created_at":"2021-12-25T09:26:21-08:00","entry_id":169605,"field1":"4.375","field2":"-9.625"},{"created_at":"2021-12-25T09:35:56-08:00","entry_id":169606,"field1":"4.375","field2":"-9.6875"},{"created_at":"2021-12-25T09:45:34-08:00","entry_id":169607,"field1":"4.375","field2":"-9.6875"},{"created_at":"2021-12-25T09:55:10-08:00","entry_id":169608,"field1":"4.3125","field2":"-9.5"},{"created_at":"2021-12-25T10:04:47-08:00","entry_id":169609,"field1":"4.3125","field2":"-10.25"},{"created_at":"2021-12-25T10:14:23-08:00","entry_id":169610,"field1":"4.25","field2":"-9.9375"},{"created_at":"2021-12-25T10:23:58-08:00","entry_id":169611,"field1":"4.3125","field2":"-10"},{"created_at":"2021-12-25T10:33:36-08:00","entry_id":169612,"field1":"4.25","field2":"-9.9375"},{"created_at":"2021-12-25T10:43:13-08:00","entry_id":169613,"field1":"4.25","field2":"-10.25"},{"created_at":"2021-12-25T10:52:50-08:00","entry_id":169614,"field1":"4.1875","field2":"-10.125"},{"created_at":"2021-12-25T11:02:26-08:00","entry_id":169615,"field1":"4.1875","field2":"-10"},{"created_at":"2021-12-25T11:12:02-08:00","entry_id":169616,"field1":"4.1875","field2":"-9.9375"},{"created_at":"2021-12-25T11:21:39-08:00","entry_id":169617,"field1":"4.125","field2":"-9.9375"},{"created_at":"2021-12-25T11:31:14-08:00","entry_id":169618,"field1":"4.1875","field2":"-10"},{"created_at":"2021-12-25T11:40:50-08:00","entry_id":169619,"field1":"4.125","field2":"-9.8125"},{"created_at":"2021-12-25T11:50:28-08:00","entry_id":169620,"field1":"4.125","field2":"-9.4375"},{"created_at":"2021-12-25T12:00:03-08:00","entry_id":169621,"field1":"4.0625","field2":"-9.6875"},{"created_at":"2021-12-25T12:09:41-08:00","entry_id":169622,"field1":"4.0625","field2":"-9.8125"},{"created_at":"2021-12-25T12:19:18-08:00","entry_id":169623,"field1":"4.0625","field2":"-10"},{"created_at":"2021-12-25T12:28:55-08:00","entry_id":169624,"field1":"4.0625","field2":"-9.875"},{"created_at":"2021-12-25T12:38:30-08:00","entry_id":169625,"field1":"4","field2":"-10"},{"created_at":"2021-12-25T12:48:07-08:00","entry_id":169626,"field1":"4","field2":"-10.1875"},{"created_at":"2021-12-25T12:57:44-08:00","entry_id":169627,"field1":"4","field2":"-9.8125"},{"created_at":"2021-12-25T13:07:21-08:00","entry_id":169628,"field1":"3.9375","field2":"-10.25"},{"created_at":"2021-12-25T13:16:58-08:00","entry_id":169629,"field1":"3.9375","field2":"-10.125"},{"created_at":"2021-12-25T13:26:34-08:00","entry_id":169630,"field1":"3.875","field2":"-10.3125"},{"created_at":"2021-12-25T13:36:10-08:00","entry_id":169631,"field1":"3.875","field2":"-10"},{"created_at":"2021-12-25T13:45:48-08:00","entry_id":169632,"field1":"3.875","field2":"-10.1875"},{"created_at":"2021-12-25T13:55:25-08:00","entry_id":169633,"field1":"3.8125","field2":"-10.1875"},{"created_at":"2021-12-25T14:05:01-08:00","entry_id":169634,"field1":"3.8125","field2":"-10.3125"},{"created_at":"2021-12-25T14:14:37-08:00","entry_id":169635,"field1":"3.8125","field2":"-10.375"},{"created_at":"2021-12-25T14:24:12-08:00","entry_id":169636,"field1":"3.8125","field2":"-10.5"},{"created_at":"2021-12-25T14:33:50-08:00","entry_id":169637,"field1":"3.75","field2":"-10.4375"},{"created_at":"2021-12-25T14:43:26-08:00","entry_id":169638,"field1":"3.6875","field2":"-10.375"},{"created_at":"2021-12-25T14:53:02-08:00","entry_id":169639,"field1":"3.6875","field2":"-10.875"},{"created_at":"2021-12-25T15:02:39-08:00","entry_id":169640,"field1":"3.6875","field2":"-10.5"},{"created_at":"2021-12-25T15:12:16-08:00","entry_id":169641,"field1":"3.625","field2":"-10.4375"},{"created_at":"2021-12-25T15:21:52-08:00","entry_id":169642,"field1":"3.625","field2":"-10.6875"},{"created_at":"2021-12-25T15:31:28-08:00","entry_id":169643,"field1":"3.625","field2":"-10.8125"},{"created_at":"2021-12-25T15:41:05-08:00","entry_id":169644,"field1":"3.5625","field2":"-11.25"},{"created_at":"2021-12-25T15:50:41-08:00","entry_id":169645,"field1":"3.5625","field2":"-11.5"},{"created_at":"2021-12-25T16:00:19-08:00","entry_id":169646,"field1":"3.5","field2":"-11.25"},{"created_at":"2021-12-25T16:09:55-08:00","entry_id":169647,"field1":"3.5","field2":"-11.3125"},{"created_at":"2021-12-25T16:19:32-08:00","entry_id":169648,"field1":"3.4375","field2":"-11.5625"},{"created_at":"2021-12-25T16:29:11-08:00","entry_id":169649,"field1":"3.4375","field2":"-11.3125"},{"created_at":"2021-12-25T16:38:46-08:00","entry_id":169650,"field1":"3.375","field2":"-11.375"},{"created_at":"2021-12-25T16:48:24-08:00","entry_id":169651,"field1":"3.375","field2":"-11.3125"},{"created_at":"2021-12-25T16:58:00-08:00","entry_id":169652,"field1":"3.3125","field2":"-11.5"},{"created_at":"2021-12-25T17:07:37-08:00","entry_id":169653,"field1":"3.3125","field2":"-12.125"},{"created_at":"2021-12-25T17:17:14-08:00","entry_id":169654,"field1":"3.25","field2":"-12.125"},{"created_at":"2021-12-25T17:26:50-08:00","entry_id":169655,"field1":"3.25","field2":"-12.25"},{"created_at":"2021-12-25T17:36:26-08:00","entry_id":169656,"field1":"3.1875","field2":"-12.3125"},{"created_at":"2021-12-25T17:46:03-08:00","entry_id":169657,"field1":"3.1875","field2":"-12.0625"},{"created_at":"2021-12-25T17:55:40-08:00","entry_id":169658,"field1":"3.125","field2":"-12.25"},{"created_at":"2021-12-25T18:05:15-08:00","entry_id":169659,"field1":"3.125","field2":"-11.9375"},{"created_at":"2021-12-25T18:14:53-08:00","entry_id":169660,"field1":"3.0625","field2":"-12.125"},{"created_at":"2021-12-25T18:24:30-08:00","entry_id":169661,"field1":"3.0625","field2":"-12.1875"},{"created_at":"2021-12-25T18:34:07-08:00","entry_id":169662,"field1":"3","field2":"-12.3125"},{"created_at":"2021-12-25T18:43:41-08:00","entry_id":169663,"field1":"3","field2":"-12.3125"},{"created_at":"2021-12-25T18:53:20-08:00","entry_id":169664,"field1":"2.9375","field2":"-12.1875"},{"created_at":"2021-12-25T19:02:56-08:00","entry_id":169665,"field1":"2.9375","field2":"-12.25"},{"created_at":"2021-12-25T19:12:33-08:00","entry_id":169666,"field1":"2.875","field2":"-12.4375"},{"created_at":"2021-12-25T19:22:10-08:00","entry_id":169667,"field1":"2.875","field2":"-12.25"},{"created_at":"2021-12-25T19:31:47-08:00","entry_id":169668,"field1":"2.8125","field2":"-12.5"},{"created_at":"2021-12-25T19:41:23-08:00","entry_id":169669,"field1":"2.8125","field2":"-12.8125"},{"created_at":"2021-12-25T19:50:59-08:00","entry_id":169670,"field1":"2.75","field2":"-12.4375"},{"created_at":"2021-12-25T20:00:35-08:00","entry_id":169671,"field1":"2.6875","field2":"-13.125"},{"created_at":"2021-12-25T20:10:12-08:00","entry_id":169672,"field1":"2.6875","field2":"-12.9375"},{"created_at":"2021-12-25T20:19:49-08:00","entry_id":169673,"field1":"2.6875","field2":"-13.0625"},{"created_at":"2021-12-25T20:29:26-08:00","entry_id":169674,"field1":"2.625","field2":"-12.875"},{"created_at":"2021-12-25T20:39:03-08:00","entry_id":169675,"field1":"2.5625","field2":"-12.8125"},{"created_at":"2021-12-25T20:48:39-08:00","entry_id":169676,"field1":"2.5625","field2":"-13.25"},{"created_at":"2021-12-25T20:58:16-08:00","entry_id":169677,"field1":"2.5","field2":"-13.125"},{"created_at":"2021-12-25T21:07:53-08:00","entry_id":169678,"field1":"2.5","field2":"-13.1875"},{"created_at":"2021-12-25T21:17:29-08:00","entry_id":169679,"field1":"2.4375","field2":"-13.5"},{"created_at":"2021-12-25T21:27:05-08:00","entry_id":169680,"field1":"2.4375","field2":"-13.625"},{"created_at":"2021-12-25T21:36:43-08:00","entry_id":169681,"field1":"2.375","field2":"-13.6875"},{"created_at":"2021-12-25T21:46:19-08:00","entry_id":169682,"field1":"2.375","field2":"-13.375"},{"created_at":"2021-12-25T21:55:56-08:00","entry_id":169683,"field1":"2.3125","field2":"-13.6875"},{"created_at":"2021-12-25T22:05:33-08:00","entry_id":169684,"field1":"2.25","field2":"-13.75"},{"created_at":"2021-12-25T22:15:09-08:00","entry_id":169685,"field1":"2.25","field2":"-13.8125"},{"created_at":"2021-12-25T22:24:46-08:00","entry_id":169686,"field1":"2.1875","field2":"-13.5"},{"created_at":"2021-12-25T22:34:22-08:00","entry_id":169687,"field1":"2.125","field2":"-13.875"},{"created_at":"2021-12-25T22:43:59-08:00","entry_id":169688,"field1":"2.125","field2":"-13.5625"},{"created_at":"2021-12-25T22:53:36-08:00","entry_id":169689,"field1":"2.125","field2":"-13.8125"},{"created_at":"2021-12-25T23:03:13-08:00","entry_id":169690,"field1":"2.0625","field2":"-13.8125"},{"created_at":"2021-12-25T23:12:49-08:00","entry_id":169691,"field1":"2","field2":"-14.0625"},{"created_at":"2021-12-25T23:22:24-08:00","entry_id":169692,"field1":"2","field2":"-13.9375"},{"created_at":"2021-12-25T23:32:02-08:00","entry_id":169693,"field1":"1.9375","field2":"-14.125"},{"created_at":"2021-12-25T23:41:39-08:00","entry_id":169694,"field1":"1.9375","field2":"-14"},{"created_at":"2021-12-25T23:51:15-08:00","entry_id":169695,"field1":"1.875","field2":"-14.125"}]}