{"channel":{"id":581842,"name":"Upstairs Small Window Indoor / Outdoor Sensor","latitude":"0.0","longitude":"0.0","field1":"Indoor Temperature","field2":"Outdoor Temperature","created_at":"2018-09-23T15:37:52-07:00","updated_at":"2020-07-27T05:59:41-07:00","last_entry_id":150129},"feeds":[{"created_at":"2021-03-26T00:06:13-07:00","entry_id":130795,"field1":"6","field2":"0.9375"},{"created_at":"2021-03-26T00:15:50-07:00","entry_id":130796,"field1":"6","field2":"0.9375"},{"created_at":"2021-03-26T00:25:27-07:00","entry_id":130797,"field1":"5.9375","field2":"0.5"},{"created_at":"2021-03-26T00:35:04-07:00","entry_id":130798,"field1":"5.9375","field2":"0.5"},{"created_at":"2021-03-26T00:44:41-07:00","entry_id":130799,"field1":"5.875","field2":"0.5625"},{"created_at":"2021-03-26T00:54:17-07:00","entry_id":130800,"field1":"5.875","field2":"0.5"},{"created_at":"2021-03-26T01:03:55-07:00","entry_id":130801,"field1":"5.8125","field2":"0.375"},{"created_at":"2021-03-26T01:13:31-07:00","entry_id":130802,"field1":"5.8125","field2":"0.5"},{"created_at":"2021-03-26T01:23:09-07:00","entry_id":130803,"field1":"5.75","field2":"0.4375"},{"created_at":"2021-03-26T01:32:45-07:00","entry_id":130804,"field1":"5.75","field2":"0.25"},{"created_at":"2021-03-26T01:42:22-07:00","entry_id":130805,"field1":"5.6875","field2":"0.0625"},{"created_at":"2021-03-26T01:51:59-07:00","entry_id":130806,"field1":"5.6875","field2":"0.375"},{"created_at":"2021-03-26T02:01:36-07:00","entry_id":130807,"field1":"5.625","field2":"0.125"},{"created_at":"2021-03-26T02:11:13-07:00","entry_id":130808,"field1":"5.625","field2":"0.125"},{"created_at":"2021-03-26T02:20:50-07:00","entry_id":130809,"field1":"5.5625","field2":"-0.125"},{"created_at":"2021-03-26T02:30:28-07:00","entry_id":130810,"field1":"5.5625","field2":"0.0625"},{"created_at":"2021-03-26T02:40:05-07:00","entry_id":130811,"field1":"5.5","field2":"-0.0625"},{"created_at":"2021-03-26T02:49:41-07:00","entry_id":130812,"field1":"5.5","field2":"0"},{"created_at":"2021-03-26T02:59:18-07:00","entry_id":130813,"field1":"5.4375","field2":"-0.1875"},{"created_at":"2021-03-26T03:08:55-07:00","entry_id":130814,"field1":"5.4375","field2":"-0.1875"},{"created_at":"2021-03-26T03:18:32-07:00","entry_id":130815,"field1":"5.375","field2":"0"},{"created_at":"2021-03-26T03:28:08-07:00","entry_id":130816,"field1":"5.375","field2":"0"},{"created_at":"2021-03-26T03:37:45-07:00","entry_id":130817,"field1":"5.3125","field2":"-0.125"},{"created_at":"2021-03-26T03:47:22-07:00","entry_id":130818,"field1":"5.3125","field2":"-0.125"},{"created_at":"2021-03-26T03:56:59-07:00","entry_id":130819,"field1":"5.25","field2":"-0.125"},{"created_at":"2021-03-26T04:06:35-07:00","entry_id":130820,"field1":"5.25","field2":"-0.0625"},{"created_at":"2021-03-26T04:16:12-07:00","entry_id":130821,"field1":"5.1875","field2":"-0.125"},{"created_at":"2021-03-26T04:25:49-07:00","entry_id":130822,"field1":"5.1875","field2":"-0.1875"},{"created_at":"2021-03-26T04:35:25-07:00","entry_id":130823,"field1":"5.125","field2":"0"},{"created_at":"2021-03-26T04:45:02-07:00","entry_id":130824,"field1":"5.125","field2":"0"},{"created_at":"2021-03-26T04:54:39-07:00","entry_id":130825,"field1":"5.0625","field2":"0"},{"created_at":"2021-03-26T05:04:16-07:00","entry_id":130826,"field1":"5.0625","field2":"0.1875"},{"created_at":"2021-03-26T05:13:53-07:00","entry_id":130827,"field1":"5","field2":"0.1875"},{"created_at":"2021-03-26T05:23:29-07:00","entry_id":130828,"field1":"5","field2":"0.1875"},{"created_at":"2021-03-26T05:33:06-07:00","entry_id":130829,"field1":"4.9375","field2":"0.1875"},{"created_at":"2021-03-26T05:42:43-07:00","entry_id":130830,"field1":"4.9375","field2":"0.1875"},{"created_at":"2021-03-26T05:52:20-07:00","entry_id":130831,"field1":"4.875","field2":"0.3125"},{"created_at":"2021-03-26T06:01:57-07:00","entry_id":130832,"field1":"4.875","field2":"0.375"},{"created_at":"2021-03-26T06:11:34-07:00","entry_id":130833,"field1":"4.8125","field2":"0.375"},{"created_at":"2021-03-26T06:21:11-07:00","entry_id":130834,"field1":"4.8125","field2":"0.4375"},{"created_at":"2021-03-26T06:30:48-07:00","entry_id":130835,"field1":"4.8125","field2":"0.3125"},{"created_at":"2021-03-26T06:40:25-07:00","entry_id":130836,"field1":"4.8125","field2":"0.375"},{"created_at":"2021-03-26T06:50:02-07:00","entry_id":130837,"field1":"4.8125","field2":"0.375"},{"created_at":"2021-03-26T06:59:38-07:00","entry_id":130838,"field1":"4.6875","field2":"0.375"},{"created_at":"2021-03-26T07:09:16-07:00","entry_id":130839,"field1":"4.6875","field2":"0.3125"},{"created_at":"2021-03-26T07:18:53-07:00","entry_id":130840,"field1":"4.6875","field2":"0.5625"},{"created_at":"2021-03-26T07:28:29-07:00","entry_id":130841,"field1":"4.6875","field2":"0.6875"},{"created_at":"2021-03-26T07:38:07-07:00","entry_id":130842,"field1":"4.625","field2":"0.75"},{"created_at":"2021-03-26T07:47:43-07:00","entry_id":130843,"field1":"4.625","field2":"0.8125"},{"created_at":"2021-03-26T07:57:20-07:00","entry_id":130844,"field1":"4.625","field2":"0.6875"},{"created_at":"2021-03-26T08:06:57-07:00","entry_id":130845,"field1":"4.5625","field2":"0.9375"},{"created_at":"2021-03-26T08:16:34-07:00","entry_id":130846,"field1":"4.5625","field2":"1"},{"created_at":"2021-03-26T08:26:11-07:00","entry_id":130847,"field1":"4.5625","field2":"0.9375"},{"created_at":"2021-03-26T08:35:48-07:00","entry_id":130848,"field1":"4.5625","field2":"1"},{"created_at":"2021-03-26T08:45:25-07:00","entry_id":130849,"field1":"4.5625","field2":"1.0625"},{"created_at":"2021-03-26T08:55:02-07:00","entry_id":130850,"field1":"4.5625","field2":"1.125"},{"created_at":"2021-03-26T09:04:40-07:00","entry_id":130851,"field1":"4.5625","field2":"1.25"},{"created_at":"2021-03-26T09:14:16-07:00","entry_id":130852,"field1":"4.5625","field2":"1.375"},{"created_at":"2021-03-26T09:23:54-07:00","entry_id":130853,"field1":"4.5","field2":"1.375"},{"created_at":"2021-03-26T09:33:31-07:00","entry_id":130854,"field1":"4.5","field2":"1.5"},{"created_at":"2021-03-26T09:43:07-07:00","entry_id":130855,"field1":"4.5","field2":"1.5625"},{"created_at":"2021-03-26T09:52:44-07:00","entry_id":130856,"field1":"4.5","field2":"1.5625"},{"created_at":"2021-03-26T10:02:22-07:00","entry_id":130857,"field1":"4.4375","field2":"1.625"},{"created_at":"2021-03-26T10:11:59-07:00","entry_id":130858,"field1":"4.4375","field2":"1.75"},{"created_at":"2021-03-26T10:21:35-07:00","entry_id":130859,"field1":"4.4375","field2":"1.6875"},{"created_at":"2021-03-26T10:31:12-07:00","entry_id":130860,"field1":"4.4375","field2":"1.75"},{"created_at":"2021-03-26T10:40:50-07:00","entry_id":130861,"field1":"4.4375","field2":"1.8125"},{"created_at":"2021-03-26T10:50:26-07:00","entry_id":130862,"field1":"4.4375","field2":"1.8125"},{"created_at":"2021-03-26T11:00:03-07:00","entry_id":130863,"field1":"4.375","field2":"1.9375"},{"created_at":"2021-03-26T11:09:41-07:00","entry_id":130864,"field1":"4.4375","field2":"2"},{"created_at":"2021-03-26T11:19:17-07:00","entry_id":130865,"field1":"4.4375","field2":"2.1875"},{"created_at":"2021-03-26T11:28:54-07:00","entry_id":130866,"field1":"4.4375","field2":"2.125"},{"created_at":"2021-03-26T11:38:31-07:00","entry_id":130867,"field1":"4.4375","field2":"2.25"},{"created_at":"2021-03-26T11:48:09-07:00","entry_id":130868,"field1":"4.4375","field2":"2.375"},{"created_at":"2021-03-26T11:57:46-07:00","entry_id":130869,"field1":"4.1875","field2":"2.3125"},{"created_at":"2021-03-26T12:07:22-07:00","entry_id":130870,"field1":"4.125","field2":"2.5625"},{"created_at":"2021-03-26T12:17:16-07:00","entry_id":130871,"field1":"4.1875","field2":"2.875"},{"created_at":"2021-03-26T12:26:47-07:00","entry_id":130872,"field1":"4.125","field2":"2.6875"},{"created_at":"2021-03-26T12:36:24-07:00","entry_id":130873,"field1":"4.25","field2":"2.8125"},{"created_at":"2021-03-26T12:46:01-07:00","entry_id":130874,"field1":"4.375","field2":"2.9375"},{"created_at":"2021-03-26T12:55:38-07:00","entry_id":130875,"field1":"4.4375","field2":"2.875"},{"created_at":"2021-03-26T13:05:15-07:00","entry_id":130876,"field1":"4.5","field2":"2.9375"},{"created_at":"2021-03-26T13:14:52-07:00","entry_id":130877,"field1":"4.5","field2":"3.0625"},{"created_at":"2021-03-26T13:24:29-07:00","entry_id":130878,"field1":"4.5","field2":"3.1875"},{"created_at":"2021-03-26T13:34:06-07:00","entry_id":130879,"field1":"4.5","field2":"3.375"},{"created_at":"2021-03-26T13:43:43-07:00","entry_id":130880,"field1":"4.5","field2":"3.6875"},{"created_at":"2021-03-26T13:53:19-07:00","entry_id":130881,"field1":"4.5","field2":"3.6875"},{"created_at":"2021-03-26T14:02:56-07:00","entry_id":130882,"field1":"4.5","field2":"3.875"},{"created_at":"2021-03-26T14:12:33-07:00","entry_id":130883,"field1":"4.5","field2":"3.875"},{"created_at":"2021-03-26T14:22:10-07:00","entry_id":130884,"field1":"4.5625","field2":"4.0625"},{"created_at":"2021-03-26T14:31:47-07:00","entry_id":130885,"field1":"4.5625","field2":"3.9375"},{"created_at":"2021-03-26T14:41:24-07:00","entry_id":130886,"field1":"4.5625","field2":"3.625"},{"created_at":"2021-03-26T14:51:01-07:00","entry_id":130887,"field1":"4.5625","field2":"3.9375"},{"created_at":"2021-03-26T15:00:38-07:00","entry_id":130888,"field1":"4.5625","field2":"4.3125"},{"created_at":"2021-03-26T15:10:15-07:00","entry_id":130889,"field1":"4.625","field2":"4.5"},{"created_at":"2021-03-26T15:19:52-07:00","entry_id":130890,"field1":"4.625","field2":"4.4375"},{"created_at":"2021-03-26T15:29:30-07:00","entry_id":130891,"field1":"4.625","field2":"4.5625"},{"created_at":"2021-03-26T15:39:07-07:00","entry_id":130892,"field1":"4.6875","field2":"4.8125"},{"created_at":"2021-03-26T15:48:44-07:00","entry_id":130893,"field1":"4.6875","field2":"4.9375"},{"created_at":"2021-03-26T15:58:21-07:00","entry_id":130894,"field1":"4.6875","field2":"5"},{"created_at":"2021-03-26T16:07:59-07:00","entry_id":130895,"field1":"4.6875","field2":"5.25"},{"created_at":"2021-03-26T16:17:36-07:00","entry_id":130896,"field1":"4.75","field2":"5.4375"},{"created_at":"2021-03-26T16:27:13-07:00","entry_id":130897,"field1":"4.75","field2":"5.0625"},{"created_at":"2021-03-26T16:36:50-07:00","entry_id":130898,"field1":"4.75","field2":"5.1875"},{"created_at":"2021-03-26T16:46:27-07:00","entry_id":130899,"field1":"4.75","field2":"5.1875"},{"created_at":"2021-03-26T16:56:04-07:00","entry_id":130900,"field1":"4.75","field2":"5.125"},{"created_at":"2021-03-26T17:05:40-07:00","entry_id":130901,"field1":"4.75","field2":"5.125"},{"created_at":"2021-03-26T17:15:18-07:00","entry_id":130902,"field1":"4.75","field2":"5.0625"},{"created_at":"2021-03-26T17:24:55-07:00","entry_id":130903,"field1":"4.8125","field2":"5"},{"created_at":"2021-03-26T17:34:32-07:00","entry_id":130904,"field1":"4.8125","field2":"4.9375"},{"created_at":"2021-03-26T17:44:08-07:00","entry_id":130905,"field1":"4.75","field2":"4.875"},{"created_at":"2021-03-26T17:53:47-07:00","entry_id":130906,"field1":"4.75","field2":"4.8125"},{"created_at":"2021-03-26T18:03:23-07:00","entry_id":130907,"field1":"4.8125","field2":"4.75"},{"created_at":"2021-03-26T18:13:16-07:00","entry_id":130908,"field1":"4.8125","field2":"4.75"},{"created_at":"2021-03-26T18:22:47-07:00","entry_id":130909,"field1":"4.8125","field2":"4.5"},{"created_at":"2021-03-26T18:32:23-07:00","entry_id":130910,"field1":"4.8125","field2":"4.625"},{"created_at":"2021-03-26T18:42:00-07:00","entry_id":130911,"field1":"4.8125","field2":"4.625"},{"created_at":"2021-03-26T18:51:37-07:00","entry_id":130912,"field1":"4.8125","field2":"4.5625"},{"created_at":"2021-03-26T19:01:15-07:00","entry_id":130913,"field1":"4.8125","field2":"4.25"},{"created_at":"2021-03-26T19:10:52-07:00","entry_id":130914,"field1":"4.8125","field2":"4.3125"},{"created_at":"2021-03-26T19:20:28-07:00","entry_id":130915,"field1":"4.8125","field2":"4.3125"},{"created_at":"2021-03-26T19:30:05-07:00","entry_id":130916,"field1":"4.8125","field2":"4.25"},{"created_at":"2021-03-26T19:39:42-07:00","entry_id":130917,"field1":"4.8125","field2":"4.1875"},{"created_at":"2021-03-26T19:49:19-07:00","entry_id":130918,"field1":"4.8125","field2":"4.0625"},{"created_at":"2021-03-26T19:58:56-07:00","entry_id":130919,"field1":"4.8125","field2":"4"},{"created_at":"2021-03-26T20:08:33-07:00","entry_id":130920,"field1":"4.8125","field2":"3.9375"},{"created_at":"2021-03-26T20:18:10-07:00","entry_id":130921,"field1":"4.8125","field2":"3.875"},{"created_at":"2021-03-26T20:27:46-07:00","entry_id":130922,"field1":"4.8125","field2":"3.8125"},{"created_at":"2021-03-26T20:37:24-07:00","entry_id":130923,"field1":"4.8125","field2":"3.75"},{"created_at":"2021-03-26T20:47:00-07:00","entry_id":130924,"field1":"4.8125","field2":"3.75"},{"created_at":"2021-03-26T20:56:37-07:00","entry_id":130925,"field1":"4.8125","field2":"3.75"},{"created_at":"2021-03-26T21:06:14-07:00","entry_id":130926,"field1":"4.8125","field2":"3.8125"},{"created_at":"2021-03-26T21:15:50-07:00","entry_id":130927,"field1":"4.75","field2":"3.8125"},{"created_at":"2021-03-26T21:25:27-07:00","entry_id":130928,"field1":"4.8125","field2":"3.8125"},{"created_at":"2021-03-26T21:35:04-07:00","entry_id":130929,"field1":"4.8125","field2":"3.75"},{"created_at":"2021-03-26T21:44:41-07:00","entry_id":130930,"field1":"4.75","field2":"3.6875"},{"created_at":"2021-03-26T21:54:18-07:00","entry_id":130931,"field1":"4.75","field2":"3.6875"},{"created_at":"2021-03-26T22:03:55-07:00","entry_id":130932,"field1":"4.75","field2":"3.625"},{"created_at":"2021-03-26T22:13:32-07:00","entry_id":130933,"field1":"4.75","field2":"3.5625"},{"created_at":"2021-03-26T22:23:09-07:00","entry_id":130934,"field1":"4.75","field2":"3.5"},{"created_at":"2021-03-26T22:32:46-07:00","entry_id":130935,"field1":"4.75","field2":"3.4375"},{"created_at":"2021-03-26T22:42:22-07:00","entry_id":130936,"field1":"4.75","field2":"3.4375"},{"created_at":"2021-03-26T22:52:00-07:00","entry_id":130937,"field1":"4.75","field2":"3.4375"},{"created_at":"2021-03-26T23:01:37-07:00","entry_id":130938,"field1":"4.75","field2":"3.375"},{"created_at":"2021-03-26T23:11:15-07:00","entry_id":130939,"field1":"4.75","field2":"3.375"},{"created_at":"2021-03-26T23:20:52-07:00","entry_id":130940,"field1":"4.75","field2":"3.3125"},{"created_at":"2021-03-26T23:30:29-07:00","entry_id":130941,"field1":"4.75","field2":"3.1875"},{"created_at":"2021-03-26T23:40:06-07:00","entry_id":130942,"field1":"4.75","field2":"3"},{"created_at":"2021-03-26T23:49:43-07:00","entry_id":130943,"field1":"4.6875","field2":"3.0625"},{"created_at":"2021-03-26T23:59:19-07:00","entry_id":130944,"field1":"4.6875","field2":"3.0625"}]}