{"channel":{"id":581842,"name":"Upstairs Small Window Indoor / Outdoor Sensor","latitude":"0.0","longitude":"0.0","field1":"Indoor Temperature","field2":"Outdoor Temperature","created_at":"2018-09-23T15:37:52-07:00","updated_at":"2020-07-27T05:59:41-07:00","last_entry_id":343218},"feeds":[{"created_at":"2025-03-04T00:06:36-08:00","entry_id":342938,"field1":"4.3125","field2":"-0.25"},{"created_at":"2025-03-04T00:16:13-08:00","entry_id":342939,"field1":"4.3125","field2":"-0.3125"},{"created_at":"2025-03-04T00:25:50-08:00","entry_id":342940,"field1":"4.375","field2":"-0.4375"},{"created_at":"2025-03-04T00:35:28-08:00","entry_id":342941,"field1":"4.4375","field2":"-0.5625"},{"created_at":"2025-03-04T00:45:05-08:00","entry_id":342942,"field1":"4.5","field2":"-0.5"},{"created_at":"2025-03-04T00:54:43-08:00","entry_id":342943,"field1":"4.5","field2":"-0.6875"},{"created_at":"2025-03-04T01:04:21-08:00","entry_id":342944,"field1":"4.5","field2":"-0.6875"},{"created_at":"2025-03-04T01:13:58-08:00","entry_id":342945,"field1":"4.5625","field2":"-0.6875"},{"created_at":"2025-03-04T01:23:35-08:00","entry_id":342946,"field1":"4.5625","field2":"-0.875"},{"created_at":"2025-03-04T01:33:12-08:00","entry_id":342947,"field1":"4.5625","field2":"-0.9375"},{"created_at":"2025-03-04T01:42:50-08:00","entry_id":342948,"field1":"4.5625","field2":"-0.8125"},{"created_at":"2025-03-04T01:52:27-08:00","entry_id":342949,"field1":"4.625","field2":"-0.8125"},{"created_at":"2025-03-04T02:02:04-08:00","entry_id":342950,"field1":"4.625","field2":"-0.875"},{"created_at":"2025-03-04T02:11:42-08:00","entry_id":342951,"field1":"4.625","field2":"-1.125"},{"created_at":"2025-03-04T02:21:20-08:00","entry_id":342952,"field1":"4.625","field2":"-0.9375"},{"created_at":"2025-03-04T02:30:57-08:00","entry_id":342953,"field1":"4.625","field2":"-1.125"},{"created_at":"2025-03-04T02:40:34-08:00","entry_id":342954,"field1":"4.6875","field2":"-1.125"},{"created_at":"2025-03-04T02:50:11-08:00","entry_id":342955,"field1":"4.6875","field2":"-1.25"},{"created_at":"2025-03-04T02:59:49-08:00","entry_id":342956,"field1":"4.6875","field2":"-1.1875"},{"created_at":"2025-03-04T03:09:26-08:00","entry_id":342957,"field1":"4.6875","field2":"-1.3125"},{"created_at":"2025-03-04T03:19:03-08:00","entry_id":342958,"field1":"4.6875","field2":"-1.3125"},{"created_at":"2025-03-04T03:28:40-08:00","entry_id":342959,"field1":"4.6875","field2":"-1.3125"},{"created_at":"2025-03-04T03:38:18-08:00","entry_id":342960,"field1":"4.6875","field2":"-1.5"},{"created_at":"2025-03-04T03:47:55-08:00","entry_id":342961,"field1":"4.6875","field2":"-1.25"},{"created_at":"2025-03-04T03:57:32-08:00","entry_id":342962,"field1":"4.6875","field2":"-1.1875"},{"created_at":"2025-03-04T04:07:08-08:00","entry_id":342963,"field1":"4.6875","field2":"-1.125"},{"created_at":"2025-03-04T04:16:46-08:00","entry_id":342964,"field1":"4.6875","field2":"-1"},{"created_at":"2025-03-04T04:26:23-08:00","entry_id":342965,"field1":"4.6875","field2":"-1.0625"},{"created_at":"2025-03-04T04:36:01-08:00","entry_id":342966,"field1":"4.6875","field2":"-0.9375"},{"created_at":"2025-03-04T04:45:38-08:00","entry_id":342967,"field1":"4.6875","field2":"-0.875"},{"created_at":"2025-03-04T04:55:15-08:00","entry_id":342968,"field1":"4.6875","field2":"-0.9375"},{"created_at":"2025-03-04T05:04:53-08:00","entry_id":342969,"field1":"4.6875","field2":"-1.125"},{"created_at":"2025-03-04T05:14:31-08:00","entry_id":342970,"field1":"4.75","field2":"-1.125"},{"created_at":"2025-03-04T05:24:08-08:00","entry_id":342971,"field1":"4.6875","field2":"-1.0625"},{"created_at":"2025-03-04T05:33:46-08:00","entry_id":342972,"field1":"4.75","field2":"-1.125"},{"created_at":"2025-03-04T05:43:23-08:00","entry_id":342973,"field1":"4.75","field2":"-1.125"},{"created_at":"2025-03-04T05:53:01-08:00","entry_id":342974,"field1":"4.75","field2":"-1.375"},{"created_at":"2025-03-04T06:02:38-08:00","entry_id":342975,"field1":"4.75","field2":"-1.5"},{"created_at":"2025-03-04T06:12:15-08:00","entry_id":342976,"field1":"4.75","field2":"-1.4375"},{"created_at":"2025-03-04T06:21:52-08:00","entry_id":342977,"field1":"4.75","field2":"-1.375"},{"created_at":"2025-03-04T06:31:29-08:00","entry_id":342978,"field1":"4.75","field2":"-1.625"},{"created_at":"2025-03-04T06:41:05-08:00","entry_id":342979,"field1":"4.75","field2":"-1.4375"},{"created_at":"2025-03-04T06:50:44-08:00","entry_id":342980,"field1":"4.75","field2":"-1.4375"},{"created_at":"2025-03-04T07:00:21-08:00","entry_id":342981,"field1":"4.75","field2":"-1.4375"},{"created_at":"2025-03-04T07:09:59-08:00","entry_id":342982,"field1":"4.75","field2":"-1.375"},{"created_at":"2025-03-04T07:19:36-08:00","entry_id":342983,"field1":"4.75","field2":"-1.375"},{"created_at":"2025-03-04T07:29:13-08:00","entry_id":342984,"field1":"4.75","field2":"-1.5"},{"created_at":"2025-03-04T07:38:50-08:00","entry_id":342985,"field1":"4.75","field2":"-1.4375"},{"created_at":"2025-03-04T07:48:28-08:00","entry_id":342986,"field1":"4.75","field2":"-1.375"},{"created_at":"2025-03-04T07:58:05-08:00","entry_id":342987,"field1":"4.75","field2":"-1.25"},{"created_at":"2025-03-04T08:07:42-08:00","entry_id":342988,"field1":"4.75","field2":"-0.9375"},{"created_at":"2025-03-04T08:17:20-08:00","entry_id":342989,"field1":"4.8125","field2":"-1.0625"},{"created_at":"2025-03-04T08:26:57-08:00","entry_id":342990,"field1":"4.8125","field2":"-1.1875"},{"created_at":"2025-03-04T08:36:34-08:00","entry_id":342991,"field1":"4.8125","field2":"-1.3125"},{"created_at":"2025-03-04T08:46:11-08:00","entry_id":342992,"field1":"4.8125","field2":"-1.1875"},{"created_at":"2025-03-04T08:55:48-08:00","entry_id":342993,"field1":"4.8125","field2":"-1.3125"},{"created_at":"2025-03-04T09:05:25-08:00","entry_id":342994,"field1":"4.8125","field2":"-1.3125"},{"created_at":"2025-03-04T09:15:03-08:00","entry_id":342995,"field1":"4.875","field2":"-0.875"},{"created_at":"2025-03-04T09:24:39-08:00","entry_id":342996,"field1":"4.875","field2":"-0.9375"},{"created_at":"2025-03-04T09:34:17-08:00","entry_id":342997,"field1":"4.875","field2":"-1"},{"created_at":"2025-03-04T09:43:54-08:00","entry_id":342998,"field1":"4.9375","field2":"-0.625"},{"created_at":"2025-03-04T09:53:32-08:00","entry_id":342999,"field1":"5","field2":"-0.625"},{"created_at":"2025-03-04T10:03:09-08:00","entry_id":343000,"field1":"5.0625","field2":"-0.5"},{"created_at":"2025-03-04T10:12:49-08:00","entry_id":343001,"field1":"4.9375","field2":"-0.375"},{"created_at":"2025-03-04T10:22:24-08:00","entry_id":343002,"field1":"4.875","field2":"-0.25"},{"created_at":"2025-03-04T10:32:00-08:00","entry_id":343003,"field1":"4.875","field2":"0.125"},{"created_at":"2025-03-04T10:41:38-08:00","entry_id":343004,"field1":"4.875","field2":"-0.3125"},{"created_at":"2025-03-04T10:51:16-08:00","entry_id":343005,"field1":"4.9375","field2":"0"},{"created_at":"2025-03-04T11:00:54-08:00","entry_id":343006,"field1":"5","field2":"0.375"},{"created_at":"2025-03-04T11:10:32-08:00","entry_id":343007,"field1":"5.0625","field2":"0.1875"},{"created_at":"2025-03-04T11:20:10-08:00","entry_id":343008,"field1":"5.125","field2":"0.5"},{"created_at":"2025-03-04T11:29:46-08:00","entry_id":343009,"field1":"5.125","field2":"1.0625"},{"created_at":"2025-03-04T11:39:24-08:00","entry_id":343010,"field1":"5.0625","field2":"1.25"},{"created_at":"2025-03-04T11:49:00-08:00","entry_id":343011,"field1":"5.0625","field2":"1.3125"},{"created_at":"2025-03-04T11:58:36-08:00","entry_id":343012,"field1":"5.0625","field2":"1.5625"},{"created_at":"2025-03-04T12:08:13-08:00","entry_id":343013,"field1":"5","field2":"1.8125"},{"created_at":"2025-03-04T12:17:50-08:00","entry_id":343014,"field1":"5","field2":"2.375"},{"created_at":"2025-03-04T12:27:27-08:00","entry_id":343015,"field1":"5","field2":"2.4375"},{"created_at":"2025-03-04T12:37:04-08:00","entry_id":343016,"field1":"5","field2":"1.9375"},{"created_at":"2025-03-04T12:46:41-08:00","entry_id":343017,"field1":"4.9375","field2":"2.25"},{"created_at":"2025-03-04T12:56:19-08:00","entry_id":343018,"field1":"4.9375","field2":"2.8125"},{"created_at":"2025-03-04T13:05:56-08:00","entry_id":343019,"field1":"4.9375","field2":"2.8125"},{"created_at":"2025-03-04T13:15:34-08:00","entry_id":343020,"field1":"4.875","field2":"2.8125"},{"created_at":"2025-03-04T13:25:11-08:00","entry_id":343021,"field1":"4.875","field2":"2.9375"},{"created_at":"2025-03-04T13:34:49-08:00","entry_id":343022,"field1":"4.875","field2":"3.375"},{"created_at":"2025-03-04T13:44:26-08:00","entry_id":343023,"field1":"4.875","field2":"3.5625"},{"created_at":"2025-03-04T13:54:03-08:00","entry_id":343024,"field1":"4.875","field2":"2.9375"},{"created_at":"2025-03-04T14:03:41-08:00","entry_id":343025,"field1":"4.875","field2":"3.4375"},{"created_at":"2025-03-04T14:13:19-08:00","entry_id":343026,"field1":"4.875","field2":"3.625"},{"created_at":"2025-03-04T14:22:56-08:00","entry_id":343027,"field1":"4.875","field2":"3.8125"},{"created_at":"2025-03-04T14:32:34-08:00","entry_id":343028,"field1":"4.875","field2":"4.1875"},{"created_at":"2025-03-04T14:42:11-08:00","entry_id":343029,"field1":"4.875","field2":"3.875"},{"created_at":"2025-03-04T14:51:49-08:00","entry_id":343030,"field1":"4.875","field2":"4"},{"created_at":"2025-03-04T15:01:26-08:00","entry_id":343031,"field1":"4.875","field2":"3.5625"},{"created_at":"2025-03-04T15:11:03-08:00","entry_id":343032,"field1":"4.875","field2":"3.4375"},{"created_at":"2025-03-04T15:20:41-08:00","entry_id":343033,"field1":"4.875","field2":"3.875"},{"created_at":"2025-03-04T15:30:18-08:00","entry_id":343034,"field1":"4.875","field2":"3.875"},{"created_at":"2025-03-04T15:40:00-08:00","entry_id":343035,"field1":"4.875","field2":"3.5"},{"created_at":"2025-03-04T15:49:35-08:00","entry_id":343036,"field1":"4.875","field2":"3.5625"},{"created_at":"2025-03-04T15:59:12-08:00","entry_id":343037,"field1":"4.875","field2":"3.5625"},{"created_at":"2025-03-04T16:08:50-08:00","entry_id":343038,"field1":"4.875","field2":"4.375"},{"created_at":"2025-03-04T16:18:27-08:00","entry_id":343039,"field1":"4.875","field2":"4.0625"},{"created_at":"2025-03-04T16:28:04-08:00","entry_id":343040,"field1":"4.875","field2":"3.25"},{"created_at":"2025-03-04T16:37:42-08:00","entry_id":343041,"field1":"4.875","field2":"3.5625"},{"created_at":"2025-03-04T16:47:20-08:00","entry_id":343042,"field1":"4.875","field2":"3.75"},{"created_at":"2025-03-04T16:56:57-08:00","entry_id":343043,"field1":"4.875","field2":"3.8125"},{"created_at":"2025-03-04T17:06:34-08:00","entry_id":343044,"field1":"4.875","field2":"3.5"},{"created_at":"2025-03-04T17:16:11-08:00","entry_id":343045,"field1":"4.8125","field2":"3.875"},{"created_at":"2025-03-04T17:25:48-08:00","entry_id":343046,"field1":"4.8125","field2":"4.0625"},{"created_at":"2025-03-04T17:35:25-08:00","entry_id":343047,"field1":"4.8125","field2":"3.9375"},{"created_at":"2025-03-04T17:45:03-08:00","entry_id":343048,"field1":"4.8125","field2":"3.8125"},{"created_at":"2025-03-04T17:54:40-08:00","entry_id":343049,"field1":"4.8125","field2":"3.5625"},{"created_at":"2025-03-04T18:04:17-08:00","entry_id":343050,"field1":"4.8125","field2":"3.1875"},{"created_at":"2025-03-04T18:13:54-08:00","entry_id":343051,"field1":"4.8125","field2":"3.1875"},{"created_at":"2025-03-04T18:23:32-08:00","entry_id":343052,"field1":"4.75","field2":"3.1875"},{"created_at":"2025-03-04T18:33:09-08:00","entry_id":343053,"field1":"4.75","field2":"3.125"},{"created_at":"2025-03-04T18:42:46-08:00","entry_id":343054,"field1":"4.75","field2":"3"},{"created_at":"2025-03-04T18:52:24-08:00","entry_id":343055,"field1":"4.75","field2":"3"},{"created_at":"2025-03-04T19:02:01-08:00","entry_id":343056,"field1":"4.75","field2":"3.0625"},{"created_at":"2025-03-04T19:11:39-08:00","entry_id":343057,"field1":"4.6875","field2":"3.1875"},{"created_at":"2025-03-04T19:21:17-08:00","entry_id":343058,"field1":"4.6875","field2":"3.25"},{"created_at":"2025-03-04T19:30:54-08:00","entry_id":343059,"field1":"4.6875","field2":"3.75"},{"created_at":"2025-03-04T19:40:31-08:00","entry_id":343060,"field1":"4.6875","field2":"3.9375"},{"created_at":"2025-03-04T19:50:09-08:00","entry_id":343061,"field1":"4.6875","field2":"3.625"},{"created_at":"2025-03-04T19:59:46-08:00","entry_id":343062,"field1":"4.6875","field2":"3.625"},{"created_at":"2025-03-04T20:09:23-08:00","entry_id":343063,"field1":"4.6875","field2":"4"},{"created_at":"2025-03-04T20:19:00-08:00","entry_id":343064,"field1":"4.6875","field2":"4.5"},{"created_at":"2025-03-04T20:28:38-08:00","entry_id":343065,"field1":"4.625","field2":"4.4375"},{"created_at":"2025-03-04T20:38:15-08:00","entry_id":343066,"field1":"4.625","field2":"4.3125"},{"created_at":"2025-03-04T20:47:53-08:00","entry_id":343067,"field1":"4.625","field2":"4.25"},{"created_at":"2025-03-04T20:57:30-08:00","entry_id":343068,"field1":"4.625","field2":"4.125"},{"created_at":"2025-03-04T21:07:06-08:00","entry_id":343069,"field1":"4.625","field2":"3.9375"},{"created_at":"2025-03-04T21:16:44-08:00","entry_id":343070,"field1":"4.625","field2":"3.6875"},{"created_at":"2025-03-04T21:26:21-08:00","entry_id":343071,"field1":"4.625","field2":"3.75"},{"created_at":"2025-03-04T21:35:58-08:00","entry_id":343072,"field1":"4.625","field2":"3.5"},{"created_at":"2025-03-04T21:45:35-08:00","entry_id":343073,"field1":"4.625","field2":"3.5"},{"created_at":"2025-03-04T21:55:12-08:00","entry_id":343074,"field1":"4.5625","field2":"3.5"},{"created_at":"2025-03-04T22:04:50-08:00","entry_id":343075,"field1":"4.625","field2":"3.375"},{"created_at":"2025-03-04T22:14:27-08:00","entry_id":343076,"field1":"4.625","field2":"3.3125"},{"created_at":"2025-03-04T22:24:04-08:00","entry_id":343077,"field1":"4.5625","field2":"3.3125"},{"created_at":"2025-03-04T22:33:41-08:00","entry_id":343078,"field1":"4.5625","field2":"3.3125"},{"created_at":"2025-03-04T22:43:18-08:00","entry_id":343079,"field1":"4.5625","field2":"3.3125"},{"created_at":"2025-03-04T22:52:56-08:00","entry_id":343080,"field1":"4.5625","field2":"3.0625"},{"created_at":"2025-03-04T23:02:34-08:00","entry_id":343081,"field1":"4.5625","field2":"3"},{"created_at":"2025-03-04T23:12:11-08:00","entry_id":343082,"field1":"4.5625","field2":"3"},{"created_at":"2025-03-04T23:21:48-08:00","entry_id":343083,"field1":"4.5625","field2":"3.0625"},{"created_at":"2025-03-04T23:31:26-08:00","entry_id":343084,"field1":"4.5625","field2":"3"},{"created_at":"2025-03-04T23:41:03-08:00","entry_id":343085,"field1":"4.5625","field2":"3"},{"created_at":"2025-03-04T23:50:40-08:00","entry_id":343086,"field1":"4.5625","field2":"2.8125"}]}