{"channel":{"id":581842,"name":"Upstairs Small Window Indoor / Outdoor Sensor","latitude":"0.0","longitude":"0.0","field1":"Indoor Temperature","field2":"Outdoor Temperature","created_at":"2018-09-23T15:37:52-07:00","updated_at":"2020-07-27T05:59:41-07:00","last_entry_id":284744},"feeds":[{"created_at":"2024-02-05T00:03:48-08:00","entry_id":284465,"field1":"2.625","field2":"-0.375"},{"created_at":"2024-02-05T00:13:25-08:00","entry_id":284466,"field1":"2.5625","field2":"-0.3125"},{"created_at":"2024-02-05T00:23:01-08:00","entry_id":284467,"field1":"2.5625","field2":"-0.3125"},{"created_at":"2024-02-05T00:32:38-08:00","entry_id":284468,"field1":"2.5625","field2":"-0.375"},{"created_at":"2024-02-05T00:42:15-08:00","entry_id":284469,"field1":"2.5","field2":"-0.375"},{"created_at":"2024-02-05T00:51:52-08:00","entry_id":284470,"field1":"2.5","field2":"-0.4375"},{"created_at":"2024-02-05T01:01:28-08:00","entry_id":284471,"field1":"2.5","field2":"-0.25"},{"created_at":"2024-02-05T01:11:05-08:00","entry_id":284472,"field1":"2.5","field2":"-0.375"},{"created_at":"2024-02-05T01:20:41-08:00","entry_id":284473,"field1":"2.5","field2":"-0.375"},{"created_at":"2024-02-05T01:30:18-08:00","entry_id":284474,"field1":"2.5","field2":"-0.3125"},{"created_at":"2024-02-05T01:39:55-08:00","entry_id":284475,"field1":"2.4375","field2":"-0.375"},{"created_at":"2024-02-05T01:49:32-08:00","entry_id":284476,"field1":"2.4375","field2":"-0.3125"},{"created_at":"2024-02-05T01:59:08-08:00","entry_id":284477,"field1":"2.4375","field2":"-0.25"},{"created_at":"2024-02-05T02:08:45-08:00","entry_id":284478,"field1":"2.4375","field2":"-0.3125"},{"created_at":"2024-02-05T02:18:22-08:00","entry_id":284479,"field1":"2.4375","field2":"-0.375"},{"created_at":"2024-02-05T02:27:59-08:00","entry_id":284480,"field1":"2.375","field2":"-0.375"},{"created_at":"2024-02-05T02:37:36-08:00","entry_id":284481,"field1":"2.375","field2":"-0.375"},{"created_at":"2024-02-05T02:47:13-08:00","entry_id":284482,"field1":"2.375","field2":"-0.5"},{"created_at":"2024-02-05T02:56:50-08:00","entry_id":284483,"field1":"2.375","field2":"-0.5625"},{"created_at":"2024-02-05T03:06:28-08:00","entry_id":284484,"field1":"2.375","field2":"-0.5"},{"created_at":"2024-02-05T03:16:04-08:00","entry_id":284485,"field1":"2.3125","field2":"-0.5625"},{"created_at":"2024-02-05T03:25:41-08:00","entry_id":284486,"field1":"2.3125","field2":"-0.5"},{"created_at":"2024-02-05T03:35:18-08:00","entry_id":284487,"field1":"2.3125","field2":"-0.4375"},{"created_at":"2024-02-05T03:44:54-08:00","entry_id":284488,"field1":"2.3125","field2":"-0.375"},{"created_at":"2024-02-05T03:54:32-08:00","entry_id":284489,"field1":"2.3125","field2":"-0.5"},{"created_at":"2024-02-05T04:04:09-08:00","entry_id":284490,"field1":"2.25","field2":"-0.5"},{"created_at":"2024-02-05T04:13:44-08:00","entry_id":284491,"field1":"2.25","field2":"-0.5625"},{"created_at":"2024-02-05T04:23:22-08:00","entry_id":284492,"field1":"2.25","field2":"-0.4375"},{"created_at":"2024-02-05T04:32:59-08:00","entry_id":284493,"field1":"2.25","field2":"-0.5"},{"created_at":"2024-02-05T04:42:36-08:00","entry_id":284494,"field1":"2.1875","field2":"-0.6875"},{"created_at":"2024-02-05T04:52:11-08:00","entry_id":284495,"field1":"2.1875","field2":"-0.6875"},{"created_at":"2024-02-05T05:01:50-08:00","entry_id":284496,"field1":"2.1875","field2":"-0.75"},{"created_at":"2024-02-05T05:11:27-08:00","entry_id":284497,"field1":"2.1875","field2":"-0.75"},{"created_at":"2024-02-05T05:21:04-08:00","entry_id":284498,"field1":"2.1875","field2":"-0.625"},{"created_at":"2024-02-05T05:30:42-08:00","entry_id":284499,"field1":"2.125","field2":"-0.625"},{"created_at":"2024-02-05T05:40:19-08:00","entry_id":284500,"field1":"2.125","field2":"-0.625"},{"created_at":"2024-02-05T05:49:56-08:00","entry_id":284501,"field1":"2.125","field2":"-0.4375"},{"created_at":"2024-02-05T05:59:31-08:00","entry_id":284502,"field1":"2.125","field2":"-0.5"},{"created_at":"2024-02-05T06:09:09-08:00","entry_id":284503,"field1":"2.125","field2":"-0.5"},{"created_at":"2024-02-05T06:18:47-08:00","entry_id":284504,"field1":"2.0625","field2":"-0.5"},{"created_at":"2024-02-05T06:28:23-08:00","entry_id":284505,"field1":"2.0625","field2":"-0.625"},{"created_at":"2024-02-05T06:38:01-08:00","entry_id":284506,"field1":"2.0625","field2":"-0.6875"},{"created_at":"2024-02-05T06:47:38-08:00","entry_id":284507,"field1":"2.0625","field2":"-0.6875"},{"created_at":"2024-02-05T06:57:15-08:00","entry_id":284508,"field1":"2.0625","field2":"-0.5625"},{"created_at":"2024-02-05T07:06:53-08:00","entry_id":284509,"field1":"2.0625","field2":"-0.625"},{"created_at":"2024-02-05T07:16:29-08:00","entry_id":284510,"field1":"2","field2":"-0.5625"},{"created_at":"2024-02-05T07:26:06-08:00","entry_id":284511,"field1":"2","field2":"-0.6875"},{"created_at":"2024-02-05T07:35:43-08:00","entry_id":284512,"field1":"2","field2":"-0.5"},{"created_at":"2024-02-05T07:45:20-08:00","entry_id":284513,"field1":"2","field2":"-0.5"},{"created_at":"2024-02-05T07:54:57-08:00","entry_id":284514,"field1":"2","field2":"-0.5625"},{"created_at":"2024-02-05T08:04:35-08:00","entry_id":284515,"field1":"2","field2":"-0.625"},{"created_at":"2024-02-05T08:14:12-08:00","entry_id":284516,"field1":"2","field2":"-0.625"},{"created_at":"2024-02-05T08:23:50-08:00","entry_id":284517,"field1":"1.9375","field2":"-0.625"},{"created_at":"2024-02-05T08:33:25-08:00","entry_id":284518,"field1":"1.9375","field2":"-0.5625"},{"created_at":"2024-02-05T08:43:03-08:00","entry_id":284519,"field1":"1.9375","field2":"-0.375"},{"created_at":"2024-02-05T08:52:40-08:00","entry_id":284520,"field1":"1.9375","field2":"-0.375"},{"created_at":"2024-02-05T09:02:17-08:00","entry_id":284521,"field1":"1.9375","field2":"-0.3125"},{"created_at":"2024-02-05T09:11:55-08:00","entry_id":284522,"field1":"1.9375","field2":"-0.25"},{"created_at":"2024-02-05T09:21:32-08:00","entry_id":284523,"field1":"1.9375","field2":"-0.25"},{"created_at":"2024-02-05T09:31:09-08:00","entry_id":284524,"field1":"1.875","field2":"0"},{"created_at":"2024-02-05T09:40:44-08:00","entry_id":284525,"field1":"1.875","field2":"-0.0625"},{"created_at":"2024-02-05T09:50:21-08:00","entry_id":284526,"field1":"1.875","field2":"0"},{"created_at":"2024-02-05T09:59:58-08:00","entry_id":284527,"field1":"1.9375","field2":"0"},{"created_at":"2024-02-05T10:09:36-08:00","entry_id":284528,"field1":"1.875","field2":"0"},{"created_at":"2024-02-05T10:19:13-08:00","entry_id":284529,"field1":"1.875","field2":"0.0625"},{"created_at":"2024-02-05T10:28:50-08:00","entry_id":284530,"field1":"1.875","field2":"0.0625"},{"created_at":"2024-02-05T10:38:25-08:00","entry_id":284531,"field1":"1.875","field2":"0.1875"},{"created_at":"2024-02-05T10:48:03-08:00","entry_id":284532,"field1":"1.875","field2":"0.25"},{"created_at":"2024-02-05T10:57:38-08:00","entry_id":284533,"field1":"1.875","field2":"0.75"},{"created_at":"2024-02-05T11:07:16-08:00","entry_id":284534,"field1":"1.875","field2":"0.5625"},{"created_at":"2024-02-05T11:16:53-08:00","entry_id":284535,"field1":"1.875","field2":"0.75"},{"created_at":"2024-02-05T11:26:31-08:00","entry_id":284536,"field1":"1.875","field2":"0.6875"},{"created_at":"2024-02-05T11:36:08-08:00","entry_id":284537,"field1":"1.875","field2":"0.625"},{"created_at":"2024-02-05T11:45:45-08:00","entry_id":284538,"field1":"1.9375","field2":"0.75"},{"created_at":"2024-02-05T11:55:22-08:00","entry_id":284539,"field1":"1.9375","field2":"0.8125"},{"created_at":"2024-02-05T12:04:59-08:00","entry_id":284540,"field1":"1.9375","field2":"1"},{"created_at":"2024-02-05T12:14:34-08:00","entry_id":284541,"field1":"1.9375","field2":"1"},{"created_at":"2024-02-05T12:24:12-08:00","entry_id":284542,"field1":"1.9375","field2":"0.9375"},{"created_at":"2024-02-05T12:33:49-08:00","entry_id":284543,"field1":"1.9375","field2":"1"},{"created_at":"2024-02-05T12:43:26-08:00","entry_id":284544,"field1":"1.9375","field2":"1"},{"created_at":"2024-02-05T12:53:04-08:00","entry_id":284545,"field1":"1.9375","field2":"1.0625"},{"created_at":"2024-02-05T13:02:41-08:00","entry_id":284546,"field1":"1.9375","field2":"1"},{"created_at":"2024-02-05T13:12:19-08:00","entry_id":284547,"field1":"2","field2":"1.1875"},{"created_at":"2024-02-05T13:21:56-08:00","entry_id":284548,"field1":"2","field2":"1.1875"},{"created_at":"2024-02-05T13:31:33-08:00","entry_id":284549,"field1":"2","field2":"1.0625"},{"created_at":"2024-02-05T13:41:10-08:00","entry_id":284550,"field1":"2","field2":"1.1875"},{"created_at":"2024-02-05T13:50:47-08:00","entry_id":284551,"field1":"2","field2":"1.25"},{"created_at":"2024-02-05T14:00:24-08:00","entry_id":284552,"field1":"2","field2":"1.375"},{"created_at":"2024-02-05T14:10:01-08:00","entry_id":284553,"field1":"2","field2":"1.25"},{"created_at":"2024-02-05T14:19:38-08:00","entry_id":284554,"field1":"2","field2":"1.25"},{"created_at":"2024-02-05T14:29:15-08:00","entry_id":284555,"field1":"2.0625","field2":"1.1875"},{"created_at":"2024-02-05T14:38:50-08:00","entry_id":284556,"field1":"2.0625","field2":"1.375"},{"created_at":"2024-02-05T14:48:29-08:00","entry_id":284557,"field1":"2.0625","field2":"1.1875"},{"created_at":"2024-02-05T14:58:04-08:00","entry_id":284558,"field1":"2.0625","field2":"1.3125"},{"created_at":"2024-02-05T15:07:41-08:00","entry_id":284559,"field1":"2.0625","field2":"1.3125"},{"created_at":"2024-02-05T15:17:18-08:00","entry_id":284560,"field1":"2.0625","field2":"1.3125"},{"created_at":"2024-02-05T15:26:56-08:00","entry_id":284561,"field1":"2.0625","field2":"1.1875"},{"created_at":"2024-02-05T15:36:33-08:00","entry_id":284562,"field1":"2.0625","field2":"1.25"},{"created_at":"2024-02-05T15:46:08-08:00","entry_id":284563,"field1":"2.0625","field2":"1.125"},{"created_at":"2024-02-05T15:55:47-08:00","entry_id":284564,"field1":"2.0625","field2":"1.125"},{"created_at":"2024-02-05T16:05:24-08:00","entry_id":284565,"field1":"2.0625","field2":"1"},{"created_at":"2024-02-05T16:15:01-08:00","entry_id":284566,"field1":"2.0625","field2":"0.9375"},{"created_at":"2024-02-05T16:24:37-08:00","entry_id":284567,"field1":"2.0625","field2":"0.875"},{"created_at":"2024-02-05T16:34:15-08:00","entry_id":284568,"field1":"2.0625","field2":"0.875"},{"created_at":"2024-02-05T16:43:52-08:00","entry_id":284569,"field1":"2.0625","field2":"0.875"},{"created_at":"2024-02-05T16:53:29-08:00","entry_id":284570,"field1":"2.0625","field2":"0.8125"},{"created_at":"2024-02-05T17:03:06-08:00","entry_id":284571,"field1":"2.0625","field2":"0.6875"},{"created_at":"2024-02-05T17:12:43-08:00","entry_id":284572,"field1":"2.0625","field2":"0.5625"},{"created_at":"2024-02-05T17:22:20-08:00","entry_id":284573,"field1":"2.0625","field2":"0.5625"},{"created_at":"2024-02-05T17:31:55-08:00","entry_id":284574,"field1":"2.0625","field2":"0.5"},{"created_at":"2024-02-05T17:41:33-08:00","entry_id":284575,"field1":"2.0625","field2":"0.5625"},{"created_at":"2024-02-05T17:51:10-08:00","entry_id":284576,"field1":"2.0625","field2":"0.5625"},{"created_at":"2024-02-05T18:00:47-08:00","entry_id":284577,"field1":"2","field2":"0.5"},{"created_at":"2024-02-05T18:10:25-08:00","entry_id":284578,"field1":"2","field2":"0.5"},{"created_at":"2024-02-05T18:20:02-08:00","entry_id":284579,"field1":"2","field2":"0.5"},{"created_at":"2024-02-05T18:29:39-08:00","entry_id":284580,"field1":"2","field2":"0.375"},{"created_at":"2024-02-05T18:39:14-08:00","entry_id":284581,"field1":"2","field2":"0.4375"},{"created_at":"2024-02-05T18:48:52-08:00","entry_id":284582,"field1":"2","field2":"0.375"},{"created_at":"2024-02-05T18:58:29-08:00","entry_id":284583,"field1":"2","field2":"0.3125"},{"created_at":"2024-02-05T19:08:06-08:00","entry_id":284584,"field1":"2","field2":"0.25"},{"created_at":"2024-02-05T19:17:43-08:00","entry_id":284585,"field1":"2","field2":"0.25"},{"created_at":"2024-02-05T19:27:20-08:00","entry_id":284586,"field1":"1.9375","field2":"0.3125"},{"created_at":"2024-02-05T19:36:55-08:00","entry_id":284587,"field1":"2","field2":"0.25"},{"created_at":"2024-02-05T19:46:34-08:00","entry_id":284588,"field1":"1.9375","field2":"0.25"},{"created_at":"2024-02-05T19:56:10-08:00","entry_id":284589,"field1":"1.9375","field2":"0.25"},{"created_at":"2024-02-05T20:05:48-08:00","entry_id":284590,"field1":"1.9375","field2":"0.3125"},{"created_at":"2024-02-05T20:15:25-08:00","entry_id":284591,"field1":"1.9375","field2":"0.25"},{"created_at":"2024-02-05T20:25:03-08:00","entry_id":284592,"field1":"1.9375","field2":"0.3125"},{"created_at":"2024-02-05T20:34:40-08:00","entry_id":284593,"field1":"1.9375","field2":"0.3125"},{"created_at":"2024-02-05T20:44:17-08:00","entry_id":284594,"field1":"1.875","field2":"0.3125"},{"created_at":"2024-02-05T20:53:54-08:00","entry_id":284595,"field1":"1.9375","field2":"0.3125"},{"created_at":"2024-02-05T21:03:31-08:00","entry_id":284596,"field1":"1.875","field2":"0.375"},{"created_at":"2024-02-05T21:13:08-08:00","entry_id":284597,"field1":"1.875","field2":"0.3125"},{"created_at":"2024-02-05T21:22:45-08:00","entry_id":284598,"field1":"1.875","field2":"0.3125"},{"created_at":"2024-02-05T21:32:22-08:00","entry_id":284599,"field1":"1.875","field2":"0.25"},{"created_at":"2024-02-05T21:41:59-08:00","entry_id":284600,"field1":"1.875","field2":"0.3125"},{"created_at":"2024-02-05T21:51:36-08:00","entry_id":284601,"field1":"1.875","field2":"0.25"},{"created_at":"2024-02-05T22:01:13-08:00","entry_id":284602,"field1":"1.875","field2":"0.25"},{"created_at":"2024-02-05T22:10:50-08:00","entry_id":284603,"field1":"1.875","field2":"0.3125"},{"created_at":"2024-02-05T22:20:28-08:00","entry_id":284604,"field1":"1.875","field2":"0.25"},{"created_at":"2024-02-05T22:30:05-08:00","entry_id":284605,"field1":"1.8125","field2":"0.3125"},{"created_at":"2024-02-05T22:39:42-08:00","entry_id":284606,"field1":"1.8125","field2":"0.25"},{"created_at":"2024-02-05T22:49:19-08:00","entry_id":284607,"field1":"1.8125","field2":"0.25"},{"created_at":"2024-02-05T22:58:56-08:00","entry_id":284608,"field1":"1.8125","field2":"0.125"},{"created_at":"2024-02-05T23:08:33-08:00","entry_id":284609,"field1":"1.8125","field2":"0.1875"},{"created_at":"2024-02-05T23:18:10-08:00","entry_id":284610,"field1":"1.8125","field2":"0.1875"},{"created_at":"2024-02-05T23:27:45-08:00","entry_id":284611,"field1":"1.8125","field2":"0.125"},{"created_at":"2024-02-05T23:37:23-08:00","entry_id":284612,"field1":"1.8125","field2":"0.0625"},{"created_at":"2024-02-05T23:47:00-08:00","entry_id":284613,"field1":"1.75","field2":"0.1875"},{"created_at":"2024-02-05T23:56:37-08:00","entry_id":284614,"field1":"1.75","field2":"0.1875"}]}