{"channel":{"id":581842,"name":"Upstairs Small Window Indoor / Outdoor Sensor","latitude":"0.0","longitude":"0.0","field1":"Indoor Temperature","field2":"Outdoor Temperature","created_at":"2018-09-23T15:37:52-07:00","updated_at":"2020-07-27T05:59:41-07:00","last_entry_id":239267},"feeds":[{"created_at":"2023-04-05T00:06:49-07:00","entry_id":238980,"field1":"8.1875","field2":"0"},{"created_at":"2023-04-05T00:16:25-07:00","entry_id":238981,"field1":"7.875","field2":"0"},{"created_at":"2023-04-05T00:26:00-07:00","entry_id":238982,"field1":"7.6875","field2":"-0.0625"},{"created_at":"2023-04-05T00:35:39-07:00","entry_id":238983,"field1":"7.5","field2":"-0.25"},{"created_at":"2023-04-05T00:45:15-07:00","entry_id":238984,"field1":"7.375","field2":"-0.3125"},{"created_at":"2023-04-05T00:54:52-07:00","entry_id":238985,"field1":"7.25","field2":"-0.5"},{"created_at":"2023-04-05T01:04:28-07:00","entry_id":238986,"field1":"7.1875","field2":"-0.6875"},{"created_at":"2023-04-05T01:14:05-07:00","entry_id":238987,"field1":"7.0625","field2":"-0.6875"},{"created_at":"2023-04-05T01:23:42-07:00","entry_id":238988,"field1":"7","field2":"-0.75"},{"created_at":"2023-04-05T01:33:19-07:00","entry_id":238989,"field1":"6.9375","field2":"-0.75"},{"created_at":"2023-04-05T01:42:55-07:00","entry_id":238990,"field1":"7.375","field2":"-0.875"},{"created_at":"2023-04-05T01:52:34-07:00","entry_id":238991,"field1":"7.9375","field2":"-0.9375"},{"created_at":"2023-04-05T02:02:09-07:00","entry_id":238992,"field1":"8.3125","field2":"-0.875"},{"created_at":"2023-04-05T02:11:48-07:00","entry_id":238993,"field1":"8.125","field2":"-1"},{"created_at":"2023-04-05T02:21:25-07:00","entry_id":238994,"field1":"7.75","field2":"-1.0625"},{"created_at":"2023-04-05T02:31:02-07:00","entry_id":238995,"field1":"7.5625","field2":"-1.125"},{"created_at":"2023-04-05T02:40:39-07:00","entry_id":238996,"field1":"7.375","field2":"-1.1875"},{"created_at":"2023-04-05T02:50:16-07:00","entry_id":238997,"field1":"7.1875","field2":"-1.25"},{"created_at":"2023-04-05T02:59:53-07:00","entry_id":238998,"field1":"7.0625","field2":"-1.375"},{"created_at":"2023-04-05T03:09:30-07:00","entry_id":238999,"field1":"7","field2":"-1.5625"},{"created_at":"2023-04-05T03:19:06-07:00","entry_id":239000,"field1":"6.875","field2":"-1.625"},{"created_at":"2023-04-05T03:28:43-07:00","entry_id":239001,"field1":"6.8125","field2":"-1.6875"},{"created_at":"2023-04-05T03:38:21-07:00","entry_id":239002,"field1":"7.25","field2":"-1.8125"},{"created_at":"2023-04-05T03:47:58-07:00","entry_id":239003,"field1":"7.75","field2":"-1.875"},{"created_at":"2023-04-05T03:57:36-07:00","entry_id":239004,"field1":"8.125","field2":"-1.875"},{"created_at":"2023-04-05T04:07:14-07:00","entry_id":239005,"field1":"7.9375","field2":"-1.9375"},{"created_at":"2023-04-05T04:16:51-07:00","entry_id":239006,"field1":"7.5625","field2":"-2.0625"},{"created_at":"2023-04-05T04:26:28-07:00","entry_id":239007,"field1":"7.3125","field2":"-2"},{"created_at":"2023-04-05T04:36:05-07:00","entry_id":239008,"field1":"7.1875","field2":"-1.875"},{"created_at":"2023-04-05T04:45:40-07:00","entry_id":239009,"field1":"7","field2":"-2"},{"created_at":"2023-04-05T04:55:18-07:00","entry_id":239010,"field1":"6.875","field2":"-2"},{"created_at":"2023-04-05T05:04:54-07:00","entry_id":239011,"field1":"6.75","field2":"-1.9375"},{"created_at":"2023-04-05T05:14:30-07:00","entry_id":239012,"field1":"6.75","field2":"-1.9375"},{"created_at":"2023-04-05T05:24:06-07:00","entry_id":239013,"field1":"7.3125","field2":"-2"},{"created_at":"2023-04-05T05:33:43-07:00","entry_id":239014,"field1":"7.75","field2":"-2.0625"},{"created_at":"2023-04-05T05:43:22-07:00","entry_id":239015,"field1":"8","field2":"-2"},{"created_at":"2023-04-05T05:52:59-07:00","entry_id":239016,"field1":"7.5625","field2":"-2.25"},{"created_at":"2023-04-05T06:02:36-07:00","entry_id":239017,"field1":"7.25","field2":"-2.3125"},{"created_at":"2023-04-05T06:12:13-07:00","entry_id":239018,"field1":"7.0625","field2":"-2.3125"},{"created_at":"2023-04-05T06:21:49-07:00","entry_id":239019,"field1":"6.875","field2":"-2.25"},{"created_at":"2023-04-05T06:31:26-07:00","entry_id":239020,"field1":"6.75","field2":"-2.1875"},{"created_at":"2023-04-05T06:41:01-07:00","entry_id":239021,"field1":"6.625","field2":"-2.1875"},{"created_at":"2023-04-05T06:50:39-07:00","entry_id":239022,"field1":"6.9375","field2":"-2.1875"},{"created_at":"2023-04-05T07:00:15-07:00","entry_id":239023,"field1":"7.4375","field2":"-1.875"},{"created_at":"2023-04-05T07:09:54-07:00","entry_id":239024,"field1":"7.875","field2":"-1.8125"},{"created_at":"2023-04-05T07:19:31-07:00","entry_id":239025,"field1":"7.6875","field2":"-1.9375"},{"created_at":"2023-04-05T07:29:07-07:00","entry_id":239026,"field1":"7.3125","field2":"-1.625"},{"created_at":"2023-04-05T07:38:44-07:00","entry_id":239027,"field1":"7.125","field2":"-1.5"},{"created_at":"2023-04-05T07:48:22-07:00","entry_id":239028,"field1":"7.125","field2":"-0.4375"},{"created_at":"2023-04-05T07:57:58-07:00","entry_id":239029,"field1":"7.1875","field2":"-0.4375"},{"created_at":"2023-04-05T08:07:37-07:00","entry_id":239030,"field1":"7.1875","field2":"0.875"},{"created_at":"2023-04-05T08:17:14-07:00","entry_id":239031,"field1":"7.125","field2":"3.1875"},{"created_at":"2023-04-05T08:26:52-07:00","entry_id":239032,"field1":"7.1875","field2":"5.9375"},{"created_at":"2023-04-05T08:36:28-07:00","entry_id":239033,"field1":"7.1875","field2":"0.6875"},{"created_at":"2023-04-05T08:46:06-07:00","entry_id":239034,"field1":"7.1875","field2":"1.625"},{"created_at":"2023-04-05T08:55:43-07:00","entry_id":239035,"field1":"7.25","field2":"0.875"},{"created_at":"2023-04-05T09:05:20-07:00","entry_id":239036,"field1":"7.3125","field2":"0.9375"},{"created_at":"2023-04-05T09:14:56-07:00","entry_id":239037,"field1":"7.4375","field2":"1.8125"},{"created_at":"2023-04-05T09:24:33-07:00","entry_id":239038,"field1":"7.625","field2":"3.1875"},{"created_at":"2023-04-05T09:34:08-07:00","entry_id":239039,"field1":"7.8125","field2":"3.4375"},{"created_at":"2023-04-05T09:43:47-07:00","entry_id":239040,"field1":"7.9375","field2":"3.9375"},{"created_at":"2023-04-05T09:53:24-07:00","entry_id":239041,"field1":"8.0625","field2":"3"},{"created_at":"2023-04-05T10:03:00-07:00","entry_id":239042,"field1":"8.1875","field2":"3.0625"},{"created_at":"2023-04-05T10:12:37-07:00","entry_id":239043,"field1":"8.3125","field2":"2.75"},{"created_at":"2023-04-05T10:22:13-07:00","entry_id":239044,"field1":"8.4375","field2":"2.375"},{"created_at":"2023-04-05T10:31:50-07:00","entry_id":239045,"field1":"8.5625","field2":"2.6875"},{"created_at":"2023-04-05T10:41:27-07:00","entry_id":239046,"field1":"8.6875","field2":"2.9375"},{"created_at":"2023-04-05T10:51:04-07:00","entry_id":239047,"field1":"8.8125","field2":"3.125"},{"created_at":"2023-04-05T11:00:43-07:00","entry_id":239048,"field1":"8.9375","field2":"3.375"},{"created_at":"2023-04-05T11:10:20-07:00","entry_id":239049,"field1":"9","field2":"3.8125"},{"created_at":"2023-04-05T11:19:59-07:00","entry_id":239050,"field1":"9.0625","field2":"4"},{"created_at":"2023-04-05T11:29:36-07:00","entry_id":239051,"field1":"9.125","field2":"4"},{"created_at":"2023-04-05T11:39:15-07:00","entry_id":239052,"field1":"9.1875","field2":"4.125"},{"created_at":"2023-04-05T11:48:51-07:00","entry_id":239053,"field1":"9.1875","field2":"3.875"},{"created_at":"2023-04-05T11:58:28-07:00","entry_id":239054,"field1":"9.1875","field2":"4.1875"},{"created_at":"2023-04-05T12:08:05-07:00","entry_id":239055,"field1":"9.1875","field2":"4.4375"},{"created_at":"2023-04-05T12:17:41-07:00","entry_id":239056,"field1":"9.125","field2":"4.375"},{"created_at":"2023-04-05T12:27:20-07:00","entry_id":239057,"field1":"9.125","field2":"5.75"},{"created_at":"2023-04-05T12:36:57-07:00","entry_id":239058,"field1":"9.125","field2":"5"},{"created_at":"2023-04-05T12:46:34-07:00","entry_id":239059,"field1":"9.125","field2":"5.25"},{"created_at":"2023-04-05T12:56:12-07:00","entry_id":239060,"field1":"9.125","field2":"5.1875"},{"created_at":"2023-04-05T13:05:49-07:00","entry_id":239061,"field1":"9.125","field2":"5"},{"created_at":"2023-04-05T13:15:26-07:00","entry_id":239062,"field1":"9.125","field2":"5.5625"},{"created_at":"2023-04-05T13:25:04-07:00","entry_id":239063,"field1":"9.125","field2":"6.4375"},{"created_at":"2023-04-05T13:34:41-07:00","entry_id":239064,"field1":"9.0625","field2":"7.875"},{"created_at":"2023-04-05T13:44:18-07:00","entry_id":239065,"field1":"9.125","field2":"6.625"},{"created_at":"2023-04-05T13:53:55-07:00","entry_id":239066,"field1":"9.125","field2":"7.25"},{"created_at":"2023-04-05T14:03:32-07:00","entry_id":239067,"field1":"9.0625","field2":"7.375"},{"created_at":"2023-04-05T14:13:09-07:00","entry_id":239068,"field1":"9.0625","field2":"9.75"},{"created_at":"2023-04-05T14:22:45-07:00","entry_id":239069,"field1":"9.0625","field2":"9.0625"},{"created_at":"2023-04-05T14:32:24-07:00","entry_id":239070,"field1":"9.0625","field2":"7.8125"},{"created_at":"2023-04-05T14:42:01-07:00","entry_id":239071,"field1":"9.125","field2":"7.9375"},{"created_at":"2023-04-05T14:51:38-07:00","entry_id":239072,"field1":"9.125","field2":"8.8125"},{"created_at":"2023-04-05T15:01:15-07:00","entry_id":239073,"field1":"9.0625","field2":"9.6875"},{"created_at":"2023-04-05T15:10:52-07:00","entry_id":239074,"field1":"9.125","field2":"8.3125"},{"created_at":"2023-04-05T15:20:30-07:00","entry_id":239075,"field1":"9.125","field2":"8.9375"},{"created_at":"2023-04-05T15:30:08-07:00","entry_id":239076,"field1":"9.125","field2":"9.3125"},{"created_at":"2023-04-05T15:39:46-07:00","entry_id":239077,"field1":"9.125","field2":"9.375"},{"created_at":"2023-04-05T15:49:23-07:00","entry_id":239078,"field1":"9.125","field2":"9.25"},{"created_at":"2023-04-05T15:59:01-07:00","entry_id":239079,"field1":"9.125","field2":"8.375"},{"created_at":"2023-04-05T16:08:38-07:00","entry_id":239080,"field1":"9.125","field2":"8.125"},{"created_at":"2023-04-05T16:18:15-07:00","entry_id":239081,"field1":"9.125","field2":"9"},{"created_at":"2023-04-05T16:27:53-07:00","entry_id":239082,"field1":"9.125","field2":"9.5625"},{"created_at":"2023-04-05T16:37:30-07:00","entry_id":239083,"field1":"9.125","field2":"8.75"},{"created_at":"2023-04-05T16:47:07-07:00","entry_id":239084,"field1":"9.125","field2":"9.3125"},{"created_at":"2023-04-05T16:56:44-07:00","entry_id":239085,"field1":"9.125","field2":"8.875"},{"created_at":"2023-04-05T17:06:21-07:00","entry_id":239086,"field1":"9.125","field2":"9.0625"},{"created_at":"2023-04-05T17:15:59-07:00","entry_id":239087,"field1":"9.125","field2":"9.25"},{"created_at":"2023-04-05T17:25:36-07:00","entry_id":239088,"field1":"9.125","field2":"8.75"},{"created_at":"2023-04-05T17:35:14-07:00","entry_id":239089,"field1":"9.125","field2":"8.625"},{"created_at":"2023-04-05T17:44:51-07:00","entry_id":239090,"field1":"9.0625","field2":"8.25"},{"created_at":"2023-04-05T17:54:28-07:00","entry_id":239091,"field1":"9.0625","field2":"7.75"},{"created_at":"2023-04-05T18:04:04-07:00","entry_id":239092,"field1":"9.0625","field2":"7.5"},{"created_at":"2023-04-05T18:13:42-07:00","entry_id":239093,"field1":"9.0625","field2":"7.25"},{"created_at":"2023-04-05T18:23:19-07:00","entry_id":239094,"field1":"9","field2":"7"},{"created_at":"2023-04-05T18:32:56-07:00","entry_id":239095,"field1":"9","field2":"6.8125"},{"created_at":"2023-04-05T18:42:33-07:00","entry_id":239096,"field1":"8.9375","field2":"6.5625"},{"created_at":"2023-04-05T18:52:11-07:00","entry_id":239097,"field1":"8.875","field2":"6.375"},{"created_at":"2023-04-05T19:01:47-07:00","entry_id":239098,"field1":"8.875","field2":"6.0625"},{"created_at":"2023-04-05T19:11:24-07:00","entry_id":239099,"field1":"8.875","field2":"5.75"},{"created_at":"2023-04-05T19:21:01-07:00","entry_id":239100,"field1":"8.8125","field2":"5.6875"},{"created_at":"2023-04-05T19:30:38-07:00","entry_id":239101,"field1":"8.75","field2":"5.25"},{"created_at":"2023-04-05T19:40:15-07:00","entry_id":239102,"field1":"8.75","field2":"5.1875"},{"created_at":"2023-04-05T19:49:52-07:00","entry_id":239103,"field1":"8.6875","field2":"5.0625"},{"created_at":"2023-04-05T19:59:30-07:00","entry_id":239104,"field1":"8.6875","field2":"4.875"},{"created_at":"2023-04-05T20:09:07-07:00","entry_id":239105,"field1":"8.625","field2":"4.6875"},{"created_at":"2023-04-05T20:18:44-07:00","entry_id":239106,"field1":"8.5625","field2":"4.5625"},{"created_at":"2023-04-05T20:28:21-07:00","entry_id":239107,"field1":"8.5625","field2":"4.5"},{"created_at":"2023-04-05T20:37:58-07:00","entry_id":239108,"field1":"8.5","field2":"4.375"},{"created_at":"2023-04-05T20:47:35-07:00","entry_id":239109,"field1":"8.4375","field2":"4.375"},{"created_at":"2023-04-05T20:57:12-07:00","entry_id":239110,"field1":"8.4375","field2":"4.0625"},{"created_at":"2023-04-05T21:06:48-07:00","entry_id":239111,"field1":"8.375","field2":"3.9375"},{"created_at":"2023-04-05T21:16:26-07:00","entry_id":239112,"field1":"8.375","field2":"3.875"},{"created_at":"2023-04-05T21:26:02-07:00","entry_id":239113,"field1":"8.3125","field2":"3.5625"},{"created_at":"2023-04-05T21:35:40-07:00","entry_id":239114,"field1":"8.3125","field2":"3.375"},{"created_at":"2023-04-05T21:45:17-07:00","entry_id":239115,"field1":"8.25","field2":"3.1875"},{"created_at":"2023-04-05T21:54:54-07:00","entry_id":239116,"field1":"8.25","field2":"2.875"},{"created_at":"2023-04-05T22:04:31-07:00","entry_id":239117,"field1":"8.1875","field2":"3"},{"created_at":"2023-04-05T22:14:08-07:00","entry_id":239118,"field1":"8.125","field2":"2.9375"},{"created_at":"2023-04-05T22:23:43-07:00","entry_id":239119,"field1":"8.125","field2":"2.9375"},{"created_at":"2023-04-05T22:33:21-07:00","entry_id":239120,"field1":"8.0625","field2":"2.9375"},{"created_at":"2023-04-05T22:42:58-07:00","entry_id":239121,"field1":"8","field2":"2.9375"},{"created_at":"2023-04-05T22:52:34-07:00","entry_id":239122,"field1":"8","field2":"2.8125"},{"created_at":"2023-04-05T23:02:12-07:00","entry_id":239123,"field1":"7.9375","field2":"2.8125"},{"created_at":"2023-04-05T23:11:47-07:00","entry_id":239124,"field1":"7.875","field2":"2.75"},{"created_at":"2023-04-05T23:21:23-07:00","entry_id":239125,"field1":"7.875","field2":"2.6875"},{"created_at":"2023-04-05T23:31:01-07:00","entry_id":239126,"field1":"7.8125","field2":"2.4375"},{"created_at":"2023-04-05T23:40:39-07:00","entry_id":239127,"field1":"7.8125","field2":"2.375"},{"created_at":"2023-04-05T23:50:16-07:00","entry_id":239128,"field1":"7.75","field2":"2.4375"},{"created_at":"2023-04-05T23:59:51-07:00","entry_id":239129,"field1":"7.6875","field2":"2.3125"}]}