{"channel":{"id":581842,"name":"Upstairs Small Window Indoor / Outdoor Sensor","latitude":"0.0","longitude":"0.0","field1":"Indoor Temperature","field2":"Outdoor Temperature","created_at":"2018-09-23T15:37:52-07:00","updated_at":"2020-07-27T05:59:41-07:00","last_entry_id":177835},"feeds":[{"created_at":"2022-02-17T00:08:35-08:00","entry_id":177555,"field1":"9.625","field2":"-1.25"},{"created_at":"2022-02-17T00:18:11-08:00","entry_id":177556,"field1":"9.625","field2":"-1.25"},{"created_at":"2022-02-17T00:27:49-08:00","entry_id":177557,"field1":"9.625","field2":"-1.3125"},{"created_at":"2022-02-17T00:37:25-08:00","entry_id":177558,"field1":"9.625","field2":"-1.1875"},{"created_at":"2022-02-17T00:47:04-08:00","entry_id":177559,"field1":"9.625","field2":"-1.1875"},{"created_at":"2022-02-17T00:56:40-08:00","entry_id":177560,"field1":"9.5625","field2":"-1.125"},{"created_at":"2022-02-17T01:06:18-08:00","entry_id":177561,"field1":"9.5625","field2":"-1.1875"},{"created_at":"2022-02-17T01:15:56-08:00","entry_id":177562,"field1":"9.625","field2":"-1.25"},{"created_at":"2022-02-17T01:25:33-08:00","entry_id":177563,"field1":"9.5625","field2":"-1.125"},{"created_at":"2022-02-17T01:35:10-08:00","entry_id":177564,"field1":"9.5625","field2":"-1.25"},{"created_at":"2022-02-17T01:44:48-08:00","entry_id":177565,"field1":"9.5625","field2":"-1.25"},{"created_at":"2022-02-17T01:54:23-08:00","entry_id":177566,"field1":"9.5625","field2":"-1.125"},{"created_at":"2022-02-17T02:04:02-08:00","entry_id":177567,"field1":"9.5625","field2":"-1"},{"created_at":"2022-02-17T02:13:37-08:00","entry_id":177568,"field1":"9.5625","field2":"-1.0625"},{"created_at":"2022-02-17T02:23:16-08:00","entry_id":177569,"field1":"9.5625","field2":"-1.125"},{"created_at":"2022-02-17T02:32:52-08:00","entry_id":177570,"field1":"9.5625","field2":"-1"},{"created_at":"2022-02-17T02:42:30-08:00","entry_id":177571,"field1":"9.5625","field2":"-1.0625"},{"created_at":"2022-02-17T02:52:05-08:00","entry_id":177572,"field1":"9.5","field2":"-1"},{"created_at":"2022-02-17T03:01:44-08:00","entry_id":177573,"field1":"9.5","field2":"-0.9375"},{"created_at":"2022-02-17T03:11:21-08:00","entry_id":177574,"field1":"9.5","field2":"-1.0625"},{"created_at":"2022-02-17T03:20:56-08:00","entry_id":177575,"field1":"9.5","field2":"-1"},{"created_at":"2022-02-17T03:30:35-08:00","entry_id":177576,"field1":"9.5","field2":"-1"},{"created_at":"2022-02-17T03:40:12-08:00","entry_id":177577,"field1":"9.5","field2":"-0.9375"},{"created_at":"2022-02-17T03:49:48-08:00","entry_id":177578,"field1":"9.5","field2":"-0.9375"},{"created_at":"2022-02-17T03:59:26-08:00","entry_id":177579,"field1":"9.5","field2":"-0.9375"},{"created_at":"2022-02-17T04:09:04-08:00","entry_id":177580,"field1":"9.5","field2":"-0.875"},{"created_at":"2022-02-17T04:18:39-08:00","entry_id":177581,"field1":"9.5","field2":"-0.9375"},{"created_at":"2022-02-17T04:28:16-08:00","entry_id":177582,"field1":"9.5","field2":"-0.8125"},{"created_at":"2022-02-17T04:37:54-08:00","entry_id":177583,"field1":"9.4375","field2":"-0.875"},{"created_at":"2022-02-17T04:47:31-08:00","entry_id":177584,"field1":"9.4375","field2":"-0.8125"},{"created_at":"2022-02-17T04:57:09-08:00","entry_id":177585,"field1":"9.4375","field2":"-0.75"},{"created_at":"2022-02-17T05:06:44-08:00","entry_id":177586,"field1":"9.4375","field2":"-0.75"},{"created_at":"2022-02-17T05:16:20-08:00","entry_id":177587,"field1":"9.4375","field2":"-0.6875"},{"created_at":"2022-02-17T05:25:57-08:00","entry_id":177588,"field1":"9.4375","field2":"-0.75"},{"created_at":"2022-02-17T05:35:33-08:00","entry_id":177589,"field1":"9.4375","field2":"-0.625"},{"created_at":"2022-02-17T05:45:12-08:00","entry_id":177590,"field1":"9.375","field2":"-0.6875"},{"created_at":"2022-02-17T05:54:49-08:00","entry_id":177591,"field1":"9.4375","field2":"-0.75"},{"created_at":"2022-02-17T06:04:25-08:00","entry_id":177592,"field1":"9.4375","field2":"-0.8125"},{"created_at":"2022-02-17T06:14:02-08:00","entry_id":177593,"field1":"9.4375","field2":"-0.6875"},{"created_at":"2022-02-17T06:23:39-08:00","entry_id":177594,"field1":"9.4375","field2":"-0.75"},{"created_at":"2022-02-17T06:33:16-08:00","entry_id":177595,"field1":"9.375","field2":"-0.6875"},{"created_at":"2022-02-17T06:42:53-08:00","entry_id":177596,"field1":"9.375","field2":"-0.8125"},{"created_at":"2022-02-17T06:52:32-08:00","entry_id":177597,"field1":"9.375","field2":"-0.875"},{"created_at":"2022-02-17T07:02:09-08:00","entry_id":177598,"field1":"9.375","field2":"-0.9375"},{"created_at":"2022-02-17T07:11:45-08:00","entry_id":177599,"field1":"9.375","field2":"-1"},{"created_at":"2022-02-17T07:21:23-08:00","entry_id":177600,"field1":"9.375","field2":"-0.9375"},{"created_at":"2022-02-17T07:31:00-08:00","entry_id":177601,"field1":"9.375","field2":"-1"},{"created_at":"2022-02-17T07:40:37-08:00","entry_id":177602,"field1":"9.375","field2":"-0.9375"},{"created_at":"2022-02-17T07:50:13-08:00","entry_id":177603,"field1":"9.375","field2":"-0.875"},{"created_at":"2022-02-17T07:59:50-08:00","entry_id":177604,"field1":"9.375","field2":"-0.6875"},{"created_at":"2022-02-17T08:09:26-08:00","entry_id":177605,"field1":"9.375","field2":"-0.625"},{"created_at":"2022-02-17T08:19:04-08:00","entry_id":177606,"field1":"9.375","field2":"-0.75"},{"created_at":"2022-02-17T08:28:40-08:00","entry_id":177607,"field1":"9.375","field2":"-0.8125"},{"created_at":"2022-02-17T08:38:18-08:00","entry_id":177608,"field1":"9.375","field2":"-0.6875"},{"created_at":"2022-02-17T08:47:56-08:00","entry_id":177609,"field1":"9.375","field2":"-0.8125"},{"created_at":"2022-02-17T08:57:33-08:00","entry_id":177610,"field1":"9.375","field2":"-0.8125"},{"created_at":"2022-02-17T09:07:10-08:00","entry_id":177611,"field1":"9.375","field2":"-0.8125"},{"created_at":"2022-02-17T09:16:47-08:00","entry_id":177612,"field1":"9.375","field2":"-0.75"},{"created_at":"2022-02-17T09:26:24-08:00","entry_id":177613,"field1":"9.375","field2":"-0.8125"},{"created_at":"2022-02-17T09:36:02-08:00","entry_id":177614,"field1":"9.375","field2":"-0.8125"},{"created_at":"2022-02-17T09:45:39-08:00","entry_id":177615,"field1":"9.375","field2":"-0.6875"},{"created_at":"2022-02-17T09:55:17-08:00","entry_id":177616,"field1":"9.375","field2":"-0.5"},{"created_at":"2022-02-17T10:04:54-08:00","entry_id":177617,"field1":"9.375","field2":"-0.5625"},{"created_at":"2022-02-17T10:14:31-08:00","entry_id":177618,"field1":"9.375","field2":"-0.6875"},{"created_at":"2022-02-17T10:24:07-08:00","entry_id":177619,"field1":"9.375","field2":"-0.5"},{"created_at":"2022-02-17T10:33:47-08:00","entry_id":177620,"field1":"9.375","field2":"-0.5"},{"created_at":"2022-02-17T10:43:25-08:00","entry_id":177621,"field1":"9.375","field2":"-0.375"},{"created_at":"2022-02-17T10:53:02-08:00","entry_id":177622,"field1":"9.4375","field2":"-0.4375"},{"created_at":"2022-02-17T11:02:40-08:00","entry_id":177623,"field1":"9.375","field2":"-0.3125"},{"created_at":"2022-02-17T11:12:17-08:00","entry_id":177624,"field1":"9.4375","field2":"-0.4375"},{"created_at":"2022-02-17T11:21:54-08:00","entry_id":177625,"field1":"9.4375","field2":"-0.375"},{"created_at":"2022-02-17T11:31:32-08:00","entry_id":177626,"field1":"9.4375","field2":"-0.25"},{"created_at":"2022-02-17T11:41:09-08:00","entry_id":177627,"field1":"9.4375","field2":"-0.3125"},{"created_at":"2022-02-17T11:50:47-08:00","entry_id":177628,"field1":"9.4375","field2":"-0.25"},{"created_at":"2022-02-17T12:00:25-08:00","entry_id":177629,"field1":"9.4375","field2":"-0.125"},{"created_at":"2022-02-17T12:10:00-08:00","entry_id":177630,"field1":"9.4375","field2":"0.1875"},{"created_at":"2022-02-17T12:19:37-08:00","entry_id":177631,"field1":"9.4375","field2":"-0.1875"},{"created_at":"2022-02-17T12:29:15-08:00","entry_id":177632,"field1":"9.4375","field2":"0"},{"created_at":"2022-02-17T12:38:53-08:00","entry_id":177633,"field1":"9.4375","field2":"0.125"},{"created_at":"2022-02-17T12:48:30-08:00","entry_id":177634,"field1":"9.4375","field2":"-0.0625"},{"created_at":"2022-02-17T12:58:07-08:00","entry_id":177635,"field1":"9.4375","field2":"0"},{"created_at":"2022-02-17T13:07:43-08:00","entry_id":177636,"field1":"9.5","field2":"0.0625"},{"created_at":"2022-02-17T13:17:22-08:00","entry_id":177637,"field1":"9.5","field2":"-0.0625"},{"created_at":"2022-02-17T13:26:57-08:00","entry_id":177638,"field1":"9.5","field2":"0.1875"},{"created_at":"2022-02-17T13:36:37-08:00","entry_id":177639,"field1":"9.5","field2":"0.375"},{"created_at":"2022-02-17T13:46:12-08:00","entry_id":177640,"field1":"9.5","field2":"0.1875"},{"created_at":"2022-02-17T13:55:51-08:00","entry_id":177641,"field1":"9.5","field2":"-0.0625"},{"created_at":"2022-02-17T14:05:28-08:00","entry_id":177642,"field1":"9.5","field2":"0.375"},{"created_at":"2022-02-17T14:15:06-08:00","entry_id":177643,"field1":"9.5","field2":"0.25"},{"created_at":"2022-02-17T14:24:43-08:00","entry_id":177644,"field1":"9.5625","field2":"0.25"},{"created_at":"2022-02-17T14:34:21-08:00","entry_id":177645,"field1":"9.5625","field2":"0"},{"created_at":"2022-02-17T14:43:58-08:00","entry_id":177646,"field1":"9.5625","field2":"0.4375"},{"created_at":"2022-02-17T14:53:37-08:00","entry_id":177647,"field1":"9.5625","field2":"0.5"},{"created_at":"2022-02-17T15:03:14-08:00","entry_id":177648,"field1":"9.5625","field2":"0.5"},{"created_at":"2022-02-17T15:12:50-08:00","entry_id":177649,"field1":"9.5625","field2":"0.625"},{"created_at":"2022-02-17T15:22:28-08:00","entry_id":177650,"field1":"9.5625","field2":"0.375"},{"created_at":"2022-02-17T15:32:06-08:00","entry_id":177651,"field1":"9.5625","field2":"0.4375"},{"created_at":"2022-02-17T15:41:41-08:00","entry_id":177652,"field1":"9.5625","field2":"0.25"},{"created_at":"2022-02-17T15:51:18-08:00","entry_id":177653,"field1":"9.5625","field2":"0.25"},{"created_at":"2022-02-17T16:00:54-08:00","entry_id":177654,"field1":"9.5625","field2":"0.1875"},{"created_at":"2022-02-17T16:10:31-08:00","entry_id":177655,"field1":"9.5625","field2":"0.375"},{"created_at":"2022-02-17T16:20:08-08:00","entry_id":177656,"field1":"9.5625","field2":"0.375"},{"created_at":"2022-02-17T16:29:45-08:00","entry_id":177657,"field1":"9.5625","field2":"0.3125"},{"created_at":"2022-02-17T16:39:23-08:00","entry_id":177658,"field1":"9.5625","field2":"0.5"},{"created_at":"2022-02-17T16:48:59-08:00","entry_id":177659,"field1":"9.5625","field2":"0.1875"},{"created_at":"2022-02-17T16:58:36-08:00","entry_id":177660,"field1":"9.5625","field2":"0.3125"},{"created_at":"2022-02-17T17:08:14-08:00","entry_id":177661,"field1":"9.5625","field2":"0.1875"},{"created_at":"2022-02-17T17:17:50-08:00","entry_id":177662,"field1":"9.5625","field2":"0.25"},{"created_at":"2022-02-17T17:27:26-08:00","entry_id":177663,"field1":"9.5625","field2":"0.1875"},{"created_at":"2022-02-17T17:37:05-08:00","entry_id":177664,"field1":"9.5625","field2":"0.3125"},{"created_at":"2022-02-17T17:46:41-08:00","entry_id":177665,"field1":"9.5625","field2":"0.1875"},{"created_at":"2022-02-17T17:56:17-08:00","entry_id":177666,"field1":"9.5","field2":"0.1875"},{"created_at":"2022-02-17T18:05:54-08:00","entry_id":177667,"field1":"9.5625","field2":"0.1875"},{"created_at":"2022-02-17T18:15:32-08:00","entry_id":177668,"field1":"9.5","field2":"0.1875"},{"created_at":"2022-02-17T18:25:09-08:00","entry_id":177669,"field1":"9.5625","field2":"0.1875"},{"created_at":"2022-02-17T18:34:48-08:00","entry_id":177670,"field1":"9.5","field2":"0.25"},{"created_at":"2022-02-17T18:44:26-08:00","entry_id":177671,"field1":"9.5","field2":"0.25"},{"created_at":"2022-02-17T18:54:03-08:00","entry_id":177672,"field1":"9.5","field2":"0.1875"},{"created_at":"2022-02-17T19:03:39-08:00","entry_id":177673,"field1":"9.5625","field2":"0.125"},{"created_at":"2022-02-17T19:13:16-08:00","entry_id":177674,"field1":"9.5","field2":"0.125"},{"created_at":"2022-02-17T19:22:53-08:00","entry_id":177675,"field1":"9.5625","field2":"0.125"},{"created_at":"2022-02-17T19:32:31-08:00","entry_id":177676,"field1":"9.5625","field2":"0.125"},{"created_at":"2022-02-17T19:42:07-08:00","entry_id":177677,"field1":"9.5625","field2":"0.125"},{"created_at":"2022-02-17T19:51:44-08:00","entry_id":177678,"field1":"9.5625","field2":"0.125"},{"created_at":"2022-02-17T20:01:22-08:00","entry_id":177679,"field1":"9.5625","field2":"0.125"},{"created_at":"2022-02-17T20:11:00-08:00","entry_id":177680,"field1":"9.5625","field2":"0.125"},{"created_at":"2022-02-17T20:20:36-08:00","entry_id":177681,"field1":"9.5625","field2":"0.125"},{"created_at":"2022-02-17T20:30:12-08:00","entry_id":177682,"field1":"9.5","field2":"0.125"},{"created_at":"2022-02-17T20:39:51-08:00","entry_id":177683,"field1":"9.5","field2":"0.1875"},{"created_at":"2022-02-17T20:49:27-08:00","entry_id":177684,"field1":"9.5625","field2":"0.125"},{"created_at":"2022-02-17T20:59:06-08:00","entry_id":177685,"field1":"9.5","field2":"0.1875"},{"created_at":"2022-02-17T21:08:43-08:00","entry_id":177686,"field1":"9.5","field2":"0.1875"},{"created_at":"2022-02-17T21:18:19-08:00","entry_id":177687,"field1":"9.5","field2":"0.1875"},{"created_at":"2022-02-17T21:27:57-08:00","entry_id":177688,"field1":"9.5","field2":"0.1875"},{"created_at":"2022-02-17T21:37:33-08:00","entry_id":177689,"field1":"9.5625","field2":"0.1875"},{"created_at":"2022-02-17T21:47:10-08:00","entry_id":177690,"field1":"9.5","field2":"0.1875"},{"created_at":"2022-02-17T21:56:50-08:00","entry_id":177691,"field1":"9.5","field2":"0.1875"},{"created_at":"2022-02-17T22:06:25-08:00","entry_id":177692,"field1":"9.5","field2":"0.1875"},{"created_at":"2022-02-17T22:16:04-08:00","entry_id":177693,"field1":"9.5","field2":"0.1875"},{"created_at":"2022-02-17T22:25:39-08:00","entry_id":177694,"field1":"9.5","field2":"0.1875"},{"created_at":"2022-02-17T22:35:18-08:00","entry_id":177695,"field1":"9.5","field2":"0.1875"},{"created_at":"2022-02-17T22:44:55-08:00","entry_id":177696,"field1":"9.5625","field2":"0.0625"},{"created_at":"2022-02-17T22:54:33-08:00","entry_id":177697,"field1":"9.5625","field2":"0.125"},{"created_at":"2022-02-17T23:04:11-08:00","entry_id":177698,"field1":"9.5","field2":"0.1875"},{"created_at":"2022-02-17T23:13:46-08:00","entry_id":177699,"field1":"9.5","field2":"0.1875"},{"created_at":"2022-02-17T23:23:23-08:00","entry_id":177700,"field1":"9.5","field2":"0.1875"},{"created_at":"2022-02-17T23:33:00-08:00","entry_id":177701,"field1":"9.5625","field2":"0.1875"},{"created_at":"2022-02-17T23:42:36-08:00","entry_id":177702,"field1":"9.5","field2":"0.1875"},{"created_at":"2022-02-17T23:52:13-08:00","entry_id":177703,"field1":"9.5625","field2":"0.1875"}]}