{"channel":{"id":581842,"name":"Upstairs Small Window Indoor / Outdoor Sensor","latitude":"0.0","longitude":"0.0","field1":"Indoor Temperature","field2":"Outdoor Temperature","created_at":"2018-09-23T15:37:52-07:00","updated_at":"2020-07-27T05:59:41-07:00","last_entry_id":340085},"feeds":[{"created_at":"2025-02-11T00:02:11-08:00","entry_id":339804,"field1":"-3.1875","field2":"-11.625"},{"created_at":"2025-02-11T00:11:48-08:00","entry_id":339805,"field1":"-3.25","field2":"-11.625"},{"created_at":"2025-02-11T00:21:24-08:00","entry_id":339806,"field1":"-3.25","field2":"-11.5625"},{"created_at":"2025-02-11T00:30:59-08:00","entry_id":339807,"field1":"-3.25","field2":"-11.6875"},{"created_at":"2025-02-11T00:40:38-08:00","entry_id":339808,"field1":"-3.3125","field2":"-11.5625"},{"created_at":"2025-02-11T00:50:14-08:00","entry_id":339809,"field1":"-3.3125","field2":"-11.625"},{"created_at":"2025-02-11T00:59:51-08:00","entry_id":339810,"field1":"-3.3125","field2":"-11.5"},{"created_at":"2025-02-11T01:09:28-08:00","entry_id":339811,"field1":"-3.375","field2":"-11.375"},{"created_at":"2025-02-11T01:19:03-08:00","entry_id":339812,"field1":"-3.3125","field2":"-11.5"},{"created_at":"2025-02-11T01:28:41-08:00","entry_id":339813,"field1":"-3.375","field2":"-11.0625"},{"created_at":"2025-02-11T01:38:18-08:00","entry_id":339814,"field1":"-3.375","field2":"-11.0625"},{"created_at":"2025-02-11T01:47:54-08:00","entry_id":339815,"field1":"-3.375","field2":"-11.3125"},{"created_at":"2025-02-11T01:57:31-08:00","entry_id":339816,"field1":"-3.4375","field2":"-11.75"},{"created_at":"2025-02-11T02:07:07-08:00","entry_id":339817,"field1":"-3.4375","field2":"-11.3125"},{"created_at":"2025-02-11T02:16:42-08:00","entry_id":339818,"field1":"-3.5625","field2":"-10.875"},{"created_at":"2025-02-11T02:26:19-08:00","entry_id":339819,"field1":"-3.5","field2":"-12.0625"},{"created_at":"2025-02-11T02:35:57-08:00","entry_id":339820,"field1":"-3.5","field2":"-11.75"},{"created_at":"2025-02-11T02:45:33-08:00","entry_id":339821,"field1":"-3.5","field2":"-11.8125"},{"created_at":"2025-02-11T02:55:09-08:00","entry_id":339822,"field1":"-3.5625","field2":"-11.375"},{"created_at":"2025-02-11T03:04:47-08:00","entry_id":339823,"field1":"-3.5625","field2":"-12.4375"},{"created_at":"2025-02-11T03:14:24-08:00","entry_id":339824,"field1":"-3.5625","field2":"-12.375"},{"created_at":"2025-02-11T03:23:59-08:00","entry_id":339825,"field1":"-3.6875","field2":"-11.6875"},{"created_at":"2025-02-11T03:33:36-08:00","entry_id":339826,"field1":"-3.625","field2":"-12.4375"},{"created_at":"2025-02-11T03:43:14-08:00","entry_id":339827,"field1":"-3.625","field2":"-12.25"},{"created_at":"2025-02-11T03:52:49-08:00","entry_id":339828,"field1":"-3.625","field2":"-12.125"},{"created_at":"2025-02-11T04:02:25-08:00","entry_id":339829,"field1":"-3.625","field2":"-12.5"},{"created_at":"2025-02-11T04:12:04-08:00","entry_id":339830,"field1":"-3.6875","field2":"-12.5"},{"created_at":"2025-02-11T04:21:40-08:00","entry_id":339831,"field1":"-3.6875","field2":"-12.125"},{"created_at":"2025-02-11T04:31:17-08:00","entry_id":339832,"field1":"-3.6875","field2":"-12.0625"},{"created_at":"2025-02-11T04:40:53-08:00","entry_id":339833,"field1":"-3.6875","field2":"-12.6875"},{"created_at":"2025-02-11T04:50:30-08:00","entry_id":339834,"field1":"-3.75","field2":"-12.5"},{"created_at":"2025-02-11T05:00:07-08:00","entry_id":339835,"field1":"-3.75","field2":"-12.25"},{"created_at":"2025-02-11T05:09:44-08:00","entry_id":339836,"field1":"-3.75","field2":"-12.625"},{"created_at":"2025-02-11T05:19:20-08:00","entry_id":339837,"field1":"-3.75","field2":"-12.625"},{"created_at":"2025-02-11T05:28:57-08:00","entry_id":339838,"field1":"-3.8125","field2":"-12.625"},{"created_at":"2025-02-11T05:38:32-08:00","entry_id":339839,"field1":"-3.8125","field2":"-12.6875"},{"created_at":"2025-02-11T05:48:10-08:00","entry_id":339840,"field1":"-3.875","field2":"-12.875"},{"created_at":"2025-02-11T05:57:44-08:00","entry_id":339841,"field1":"-3.875","field2":"-12.625"},{"created_at":"2025-02-11T06:07:20-08:00","entry_id":339842,"field1":"-3.875","field2":"-12.8125"},{"created_at":"2025-02-11T06:16:57-08:00","entry_id":339843,"field1":"-3.875","field2":"-12.6875"},{"created_at":"2025-02-11T06:26:34-08:00","entry_id":339844,"field1":"-3.9375","field2":"-12.625"},{"created_at":"2025-02-11T06:36:10-08:00","entry_id":339845,"field1":"-3.9375","field2":"-12.5"},{"created_at":"2025-02-11T06:45:47-08:00","entry_id":339846,"field1":"-3.9375","field2":"-12.875"},{"created_at":"2025-02-11T06:55:23-08:00","entry_id":339847,"field1":"-4","field2":"-12.625"},{"created_at":"2025-02-11T07:04:58-08:00","entry_id":339848,"field1":"-4","field2":"-12.4375"},{"created_at":"2025-02-11T07:14:34-08:00","entry_id":339849,"field1":"-4","field2":"-12.75"},{"created_at":"2025-02-11T07:24:11-08:00","entry_id":339850,"field1":"-4","field2":"-12.6875"},{"created_at":"2025-02-11T07:33:46-08:00","entry_id":339851,"field1":"-4.0625","field2":"-12.1875"},{"created_at":"2025-02-11T07:43:23-08:00","entry_id":339852,"field1":"-4.0625","field2":"-12.625"},{"created_at":"2025-02-11T07:53:00-08:00","entry_id":339853,"field1":"-4.0625","field2":"-12.6875"},{"created_at":"2025-02-11T08:02:37-08:00","entry_id":339854,"field1":"-4.0625","field2":"-12.6875"},{"created_at":"2025-02-11T08:12:12-08:00","entry_id":339855,"field1":"-4.125","field2":"-12.375"},{"created_at":"2025-02-11T08:21:48-08:00","entry_id":339856,"field1":"-4.125","field2":"-12.375"},{"created_at":"2025-02-11T08:31:26-08:00","entry_id":339857,"field1":"-4.125","field2":"-11.8125"},{"created_at":"2025-02-11T08:41:01-08:00","entry_id":339858,"field1":"-4.125","field2":"-11.6875"},{"created_at":"2025-02-11T08:50:37-08:00","entry_id":339859,"field1":"-4.125","field2":"-11.5625"},{"created_at":"2025-02-11T09:00:13-08:00","entry_id":339860,"field1":"-4.125","field2":"-11"},{"created_at":"2025-02-11T09:09:48-08:00","entry_id":339861,"field1":"-4.125","field2":"-10.75"},{"created_at":"2025-02-11T09:19:26-08:00","entry_id":339862,"field1":"-4.125","field2":"-10.875"},{"created_at":"2025-02-11T09:29:02-08:00","entry_id":339863,"field1":"-4.125","field2":"-10.8125"},{"created_at":"2025-02-11T09:38:37-08:00","entry_id":339864,"field1":"-4.125","field2":"-10.5"},{"created_at":"2025-02-11T09:48:16-08:00","entry_id":339865,"field1":"-4.125","field2":"-10.625"},{"created_at":"2025-02-11T09:57:52-08:00","entry_id":339866,"field1":"-4.0625","field2":"-10.125"},{"created_at":"2025-02-11T10:07:29-08:00","entry_id":339867,"field1":"-4.0625","field2":"-10.1875"},{"created_at":"2025-02-11T10:17:06-08:00","entry_id":339868,"field1":"-4.0625","field2":"-10.1875"},{"created_at":"2025-02-11T10:26:42-08:00","entry_id":339869,"field1":"-4","field2":"-10.375"},{"created_at":"2025-02-11T10:36:17-08:00","entry_id":339870,"field1":"-4","field2":"-9.9375"},{"created_at":"2025-02-11T10:45:55-08:00","entry_id":339871,"field1":"-4","field2":"-10"},{"created_at":"2025-02-11T10:55:31-08:00","entry_id":339872,"field1":"-3.9375","field2":"-9.8125"},{"created_at":"2025-02-11T11:05:07-08:00","entry_id":339873,"field1":"-3.875","field2":"-9.4375"},{"created_at":"2025-02-11T11:14:44-08:00","entry_id":339874,"field1":"-3.875","field2":"-9.6875"},{"created_at":"2025-02-11T11:24:21-08:00","entry_id":339875,"field1":"-3.8125","field2":"-9.0625"},{"created_at":"2025-02-11T11:33:56-08:00","entry_id":339876,"field1":"-3.75","field2":"-8.8125"},{"created_at":"2025-02-11T11:43:32-08:00","entry_id":339877,"field1":"-3.75","field2":"-8.9375"},{"created_at":"2025-02-11T11:53:07-08:00","entry_id":339878,"field1":"-3.6875","field2":"-8.5625"},{"created_at":"2025-02-11T12:02:44-08:00","entry_id":339879,"field1":"-3.625","field2":"-8.375"},{"created_at":"2025-02-11T12:12:21-08:00","entry_id":339880,"field1":"-3.625","field2":"-8.5"},{"created_at":"2025-02-11T12:21:57-08:00","entry_id":339881,"field1":"-3.625","field2":"-8.3125"},{"created_at":"2025-02-11T12:31:34-08:00","entry_id":339882,"field1":"-3.625","field2":"-8.125"},{"created_at":"2025-02-11T12:41:12-08:00","entry_id":339883,"field1":"-3.5625","field2":"-8.125"},{"created_at":"2025-02-11T12:50:49-08:00","entry_id":339884,"field1":"-3.5625","field2":"-7.75"},{"created_at":"2025-02-11T13:00:27-08:00","entry_id":339885,"field1":"-3.5625","field2":"-7.875"},{"created_at":"2025-02-11T13:10:04-08:00","entry_id":339886,"field1":"-3.5","field2":"-7.875"},{"created_at":"2025-02-11T13:19:41-08:00","entry_id":339887,"field1":"-3.5","field2":"-7.75"},{"created_at":"2025-02-11T13:29:16-08:00","entry_id":339888,"field1":"-3.5","field2":"-7.8125"},{"created_at":"2025-02-11T13:38:53-08:00","entry_id":339889,"field1":"-3.4375","field2":"-7.9375"},{"created_at":"2025-02-11T13:48:30-08:00","entry_id":339890,"field1":"-3.4375","field2":"-7.875"},{"created_at":"2025-02-11T13:58:07-08:00","entry_id":339891,"field1":"-3.4375","field2":"-7.125"},{"created_at":"2025-02-11T14:07:43-08:00","entry_id":339892,"field1":"-3.4375","field2":"-7.75"},{"created_at":"2025-02-11T14:17:20-08:00","entry_id":339893,"field1":"-3.375","field2":"-7.75"},{"created_at":"2025-02-11T14:26:57-08:00","entry_id":339894,"field1":"-3.375","field2":"-7.75"},{"created_at":"2025-02-11T14:36:34-08:00","entry_id":339895,"field1":"-3.375","field2":"-7.875"},{"created_at":"2025-02-11T14:46:11-08:00","entry_id":339896,"field1":"-3.375","field2":"-8.0625"},{"created_at":"2025-02-11T14:55:47-08:00","entry_id":339897,"field1":"-3.375","field2":"-8.375"},{"created_at":"2025-02-11T15:05:24-08:00","entry_id":339898,"field1":"-3.375","field2":"-8.5625"},{"created_at":"2025-02-11T15:14:59-08:00","entry_id":339899,"field1":"-3.375","field2":"-8.8125"},{"created_at":"2025-02-11T15:24:35-08:00","entry_id":339900,"field1":"-3.375","field2":"-8.9375"},{"created_at":"2025-02-11T15:34:11-08:00","entry_id":339901,"field1":"-3.375","field2":"-9.125"},{"created_at":"2025-02-11T15:43:49-08:00","entry_id":339902,"field1":"-3.375","field2":"-9.25"},{"created_at":"2025-02-11T15:53:26-08:00","entry_id":339903,"field1":"-3.375","field2":"-9.4375"},{"created_at":"2025-02-11T16:03:03-08:00","entry_id":339904,"field1":"-3.4375","field2":"-9.5"},{"created_at":"2025-02-11T16:12:41-08:00","entry_id":339905,"field1":"-3.4375","field2":"-9.625"},{"created_at":"2025-02-11T16:22:18-08:00","entry_id":339906,"field1":"-3.4375","field2":"-9.75"},{"created_at":"2025-02-11T16:31:54-08:00","entry_id":339907,"field1":"-3.4375","field2":"-9.875"},{"created_at":"2025-02-11T16:41:31-08:00","entry_id":339908,"field1":"-3.4375","field2":"-10"},{"created_at":"2025-02-11T16:51:07-08:00","entry_id":339909,"field1":"-3.4375","field2":"-10.125"},{"created_at":"2025-02-11T17:00:43-08:00","entry_id":339910,"field1":"-3.5","field2":"-10.3125"},{"created_at":"2025-02-11T17:10:20-08:00","entry_id":339911,"field1":"-3.5","field2":"-10.375"},{"created_at":"2025-02-11T17:19:55-08:00","entry_id":339912,"field1":"-3.5","field2":"-10.5"},{"created_at":"2025-02-11T17:29:31-08:00","entry_id":339913,"field1":"-3.5","field2":"-10.5625"},{"created_at":"2025-02-11T17:39:08-08:00","entry_id":339914,"field1":"-3.5625","field2":"-10.625"},{"created_at":"2025-02-11T17:48:44-08:00","entry_id":339915,"field1":"-3.5625","field2":"-10.6875"},{"created_at":"2025-02-11T17:58:21-08:00","entry_id":339916,"field1":"-3.5625","field2":"-10.875"},{"created_at":"2025-02-11T18:07:56-08:00","entry_id":339917,"field1":"-3.5625","field2":"-10.8125"},{"created_at":"2025-02-11T18:17:34-08:00","entry_id":339918,"field1":"-3.625","field2":"-10.875"},{"created_at":"2025-02-11T18:27:11-08:00","entry_id":339919,"field1":"-3.625","field2":"-10.8125"},{"created_at":"2025-02-11T18:36:46-08:00","entry_id":339920,"field1":"-3.625","field2":"-10.9375"},{"created_at":"2025-02-11T18:46:23-08:00","entry_id":339921,"field1":"-3.625","field2":"-10.9375"},{"created_at":"2025-02-11T18:56:01-08:00","entry_id":339922,"field1":"-3.625","field2":"-11.0625"},{"created_at":"2025-02-11T19:05:36-08:00","entry_id":339923,"field1":"-3.625","field2":"-11.0625"},{"created_at":"2025-02-11T19:15:13-08:00","entry_id":339924,"field1":"-3.625","field2":"-11.1875"},{"created_at":"2025-02-11T19:24:50-08:00","entry_id":339925,"field1":"-3.6875","field2":"-11.1875"},{"created_at":"2025-02-11T19:34:27-08:00","entry_id":339926,"field1":"-3.6875","field2":"-11.25"},{"created_at":"2025-02-11T19:44:03-08:00","entry_id":339927,"field1":"-3.6875","field2":"-11.5"},{"created_at":"2025-02-11T19:53:40-08:00","entry_id":339928,"field1":"-3.75","field2":"-11.5625"},{"created_at":"2025-02-11T20:03:17-08:00","entry_id":339929,"field1":"-3.75","field2":"-11.6875"},{"created_at":"2025-02-11T20:12:53-08:00","entry_id":339930,"field1":"-3.75","field2":"-11.5625"},{"created_at":"2025-02-11T20:22:28-08:00","entry_id":339931,"field1":"-3.75","field2":"-11.5625"},{"created_at":"2025-02-11T20:32:07-08:00","entry_id":339932,"field1":"-3.8125","field2":"-11.625"},{"created_at":"2025-02-11T20:41:43-08:00","entry_id":339933,"field1":"-3.8125","field2":"-11.875"},{"created_at":"2025-02-11T20:51:19-08:00","entry_id":339934,"field1":"-3.8125","field2":"-12"},{"created_at":"2025-02-11T21:00:57-08:00","entry_id":339935,"field1":"-3.8125","field2":"-12"},{"created_at":"2025-02-11T21:10:32-08:00","entry_id":339936,"field1":"-3.875","field2":"-12"},{"created_at":"2025-02-11T21:20:09-08:00","entry_id":339937,"field1":"-3.875","field2":"-12"},{"created_at":"2025-02-11T21:29:46-08:00","entry_id":339938,"field1":"-3.875","field2":"-12.0625"},{"created_at":"2025-02-11T21:39:21-08:00","entry_id":339939,"field1":"-3.875","field2":"-12.125"},{"created_at":"2025-02-11T21:48:59-08:00","entry_id":339940,"field1":"-3.9375","field2":"-12.125"},{"created_at":"2025-02-11T21:58:35-08:00","entry_id":339941,"field1":"-3.9375","field2":"-12.25"},{"created_at":"2025-02-11T22:08:11-08:00","entry_id":339942,"field1":"-3.9375","field2":"-12.1875"},{"created_at":"2025-02-11T22:17:48-08:00","entry_id":339943,"field1":"-3.9375","field2":"-12.3125"},{"created_at":"2025-02-11T22:27:25-08:00","entry_id":339944,"field1":"-4","field2":"-12.4375"},{"created_at":"2025-02-11T22:37:01-08:00","entry_id":339945,"field1":"-4","field2":"-12.5"},{"created_at":"2025-02-11T22:46:38-08:00","entry_id":339946,"field1":"-4.0625","field2":"-12.5625"},{"created_at":"2025-02-11T22:56:15-08:00","entry_id":339947,"field1":"-4.0625","field2":"-12.4375"},{"created_at":"2025-02-11T23:05:52-08:00","entry_id":339948,"field1":"-4.0625","field2":"-12.375"},{"created_at":"2025-02-11T23:15:28-08:00","entry_id":339949,"field1":"-4.0625","field2":"-12.3125"},{"created_at":"2025-02-11T23:25:06-08:00","entry_id":339950,"field1":"-4.125","field2":"-12.0625"},{"created_at":"2025-02-11T23:34:42-08:00","entry_id":339951,"field1":"-4.125","field2":"-12.1875"},{"created_at":"2025-02-11T23:44:16-08:00","entry_id":339952,"field1":"-4.125","field2":"-12.0625"},{"created_at":"2025-02-11T23:53:54-08:00","entry_id":339953,"field1":"-4.125","field2":"-12.1875"}]}