{"channel":{"id":581842,"name":"Upstairs Small Window Indoor / Outdoor Sensor","latitude":"0.0","longitude":"0.0","field1":"Indoor Temperature","field2":"Outdoor Temperature","created_at":"2018-09-23T15:37:52-07:00","updated_at":"2020-07-27T05:59:41-07:00","last_entry_id":217171},"feeds":[{"created_at":"2022-11-06T00:07:52-07:00","entry_id":216653,"field1":"7.875","field2":"0.3125"},{"created_at":"2022-11-06T00:17:29-07:00","entry_id":216654,"field1":"7.375","field2":"0.1875"},{"created_at":"2022-11-06T00:27:07-07:00","entry_id":216655,"field1":"7.125","field2":"-0.0625"},{"created_at":"2022-11-06T00:36:44-07:00","entry_id":216656,"field1":"6.875","field2":"-0.25"},{"created_at":"2022-11-06T00:46:21-07:00","entry_id":216657,"field1":"6.75","field2":"-0.5"},{"created_at":"2022-11-06T00:55:57-07:00","entry_id":216658,"field1":"6.5625","field2":"-0.6875"},{"created_at":"2022-11-06T01:05:35-07:00","entry_id":216659,"field1":"6.4375","field2":"-0.4375"},{"created_at":"2022-11-06T01:15:13-07:00","entry_id":216660,"field1":"6.3125","field2":"-0.5625"},{"created_at":"2022-11-06T01:24:50-07:00","entry_id":216661,"field1":"6.1875","field2":"-0.3125"},{"created_at":"2022-11-06T01:34:27-07:00","entry_id":216662,"field1":"6.125","field2":"-0.125"},{"created_at":"2022-11-06T01:44:05-07:00","entry_id":216663,"field1":"6.6875","field2":"-0.125"},{"created_at":"2022-11-06T01:53:41-07:00","entry_id":216664,"field1":"7.1875","field2":"-0.25"},{"created_at":"2022-11-06T01:03:19-08:00","entry_id":216665,"field1":"7.5625","field2":"-0.1875"},{"created_at":"2022-11-06T01:12:57-08:00","entry_id":216666,"field1":"7.9375","field2":"-0.0625"},{"created_at":"2022-11-06T01:22:35-08:00","entry_id":216667,"field1":"7.8125","field2":"0.0625"},{"created_at":"2022-11-06T01:32:12-08:00","entry_id":216668,"field1":"7.375","field2":"-0.0625"},{"created_at":"2022-11-06T01:41:50-08:00","entry_id":216669,"field1":"7.0625","field2":"-0.1875"},{"created_at":"2022-11-06T01:51:27-08:00","entry_id":216670,"field1":"6.875","field2":"-0.5"},{"created_at":"2022-11-06T02:01:04-08:00","entry_id":216671,"field1":"6.6875","field2":"-0.625"},{"created_at":"2022-11-06T02:10:41-08:00","entry_id":216672,"field1":"6.5","field2":"-0.875"},{"created_at":"2022-11-06T02:20:17-08:00","entry_id":216673,"field1":"6.375","field2":"-0.9375"},{"created_at":"2022-11-06T02:29:55-08:00","entry_id":216674,"field1":"6.25","field2":"-0.9375"},{"created_at":"2022-11-06T02:39:32-08:00","entry_id":216675,"field1":"6.125","field2":"-0.75"},{"created_at":"2022-11-06T02:49:09-08:00","entry_id":216676,"field1":"6.25","field2":"-0.8125"},{"created_at":"2022-11-06T02:58:47-08:00","entry_id":216677,"field1":"6.8125","field2":"-0.9375"},{"created_at":"2022-11-06T03:08:25-08:00","entry_id":216678,"field1":"7.3125","field2":"-0.9375"},{"created_at":"2022-11-06T03:18:03-08:00","entry_id":216679,"field1":"7.6875","field2":"-1"},{"created_at":"2022-11-06T03:27:40-08:00","entry_id":216680,"field1":"7.9375","field2":"-1"},{"created_at":"2022-11-06T03:37:17-08:00","entry_id":216681,"field1":"8","field2":"-1.125"},{"created_at":"2022-11-06T03:46:53-08:00","entry_id":216682,"field1":"7.4375","field2":"-1.1875"},{"created_at":"2022-11-06T03:56:31-08:00","entry_id":216683,"field1":"7.125","field2":"-1.0625"},{"created_at":"2022-11-06T04:06:08-08:00","entry_id":216684,"field1":"6.875","field2":"-0.875"},{"created_at":"2022-11-06T04:15:45-08:00","entry_id":216685,"field1":"6.6875","field2":"-0.75"},{"created_at":"2022-11-06T04:25:21-08:00","entry_id":216686,"field1":"6.5","field2":"-0.5625"},{"created_at":"2022-11-06T04:35:00-08:00","entry_id":216687,"field1":"6.375","field2":"-0.5"},{"created_at":"2022-11-06T04:44:37-08:00","entry_id":216688,"field1":"6.25","field2":"-0.625"},{"created_at":"2022-11-06T04:54:14-08:00","entry_id":216689,"field1":"6.125","field2":"-0.6875"},{"created_at":"2022-11-06T05:03:51-08:00","entry_id":216690,"field1":"6.0625","field2":"-0.8125"},{"created_at":"2022-11-06T05:13:28-08:00","entry_id":216691,"field1":"6.6875","field2":"-0.875"},{"created_at":"2022-11-06T05:23:06-08:00","entry_id":216692,"field1":"7.1875","field2":"-0.9375"},{"created_at":"2022-11-06T05:32:44-08:00","entry_id":216693,"field1":"7.5","field2":"-1.125"},{"created_at":"2022-11-06T05:42:22-08:00","entry_id":216694,"field1":"7.8125","field2":"-1"},{"created_at":"2022-11-06T05:51:59-08:00","entry_id":216695,"field1":"8.0625","field2":"-1"},{"created_at":"2022-11-06T06:01:37-08:00","entry_id":216696,"field1":"7.8125","field2":"-0.9375"},{"created_at":"2022-11-06T06:11:14-08:00","entry_id":216697,"field1":"7.375","field2":"-0.9375"},{"created_at":"2022-11-06T06:20:50-08:00","entry_id":216698,"field1":"7.0625","field2":"-0.8125"},{"created_at":"2022-11-06T06:30:27-08:00","entry_id":216699,"field1":"6.8125","field2":"-0.9375"},{"created_at":"2022-11-06T06:40:05-08:00","entry_id":216700,"field1":"6.625","field2":"-1"},{"created_at":"2022-11-06T06:49:42-08:00","entry_id":216701,"field1":"6.4375","field2":"-1"},{"created_at":"2022-11-06T06:59:17-08:00","entry_id":216702,"field1":"6.3125","field2":"-1.0625"},{"created_at":"2022-11-06T07:08:55-08:00","entry_id":216703,"field1":"6.1875","field2":"-1"},{"created_at":"2022-11-06T07:18:32-08:00","entry_id":216704,"field1":"6.0625","field2":"-0.875"},{"created_at":"2022-11-06T07:28:09-08:00","entry_id":216705,"field1":"6.1875","field2":"-0.75"},{"created_at":"2022-11-06T07:37:47-08:00","entry_id":216706,"field1":"6.8125","field2":"-0.5625"},{"created_at":"2022-11-06T07:47:25-08:00","entry_id":216707,"field1":"7.25","field2":"-0.5625"},{"created_at":"2022-11-06T07:57:02-08:00","entry_id":216708,"field1":"7.5625","field2":"-0.5"},{"created_at":"2022-11-06T08:06:40-08:00","entry_id":216709,"field1":"7.875","field2":"-0.375"},{"created_at":"2022-11-06T08:16:17-08:00","entry_id":216710,"field1":"8","field2":"-0.4375"},{"created_at":"2022-11-06T08:25:55-08:00","entry_id":216711,"field1":"7.5","field2":"-0.25"},{"created_at":"2022-11-06T08:35:32-08:00","entry_id":216712,"field1":"7.125","field2":"-0.25"},{"created_at":"2022-11-06T08:45:09-08:00","entry_id":216713,"field1":"6.875","field2":"-0.25"},{"created_at":"2022-11-06T08:54:46-08:00","entry_id":216714,"field1":"6.6875","field2":"-0.125"},{"created_at":"2022-11-06T09:04:23-08:00","entry_id":216715,"field1":"6.5625","field2":"-0.0625"},{"created_at":"2022-11-06T09:14:01-08:00","entry_id":216716,"field1":"6.375","field2":"0"},{"created_at":"2022-11-06T09:23:38-08:00","entry_id":216717,"field1":"6.25","field2":"0.125"},{"created_at":"2022-11-06T09:33:15-08:00","entry_id":216718,"field1":"6.125","field2":"0.125"},{"created_at":"2022-11-06T09:42:51-08:00","entry_id":216719,"field1":"6","field2":"0.4375"},{"created_at":"2022-11-06T09:52:28-08:00","entry_id":216720,"field1":"6.5","field2":"0.5625"},{"created_at":"2022-11-06T10:02:06-08:00","entry_id":216721,"field1":"7.0625","field2":"0.6875"},{"created_at":"2022-11-06T10:11:43-08:00","entry_id":216722,"field1":"7.5","field2":"0.6875"},{"created_at":"2022-11-06T10:21:21-08:00","entry_id":216723,"field1":"7.8125","field2":"0.75"},{"created_at":"2022-11-06T10:30:59-08:00","entry_id":216724,"field1":"7.75","field2":"0.6875"},{"created_at":"2022-11-06T10:40:37-08:00","entry_id":216725,"field1":"7.3125","field2":"0.75"},{"created_at":"2022-11-06T10:50:14-08:00","entry_id":216726,"field1":"7","field2":"0.75"},{"created_at":"2022-11-06T10:59:50-08:00","entry_id":216727,"field1":"6.8125","field2":"0.6875"},{"created_at":"2022-11-06T11:09:27-08:00","entry_id":216728,"field1":"6.625","field2":"0.6875"},{"created_at":"2022-11-06T11:19:04-08:00","entry_id":216729,"field1":"6.4375","field2":"0.75"},{"created_at":"2022-11-06T11:28:41-08:00","entry_id":216730,"field1":"6.3125","field2":"0.75"},{"created_at":"2022-11-06T11:38:18-08:00","entry_id":216731,"field1":"6.1875","field2":"0.875"},{"created_at":"2022-11-06T11:47:56-08:00","entry_id":216732,"field1":"6.0625","field2":"0.875"},{"created_at":"2022-11-06T11:57:33-08:00","entry_id":216733,"field1":"6.25","field2":"0.9375"},{"created_at":"2022-11-06T12:07:11-08:00","entry_id":216734,"field1":"6.875","field2":"1.0625"},{"created_at":"2022-11-06T12:16:49-08:00","entry_id":216735,"field1":"7.375","field2":"1.1875"},{"created_at":"2022-11-06T12:26:27-08:00","entry_id":216736,"field1":"7.6875","field2":"1.1875"},{"created_at":"2022-11-06T12:36:03-08:00","entry_id":216737,"field1":"8.0625","field2":"1.3125"},{"created_at":"2022-11-06T12:45:40-08:00","entry_id":216738,"field1":"7.875","field2":"1.375"},{"created_at":"2022-11-06T12:55:18-08:00","entry_id":216739,"field1":"7.375","field2":"1.3125"},{"created_at":"2022-11-06T13:04:55-08:00","entry_id":216740,"field1":"7.125","field2":"1.375"},{"created_at":"2022-11-06T13:14:31-08:00","entry_id":216741,"field1":"6.875","field2":"1.5"},{"created_at":"2022-11-06T13:24:09-08:00","entry_id":216742,"field1":"6.75","field2":"1.5625"},{"created_at":"2022-11-06T13:33:46-08:00","entry_id":216743,"field1":"6.5625","field2":"1.5"},{"created_at":"2022-11-06T13:43:24-08:00","entry_id":216744,"field1":"6.4375","field2":"1.5"},{"created_at":"2022-11-06T13:53:01-08:00","entry_id":216745,"field1":"6.375","field2":"1.625"},{"created_at":"2022-11-06T14:02:38-08:00","entry_id":216746,"field1":"6.25","field2":"1.625"},{"created_at":"2022-11-06T14:12:13-08:00","entry_id":216747,"field1":"6.125","field2":"1.75"},{"created_at":"2022-11-06T14:21:52-08:00","entry_id":216748,"field1":"6.25","field2":"1.75"},{"created_at":"2022-11-06T14:31:30-08:00","entry_id":216749,"field1":"6.875","field2":"1.875"},{"created_at":"2022-11-06T14:41:08-08:00","entry_id":216750,"field1":"7.375","field2":"1.875"},{"created_at":"2022-11-06T14:50:45-08:00","entry_id":216751,"field1":"7.8125","field2":"1.9375"},{"created_at":"2022-11-06T15:00:23-08:00","entry_id":216752,"field1":"8.0625","field2":"1.875"},{"created_at":"2022-11-06T15:10:01-08:00","entry_id":216753,"field1":"7.625","field2":"1.75"},{"created_at":"2022-11-06T15:19:37-08:00","entry_id":216754,"field1":"7.25","field2":"1.625"},{"created_at":"2022-11-06T15:29:14-08:00","entry_id":216755,"field1":"7","field2":"1.5625"},{"created_at":"2022-11-06T15:38:50-08:00","entry_id":216756,"field1":"6.8125","field2":"1.5625"},{"created_at":"2022-11-06T15:48:28-08:00","entry_id":216757,"field1":"6.6875","field2":"1.4375"},{"created_at":"2022-11-06T15:58:05-08:00","entry_id":216758,"field1":"6.5","field2":"1.4375"},{"created_at":"2022-11-06T16:07:42-08:00","entry_id":216759,"field1":"6.375","field2":"1.3125"},{"created_at":"2022-11-06T16:17:18-08:00","entry_id":216760,"field1":"6.25","field2":"1.25"},{"created_at":"2022-11-06T16:26:57-08:00","entry_id":216761,"field1":"6.1875","field2":"1.3125"},{"created_at":"2022-11-06T16:36:34-08:00","entry_id":216762,"field1":"6.1875","field2":"1.25"},{"created_at":"2022-11-06T16:46:12-08:00","entry_id":216763,"field1":"6.8125","field2":"1.25"},{"created_at":"2022-11-06T16:55:50-08:00","entry_id":216764,"field1":"7.3125","field2":"1.125"},{"created_at":"2022-11-06T17:05:28-08:00","entry_id":216765,"field1":"7.6875","field2":"1.125"},{"created_at":"2022-11-06T17:15:06-08:00","entry_id":216766,"field1":"8","field2":"1.125"},{"created_at":"2022-11-06T17:24:44-08:00","entry_id":216767,"field1":"7.9375","field2":"1.0625"},{"created_at":"2022-11-06T17:34:20-08:00","entry_id":216768,"field1":"7.4375","field2":"1.125"},{"created_at":"2022-11-06T17:43:58-08:00","entry_id":216769,"field1":"7.125","field2":"1.125"},{"created_at":"2022-11-06T17:53:35-08:00","entry_id":216770,"field1":"6.9375","field2":"1.25"},{"created_at":"2022-11-06T18:03:11-08:00","entry_id":216771,"field1":"6.75","field2":"1.4375"},{"created_at":"2022-11-06T18:12:49-08:00","entry_id":216772,"field1":"6.625","field2":"1.1875"},{"created_at":"2022-11-06T18:22:27-08:00","entry_id":216773,"field1":"6.4375","field2":"1.1875"},{"created_at":"2022-11-06T18:32:03-08:00","entry_id":216774,"field1":"6.375","field2":"1.125"},{"created_at":"2022-11-06T18:41:39-08:00","entry_id":216775,"field1":"6.25","field2":"1.125"},{"created_at":"2022-11-06T18:51:17-08:00","entry_id":216776,"field1":"6.125","field2":"1.1875"},{"created_at":"2022-11-06T19:00:54-08:00","entry_id":216777,"field1":"6.375","field2":"1.25"},{"created_at":"2022-11-06T19:10:32-08:00","entry_id":216778,"field1":"7.0625","field2":"1.25"},{"created_at":"2022-11-06T19:20:08-08:00","entry_id":216779,"field1":"7.5","field2":"1.1875"},{"created_at":"2022-11-06T19:29:47-08:00","entry_id":216780,"field1":"7.875","field2":"1.1875"},{"created_at":"2022-11-06T19:39:25-08:00","entry_id":216781,"field1":"8.0625","field2":"1.1875"},{"created_at":"2022-11-06T19:49:01-08:00","entry_id":216782,"field1":"7.625","field2":"1.1875"},{"created_at":"2022-11-06T19:58:38-08:00","entry_id":216783,"field1":"7.25","field2":"1.25"},{"created_at":"2022-11-06T20:08:16-08:00","entry_id":216784,"field1":"7","field2":"1.25"},{"created_at":"2022-11-06T20:17:51-08:00","entry_id":216785,"field1":"6.8125","field2":"1.3125"},{"created_at":"2022-11-06T20:27:29-08:00","entry_id":216786,"field1":"6.6875","field2":"1.25"},{"created_at":"2022-11-06T20:37:06-08:00","entry_id":216787,"field1":"6.5","field2":"1.25"},{"created_at":"2022-11-06T20:46:43-08:00","entry_id":216788,"field1":"6.375","field2":"1.3125"},{"created_at":"2022-11-06T20:56:20-08:00","entry_id":216789,"field1":"6.25","field2":"1.25"},{"created_at":"2022-11-06T21:05:57-08:00","entry_id":216790,"field1":"6.125","field2":"1.25"},{"created_at":"2022-11-06T21:15:34-08:00","entry_id":216791,"field1":"6.1875","field2":"1.3125"},{"created_at":"2022-11-06T21:25:12-08:00","entry_id":216792,"field1":"6.875","field2":"1.1875"},{"created_at":"2022-11-06T21:34:50-08:00","entry_id":216793,"field1":"7.375","field2":"1.1875"},{"created_at":"2022-11-06T21:44:26-08:00","entry_id":216794,"field1":"7.75","field2":"1.25"},{"created_at":"2022-11-06T21:54:04-08:00","entry_id":216795,"field1":"8.0625","field2":"1.1875"},{"created_at":"2022-11-06T22:03:42-08:00","entry_id":216796,"field1":"7.9375","field2":"1.25"},{"created_at":"2022-11-06T22:13:19-08:00","entry_id":216797,"field1":"7.4375","field2":"1.25"},{"created_at":"2022-11-06T22:22:56-08:00","entry_id":216798,"field1":"7.125","field2":"1.25"},{"created_at":"2022-11-06T22:32:33-08:00","entry_id":216799,"field1":"6.9375","field2":"1.1875"},{"created_at":"2022-11-06T22:42:10-08:00","entry_id":216800,"field1":"6.75","field2":"1.1875"},{"created_at":"2022-11-06T22:51:45-08:00","entry_id":216801,"field1":"6.5625","field2":"1.1875"},{"created_at":"2022-11-06T23:01:23-08:00","entry_id":216802,"field1":"6.4375","field2":"1.125"},{"created_at":"2022-11-06T23:11:01-08:00","entry_id":216803,"field1":"6.3125","field2":"1.0625"},{"created_at":"2022-11-06T23:20:38-08:00","entry_id":216804,"field1":"6.1875","field2":"1.0625"},{"created_at":"2022-11-06T23:30:15-08:00","entry_id":216805,"field1":"6.125","field2":"1.0625"},{"created_at":"2022-11-06T23:39:52-08:00","entry_id":216806,"field1":"6.4375","field2":"1"},{"created_at":"2022-11-06T23:49:30-08:00","entry_id":216807,"field1":"7.0625","field2":"1.0625"},{"created_at":"2022-11-06T23:59:07-08:00","entry_id":216808,"field1":"7.5","field2":"1.0625"}]}