{"channel":{"id":581842,"name":"Upstairs Small Window Indoor / Outdoor Sensor","latitude":"0.0","longitude":"0.0","field1":"Indoor Temperature","field2":"Outdoor Temperature","created_at":"2018-09-23T15:37:52-07:00","updated_at":"2020-07-27T05:59:41-07:00","last_entry_id":150128},"feeds":[{"created_at":"2018-12-30T00:05:07-08:00","entry_id":12980,"field1":"0","field2":"-0.1875"},{"created_at":"2018-12-30T00:14:44-08:00","entry_id":12981,"field1":"0.0625","field2":"-0.1875"},{"created_at":"2018-12-30T00:24:20-08:00","entry_id":12982,"field1":"0","field2":"-0.1875"},{"created_at":"2018-12-30T00:33:57-08:00","entry_id":12983,"field1":"0","field2":"-0.125"},{"created_at":"2018-12-30T00:43:35-08:00","entry_id":12984,"field1":"0","field2":"-0.1875"},{"created_at":"2018-12-30T00:53:12-08:00","entry_id":12985,"field1":"0.0625","field2":"-0.125"},{"created_at":"2018-12-30T01:02:49-08:00","entry_id":12986,"field1":"0.0625","field2":"-0.125"},{"created_at":"2018-12-30T01:12:26-08:00","entry_id":12987,"field1":"0","field2":"-0.125"},{"created_at":"2018-12-30T01:22:02-08:00","entry_id":12988,"field1":"0","field2":"-0.125"},{"created_at":"2018-12-30T01:31:38-08:00","entry_id":12989,"field1":"0.0625","field2":"-0.0625"},{"created_at":"2018-12-30T01:41:15-08:00","entry_id":12990,"field1":"0.0625","field2":"-0.125"},{"created_at":"2018-12-30T01:50:52-08:00","entry_id":12991,"field1":"0.0625","field2":"-0.125"},{"created_at":"2018-12-30T02:00:28-08:00","entry_id":12992,"field1":"0.0625","field2":"-0.125"},{"created_at":"2018-12-30T02:10:05-08:00","entry_id":12993,"field1":"0.0625","field2":"-0.125"},{"created_at":"2018-12-30T02:19:42-08:00","entry_id":12994,"field1":"0.0625","field2":"-0.1875"},{"created_at":"2018-12-30T02:29:18-08:00","entry_id":12995,"field1":"0.0625","field2":"-0.375"},{"created_at":"2018-12-30T02:39:00-08:00","entry_id":12996,"field1":"0.0625","field2":"-0.4375"},{"created_at":"2018-12-30T02:48:34-08:00","entry_id":12997,"field1":"0.0625","field2":"-0.4375"},{"created_at":"2018-12-30T02:58:12-08:00","entry_id":12998,"field1":"0.0625","field2":"-0.5"},{"created_at":"2018-12-30T03:07:48-08:00","entry_id":12999,"field1":"0.0625","field2":"-0.5625"},{"created_at":"2018-12-30T03:17:25-08:00","entry_id":13000,"field1":"0.0625","field2":"-0.5"},{"created_at":"2018-12-30T03:27:02-08:00","entry_id":13001,"field1":"0.0625","field2":"-0.375"},{"created_at":"2018-12-30T03:36:39-08:00","entry_id":13002,"field1":"0.0625","field2":"-0.3125"},{"created_at":"2018-12-30T03:46:16-08:00","entry_id":13003,"field1":"0.0625","field2":"-0.3125"},{"created_at":"2018-12-30T03:55:53-08:00","entry_id":13004,"field1":"0.0625","field2":"-0.25"},{"created_at":"2018-12-30T04:05:30-08:00","entry_id":13005,"field1":"0.0625","field2":"-0.1875"},{"created_at":"2018-12-30T04:15:06-08:00","entry_id":13006,"field1":"0.0625","field2":"-0.25"},{"created_at":"2018-12-30T04:24:44-08:00","entry_id":13007,"field1":"0.0625","field2":"-0.25"},{"created_at":"2018-12-30T04:34:21-08:00","entry_id":13008,"field1":"0.0625","field2":"-0.3125"},{"created_at":"2018-12-30T04:43:58-08:00","entry_id":13009,"field1":"0.0625","field2":"-0.3125"},{"created_at":"2018-12-30T04:53:34-08:00","entry_id":13010,"field1":"0.0625","field2":"-0.3125"},{"created_at":"2018-12-30T05:03:14-08:00","entry_id":13011,"field1":"0.0625","field2":"-0.3125"},{"created_at":"2018-12-30T05:12:49-08:00","entry_id":13012,"field1":"0.0625","field2":"-0.3125"},{"created_at":"2018-12-30T05:22:26-08:00","entry_id":13013,"field1":"0.0625","field2":"-0.375"},{"created_at":"2018-12-30T05:32:02-08:00","entry_id":13014,"field1":"0.0625","field2":"-0.4375"},{"created_at":"2018-12-30T05:41:39-08:00","entry_id":13015,"field1":"0.0625","field2":"-0.3125"},{"created_at":"2018-12-30T05:51:16-08:00","entry_id":13016,"field1":"0.0625","field2":"-0.375"},{"created_at":"2018-12-30T06:00:53-08:00","entry_id":13017,"field1":"0.0625","field2":"-0.3125"},{"created_at":"2018-12-30T06:10:29-08:00","entry_id":13018,"field1":"0.0625","field2":"-0.375"},{"created_at":"2018-12-30T06:20:06-08:00","entry_id":13019,"field1":"0.0625","field2":"-0.375"},{"created_at":"2018-12-30T06:29:43-08:00","entry_id":13020,"field1":"0.0625","field2":"-0.375"},{"created_at":"2018-12-30T06:39:20-08:00","entry_id":13021,"field1":"0.0625","field2":"-0.5625"},{"created_at":"2018-12-30T06:48:56-08:00","entry_id":13022,"field1":"0.0625","field2":"-0.625"},{"created_at":"2018-12-30T06:58:33-08:00","entry_id":13023,"field1":"0.0625","field2":"-0.5625"},{"created_at":"2018-12-30T07:08:10-08:00","entry_id":13024,"field1":"0.0625","field2":"-0.75"},{"created_at":"2018-12-30T07:17:48-08:00","entry_id":13025,"field1":"0.0625","field2":"-0.6875"},{"created_at":"2018-12-30T07:27:28-08:00","entry_id":13026,"field1":"0.0625","field2":"-0.8125"},{"created_at":"2018-12-30T07:37:05-08:00","entry_id":13027,"field1":"0.0625","field2":"-0.6875"},{"created_at":"2018-12-30T07:46:42-08:00","entry_id":13028,"field1":"0.0625","field2":"-0.6875"},{"created_at":"2018-12-30T07:56:18-08:00","entry_id":13029,"field1":"0.0625","field2":"-0.625"},{"created_at":"2018-12-30T08:05:55-08:00","entry_id":13030,"field1":"0.0625","field2":"-0.5625"},{"created_at":"2018-12-30T08:15:31-08:00","entry_id":13031,"field1":"0.0625","field2":"-0.625"},{"created_at":"2018-12-30T08:25:09-08:00","entry_id":13032,"field1":"0.125","field2":"-0.5625"},{"created_at":"2018-12-30T08:34:47-08:00","entry_id":13033,"field1":"0.0625","field2":"-0.5"},{"created_at":"2018-12-30T08:44:23-08:00","entry_id":13034,"field1":"0.0625","field2":"-0.5"},{"created_at":"2018-12-30T08:54:00-08:00","entry_id":13035,"field1":"0.0625","field2":"-0.4375"},{"created_at":"2018-12-30T09:03:37-08:00","entry_id":13036,"field1":"0.0625","field2":"-0.375"},{"created_at":"2018-12-30T09:13:13-08:00","entry_id":13037,"field1":"0.0625","field2":"-0.3125"},{"created_at":"2018-12-30T09:22:51-08:00","entry_id":13038,"field1":"0.125","field2":"-0.3125"},{"created_at":"2018-12-30T09:32:29-08:00","entry_id":13039,"field1":"0.125","field2":"-0.3125"},{"created_at":"2018-12-30T09:42:06-08:00","entry_id":13040,"field1":"0.125","field2":"-0.4375"},{"created_at":"2018-12-30T09:51:44-08:00","entry_id":13041,"field1":"0.125","field2":"-0.375"},{"created_at":"2018-12-30T10:01:20-08:00","entry_id":13042,"field1":"0.125","field2":"-0.3125"},{"created_at":"2018-12-30T10:10:57-08:00","entry_id":13043,"field1":"0.125","field2":"-0.1875"},{"created_at":"2018-12-30T10:20:34-08:00","entry_id":13044,"field1":"0.125","field2":"-0.1875"},{"created_at":"2018-12-30T10:30:10-08:00","entry_id":13045,"field1":"0.125","field2":"-0.125"},{"created_at":"2018-12-30T10:39:47-08:00","entry_id":13046,"field1":"0.125","field2":"0"},{"created_at":"2018-12-30T10:49:25-08:00","entry_id":13047,"field1":"0.1875","field2":"0.125"},{"created_at":"2018-12-30T10:59:01-08:00","entry_id":13048,"field1":"0.1875","field2":"0.1875"},{"created_at":"2018-12-30T11:08:38-08:00","entry_id":13049,"field1":"0.1875","field2":"0.25"},{"created_at":"2018-12-30T11:18:14-08:00","entry_id":13050,"field1":"0.1875","field2":"0.25"},{"created_at":"2018-12-30T11:27:52-08:00","entry_id":13051,"field1":"0.1875","field2":"0.3125"},{"created_at":"2018-12-30T11:37:28-08:00","entry_id":13052,"field1":"0.25","field2":"0.25"},{"created_at":"2018-12-30T11:47:05-08:00","entry_id":13053,"field1":"0.25","field2":"0.3125"},{"created_at":"2018-12-30T11:56:43-08:00","entry_id":13054,"field1":"0.25","field2":"0.375"},{"created_at":"2018-12-30T12:06:19-08:00","entry_id":13055,"field1":"0.25","field2":"0.4375"},{"created_at":"2018-12-30T12:15:56-08:00","entry_id":13056,"field1":"0.25","field2":"0.4375"},{"created_at":"2018-12-30T12:25:33-08:00","entry_id":13057,"field1":"0.3125","field2":"0.375"},{"created_at":"2018-12-30T12:35:11-08:00","entry_id":13058,"field1":"0.3125","field2":"0.375"},{"created_at":"2018-12-30T12:44:47-08:00","entry_id":13059,"field1":"0.3125","field2":"0.4375"},{"created_at":"2018-12-30T12:54:24-08:00","entry_id":13060,"field1":"0.3125","field2":"0.5"},{"created_at":"2018-12-30T13:04:01-08:00","entry_id":13061,"field1":"0.3125","field2":"0.5"},{"created_at":"2018-12-30T13:13:38-08:00","entry_id":13062,"field1":"0.3125","field2":"0.5"},{"created_at":"2018-12-30T13:23:15-08:00","entry_id":13063,"field1":"0.375","field2":"0.5"},{"created_at":"2018-12-30T13:32:50-08:00","entry_id":13064,"field1":"0.375","field2":"0.5"},{"created_at":"2018-12-30T13:42:27-08:00","entry_id":13065,"field1":"0.375","field2":"0.5625"},{"created_at":"2018-12-30T13:52:03-08:00","entry_id":13066,"field1":"0.375","field2":"0.5625"},{"created_at":"2018-12-30T14:01:40-08:00","entry_id":13067,"field1":"0.375","field2":"0.5625"},{"created_at":"2018-12-30T14:11:16-08:00","entry_id":13068,"field1":"0.4375","field2":"0.5625"},{"created_at":"2018-12-30T14:20:54-08:00","entry_id":13069,"field1":"0.4375","field2":"0.5"},{"created_at":"2018-12-30T14:30:31-08:00","entry_id":13070,"field1":"0.4375","field2":"0.4375"},{"created_at":"2018-12-30T14:40:08-08:00","entry_id":13071,"field1":"0.4375","field2":"0.4375"},{"created_at":"2018-12-30T14:49:48-08:00","entry_id":13072,"field1":"0.4375","field2":"0.375"},{"created_at":"2018-12-30T14:59:23-08:00","entry_id":13073,"field1":"0.4375","field2":"0.3125"},{"created_at":"2018-12-30T15:09:00-08:00","entry_id":13074,"field1":"0.5","field2":"0.25"},{"created_at":"2018-12-30T15:18:36-08:00","entry_id":13075,"field1":"0.5","field2":"0.25"},{"created_at":"2018-12-30T15:28:14-08:00","entry_id":13076,"field1":"0.4375","field2":"0.1875"},{"created_at":"2018-12-30T15:37:50-08:00","entry_id":13077,"field1":"0.5","field2":"0.125"},{"created_at":"2018-12-30T15:47:27-08:00","entry_id":13078,"field1":"0.5","field2":"0.0625"},{"created_at":"2018-12-30T15:57:05-08:00","entry_id":13079,"field1":"0.5","field2":"0"},{"created_at":"2018-12-30T16:06:41-08:00","entry_id":13080,"field1":"0.4375","field2":"0"},{"created_at":"2018-12-30T16:16:18-08:00","entry_id":13081,"field1":"0.4375","field2":"-0.0625"},{"created_at":"2018-12-30T16:25:56-08:00","entry_id":13082,"field1":"0.4375","field2":"-0.125"},{"created_at":"2018-12-30T16:35:32-08:00","entry_id":13083,"field1":"0.4375","field2":"-0.1875"},{"created_at":"2018-12-30T16:45:10-08:00","entry_id":13084,"field1":"0.375","field2":"-0.25"},{"created_at":"2018-12-30T16:54:47-08:00","entry_id":13085,"field1":"0.4375","field2":"-0.25"},{"created_at":"2018-12-30T17:04:26-08:00","entry_id":13086,"field1":"0.375","field2":"-0.25"},{"created_at":"2018-12-30T17:14:02-08:00","entry_id":13087,"field1":"0.375","field2":"-0.3125"},{"created_at":"2018-12-30T17:23:39-08:00","entry_id":13088,"field1":"0.375","field2":"-0.3125"},{"created_at":"2018-12-30T17:33:15-08:00","entry_id":13089,"field1":"0.375","field2":"-0.4375"},{"created_at":"2018-12-30T17:42:53-08:00","entry_id":13090,"field1":"0.375","field2":"-0.4375"},{"created_at":"2018-12-30T17:52:31-08:00","entry_id":13091,"field1":"0.375","field2":"-0.4375"},{"created_at":"2018-12-30T18:02:07-08:00","entry_id":13092,"field1":"0.375","field2":"-0.5"},{"created_at":"2018-12-30T18:11:44-08:00","entry_id":13093,"field1":"0.375","field2":"-0.5"},{"created_at":"2018-12-30T18:21:22-08:00","entry_id":13094,"field1":"0.375","field2":"-0.5"},{"created_at":"2018-12-30T18:30:59-08:00","entry_id":13095,"field1":"0.375","field2":"-0.625"},{"created_at":"2018-12-30T18:40:39-08:00","entry_id":13096,"field1":"0.375","field2":"-0.625"},{"created_at":"2018-12-30T18:50:14-08:00","entry_id":13097,"field1":"0.375","field2":"-0.5625"},{"created_at":"2018-12-30T18:59:51-08:00","entry_id":13098,"field1":"0.375","field2":"-0.6875"},{"created_at":"2018-12-30T19:09:27-08:00","entry_id":13099,"field1":"0.375","field2":"-0.6875"},{"created_at":"2018-12-30T19:19:04-08:00","entry_id":13100,"field1":"0.375","field2":"-0.8125"},{"created_at":"2018-12-30T19:28:40-08:00","entry_id":13101,"field1":"0.375","field2":"-0.75"},{"created_at":"2018-12-30T19:38:18-08:00","entry_id":13102,"field1":"0.375","field2":"-0.8125"},{"created_at":"2018-12-30T19:47:54-08:00","entry_id":13103,"field1":"0.3125","field2":"-0.875"},{"created_at":"2018-12-30T19:57:31-08:00","entry_id":13104,"field1":"0.3125","field2":"-1"},{"created_at":"2018-12-30T20:07:08-08:00","entry_id":13105,"field1":"0.3125","field2":"-0.9375"},{"created_at":"2018-12-30T20:16:45-08:00","entry_id":13106,"field1":"0.3125","field2":"-0.9375"},{"created_at":"2018-12-30T20:26:23-08:00","entry_id":13107,"field1":"0.3125","field2":"-0.9375"},{"created_at":"2018-12-30T20:35:59-08:00","entry_id":13108,"field1":"0.3125","field2":"-0.9375"},{"created_at":"2018-12-30T20:45:37-08:00","entry_id":13109,"field1":"0.3125","field2":"-0.9375"},{"created_at":"2018-12-30T20:55:14-08:00","entry_id":13110,"field1":"0.3125","field2":"-1.125"},{"created_at":"2018-12-30T21:04:50-08:00","entry_id":13111,"field1":"0.3125","field2":"-1.125"},{"created_at":"2018-12-30T21:14:28-08:00","entry_id":13112,"field1":"0.25","field2":"-1.1875"},{"created_at":"2018-12-30T21:24:05-08:00","entry_id":13113,"field1":"0.3125","field2":"-1.0625"},{"created_at":"2018-12-30T21:33:42-08:00","entry_id":13114,"field1":"0.3125","field2":"-1.0625"},{"created_at":"2018-12-30T21:43:19-08:00","entry_id":13115,"field1":"0.25","field2":"-1.1875"},{"created_at":"2018-12-30T21:52:56-08:00","entry_id":13116,"field1":"0.25","field2":"-1.0625"},{"created_at":"2018-12-30T22:02:32-08:00","entry_id":13117,"field1":"0.25","field2":"-1.0625"},{"created_at":"2018-12-30T22:12:09-08:00","entry_id":13118,"field1":"0.25","field2":"-1.0625"},{"created_at":"2018-12-30T22:21:46-08:00","entry_id":13119,"field1":"0.25","field2":"-1.1875"},{"created_at":"2018-12-30T22:31:24-08:00","entry_id":13120,"field1":"0.25","field2":"-1.375"},{"created_at":"2018-12-30T22:41:00-08:00","entry_id":13121,"field1":"0.25","field2":"-1.5"},{"created_at":"2018-12-30T22:50:37-08:00","entry_id":13122,"field1":"0.25","field2":"-1.4375"},{"created_at":"2018-12-30T23:00:14-08:00","entry_id":13123,"field1":"0.25","field2":"-1.5625"},{"created_at":"2018-12-30T23:09:51-08:00","entry_id":13124,"field1":"0.25","field2":"-1.4375"},{"created_at":"2018-12-30T23:19:28-08:00","entry_id":13125,"field1":"0.25","field2":"-1.375"},{"created_at":"2018-12-30T23:29:23-08:00","entry_id":13126,"field1":"0.25","field2":"-1.5625"},{"created_at":"2018-12-30T23:38:55-08:00","entry_id":13127,"field1":"0.25","field2":"-1.5625"},{"created_at":"2018-12-30T23:48:32-08:00","entry_id":13128,"field1":"0.25","field2":"-1.625"},{"created_at":"2018-12-30T23:58:09-08:00","entry_id":13129,"field1":"0.1875","field2":"-1.625"}]}