{"channel":{"id":581842,"name":"Upstairs Small Window Indoor / Outdoor Sensor","latitude":"0.0","longitude":"0.0","field1":"Indoor Temperature","field2":"Outdoor Temperature","created_at":"2018-09-23T15:37:52-07:00","updated_at":"2020-07-27T05:59:41-07:00","last_entry_id":150128},"feeds":[{"created_at":"2019-01-30T00:00:30-08:00","entry_id":17619,"field1":"-1.625","field2":"-4.875"},{"created_at":"2019-01-30T00:10:06-08:00","entry_id":17620,"field1":"-1.625","field2":"-4.875"},{"created_at":"2019-01-30T00:19:42-08:00","entry_id":17621,"field1":"-1.6875","field2":"-4.75"},{"created_at":"2019-01-30T00:29:19-08:00","entry_id":17622,"field1":"-1.6875","field2":"-4.875"},{"created_at":"2019-01-30T00:38:55-08:00","entry_id":17623,"field1":"-1.6875","field2":"-4.875"},{"created_at":"2019-01-30T00:48:32-08:00","entry_id":17624,"field1":"-1.6875","field2":"-4.9375"},{"created_at":"2019-01-30T00:58:10-08:00","entry_id":17625,"field1":"-1.6875","field2":"-5.125"},{"created_at":"2019-01-30T01:07:46-08:00","entry_id":17626,"field1":"-1.75","field2":"-5.125"},{"created_at":"2019-01-30T01:17:23-08:00","entry_id":17627,"field1":"-1.6875","field2":"-5.125"},{"created_at":"2019-01-30T01:27:00-08:00","entry_id":17628,"field1":"-1.75","field2":"-5.0625"},{"created_at":"2019-01-30T01:36:37-08:00","entry_id":17629,"field1":"-1.75","field2":"-5.25"},{"created_at":"2019-01-30T01:46:13-08:00","entry_id":17630,"field1":"-1.8125","field2":"-5.3125"},{"created_at":"2019-01-30T01:55:51-08:00","entry_id":17631,"field1":"-1.8125","field2":"-5.375"},{"created_at":"2019-01-30T02:05:27-08:00","entry_id":17632,"field1":"-1.8125","field2":"-5.4375"},{"created_at":"2019-01-30T02:15:08-08:00","entry_id":17633,"field1":"-1.8125","field2":"-5.1875"},{"created_at":"2019-01-30T02:24:43-08:00","entry_id":17634,"field1":"-1.8125","field2":"-5.375"},{"created_at":"2019-01-30T02:34:20-08:00","entry_id":17635,"field1":"-1.8125","field2":"-5.375"},{"created_at":"2019-01-30T02:43:57-08:00","entry_id":17636,"field1":"-1.875","field2":"-5.375"},{"created_at":"2019-01-30T02:53:34-08:00","entry_id":17637,"field1":"-1.875","field2":"-5.25"},{"created_at":"2019-01-30T03:03:10-08:00","entry_id":17638,"field1":"-1.875","field2":"-5.125"},{"created_at":"2019-01-30T03:12:47-08:00","entry_id":17639,"field1":"-1.9375","field2":"-5.125"},{"created_at":"2019-01-30T03:22:24-08:00","entry_id":17640,"field1":"-1.9375","field2":"-5.125"},{"created_at":"2019-01-30T03:32:01-08:00","entry_id":17641,"field1":"-1.9375","field2":"-5.4375"},{"created_at":"2019-01-30T03:41:37-08:00","entry_id":17642,"field1":"-1.9375","field2":"-5.375"},{"created_at":"2019-01-30T03:51:14-08:00","entry_id":17643,"field1":"-1.9375","field2":"-5.5625"},{"created_at":"2019-01-30T04:00:51-08:00","entry_id":17644,"field1":"-1.9375","field2":"-5.6875"},{"created_at":"2019-01-30T04:10:27-08:00","entry_id":17645,"field1":"-2","field2":"-5.5625"},{"created_at":"2019-01-30T04:20:05-08:00","entry_id":17646,"field1":"-2","field2":"-5.4375"},{"created_at":"2019-01-30T04:29:41-08:00","entry_id":17647,"field1":"-2","field2":"-5.5"},{"created_at":"2019-01-30T04:39:18-08:00","entry_id":17648,"field1":"-2","field2":"-5.375"},{"created_at":"2019-01-30T04:48:55-08:00","entry_id":17649,"field1":"-2.0625","field2":"-5.4375"},{"created_at":"2019-01-30T04:58:31-08:00","entry_id":17650,"field1":"-2.0625","field2":"-5.375"},{"created_at":"2019-01-30T05:08:08-08:00","entry_id":17651,"field1":"-2.0625","field2":"-5.375"},{"created_at":"2019-01-30T05:17:45-08:00","entry_id":17652,"field1":"-2.0625","field2":"-5.3125"},{"created_at":"2019-01-30T05:27:21-08:00","entry_id":17653,"field1":"-2.0625","field2":"-5"},{"created_at":"2019-01-30T05:36:57-08:00","entry_id":17654,"field1":"-2.0625","field2":"-5.125"},{"created_at":"2019-01-30T05:46:33-08:00","entry_id":17655,"field1":"-2.125","field2":"-5.125"},{"created_at":"2019-01-30T05:56:10-08:00","entry_id":17656,"field1":"-2.125","field2":"-5.3125"},{"created_at":"2019-01-30T06:05:46-08:00","entry_id":17657,"field1":"-2.125","field2":"-5.25"},{"created_at":"2019-01-30T06:15:23-08:00","entry_id":17658,"field1":"-2.125","field2":"-5.3125"},{"created_at":"2019-01-30T06:25:03-08:00","entry_id":17659,"field1":"-2.125","field2":"-5.375"},{"created_at":"2019-01-30T06:34:38-08:00","entry_id":17660,"field1":"-2.1875","field2":"-5.0625"},{"created_at":"2019-01-30T06:44:15-08:00","entry_id":17661,"field1":"-2.1875","field2":"-4.9375"},{"created_at":"2019-01-30T06:53:51-08:00","entry_id":17662,"field1":"-2.1875","field2":"-4.875"},{"created_at":"2019-01-30T07:03:28-08:00","entry_id":17663,"field1":"-2.1875","field2":"-4.625"},{"created_at":"2019-01-30T07:13:04-08:00","entry_id":17664,"field1":"-2.1875","field2":"-4.75"},{"created_at":"2019-01-30T07:22:41-08:00","entry_id":17665,"field1":"-2.1875","field2":"-4.8125"},{"created_at":"2019-01-30T07:32:18-08:00","entry_id":17666,"field1":"-2.1875","field2":"-4.8125"},{"created_at":"2019-01-30T07:41:55-08:00","entry_id":17667,"field1":"-2.25","field2":"-4.8125"},{"created_at":"2019-01-30T07:51:31-08:00","entry_id":17668,"field1":"-2.25","field2":"-4.8125"},{"created_at":"2019-01-30T08:01:08-08:00","entry_id":17669,"field1":"-2.25","field2":"-4.75"},{"created_at":"2019-01-30T08:10:45-08:00","entry_id":17670,"field1":"-2.25","field2":"-4.6875"},{"created_at":"2019-01-30T08:20:21-08:00","entry_id":17671,"field1":"-2.25","field2":"-4.625"},{"created_at":"2019-01-30T08:29:58-08:00","entry_id":17672,"field1":"-2.25","field2":"-4.5625"},{"created_at":"2019-01-30T08:39:35-08:00","entry_id":17673,"field1":"-2.25","field2":"-4.5625"},{"created_at":"2019-01-30T08:49:12-08:00","entry_id":17674,"field1":"-2.25","field2":"-4.625"},{"created_at":"2019-01-30T08:58:48-08:00","entry_id":17675,"field1":"-2.3125","field2":"-4.5625"},{"created_at":"2019-01-30T09:08:25-08:00","entry_id":17676,"field1":"-2.3125","field2":"-4.375"},{"created_at":"2019-01-30T09:18:01-08:00","entry_id":17677,"field1":"-2.25","field2":"-4.3125"},{"created_at":"2019-01-30T09:27:38-08:00","entry_id":17678,"field1":"-2.3125","field2":"-4.25"},{"created_at":"2019-01-30T09:37:15-08:00","entry_id":17679,"field1":"-2.25","field2":"-4.0625"},{"created_at":"2019-01-30T09:46:52-08:00","entry_id":17680,"field1":"-2.25","field2":"-4.0625"},{"created_at":"2019-01-30T09:56:29-08:00","entry_id":17681,"field1":"-2.25","field2":"-3.9375"},{"created_at":"2019-01-30T10:06:05-08:00","entry_id":17682,"field1":"-2.25","field2":"-3.75"},{"created_at":"2019-01-30T10:15:42-08:00","entry_id":17683,"field1":"-2.25","field2":"-3.6875"},{"created_at":"2019-01-30T10:25:18-08:00","entry_id":17684,"field1":"-2.25","field2":"-3.6875"},{"created_at":"2019-01-30T10:34:55-08:00","entry_id":17685,"field1":"-2.25","field2":"-3.75"},{"created_at":"2019-01-30T10:44:33-08:00","entry_id":17686,"field1":"-2.25","field2":"-3.625"},{"created_at":"2019-01-30T10:54:08-08:00","entry_id":17687,"field1":"-2.3125","field2":"-3.375"},{"created_at":"2019-01-30T11:03:45-08:00","entry_id":17688,"field1":"-2.3125","field2":"-3.375"},{"created_at":"2019-01-30T11:13:22-08:00","entry_id":17689,"field1":"-2.3125","field2":"-3.25"},{"created_at":"2019-01-30T11:22:59-08:00","entry_id":17690,"field1":"-2.3125","field2":"-3.1875"},{"created_at":"2019-01-30T11:32:36-08:00","entry_id":17691,"field1":"-2.3125","field2":"-3.1875"},{"created_at":"2019-01-30T11:42:16-08:00","entry_id":17692,"field1":"-2.25","field2":"-3.125"},{"created_at":"2019-01-30T11:51:56-08:00","entry_id":17693,"field1":"-2.25","field2":"-3.0625"},{"created_at":"2019-01-30T12:01:32-08:00","entry_id":17694,"field1":"-2.25","field2":"-2.9375"},{"created_at":"2019-01-30T12:11:08-08:00","entry_id":17695,"field1":"-2.25","field2":"-2.8125"},{"created_at":"2019-01-30T12:20:45-08:00","entry_id":17696,"field1":"-2.1875","field2":"-2.9375"},{"created_at":"2019-01-30T12:30:22-08:00","entry_id":17697,"field1":"-2.1875","field2":"-2.8125"},{"created_at":"2019-01-30T12:39:59-08:00","entry_id":17698,"field1":"-2.1875","field2":"-2.6875"},{"created_at":"2019-01-30T12:49:36-08:00","entry_id":17699,"field1":"-2.1875","field2":"-2.5625"},{"created_at":"2019-01-30T12:59:17-08:00","entry_id":17700,"field1":"-2.125","field2":"-2.625"},{"created_at":"2019-01-30T13:08:50-08:00","entry_id":17701,"field1":"-2.1875","field2":"-2.5"},{"created_at":"2019-01-30T13:18:27-08:00","entry_id":17702,"field1":"-2.125","field2":"-2.375"},{"created_at":"2019-01-30T13:28:04-08:00","entry_id":17703,"field1":"-2.125","field2":"-2.375"},{"created_at":"2019-01-30T13:37:45-08:00","entry_id":17704,"field1":"-2.125","field2":"-2.3125"},{"created_at":"2019-01-30T13:47:20-08:00","entry_id":17705,"field1":"-2.125","field2":"-2.25"},{"created_at":"2019-01-30T13:56:57-08:00","entry_id":17706,"field1":"-2.125","field2":"-2.0625"},{"created_at":"2019-01-30T14:06:34-08:00","entry_id":17707,"field1":"-2.125","field2":"-1.9375"},{"created_at":"2019-01-30T14:16:10-08:00","entry_id":17708,"field1":"-2.0625","field2":"-1.875"},{"created_at":"2019-01-30T14:25:47-08:00","entry_id":17709,"field1":"-2.0625","field2":"-1.875"},{"created_at":"2019-01-30T14:35:24-08:00","entry_id":17710,"field1":"-2.0625","field2":"-1.875"},{"created_at":"2019-01-30T14:45:00-08:00","entry_id":17711,"field1":"-2.0625","field2":"-1.75"},{"created_at":"2019-01-30T14:54:37-08:00","entry_id":17712,"field1":"-2.0625","field2":"-1.75"},{"created_at":"2019-01-30T15:04:14-08:00","entry_id":17713,"field1":"-2.0625","field2":"-1.625"},{"created_at":"2019-01-30T15:13:51-08:00","entry_id":17714,"field1":"-2.0625","field2":"-1.5625"},{"created_at":"2019-01-30T15:23:28-08:00","entry_id":17715,"field1":"-2","field2":"-1.5625"},{"created_at":"2019-01-30T15:33:04-08:00","entry_id":17716,"field1":"-2","field2":"-1.5625"},{"created_at":"2019-01-30T15:42:42-08:00","entry_id":17717,"field1":"-2","field2":"-1.5625"},{"created_at":"2019-01-30T15:52:18-08:00","entry_id":17718,"field1":"-2","field2":"-1.5625"},{"created_at":"2019-01-30T16:01:55-08:00","entry_id":17719,"field1":"-2","field2":"-1.4375"},{"created_at":"2019-01-30T16:11:30-08:00","entry_id":17720,"field1":"-2","field2":"-1.5625"},{"created_at":"2019-01-30T16:21:07-08:00","entry_id":17721,"field1":"-2","field2":"-1.3125"},{"created_at":"2019-01-30T16:30:44-08:00","entry_id":17722,"field1":"-2","field2":"-1.375"},{"created_at":"2019-01-30T16:40:22-08:00","entry_id":17723,"field1":"-2","field2":"-1.6875"},{"created_at":"2019-01-30T16:49:58-08:00","entry_id":17724,"field1":"-2","field2":"-1.8125"},{"created_at":"2019-01-30T16:59:35-08:00","entry_id":17725,"field1":"-2","field2":"-1.875"},{"created_at":"2019-01-30T17:09:12-08:00","entry_id":17726,"field1":"-2","field2":"-1.9375"},{"created_at":"2019-01-30T17:18:49-08:00","entry_id":17727,"field1":"-2","field2":"-1.9375"},{"created_at":"2019-01-30T17:28:25-08:00","entry_id":17728,"field1":"-2","field2":"-2"},{"created_at":"2019-01-30T17:38:01-08:00","entry_id":17729,"field1":"-2","field2":"-2"},{"created_at":"2019-01-30T17:47:37-08:00","entry_id":17730,"field1":"-2","field2":"-2"},{"created_at":"2019-01-30T17:57:13-08:00","entry_id":17731,"field1":"-2","field2":"-2"},{"created_at":"2019-01-30T18:06:50-08:00","entry_id":17732,"field1":"-2","field2":"-2"},{"created_at":"2019-01-30T18:16:27-08:00","entry_id":17733,"field1":"-2","field2":"-2"},{"created_at":"2019-01-30T18:26:03-08:00","entry_id":17734,"field1":"-2","field2":"-2"},{"created_at":"2019-01-30T18:35:41-08:00","entry_id":17735,"field1":"-2","field2":"-2"},{"created_at":"2019-01-30T18:45:17-08:00","entry_id":17736,"field1":"-2","field2":"-2"},{"created_at":"2019-01-30T18:54:53-08:00","entry_id":17737,"field1":"-1.9375","field2":"-2"},{"created_at":"2019-01-30T19:04:30-08:00","entry_id":17738,"field1":"-1.9375","field2":"-2"},{"created_at":"2019-01-30T19:14:07-08:00","entry_id":17739,"field1":"-2","field2":"-2.0625"},{"created_at":"2019-01-30T19:23:44-08:00","entry_id":17740,"field1":"-1.9375","field2":"-2.0625"},{"created_at":"2019-01-30T19:33:25-08:00","entry_id":17741,"field1":"-1.9375","field2":"-2.0625"},{"created_at":"2019-01-30T19:42:59-08:00","entry_id":17742,"field1":"-1.9375","field2":"-2.0625"},{"created_at":"2019-01-30T19:52:39-08:00","entry_id":17743,"field1":"-1.9375","field2":"-2.0625"},{"created_at":"2019-01-30T20:02:14-08:00","entry_id":17744,"field1":"-1.9375","field2":"-2"},{"created_at":"2019-01-30T20:11:51-08:00","entry_id":17745,"field1":"-1.9375","field2":"-2.0625"},{"created_at":"2019-01-30T20:21:27-08:00","entry_id":17746,"field1":"-1.9375","field2":"-2.125"},{"created_at":"2019-01-30T20:31:05-08:00","entry_id":17747,"field1":"-1.9375","field2":"-2.0625"},{"created_at":"2019-01-30T20:40:41-08:00","entry_id":17748,"field1":"-1.9375","field2":"-2.0625"},{"created_at":"2019-01-30T20:50:18-08:00","entry_id":17749,"field1":"-1.9375","field2":"-2"},{"created_at":"2019-01-30T20:59:55-08:00","entry_id":17750,"field1":"-1.9375","field2":"-2.0625"},{"created_at":"2019-01-30T21:09:31-08:00","entry_id":17751,"field1":"-1.9375","field2":"-2.0625"},{"created_at":"2019-01-30T21:19:07-08:00","entry_id":17752,"field1":"-1.9375","field2":"-2"},{"created_at":"2019-01-30T21:28:45-08:00","entry_id":17753,"field1":"-1.9375","field2":"-2"},{"created_at":"2019-01-30T21:38:21-08:00","entry_id":17754,"field1":"-1.875","field2":"-1.9375"},{"created_at":"2019-01-30T21:47:58-08:00","entry_id":17755,"field1":"-1.875","field2":"-2"},{"created_at":"2019-01-30T21:57:35-08:00","entry_id":17756,"field1":"-1.9375","field2":"-2.125"},{"created_at":"2019-01-30T22:07:11-08:00","entry_id":17757,"field1":"-1.9375","field2":"-2.125"},{"created_at":"2019-01-30T22:16:49-08:00","entry_id":17758,"field1":"-1.875","field2":"-2.1875"},{"created_at":"2019-01-30T22:26:26-08:00","entry_id":17759,"field1":"-1.875","field2":"-2.125"},{"created_at":"2019-01-30T22:36:03-08:00","entry_id":17760,"field1":"-1.875","field2":"-2.125"},{"created_at":"2019-01-30T22:45:40-08:00","entry_id":17761,"field1":"-1.875","field2":"-2.1875"},{"created_at":"2019-01-30T22:55:17-08:00","entry_id":17762,"field1":"-1.9375","field2":"-2.125"},{"created_at":"2019-01-30T23:04:53-08:00","entry_id":17763,"field1":"-1.875","field2":"-2.1875"},{"created_at":"2019-01-30T23:14:30-08:00","entry_id":17764,"field1":"-1.875","field2":"-2.25"},{"created_at":"2019-01-30T23:24:07-08:00","entry_id":17765,"field1":"-1.9375","field2":"-2.375"},{"created_at":"2019-01-30T23:33:43-08:00","entry_id":17766,"field1":"-1.875","field2":"-2.5"},{"created_at":"2019-01-30T23:43:20-08:00","entry_id":17767,"field1":"-1.9375","field2":"-2.4375"},{"created_at":"2019-01-30T23:52:57-08:00","entry_id":17768,"field1":"-1.875","field2":"-2.375"}]}