{"channel":{"id":581842,"name":"Upstairs Small Window Indoor / Outdoor Sensor","latitude":"0.0","longitude":"0.0","field1":"Indoor Temperature","field2":"Outdoor Temperature","created_at":"2018-09-23T15:37:52-07:00","updated_at":"2020-07-27T05:59:41-07:00","last_entry_id":150129},"feeds":[{"created_at":"2021-02-09T00:03:25-08:00","entry_id":124069,"field1":"-3.375","field2":"-12.375"},{"created_at":"2021-02-09T00:13:00-08:00","entry_id":124070,"field1":"-3.4375","field2":"-12.75"},{"created_at":"2021-02-09T00:22:37-08:00","entry_id":124071,"field1":"-3.5","field2":"-13.125"},{"created_at":"2021-02-09T00:32:12-08:00","entry_id":124072,"field1":"-3.5625","field2":"-13.9375"},{"created_at":"2021-02-09T00:41:49-08:00","entry_id":124073,"field1":"-3.5625","field2":"-13.3125"},{"created_at":"2021-02-09T00:51:25-08:00","entry_id":124074,"field1":"-3.625","field2":"-13.75"},{"created_at":"2021-02-09T01:01:01-08:00","entry_id":124075,"field1":"-3.6875","field2":"-13.3125"},{"created_at":"2021-02-09T01:10:37-08:00","entry_id":124076,"field1":"-3.75","field2":"-13.8125"},{"created_at":"2021-02-09T01:20:13-08:00","entry_id":124077,"field1":"-3.75","field2":"-13.4375"},{"created_at":"2021-02-09T01:29:48-08:00","entry_id":124078,"field1":"-3.8125","field2":"-13.25"},{"created_at":"2021-02-09T01:39:26-08:00","entry_id":124079,"field1":"-3.875","field2":"-13.5625"},{"created_at":"2021-02-09T01:49:00-08:00","entry_id":124080,"field1":"-3.9375","field2":"-13.75"},{"created_at":"2021-02-09T01:58:36-08:00","entry_id":124081,"field1":"-4","field2":"-14"},{"created_at":"2021-02-09T02:08:13-08:00","entry_id":124082,"field1":"-4.0625","field2":"-13.9375"},{"created_at":"2021-02-09T02:17:49-08:00","entry_id":124083,"field1":"-4.125","field2":"-14.125"},{"created_at":"2021-02-09T02:27:23-08:00","entry_id":124084,"field1":"-4.125","field2":"-14.125"},{"created_at":"2021-02-09T02:36:59-08:00","entry_id":124085,"field1":"-4.1875","field2":"-13.4375"},{"created_at":"2021-02-09T02:46:36-08:00","entry_id":124086,"field1":"-4.25","field2":"-13.875"},{"created_at":"2021-02-09T02:56:10-08:00","entry_id":124087,"field1":"-4.3125","field2":"-14.125"},{"created_at":"2021-02-09T03:05:48-08:00","entry_id":124088,"field1":"-4.3125","field2":"-14.25"},{"created_at":"2021-02-09T03:15:24-08:00","entry_id":124089,"field1":"-4.375","field2":"-14.5"},{"created_at":"2021-02-09T03:24:58-08:00","entry_id":124090,"field1":"-4.4375","field2":"-14.4375"},{"created_at":"2021-02-09T03:34:36-08:00","entry_id":124091,"field1":"-4.4375","field2":"-14.375"},{"created_at":"2021-02-09T03:44:15-08:00","entry_id":124092,"field1":"-4.5","field2":"-14.4375"},{"created_at":"2021-02-09T03:53:47-08:00","entry_id":124093,"field1":"-4.5625","field2":"-14.5625"},{"created_at":"2021-02-09T04:03:24-08:00","entry_id":124094,"field1":"-4.625","field2":"-14.4375"},{"created_at":"2021-02-09T04:12:59-08:00","entry_id":124095,"field1":"-4.6875","field2":"-14.4375"},{"created_at":"2021-02-09T04:22:34-08:00","entry_id":124096,"field1":"-4.6875","field2":"-14.5625"},{"created_at":"2021-02-09T04:32:10-08:00","entry_id":124097,"field1":"-4.75","field2":"-14.5"},{"created_at":"2021-02-09T04:41:45-08:00","entry_id":124098,"field1":"-4.8125","field2":"-14.5625"},{"created_at":"2021-02-09T04:51:21-08:00","entry_id":124099,"field1":"-4.875","field2":"-14.625"},{"created_at":"2021-02-09T05:00:58-08:00","entry_id":124100,"field1":"-4.875","field2":"-14.75"},{"created_at":"2021-02-09T05:10:33-08:00","entry_id":124101,"field1":"-4.9375","field2":"-14.6875"},{"created_at":"2021-02-09T05:20:10-08:00","entry_id":124102,"field1":"-5","field2":"-14.625"},{"created_at":"2021-02-09T05:29:47-08:00","entry_id":124103,"field1":"-5.0625","field2":"-14.6875"},{"created_at":"2021-02-09T05:39:21-08:00","entry_id":124104,"field1":"-5.0625","field2":"-14.9375"},{"created_at":"2021-02-09T05:48:57-08:00","entry_id":124105,"field1":"-5.125","field2":"-14.875"},{"created_at":"2021-02-09T05:58:34-08:00","entry_id":124106,"field1":"-5.1875","field2":"-14.5"},{"created_at":"2021-02-09T06:08:09-08:00","entry_id":124107,"field1":"-5.1875","field2":"-13.9375"},{"created_at":"2021-02-09T06:17:44-08:00","entry_id":124108,"field1":"-5.25","field2":"-14.25"},{"created_at":"2021-02-09T06:27:22-08:00","entry_id":124109,"field1":"-5.3125","field2":"-14"},{"created_at":"2021-02-09T06:36:57-08:00","entry_id":124110,"field1":"-5.375","field2":"-14.375"},{"created_at":"2021-02-09T06:46:34-08:00","entry_id":124111,"field1":"-5.375","field2":"-14.1875"},{"created_at":"2021-02-09T06:56:09-08:00","entry_id":124112,"field1":"-5.4375","field2":"-14"},{"created_at":"2021-02-09T07:05:46-08:00","entry_id":124113,"field1":"-5.4375","field2":"-14.75"},{"created_at":"2021-02-09T07:15:23-08:00","entry_id":124114,"field1":"-5.5","field2":"-14.3125"},{"created_at":"2021-02-09T07:24:57-08:00","entry_id":124115,"field1":"-5.5","field2":"-14.3125"},{"created_at":"2021-02-09T07:34:34-08:00","entry_id":124116,"field1":"-5.5625","field2":"-14.5"},{"created_at":"2021-02-09T07:44:10-08:00","entry_id":124117,"field1":"-5.625","field2":"-14.5625"},{"created_at":"2021-02-09T07:53:45-08:00","entry_id":124118,"field1":"-5.6875","field2":"-14.25"},{"created_at":"2021-02-09T08:03:22-08:00","entry_id":124119,"field1":"-5.6875","field2":"-14.8125"},{"created_at":"2021-02-09T08:12:58-08:00","entry_id":124120,"field1":"-5.75","field2":"-14.125"},{"created_at":"2021-02-09T08:22:30-08:00","entry_id":124121,"field1":"-7.25","field2":"-13.625"},{"created_at":"2021-02-09T08:32:04-08:00","entry_id":124122,"field1":"-7.875","field2":"-13.9375"},{"created_at":"2021-02-09T08:41:40-08:00","entry_id":124123,"field1":"-7","field2":"-13.9375"},{"created_at":"2021-02-09T08:51:16-08:00","entry_id":124124,"field1":"-6.3125","field2":"-13.6875"},{"created_at":"2021-02-09T09:00:52-08:00","entry_id":124125,"field1":"-6.5625","field2":"-13.75"},{"created_at":"2021-02-09T09:10:29-08:00","entry_id":124126,"field1":"-6.1875","field2":"-13.375"},{"created_at":"2021-02-09T09:20:04-08:00","entry_id":124127,"field1":"-6.75","field2":"-13.375"},{"created_at":"2021-02-09T09:29:41-08:00","entry_id":124128,"field1":"-6.1875","field2":"-13.625"},{"created_at":"2021-02-09T09:39:16-08:00","entry_id":124129,"field1":"-6.125","field2":"-13.75"},{"created_at":"2021-02-09T09:48:51-08:00","entry_id":124130,"field1":"-6.1875","field2":"-13.0625"},{"created_at":"2021-02-09T09:58:28-08:00","entry_id":124131,"field1":"-6.125","field2":"-12.6875"},{"created_at":"2021-02-09T10:08:02-08:00","entry_id":124132,"field1":"-6.125","field2":"-13.125"},{"created_at":"2021-02-09T10:17:39-08:00","entry_id":124133,"field1":"-6.125","field2":"-12.875"},{"created_at":"2021-02-09T10:27:13-08:00","entry_id":124134,"field1":"-6.125","field2":"-12.6875"},{"created_at":"2021-02-09T10:36:50-08:00","entry_id":124135,"field1":"-6.125","field2":"-12.125"},{"created_at":"2021-02-09T10:46:25-08:00","entry_id":124136,"field1":"-6.125","field2":"-12.3125"},{"created_at":"2021-02-09T10:56:03-08:00","entry_id":124137,"field1":"-6.125","field2":"-12.6875"},{"created_at":"2021-02-09T11:05:39-08:00","entry_id":124138,"field1":"-6.0625","field2":"-11.8125"},{"created_at":"2021-02-09T11:15:13-08:00","entry_id":124139,"field1":"-6.25","field2":"-11.625"},{"created_at":"2021-02-09T11:24:49-08:00","entry_id":124140,"field1":"-6","field2":"-11.6875"},{"created_at":"2021-02-09T11:34:25-08:00","entry_id":124141,"field1":"-6.1875","field2":"-11.8125"},{"created_at":"2021-02-09T11:44:01-08:00","entry_id":124142,"field1":"-6.0625","field2":"-11.6875"},{"created_at":"2021-02-09T11:53:35-08:00","entry_id":124143,"field1":"-6.3125","field2":"-11.3125"},{"created_at":"2021-02-09T12:03:14-08:00","entry_id":124144,"field1":"-6.125","field2":"-11.4375"},{"created_at":"2021-02-09T12:12:49-08:00","entry_id":124145,"field1":"-6.0625","field2":"-11.5"},{"created_at":"2021-02-09T12:22:24-08:00","entry_id":124146,"field1":"-6.125","field2":"-10.6875"},{"created_at":"2021-02-09T12:32:17-08:00","entry_id":124147,"field1":"-6.1875","field2":"-10.6875"},{"created_at":"2021-02-09T12:41:46-08:00","entry_id":124148,"field1":"-6.125","field2":"-10.8125"},{"created_at":"2021-02-09T12:51:23-08:00","entry_id":124149,"field1":"-6.1875","field2":"-10.5625"},{"created_at":"2021-02-09T13:01:00-08:00","entry_id":124150,"field1":"-6.1875","field2":"-10.3125"},{"created_at":"2021-02-09T13:10:34-08:00","entry_id":124151,"field1":"-6.375","field2":"-10.125"},{"created_at":"2021-02-09T13:20:12-08:00","entry_id":124152,"field1":"-6.25","field2":"-8.75"},{"created_at":"2021-02-09T13:29:48-08:00","entry_id":124153,"field1":"-6.4375","field2":"-9.9375"},{"created_at":"2021-02-09T13:39:25-08:00","entry_id":124154,"field1":"-6.25","field2":"-9.75"},{"created_at":"2021-02-09T13:49:00-08:00","entry_id":124155,"field1":"-6.25","field2":"-10.0625"},{"created_at":"2021-02-09T13:58:35-08:00","entry_id":124156,"field1":"-6.25","field2":"-9.75"},{"created_at":"2021-02-09T14:08:11-08:00","entry_id":124157,"field1":"-6.25","field2":"-9.625"},{"created_at":"2021-02-09T14:17:46-08:00","entry_id":124158,"field1":"-6.25","field2":"-9.625"},{"created_at":"2021-02-09T14:27:22-08:00","entry_id":124159,"field1":"-6.25","field2":"-9.4375"},{"created_at":"2021-02-09T14:36:59-08:00","entry_id":124160,"field1":"-6.25","field2":"-9.375"},{"created_at":"2021-02-09T14:46:33-08:00","entry_id":124161,"field1":"-6.3125","field2":"-9.75"},{"created_at":"2021-02-09T14:56:08-08:00","entry_id":124162,"field1":"-6.3125","field2":"-9.9375"},{"created_at":"2021-02-09T15:05:44-08:00","entry_id":124163,"field1":"-6.3125","field2":"-10.125"},{"created_at":"2021-02-09T15:15:21-08:00","entry_id":124164,"field1":"-6.3125","field2":"-10.3125"},{"created_at":"2021-02-09T15:24:56-08:00","entry_id":124165,"field1":"-6.3125","field2":"-10.375"},{"created_at":"2021-02-09T15:34:32-08:00","entry_id":124166,"field1":"-6.375","field2":"-10.25"},{"created_at":"2021-02-09T15:44:09-08:00","entry_id":124167,"field1":"-6.375","field2":"-10.1875"},{"created_at":"2021-02-09T15:53:44-08:00","entry_id":124168,"field1":"-6.375","field2":"-10.3125"},{"created_at":"2021-02-09T16:03:21-08:00","entry_id":124169,"field1":"-6.4375","field2":"-10.375"},{"created_at":"2021-02-09T16:12:57-08:00","entry_id":124170,"field1":"-6.4375","field2":"-10.5625"},{"created_at":"2021-02-09T16:22:31-08:00","entry_id":124171,"field1":"-6.4375","field2":"-10.5625"},{"created_at":"2021-02-09T16:32:06-08:00","entry_id":124172,"field1":"-6.4375","field2":"-10.6875"},{"created_at":"2021-02-09T16:41:42-08:00","entry_id":124173,"field1":"-6.5","field2":"-10.875"},{"created_at":"2021-02-09T16:51:19-08:00","entry_id":124174,"field1":"-6.5","field2":"-10.875"},{"created_at":"2021-02-09T17:00:53-08:00","entry_id":124175,"field1":"-6.5625","field2":"-11.0625"},{"created_at":"2021-02-09T17:10:30-08:00","entry_id":124176,"field1":"-6.5625","field2":"-11.0625"},{"created_at":"2021-02-09T17:20:06-08:00","entry_id":124177,"field1":"-6.625","field2":"-11.0625"},{"created_at":"2021-02-09T17:29:41-08:00","entry_id":124178,"field1":"-6.625","field2":"-11"},{"created_at":"2021-02-09T17:39:17-08:00","entry_id":124179,"field1":"-6.625","field2":"-11.625"},{"created_at":"2021-02-09T17:48:55-08:00","entry_id":124180,"field1":"-6.6875","field2":"-11"},{"created_at":"2021-02-09T17:58:31-08:00","entry_id":124181,"field1":"-6.6875","field2":"-11.375"},{"created_at":"2021-02-09T18:08:05-08:00","entry_id":124182,"field1":"-6.75","field2":"-11.375"},{"created_at":"2021-02-09T18:17:41-08:00","entry_id":124183,"field1":"-6.75","field2":"-11.125"},{"created_at":"2021-02-09T18:27:17-08:00","entry_id":124184,"field1":"-6.8125","field2":"-11.3125"},{"created_at":"2021-02-09T18:36:54-08:00","entry_id":124185,"field1":"-6.8125","field2":"-11.4375"},{"created_at":"2021-02-09T18:46:29-08:00","entry_id":124186,"field1":"-6.8125","field2":"-11.3125"},{"created_at":"2021-02-09T18:56:06-08:00","entry_id":124187,"field1":"-6.8125","field2":"-11.375"},{"created_at":"2021-02-09T19:05:42-08:00","entry_id":124188,"field1":"-6.875","field2":"-11.1875"},{"created_at":"2021-02-09T19:15:16-08:00","entry_id":124189,"field1":"-6.875","field2":"-12.0625"},{"created_at":"2021-02-09T19:24:53-08:00","entry_id":124190,"field1":"-6.9375","field2":"-12.4375"},{"created_at":"2021-02-09T19:34:27-08:00","entry_id":124191,"field1":"-6.9375","field2":"-12.5"},{"created_at":"2021-02-09T19:44:02-08:00","entry_id":124192,"field1":"-6.9375","field2":"-12.4375"},{"created_at":"2021-02-09T19:53:40-08:00","entry_id":124193,"field1":"-7","field2":"-12.25"},{"created_at":"2021-02-09T20:03:15-08:00","entry_id":124194,"field1":"-7","field2":"-12.375"},{"created_at":"2021-02-09T20:12:52-08:00","entry_id":124195,"field1":"-7.0625","field2":"-12.375"},{"created_at":"2021-02-09T20:22:29-08:00","entry_id":124196,"field1":"-7.0625","field2":"-12.625"},{"created_at":"2021-02-09T20:32:04-08:00","entry_id":124197,"field1":"-7.0625","field2":"-12.25"},{"created_at":"2021-02-09T20:41:41-08:00","entry_id":124198,"field1":"-7.125","field2":"-12.125"},{"created_at":"2021-02-09T20:51:17-08:00","entry_id":124199,"field1":"-7.125","field2":"-12.125"},{"created_at":"2021-02-09T21:00:52-08:00","entry_id":124200,"field1":"-7.125","field2":"-12.25"},{"created_at":"2021-02-09T21:10:27-08:00","entry_id":124201,"field1":"-7.1875","field2":"-11.9375"},{"created_at":"2021-02-09T21:20:05-08:00","entry_id":124202,"field1":"-7.1875","field2":"-12.25"},{"created_at":"2021-02-09T21:29:39-08:00","entry_id":124203,"field1":"-7.1875","field2":"-12.3125"},{"created_at":"2021-02-09T21:39:16-08:00","entry_id":124204,"field1":"-7.1875","field2":"-11.9375"},{"created_at":"2021-02-09T21:48:52-08:00","entry_id":124205,"field1":"-7.25","field2":"-11.5625"},{"created_at":"2021-02-09T21:58:28-08:00","entry_id":124206,"field1":"-7.25","field2":"-12"},{"created_at":"2021-02-09T22:08:02-08:00","entry_id":124207,"field1":"-7.25","field2":"-11.75"},{"created_at":"2021-02-09T22:17:37-08:00","entry_id":124208,"field1":"-7.3125","field2":"-11.75"},{"created_at":"2021-02-09T22:27:14-08:00","entry_id":124209,"field1":"-7.3125","field2":"-11.25"},{"created_at":"2021-02-09T22:36:50-08:00","entry_id":124210,"field1":"-7.3125","field2":"-11.8125"},{"created_at":"2021-02-09T22:46:27-08:00","entry_id":124211,"field1":"-7.375","field2":"-11.5625"},{"created_at":"2021-02-09T22:56:07-08:00","entry_id":124212,"field1":"-7.375","field2":"-11.5"},{"created_at":"2021-02-09T23:05:41-08:00","entry_id":124213,"field1":"-7.375","field2":"-11.9375"},{"created_at":"2021-02-09T23:15:15-08:00","entry_id":124214,"field1":"-7.375","field2":"-11.9375"},{"created_at":"2021-02-09T23:24:52-08:00","entry_id":124215,"field1":"-7.4375","field2":"-11.875"},{"created_at":"2021-02-09T23:34:29-08:00","entry_id":124216,"field1":"-7.4375","field2":"-11.875"},{"created_at":"2021-02-09T23:44:03-08:00","entry_id":124217,"field1":"-7.4375","field2":"-11.9375"},{"created_at":"2021-02-09T23:53:38-08:00","entry_id":124218,"field1":"-7.4375","field2":"-12"}]}