{"channel":{"id":581842,"name":"Upstairs Small Window Indoor / Outdoor Sensor","latitude":"0.0","longitude":"0.0","field1":"Indoor Temperature","field2":"Outdoor Temperature","created_at":"2018-09-23T15:37:52-07:00","updated_at":"2020-07-27T05:59:41-07:00","last_entry_id":150129},"feeds":[{"created_at":"2020-02-19T00:02:51-08:00","entry_id":73627,"field1":"1.3125","field2":"-3.25"},{"created_at":"2020-02-19T00:12:28-08:00","entry_id":73628,"field1":"1.3125","field2":"-3.5"},{"created_at":"2020-02-19T00:22:05-08:00","entry_id":73629,"field1":"1.3125","field2":"-3.5625"},{"created_at":"2020-02-19T00:31:41-08:00","entry_id":73630,"field1":"1.25","field2":"-3.375"},{"created_at":"2020-02-19T00:41:20-08:00","entry_id":73631,"field1":"1.25","field2":"-3.4375"},{"created_at":"2020-02-19T00:50:56-08:00","entry_id":73632,"field1":"1.25","field2":"-3.4375"},{"created_at":"2020-02-19T01:00:33-08:00","entry_id":73633,"field1":"1.1875","field2":"-3.75"},{"created_at":"2020-02-19T01:10:10-08:00","entry_id":73634,"field1":"1.1875","field2":"-3.9375"},{"created_at":"2020-02-19T01:19:46-08:00","entry_id":73635,"field1":"1.125","field2":"-3.8125"},{"created_at":"2020-02-19T01:29:23-08:00","entry_id":73636,"field1":"1.125","field2":"-3.5625"},{"created_at":"2020-02-19T01:39:01-08:00","entry_id":73637,"field1":"1.125","field2":"-3.9375"},{"created_at":"2020-02-19T01:48:38-08:00","entry_id":73638,"field1":"1.0625","field2":"-3.9375"},{"created_at":"2020-02-19T01:58:15-08:00","entry_id":73639,"field1":"1.0625","field2":"-4"},{"created_at":"2020-02-19T02:07:51-08:00","entry_id":73640,"field1":"1.0625","field2":"-3.875"},{"created_at":"2020-02-19T02:17:28-08:00","entry_id":73641,"field1":"1","field2":"-3.9375"},{"created_at":"2020-02-19T02:27:06-08:00","entry_id":73642,"field1":"1","field2":"-4.5625"},{"created_at":"2020-02-19T02:36:43-08:00","entry_id":73643,"field1":"0.9375","field2":"-4.625"},{"created_at":"2020-02-19T02:46:20-08:00","entry_id":73644,"field1":"0.9375","field2":"-4.5625"},{"created_at":"2020-02-19T02:55:56-08:00","entry_id":73645,"field1":"0.9375","field2":"-4.75"},{"created_at":"2020-02-19T03:05:33-08:00","entry_id":73646,"field1":"0.875","field2":"-4.6875"},{"created_at":"2020-02-19T03:15:10-08:00","entry_id":73647,"field1":"0.875","field2":"-4.3125"},{"created_at":"2020-02-19T03:24:47-08:00","entry_id":73648,"field1":"0.8125","field2":"-4.5625"},{"created_at":"2020-02-19T03:34:23-08:00","entry_id":73649,"field1":"0.8125","field2":"-4.9375"},{"created_at":"2020-02-19T03:44:01-08:00","entry_id":73650,"field1":"0.8125","field2":"-4.8125"},{"created_at":"2020-02-19T03:53:37-08:00","entry_id":73651,"field1":"0.75","field2":"-5"},{"created_at":"2020-02-19T04:03:14-08:00","entry_id":73652,"field1":"0.6875","field2":"-5.1875"},{"created_at":"2020-02-19T04:12:51-08:00","entry_id":73653,"field1":"0.6875","field2":"-5.25"},{"created_at":"2020-02-19T04:22:27-08:00","entry_id":73654,"field1":"0.6875","field2":"-4.875"},{"created_at":"2020-02-19T04:32:04-08:00","entry_id":73655,"field1":"0.625","field2":"-5.3125"},{"created_at":"2020-02-19T04:41:41-08:00","entry_id":73656,"field1":"0.625","field2":"-5.5"},{"created_at":"2020-02-19T04:51:17-08:00","entry_id":73657,"field1":"0.625","field2":"-5.3125"},{"created_at":"2020-02-19T05:00:54-08:00","entry_id":73658,"field1":"0.5625","field2":"-5.5625"},{"created_at":"2020-02-19T05:10:31-08:00","entry_id":73659,"field1":"0.5","field2":"-5.4375"},{"created_at":"2020-02-19T05:20:07-08:00","entry_id":73660,"field1":"0.5","field2":"-5.5625"},{"created_at":"2020-02-19T05:29:45-08:00","entry_id":73661,"field1":"0.5","field2":"-5.625"},{"created_at":"2020-02-19T05:39:21-08:00","entry_id":73662,"field1":"0.4375","field2":"-5.875"},{"created_at":"2020-02-19T05:48:58-08:00","entry_id":73663,"field1":"0.4375","field2":"-5.9375"},{"created_at":"2020-02-19T05:58:35-08:00","entry_id":73664,"field1":"0.375","field2":"-5.875"},{"created_at":"2020-02-19T06:08:11-08:00","entry_id":73665,"field1":"0.375","field2":"-5.4375"},{"created_at":"2020-02-19T06:17:48-08:00","entry_id":73666,"field1":"0.3125","field2":"-5.6875"},{"created_at":"2020-02-19T06:27:25-08:00","entry_id":73667,"field1":"0.3125","field2":"-5.5"},{"created_at":"2020-02-19T06:37:02-08:00","entry_id":73668,"field1":"0.25","field2":"-6.0625"},{"created_at":"2020-02-19T06:46:39-08:00","entry_id":73669,"field1":"0.25","field2":"-6.125"},{"created_at":"2020-02-19T06:56:15-08:00","entry_id":73670,"field1":"0.1875","field2":"-6.1875"},{"created_at":"2020-02-19T07:05:52-08:00","entry_id":73671,"field1":"0.1875","field2":"-6.0625"},{"created_at":"2020-02-19T07:15:28-08:00","entry_id":73672,"field1":"0.1875","field2":"-5.9375"},{"created_at":"2020-02-19T07:25:05-08:00","entry_id":73673,"field1":"0.125","field2":"-5.875"},{"created_at":"2020-02-19T07:34:42-08:00","entry_id":73674,"field1":"0.125","field2":"-5.875"},{"created_at":"2020-02-19T07:44:19-08:00","entry_id":73675,"field1":"0.0625","field2":"-5.875"},{"created_at":"2020-02-19T07:53:56-08:00","entry_id":73676,"field1":"0.0625","field2":"-5.625"},{"created_at":"2020-02-19T08:03:33-08:00","entry_id":73677,"field1":"0.0625","field2":"-5.5"},{"created_at":"2020-02-19T08:13:09-08:00","entry_id":73678,"field1":"0","field2":"-5.625"},{"created_at":"2020-02-19T08:22:46-08:00","entry_id":73679,"field1":"0","field2":"-5.5"},{"created_at":"2020-02-19T08:32:23-08:00","entry_id":73680,"field1":"0.1875","field2":"-4.625"},{"created_at":"2020-02-19T08:42:00-08:00","entry_id":73681,"field1":"0.375","field2":"-4.8125"},{"created_at":"2020-02-19T08:51:41-08:00","entry_id":73682,"field1":"0.625","field2":"-5.125"},{"created_at":"2020-02-19T09:01:16-08:00","entry_id":73683,"field1":"1","field2":"-4.4375"},{"created_at":"2020-02-19T09:10:54-08:00","entry_id":73684,"field1":"1.3125","field2":"-4.125"},{"created_at":"2020-02-19T09:20:30-08:00","entry_id":73685,"field1":"1.375","field2":"-3.9375"},{"created_at":"2020-02-19T09:30:07-08:00","entry_id":73686,"field1":"1.5625","field2":"-3.375"},{"created_at":"2020-02-19T09:39:43-08:00","entry_id":73687,"field1":"1.4375","field2":"-3.375"},{"created_at":"2020-02-19T09:49:20-08:00","entry_id":73688,"field1":"1.625","field2":"-3.3125"},{"created_at":"2020-02-19T09:58:57-08:00","entry_id":73689,"field1":"1.5625","field2":"-3.375"},{"created_at":"2020-02-19T10:08:34-08:00","entry_id":73690,"field1":"1.75","field2":"-2.9375"},{"created_at":"2020-02-19T10:18:11-08:00","entry_id":73691,"field1":"1.9375","field2":"-2.875"},{"created_at":"2020-02-19T10:27:50-08:00","entry_id":73692,"field1":"2","field2":"-2.6875"},{"created_at":"2020-02-19T10:37:26-08:00","entry_id":73693,"field1":"2.1875","field2":"-3.1875"},{"created_at":"2020-02-19T10:47:02-08:00","entry_id":73694,"field1":"2.375","field2":"-2.9375"},{"created_at":"2020-02-19T10:56:39-08:00","entry_id":73695,"field1":"2.125","field2":"-3.0625"},{"created_at":"2020-02-19T11:06:15-08:00","entry_id":73696,"field1":"1.75","field2":"-3.0625"},{"created_at":"2020-02-19T11:15:51-08:00","entry_id":73697,"field1":"1.5","field2":"-3"},{"created_at":"2020-02-19T11:25:29-08:00","entry_id":73698,"field1":"1.3125","field2":"-2.8125"},{"created_at":"2020-02-19T11:35:05-08:00","entry_id":73699,"field1":"1.375","field2":"-2.5"},{"created_at":"2020-02-19T11:44:42-08:00","entry_id":73700,"field1":"1.5625","field2":"-2.4375"},{"created_at":"2020-02-19T11:54:18-08:00","entry_id":73701,"field1":"1.5","field2":"-2.3125"},{"created_at":"2020-02-19T12:03:55-08:00","entry_id":73702,"field1":"1.5625","field2":"-2.0625"},{"created_at":"2020-02-19T12:13:32-08:00","entry_id":73703,"field1":"1.375","field2":"-2"},{"created_at":"2020-02-19T12:23:10-08:00","entry_id":73704,"field1":"1.5","field2":"-1.75"},{"created_at":"2020-02-19T12:32:47-08:00","entry_id":73705,"field1":"1.6875","field2":"-1.5625"},{"created_at":"2020-02-19T12:42:23-08:00","entry_id":73706,"field1":"1.75","field2":"-1.375"},{"created_at":"2020-02-19T12:52:00-08:00","entry_id":73707,"field1":"1.6875","field2":"-1.1875"},{"created_at":"2020-02-19T13:01:37-08:00","entry_id":73708,"field1":"1.75","field2":"-1.125"},{"created_at":"2020-02-19T13:11:14-08:00","entry_id":73709,"field1":"1.5","field2":"-1"},{"created_at":"2020-02-19T13:20:52-08:00","entry_id":73710,"field1":"1.5625","field2":"-0.8125"},{"created_at":"2020-02-19T13:30:28-08:00","entry_id":73711,"field1":"1.375","field2":"-0.6875"},{"created_at":"2020-02-19T13:40:05-08:00","entry_id":73712,"field1":"1.4375","field2":"-0.5"},{"created_at":"2020-02-19T13:49:42-08:00","entry_id":73713,"field1":"1.375","field2":"-0.5"},{"created_at":"2020-02-19T13:59:18-08:00","entry_id":73714,"field1":"1.5","field2":"-0.375"},{"created_at":"2020-02-19T14:09:01-08:00","entry_id":73715,"field1":"1.625","field2":"-0.1875"},{"created_at":"2020-02-19T14:18:37-08:00","entry_id":73716,"field1":"1.625","field2":"-0.1875"},{"created_at":"2020-02-19T14:28:14-08:00","entry_id":73717,"field1":"1.5625","field2":"-0.3125"},{"created_at":"2020-02-19T14:37:50-08:00","entry_id":73718,"field1":"1.5625","field2":"-0.3125"},{"created_at":"2020-02-19T14:47:28-08:00","entry_id":73719,"field1":"1.5625","field2":"-0.375"},{"created_at":"2020-02-19T14:57:04-08:00","entry_id":73720,"field1":"1.5625","field2":"-0.4375"},{"created_at":"2020-02-19T15:06:42-08:00","entry_id":73721,"field1":"1.5","field2":"-0.4375"},{"created_at":"2020-02-19T15:16:19-08:00","entry_id":73722,"field1":"1.5","field2":"-0.5"},{"created_at":"2020-02-19T15:25:55-08:00","entry_id":73723,"field1":"1.4375","field2":"-0.5625"},{"created_at":"2020-02-19T15:35:32-08:00","entry_id":73724,"field1":"1.4375","field2":"-0.5625"},{"created_at":"2020-02-19T15:45:09-08:00","entry_id":73725,"field1":"1.375","field2":"-0.5625"},{"created_at":"2020-02-19T15:54:46-08:00","entry_id":73726,"field1":"1.375","field2":"-0.625"},{"created_at":"2020-02-19T16:04:22-08:00","entry_id":73727,"field1":"1.375","field2":"-0.625"},{"created_at":"2020-02-19T16:14:00-08:00","entry_id":73728,"field1":"1.3125","field2":"-0.6875"},{"created_at":"2020-02-19T16:23:38-08:00","entry_id":73729,"field1":"1.3125","field2":"-0.6875"},{"created_at":"2020-02-19T16:33:17-08:00","entry_id":73730,"field1":"1.25","field2":"-0.6875"},{"created_at":"2020-02-19T16:42:52-08:00","entry_id":73731,"field1":"1.25","field2":"-0.75"},{"created_at":"2020-02-19T16:52:30-08:00","entry_id":73732,"field1":"1.25","field2":"-0.75"},{"created_at":"2020-02-19T17:02:06-08:00","entry_id":73733,"field1":"1.25","field2":"-0.875"},{"created_at":"2020-02-19T17:11:44-08:00","entry_id":73734,"field1":"1.1875","field2":"-0.9375"},{"created_at":"2020-02-19T17:21:23-08:00","entry_id":73735,"field1":"1.1875","field2":"-1.0625"},{"created_at":"2020-02-19T17:30:59-08:00","entry_id":73736,"field1":"1.1875","field2":"-1.1875"},{"created_at":"2020-02-19T17:40:36-08:00","entry_id":73737,"field1":"1.125","field2":"-1.25"},{"created_at":"2020-02-19T17:50:13-08:00","entry_id":73738,"field1":"1.125","field2":"-1.3125"},{"created_at":"2020-02-19T17:59:50-08:00","entry_id":73739,"field1":"1.125","field2":"-1.5"},{"created_at":"2020-02-19T18:09:26-08:00","entry_id":73740,"field1":"1.0625","field2":"-1.5625"},{"created_at":"2020-02-19T18:19:03-08:00","entry_id":73741,"field1":"1.0625","field2":"-1.6875"},{"created_at":"2020-02-19T18:28:40-08:00","entry_id":73742,"field1":"1","field2":"-1.75"},{"created_at":"2020-02-19T18:38:16-08:00","entry_id":73743,"field1":"1","field2":"-1.75"},{"created_at":"2020-02-19T18:47:55-08:00","entry_id":73744,"field1":"1","field2":"-1.875"},{"created_at":"2020-02-19T18:57:31-08:00","entry_id":73745,"field1":"0.9375","field2":"-1.9375"},{"created_at":"2020-02-19T19:07:08-08:00","entry_id":73746,"field1":"0.9375","field2":"-2"},{"created_at":"2020-02-19T19:16:44-08:00","entry_id":73747,"field1":"0.875","field2":"-2"},{"created_at":"2020-02-19T19:26:21-08:00","entry_id":73748,"field1":"0.875","field2":"-2.1875"},{"created_at":"2020-02-19T19:35:58-08:00","entry_id":73749,"field1":"0.8125","field2":"-2.25"},{"created_at":"2020-02-19T19:45:36-08:00","entry_id":73750,"field1":"0.8125","field2":"-2.3125"},{"created_at":"2020-02-19T19:55:13-08:00","entry_id":73751,"field1":"0.8125","field2":"-2.375"},{"created_at":"2020-02-19T20:04:50-08:00","entry_id":73752,"field1":"0.75","field2":"-2.5"},{"created_at":"2020-02-19T20:14:27-08:00","entry_id":73753,"field1":"0.75","field2":"-2.5"},{"created_at":"2020-02-19T20:24:04-08:00","entry_id":73754,"field1":"0.75","field2":"-2.625"},{"created_at":"2020-02-19T20:33:41-08:00","entry_id":73755,"field1":"0.6875","field2":"-2.6875"},{"created_at":"2020-02-19T20:43:19-08:00","entry_id":73756,"field1":"0.6875","field2":"-2.75"},{"created_at":"2020-02-19T20:52:55-08:00","entry_id":73757,"field1":"0.6875","field2":"-2.8125"},{"created_at":"2020-02-19T21:02:32-08:00","entry_id":73758,"field1":"0.625","field2":"-2.8125"},{"created_at":"2020-02-19T21:12:09-08:00","entry_id":73759,"field1":"0.625","field2":"-2.9375"},{"created_at":"2020-02-19T21:21:46-08:00","entry_id":73760,"field1":"0.625","field2":"-3"},{"created_at":"2020-02-19T21:31:22-08:00","entry_id":73761,"field1":"0.625","field2":"-3.0625"},{"created_at":"2020-02-19T21:41:00-08:00","entry_id":73762,"field1":"0.5625","field2":"-3.25"},{"created_at":"2020-02-19T21:50:36-08:00","entry_id":73763,"field1":"0.5625","field2":"-3.25"},{"created_at":"2020-02-19T22:00:12-08:00","entry_id":73764,"field1":"0.5","field2":"-3.25"},{"created_at":"2020-02-19T22:09:49-08:00","entry_id":73765,"field1":"0.5","field2":"-3.1875"},{"created_at":"2020-02-19T22:19:26-08:00","entry_id":73766,"field1":"0.5","field2":"-3.3125"},{"created_at":"2020-02-19T22:29:03-08:00","entry_id":73767,"field1":"0.4375","field2":"-3.4375"},{"created_at":"2020-02-19T22:38:41-08:00","entry_id":73768,"field1":"0.4375","field2":"-3.5"},{"created_at":"2020-02-19T22:48:18-08:00","entry_id":73769,"field1":"0.4375","field2":"-3.4375"},{"created_at":"2020-02-19T22:57:56-08:00","entry_id":73770,"field1":"0.375","field2":"-3.75"},{"created_at":"2020-02-19T23:07:32-08:00","entry_id":73771,"field1":"0.375","field2":"-3.75"},{"created_at":"2020-02-19T23:17:09-08:00","entry_id":73772,"field1":"0.375","field2":"-3.8125"},{"created_at":"2020-02-19T23:26:46-08:00","entry_id":73773,"field1":"0.3125","field2":"-3.8125"},{"created_at":"2020-02-19T23:36:23-08:00","entry_id":73774,"field1":"0.3125","field2":"-3.75"},{"created_at":"2020-02-19T23:46:00-08:00","entry_id":73775,"field1":"0.3125","field2":"-3.9375"},{"created_at":"2020-02-19T23:55:37-08:00","entry_id":73776,"field1":"0.25","field2":"-3.875"}]}