{"channel":{"id":581842,"name":"Upstairs Small Window Indoor / Outdoor Sensor","latitude":"0.0","longitude":"0.0","field1":"Indoor Temperature","field2":"Outdoor Temperature","created_at":"2018-09-23T15:37:52-07:00","updated_at":"2020-07-27T05:59:41-07:00","last_entry_id":173518},"feeds":[{"created_at":"2022-01-19T00:05:52-08:00","entry_id":173237,"field1":"9.75","field2":"-1"},{"created_at":"2022-01-19T00:15:29-08:00","entry_id":173238,"field1":"9.6875","field2":"-1.0625"},{"created_at":"2022-01-19T00:25:04-08:00","entry_id":173239,"field1":"9.6875","field2":"-1.0625"},{"created_at":"2022-01-19T00:34:43-08:00","entry_id":173240,"field1":"9.6875","field2":"-1.0625"},{"created_at":"2022-01-19T00:44:18-08:00","entry_id":173241,"field1":"9.6875","field2":"-1.125"},{"created_at":"2022-01-19T00:53:56-08:00","entry_id":173242,"field1":"9.6875","field2":"-1.1875"},{"created_at":"2022-01-19T01:03:32-08:00","entry_id":173243,"field1":"9.625","field2":"-1.1875"},{"created_at":"2022-01-19T01:13:11-08:00","entry_id":173244,"field1":"9.625","field2":"-1.125"},{"created_at":"2022-01-19T01:22:49-08:00","entry_id":173245,"field1":"9.625","field2":"-1.3125"},{"created_at":"2022-01-19T01:32:26-08:00","entry_id":173246,"field1":"9.625","field2":"-1.25"},{"created_at":"2022-01-19T01:42:02-08:00","entry_id":173247,"field1":"9.625","field2":"-1.3125"},{"created_at":"2022-01-19T01:51:40-08:00","entry_id":173248,"field1":"9.625","field2":"-1.375"},{"created_at":"2022-01-19T02:01:16-08:00","entry_id":173249,"field1":"9.625","field2":"-1.3125"},{"created_at":"2022-01-19T02:10:53-08:00","entry_id":173250,"field1":"9.625","field2":"-1.25"},{"created_at":"2022-01-19T02:20:31-08:00","entry_id":173251,"field1":"9.5625","field2":"-1.3125"},{"created_at":"2022-01-19T02:30:08-08:00","entry_id":173252,"field1":"9.5625","field2":"-1.375"},{"created_at":"2022-01-19T02:39:45-08:00","entry_id":173253,"field1":"9.5625","field2":"-1.625"},{"created_at":"2022-01-19T02:49:22-08:00","entry_id":173254,"field1":"9.5625","field2":"-1.5625"},{"created_at":"2022-01-19T02:58:59-08:00","entry_id":173255,"field1":"9.5625","field2":"-1.6875"},{"created_at":"2022-01-19T03:08:37-08:00","entry_id":173256,"field1":"9.5625","field2":"-1.625"},{"created_at":"2022-01-19T03:18:14-08:00","entry_id":173257,"field1":"9.5625","field2":"-1.625"},{"created_at":"2022-01-19T03:27:51-08:00","entry_id":173258,"field1":"9.5","field2":"-1.8125"},{"created_at":"2022-01-19T03:37:29-08:00","entry_id":173259,"field1":"9.5","field2":"-1.9375"},{"created_at":"2022-01-19T03:47:06-08:00","entry_id":173260,"field1":"9.4375","field2":"-2.0625"},{"created_at":"2022-01-19T03:56:43-08:00","entry_id":173261,"field1":"9.4375","field2":"-2"},{"created_at":"2022-01-19T04:06:19-08:00","entry_id":173262,"field1":"9.4375","field2":"-1.875"},{"created_at":"2022-01-19T04:15:58-08:00","entry_id":173263,"field1":"9.4375","field2":"-2.0625"},{"created_at":"2022-01-19T04:25:35-08:00","entry_id":173264,"field1":"9.4375","field2":"-2.1875"},{"created_at":"2022-01-19T04:35:12-08:00","entry_id":173265,"field1":"9.4375","field2":"-2.25"},{"created_at":"2022-01-19T04:44:49-08:00","entry_id":173266,"field1":"9.4375","field2":"-2.1875"},{"created_at":"2022-01-19T04:54:24-08:00","entry_id":173267,"field1":"9.375","field2":"-2.3125"},{"created_at":"2022-01-19T05:04:03-08:00","entry_id":173268,"field1":"9.375","field2":"-2.5625"},{"created_at":"2022-01-19T05:13:40-08:00","entry_id":173269,"field1":"9.375","field2":"-2.8125"},{"created_at":"2022-01-19T05:23:15-08:00","entry_id":173270,"field1":"9.375","field2":"-2.5625"},{"created_at":"2022-01-19T05:32:53-08:00","entry_id":173271,"field1":"9.375","field2":"-2.8125"},{"created_at":"2022-01-19T05:42:29-08:00","entry_id":173272,"field1":"9.3125","field2":"-2.75"},{"created_at":"2022-01-19T05:52:05-08:00","entry_id":173273,"field1":"9.3125","field2":"-2.4375"},{"created_at":"2022-01-19T06:01:42-08:00","entry_id":173274,"field1":"9.3125","field2":"-2.4375"},{"created_at":"2022-01-19T06:11:21-08:00","entry_id":173275,"field1":"9.3125","field2":"-2.5"},{"created_at":"2022-01-19T06:20:58-08:00","entry_id":173276,"field1":"9.25","field2":"-2.4375"},{"created_at":"2022-01-19T06:30:33-08:00","entry_id":173277,"field1":"9.25","field2":"-2.875"},{"created_at":"2022-01-19T06:40:10-08:00","entry_id":173278,"field1":"9.25","field2":"-2.875"},{"created_at":"2022-01-19T06:49:48-08:00","entry_id":173279,"field1":"9.1875","field2":"-3.0625"},{"created_at":"2022-01-19T06:59:25-08:00","entry_id":173280,"field1":"9.1875","field2":"-3.125"},{"created_at":"2022-01-19T07:09:01-08:00","entry_id":173281,"field1":"9.1875","field2":"-3"},{"created_at":"2022-01-19T07:18:39-08:00","entry_id":173282,"field1":"9.1875","field2":"-2.8125"},{"created_at":"2022-01-19T07:28:15-08:00","entry_id":173283,"field1":"9.125","field2":"-2.8125"},{"created_at":"2022-01-19T07:37:51-08:00","entry_id":173284,"field1":"9.125","field2":"-3"},{"created_at":"2022-01-19T07:47:30-08:00","entry_id":173285,"field1":"9.125","field2":"-3.1875"},{"created_at":"2022-01-19T07:57:06-08:00","entry_id":173286,"field1":"9.125","field2":"-3.375"},{"created_at":"2022-01-19T08:06:44-08:00","entry_id":173287,"field1":"9.125","field2":"-3.375"},{"created_at":"2022-01-19T08:16:21-08:00","entry_id":173288,"field1":"9.125","field2":"-3.3125"},{"created_at":"2022-01-19T08:25:59-08:00","entry_id":173289,"field1":"9.125","field2":"-2.8125"},{"created_at":"2022-01-19T08:35:37-08:00","entry_id":173290,"field1":"9.0625","field2":"-2.5"},{"created_at":"2022-01-19T08:45:14-08:00","entry_id":173291,"field1":"9.0625","field2":"-2.25"},{"created_at":"2022-01-19T08:54:52-08:00","entry_id":173292,"field1":"9.0625","field2":"-2.25"},{"created_at":"2022-01-19T09:04:29-08:00","entry_id":173293,"field1":"9.0625","field2":"-2.3125"},{"created_at":"2022-01-19T09:14:05-08:00","entry_id":173294,"field1":"9.0625","field2":"-2.4375"},{"created_at":"2022-01-19T09:23:43-08:00","entry_id":173295,"field1":"9.0625","field2":"-2.25"},{"created_at":"2022-01-19T09:33:20-08:00","entry_id":173296,"field1":"9.0625","field2":"-2.3125"},{"created_at":"2022-01-19T09:42:58-08:00","entry_id":173297,"field1":"9.0625","field2":"-2.125"},{"created_at":"2022-01-19T09:52:35-08:00","entry_id":173298,"field1":"9.0625","field2":"-1.9375"},{"created_at":"2022-01-19T10:02:12-08:00","entry_id":173299,"field1":"9.0625","field2":"-1.875"},{"created_at":"2022-01-19T10:11:49-08:00","entry_id":173300,"field1":"9.0625","field2":"-1.6875"},{"created_at":"2022-01-19T10:21:27-08:00","entry_id":173301,"field1":"9.0625","field2":"-1.8125"},{"created_at":"2022-01-19T10:31:04-08:00","entry_id":173302,"field1":"9.0625","field2":"-1.8125"},{"created_at":"2022-01-19T10:40:41-08:00","entry_id":173303,"field1":"9.0625","field2":"-1.625"},{"created_at":"2022-01-19T10:50:16-08:00","entry_id":173304,"field1":"9.0625","field2":"-1.5"},{"created_at":"2022-01-19T10:59:55-08:00","entry_id":173305,"field1":"9.0625","field2":"-1.375"},{"created_at":"2022-01-19T11:09:31-08:00","entry_id":173306,"field1":"9.0625","field2":"-1.25"},{"created_at":"2022-01-19T11:19:07-08:00","entry_id":173307,"field1":"9.0625","field2":"-1.3125"},{"created_at":"2022-01-19T11:28:46-08:00","entry_id":173308,"field1":"9.0625","field2":"-1.375"},{"created_at":"2022-01-19T11:38:23-08:00","entry_id":173309,"field1":"9.0625","field2":"-1.1875"},{"created_at":"2022-01-19T11:48:00-08:00","entry_id":173310,"field1":"9.0625","field2":"-0.8125"},{"created_at":"2022-01-19T11:57:39-08:00","entry_id":173311,"field1":"9.0625","field2":"-1.0625"},{"created_at":"2022-01-19T12:07:16-08:00","entry_id":173312,"field1":"9.0625","field2":"-0.8125"},{"created_at":"2022-01-19T12:16:53-08:00","entry_id":173313,"field1":"9.0625","field2":"-0.8125"},{"created_at":"2022-01-19T12:26:31-08:00","entry_id":173314,"field1":"9.0625","field2":"-0.625"},{"created_at":"2022-01-19T12:36:09-08:00","entry_id":173315,"field1":"9.0625","field2":"-0.5625"},{"created_at":"2022-01-19T12:45:44-08:00","entry_id":173316,"field1":"9.0625","field2":"-0.625"},{"created_at":"2022-01-19T12:55:23-08:00","entry_id":173317,"field1":"9.125","field2":"-0.5"},{"created_at":"2022-01-19T13:05:00-08:00","entry_id":173318,"field1":"9.125","field2":"-0.5625"},{"created_at":"2022-01-19T13:14:37-08:00","entry_id":173319,"field1":"9.125","field2":"-0.5"},{"created_at":"2022-01-19T13:24:15-08:00","entry_id":173320,"field1":"9.125","field2":"-0.375"},{"created_at":"2022-01-19T13:33:52-08:00","entry_id":173321,"field1":"9.125","field2":"-0.375"},{"created_at":"2022-01-19T13:43:29-08:00","entry_id":173322,"field1":"9.125","field2":"-0.4375"},{"created_at":"2022-01-19T13:53:07-08:00","entry_id":173323,"field1":"9.125","field2":"-0.3125"},{"created_at":"2022-01-19T14:02:42-08:00","entry_id":173324,"field1":"9.125","field2":"-0.375"},{"created_at":"2022-01-19T14:12:19-08:00","entry_id":173325,"field1":"9.125","field2":"-0.5"},{"created_at":"2022-01-19T14:21:57-08:00","entry_id":173326,"field1":"9.125","field2":"-0.25"},{"created_at":"2022-01-19T14:31:33-08:00","entry_id":173327,"field1":"9.125","field2":"-0.125"},{"created_at":"2022-01-19T14:41:10-08:00","entry_id":173328,"field1":"9.125","field2":"0"},{"created_at":"2022-01-19T14:50:48-08:00","entry_id":173329,"field1":"9.125","field2":"-0.125"},{"created_at":"2022-01-19T15:00:23-08:00","entry_id":173330,"field1":"9.125","field2":"-0.125"},{"created_at":"2022-01-19T15:10:01-08:00","entry_id":173331,"field1":"9.125","field2":"0"},{"created_at":"2022-01-19T15:19:38-08:00","entry_id":173332,"field1":"9.125","field2":"-0.125"},{"created_at":"2022-01-19T15:29:16-08:00","entry_id":173333,"field1":"9.125","field2":"-0.125"},{"created_at":"2022-01-19T15:38:53-08:00","entry_id":173334,"field1":"9.125","field2":"-0.125"},{"created_at":"2022-01-19T15:48:30-08:00","entry_id":173335,"field1":"9.125","field2":"-0.25"},{"created_at":"2022-01-19T15:58:05-08:00","entry_id":173336,"field1":"9.125","field2":"-0.3125"},{"created_at":"2022-01-19T16:07:44-08:00","entry_id":173337,"field1":"9.125","field2":"-0.25"},{"created_at":"2022-01-19T16:17:19-08:00","entry_id":173338,"field1":"9.125","field2":"-0.3125"},{"created_at":"2022-01-19T16:26:57-08:00","entry_id":173339,"field1":"9.125","field2":"-0.3125"},{"created_at":"2022-01-19T16:36:35-08:00","entry_id":173340,"field1":"9.0625","field2":"-0.375"},{"created_at":"2022-01-19T16:46:11-08:00","entry_id":173341,"field1":"9.0625","field2":"-0.4375"},{"created_at":"2022-01-19T16:55:49-08:00","entry_id":173342,"field1":"9.0625","field2":"-0.4375"},{"created_at":"2022-01-19T17:05:27-08:00","entry_id":173343,"field1":"9.0625","field2":"-0.4375"},{"created_at":"2022-01-19T17:15:04-08:00","entry_id":173344,"field1":"9.0625","field2":"-0.5"},{"created_at":"2022-01-19T17:24:40-08:00","entry_id":173345,"field1":"9.0625","field2":"-0.4375"},{"created_at":"2022-01-19T17:34:18-08:00","entry_id":173346,"field1":"9.0625","field2":"-0.5"},{"created_at":"2022-01-19T17:43:56-08:00","entry_id":173347,"field1":"9.0625","field2":"-0.4375"},{"created_at":"2022-01-19T17:53:32-08:00","entry_id":173348,"field1":"9.0625","field2":"-0.5"},{"created_at":"2022-01-19T18:03:10-08:00","entry_id":173349,"field1":"9.0625","field2":"-0.5"},{"created_at":"2022-01-19T18:12:46-08:00","entry_id":173350,"field1":"9.0625","field2":"-0.5"},{"created_at":"2022-01-19T18:22:22-08:00","entry_id":173351,"field1":"9.0625","field2":"-0.5"},{"created_at":"2022-01-19T18:31:59-08:00","entry_id":173352,"field1":"9.0625","field2":"-0.5"},{"created_at":"2022-01-19T18:41:37-08:00","entry_id":173353,"field1":"9.0625","field2":"-0.5"},{"created_at":"2022-01-19T18:51:14-08:00","entry_id":173354,"field1":"9.0625","field2":"-0.5"},{"created_at":"2022-01-19T19:00:52-08:00","entry_id":173355,"field1":"9.0625","field2":"-0.5625"},{"created_at":"2022-01-19T19:10:30-08:00","entry_id":173356,"field1":"9.0625","field2":"-0.5625"},{"created_at":"2022-01-19T19:20:07-08:00","entry_id":173357,"field1":"9.0625","field2":"-0.5625"},{"created_at":"2022-01-19T19:29:44-08:00","entry_id":173358,"field1":"9.0625","field2":"-0.5"},{"created_at":"2022-01-19T19:39:22-08:00","entry_id":173359,"field1":"9.0625","field2":"-0.5625"},{"created_at":"2022-01-19T19:48:59-08:00","entry_id":173360,"field1":"9.0625","field2":"-0.5"},{"created_at":"2022-01-19T19:58:34-08:00","entry_id":173361,"field1":"9","field2":"-0.5625"},{"created_at":"2022-01-19T20:08:13-08:00","entry_id":173362,"field1":"9","field2":"-0.5625"},{"created_at":"2022-01-19T20:17:49-08:00","entry_id":173363,"field1":"9","field2":"-0.625"},{"created_at":"2022-01-19T20:27:28-08:00","entry_id":173364,"field1":"9","field2":"-0.625"},{"created_at":"2022-01-19T20:37:06-08:00","entry_id":173365,"field1":"9","field2":"-0.5"},{"created_at":"2022-01-19T20:46:43-08:00","entry_id":173366,"field1":"9","field2":"-0.5625"},{"created_at":"2022-01-19T20:56:20-08:00","entry_id":173367,"field1":"9","field2":"-0.6875"},{"created_at":"2022-01-19T21:05:58-08:00","entry_id":173368,"field1":"9","field2":"-0.625"},{"created_at":"2022-01-19T21:15:34-08:00","entry_id":173369,"field1":"9","field2":"-0.6875"},{"created_at":"2022-01-19T21:25:09-08:00","entry_id":173370,"field1":"9","field2":"-0.6875"},{"created_at":"2022-01-19T21:34:48-08:00","entry_id":173371,"field1":"9.0625","field2":"-0.8125"},{"created_at":"2022-01-19T21:44:25-08:00","entry_id":173372,"field1":"9","field2":"-0.6875"},{"created_at":"2022-01-19T21:54:03-08:00","entry_id":173373,"field1":"9","field2":"-0.6875"},{"created_at":"2022-01-19T22:03:40-08:00","entry_id":173374,"field1":"9","field2":"-0.6875"},{"created_at":"2022-01-19T22:13:17-08:00","entry_id":173375,"field1":"9","field2":"-0.625"},{"created_at":"2022-01-19T22:22:55-08:00","entry_id":173376,"field1":"9","field2":"-0.6875"},{"created_at":"2022-01-19T22:32:32-08:00","entry_id":173377,"field1":"9","field2":"-0.6875"},{"created_at":"2022-01-19T22:42:07-08:00","entry_id":173378,"field1":"9","field2":"-0.75"},{"created_at":"2022-01-19T22:51:43-08:00","entry_id":173379,"field1":"9","field2":"-0.6875"},{"created_at":"2022-01-19T23:01:22-08:00","entry_id":173380,"field1":"9","field2":"-0.75"},{"created_at":"2022-01-19T23:10:59-08:00","entry_id":173381,"field1":"9","field2":"-0.8125"},{"created_at":"2022-01-19T23:20:36-08:00","entry_id":173382,"field1":"9","field2":"-0.8125"},{"created_at":"2022-01-19T23:30:13-08:00","entry_id":173383,"field1":"9","field2":"-0.8125"},{"created_at":"2022-01-19T23:39:51-08:00","entry_id":173384,"field1":"9","field2":"-0.8125"},{"created_at":"2022-01-19T23:49:27-08:00","entry_id":173385,"field1":"9","field2":"-0.75"},{"created_at":"2022-01-19T23:59:05-08:00","entry_id":173386,"field1":"9","field2":"-0.9375"}]}