{"channel":{"id":581842,"name":"Upstairs Small Window Indoor / Outdoor Sensor","latitude":"0.0","longitude":"0.0","field1":"Indoor Temperature","field2":"Outdoor Temperature","created_at":"2018-09-23T15:37:52-07:00","updated_at":"2020-07-27T05:59:41-07:00","last_entry_id":150128},"feeds":[{"created_at":"2018-12-11T00:04:19-08:00","entry_id":10146,"field1":"-0.125","field2":"0.0625"},{"created_at":"2018-12-11T00:13:57-08:00","entry_id":10147,"field1":"-0.0625","field2":"0.0625"},{"created_at":"2018-12-11T00:23:33-08:00","entry_id":10148,"field1":"-0.0625","field2":"0.0625"},{"created_at":"2018-12-11T00:33:11-08:00","entry_id":10149,"field1":"-0.0625","field2":"0.0625"},{"created_at":"2018-12-11T00:42:47-08:00","entry_id":10150,"field1":"-0.0625","field2":"0.0625"},{"created_at":"2018-12-11T00:52:24-08:00","entry_id":10151,"field1":"-0.0625","field2":"0"},{"created_at":"2018-12-11T01:02:02-08:00","entry_id":10152,"field1":"-0.0625","field2":"0"},{"created_at":"2018-12-11T01:11:38-08:00","entry_id":10153,"field1":"-0.0625","field2":"0"},{"created_at":"2018-12-11T01:21:15-08:00","entry_id":10154,"field1":"-0.0625","field2":"0"},{"created_at":"2018-12-11T01:30:51-08:00","entry_id":10155,"field1":"-0.0625","field2":"0.0625"},{"created_at":"2018-12-11T01:40:28-08:00","entry_id":10156,"field1":"-0.0625","field2":"0"},{"created_at":"2018-12-11T01:50:05-08:00","entry_id":10157,"field1":"-0.0625","field2":"0"},{"created_at":"2018-12-11T01:59:41-08:00","entry_id":10158,"field1":"-0.0625","field2":"0"},{"created_at":"2018-12-11T02:09:19-08:00","entry_id":10159,"field1":"-0.0625","field2":"0"},{"created_at":"2018-12-11T02:18:56-08:00","entry_id":10160,"field1":"-0.0625","field2":"0"},{"created_at":"2018-12-11T02:28:33-08:00","entry_id":10161,"field1":"-0.0625","field2":"0.0625"},{"created_at":"2018-12-11T02:38:09-08:00","entry_id":10162,"field1":"-0.0625","field2":"0"},{"created_at":"2018-12-11T02:47:46-08:00","entry_id":10163,"field1":"0","field2":"0.0625"},{"created_at":"2018-12-11T02:57:22-08:00","entry_id":10164,"field1":"-0.0625","field2":"0.0625"},{"created_at":"2018-12-11T03:07:03-08:00","entry_id":10165,"field1":"-0.0625","field2":"0.0625"},{"created_at":"2018-12-11T03:16:38-08:00","entry_id":10166,"field1":"-0.0625","field2":"0"},{"created_at":"2018-12-11T03:26:14-08:00","entry_id":10167,"field1":"0","field2":"0.0625"},{"created_at":"2018-12-11T03:35:51-08:00","entry_id":10168,"field1":"-0.0625","field2":"0"},{"created_at":"2018-12-11T03:45:29-08:00","entry_id":10169,"field1":"-0.0625","field2":"0"},{"created_at":"2018-12-11T03:55:05-08:00","entry_id":10170,"field1":"-0.0625","field2":"0"},{"created_at":"2018-12-11T04:04:42-08:00","entry_id":10171,"field1":"-0.0625","field2":"-0.125"},{"created_at":"2018-12-11T04:14:19-08:00","entry_id":10172,"field1":"-0.0625","field2":"-0.125"},{"created_at":"2018-12-11T04:23:56-08:00","entry_id":10173,"field1":"-0.0625","field2":"-0.125"},{"created_at":"2018-12-11T04:33:32-08:00","entry_id":10174,"field1":"-0.0625","field2":"-0.125"},{"created_at":"2018-12-11T04:43:10-08:00","entry_id":10175,"field1":"-0.0625","field2":"-0.125"},{"created_at":"2018-12-11T04:52:46-08:00","entry_id":10176,"field1":"-0.0625","field2":"-0.1875"},{"created_at":"2018-12-11T05:02:23-08:00","entry_id":10177,"field1":"-0.0625","field2":"-0.1875"},{"created_at":"2018-12-11T05:12:00-08:00","entry_id":10178,"field1":"-0.0625","field2":"-0.125"},{"created_at":"2018-12-11T05:21:37-08:00","entry_id":10179,"field1":"-0.0625","field2":"-0.1875"},{"created_at":"2018-12-11T05:31:13-08:00","entry_id":10180,"field1":"-0.0625","field2":"-0.1875"},{"created_at":"2018-12-11T05:40:50-08:00","entry_id":10181,"field1":"-0.0625","field2":"-0.25"},{"created_at":"2018-12-11T05:50:27-08:00","entry_id":10182,"field1":"-0.0625","field2":"-0.25"},{"created_at":"2018-12-11T06:00:04-08:00","entry_id":10183,"field1":"-0.0625","field2":"-0.25"},{"created_at":"2018-12-11T06:09:41-08:00","entry_id":10184,"field1":"-0.0625","field2":"-0.25"},{"created_at":"2018-12-11T06:19:18-08:00","entry_id":10185,"field1":"-0.0625","field2":"-0.25"},{"created_at":"2018-12-11T06:28:55-08:00","entry_id":10186,"field1":"-0.0625","field2":"-0.25"},{"created_at":"2018-12-11T06:38:33-08:00","entry_id":10187,"field1":"-0.0625","field2":"-0.25"},{"created_at":"2018-12-11T06:48:10-08:00","entry_id":10188,"field1":"-0.0625","field2":"-0.25"},{"created_at":"2018-12-11T06:57:47-08:00","entry_id":10189,"field1":"-0.0625","field2":"-0.25"},{"created_at":"2018-12-11T07:07:24-08:00","entry_id":10190,"field1":"-0.0625","field2":"-0.125"},{"created_at":"2018-12-11T07:17:00-08:00","entry_id":10191,"field1":"-0.0625","field2":"-0.1875"},{"created_at":"2018-12-11T07:26:36-08:00","entry_id":10192,"field1":"-0.0625","field2":"-0.1875"},{"created_at":"2018-12-11T07:36:15-08:00","entry_id":10193,"field1":"-0.0625","field2":"-0.1875"},{"created_at":"2018-12-11T07:45:50-08:00","entry_id":10194,"field1":"-0.0625","field2":"-0.1875"},{"created_at":"2018-12-11T07:55:27-08:00","entry_id":10195,"field1":"-0.0625","field2":"-0.1875"},{"created_at":"2018-12-11T08:05:04-08:00","entry_id":10196,"field1":"-0.0625","field2":"-0.1875"},{"created_at":"2018-12-11T08:14:41-08:00","entry_id":10197,"field1":"-0.0625","field2":"-0.1875"},{"created_at":"2018-12-11T08:24:18-08:00","entry_id":10198,"field1":"-0.0625","field2":"-0.1875"},{"created_at":"2018-12-11T08:33:56-08:00","entry_id":10199,"field1":"0","field2":"-0.1875"},{"created_at":"2018-12-11T08:43:32-08:00","entry_id":10200,"field1":"0","field2":"-0.125"},{"created_at":"2018-12-11T08:53:09-08:00","entry_id":10201,"field1":"0","field2":"-0.125"},{"created_at":"2018-12-11T09:02:45-08:00","entry_id":10202,"field1":"0","field2":"-0.125"},{"created_at":"2018-12-11T09:12:22-08:00","entry_id":10203,"field1":"0","field2":"-0.125"},{"created_at":"2018-12-11T09:21:59-08:00","entry_id":10204,"field1":"0","field2":"-0.125"},{"created_at":"2018-12-11T09:31:35-08:00","entry_id":10205,"field1":"0.0625","field2":"-0.125"},{"created_at":"2018-12-11T09:41:12-08:00","entry_id":10206,"field1":"0","field2":"-0.125"},{"created_at":"2018-12-11T09:50:49-08:00","entry_id":10207,"field1":"0.0625","field2":"-0.0625"},{"created_at":"2018-12-11T10:00:25-08:00","entry_id":10208,"field1":"0.0625","field2":"-0.0625"},{"created_at":"2018-12-11T10:10:02-08:00","entry_id":10209,"field1":"0.0625","field2":"0"},{"created_at":"2018-12-11T10:19:38-08:00","entry_id":10210,"field1":"0.0625","field2":"0"},{"created_at":"2018-12-11T10:29:15-08:00","entry_id":10211,"field1":"0.0625","field2":"0.0625"},{"created_at":"2018-12-11T10:38:52-08:00","entry_id":10212,"field1":"0.125","field2":"0.0625"},{"created_at":"2018-12-11T10:48:29-08:00","entry_id":10213,"field1":"0.125","field2":"0.0625"},{"created_at":"2018-12-11T10:58:05-08:00","entry_id":10214,"field1":"0.0625","field2":"0.0625"},{"created_at":"2018-12-11T11:07:42-08:00","entry_id":10215,"field1":"0.0625","field2":"0.0625"},{"created_at":"2018-12-11T11:17:20-08:00","entry_id":10216,"field1":"0.0625","field2":"0.125"},{"created_at":"2018-12-11T11:26:56-08:00","entry_id":10217,"field1":"0.125","field2":"0.125"},{"created_at":"2018-12-11T11:36:34-08:00","entry_id":10218,"field1":"0.0625","field2":"0.125"},{"created_at":"2018-12-11T11:46:10-08:00","entry_id":10219,"field1":"0.125","field2":"0.125"},{"created_at":"2018-12-11T11:55:47-08:00","entry_id":10220,"field1":"0.125","field2":"0.1875"},{"created_at":"2018-12-11T12:05:23-08:00","entry_id":10221,"field1":"0.125","field2":"0.125"},{"created_at":"2018-12-11T12:15:00-08:00","entry_id":10222,"field1":"0.125","field2":"0.1875"},{"created_at":"2018-12-11T12:24:37-08:00","entry_id":10223,"field1":"0.1875","field2":"0.1875"},{"created_at":"2018-12-11T12:34:16-08:00","entry_id":10224,"field1":"0.1875","field2":"0.1875"},{"created_at":"2018-12-11T12:43:52-08:00","entry_id":10225,"field1":"0.1875","field2":"0.1875"},{"created_at":"2018-12-11T12:53:28-08:00","entry_id":10226,"field1":"0.1875","field2":"0.1875"},{"created_at":"2018-12-11T13:03:05-08:00","entry_id":10227,"field1":"0.1875","field2":"0.1875"},{"created_at":"2018-12-11T13:12:42-08:00","entry_id":10228,"field1":"0.1875","field2":"0.1875"},{"created_at":"2018-12-11T13:22:19-08:00","entry_id":10229,"field1":"0.1875","field2":"0.25"},{"created_at":"2018-12-11T13:31:58-08:00","entry_id":10230,"field1":"0.1875","field2":"0.1875"},{"created_at":"2018-12-11T13:41:34-08:00","entry_id":10231,"field1":"0.1875","field2":"0.25"},{"created_at":"2018-12-11T13:51:11-08:00","entry_id":10232,"field1":"0.1875","field2":"0.1875"},{"created_at":"2018-12-11T14:01:04-08:00","entry_id":10233,"field1":"0.1875","field2":"0.1875"},{"created_at":"2018-12-11T14:10:35-08:00","entry_id":10234,"field1":"0.25","field2":"0.1875"},{"created_at":"2018-12-11T14:20:11-08:00","entry_id":10235,"field1":"0.25","field2":"0.1875"},{"created_at":"2018-12-11T14:29:50-08:00","entry_id":10236,"field1":"0.25","field2":"0.1875"},{"created_at":"2018-12-11T14:39:27-08:00","entry_id":10237,"field1":"0.25","field2":"0.1875"},{"created_at":"2018-12-11T14:49:04-08:00","entry_id":10238,"field1":"0.1875","field2":"0.125"},{"created_at":"2018-12-11T14:58:40-08:00","entry_id":10239,"field1":"0.1875","field2":"0.125"},{"created_at":"2018-12-11T15:08:16-08:00","entry_id":10240,"field1":"0.25","field2":"0.125"},{"created_at":"2018-12-11T15:17:53-08:00","entry_id":10241,"field1":"0.25","field2":"0.0625"},{"created_at":"2018-12-11T15:27:30-08:00","entry_id":10242,"field1":"0.25","field2":"0.0625"},{"created_at":"2018-12-11T15:37:06-08:00","entry_id":10243,"field1":"0.3125","field2":"0.0625"},{"created_at":"2018-12-11T15:46:44-08:00","entry_id":10244,"field1":"0.25","field2":"0.0625"},{"created_at":"2018-12-11T15:56:20-08:00","entry_id":10245,"field1":"0.25","field2":"0.0625"},{"created_at":"2018-12-11T16:05:57-08:00","entry_id":10246,"field1":"0.1875","field2":"0"},{"created_at":"2018-12-11T16:15:34-08:00","entry_id":10247,"field1":"0.1875","field2":"0"},{"created_at":"2018-12-11T16:25:12-08:00","entry_id":10248,"field1":"0.1875","field2":"0"},{"created_at":"2018-12-11T16:34:48-08:00","entry_id":10249,"field1":"0.25","field2":"0"},{"created_at":"2018-12-11T16:44:25-08:00","entry_id":10250,"field1":"0.25","field2":"0"},{"created_at":"2018-12-11T16:54:02-08:00","entry_id":10251,"field1":"0.1875","field2":"-0.0625"},{"created_at":"2018-12-11T17:03:39-08:00","entry_id":10252,"field1":"0.1875","field2":"-0.0625"},{"created_at":"2018-12-11T17:13:16-08:00","entry_id":10253,"field1":"0.1875","field2":"-0.0625"},{"created_at":"2018-12-11T17:22:53-08:00","entry_id":10254,"field1":"0.1875","field2":"-0.0625"},{"created_at":"2018-12-11T17:32:30-08:00","entry_id":10255,"field1":"0.1875","field2":"-0.0625"},{"created_at":"2018-12-11T17:42:06-08:00","entry_id":10256,"field1":"0.1875","field2":"-0.0625"},{"created_at":"2018-12-11T17:51:50-08:00","entry_id":10257,"field1":"0.1875","field2":"-0.0625"},{"created_at":"2018-12-11T18:01:27-08:00","entry_id":10258,"field1":"0.1875","field2":"-0.0625"},{"created_at":"2018-12-11T18:11:04-08:00","entry_id":10259,"field1":"0.1875","field2":"-0.0625"},{"created_at":"2018-12-11T18:20:41-08:00","entry_id":10260,"field1":"0.1875","field2":"-0.0625"},{"created_at":"2018-12-11T18:30:18-08:00","entry_id":10261,"field1":"0.1875","field2":"-0.0625"},{"created_at":"2018-12-11T18:39:55-08:00","entry_id":10262,"field1":"0.1875","field2":"-0.0625"},{"created_at":"2018-12-11T18:49:31-08:00","entry_id":10263,"field1":"0.1875","field2":"0"},{"created_at":"2018-12-11T18:59:08-08:00","entry_id":10264,"field1":"0.1875","field2":"0"},{"created_at":"2018-12-11T19:08:45-08:00","entry_id":10265,"field1":"0.1875","field2":"0"},{"created_at":"2018-12-11T19:18:22-08:00","entry_id":10266,"field1":"0.1875","field2":"0"},{"created_at":"2018-12-11T19:28:00-08:00","entry_id":10267,"field1":"0.25","field2":"0"},{"created_at":"2018-12-11T19:37:36-08:00","entry_id":10268,"field1":"0.25","field2":"0"},{"created_at":"2018-12-11T19:47:13-08:00","entry_id":10269,"field1":"0.25","field2":"0"},{"created_at":"2018-12-11T19:56:50-08:00","entry_id":10270,"field1":"0.25","field2":"0.0625"},{"created_at":"2018-12-11T20:06:27-08:00","entry_id":10271,"field1":"0.3125","field2":"0.0625"},{"created_at":"2018-12-11T20:16:04-08:00","entry_id":10272,"field1":"0.25","field2":"0.0625"},{"created_at":"2018-12-11T20:25:41-08:00","entry_id":10273,"field1":"0.25","field2":"0"},{"created_at":"2018-12-11T20:35:18-08:00","entry_id":10274,"field1":"0.25","field2":"0"},{"created_at":"2018-12-11T20:44:55-08:00","entry_id":10275,"field1":"0.25","field2":"0.0625"},{"created_at":"2018-12-11T20:54:32-08:00","entry_id":10276,"field1":"0.25","field2":"0.125"},{"created_at":"2018-12-11T21:04:09-08:00","entry_id":10277,"field1":"0.25","field2":"0.0625"},{"created_at":"2018-12-11T21:13:46-08:00","entry_id":10278,"field1":"0.25","field2":"0.0625"},{"created_at":"2018-12-11T21:23:24-08:00","entry_id":10279,"field1":"0.25","field2":"0.125"},{"created_at":"2018-12-11T21:33:00-08:00","entry_id":10280,"field1":"0.25","field2":"0.0625"},{"created_at":"2018-12-11T21:42:37-08:00","entry_id":10281,"field1":"0.25","field2":"0.125"},{"created_at":"2018-12-11T21:52:14-08:00","entry_id":10282,"field1":"0.25","field2":"0.125"},{"created_at":"2018-12-11T22:01:51-08:00","entry_id":10283,"field1":"0.3125","field2":"0.125"},{"created_at":"2018-12-11T22:11:28-08:00","entry_id":10284,"field1":"0.3125","field2":"0.125"},{"created_at":"2018-12-11T22:21:06-08:00","entry_id":10285,"field1":"0.3125","field2":"0.125"},{"created_at":"2018-12-11T22:30:42-08:00","entry_id":10286,"field1":"0.3125","field2":"0.1875"},{"created_at":"2018-12-11T22:40:18-08:00","entry_id":10287,"field1":"0.3125","field2":"0.1875"},{"created_at":"2018-12-11T22:49:55-08:00","entry_id":10288,"field1":"0.3125","field2":"0.1875"},{"created_at":"2018-12-11T22:59:32-08:00","entry_id":10289,"field1":"0.3125","field2":"0.1875"},{"created_at":"2018-12-11T23:09:09-08:00","entry_id":10290,"field1":"0.3125","field2":"0.1875"},{"created_at":"2018-12-11T23:18:45-08:00","entry_id":10291,"field1":"0.3125","field2":"0.1875"},{"created_at":"2018-12-11T23:28:22-08:00","entry_id":10292,"field1":"0.3125","field2":"0.125"},{"created_at":"2018-12-11T23:37:59-08:00","entry_id":10293,"field1":"0.3125","field2":"0.125"},{"created_at":"2018-12-11T23:47:35-08:00","entry_id":10294,"field1":"0.3125","field2":"0.25"},{"created_at":"2018-12-11T23:57:12-08:00","entry_id":10295,"field1":"0.375","field2":"0.1875"}]}