{"channel":{"id":581842,"name":"Upstairs Small Window Indoor / Outdoor Sensor","latitude":"0.0","longitude":"0.0","field1":"Indoor Temperature","field2":"Outdoor Temperature","created_at":"2018-09-23T15:37:52-07:00","updated_at":"2020-07-27T05:59:41-07:00","last_entry_id":346061},"feeds":[{"created_at":"2025-03-23T00:02:48-07:00","entry_id":345774,"field1":"5.5","field2":"2.75"},{"created_at":"2025-03-23T00:12:25-07:00","entry_id":345775,"field1":"5.5","field2":"2.75"},{"created_at":"2025-03-23T00:22:02-07:00","entry_id":345776,"field1":"5.4375","field2":"2.625"},{"created_at":"2025-03-23T00:31:39-07:00","entry_id":345777,"field1":"5.4375","field2":"2.625"},{"created_at":"2025-03-23T00:41:16-07:00","entry_id":345778,"field1":"5.4375","field2":"2.625"},{"created_at":"2025-03-23T00:50:53-07:00","entry_id":345779,"field1":"5.4375","field2":"2.625"},{"created_at":"2025-03-23T01:00:30-07:00","entry_id":345780,"field1":"5.375","field2":"2.625"},{"created_at":"2025-03-23T01:10:07-07:00","entry_id":345781,"field1":"5.375","field2":"2.625"},{"created_at":"2025-03-23T01:19:44-07:00","entry_id":345782,"field1":"5.375","field2":"2.625"},{"created_at":"2025-03-23T01:29:21-07:00","entry_id":345783,"field1":"5.3125","field2":"2.5625"},{"created_at":"2025-03-23T01:38:58-07:00","entry_id":345784,"field1":"5.3125","field2":"2.5625"},{"created_at":"2025-03-23T01:48:35-07:00","entry_id":345785,"field1":"5.3125","field2":"2.625"},{"created_at":"2025-03-23T01:58:12-07:00","entry_id":345786,"field1":"5.3125","field2":"2.5625"},{"created_at":"2025-03-23T02:07:49-07:00","entry_id":345787,"field1":"5.25","field2":"2.625"},{"created_at":"2025-03-23T02:17:26-07:00","entry_id":345788,"field1":"5.25","field2":"2.75"},{"created_at":"2025-03-23T02:27:03-07:00","entry_id":345789,"field1":"5.25","field2":"2.75"},{"created_at":"2025-03-23T02:36:40-07:00","entry_id":345790,"field1":"5.25","field2":"2.75"},{"created_at":"2025-03-23T02:46:17-07:00","entry_id":345791,"field1":"5.1875","field2":"2.75"},{"created_at":"2025-03-23T02:55:54-07:00","entry_id":345792,"field1":"5.25","field2":"2.875"},{"created_at":"2025-03-23T03:05:32-07:00","entry_id":345793,"field1":"5.1875","field2":"3.0625"},{"created_at":"2025-03-23T03:15:08-07:00","entry_id":345794,"field1":"5.1875","field2":"3.0625"},{"created_at":"2025-03-23T03:24:45-07:00","entry_id":345795,"field1":"5.125","field2":"3.1875"},{"created_at":"2025-03-23T03:34:22-07:00","entry_id":345796,"field1":"5.125","field2":"3.1875"},{"created_at":"2025-03-23T03:44:00-07:00","entry_id":345797,"field1":"5.125","field2":"3.25"},{"created_at":"2025-03-23T03:53:36-07:00","entry_id":345798,"field1":"5.125","field2":"3.1875"},{"created_at":"2025-03-23T04:03:13-07:00","entry_id":345799,"field1":"5.125","field2":"3.125"},{"created_at":"2025-03-23T04:12:51-07:00","entry_id":345800,"field1":"5.125","field2":"3"},{"created_at":"2025-03-23T04:22:28-07:00","entry_id":345801,"field1":"5.0625","field2":"3"},{"created_at":"2025-03-23T04:32:05-07:00","entry_id":345802,"field1":"5.0625","field2":"2.9375"},{"created_at":"2025-03-23T04:41:41-07:00","entry_id":345803,"field1":"5.0625","field2":"2.875"},{"created_at":"2025-03-23T04:51:18-07:00","entry_id":345804,"field1":"5.0625","field2":"2.6875"},{"created_at":"2025-03-23T05:00:55-07:00","entry_id":345805,"field1":"5.0625","field2":"2.625"},{"created_at":"2025-03-23T05:10:33-07:00","entry_id":345806,"field1":"5.0625","field2":"2.4375"},{"created_at":"2025-03-23T05:20:10-07:00","entry_id":345807,"field1":"5","field2":"2.3125"},{"created_at":"2025-03-23T05:29:47-07:00","entry_id":345808,"field1":"5","field2":"2.25"},{"created_at":"2025-03-23T05:39:24-07:00","entry_id":345809,"field1":"5","field2":"2.0625"},{"created_at":"2025-03-23T05:49:01-07:00","entry_id":345810,"field1":"5.0625","field2":"1.875"},{"created_at":"2025-03-23T05:58:39-07:00","entry_id":345811,"field1":"5","field2":"1.5625"},{"created_at":"2025-03-23T06:08:15-07:00","entry_id":345812,"field1":"5","field2":"1.375"},{"created_at":"2025-03-23T06:17:52-07:00","entry_id":345813,"field1":"4.9375","field2":"1.375"},{"created_at":"2025-03-23T06:27:30-07:00","entry_id":345814,"field1":"4.9375","field2":"1.375"},{"created_at":"2025-03-23T06:37:06-07:00","entry_id":345815,"field1":"4.9375","field2":"1.25"},{"created_at":"2025-03-23T06:46:44-07:00","entry_id":345816,"field1":"4.875","field2":"1.1875"},{"created_at":"2025-03-23T06:56:21-07:00","entry_id":345817,"field1":"4.875","field2":"1.0625"},{"created_at":"2025-03-23T07:05:58-07:00","entry_id":345818,"field1":"4.875","field2":"1"},{"created_at":"2025-03-23T07:15:35-07:00","entry_id":345819,"field1":"4.875","field2":"1"},{"created_at":"2025-03-23T07:25:12-07:00","entry_id":345820,"field1":"4.8125","field2":"0.9375"},{"created_at":"2025-03-23T07:34:49-07:00","entry_id":345821,"field1":"4.875","field2":"0.875"},{"created_at":"2025-03-23T07:44:26-07:00","entry_id":345822,"field1":"4.8125","field2":"0.9375"},{"created_at":"2025-03-23T07:54:03-07:00","entry_id":345823,"field1":"4.8125","field2":"0.625"},{"created_at":"2025-03-23T08:03:41-07:00","entry_id":345824,"field1":"4.8125","field2":"0.625"},{"created_at":"2025-03-23T08:13:18-07:00","entry_id":345825,"field1":"4.75","field2":"0.4375"},{"created_at":"2025-03-23T08:22:56-07:00","entry_id":345826,"field1":"4.75","field2":"0.6875"},{"created_at":"2025-03-23T08:32:33-07:00","entry_id":345827,"field1":"4.6875","field2":"0.625"},{"created_at":"2025-03-23T08:42:10-07:00","entry_id":345828,"field1":"4.6875","field2":"0.625"},{"created_at":"2025-03-23T08:51:47-07:00","entry_id":345829,"field1":"4.6875","field2":"0.6875"},{"created_at":"2025-03-23T09:01:24-07:00","entry_id":345830,"field1":"4.625","field2":"0.75"},{"created_at":"2025-03-23T09:11:01-07:00","entry_id":345831,"field1":"4.6875","field2":"0.6875"},{"created_at":"2025-03-23T09:20:38-07:00","entry_id":345832,"field1":"4.6875","field2":"0.6875"},{"created_at":"2025-03-23T09:30:16-07:00","entry_id":345833,"field1":"4.625","field2":"0.625"},{"created_at":"2025-03-23T09:39:53-07:00","entry_id":345834,"field1":"4.625","field2":"0.75"},{"created_at":"2025-03-23T09:49:30-07:00","entry_id":345835,"field1":"4.625","field2":"0.75"},{"created_at":"2025-03-23T09:59:07-07:00","entry_id":345836,"field1":"4.5625","field2":"0.8125"},{"created_at":"2025-03-23T10:08:44-07:00","entry_id":345837,"field1":"4.5625","field2":"0.8125"},{"created_at":"2025-03-23T10:18:22-07:00","entry_id":345838,"field1":"4.5625","field2":"0.75"},{"created_at":"2025-03-23T10:27:59-07:00","entry_id":345839,"field1":"4.5625","field2":"0.875"},{"created_at":"2025-03-23T10:37:36-07:00","entry_id":345840,"field1":"4.5","field2":"0.8125"},{"created_at":"2025-03-23T10:47:13-07:00","entry_id":345841,"field1":"4.5625","field2":"0.75"},{"created_at":"2025-03-23T10:56:50-07:00","entry_id":345842,"field1":"4.625","field2":"0.625"},{"created_at":"2025-03-23T11:06:28-07:00","entry_id":345843,"field1":"4.6875","field2":"0.4375"},{"created_at":"2025-03-23T11:16:05-07:00","entry_id":345844,"field1":"4.625","field2":"0.4375"},{"created_at":"2025-03-23T11:25:42-07:00","entry_id":345845,"field1":"4.5625","field2":"0.375"},{"created_at":"2025-03-23T11:35:19-07:00","entry_id":345846,"field1":"4.5625","field2":"0.625"},{"created_at":"2025-03-23T11:44:56-07:00","entry_id":345847,"field1":"4.5","field2":"0.5625"},{"created_at":"2025-03-23T11:54:34-07:00","entry_id":345848,"field1":"4.5","field2":"0.5625"},{"created_at":"2025-03-23T12:04:11-07:00","entry_id":345849,"field1":"4.4375","field2":"0.375"},{"created_at":"2025-03-23T12:13:48-07:00","entry_id":345850,"field1":"4.4375","field2":"0.3125"},{"created_at":"2025-03-23T12:23:25-07:00","entry_id":345851,"field1":"4.4375","field2":"0.5"},{"created_at":"2025-03-23T12:33:02-07:00","entry_id":345852,"field1":"4.4375","field2":"0.4375"},{"created_at":"2025-03-23T12:42:39-07:00","entry_id":345853,"field1":"4.4375","field2":"0.5"},{"created_at":"2025-03-23T12:52:17-07:00","entry_id":345854,"field1":"4.5625","field2":"0.375"},{"created_at":"2025-03-23T13:01:54-07:00","entry_id":345855,"field1":"4.6875","field2":"0.3125"},{"created_at":"2025-03-23T13:11:32-07:00","entry_id":345856,"field1":"4.75","field2":"0.5"},{"created_at":"2025-03-23T13:21:09-07:00","entry_id":345857,"field1":"4.75","field2":"0.875"},{"created_at":"2025-03-23T13:30:46-07:00","entry_id":345858,"field1":"4.625","field2":"0.5625"},{"created_at":"2025-03-23T13:40:21-07:00","entry_id":345859,"field1":"4.5625","field2":"0.6875"},{"created_at":"2025-03-23T13:49:59-07:00","entry_id":345860,"field1":"4.5","field2":"0.3125"},{"created_at":"2025-03-23T13:59:34-07:00","entry_id":345861,"field1":"4.5","field2":"0.4375"},{"created_at":"2025-03-23T14:09:12-07:00","entry_id":345862,"field1":"4.4375","field2":"0.5"},{"created_at":"2025-03-23T14:18:50-07:00","entry_id":345863,"field1":"4.4375","field2":"0.375"},{"created_at":"2025-03-23T14:28:27-07:00","entry_id":345864,"field1":"4.375","field2":"0.4375"},{"created_at":"2025-03-23T14:38:04-07:00","entry_id":345865,"field1":"4.375","field2":"0.3125"},{"created_at":"2025-03-23T14:47:41-07:00","entry_id":345866,"field1":"4.3125","field2":"0.3125"},{"created_at":"2025-03-23T14:57:19-07:00","entry_id":345867,"field1":"4.375","field2":"0.25"},{"created_at":"2025-03-23T15:06:56-07:00","entry_id":345868,"field1":"4.4375","field2":"0.3125"},{"created_at":"2025-03-23T15:16:33-07:00","entry_id":345869,"field1":"4.5625","field2":"0.3125"},{"created_at":"2025-03-23T15:26:10-07:00","entry_id":345870,"field1":"4.625","field2":"0.25"},{"created_at":"2025-03-23T15:35:47-07:00","entry_id":345871,"field1":"4.6875","field2":"0.1875"},{"created_at":"2025-03-23T15:45:25-07:00","entry_id":345872,"field1":"4.75","field2":"0.3125"},{"created_at":"2025-03-23T15:55:02-07:00","entry_id":345873,"field1":"4.75","field2":"0.25"},{"created_at":"2025-03-23T16:04:39-07:00","entry_id":345874,"field1":"4.8125","field2":"0.375"},{"created_at":"2025-03-23T16:14:16-07:00","entry_id":345875,"field1":"4.6875","field2":"0.375"},{"created_at":"2025-03-23T16:23:52-07:00","entry_id":345876,"field1":"4.625","field2":"0.25"},{"created_at":"2025-03-23T16:33:29-07:00","entry_id":345877,"field1":"4.5","field2":"0.3125"},{"created_at":"2025-03-23T16:43:06-07:00","entry_id":345878,"field1":"4.5","field2":"0.0625"},{"created_at":"2025-03-23T16:52:44-07:00","entry_id":345879,"field1":"4.4375","field2":"0.1875"},{"created_at":"2025-03-23T17:02:20-07:00","entry_id":345880,"field1":"4.375","field2":"0.3125"},{"created_at":"2025-03-23T17:11:57-07:00","entry_id":345881,"field1":"4.375","field2":"0.0625"},{"created_at":"2025-03-23T17:21:34-07:00","entry_id":345882,"field1":"4.3125","field2":"0.3125"},{"created_at":"2025-03-23T17:31:12-07:00","entry_id":345883,"field1":"4.3125","field2":"0.375"},{"created_at":"2025-03-23T17:40:49-07:00","entry_id":345884,"field1":"4.25","field2":"0.375"},{"created_at":"2025-03-23T17:50:26-07:00","entry_id":345885,"field1":"4.25","field2":"0.375"},{"created_at":"2025-03-23T18:00:03-07:00","entry_id":345886,"field1":"4.375","field2":"0.375"},{"created_at":"2025-03-23T18:09:40-07:00","entry_id":345887,"field1":"4.4375","field2":"0.3125"},{"created_at":"2025-03-23T18:19:17-07:00","entry_id":345888,"field1":"4.5625","field2":"0.375"},{"created_at":"2025-03-23T18:28:54-07:00","entry_id":345889,"field1":"4.5625","field2":"0.375"},{"created_at":"2025-03-23T18:38:31-07:00","entry_id":345890,"field1":"4.625","field2":"0.375"},{"created_at":"2025-03-23T18:48:08-07:00","entry_id":345891,"field1":"4.6875","field2":"0.375"},{"created_at":"2025-03-23T18:57:45-07:00","entry_id":345892,"field1":"4.6875","field2":"0.3125"},{"created_at":"2025-03-23T19:07:22-07:00","entry_id":345893,"field1":"4.75","field2":"0.3125"},{"created_at":"2025-03-23T19:17:00-07:00","entry_id":345894,"field1":"4.6875","field2":"0.25"},{"created_at":"2025-03-23T19:26:37-07:00","entry_id":345895,"field1":"4.5625","field2":"0.3125"},{"created_at":"2025-03-23T19:36:14-07:00","entry_id":345896,"field1":"4.4375","field2":"0.25"},{"created_at":"2025-03-23T19:45:51-07:00","entry_id":345897,"field1":"4.4375","field2":"0.25"},{"created_at":"2025-03-23T19:55:27-07:00","entry_id":345898,"field1":"4.375","field2":"0.3125"},{"created_at":"2025-03-23T20:05:04-07:00","entry_id":345899,"field1":"4.3125","field2":"0.3125"},{"created_at":"2025-03-23T20:14:41-07:00","entry_id":345900,"field1":"4.25","field2":"0.3125"},{"created_at":"2025-03-23T20:24:17-07:00","entry_id":345901,"field1":"4.25","field2":"0.3125"},{"created_at":"2025-03-23T20:33:55-07:00","entry_id":345902,"field1":"4.1875","field2":"0.3125"},{"created_at":"2025-03-23T20:43:31-07:00","entry_id":345903,"field1":"4.1875","field2":"0.3125"},{"created_at":"2025-03-23T20:53:09-07:00","entry_id":345904,"field1":"4.125","field2":"0.3125"},{"created_at":"2025-03-23T21:02:46-07:00","entry_id":345905,"field1":"4.25","field2":"0.375"},{"created_at":"2025-03-23T21:12:22-07:00","entry_id":345906,"field1":"4.3125","field2":"0.3125"},{"created_at":"2025-03-23T21:22:00-07:00","entry_id":345907,"field1":"4.4375","field2":"0.3125"},{"created_at":"2025-03-23T21:31:37-07:00","entry_id":345908,"field1":"4.4375","field2":"0.3125"},{"created_at":"2025-03-23T21:41:14-07:00","entry_id":345909,"field1":"4.5","field2":"0.375"},{"created_at":"2025-03-23T21:50:51-07:00","entry_id":345910,"field1":"4.5625","field2":"0.375"},{"created_at":"2025-03-23T22:00:28-07:00","entry_id":345911,"field1":"4.5625","field2":"0.375"},{"created_at":"2025-03-23T22:10:05-07:00","entry_id":345912,"field1":"4.625","field2":"0.375"},{"created_at":"2025-03-23T22:19:43-07:00","entry_id":345913,"field1":"4.625","field2":"0.375"},{"created_at":"2025-03-23T22:29:19-07:00","entry_id":345914,"field1":"4.6875","field2":"0.375"},{"created_at":"2025-03-23T22:38:56-07:00","entry_id":345915,"field1":"4.6875","field2":"0.375"},{"created_at":"2025-03-23T22:48:34-07:00","entry_id":345916,"field1":"4.6875","field2":"0.375"},{"created_at":"2025-03-23T22:58:10-07:00","entry_id":345917,"field1":"4.75","field2":"0.375"},{"created_at":"2025-03-23T23:07:47-07:00","entry_id":345918,"field1":"4.75","field2":"0.375"},{"created_at":"2025-03-23T23:17:25-07:00","entry_id":345919,"field1":"4.75","field2":"0.4375"},{"created_at":"2025-03-23T23:27:02-07:00","entry_id":345920,"field1":"4.8125","field2":"0.4375"},{"created_at":"2025-03-23T23:36:39-07:00","entry_id":345921,"field1":"4.8125","field2":"0.375"},{"created_at":"2025-03-23T23:46:16-07:00","entry_id":345922,"field1":"4.875","field2":"0.4375"},{"created_at":"2025-03-23T23:55:53-07:00","entry_id":345923,"field1":"4.875","field2":"0.4375"}]}