{"channel":{"id":581842,"name":"Upstairs Small Window Indoor / Outdoor Sensor","latitude":"0.0","longitude":"0.0","field1":"Indoor Temperature","field2":"Outdoor Temperature","created_at":"2018-09-23T15:37:52-07:00","updated_at":"2020-07-27T05:59:41-07:00","last_entry_id":150129},"feeds":[{"created_at":"2020-01-07T00:09:13-08:00","entry_id":67312,"field1":"0.625","field2":"-0.875"},{"created_at":"2020-01-07T00:18:50-08:00","entry_id":67313,"field1":"0.625","field2":"-0.875"},{"created_at":"2020-01-07T00:28:27-08:00","entry_id":67314,"field1":"0.625","field2":"-0.875"},{"created_at":"2020-01-07T00:38:05-08:00","entry_id":67315,"field1":"0.625","field2":"-0.9375"},{"created_at":"2020-01-07T00:47:42-08:00","entry_id":67316,"field1":"0.625","field2":"-0.875"},{"created_at":"2020-01-07T00:57:18-08:00","entry_id":67317,"field1":"0.625","field2":"-0.875"},{"created_at":"2020-01-07T01:06:55-08:00","entry_id":67318,"field1":"0.625","field2":"-0.8125"},{"created_at":"2020-01-07T01:16:32-08:00","entry_id":67319,"field1":"0.625","field2":"-0.8125"},{"created_at":"2020-01-07T01:26:08-08:00","entry_id":67320,"field1":"0.625","field2":"-0.875"},{"created_at":"2020-01-07T01:35:45-08:00","entry_id":67321,"field1":"0.625","field2":"-0.875"},{"created_at":"2020-01-07T01:45:22-08:00","entry_id":67322,"field1":"0.625","field2":"-0.9375"},{"created_at":"2020-01-07T01:54:59-08:00","entry_id":67323,"field1":"0.625","field2":"-0.9375"},{"created_at":"2020-01-07T02:24:30-08:00","entry_id":67324,"field1":"0.5625","field2":"-0.8125"},{"created_at":"2020-01-07T02:34:07-08:00","entry_id":67325,"field1":"0.5625","field2":"-0.8125"},{"created_at":"2020-01-07T02:43:45-08:00","entry_id":67326,"field1":"0.5625","field2":"-1"},{"created_at":"2020-01-07T02:53:21-08:00","entry_id":67327,"field1":"0.5625","field2":"-0.875"},{"created_at":"2020-01-07T03:02:58-08:00","entry_id":67328,"field1":"0.5625","field2":"-0.8125"},{"created_at":"2020-01-07T03:12:34-08:00","entry_id":67329,"field1":"0.5625","field2":"-0.875"},{"created_at":"2020-01-07T03:22:11-08:00","entry_id":67330,"field1":"0.5625","field2":"-0.875"},{"created_at":"2020-01-07T03:31:48-08:00","entry_id":67331,"field1":"0.5625","field2":"-0.875"},{"created_at":"2020-01-07T03:41:24-08:00","entry_id":67332,"field1":"0.5625","field2":"-0.8125"},{"created_at":"2020-01-07T03:51:01-08:00","entry_id":67333,"field1":"0.5625","field2":"-0.8125"},{"created_at":"2020-01-07T04:00:38-08:00","entry_id":67334,"field1":"0.5625","field2":"-0.875"},{"created_at":"2020-01-07T04:10:15-08:00","entry_id":67335,"field1":"0.5625","field2":"-0.875"},{"created_at":"2020-01-07T04:19:51-08:00","entry_id":67336,"field1":"0.5625","field2":"-0.8125"},{"created_at":"2020-01-07T04:29:28-08:00","entry_id":67337,"field1":"0.5625","field2":"-0.8125"},{"created_at":"2020-01-07T04:39:06-08:00","entry_id":67338,"field1":"0.5","field2":"-0.8125"},{"created_at":"2020-01-07T04:48:42-08:00","entry_id":67339,"field1":"0.5","field2":"-0.8125"},{"created_at":"2020-01-07T04:58:20-08:00","entry_id":67340,"field1":"0.5625","field2":"-0.8125"},{"created_at":"2020-01-07T05:07:56-08:00","entry_id":67341,"field1":"0.5","field2":"-0.8125"},{"created_at":"2020-01-07T05:17:35-08:00","entry_id":67342,"field1":"0.5625","field2":"-0.8125"},{"created_at":"2020-01-07T05:27:11-08:00","entry_id":67343,"field1":"0.5","field2":"-0.75"},{"created_at":"2020-01-07T05:36:48-08:00","entry_id":67344,"field1":"0.5","field2":"-0.75"},{"created_at":"2020-01-07T05:46:26-08:00","entry_id":67345,"field1":"0.5","field2":"-0.6875"},{"created_at":"2020-01-07T05:56:03-08:00","entry_id":67346,"field1":"0.5","field2":"-0.75"},{"created_at":"2020-01-07T06:05:40-08:00","entry_id":67347,"field1":"0.5625","field2":"-0.75"},{"created_at":"2020-01-07T06:15:16-08:00","entry_id":67348,"field1":"0.5","field2":"-0.8125"},{"created_at":"2020-01-07T06:24:53-08:00","entry_id":67349,"field1":"0.5","field2":"-0.75"},{"created_at":"2020-01-07T06:34:30-08:00","entry_id":67350,"field1":"0.5","field2":"-0.8125"},{"created_at":"2020-01-07T06:44:07-08:00","entry_id":67351,"field1":"0.5","field2":"-0.8125"},{"created_at":"2020-01-07T06:53:43-08:00","entry_id":67352,"field1":"0.5","field2":"-0.8125"},{"created_at":"2020-01-07T07:03:20-08:00","entry_id":67353,"field1":"0.5","field2":"-0.8125"},{"created_at":"2020-01-07T07:12:57-08:00","entry_id":67354,"field1":"0.5","field2":"-0.8125"},{"created_at":"2020-01-07T07:22:33-08:00","entry_id":67355,"field1":"0.5","field2":"-0.75"},{"created_at":"2020-01-07T07:32:10-08:00","entry_id":67356,"field1":"0.5","field2":"-0.75"},{"created_at":"2020-01-07T07:41:48-08:00","entry_id":67357,"field1":"0.5","field2":"-0.75"},{"created_at":"2020-01-07T07:51:24-08:00","entry_id":67358,"field1":"0.5","field2":"-0.8125"},{"created_at":"2020-01-07T08:01:05-08:00","entry_id":67359,"field1":"0.5","field2":"-0.75"},{"created_at":"2020-01-07T08:10:40-08:00","entry_id":67360,"field1":"0.4375","field2":"-0.75"},{"created_at":"2020-01-07T08:20:18-08:00","entry_id":67361,"field1":"0.4375","field2":"-0.75"},{"created_at":"2020-01-07T08:29:55-08:00","entry_id":67362,"field1":"0.4375","field2":"-0.75"},{"created_at":"2020-01-07T08:39:32-08:00","entry_id":67363,"field1":"0.4375","field2":"-0.6875"},{"created_at":"2020-01-07T08:49:09-08:00","entry_id":67364,"field1":"0.5","field2":"-0.6875"},{"created_at":"2020-01-07T08:58:50-08:00","entry_id":67365,"field1":"0.5","field2":"-0.6875"},{"created_at":"2020-01-07T09:08:25-08:00","entry_id":67366,"field1":"0.5","field2":"-0.625"},{"created_at":"2020-01-07T09:18:01-08:00","entry_id":67367,"field1":"0.5","field2":"-0.625"},{"created_at":"2020-01-07T09:27:38-08:00","entry_id":67368,"field1":"0.5","field2":"-0.625"},{"created_at":"2020-01-07T09:37:16-08:00","entry_id":67369,"field1":"0.5","field2":"-0.625"},{"created_at":"2020-01-07T09:46:52-08:00","entry_id":67370,"field1":"0.4375","field2":"-0.5"},{"created_at":"2020-01-07T09:56:28-08:00","entry_id":67371,"field1":"0.4375","field2":"-0.5"},{"created_at":"2020-01-07T10:06:05-08:00","entry_id":67372,"field1":"0.4375","field2":"-0.4375"},{"created_at":"2020-01-07T10:15:42-08:00","entry_id":67373,"field1":"0.4375","field2":"-0.5625"},{"created_at":"2020-01-07T10:25:18-08:00","entry_id":67374,"field1":"0.5","field2":"-0.5625"},{"created_at":"2020-01-07T10:34:55-08:00","entry_id":67375,"field1":"0.4375","field2":"-0.5"},{"created_at":"2020-01-07T10:44:32-08:00","entry_id":67376,"field1":"0.5","field2":"-0.4375"},{"created_at":"2020-01-07T10:54:09-08:00","entry_id":67377,"field1":"0.5","field2":"-0.5"},{"created_at":"2020-01-07T11:03:45-08:00","entry_id":67378,"field1":"0.5","field2":"-0.4375"},{"created_at":"2020-01-07T11:13:22-08:00","entry_id":67379,"field1":"0.5","field2":"-0.4375"},{"created_at":"2020-01-07T11:22:58-08:00","entry_id":67380,"field1":"0.5","field2":"-0.3125"},{"created_at":"2020-01-07T11:32:35-08:00","entry_id":67381,"field1":"0.5","field2":"-0.125"},{"created_at":"2020-01-07T11:42:13-08:00","entry_id":67382,"field1":"0.5","field2":"-0.1875"},{"created_at":"2020-01-07T11:51:49-08:00","entry_id":67383,"field1":"0.5","field2":"0"},{"created_at":"2020-01-07T12:01:26-08:00","entry_id":67384,"field1":"0.5","field2":"0"},{"created_at":"2020-01-07T12:11:03-08:00","entry_id":67385,"field1":"0.5","field2":"0"},{"created_at":"2020-01-07T12:20:40-08:00","entry_id":67386,"field1":"0.5","field2":"0"},{"created_at":"2020-01-07T12:30:17-08:00","entry_id":67387,"field1":"0.5625","field2":"0"},{"created_at":"2020-01-07T12:39:55-08:00","entry_id":67388,"field1":"0.5625","field2":"0.0625"},{"created_at":"2020-01-07T12:49:31-08:00","entry_id":67389,"field1":"0.5625","field2":"0.125"},{"created_at":"2020-01-07T12:59:08-08:00","entry_id":67390,"field1":"0.5625","field2":"0.1875"},{"created_at":"2020-01-07T13:08:45-08:00","entry_id":67391,"field1":"0.5625","field2":"0.375"},{"created_at":"2020-01-07T13:18:22-08:00","entry_id":67392,"field1":"0.5625","field2":"0.25"},{"created_at":"2020-01-07T13:27:59-08:00","entry_id":67393,"field1":"0.625","field2":"0.375"},{"created_at":"2020-01-07T13:37:35-08:00","entry_id":67394,"field1":"0.625","field2":"0.3125"},{"created_at":"2020-01-07T13:47:13-08:00","entry_id":67395,"field1":"0.625","field2":"0.3125"},{"created_at":"2020-01-07T13:56:49-08:00","entry_id":67396,"field1":"0.625","field2":"0.3125"},{"created_at":"2020-01-07T14:06:26-08:00","entry_id":67397,"field1":"0.625","field2":"0.375"},{"created_at":"2020-01-07T14:16:03-08:00","entry_id":67398,"field1":"0.625","field2":"0.375"},{"created_at":"2020-01-07T14:25:39-08:00","entry_id":67399,"field1":"0.625","field2":"0.375"},{"created_at":"2020-01-07T14:35:16-08:00","entry_id":67400,"field1":"0.6875","field2":"0.375"},{"created_at":"2020-01-07T14:44:54-08:00","entry_id":67401,"field1":"0.625","field2":"0.375"},{"created_at":"2020-01-07T14:54:30-08:00","entry_id":67402,"field1":"0.6875","field2":"0.3125"},{"created_at":"2020-01-07T15:04:07-08:00","entry_id":67403,"field1":"0.6875","field2":"0.25"},{"created_at":"2020-01-07T15:13:45-08:00","entry_id":67404,"field1":"0.6875","field2":"0.1875"},{"created_at":"2020-01-07T15:23:21-08:00","entry_id":67405,"field1":"0.6875","field2":"0.125"},{"created_at":"2020-01-07T15:32:58-08:00","entry_id":67406,"field1":"0.6875","field2":"0"},{"created_at":"2020-01-07T15:42:37-08:00","entry_id":67407,"field1":"0.6875","field2":"0"},{"created_at":"2020-01-07T15:52:13-08:00","entry_id":67408,"field1":"0.6875","field2":"-0.0625"},{"created_at":"2020-01-07T16:01:49-08:00","entry_id":67409,"field1":"0.625","field2":"-0.0625"},{"created_at":"2020-01-07T16:11:26-08:00","entry_id":67410,"field1":"0.625","field2":"-0.125"},{"created_at":"2020-01-07T16:21:03-08:00","entry_id":67411,"field1":"0.625","field2":"-0.125"},{"created_at":"2020-01-07T16:30:40-08:00","entry_id":67412,"field1":"0.625","field2":"-0.125"},{"created_at":"2020-01-07T16:40:18-08:00","entry_id":67413,"field1":"0.625","field2":"-0.1875"},{"created_at":"2020-01-07T16:49:54-08:00","entry_id":67414,"field1":"0.625","field2":"-0.1875"},{"created_at":"2020-01-07T16:59:30-08:00","entry_id":67415,"field1":"0.625","field2":"-0.1875"},{"created_at":"2020-01-07T17:09:07-08:00","entry_id":67416,"field1":"0.625","field2":"-0.1875"},{"created_at":"2020-01-07T17:18:44-08:00","entry_id":67417,"field1":"0.625","field2":"-0.25"},{"created_at":"2020-01-07T17:28:21-08:00","entry_id":67418,"field1":"0.625","field2":"-0.25"},{"created_at":"2020-01-07T17:37:58-08:00","entry_id":67419,"field1":"0.625","field2":"-0.25"},{"created_at":"2020-01-07T17:47:35-08:00","entry_id":67420,"field1":"0.625","field2":"-0.25"},{"created_at":"2020-01-07T17:57:12-08:00","entry_id":67421,"field1":"0.625","field2":"-0.25"},{"created_at":"2020-01-07T18:06:49-08:00","entry_id":67422,"field1":"0.625","field2":"-0.3125"},{"created_at":"2020-01-07T18:16:26-08:00","entry_id":67423,"field1":"0.625","field2":"-0.3125"},{"created_at":"2020-01-07T18:26:06-08:00","entry_id":67424,"field1":"0.625","field2":"-0.3125"},{"created_at":"2020-01-07T18:35:42-08:00","entry_id":67425,"field1":"0.625","field2":"-0.3125"},{"created_at":"2020-01-07T18:45:18-08:00","entry_id":67426,"field1":"0.5625","field2":"-0.3125"},{"created_at":"2020-01-07T18:54:55-08:00","entry_id":67427,"field1":"0.5625","field2":"-0.3125"},{"created_at":"2020-01-07T19:04:33-08:00","entry_id":67428,"field1":"0.625","field2":"-0.3125"},{"created_at":"2020-01-07T19:14:10-08:00","entry_id":67429,"field1":"0.625","field2":"-0.3125"},{"created_at":"2020-01-07T19:23:47-08:00","entry_id":67430,"field1":"0.625","field2":"-0.3125"},{"created_at":"2020-01-07T19:33:24-08:00","entry_id":67431,"field1":"0.5625","field2":"-0.3125"},{"created_at":"2020-01-07T19:43:00-08:00","entry_id":67432,"field1":"0.5625","field2":"-0.3125"},{"created_at":"2020-01-07T19:52:37-08:00","entry_id":67433,"field1":"0.625","field2":"-0.3125"},{"created_at":"2020-01-07T20:02:14-08:00","entry_id":67434,"field1":"0.5625","field2":"-0.3125"},{"created_at":"2020-01-07T20:11:51-08:00","entry_id":67435,"field1":"0.5625","field2":"-0.3125"},{"created_at":"2020-01-07T20:21:27-08:00","entry_id":67436,"field1":"0.5625","field2":"-0.3125"},{"created_at":"2020-01-07T20:31:05-08:00","entry_id":67437,"field1":"0.5625","field2":"-0.3125"},{"created_at":"2020-01-07T20:40:41-08:00","entry_id":67438,"field1":"0.625","field2":"-0.3125"},{"created_at":"2020-01-07T20:50:18-08:00","entry_id":67439,"field1":"0.5625","field2":"-0.3125"},{"created_at":"2020-01-07T20:59:54-08:00","entry_id":67440,"field1":"0.5625","field2":"-0.3125"},{"created_at":"2020-01-07T21:09:32-08:00","entry_id":67441,"field1":"0.5625","field2":"-0.25"},{"created_at":"2020-01-07T21:19:09-08:00","entry_id":67442,"field1":"0.5625","field2":"-0.25"},{"created_at":"2020-01-07T21:28:45-08:00","entry_id":67443,"field1":"0.5625","field2":"-0.25"},{"created_at":"2020-01-07T21:38:22-08:00","entry_id":67444,"field1":"0.5625","field2":"-0.25"},{"created_at":"2020-01-07T21:47:59-08:00","entry_id":67445,"field1":"0.5625","field2":"-0.25"},{"created_at":"2020-01-07T21:57:36-08:00","entry_id":67446,"field1":"0.5625","field2":"-0.25"},{"created_at":"2020-01-07T22:07:13-08:00","entry_id":67447,"field1":"0.5625","field2":"-0.25"},{"created_at":"2020-01-07T22:16:49-08:00","entry_id":67448,"field1":"0.5625","field2":"-0.25"},{"created_at":"2020-01-07T22:26:26-08:00","entry_id":67449,"field1":"0.5625","field2":"-0.25"},{"created_at":"2020-01-07T22:36:03-08:00","entry_id":67450,"field1":"0.5625","field2":"-0.25"},{"created_at":"2020-01-07T22:45:39-08:00","entry_id":67451,"field1":"0.5625","field2":"-0.25"},{"created_at":"2020-01-07T22:55:15-08:00","entry_id":67452,"field1":"0.5625","field2":"-0.25"},{"created_at":"2020-01-07T23:04:52-08:00","entry_id":67453,"field1":"0.5625","field2":"-0.25"},{"created_at":"2020-01-07T23:14:29-08:00","entry_id":67454,"field1":"0.5625","field2":"-0.25"},{"created_at":"2020-01-07T23:24:05-08:00","entry_id":67455,"field1":"0.5625","field2":"-0.25"},{"created_at":"2020-01-07T23:33:42-08:00","entry_id":67456,"field1":"0.5625","field2":"-0.25"},{"created_at":"2020-01-07T23:43:19-08:00","entry_id":67457,"field1":"0.5625","field2":"-0.25"},{"created_at":"2020-01-07T23:52:56-08:00","entry_id":67458,"field1":"0.5625","field2":"-0.1875"}]}