{"channel":{"id":581842,"name":"Upstairs Small Window Indoor / Outdoor Sensor","latitude":"0.0","longitude":"0.0","field1":"Indoor Temperature","field2":"Outdoor Temperature","created_at":"2018-09-23T15:37:52-07:00","updated_at":"2020-07-27T05:59:41-07:00","last_entry_id":150128},"feeds":[{"created_at":"2018-12-14T00:02:19-08:00","entry_id":10594,"field1":"1.3125","field2":"1.125"},{"created_at":"2018-12-14T00:11:56-08:00","entry_id":10595,"field1":"1.3125","field2":"1.125"},{"created_at":"2018-12-14T00:21:35-08:00","entry_id":10596,"field1":"1.3125","field2":"1.125"},{"created_at":"2018-12-14T00:31:12-08:00","entry_id":10597,"field1":"1.375","field2":"1.0625"},{"created_at":"2018-12-14T00:40:49-08:00","entry_id":10598,"field1":"1.3125","field2":"1.125"},{"created_at":"2018-12-14T00:50:25-08:00","entry_id":10599,"field1":"1.3125","field2":"1.125"},{"created_at":"2018-12-14T01:00:01-08:00","entry_id":10600,"field1":"1.3125","field2":"1.125"},{"created_at":"2018-12-14T01:09:38-08:00","entry_id":10601,"field1":"1.3125","field2":"1.125"},{"created_at":"2018-12-14T01:19:16-08:00","entry_id":10602,"field1":"1.3125","field2":"1.25"},{"created_at":"2018-12-14T01:28:52-08:00","entry_id":10603,"field1":"1.3125","field2":"1.125"},{"created_at":"2018-12-14T01:38:29-08:00","entry_id":10604,"field1":"1.3125","field2":"1.1875"},{"created_at":"2018-12-14T01:48:06-08:00","entry_id":10605,"field1":"1.3125","field2":"1.125"},{"created_at":"2018-12-14T01:57:43-08:00","entry_id":10606,"field1":"1.3125","field2":"1.0625"},{"created_at":"2018-12-14T02:07:23-08:00","entry_id":10607,"field1":"1.375","field2":"1.125"},{"created_at":"2018-12-14T02:17:06-08:00","entry_id":10608,"field1":"1.375","field2":"1"},{"created_at":"2018-12-14T02:26:42-08:00","entry_id":10609,"field1":"1.3125","field2":"0.9375"},{"created_at":"2018-12-14T02:36:19-08:00","entry_id":10610,"field1":"1.3125","field2":"1.0625"},{"created_at":"2018-12-14T02:45:56-08:00","entry_id":10611,"field1":"1.3125","field2":"1"},{"created_at":"2018-12-14T02:55:32-08:00","entry_id":10612,"field1":"1.375","field2":"1"},{"created_at":"2018-12-14T03:05:11-08:00","entry_id":10613,"field1":"1.375","field2":"1.0625"},{"created_at":"2018-12-14T03:14:48-08:00","entry_id":10614,"field1":"1.3125","field2":"1.125"},{"created_at":"2018-12-14T03:24:24-08:00","entry_id":10615,"field1":"1.375","field2":"1.125"},{"created_at":"2018-12-14T03:34:01-08:00","entry_id":10616,"field1":"1.375","field2":"1.125"},{"created_at":"2018-12-14T03:43:38-08:00","entry_id":10617,"field1":"1.375","field2":"1.1875"},{"created_at":"2018-12-14T03:53:16-08:00","entry_id":10618,"field1":"1.375","field2":"1.1875"},{"created_at":"2018-12-14T04:02:53-08:00","entry_id":10619,"field1":"1.3125","field2":"1.125"},{"created_at":"2018-12-14T04:12:30-08:00","entry_id":10620,"field1":"1.3125","field2":"1.125"},{"created_at":"2018-12-14T04:22:08-08:00","entry_id":10621,"field1":"1.375","field2":"1.125"},{"created_at":"2018-12-14T04:31:44-08:00","entry_id":10622,"field1":"1.375","field2":"1.125"},{"created_at":"2018-12-14T04:41:21-08:00","entry_id":10623,"field1":"1.375","field2":"1.25"},{"created_at":"2018-12-14T04:50:58-08:00","entry_id":10624,"field1":"1.375","field2":"1.3125"},{"created_at":"2018-12-14T05:00:35-08:00","entry_id":10625,"field1":"1.375","field2":"1.25"},{"created_at":"2018-12-14T05:10:13-08:00","entry_id":10626,"field1":"1.375","field2":"1.25"},{"created_at":"2018-12-14T05:19:49-08:00","entry_id":10627,"field1":"1.375","field2":"1.1875"},{"created_at":"2018-12-14T05:29:26-08:00","entry_id":10628,"field1":"1.375","field2":"1.1875"},{"created_at":"2018-12-14T05:39:03-08:00","entry_id":10629,"field1":"1.375","field2":"1.3125"},{"created_at":"2018-12-14T05:48:43-08:00","entry_id":10630,"field1":"1.375","field2":"1.25"},{"created_at":"2018-12-14T05:58:18-08:00","entry_id":10631,"field1":"1.4375","field2":"1.25"},{"created_at":"2018-12-14T06:07:55-08:00","entry_id":10632,"field1":"1.4375","field2":"1.25"},{"created_at":"2018-12-14T06:17:33-08:00","entry_id":10633,"field1":"1.375","field2":"1.25"},{"created_at":"2018-12-14T06:27:09-08:00","entry_id":10634,"field1":"1.375","field2":"1.25"},{"created_at":"2018-12-14T06:36:46-08:00","entry_id":10635,"field1":"1.4375","field2":"1.1875"},{"created_at":"2018-12-14T06:46:26-08:00","entry_id":10636,"field1":"1.375","field2":"1.1875"},{"created_at":"2018-12-14T06:56:02-08:00","entry_id":10637,"field1":"1.375","field2":"1.1875"},{"created_at":"2018-12-14T07:05:39-08:00","entry_id":10638,"field1":"1.4375","field2":"1.25"},{"created_at":"2018-12-14T07:15:17-08:00","entry_id":10639,"field1":"1.4375","field2":"1.1875"},{"created_at":"2018-12-14T07:24:53-08:00","entry_id":10640,"field1":"1.375","field2":"1.1875"},{"created_at":"2018-12-14T07:34:30-08:00","entry_id":10641,"field1":"1.4375","field2":"1.25"},{"created_at":"2018-12-14T07:44:07-08:00","entry_id":10642,"field1":"1.4375","field2":"1.1875"},{"created_at":"2018-12-14T07:53:45-08:00","entry_id":10643,"field1":"1.4375","field2":"1.0625"},{"created_at":"2018-12-14T08:03:22-08:00","entry_id":10644,"field1":"1.4375","field2":"1.0625"},{"created_at":"2018-12-14T08:13:00-08:00","entry_id":10645,"field1":"1.4375","field2":"1.0625"},{"created_at":"2018-12-14T08:22:37-08:00","entry_id":10646,"field1":"1.375","field2":"1.0625"},{"created_at":"2018-12-14T08:32:14-08:00","entry_id":10647,"field1":"1.375","field2":"1.125"},{"created_at":"2018-12-14T08:41:51-08:00","entry_id":10648,"field1":"1.4375","field2":"1.1875"},{"created_at":"2018-12-14T08:51:27-08:00","entry_id":10649,"field1":"1.4375","field2":"1.25"},{"created_at":"2018-12-14T09:01:05-08:00","entry_id":10650,"field1":"1.5","field2":"1.25"},{"created_at":"2018-12-14T09:10:43-08:00","entry_id":10651,"field1":"1.5","field2":"1.5"},{"created_at":"2018-12-14T09:20:19-08:00","entry_id":10652,"field1":"1.5","field2":"1.625"},{"created_at":"2018-12-14T09:29:56-08:00","entry_id":10653,"field1":"1.5625","field2":"1.6875"},{"created_at":"2018-12-14T09:39:33-08:00","entry_id":10654,"field1":"1.5625","field2":"1.6875"},{"created_at":"2018-12-14T09:49:10-08:00","entry_id":10655,"field1":"1.5625","field2":"1.625"},{"created_at":"2018-12-14T09:58:47-08:00","entry_id":10656,"field1":"1.5625","field2":"1.625"},{"created_at":"2018-12-14T10:18:27-08:00","entry_id":10657,"field1":"1.5625","field2":"1.625"},{"created_at":"2018-12-14T10:28:05-08:00","entry_id":10658,"field1":"1.5625","field2":"1.625"},{"created_at":"2018-12-14T10:37:42-08:00","entry_id":10659,"field1":"1.5625","field2":"1.6875"},{"created_at":"2018-12-14T10:47:19-08:00","entry_id":10660,"field1":"1.5625","field2":"1.8125"},{"created_at":"2018-12-14T10:56:56-08:00","entry_id":10661,"field1":"1.625","field2":"1.875"},{"created_at":"2018-12-14T11:06:33-08:00","entry_id":10662,"field1":"1.625","field2":"2"},{"created_at":"2018-12-14T11:16:09-08:00","entry_id":10663,"field1":"1.625","field2":"2"},{"created_at":"2018-12-14T11:25:46-08:00","entry_id":10664,"field1":"1.625","field2":"2.0625"},{"created_at":"2018-12-14T11:35:23-08:00","entry_id":10665,"field1":"1.625","field2":"2.125"},{"created_at":"2018-12-14T11:45:01-08:00","entry_id":10666,"field1":"1.625","field2":"2.1875"},{"created_at":"2018-12-14T11:54:37-08:00","entry_id":10667,"field1":"1.6875","field2":"2.1875"},{"created_at":"2018-12-14T12:04:15-08:00","entry_id":10668,"field1":"1.6875","field2":"2.125"},{"created_at":"2018-12-14T12:13:52-08:00","entry_id":10669,"field1":"1.6875","field2":"2.0625"},{"created_at":"2018-12-14T12:23:28-08:00","entry_id":10670,"field1":"1.6875","field2":"2.0625"},{"created_at":"2018-12-14T12:33:05-08:00","entry_id":10671,"field1":"1.6875","field2":"2"},{"created_at":"2018-12-14T12:42:42-08:00","entry_id":10672,"field1":"1.6875","field2":"2"},{"created_at":"2018-12-14T12:52:19-08:00","entry_id":10673,"field1":"1.6875","field2":"1.9375"},{"created_at":"2018-12-14T13:01:57-08:00","entry_id":10674,"field1":"1.75","field2":"1.875"},{"created_at":"2018-12-14T13:11:34-08:00","entry_id":10675,"field1":"1.6875","field2":"1.875"},{"created_at":"2018-12-14T13:21:11-08:00","entry_id":10676,"field1":"1.6875","field2":"1.8125"},{"created_at":"2018-12-14T13:30:47-08:00","entry_id":10677,"field1":"1.75","field2":"1.8125"},{"created_at":"2018-12-14T13:40:25-08:00","entry_id":10678,"field1":"1.6875","field2":"1.8125"},{"created_at":"2018-12-14T13:50:01-08:00","entry_id":10679,"field1":"1.75","field2":"1.8125"},{"created_at":"2018-12-14T13:59:39-08:00","entry_id":10680,"field1":"1.75","field2":"1.8125"},{"created_at":"2018-12-14T14:09:15-08:00","entry_id":10681,"field1":"1.75","field2":"1.8125"},{"created_at":"2018-12-14T14:18:52-08:00","entry_id":10682,"field1":"1.75","field2":"1.75"},{"created_at":"2018-12-14T14:28:30-08:00","entry_id":10683,"field1":"1.75","field2":"1.6875"},{"created_at":"2018-12-14T14:38:06-08:00","entry_id":10684,"field1":"1.75","field2":"1.6875"},{"created_at":"2018-12-14T14:47:43-08:00","entry_id":10685,"field1":"1.8125","field2":"1.625"},{"created_at":"2018-12-14T14:57:20-08:00","entry_id":10686,"field1":"1.8125","field2":"1.5"},{"created_at":"2018-12-14T15:06:58-08:00","entry_id":10687,"field1":"1.8125","field2":"1.5"},{"created_at":"2018-12-14T15:16:35-08:00","entry_id":10688,"field1":"1.75","field2":"1.4375"},{"created_at":"2018-12-14T15:26:12-08:00","entry_id":10689,"field1":"1.75","field2":"1.375"},{"created_at":"2018-12-14T15:35:49-08:00","entry_id":10690,"field1":"1.75","field2":"1.3125"},{"created_at":"2018-12-14T15:45:25-08:00","entry_id":10691,"field1":"1.75","field2":"1.3125"},{"created_at":"2018-12-14T15:55:03-08:00","entry_id":10692,"field1":"1.8125","field2":"1.3125"},{"created_at":"2018-12-14T16:04:41-08:00","entry_id":10693,"field1":"1.75","field2":"1.3125"},{"created_at":"2018-12-14T16:14:18-08:00","entry_id":10694,"field1":"1.75","field2":"1.3125"},{"created_at":"2018-12-14T16:23:58-08:00","entry_id":10695,"field1":"1.75","field2":"1.1875"},{"created_at":"2018-12-14T16:33:33-08:00","entry_id":10696,"field1":"1.6875","field2":"1.125"},{"created_at":"2018-12-14T16:43:10-08:00","entry_id":10697,"field1":"1.6875","field2":"1.1875"},{"created_at":"2018-12-14T16:52:48-08:00","entry_id":10698,"field1":"1.75","field2":"1.125"},{"created_at":"2018-12-14T17:02:26-08:00","entry_id":10699,"field1":"1.75","field2":"1.125"},{"created_at":"2018-12-14T17:12:03-08:00","entry_id":10700,"field1":"1.6875","field2":"1.125"},{"created_at":"2018-12-14T17:21:40-08:00","entry_id":10701,"field1":"1.6875","field2":"1.1875"},{"created_at":"2018-12-14T17:31:16-08:00","entry_id":10702,"field1":"1.6875","field2":"1.1875"},{"created_at":"2018-12-14T17:40:53-08:00","entry_id":10703,"field1":"1.6875","field2":"1.125"},{"created_at":"2018-12-14T17:50:30-08:00","entry_id":10704,"field1":"1.6875","field2":"1.125"},{"created_at":"2018-12-14T18:00:08-08:00","entry_id":10705,"field1":"1.6875","field2":"1.125"},{"created_at":"2018-12-14T18:09:44-08:00","entry_id":10706,"field1":"1.6875","field2":"1.125"},{"created_at":"2018-12-14T18:19:21-08:00","entry_id":10707,"field1":"1.6875","field2":"1.0625"},{"created_at":"2018-12-14T18:28:58-08:00","entry_id":10708,"field1":"1.6875","field2":"1.125"},{"created_at":"2018-12-14T18:38:36-08:00","entry_id":10709,"field1":"1.6875","field2":"1.1875"},{"created_at":"2018-12-14T18:48:12-08:00","entry_id":10710,"field1":"1.6875","field2":"1.125"},{"created_at":"2018-12-14T18:57:50-08:00","entry_id":10711,"field1":"1.625","field2":"1.0625"},{"created_at":"2018-12-14T19:07:26-08:00","entry_id":10712,"field1":"1.6875","field2":"1.125"},{"created_at":"2018-12-14T19:17:02-08:00","entry_id":10713,"field1":"1.6875","field2":"1.0625"},{"created_at":"2018-12-14T19:26:39-08:00","entry_id":10714,"field1":"1.6875","field2":"1.0625"},{"created_at":"2018-12-14T19:36:16-08:00","entry_id":10715,"field1":"1.625","field2":"1.125"},{"created_at":"2018-12-14T19:45:53-08:00","entry_id":10716,"field1":"1.6875","field2":"1.1875"},{"created_at":"2018-12-14T19:55:32-08:00","entry_id":10717,"field1":"1.6875","field2":"1.125"},{"created_at":"2018-12-14T20:05:08-08:00","entry_id":10718,"field1":"1.625","field2":"1.125"},{"created_at":"2018-12-14T20:14:45-08:00","entry_id":10719,"field1":"1.6875","field2":"1.1875"},{"created_at":"2018-12-14T20:24:22-08:00","entry_id":10720,"field1":"1.6875","field2":"1.1875"},{"created_at":"2018-12-14T20:33:58-08:00","entry_id":10721,"field1":"1.6875","field2":"1.1875"},{"created_at":"2018-12-14T20:43:36-08:00","entry_id":10722,"field1":"1.6875","field2":"1.3125"},{"created_at":"2018-12-14T20:53:13-08:00","entry_id":10723,"field1":"1.625","field2":"1.3125"},{"created_at":"2018-12-14T21:02:49-08:00","entry_id":10724,"field1":"1.6875","field2":"1.25"},{"created_at":"2018-12-14T21:12:26-08:00","entry_id":10725,"field1":"1.6875","field2":"1.25"},{"created_at":"2018-12-14T21:22:02-08:00","entry_id":10726,"field1":"1.625","field2":"1.3125"},{"created_at":"2018-12-14T21:31:40-08:00","entry_id":10727,"field1":"1.6875","field2":"1.375"},{"created_at":"2018-12-14T21:41:16-08:00","entry_id":10728,"field1":"1.6875","field2":"1.3125"},{"created_at":"2018-12-14T21:50:54-08:00","entry_id":10729,"field1":"1.75","field2":"1.3125"},{"created_at":"2018-12-14T22:00:31-08:00","entry_id":10730,"field1":"1.6875","field2":"1.375"},{"created_at":"2018-12-14T22:10:08-08:00","entry_id":10731,"field1":"1.6875","field2":"1.3125"},{"created_at":"2018-12-14T22:19:45-08:00","entry_id":10732,"field1":"1.6875","field2":"1.3125"},{"created_at":"2018-12-14T22:29:22-08:00","entry_id":10733,"field1":"1.6875","field2":"1.25"},{"created_at":"2018-12-14T22:38:59-08:00","entry_id":10734,"field1":"1.6875","field2":"1.125"},{"created_at":"2018-12-14T22:48:36-08:00","entry_id":10735,"field1":"1.6875","field2":"1.125"},{"created_at":"2018-12-14T22:58:13-08:00","entry_id":10736,"field1":"1.6875","field2":"1.125"},{"created_at":"2018-12-14T23:07:50-08:00","entry_id":10737,"field1":"1.6875","field2":"0.9375"},{"created_at":"2018-12-14T23:17:27-08:00","entry_id":10738,"field1":"1.6875","field2":"0.9375"},{"created_at":"2018-12-14T23:27:04-08:00","entry_id":10739,"field1":"1.6875","field2":"0.9375"},{"created_at":"2018-12-14T23:36:41-08:00","entry_id":10740,"field1":"1.625","field2":"0.9375"},{"created_at":"2018-12-14T23:46:17-08:00","entry_id":10741,"field1":"1.6875","field2":"1.0625"},{"created_at":"2018-12-14T23:55:54-08:00","entry_id":10742,"field1":"1.6875","field2":"1.0625"}]}