{"channel":{"id":581842,"name":"Upstairs Small Window Indoor / Outdoor Sensor","latitude":"0.0","longitude":"0.0","field1":"Indoor Temperature","field2":"Outdoor Temperature","created_at":"2018-09-23T15:37:52-07:00","updated_at":"2020-07-27T05:59:41-07:00","last_entry_id":335592},"feeds":[{"created_at":"2025-01-12T00:04:33-08:00","entry_id":335312,"field1":"5","field2":"1.1875"},{"created_at":"2025-01-12T00:14:10-08:00","entry_id":335313,"field1":"5","field2":"1.125"},{"created_at":"2025-01-12T00:23:48-08:00","entry_id":335314,"field1":"5","field2":"1.1875"},{"created_at":"2025-01-12T00:33:25-08:00","entry_id":335315,"field1":"5.0625","field2":"1.1875"},{"created_at":"2025-01-12T00:43:02-08:00","entry_id":335316,"field1":"5.0625","field2":"1.1875"},{"created_at":"2025-01-12T00:52:40-08:00","entry_id":335317,"field1":"5.0625","field2":"1.1875"},{"created_at":"2025-01-12T01:02:17-08:00","entry_id":335318,"field1":"5.0625","field2":"1.1875"},{"created_at":"2025-01-12T01:11:54-08:00","entry_id":335319,"field1":"5.0625","field2":"1.25"},{"created_at":"2025-01-12T01:21:31-08:00","entry_id":335320,"field1":"4.9375","field2":"1.25"},{"created_at":"2025-01-12T01:31:09-08:00","entry_id":335321,"field1":"4.875","field2":"1.25"},{"created_at":"2025-01-12T01:40:46-08:00","entry_id":335322,"field1":"4.75","field2":"1.25"},{"created_at":"2025-01-12T01:50:23-08:00","entry_id":335323,"field1":"4.6875","field2":"1.25"},{"created_at":"2025-01-12T02:00:00-08:00","entry_id":335324,"field1":"4.625","field2":"1.1875"},{"created_at":"2025-01-12T02:09:37-08:00","entry_id":335325,"field1":"4.5625","field2":"1.1875"},{"created_at":"2025-01-12T02:19:15-08:00","entry_id":335326,"field1":"4.5","field2":"1.1875"},{"created_at":"2025-01-12T02:28:52-08:00","entry_id":335327,"field1":"4.5","field2":"1.25"},{"created_at":"2025-01-12T02:38:29-08:00","entry_id":335328,"field1":"4.4375","field2":"1.25"},{"created_at":"2025-01-12T02:48:07-08:00","entry_id":335329,"field1":"4.4375","field2":"1.25"},{"created_at":"2025-01-12T02:57:44-08:00","entry_id":335330,"field1":"4.375","field2":"1.25"},{"created_at":"2025-01-12T03:07:21-08:00","entry_id":335331,"field1":"4.375","field2":"1.25"},{"created_at":"2025-01-12T03:16:59-08:00","entry_id":335332,"field1":"4.3125","field2":"1.25"},{"created_at":"2025-01-12T03:26:36-08:00","entry_id":335333,"field1":"4.3125","field2":"1.3125"},{"created_at":"2025-01-12T03:36:13-08:00","entry_id":335334,"field1":"4.3125","field2":"1.25"},{"created_at":"2025-01-12T03:45:50-08:00","entry_id":335335,"field1":"4.25","field2":"1.25"},{"created_at":"2025-01-12T03:55:28-08:00","entry_id":335336,"field1":"4.1875","field2":"1.25"},{"created_at":"2025-01-12T04:05:05-08:00","entry_id":335337,"field1":"4.1875","field2":"1.25"},{"created_at":"2025-01-12T04:14:42-08:00","entry_id":335338,"field1":"4.1875","field2":"1.25"},{"created_at":"2025-01-12T04:24:17-08:00","entry_id":335339,"field1":"4.125","field2":"1.25"},{"created_at":"2025-01-12T04:33:55-08:00","entry_id":335340,"field1":"4.125","field2":"1.25"},{"created_at":"2025-01-12T04:43:32-08:00","entry_id":335341,"field1":"4.125","field2":"1.25"},{"created_at":"2025-01-12T04:53:10-08:00","entry_id":335342,"field1":"4.0625","field2":"1.25"},{"created_at":"2025-01-12T05:02:48-08:00","entry_id":335343,"field1":"4.0625","field2":"1.1875"},{"created_at":"2025-01-12T05:12:25-08:00","entry_id":335344,"field1":"4.0625","field2":"1.1875"},{"created_at":"2025-01-12T05:22:02-08:00","entry_id":335345,"field1":"4","field2":"1.25"},{"created_at":"2025-01-12T05:31:39-08:00","entry_id":335346,"field1":"4","field2":"1.25"},{"created_at":"2025-01-12T05:41:16-08:00","entry_id":335347,"field1":"3.9375","field2":"1.25"},{"created_at":"2025-01-12T05:50:52-08:00","entry_id":335348,"field1":"3.9375","field2":"1.25"},{"created_at":"2025-01-12T06:00:30-08:00","entry_id":335349,"field1":"3.9375","field2":"1.25"},{"created_at":"2025-01-12T06:10:07-08:00","entry_id":335350,"field1":"3.9375","field2":"1.25"},{"created_at":"2025-01-12T06:19:45-08:00","entry_id":335351,"field1":"3.875","field2":"1.1875"},{"created_at":"2025-01-12T06:29:22-08:00","entry_id":335352,"field1":"3.875","field2":"1.1875"},{"created_at":"2025-01-12T06:38:59-08:00","entry_id":335353,"field1":"3.875","field2":"1.25"},{"created_at":"2025-01-12T06:48:36-08:00","entry_id":335354,"field1":"3.875","field2":"1.1875"},{"created_at":"2025-01-12T06:58:12-08:00","entry_id":335355,"field1":"3.8125","field2":"1.1875"},{"created_at":"2025-01-12T07:07:50-08:00","entry_id":335356,"field1":"3.8125","field2":"1.1875"},{"created_at":"2025-01-12T07:17:27-08:00","entry_id":335357,"field1":"3.8125","field2":"1.125"},{"created_at":"2025-01-12T07:27:05-08:00","entry_id":335358,"field1":"3.8125","field2":"1.1875"},{"created_at":"2025-01-12T07:36:41-08:00","entry_id":335359,"field1":"3.75","field2":"1.25"},{"created_at":"2025-01-12T07:46:19-08:00","entry_id":335360,"field1":"3.75","field2":"1.1875"},{"created_at":"2025-01-12T07:55:56-08:00","entry_id":335361,"field1":"3.75","field2":"1.25"},{"created_at":"2025-01-12T08:05:33-08:00","entry_id":335362,"field1":"3.75","field2":"1.25"},{"created_at":"2025-01-12T08:15:10-08:00","entry_id":335363,"field1":"3.75","field2":"1.25"},{"created_at":"2025-01-12T08:24:51-08:00","entry_id":335364,"field1":"3.6875","field2":"1.3125"},{"created_at":"2025-01-12T08:34:26-08:00","entry_id":335365,"field1":"3.6875","field2":"1.3125"},{"created_at":"2025-01-12T08:44:04-08:00","entry_id":335366,"field1":"3.6875","field2":"1.375"},{"created_at":"2025-01-12T08:53:41-08:00","entry_id":335367,"field1":"3.6875","field2":"1.3125"},{"created_at":"2025-01-12T09:03:18-08:00","entry_id":335368,"field1":"3.625","field2":"1.375"},{"created_at":"2025-01-12T09:12:55-08:00","entry_id":335369,"field1":"3.6875","field2":"1.4375"},{"created_at":"2025-01-12T09:22:33-08:00","entry_id":335370,"field1":"3.8125","field2":"1.375"},{"created_at":"2025-01-12T09:32:09-08:00","entry_id":335371,"field1":"3.9375","field2":"1.4375"},{"created_at":"2025-01-12T09:41:47-08:00","entry_id":335372,"field1":"4","field2":"1.5"},{"created_at":"2025-01-12T09:51:24-08:00","entry_id":335373,"field1":"4.0625","field2":"1.375"},{"created_at":"2025-01-12T10:01:01-08:00","entry_id":335374,"field1":"4.125","field2":"1.5"},{"created_at":"2025-01-12T10:10:39-08:00","entry_id":335375,"field1":"4.1875","field2":"1.5"},{"created_at":"2025-01-12T10:20:16-08:00","entry_id":335376,"field1":"4.25","field2":"1.625"},{"created_at":"2025-01-12T10:29:53-08:00","entry_id":335377,"field1":"4.3125","field2":"1.625"},{"created_at":"2025-01-12T10:39:30-08:00","entry_id":335378,"field1":"4.375","field2":"1.75"},{"created_at":"2025-01-12T10:49:08-08:00","entry_id":335379,"field1":"4.375","field2":"1.8125"},{"created_at":"2025-01-12T10:58:45-08:00","entry_id":335380,"field1":"4.4375","field2":"1.875"},{"created_at":"2025-01-12T11:08:23-08:00","entry_id":335381,"field1":"4.4375","field2":"2"},{"created_at":"2025-01-12T11:18:00-08:00","entry_id":335382,"field1":"4.5","field2":"2"},{"created_at":"2025-01-12T11:27:38-08:00","entry_id":335383,"field1":"4.5625","field2":"2.0625"},{"created_at":"2025-01-12T11:37:15-08:00","entry_id":335384,"field1":"4.5625","field2":"2.125"},{"created_at":"2025-01-12T11:46:52-08:00","entry_id":335385,"field1":"4.625","field2":"2.1875"},{"created_at":"2025-01-12T11:56:29-08:00","entry_id":335386,"field1":"4.625","field2":"2.25"},{"created_at":"2025-01-12T12:06:07-08:00","entry_id":335387,"field1":"4.6875","field2":"2.25"},{"created_at":"2025-01-12T12:15:45-08:00","entry_id":335388,"field1":"4.75","field2":"2.3125"},{"created_at":"2025-01-12T12:25:22-08:00","entry_id":335389,"field1":"4.75","field2":"2.375"},{"created_at":"2025-01-12T12:34:59-08:00","entry_id":335390,"field1":"4.8125","field2":"2.375"},{"created_at":"2025-01-12T12:44:36-08:00","entry_id":335391,"field1":"4.8125","field2":"2.4375"},{"created_at":"2025-01-12T12:54:14-08:00","entry_id":335392,"field1":"4.875","field2":"2.4375"},{"created_at":"2025-01-12T13:03:51-08:00","entry_id":335393,"field1":"4.875","field2":"2.4375"},{"created_at":"2025-01-12T13:13:28-08:00","entry_id":335394,"field1":"4.9375","field2":"2.5"},{"created_at":"2025-01-12T13:23:06-08:00","entry_id":335395,"field1":"4.9375","field2":"2.375"},{"created_at":"2025-01-12T13:32:43-08:00","entry_id":335396,"field1":"5","field2":"2.5"},{"created_at":"2025-01-12T13:42:20-08:00","entry_id":335397,"field1":"5","field2":"2.4375"},{"created_at":"2025-01-12T13:51:57-08:00","entry_id":335398,"field1":"5.0625","field2":"2.4375"},{"created_at":"2025-01-12T14:01:35-08:00","entry_id":335399,"field1":"4.9375","field2":"2.5"},{"created_at":"2025-01-12T14:11:12-08:00","entry_id":335400,"field1":"4.8125","field2":"2.5625"},{"created_at":"2025-01-12T14:20:49-08:00","entry_id":335401,"field1":"4.75","field2":"2.5"},{"created_at":"2025-01-12T14:30:26-08:00","entry_id":335402,"field1":"4.6875","field2":"2.4375"},{"created_at":"2025-01-12T14:40:04-08:00","entry_id":335403,"field1":"4.625","field2":"2.5625"},{"created_at":"2025-01-12T14:49:41-08:00","entry_id":335404,"field1":"4.625","field2":"2.5"},{"created_at":"2025-01-12T14:59:18-08:00","entry_id":335405,"field1":"4.5625","field2":"2.4375"},{"created_at":"2025-01-12T15:08:55-08:00","entry_id":335406,"field1":"4.5","field2":"2.375"},{"created_at":"2025-01-12T15:18:33-08:00","entry_id":335407,"field1":"4.5","field2":"2.3125"},{"created_at":"2025-01-12T15:28:11-08:00","entry_id":335408,"field1":"4.4375","field2":"2.3125"},{"created_at":"2025-01-12T15:37:48-08:00","entry_id":335409,"field1":"4.4375","field2":"2.1875"},{"created_at":"2025-01-12T15:47:25-08:00","entry_id":335410,"field1":"4.4375","field2":"2.0625"},{"created_at":"2025-01-12T15:57:02-08:00","entry_id":335411,"field1":"4.375","field2":"2"},{"created_at":"2025-01-12T16:06:40-08:00","entry_id":335412,"field1":"4.375","field2":"1.9375"},{"created_at":"2025-01-12T16:16:17-08:00","entry_id":335413,"field1":"4.3125","field2":"1.875"},{"created_at":"2025-01-12T16:25:54-08:00","entry_id":335414,"field1":"4.3125","field2":"1.75"},{"created_at":"2025-01-12T16:35:31-08:00","entry_id":335415,"field1":"4.3125","field2":"1.8125"},{"created_at":"2025-01-12T16:45:08-08:00","entry_id":335416,"field1":"4.25","field2":"1.6875"},{"created_at":"2025-01-12T16:54:45-08:00","entry_id":335417,"field1":"4.25","field2":"1.625"},{"created_at":"2025-01-12T17:04:23-08:00","entry_id":335418,"field1":"4.25","field2":"1.625"},{"created_at":"2025-01-12T17:13:58-08:00","entry_id":335419,"field1":"4.1875","field2":"1.625"},{"created_at":"2025-01-12T17:23:36-08:00","entry_id":335420,"field1":"4.1875","field2":"1.5625"},{"created_at":"2025-01-12T17:33:14-08:00","entry_id":335421,"field1":"4.1875","field2":"1.5"},{"created_at":"2025-01-12T17:42:51-08:00","entry_id":335422,"field1":"4.1875","field2":"1.5"},{"created_at":"2025-01-12T17:52:28-08:00","entry_id":335423,"field1":"4.125","field2":"1.5"},{"created_at":"2025-01-12T18:02:05-08:00","entry_id":335424,"field1":"4.125","field2":"1.4375"},{"created_at":"2025-01-12T18:11:43-08:00","entry_id":335425,"field1":"4.125","field2":"1.375"},{"created_at":"2025-01-12T18:21:20-08:00","entry_id":335426,"field1":"4.0625","field2":"1.4375"},{"created_at":"2025-01-12T18:30:57-08:00","entry_id":335427,"field1":"4.0625","field2":"1.375"},{"created_at":"2025-01-12T18:40:35-08:00","entry_id":335428,"field1":"4.0625","field2":"1.375"},{"created_at":"2025-01-12T18:50:10-08:00","entry_id":335429,"field1":"4","field2":"1.4375"},{"created_at":"2025-01-12T18:59:48-08:00","entry_id":335430,"field1":"4","field2":"1.3125"},{"created_at":"2025-01-12T19:09:25-08:00","entry_id":335431,"field1":"4","field2":"1.3125"},{"created_at":"2025-01-12T19:19:02-08:00","entry_id":335432,"field1":"4","field2":"1.3125"},{"created_at":"2025-01-12T19:28:39-08:00","entry_id":335433,"field1":"3.9375","field2":"1.3125"},{"created_at":"2025-01-12T19:38:16-08:00","entry_id":335434,"field1":"3.9375","field2":"1.3125"},{"created_at":"2025-01-12T19:47:53-08:00","entry_id":335435,"field1":"3.9375","field2":"1.3125"},{"created_at":"2025-01-12T19:57:30-08:00","entry_id":335436,"field1":"3.9375","field2":"1.3125"},{"created_at":"2025-01-12T20:07:07-08:00","entry_id":335437,"field1":"3.875","field2":"1.3125"},{"created_at":"2025-01-12T20:16:44-08:00","entry_id":335438,"field1":"3.875","field2":"1.3125"},{"created_at":"2025-01-12T20:26:22-08:00","entry_id":335439,"field1":"3.875","field2":"1.3125"},{"created_at":"2025-01-12T20:35:59-08:00","entry_id":335440,"field1":"3.875","field2":"1.375"},{"created_at":"2025-01-12T20:45:36-08:00","entry_id":335441,"field1":"3.8125","field2":"1.375"},{"created_at":"2025-01-12T20:55:13-08:00","entry_id":335442,"field1":"3.8125","field2":"1.375"},{"created_at":"2025-01-12T21:04:50-08:00","entry_id":335443,"field1":"3.8125","field2":"1.375"},{"created_at":"2025-01-12T21:14:27-08:00","entry_id":335444,"field1":"3.8125","field2":"1.3125"},{"created_at":"2025-01-12T21:24:03-08:00","entry_id":335445,"field1":"3.75","field2":"1.25"},{"created_at":"2025-01-12T21:33:41-08:00","entry_id":335446,"field1":"3.75","field2":"1.25"},{"created_at":"2025-01-12T21:43:16-08:00","entry_id":335447,"field1":"3.75","field2":"1.25"},{"created_at":"2025-01-12T21:52:54-08:00","entry_id":335448,"field1":"3.75","field2":"1.25"},{"created_at":"2025-01-12T22:02:31-08:00","entry_id":335449,"field1":"3.75","field2":"1.25"},{"created_at":"2025-01-12T22:12:08-08:00","entry_id":335450,"field1":"3.6875","field2":"1.1875"},{"created_at":"2025-01-12T22:21:46-08:00","entry_id":335451,"field1":"3.8125","field2":"1.1875"},{"created_at":"2025-01-12T22:31:22-08:00","entry_id":335452,"field1":"3.9375","field2":"1.125"},{"created_at":"2025-01-12T22:41:00-08:00","entry_id":335453,"field1":"4","field2":"1"},{"created_at":"2025-01-12T22:50:37-08:00","entry_id":335454,"field1":"4.0625","field2":"1.0625"},{"created_at":"2025-01-12T23:00:15-08:00","entry_id":335455,"field1":"4.125","field2":"1.0625"},{"created_at":"2025-01-12T23:09:52-08:00","entry_id":335456,"field1":"4.1875","field2":"1"},{"created_at":"2025-01-12T23:19:29-08:00","entry_id":335457,"field1":"4.3125","field2":"1"},{"created_at":"2025-01-12T23:29:06-08:00","entry_id":335458,"field1":"4.3125","field2":"1.0625"},{"created_at":"2025-01-12T23:38:43-08:00","entry_id":335459,"field1":"4.375","field2":"1.0625"},{"created_at":"2025-01-12T23:48:20-08:00","entry_id":335460,"field1":"4.375","field2":"1"},{"created_at":"2025-01-12T23:57:57-08:00","entry_id":335461,"field1":"4.4375","field2":"1"}]}