{"channel":{"id":581842,"name":"Upstairs Small Window Indoor / Outdoor Sensor","latitude":"0.0","longitude":"0.0","field1":"Indoor Temperature","field2":"Outdoor Temperature","created_at":"2018-09-23T15:37:52-07:00","updated_at":"2020-07-27T05:59:41-07:00","last_entry_id":280999},"feeds":[{"created_at":"2024-01-11T00:03:38-08:00","entry_id":280719,"field1":"-2","field2":"-7.5625"},{"created_at":"2024-01-11T00:13:13-08:00","entry_id":280720,"field1":"-2","field2":"-7.8125"},{"created_at":"2024-01-11T00:22:49-08:00","entry_id":280721,"field1":"-2","field2":"-7.875"},{"created_at":"2024-01-11T00:32:27-08:00","entry_id":280722,"field1":"-2.0625","field2":"-7.5625"},{"created_at":"2024-01-11T00:42:02-08:00","entry_id":280723,"field1":"-2.0625","field2":"-7.375"},{"created_at":"2024-01-11T00:51:39-08:00","entry_id":280724,"field1":"-2.125","field2":"-7.25"},{"created_at":"2024-01-11T01:01:16-08:00","entry_id":280725,"field1":"-2.125","field2":"-7.125"},{"created_at":"2024-01-11T01:10:52-08:00","entry_id":280726,"field1":"-2.125","field2":"-7.1875"},{"created_at":"2024-01-11T01:20:29-08:00","entry_id":280727,"field1":"-2.1875","field2":"-7.125"},{"created_at":"2024-01-11T01:30:05-08:00","entry_id":280728,"field1":"-2.1875","field2":"-7.4375"},{"created_at":"2024-01-11T01:39:40-08:00","entry_id":280729,"field1":"-2.25","field2":"-7.5625"},{"created_at":"2024-01-11T01:49:16-08:00","entry_id":280730,"field1":"-2.25","field2":"-7.5"},{"created_at":"2024-01-11T01:58:54-08:00","entry_id":280731,"field1":"-2.25","field2":"-7.8125"},{"created_at":"2024-01-11T02:08:30-08:00","entry_id":280732,"field1":"-2.3125","field2":"-7.625"},{"created_at":"2024-01-11T02:18:06-08:00","entry_id":280733,"field1":"-2.3125","field2":"-7.5625"},{"created_at":"2024-01-11T02:27:44-08:00","entry_id":280734,"field1":"-2.3125","field2":"-7.5625"},{"created_at":"2024-01-11T02:37:20-08:00","entry_id":280735,"field1":"-2.375","field2":"-7.5"},{"created_at":"2024-01-11T02:46:55-08:00","entry_id":280736,"field1":"-2.375","field2":"-7.375"},{"created_at":"2024-01-11T02:56:32-08:00","entry_id":280737,"field1":"-2.4375","field2":"-7.1875"},{"created_at":"2024-01-11T03:06:10-08:00","entry_id":280738,"field1":"-2.4375","field2":"-7.3125"},{"created_at":"2024-01-11T03:15:44-08:00","entry_id":280739,"field1":"-2.4375","field2":"-7.1875"},{"created_at":"2024-01-11T03:25:22-08:00","entry_id":280740,"field1":"-2.5","field2":"-7.375"},{"created_at":"2024-01-11T03:34:59-08:00","entry_id":280741,"field1":"-2.5","field2":"-7.625"},{"created_at":"2024-01-11T03:44:36-08:00","entry_id":280742,"field1":"-2.5","field2":"-7.9375"},{"created_at":"2024-01-11T03:54:11-08:00","entry_id":280743,"field1":"-2.5625","field2":"-7.6875"},{"created_at":"2024-01-11T04:03:49-08:00","entry_id":280744,"field1":"-2.5625","field2":"-7.6875"},{"created_at":"2024-01-11T04:13:25-08:00","entry_id":280745,"field1":"-2.5625","field2":"-7.5625"},{"created_at":"2024-01-11T04:23:02-08:00","entry_id":280746,"field1":"-2.625","field2":"-7.4375"},{"created_at":"2024-01-11T04:32:37-08:00","entry_id":280747,"field1":"-2.625","field2":"-7.125"},{"created_at":"2024-01-11T04:42:13-08:00","entry_id":280748,"field1":"-2.6875","field2":"-7.375"},{"created_at":"2024-01-11T04:51:50-08:00","entry_id":280749,"field1":"-2.6875","field2":"-7.1875"},{"created_at":"2024-01-11T05:01:25-08:00","entry_id":280750,"field1":"-2.6875","field2":"-6.9375"},{"created_at":"2024-01-11T05:11:03-08:00","entry_id":280751,"field1":"-2.75","field2":"-7.125"},{"created_at":"2024-01-11T05:20:38-08:00","entry_id":280752,"field1":"-2.75","field2":"-7.1875"},{"created_at":"2024-01-11T05:30:15-08:00","entry_id":280753,"field1":"-2.75","field2":"-7"},{"created_at":"2024-01-11T05:39:51-08:00","entry_id":280754,"field1":"-2.75","field2":"-7.0625"},{"created_at":"2024-01-11T05:49:27-08:00","entry_id":280755,"field1":"-2.8125","field2":"-7.0625"},{"created_at":"2024-01-11T05:59:05-08:00","entry_id":280756,"field1":"-2.8125","field2":"-7.125"},{"created_at":"2024-01-11T06:08:40-08:00","entry_id":280757,"field1":"-2.8125","field2":"-7.0625"},{"created_at":"2024-01-11T06:18:18-08:00","entry_id":280758,"field1":"-2.875","field2":"-7.25"},{"created_at":"2024-01-11T06:27:55-08:00","entry_id":280759,"field1":"-2.875","field2":"-7.375"},{"created_at":"2024-01-11T06:37:30-08:00","entry_id":280760,"field1":"-2.875","field2":"-7.5"},{"created_at":"2024-01-11T06:47:08-08:00","entry_id":280761,"field1":"-2.9375","field2":"-7.5625"},{"created_at":"2024-01-11T06:56:45-08:00","entry_id":280762,"field1":"-2.9375","field2":"-7.25"},{"created_at":"2024-01-11T07:06:21-08:00","entry_id":280763,"field1":"-2.9375","field2":"-7.6875"},{"created_at":"2024-01-11T07:15:58-08:00","entry_id":280764,"field1":"-2.9375","field2":"-7.625"},{"created_at":"2024-01-11T07:25:35-08:00","entry_id":280765,"field1":"-3","field2":"-7.5625"},{"created_at":"2024-01-11T07:35:10-08:00","entry_id":280766,"field1":"-3","field2":"-7.5625"},{"created_at":"2024-01-11T07:44:48-08:00","entry_id":280767,"field1":"-3","field2":"-7.4375"},{"created_at":"2024-01-11T07:54:24-08:00","entry_id":280768,"field1":"-3.0625","field2":"-7.5"},{"created_at":"2024-01-11T08:04:01-08:00","entry_id":280769,"field1":"-3.0625","field2":"-7.5"},{"created_at":"2024-01-11T08:13:36-08:00","entry_id":280770,"field1":"-3.0625","field2":"-7.625"},{"created_at":"2024-01-11T08:23:12-08:00","entry_id":280771,"field1":"-3.125","field2":"-7.9375"},{"created_at":"2024-01-11T08:32:48-08:00","entry_id":280772,"field1":"-3.125","field2":"-8.1875"},{"created_at":"2024-01-11T08:42:24-08:00","entry_id":280773,"field1":"-3.125","field2":"-8.25"},{"created_at":"2024-01-11T08:52:00-08:00","entry_id":280774,"field1":"-3.1875","field2":"-8.5625"},{"created_at":"2024-01-11T09:01:36-08:00","entry_id":280775,"field1":"-3.1875","field2":"-8.75"},{"created_at":"2024-01-11T09:11:12-08:00","entry_id":280776,"field1":"-3.1875","field2":"-8.6875"},{"created_at":"2024-01-11T09:20:48-08:00","entry_id":280777,"field1":"-3.25","field2":"-8.875"},{"created_at":"2024-01-11T09:30:26-08:00","entry_id":280778,"field1":"-3.25","field2":"-9.3125"},{"created_at":"2024-01-11T09:40:01-08:00","entry_id":280779,"field1":"-3.25","field2":"-9.3125"},{"created_at":"2024-01-11T09:49:37-08:00","entry_id":280780,"field1":"-3.25","field2":"-9.375"},{"created_at":"2024-01-11T09:59:12-08:00","entry_id":280781,"field1":"-3.3125","field2":"-9.625"},{"created_at":"2024-01-11T10:08:48-08:00","entry_id":280782,"field1":"-3.3125","field2":"-9.6875"},{"created_at":"2024-01-11T10:18:24-08:00","entry_id":280783,"field1":"-3.3125","field2":"-10.375"},{"created_at":"2024-01-11T10:28:01-08:00","entry_id":280784,"field1":"-3.375","field2":"-11"},{"created_at":"2024-01-11T10:37:36-08:00","entry_id":280785,"field1":"-3.375","field2":"-11.375"},{"created_at":"2024-01-11T10:47:14-08:00","entry_id":280786,"field1":"-3.4375","field2":"-11.6875"},{"created_at":"2024-01-11T10:56:51-08:00","entry_id":280787,"field1":"-3.4375","field2":"-11.625"},{"created_at":"2024-01-11T11:06:26-08:00","entry_id":280788,"field1":"-3.5","field2":"-11.625"},{"created_at":"2024-01-11T11:16:03-08:00","entry_id":280789,"field1":"-3.4375","field2":"-10.3125"},{"created_at":"2024-01-11T11:25:39-08:00","entry_id":280790,"field1":"-3.5","field2":"-11.625"},{"created_at":"2024-01-11T11:35:14-08:00","entry_id":280791,"field1":"-3.5","field2":"-11.8125"},{"created_at":"2024-01-11T11:44:51-08:00","entry_id":280792,"field1":"-3.5625","field2":"-11.8125"},{"created_at":"2024-01-11T11:54:26-08:00","entry_id":280793,"field1":"-3.5625","field2":"-10.9375"},{"created_at":"2024-01-11T12:04:01-08:00","entry_id":280794,"field1":"-3.625","field2":"-11.1875"},{"created_at":"2024-01-11T12:13:36-08:00","entry_id":280795,"field1":"-3.625","field2":"-11.0625"},{"created_at":"2024-01-11T12:23:12-08:00","entry_id":280796,"field1":"-3.625","field2":"-10.5"},{"created_at":"2024-01-11T12:32:50-08:00","entry_id":280797,"field1":"-3.625","field2":"-10.9375"},{"created_at":"2024-01-11T12:42:25-08:00","entry_id":280798,"field1":"-3.6875","field2":"-10.25"},{"created_at":"2024-01-11T12:52:02-08:00","entry_id":280799,"field1":"-3.75","field2":"-12.0625"},{"created_at":"2024-01-11T13:01:37-08:00","entry_id":280800,"field1":"-3.75","field2":"-11.8125"},{"created_at":"2024-01-11T13:11:15-08:00","entry_id":280801,"field1":"-3.75","field2":"-12.125"},{"created_at":"2024-01-11T13:20:50-08:00","entry_id":280802,"field1":"-3.8125","field2":"-11.3125"},{"created_at":"2024-01-11T13:30:26-08:00","entry_id":280803,"field1":"-3.875","field2":"-12.5"},{"created_at":"2024-01-11T13:40:02-08:00","entry_id":280804,"field1":"-3.875","field2":"-12.625"},{"created_at":"2024-01-11T13:49:40-08:00","entry_id":280805,"field1":"-3.875","field2":"-12.625"},{"created_at":"2024-01-11T13:59:16-08:00","entry_id":280806,"field1":"-3.9375","field2":"-13.125"},{"created_at":"2024-01-11T14:08:51-08:00","entry_id":280807,"field1":"-4","field2":"-13.125"},{"created_at":"2024-01-11T14:18:26-08:00","entry_id":280808,"field1":"-4","field2":"-13.3125"},{"created_at":"2024-01-11T14:28:02-08:00","entry_id":280809,"field1":"-4.0625","field2":"-13.5625"},{"created_at":"2024-01-11T14:37:38-08:00","entry_id":280810,"field1":"-4.125","field2":"-13.5625"},{"created_at":"2024-01-11T14:47:14-08:00","entry_id":280811,"field1":"-4.125","field2":"-13.875"},{"created_at":"2024-01-11T14:56:52-08:00","entry_id":280812,"field1":"-4.1875","field2":"-13.875"},{"created_at":"2024-01-11T15:06:27-08:00","entry_id":280813,"field1":"-4.25","field2":"-14.125"},{"created_at":"2024-01-11T15:16:03-08:00","entry_id":280814,"field1":"-4.3125","field2":"-14.125"},{"created_at":"2024-01-11T15:25:39-08:00","entry_id":280815,"field1":"-4.3125","field2":"-14.5"},{"created_at":"2024-01-11T15:35:15-08:00","entry_id":280816,"field1":"-4.375","field2":"-14.3125"},{"created_at":"2024-01-11T15:44:53-08:00","entry_id":280817,"field1":"-4.4375","field2":"-14.5625"},{"created_at":"2024-01-11T15:54:28-08:00","entry_id":280818,"field1":"-4.5","field2":"-14.9375"},{"created_at":"2024-01-11T16:04:05-08:00","entry_id":280819,"field1":"-4.5625","field2":"-15.1875"},{"created_at":"2024-01-11T16:13:40-08:00","entry_id":280820,"field1":"-4.5625","field2":"-15.25"},{"created_at":"2024-01-11T16:23:15-08:00","entry_id":280821,"field1":"-4.625","field2":"-15.375"},{"created_at":"2024-01-11T16:32:51-08:00","entry_id":280822,"field1":"-4.6875","field2":"-15.625"},{"created_at":"2024-01-11T16:42:30-08:00","entry_id":280823,"field1":"-4.75","field2":"-15.8125"},{"created_at":"2024-01-11T16:52:05-08:00","entry_id":280824,"field1":"-4.8125","field2":"-15.5625"},{"created_at":"2024-01-11T17:01:40-08:00","entry_id":280825,"field1":"-4.875","field2":"-15.625"},{"created_at":"2024-01-11T17:11:18-08:00","entry_id":280826,"field1":"-4.9375","field2":"-15.875"},{"created_at":"2024-01-11T17:20:52-08:00","entry_id":280827,"field1":"-5","field2":"-15.6875"},{"created_at":"2024-01-11T17:30:30-08:00","entry_id":280828,"field1":"-5","field2":"-15.875"},{"created_at":"2024-01-11T17:40:05-08:00","entry_id":280829,"field1":"-5.0625","field2":"-15.8125"},{"created_at":"2024-01-11T17:49:40-08:00","entry_id":280830,"field1":"-5.125","field2":"-16.125"},{"created_at":"2024-01-11T17:59:16-08:00","entry_id":280831,"field1":"-5.1875","field2":"-16.1875"},{"created_at":"2024-01-11T18:08:52-08:00","entry_id":280832,"field1":"-5.25","field2":"-16.1875"},{"created_at":"2024-01-11T18:18:26-08:00","entry_id":280833,"field1":"-5.3125","field2":"-16.375"},{"created_at":"2024-01-11T18:28:04-08:00","entry_id":280834,"field1":"-5.375","field2":"-16.4375"},{"created_at":"2024-01-11T18:37:39-08:00","entry_id":280835,"field1":"-5.4375","field2":"-16.5"},{"created_at":"2024-01-11T18:47:15-08:00","entry_id":280836,"field1":"-5.5","field2":"-16.75"},{"created_at":"2024-01-11T18:56:50-08:00","entry_id":280837,"field1":"-5.5625","field2":"-16.625"},{"created_at":"2024-01-11T19:06:26-08:00","entry_id":280838,"field1":"-5.5625","field2":"-16.875"},{"created_at":"2024-01-11T19:16:03-08:00","entry_id":280839,"field1":"-5.625","field2":"-17"},{"created_at":"2024-01-11T19:25:38-08:00","entry_id":280840,"field1":"-5.6875","field2":"-17.0625"},{"created_at":"2024-01-11T19:35:14-08:00","entry_id":280841,"field1":"-5.75","field2":"-17.3125"},{"created_at":"2024-01-11T19:44:49-08:00","entry_id":280842,"field1":"-5.8125","field2":"-17.375"},{"created_at":"2024-01-11T19:54:26-08:00","entry_id":280843,"field1":"-5.875","field2":"-17.6875"},{"created_at":"2024-01-11T20:04:01-08:00","entry_id":280844,"field1":"-5.9375","field2":"-17.75"},{"created_at":"2024-01-11T20:13:36-08:00","entry_id":280845,"field1":"-6","field2":"-17.75"},{"created_at":"2024-01-11T20:23:14-08:00","entry_id":280846,"field1":"-6.0625","field2":"-17.9375"},{"created_at":"2024-01-11T20:32:50-08:00","entry_id":280847,"field1":"-6.125","field2":"-17.9375"},{"created_at":"2024-01-11T20:42:25-08:00","entry_id":280848,"field1":"-6.1875","field2":"-18"},{"created_at":"2024-01-11T20:52:01-08:00","entry_id":280849,"field1":"-6.25","field2":"-18.125"},{"created_at":"2024-01-11T21:01:36-08:00","entry_id":280850,"field1":"-6.3125","field2":"-18.125"},{"created_at":"2024-01-11T21:11:12-08:00","entry_id":280851,"field1":"-6.375","field2":"-18"},{"created_at":"2024-01-11T21:20:50-08:00","entry_id":280852,"field1":"-6.4375","field2":"-18.375"},{"created_at":"2024-01-11T21:30:25-08:00","entry_id":280853,"field1":"-6.5","field2":"-18.375"},{"created_at":"2024-01-11T21:40:00-08:00","entry_id":280854,"field1":"-6.5625","field2":"-18.4375"},{"created_at":"2024-01-11T21:49:37-08:00","entry_id":280855,"field1":"-6.625","field2":"-18.625"},{"created_at":"2024-01-11T21:59:12-08:00","entry_id":280856,"field1":"-6.6875","field2":"-18.6875"},{"created_at":"2024-01-11T22:08:49-08:00","entry_id":280857,"field1":"-6.75","field2":"-18.9375"},{"created_at":"2024-01-11T22:18:25-08:00","entry_id":280858,"field1":"-6.8125","field2":"-18.875"},{"created_at":"2024-01-11T22:28:02-08:00","entry_id":280859,"field1":"-6.875","field2":"-19.0625"},{"created_at":"2024-01-11T22:37:37-08:00","entry_id":280860,"field1":"-6.9375","field2":"-19.0625"},{"created_at":"2024-01-11T22:47:12-08:00","entry_id":280861,"field1":"-7","field2":"-19.3125"},{"created_at":"2024-01-11T22:56:48-08:00","entry_id":280862,"field1":"-7.0625","field2":"-19.1875"},{"created_at":"2024-01-11T23:06:25-08:00","entry_id":280863,"field1":"-7.125","field2":"-19.25"},{"created_at":"2024-01-11T23:15:59-08:00","entry_id":280864,"field1":"-7.1875","field2":"-19.1875"},{"created_at":"2024-01-11T23:25:36-08:00","entry_id":280865,"field1":"-7.25","field2":"-19.3125"},{"created_at":"2024-01-11T23:35:12-08:00","entry_id":280866,"field1":"-7.3125","field2":"-19.3125"},{"created_at":"2024-01-11T23:44:47-08:00","entry_id":280867,"field1":"-7.375","field2":"-19.625"},{"created_at":"2024-01-11T23:54:23-08:00","entry_id":280868,"field1":"-7.4375","field2":"-19.625"}]}