{"channel":{"id":581842,"name":"Upstairs Small Window Indoor / Outdoor Sensor","latitude":"0.0","longitude":"0.0","field1":"Indoor Temperature","field2":"Outdoor Temperature","created_at":"2018-09-23T15:37:52-07:00","updated_at":"2020-07-27T05:59:41-07:00","last_entry_id":280100},"feeds":[{"created_at":"2024-01-05T00:02:28-08:00","entry_id":279820,"field1":"2.6875","field2":"1"},{"created_at":"2024-01-05T00:12:04-08:00","entry_id":279821,"field1":"2.625","field2":"1"},{"created_at":"2024-01-05T00:21:42-08:00","entry_id":279822,"field1":"2.625","field2":"1.0625"},{"created_at":"2024-01-05T00:31:18-08:00","entry_id":279823,"field1":"2.625","field2":"1.0625"},{"created_at":"2024-01-05T00:40:56-08:00","entry_id":279824,"field1":"2.625","field2":"1.125"},{"created_at":"2024-01-05T00:50:32-08:00","entry_id":279825,"field1":"2.625","field2":"1.125"},{"created_at":"2024-01-05T01:00:09-08:00","entry_id":279826,"field1":"2.625","field2":"1.25"},{"created_at":"2024-01-05T01:09:44-08:00","entry_id":279827,"field1":"2.625","field2":"1.3125"},{"created_at":"2024-01-05T01:19:21-08:00","entry_id":279828,"field1":"2.625","field2":"1.3125"},{"created_at":"2024-01-05T01:28:57-08:00","entry_id":279829,"field1":"2.5625","field2":"1.25"},{"created_at":"2024-01-05T01:38:35-08:00","entry_id":279830,"field1":"2.5625","field2":"1.25"},{"created_at":"2024-01-05T01:48:12-08:00","entry_id":279831,"field1":"2.5625","field2":"1.1875"},{"created_at":"2024-01-05T01:57:49-08:00","entry_id":279832,"field1":"2.5625","field2":"1.3125"},{"created_at":"2024-01-05T02:07:25-08:00","entry_id":279833,"field1":"2.5625","field2":"1.375"},{"created_at":"2024-01-05T02:17:01-08:00","entry_id":279834,"field1":"2.5625","field2":"1.375"},{"created_at":"2024-01-05T02:26:39-08:00","entry_id":279835,"field1":"2.5625","field2":"1.5"},{"created_at":"2024-01-05T02:36:16-08:00","entry_id":279836,"field1":"2.5625","field2":"1.4375"},{"created_at":"2024-01-05T02:45:51-08:00","entry_id":279837,"field1":"2.5625","field2":"1.4375"},{"created_at":"2024-01-05T02:55:28-08:00","entry_id":279838,"field1":"2.5625","field2":"1.375"},{"created_at":"2024-01-05T03:05:06-08:00","entry_id":279839,"field1":"2.5625","field2":"1.25"},{"created_at":"2024-01-05T03:14:43-08:00","entry_id":279840,"field1":"2.5625","field2":"1.4375"},{"created_at":"2024-01-05T03:24:20-08:00","entry_id":279841,"field1":"2.5625","field2":"1.4375"},{"created_at":"2024-01-05T03:33:56-08:00","entry_id":279842,"field1":"2.5625","field2":"1.5"},{"created_at":"2024-01-05T03:43:34-08:00","entry_id":279843,"field1":"2.5","field2":"1.4375"},{"created_at":"2024-01-05T03:53:09-08:00","entry_id":279844,"field1":"2.5","field2":"1.5625"},{"created_at":"2024-01-05T04:02:47-08:00","entry_id":279845,"field1":"2.5","field2":"1.5"},{"created_at":"2024-01-05T04:12:24-08:00","entry_id":279846,"field1":"2.5","field2":"1.5625"},{"created_at":"2024-01-05T04:22:00-08:00","entry_id":279847,"field1":"2.5","field2":"1.5"},{"created_at":"2024-01-05T04:31:37-08:00","entry_id":279848,"field1":"2.5","field2":"1.375"},{"created_at":"2024-01-05T04:41:14-08:00","entry_id":279849,"field1":"2.5","field2":"1.25"},{"created_at":"2024-01-05T04:50:50-08:00","entry_id":279850,"field1":"2.5","field2":"1.1875"},{"created_at":"2024-01-05T05:00:28-08:00","entry_id":279851,"field1":"2.5","field2":"1.1875"},{"created_at":"2024-01-05T05:10:05-08:00","entry_id":279852,"field1":"2.5","field2":"1.0625"},{"created_at":"2024-01-05T05:19:42-08:00","entry_id":279853,"field1":"2.5","field2":"1.125"},{"created_at":"2024-01-05T05:29:17-08:00","entry_id":279854,"field1":"2.5","field2":"1.0625"},{"created_at":"2024-01-05T05:38:55-08:00","entry_id":279855,"field1":"2.5","field2":"1.125"},{"created_at":"2024-01-05T05:48:33-08:00","entry_id":279856,"field1":"2.5","field2":"1.125"},{"created_at":"2024-01-05T05:58:10-08:00","entry_id":279857,"field1":"2.5","field2":"1.125"},{"created_at":"2024-01-05T06:07:47-08:00","entry_id":279858,"field1":"2.4375","field2":"1.0625"},{"created_at":"2024-01-05T06:17:24-08:00","entry_id":279859,"field1":"2.4375","field2":"1"},{"created_at":"2024-01-05T06:27:01-08:00","entry_id":279860,"field1":"2.5","field2":"1"},{"created_at":"2024-01-05T06:36:38-08:00","entry_id":279861,"field1":"2.4375","field2":"0.9375"},{"created_at":"2024-01-05T06:46:15-08:00","entry_id":279862,"field1":"2.4375","field2":"0.9375"},{"created_at":"2024-01-05T06:55:52-08:00","entry_id":279863,"field1":"2.4375","field2":"0.8125"},{"created_at":"2024-01-05T07:05:30-08:00","entry_id":279864,"field1":"2.4375","field2":"0.875"},{"created_at":"2024-01-05T07:15:07-08:00","entry_id":279865,"field1":"2.4375","field2":"0.75"},{"created_at":"2024-01-05T07:24:44-08:00","entry_id":279866,"field1":"2.4375","field2":"0.75"},{"created_at":"2024-01-05T07:34:21-08:00","entry_id":279867,"field1":"2.4375","field2":"0.75"},{"created_at":"2024-01-05T07:43:56-08:00","entry_id":279868,"field1":"2.4375","field2":"0.75"},{"created_at":"2024-01-05T07:53:35-08:00","entry_id":279869,"field1":"2.4375","field2":"0.75"},{"created_at":"2024-01-05T08:03:12-08:00","entry_id":279870,"field1":"2.375","field2":"0.75"},{"created_at":"2024-01-05T08:12:49-08:00","entry_id":279871,"field1":"2.4375","field2":"0.6875"},{"created_at":"2024-01-05T08:22:26-08:00","entry_id":279872,"field1":"2.375","field2":"0.6875"},{"created_at":"2024-01-05T08:32:01-08:00","entry_id":279873,"field1":"2.375","field2":"0.75"},{"created_at":"2024-01-05T08:41:38-08:00","entry_id":279874,"field1":"2.375","field2":"0.75"},{"created_at":"2024-01-05T08:51:14-08:00","entry_id":279875,"field1":"2.375","field2":"0.8125"},{"created_at":"2024-01-05T09:00:52-08:00","entry_id":279876,"field1":"2.375","field2":"0.875"},{"created_at":"2024-01-05T09:10:29-08:00","entry_id":279877,"field1":"2.375","field2":"0.875"},{"created_at":"2024-01-05T09:20:07-08:00","entry_id":279878,"field1":"2.375","field2":"0.9375"},{"created_at":"2024-01-05T09:29:44-08:00","entry_id":279879,"field1":"2.375","field2":"1.0625"},{"created_at":"2024-01-05T09:39:21-08:00","entry_id":279880,"field1":"2.375","field2":"1.125"},{"created_at":"2024-01-05T09:48:56-08:00","entry_id":279881,"field1":"2.3125","field2":"1.25"},{"created_at":"2024-01-05T09:58:34-08:00","entry_id":279882,"field1":"2.375","field2":"1.25"},{"created_at":"2024-01-05T10:08:09-08:00","entry_id":279883,"field1":"2.375","field2":"1.3125"},{"created_at":"2024-01-05T10:17:47-08:00","entry_id":279884,"field1":"2.3125","field2":"1.375"},{"created_at":"2024-01-05T10:27:24-08:00","entry_id":279885,"field1":"2.3125","field2":"1.375"},{"created_at":"2024-01-05T10:37:01-08:00","entry_id":279886,"field1":"2.375","field2":"1.375"},{"created_at":"2024-01-05T10:46:39-08:00","entry_id":279887,"field1":"2.3125","field2":"1.4375"},{"created_at":"2024-01-05T10:56:14-08:00","entry_id":279888,"field1":"2.375","field2":"1.5"},{"created_at":"2024-01-05T11:05:50-08:00","entry_id":279889,"field1":"2.375","field2":"1.5625"},{"created_at":"2024-01-05T11:15:27-08:00","entry_id":279890,"field1":"2.375","field2":"1.75"},{"created_at":"2024-01-05T11:25:03-08:00","entry_id":279891,"field1":"2.375","field2":"1.75"},{"created_at":"2024-01-05T11:34:42-08:00","entry_id":279892,"field1":"2.375","field2":"1.875"},{"created_at":"2024-01-05T11:44:19-08:00","entry_id":279893,"field1":"2.375","field2":"2"},{"created_at":"2024-01-05T11:53:56-08:00","entry_id":279894,"field1":"2.375","field2":"2"},{"created_at":"2024-01-05T12:03:34-08:00","entry_id":279895,"field1":"2.375","field2":"2.1875"},{"created_at":"2024-01-05T12:13:09-08:00","entry_id":279896,"field1":"2.375","field2":"2.0625"},{"created_at":"2024-01-05T12:22:46-08:00","entry_id":279897,"field1":"2.375","field2":"2.25"},{"created_at":"2024-01-05T12:32:24-08:00","entry_id":279898,"field1":"2.4375","field2":"2.125"},{"created_at":"2024-01-05T12:41:59-08:00","entry_id":279899,"field1":"2.4375","field2":"2.0625"},{"created_at":"2024-01-05T12:51:37-08:00","entry_id":279900,"field1":"2.4375","field2":"2.25"},{"created_at":"2024-01-05T13:01:15-08:00","entry_id":279901,"field1":"2.4375","field2":"2.1875"},{"created_at":"2024-01-05T13:10:52-08:00","entry_id":279902,"field1":"2.4375","field2":"2.1875"},{"created_at":"2024-01-05T13:20:30-08:00","entry_id":279903,"field1":"2.4375","field2":"2.1875"},{"created_at":"2024-01-05T13:30:07-08:00","entry_id":279904,"field1":"2.4375","field2":"2.25"},{"created_at":"2024-01-05T13:39:44-08:00","entry_id":279905,"field1":"2.4375","field2":"2.3125"},{"created_at":"2024-01-05T13:49:20-08:00","entry_id":279906,"field1":"2.4375","field2":"2.25"},{"created_at":"2024-01-05T13:58:58-08:00","entry_id":279907,"field1":"2.5","field2":"2.0625"},{"created_at":"2024-01-05T14:08:34-08:00","entry_id":279908,"field1":"2.5","field2":"2.125"},{"created_at":"2024-01-05T14:18:10-08:00","entry_id":279909,"field1":"2.5","field2":"2.0625"},{"created_at":"2024-01-05T14:27:47-08:00","entry_id":279910,"field1":"2.5","field2":"2"},{"created_at":"2024-01-05T14:37:25-08:00","entry_id":279911,"field1":"2.5","field2":"1.9375"},{"created_at":"2024-01-05T14:47:02-08:00","entry_id":279912,"field1":"2.5","field2":"1.8125"},{"created_at":"2024-01-05T14:56:39-08:00","entry_id":279913,"field1":"2.5","field2":"1.875"},{"created_at":"2024-01-05T15:06:15-08:00","entry_id":279914,"field1":"2.5","field2":"1.75"},{"created_at":"2024-01-05T15:15:53-08:00","entry_id":279915,"field1":"2.5","field2":"1.625"},{"created_at":"2024-01-05T15:25:28-08:00","entry_id":279916,"field1":"2.5","field2":"1.5625"},{"created_at":"2024-01-05T15:35:04-08:00","entry_id":279917,"field1":"2.5","field2":"1.5"},{"created_at":"2024-01-05T15:44:42-08:00","entry_id":279918,"field1":"2.5","field2":"1.5"},{"created_at":"2024-01-05T15:54:17-08:00","entry_id":279919,"field1":"2.5","field2":"1.4375"},{"created_at":"2024-01-05T16:03:55-08:00","entry_id":279920,"field1":"2.5","field2":"1.4375"},{"created_at":"2024-01-05T16:13:32-08:00","entry_id":279921,"field1":"2.5","field2":"1.375"},{"created_at":"2024-01-05T16:23:09-08:00","entry_id":279922,"field1":"2.5","field2":"1.375"},{"created_at":"2024-01-05T16:32:46-08:00","entry_id":279923,"field1":"2.5","field2":"1.375"},{"created_at":"2024-01-05T16:42:23-08:00","entry_id":279924,"field1":"2.4375","field2":"1.3125"},{"created_at":"2024-01-05T16:51:58-08:00","entry_id":279925,"field1":"2.4375","field2":"1.3125"},{"created_at":"2024-01-05T17:01:35-08:00","entry_id":279926,"field1":"2.4375","field2":"1.3125"},{"created_at":"2024-01-05T17:11:11-08:00","entry_id":279927,"field1":"2.4375","field2":"1.25"},{"created_at":"2024-01-05T17:20:49-08:00","entry_id":279928,"field1":"2.4375","field2":"1.1875"},{"created_at":"2024-01-05T17:30:26-08:00","entry_id":279929,"field1":"2.4375","field2":"1.1875"},{"created_at":"2024-01-05T17:40:03-08:00","entry_id":279930,"field1":"2.4375","field2":"1.375"},{"created_at":"2024-01-05T17:49:40-08:00","entry_id":279931,"field1":"2.4375","field2":"1.25"},{"created_at":"2024-01-05T17:59:17-08:00","entry_id":279932,"field1":"2.4375","field2":"1.25"},{"created_at":"2024-01-05T18:08:54-08:00","entry_id":279933,"field1":"2.4375","field2":"1.1875"},{"created_at":"2024-01-05T18:18:31-08:00","entry_id":279934,"field1":"2.4375","field2":"1.1875"},{"created_at":"2024-01-05T18:28:06-08:00","entry_id":279935,"field1":"2.4375","field2":"1.1875"},{"created_at":"2024-01-05T18:37:43-08:00","entry_id":279936,"field1":"2.4375","field2":"1.125"},{"created_at":"2024-01-05T18:47:20-08:00","entry_id":279937,"field1":"2.4375","field2":"1.1875"},{"created_at":"2024-01-05T18:56:56-08:00","entry_id":279938,"field1":"2.375","field2":"1.1875"},{"created_at":"2024-01-05T19:06:34-08:00","entry_id":279939,"field1":"2.4375","field2":"1.125"},{"created_at":"2024-01-05T19:16:11-08:00","entry_id":279940,"field1":"2.4375","field2":"1.0625"},{"created_at":"2024-01-05T19:25:48-08:00","entry_id":279941,"field1":"2.375","field2":"1.0625"},{"created_at":"2024-01-05T19:35:25-08:00","entry_id":279942,"field1":"2.375","field2":"1.0625"},{"created_at":"2024-01-05T19:45:02-08:00","entry_id":279943,"field1":"2.375","field2":"1.0625"},{"created_at":"2024-01-05T19:54:37-08:00","entry_id":279944,"field1":"2.375","field2":"1.0625"},{"created_at":"2024-01-05T20:04:15-08:00","entry_id":279945,"field1":"2.375","field2":"1.0625"},{"created_at":"2024-01-05T20:13:52-08:00","entry_id":279946,"field1":"2.375","field2":"1.125"},{"created_at":"2024-01-05T20:23:29-08:00","entry_id":279947,"field1":"2.375","field2":"1.125"},{"created_at":"2024-01-05T20:33:05-08:00","entry_id":279948,"field1":"2.375","field2":"1.125"},{"created_at":"2024-01-05T20:42:43-08:00","entry_id":279949,"field1":"2.375","field2":"1.125"},{"created_at":"2024-01-05T20:52:18-08:00","entry_id":279950,"field1":"2.3125","field2":"1.0625"},{"created_at":"2024-01-05T21:01:56-08:00","entry_id":279951,"field1":"2.3125","field2":"1.125"},{"created_at":"2024-01-05T21:11:33-08:00","entry_id":279952,"field1":"2.3125","field2":"1.0625"},{"created_at":"2024-01-05T21:21:11-08:00","entry_id":279953,"field1":"2.3125","field2":"1.0625"},{"created_at":"2024-01-05T21:30:46-08:00","entry_id":279954,"field1":"2.3125","field2":"1.0625"},{"created_at":"2024-01-05T21:40:24-08:00","entry_id":279955,"field1":"2.3125","field2":"1.0625"},{"created_at":"2024-01-05T21:50:01-08:00","entry_id":279956,"field1":"2.3125","field2":"1.0625"},{"created_at":"2024-01-05T21:59:39-08:00","entry_id":279957,"field1":"2.3125","field2":"0.9375"},{"created_at":"2024-01-05T22:09:16-08:00","entry_id":279958,"field1":"2.3125","field2":"0.9375"},{"created_at":"2024-01-05T22:18:54-08:00","entry_id":279959,"field1":"2.3125","field2":"0.875"},{"created_at":"2024-01-05T22:28:30-08:00","entry_id":279960,"field1":"2.3125","field2":"0.875"},{"created_at":"2024-01-05T22:38:07-08:00","entry_id":279961,"field1":"2.25","field2":"0.8125"},{"created_at":"2024-01-05T22:47:42-08:00","entry_id":279962,"field1":"2.3125","field2":"0.8125"},{"created_at":"2024-01-05T22:57:21-08:00","entry_id":279963,"field1":"2.25","field2":"0.8125"},{"created_at":"2024-01-05T23:06:58-08:00","entry_id":279964,"field1":"2.25","field2":"0.8125"},{"created_at":"2024-01-05T23:16:34-08:00","entry_id":279965,"field1":"2.25","field2":"0.8125"},{"created_at":"2024-01-05T23:26:12-08:00","entry_id":279966,"field1":"2.25","field2":"0.75"},{"created_at":"2024-01-05T23:35:49-08:00","entry_id":279967,"field1":"2.25","field2":"0.75"},{"created_at":"2024-01-05T23:45:24-08:00","entry_id":279968,"field1":"2.25","field2":"0.8125"},{"created_at":"2024-01-05T23:55:01-08:00","entry_id":279969,"field1":"2.25","field2":"0.8125"}]}