{"channel":{"id":581842,"name":"Upstairs Small Window Indoor / Outdoor Sensor","latitude":"0.0","longitude":"0.0","field1":"Indoor Temperature","field2":"Outdoor Temperature","created_at":"2018-09-23T15:37:52-07:00","updated_at":"2020-07-27T05:59:41-07:00","last_entry_id":240763},"feeds":[{"created_at":"2023-04-15T00:05:22-07:00","entry_id":240477,"field1":"8.6875","field2":"2.8125"},{"created_at":"2023-04-15T00:14:59-07:00","entry_id":240478,"field1":"8.625","field2":"2.625"},{"created_at":"2023-04-15T00:24:37-07:00","entry_id":240479,"field1":"8.625","field2":"2.3125"},{"created_at":"2023-04-15T00:34:14-07:00","entry_id":240480,"field1":"8.5625","field2":"2.3125"},{"created_at":"2023-04-15T00:43:50-07:00","entry_id":240481,"field1":"8.5","field2":"2.3125"},{"created_at":"2023-04-15T00:53:28-07:00","entry_id":240482,"field1":"8.4375","field2":"2.1875"},{"created_at":"2023-04-15T01:03:04-07:00","entry_id":240483,"field1":"8.4375","field2":"2"},{"created_at":"2023-04-15T01:12:41-07:00","entry_id":240484,"field1":"8.375","field2":"2"},{"created_at":"2023-04-15T01:22:19-07:00","entry_id":240485,"field1":"8.3125","field2":"2"},{"created_at":"2023-04-15T01:31:57-07:00","entry_id":240486,"field1":"8.3125","field2":"1.875"},{"created_at":"2023-04-15T01:41:32-07:00","entry_id":240487,"field1":"8.25","field2":"1.75"},{"created_at":"2023-04-15T01:51:10-07:00","entry_id":240488,"field1":"8.1875","field2":"1.5"},{"created_at":"2023-04-15T02:00:47-07:00","entry_id":240489,"field1":"8.125","field2":"1.5625"},{"created_at":"2023-04-15T02:10:24-07:00","entry_id":240490,"field1":"8.125","field2":"1.5625"},{"created_at":"2023-04-15T02:20:02-07:00","entry_id":240491,"field1":"8.0625","field2":"1.375"},{"created_at":"2023-04-15T02:29:39-07:00","entry_id":240492,"field1":"8","field2":"1.375"},{"created_at":"2023-04-15T02:39:16-07:00","entry_id":240493,"field1":"7.9375","field2":"1.25"},{"created_at":"2023-04-15T02:48:54-07:00","entry_id":240494,"field1":"7.9375","field2":"1.0625"},{"created_at":"2023-04-15T02:58:30-07:00","entry_id":240495,"field1":"7.875","field2":"0.9375"},{"created_at":"2023-04-15T03:08:07-07:00","entry_id":240496,"field1":"7.8125","field2":"0.875"},{"created_at":"2023-04-15T03:17:44-07:00","entry_id":240497,"field1":"7.8125","field2":"0.6875"},{"created_at":"2023-04-15T03:27:20-07:00","entry_id":240498,"field1":"7.75","field2":"0.625"},{"created_at":"2023-04-15T03:36:58-07:00","entry_id":240499,"field1":"7.6875","field2":"0.5625"},{"created_at":"2023-04-15T03:46:35-07:00","entry_id":240500,"field1":"7.625","field2":"0.5"},{"created_at":"2023-04-15T03:56:12-07:00","entry_id":240501,"field1":"7.625","field2":"0.5"},{"created_at":"2023-04-15T04:05:49-07:00","entry_id":240502,"field1":"7.5625","field2":"0.5"},{"created_at":"2023-04-15T04:15:27-07:00","entry_id":240503,"field1":"7.5","field2":"0.4375"},{"created_at":"2023-04-15T04:25:04-07:00","entry_id":240504,"field1":"7.4375","field2":"0.3125"},{"created_at":"2023-04-15T04:34:41-07:00","entry_id":240505,"field1":"7.4375","field2":"0.3125"},{"created_at":"2023-04-15T04:44:19-07:00","entry_id":240506,"field1":"7.375","field2":"0.375"},{"created_at":"2023-04-15T04:53:56-07:00","entry_id":240507,"field1":"7.3125","field2":"0.375"},{"created_at":"2023-04-15T05:03:31-07:00","entry_id":240508,"field1":"7.25","field2":"0.125"},{"created_at":"2023-04-15T05:13:09-07:00","entry_id":240509,"field1":"7.25","field2":"0.0625"},{"created_at":"2023-04-15T05:22:45-07:00","entry_id":240510,"field1":"7.8125","field2":"0"},{"created_at":"2023-04-15T05:32:23-07:00","entry_id":240511,"field1":"8.3125","field2":"0.0625"},{"created_at":"2023-04-15T05:41:59-07:00","entry_id":240512,"field1":"8.1875","field2":"0"},{"created_at":"2023-04-15T05:51:37-07:00","entry_id":240513,"field1":"7.9375","field2":"-0.0625"},{"created_at":"2023-04-15T06:01:14-07:00","entry_id":240514,"field1":"7.75","field2":"-0.25"},{"created_at":"2023-04-15T06:10:51-07:00","entry_id":240515,"field1":"7.625","field2":"0"},{"created_at":"2023-04-15T06:20:27-07:00","entry_id":240516,"field1":"7.5625","field2":"0.0625"},{"created_at":"2023-04-15T06:30:03-07:00","entry_id":240517,"field1":"7.4375","field2":"0.125"},{"created_at":"2023-04-15T06:39:42-07:00","entry_id":240518,"field1":"7.375","field2":"0.3125"},{"created_at":"2023-04-15T06:49:18-07:00","entry_id":240519,"field1":"7.3125","field2":"0.5625"},{"created_at":"2023-04-15T06:58:56-07:00","entry_id":240520,"field1":"7.25","field2":"0.875"},{"created_at":"2023-04-15T07:08:33-07:00","entry_id":240521,"field1":"7.25","field2":"1.5625"},{"created_at":"2023-04-15T07:18:09-07:00","entry_id":240522,"field1":"7.375","field2":"2.0625"},{"created_at":"2023-04-15T07:27:48-07:00","entry_id":240523,"field1":"7.4375","field2":"2"},{"created_at":"2023-04-15T07:37:25-07:00","entry_id":240524,"field1":"7.5","field2":"1.9375"},{"created_at":"2023-04-15T07:47:01-07:00","entry_id":240525,"field1":"7.5625","field2":"2.9375"},{"created_at":"2023-04-15T07:56:39-07:00","entry_id":240526,"field1":"7.625","field2":"3.5625"},{"created_at":"2023-04-15T08:06:17-07:00","entry_id":240527,"field1":"7.625","field2":"3.25"},{"created_at":"2023-04-15T08:15:55-07:00","entry_id":240528,"field1":"7.6875","field2":"4.9375"},{"created_at":"2023-04-15T08:25:32-07:00","entry_id":240529,"field1":"7.6875","field2":"7.1875"},{"created_at":"2023-04-15T08:35:10-07:00","entry_id":240530,"field1":"7.75","field2":"4.5"},{"created_at":"2023-04-15T08:44:47-07:00","entry_id":240531,"field1":"7.8125","field2":"5"},{"created_at":"2023-04-15T08:54:24-07:00","entry_id":240532,"field1":"7.875","field2":"4.3125"},{"created_at":"2023-04-15T09:04:01-07:00","entry_id":240533,"field1":"7.9375","field2":"3.875"},{"created_at":"2023-04-15T09:13:38-07:00","entry_id":240534,"field1":"8","field2":"3.6875"},{"created_at":"2023-04-15T09:23:15-07:00","entry_id":240535,"field1":"8.0625","field2":"4"},{"created_at":"2023-04-15T09:32:53-07:00","entry_id":240536,"field1":"8.1875","field2":"4.625"},{"created_at":"2023-04-15T09:42:30-07:00","entry_id":240537,"field1":"8.3125","field2":"5.1875"},{"created_at":"2023-04-15T09:52:05-07:00","entry_id":240538,"field1":"8.4375","field2":"4.875"},{"created_at":"2023-04-15T10:01:43-07:00","entry_id":240539,"field1":"8.5625","field2":"5.5"},{"created_at":"2023-04-15T10:11:18-07:00","entry_id":240540,"field1":"8.6875","field2":"5.4375"},{"created_at":"2023-04-15T10:20:57-07:00","entry_id":240541,"field1":"8.875","field2":"5.3125"},{"created_at":"2023-04-15T10:30:35-07:00","entry_id":240542,"field1":"8.9375","field2":"5.5"},{"created_at":"2023-04-15T10:40:12-07:00","entry_id":240543,"field1":"8.9375","field2":"5.625"},{"created_at":"2023-04-15T10:49:50-07:00","entry_id":240544,"field1":"9","field2":"6.5625"},{"created_at":"2023-04-15T10:59:27-07:00","entry_id":240545,"field1":"9","field2":"5.375"},{"created_at":"2023-04-15T11:09:05-07:00","entry_id":240546,"field1":"9","field2":"5.8125"},{"created_at":"2023-04-15T11:18:41-07:00","entry_id":240547,"field1":"9","field2":"5.5625"},{"created_at":"2023-04-15T11:28:19-07:00","entry_id":240548,"field1":"9","field2":"5.5625"},{"created_at":"2023-04-15T11:37:55-07:00","entry_id":240549,"field1":"9","field2":"7.375"},{"created_at":"2023-04-15T11:47:34-07:00","entry_id":240550,"field1":"9","field2":"7.875"},{"created_at":"2023-04-15T11:57:10-07:00","entry_id":240551,"field1":"9","field2":"7.0625"},{"created_at":"2023-04-15T12:06:48-07:00","entry_id":240552,"field1":"9","field2":"7.4375"},{"created_at":"2023-04-15T12:16:26-07:00","entry_id":240553,"field1":"9","field2":"8.5625"},{"created_at":"2023-04-15T12:26:03-07:00","entry_id":240554,"field1":"9","field2":"8.375"},{"created_at":"2023-04-15T12:35:39-07:00","entry_id":240555,"field1":"9.0625","field2":"8.625"},{"created_at":"2023-04-15T12:45:16-07:00","entry_id":240556,"field1":"9.0625","field2":"8.625"},{"created_at":"2023-04-15T12:54:54-07:00","entry_id":240557,"field1":"9.0625","field2":"8.25"},{"created_at":"2023-04-15T13:04:31-07:00","entry_id":240558,"field1":"9.0625","field2":"10.4375"},{"created_at":"2023-04-15T13:14:09-07:00","entry_id":240559,"field1":"9.125","field2":"10.8125"},{"created_at":"2023-04-15T13:23:46-07:00","entry_id":240560,"field1":"9.125","field2":"9.875"},{"created_at":"2023-04-15T13:33:24-07:00","entry_id":240561,"field1":"9.125","field2":"9.75"},{"created_at":"2023-04-15T13:43:01-07:00","entry_id":240562,"field1":"9.1875","field2":"11.625"},{"created_at":"2023-04-15T13:52:39-07:00","entry_id":240563,"field1":"9.1875","field2":"11.9375"},{"created_at":"2023-04-15T14:02:16-07:00","entry_id":240564,"field1":"9.25","field2":"11.5"},{"created_at":"2023-04-15T14:11:54-07:00","entry_id":240565,"field1":"9.3125","field2":"10.8125"},{"created_at":"2023-04-15T14:21:31-07:00","entry_id":240566,"field1":"9.3125","field2":"11.8125"},{"created_at":"2023-04-15T14:31:09-07:00","entry_id":240567,"field1":"9.375","field2":"13.5625"},{"created_at":"2023-04-15T14:40:45-07:00","entry_id":240568,"field1":"9.4375","field2":"13.1875"},{"created_at":"2023-04-15T14:50:23-07:00","entry_id":240569,"field1":"9.4375","field2":"13.25"},{"created_at":"2023-04-15T15:00:01-07:00","entry_id":240570,"field1":"9.5","field2":"12.625"},{"created_at":"2023-04-15T15:09:38-07:00","entry_id":240571,"field1":"9.5625","field2":"13"},{"created_at":"2023-04-15T15:19:13-07:00","entry_id":240572,"field1":"9.625","field2":"12.875"},{"created_at":"2023-04-15T15:28:52-07:00","entry_id":240573,"field1":"9.6875","field2":"13.25"},{"created_at":"2023-04-15T15:38:29-07:00","entry_id":240574,"field1":"9.6875","field2":"13.1875"},{"created_at":"2023-04-15T15:48:05-07:00","entry_id":240575,"field1":"9.75","field2":"12.875"},{"created_at":"2023-04-15T15:57:43-07:00","entry_id":240576,"field1":"9.8125","field2":"13.4375"},{"created_at":"2023-04-15T16:07:21-07:00","entry_id":240577,"field1":"9.875","field2":"12.6875"},{"created_at":"2023-04-15T16:16:58-07:00","entry_id":240578,"field1":"9.875","field2":"13.125"},{"created_at":"2023-04-15T16:26:35-07:00","entry_id":240579,"field1":"9.9375","field2":"12.875"},{"created_at":"2023-04-15T16:36:13-07:00","entry_id":240580,"field1":"10","field2":"12.8125"},{"created_at":"2023-04-15T16:45:50-07:00","entry_id":240581,"field1":"10","field2":"12"},{"created_at":"2023-04-15T16:55:28-07:00","entry_id":240582,"field1":"10.0625","field2":"12.8125"},{"created_at":"2023-04-15T17:05:04-07:00","entry_id":240583,"field1":"10.0625","field2":"12.875"},{"created_at":"2023-04-15T17:14:42-07:00","entry_id":240584,"field1":"10.125","field2":"12.875"},{"created_at":"2023-04-15T17:24:20-07:00","entry_id":240585,"field1":"10.125","field2":"12.6875"},{"created_at":"2023-04-15T17:33:57-07:00","entry_id":240586,"field1":"10.125","field2":"12.0625"},{"created_at":"2023-04-15T17:43:34-07:00","entry_id":240587,"field1":"10.125","field2":"11.8125"},{"created_at":"2023-04-15T17:53:12-07:00","entry_id":240588,"field1":"10.1875","field2":"11.75"},{"created_at":"2023-04-15T18:02:49-07:00","entry_id":240589,"field1":"10.1875","field2":"11.6875"},{"created_at":"2023-04-15T18:12:26-07:00","entry_id":240590,"field1":"10.1875","field2":"11.4375"},{"created_at":"2023-04-15T18:22:03-07:00","entry_id":240591,"field1":"10.1875","field2":"11.5"},{"created_at":"2023-04-15T18:31:41-07:00","entry_id":240592,"field1":"10.1875","field2":"11.125"},{"created_at":"2023-04-15T18:41:17-07:00","entry_id":240593,"field1":"10.1875","field2":"10.6875"},{"created_at":"2023-04-15T18:50:55-07:00","entry_id":240594,"field1":"10.1875","field2":"10.1875"},{"created_at":"2023-04-15T19:00:32-07:00","entry_id":240595,"field1":"10.1875","field2":"10.0625"},{"created_at":"2023-04-15T19:10:09-07:00","entry_id":240596,"field1":"10.1875","field2":"9.9375"},{"created_at":"2023-04-15T19:19:46-07:00","entry_id":240597,"field1":"10.125","field2":"10"},{"created_at":"2023-04-15T19:29:24-07:00","entry_id":240598,"field1":"10.125","field2":"9.875"},{"created_at":"2023-04-15T19:39:01-07:00","entry_id":240599,"field1":"10.125","field2":"9.5"},{"created_at":"2023-04-15T19:48:38-07:00","entry_id":240600,"field1":"10.125","field2":"9.25"},{"created_at":"2023-04-15T19:58:15-07:00","entry_id":240601,"field1":"10.125","field2":"8.75"},{"created_at":"2023-04-15T20:07:51-07:00","entry_id":240602,"field1":"10.0625","field2":"8.625"},{"created_at":"2023-04-15T20:17:29-07:00","entry_id":240603,"field1":"10.0625","field2":"8.5625"},{"created_at":"2023-04-15T20:27:04-07:00","entry_id":240604,"field1":"10.0625","field2":"8.5"},{"created_at":"2023-04-15T20:36:42-07:00","entry_id":240605,"field1":"10","field2":"8.5625"},{"created_at":"2023-04-15T20:46:19-07:00","entry_id":240606,"field1":"10","field2":"8.375"},{"created_at":"2023-04-15T20:55:57-07:00","entry_id":240607,"field1":"10","field2":"8.375"},{"created_at":"2023-04-15T21:05:34-07:00","entry_id":240608,"field1":"9.9375","field2":"8.375"},{"created_at":"2023-04-15T21:15:11-07:00","entry_id":240609,"field1":"9.9375","field2":"7.875"},{"created_at":"2023-04-15T21:24:49-07:00","entry_id":240610,"field1":"9.9375","field2":"7.6875"},{"created_at":"2023-04-15T21:34:24-07:00","entry_id":240611,"field1":"9.9375","field2":"7.875"},{"created_at":"2023-04-15T21:44:03-07:00","entry_id":240612,"field1":"9.875","field2":"7.875"},{"created_at":"2023-04-15T21:53:40-07:00","entry_id":240613,"field1":"9.875","field2":"7.75"},{"created_at":"2023-04-15T22:03:17-07:00","entry_id":240614,"field1":"9.8125","field2":"7.625"},{"created_at":"2023-04-15T22:12:53-07:00","entry_id":240615,"field1":"9.8125","field2":"7.5625"},{"created_at":"2023-04-15T22:22:30-07:00","entry_id":240616,"field1":"9.8125","field2":"7.4375"},{"created_at":"2023-04-15T22:32:08-07:00","entry_id":240617,"field1":"9.75","field2":"7.375"},{"created_at":"2023-04-15T22:41:44-07:00","entry_id":240618,"field1":"9.75","field2":"7.3125"},{"created_at":"2023-04-15T22:51:22-07:00","entry_id":240619,"field1":"9.75","field2":"6.75"},{"created_at":"2023-04-15T23:00:59-07:00","entry_id":240620,"field1":"9.6875","field2":"6.75"},{"created_at":"2023-04-15T23:10:37-07:00","entry_id":240621,"field1":"9.6875","field2":"6.8125"},{"created_at":"2023-04-15T23:20:14-07:00","entry_id":240622,"field1":"9.625","field2":"6.75"},{"created_at":"2023-04-15T23:29:52-07:00","entry_id":240623,"field1":"9.625","field2":"6.6875"},{"created_at":"2023-04-15T23:39:29-07:00","entry_id":240624,"field1":"9.625","field2":"6.25"},{"created_at":"2023-04-15T23:49:05-07:00","entry_id":240625,"field1":"9.5625","field2":"6.25"},{"created_at":"2023-04-15T23:58:43-07:00","entry_id":240626,"field1":"9.5625","field2":"6.25"}]}