{"channel":{"id":581842,"name":"Upstairs Small Window Indoor / Outdoor Sensor","latitude":"0.0","longitude":"0.0","field1":"Indoor Temperature","field2":"Outdoor Temperature","created_at":"2018-09-23T15:37:52-07:00","updated_at":"2020-07-27T05:59:41-07:00","last_entry_id":322747},"feeds":[{"created_at":"2024-10-18T00:02:27-07:00","entry_id":322460,"field1":"9.625","field2":"4.75"},{"created_at":"2024-10-18T00:12:04-07:00","entry_id":322461,"field1":"9.5625","field2":"4.75"},{"created_at":"2024-10-18T00:21:41-07:00","entry_id":322462,"field1":"9.5625","field2":"4.875"},{"created_at":"2024-10-18T00:31:19-07:00","entry_id":322463,"field1":"9.5625","field2":"4.9375"},{"created_at":"2024-10-18T00:40:56-07:00","entry_id":322464,"field1":"9.5","field2":"4.9375"},{"created_at":"2024-10-18T00:50:33-07:00","entry_id":322465,"field1":"9.5","field2":"4.9375"},{"created_at":"2024-10-18T01:00:10-07:00","entry_id":322466,"field1":"9.5","field2":"4.9375"},{"created_at":"2024-10-18T01:09:47-07:00","entry_id":322467,"field1":"9.4375","field2":"4.875"},{"created_at":"2024-10-18T01:19:25-07:00","entry_id":322468,"field1":"9.4375","field2":"4.875"},{"created_at":"2024-10-18T01:29:02-07:00","entry_id":322469,"field1":"9.375","field2":"4.8125"},{"created_at":"2024-10-18T01:38:39-07:00","entry_id":322470,"field1":"9.375","field2":"4.9375"},{"created_at":"2024-10-18T01:48:16-07:00","entry_id":322471,"field1":"9.375","field2":"4.6875"},{"created_at":"2024-10-18T01:57:54-07:00","entry_id":322472,"field1":"9.3125","field2":"4.75"},{"created_at":"2024-10-18T02:07:32-07:00","entry_id":322473,"field1":"9.3125","field2":"4.625"},{"created_at":"2024-10-18T02:17:09-07:00","entry_id":322474,"field1":"9.3125","field2":"4.5625"},{"created_at":"2024-10-18T02:26:46-07:00","entry_id":322475,"field1":"9.25","field2":"4.5"},{"created_at":"2024-10-18T02:36:24-07:00","entry_id":322476,"field1":"9.25","field2":"4.25"},{"created_at":"2024-10-18T02:46:01-07:00","entry_id":322477,"field1":"9.25","field2":"4.125"},{"created_at":"2024-10-18T02:55:39-07:00","entry_id":322478,"field1":"9.1875","field2":"4.0625"},{"created_at":"2024-10-18T03:05:16-07:00","entry_id":322479,"field1":"9.1875","field2":"3.8125"},{"created_at":"2024-10-18T03:14:54-07:00","entry_id":322480,"field1":"9.125","field2":"3.625"},{"created_at":"2024-10-18T03:24:31-07:00","entry_id":322481,"field1":"9.125","field2":"3.625"},{"created_at":"2024-10-18T03:34:09-07:00","entry_id":322482,"field1":"9.0625","field2":"3.4375"},{"created_at":"2024-10-18T03:43:46-07:00","entry_id":322483,"field1":"9.0625","field2":"3.25"},{"created_at":"2024-10-18T03:53:24-07:00","entry_id":322484,"field1":"9","field2":"3.0625"},{"created_at":"2024-10-18T04:03:02-07:00","entry_id":322485,"field1":"9","field2":"3.0625"},{"created_at":"2024-10-18T04:12:39-07:00","entry_id":322486,"field1":"9","field2":"3"},{"created_at":"2024-10-18T04:22:17-07:00","entry_id":322487,"field1":"8.9375","field2":"3.0625"},{"created_at":"2024-10-18T04:31:55-07:00","entry_id":322488,"field1":"8.9375","field2":"3.0625"},{"created_at":"2024-10-18T04:41:32-07:00","entry_id":322489,"field1":"8.875","field2":"3"},{"created_at":"2024-10-18T04:51:09-07:00","entry_id":322490,"field1":"8.8125","field2":"2.875"},{"created_at":"2024-10-18T05:00:47-07:00","entry_id":322491,"field1":"8.8125","field2":"2.9375"},{"created_at":"2024-10-18T05:10:25-07:00","entry_id":322492,"field1":"8.8125","field2":"2.6875"},{"created_at":"2024-10-18T05:20:01-07:00","entry_id":322493,"field1":"8.75","field2":"2.625"},{"created_at":"2024-10-18T05:29:38-07:00","entry_id":322494,"field1":"8.6875","field2":"2.5625"},{"created_at":"2024-10-18T05:39:16-07:00","entry_id":322495,"field1":"8.6875","field2":"2.5625"},{"created_at":"2024-10-18T05:48:53-07:00","entry_id":322496,"field1":"8.6875","field2":"2.75"},{"created_at":"2024-10-18T05:58:31-07:00","entry_id":322497,"field1":"8.625","field2":"2.8125"},{"created_at":"2024-10-18T06:08:08-07:00","entry_id":322498,"field1":"8.625","field2":"3"},{"created_at":"2024-10-18T06:17:44-07:00","entry_id":322499,"field1":"8.5625","field2":"3.375"},{"created_at":"2024-10-18T06:27:22-07:00","entry_id":322500,"field1":"8.5","field2":"3.3125"},{"created_at":"2024-10-18T06:37:00-07:00","entry_id":322501,"field1":"8.5","field2":"3.25"},{"created_at":"2024-10-18T06:46:37-07:00","entry_id":322502,"field1":"8.5","field2":"3.25"},{"created_at":"2024-10-18T06:56:14-07:00","entry_id":322503,"field1":"8.4375","field2":"3.375"},{"created_at":"2024-10-18T07:05:49-07:00","entry_id":322504,"field1":"8.4375","field2":"3.5625"},{"created_at":"2024-10-18T07:15:28-07:00","entry_id":322505,"field1":"8.4375","field2":"3.625"},{"created_at":"2024-10-18T07:25:05-07:00","entry_id":322506,"field1":"8.375","field2":"3.5625"},{"created_at":"2024-10-18T07:34:42-07:00","entry_id":322507,"field1":"8.375","field2":"3.5"},{"created_at":"2024-10-18T07:44:19-07:00","entry_id":322508,"field1":"8.3125","field2":"3.4375"},{"created_at":"2024-10-18T07:53:56-07:00","entry_id":322509,"field1":"8.3125","field2":"3.375"},{"created_at":"2024-10-18T08:03:33-07:00","entry_id":322510,"field1":"8.25","field2":"3.5"},{"created_at":"2024-10-18T08:13:11-07:00","entry_id":322511,"field1":"8.25","field2":"3.5"},{"created_at":"2024-10-18T08:22:48-07:00","entry_id":322512,"field1":"8.25","field2":"3.6875"},{"created_at":"2024-10-18T08:32:25-07:00","entry_id":322513,"field1":"8.1875","field2":"3.8125"},{"created_at":"2024-10-18T08:42:03-07:00","entry_id":322514,"field1":"8.1875","field2":"3.9375"},{"created_at":"2024-10-18T08:51:40-07:00","entry_id":322515,"field1":"8.1875","field2":"4.0625"},{"created_at":"2024-10-18T09:01:18-07:00","entry_id":322516,"field1":"8.1875","field2":"4.1875"},{"created_at":"2024-10-18T09:10:54-07:00","entry_id":322517,"field1":"8.125","field2":"4.25"},{"created_at":"2024-10-18T09:20:30-07:00","entry_id":322518,"field1":"8.125","field2":"4.5"},{"created_at":"2024-10-18T09:30:08-07:00","entry_id":322519,"field1":"8.125","field2":"4.375"},{"created_at":"2024-10-18T09:39:46-07:00","entry_id":322520,"field1":"8.0625","field2":"4.4375"},{"created_at":"2024-10-18T09:49:23-07:00","entry_id":322521,"field1":"8.0625","field2":"4.5625"},{"created_at":"2024-10-18T09:59:01-07:00","entry_id":322522,"field1":"8.0625","field2":"4.75"},{"created_at":"2024-10-18T10:08:37-07:00","entry_id":322523,"field1":"8.0625","field2":"4.875"},{"created_at":"2024-10-18T10:18:14-07:00","entry_id":322524,"field1":"8.0625","field2":"5"},{"created_at":"2024-10-18T10:27:52-07:00","entry_id":322525,"field1":"8","field2":"4.875"},{"created_at":"2024-10-18T10:37:30-07:00","entry_id":322526,"field1":"8","field2":"5.125"},{"created_at":"2024-10-18T10:47:06-07:00","entry_id":322527,"field1":"8","field2":"5.25"},{"created_at":"2024-10-18T10:56:40-07:00","entry_id":322528,"field1":"7.9375","field2":"5.25"},{"created_at":"2024-10-18T11:06:17-07:00","entry_id":322529,"field1":"7.9375","field2":"5.375"},{"created_at":"2024-10-18T11:15:55-07:00","entry_id":322530,"field1":"7.9375","field2":"5.375"},{"created_at":"2024-10-18T11:25:33-07:00","entry_id":322531,"field1":"7.9375","field2":"5.5"},{"created_at":"2024-10-18T11:35:09-07:00","entry_id":322532,"field1":"7.9375","field2":"5.5625"},{"created_at":"2024-10-18T11:44:47-07:00","entry_id":322533,"field1":"7.9375","field2":"5.75"},{"created_at":"2024-10-18T11:54:25-07:00","entry_id":322534,"field1":"7.9375","field2":"5.875"},{"created_at":"2024-10-18T12:04:02-07:00","entry_id":322535,"field1":"7.8125","field2":"5.9375"},{"created_at":"2024-10-18T12:13:39-07:00","entry_id":322536,"field1":"7.8125","field2":"5.8125"},{"created_at":"2024-10-18T12:23:16-07:00","entry_id":322537,"field1":"7.75","field2":"5.9375"},{"created_at":"2024-10-18T12:32:53-07:00","entry_id":322538,"field1":"7.75","field2":"6.0625"},{"created_at":"2024-10-18T12:42:30-07:00","entry_id":322539,"field1":"7.6875","field2":"6"},{"created_at":"2024-10-18T12:52:07-07:00","entry_id":322540,"field1":"7.8125","field2":"5.9375"},{"created_at":"2024-10-18T13:01:44-07:00","entry_id":322541,"field1":"7.8125","field2":"6.125"},{"created_at":"2024-10-18T13:11:20-07:00","entry_id":322542,"field1":"7.8125","field2":"6.125"},{"created_at":"2024-10-18T13:20:58-07:00","entry_id":322543,"field1":"7.8125","field2":"6.25"},{"created_at":"2024-10-18T13:30:36-07:00","entry_id":322544,"field1":"7.9375","field2":"6"},{"created_at":"2024-10-18T13:40:13-07:00","entry_id":322545,"field1":"7.9375","field2":"5.8125"},{"created_at":"2024-10-18T13:49:50-07:00","entry_id":322546,"field1":"7.9375","field2":"5.6875"},{"created_at":"2024-10-18T13:59:28-07:00","entry_id":322547,"field1":"7.9375","field2":"5.5625"},{"created_at":"2024-10-18T14:09:05-07:00","entry_id":322548,"field1":"7.9375","field2":"5.5"},{"created_at":"2024-10-18T14:18:42-07:00","entry_id":322549,"field1":"7.875","field2":"5.375"},{"created_at":"2024-10-18T14:28:19-07:00","entry_id":322550,"field1":"7.875","field2":"5.3125"},{"created_at":"2024-10-18T14:37:55-07:00","entry_id":322551,"field1":"7.875","field2":"5.125"},{"created_at":"2024-10-18T14:47:33-07:00","entry_id":322552,"field1":"7.875","field2":"4.875"},{"created_at":"2024-10-18T14:57:10-07:00","entry_id":322553,"field1":"7.875","field2":"4.875"},{"created_at":"2024-10-18T15:06:45-07:00","entry_id":322554,"field1":"7.875","field2":"4.875"},{"created_at":"2024-10-18T15:16:22-07:00","entry_id":322555,"field1":"7.8125","field2":"4.6875"},{"created_at":"2024-10-18T15:26:00-07:00","entry_id":322556,"field1":"7.8125","field2":"4.5625"},{"created_at":"2024-10-18T15:35:35-07:00","entry_id":322557,"field1":"7.8125","field2":"4.4375"},{"created_at":"2024-10-18T15:45:13-07:00","entry_id":322558,"field1":"7.8125","field2":"4.3125"},{"created_at":"2024-10-18T15:54:51-07:00","entry_id":322559,"field1":"7.8125","field2":"4.25"},{"created_at":"2024-10-18T16:04:26-07:00","entry_id":322560,"field1":"7.75","field2":"4.125"},{"created_at":"2024-10-18T16:14:04-07:00","entry_id":322561,"field1":"7.75","field2":"4.0625"},{"created_at":"2024-10-18T16:23:42-07:00","entry_id":322562,"field1":"7.75","field2":"3.9375"},{"created_at":"2024-10-18T16:33:19-07:00","entry_id":322563,"field1":"7.75","field2":"3.6875"},{"created_at":"2024-10-18T16:42:56-07:00","entry_id":322564,"field1":"7.6875","field2":"3.6875"},{"created_at":"2024-10-18T16:52:33-07:00","entry_id":322565,"field1":"7.6875","field2":"3.625"},{"created_at":"2024-10-18T17:02:09-07:00","entry_id":322566,"field1":"7.6875","field2":"3.6875"},{"created_at":"2024-10-18T17:11:46-07:00","entry_id":322567,"field1":"7.6875","field2":"3.6875"},{"created_at":"2024-10-18T17:21:24-07:00","entry_id":322568,"field1":"7.6875","field2":"3.5"},{"created_at":"2024-10-18T17:31:01-07:00","entry_id":322569,"field1":"7.625","field2":"3.5"},{"created_at":"2024-10-18T17:40:38-07:00","entry_id":322570,"field1":"7.625","field2":"3.375"},{"created_at":"2024-10-18T17:50:15-07:00","entry_id":322571,"field1":"7.625","field2":"3.3125"},{"created_at":"2024-10-18T17:59:52-07:00","entry_id":322572,"field1":"7.625","field2":"3.3125"},{"created_at":"2024-10-18T18:09:30-07:00","entry_id":322573,"field1":"7.5625","field2":"3.4375"},{"created_at":"2024-10-18T18:19:07-07:00","entry_id":322574,"field1":"7.5625","field2":"3.3125"},{"created_at":"2024-10-18T18:28:44-07:00","entry_id":322575,"field1":"7.5625","field2":"3.25"},{"created_at":"2024-10-18T18:38:22-07:00","entry_id":322576,"field1":"7.5","field2":"3.1875"},{"created_at":"2024-10-18T18:47:59-07:00","entry_id":322577,"field1":"7.5","field2":"3.0625"},{"created_at":"2024-10-18T18:57:34-07:00","entry_id":322578,"field1":"7.5","field2":"3.3125"},{"created_at":"2024-10-18T19:07:12-07:00","entry_id":322579,"field1":"7.5","field2":"3.375"},{"created_at":"2024-10-18T19:16:49-07:00","entry_id":322580,"field1":"7.4375","field2":"3.375"},{"created_at":"2024-10-18T19:26:26-07:00","entry_id":322581,"field1":"7.4375","field2":"3.3125"},{"created_at":"2024-10-18T19:36:03-07:00","entry_id":322582,"field1":"7.375","field2":"3.3125"},{"created_at":"2024-10-18T19:45:42-07:00","entry_id":322583,"field1":"7.375","field2":"3.3125"},{"created_at":"2024-10-18T19:55:18-07:00","entry_id":322584,"field1":"7.375","field2":"3.3125"},{"created_at":"2024-10-18T20:04:55-07:00","entry_id":322585,"field1":"7.375","field2":"3.25"},{"created_at":"2024-10-18T20:14:32-07:00","entry_id":322586,"field1":"7.3125","field2":"3.3125"},{"created_at":"2024-10-18T20:24:10-07:00","entry_id":322587,"field1":"7.3125","field2":"3.25"},{"created_at":"2024-10-18T20:33:46-07:00","entry_id":322588,"field1":"7.3125","field2":"3.3125"},{"created_at":"2024-10-18T20:43:24-07:00","entry_id":322589,"field1":"7.3125","field2":"3.3125"},{"created_at":"2024-10-18T20:53:01-07:00","entry_id":322590,"field1":"7.25","field2":"3.25"},{"created_at":"2024-10-18T21:02:38-07:00","entry_id":322591,"field1":"7.25","field2":"3.25"},{"created_at":"2024-10-18T21:12:15-07:00","entry_id":322592,"field1":"7.25","field2":"3.125"},{"created_at":"2024-10-18T21:21:53-07:00","entry_id":322593,"field1":"7.25","field2":"3.125"},{"created_at":"2024-10-18T21:31:29-07:00","entry_id":322594,"field1":"7.1875","field2":"3.0625"},{"created_at":"2024-10-18T21:41:06-07:00","entry_id":322595,"field1":"7.1875","field2":"3.0625"},{"created_at":"2024-10-18T21:50:43-07:00","entry_id":322596,"field1":"7.1875","field2":"3"},{"created_at":"2024-10-18T22:00:18-07:00","entry_id":322597,"field1":"7.125","field2":"2.9375"},{"created_at":"2024-10-18T22:09:57-07:00","entry_id":322598,"field1":"7.125","field2":"3"},{"created_at":"2024-10-18T22:19:32-07:00","entry_id":322599,"field1":"7.125","field2":"3"},{"created_at":"2024-10-18T22:29:10-07:00","entry_id":322600,"field1":"7.125","field2":"3.0625"},{"created_at":"2024-10-18T22:38:48-07:00","entry_id":322601,"field1":"7.0625","field2":"3.0625"},{"created_at":"2024-10-18T22:48:25-07:00","entry_id":322602,"field1":"7.0625","field2":"3.125"},{"created_at":"2024-10-18T22:58:01-07:00","entry_id":322603,"field1":"7.0625","field2":"3.125"},{"created_at":"2024-10-18T23:07:38-07:00","entry_id":322604,"field1":"7","field2":"3.1875"},{"created_at":"2024-10-18T23:17:16-07:00","entry_id":322605,"field1":"7","field2":"3.125"},{"created_at":"2024-10-18T23:26:53-07:00","entry_id":322606,"field1":"7","field2":"3.3125"},{"created_at":"2024-10-18T23:36:30-07:00","entry_id":322607,"field1":"7","field2":"3.3125"},{"created_at":"2024-10-18T23:46:06-07:00","entry_id":322608,"field1":"6.9375","field2":"3.3125"},{"created_at":"2024-10-18T23:55:44-07:00","entry_id":322609,"field1":"6.9375","field2":"3.3125"}]}