{"channel":{"id":581842,"name":"Upstairs Small Window Indoor / Outdoor Sensor","latitude":"0.0","longitude":"0.0","field1":"Indoor Temperature","field2":"Outdoor Temperature","created_at":"2018-09-23T15:37:52-07:00","updated_at":"2020-07-27T05:59:41-07:00","last_entry_id":150129},"feeds":[{"created_at":"2020-04-16T00:07:57-07:00","entry_id":82152,"field1":"9.875","field2":"2.4375"},{"created_at":"2020-04-16T00:17:35-07:00","entry_id":82153,"field1":"9.8125","field2":"2.3125"},{"created_at":"2020-04-16T00:27:15-07:00","entry_id":82154,"field1":"9.8125","field2":"2"},{"created_at":"2020-04-16T00:36:55-07:00","entry_id":82155,"field1":"9.75","field2":"1.75"},{"created_at":"2020-04-16T00:46:32-07:00","entry_id":82156,"field1":"9.6875","field2":"1.75"},{"created_at":"2020-04-16T00:56:09-07:00","entry_id":82157,"field1":"9.625","field2":"1.875"},{"created_at":"2020-04-16T01:05:48-07:00","entry_id":82158,"field1":"9.5625","field2":"1.75"},{"created_at":"2020-04-16T01:15:24-07:00","entry_id":82159,"field1":"9.5","field2":"1.5625"},{"created_at":"2020-04-16T01:25:01-07:00","entry_id":82160,"field1":"9.4375","field2":"1.625"},{"created_at":"2020-04-16T01:34:39-07:00","entry_id":82161,"field1":"9.375","field2":"1.25"},{"created_at":"2020-04-16T01:44:16-07:00","entry_id":82162,"field1":"9.3125","field2":"1.25"},{"created_at":"2020-04-16T01:53:53-07:00","entry_id":82163,"field1":"9.3125","field2":"1.4375"},{"created_at":"2020-04-16T02:03:30-07:00","entry_id":82164,"field1":"9.25","field2":"1.25"},{"created_at":"2020-04-16T02:13:07-07:00","entry_id":82165,"field1":"9.1875","field2":"1.0625"},{"created_at":"2020-04-16T02:22:44-07:00","entry_id":82166,"field1":"9.125","field2":"0.9375"},{"created_at":"2020-04-16T02:32:21-07:00","entry_id":82167,"field1":"9.0625","field2":"0.9375"},{"created_at":"2020-04-16T02:41:57-07:00","entry_id":82168,"field1":"9","field2":"0.875"},{"created_at":"2020-04-16T02:51:34-07:00","entry_id":82169,"field1":"8.9375","field2":"0.6875"},{"created_at":"2020-04-16T03:01:12-07:00","entry_id":82170,"field1":"8.9375","field2":"0.75"},{"created_at":"2020-04-16T03:10:49-07:00","entry_id":82171,"field1":"8.875","field2":"0.6875"},{"created_at":"2020-04-16T03:20:26-07:00","entry_id":82172,"field1":"8.8125","field2":"0.5"},{"created_at":"2020-04-16T03:30:03-07:00","entry_id":82173,"field1":"8.75","field2":"0.5"},{"created_at":"2020-04-16T03:39:40-07:00","entry_id":82174,"field1":"8.6875","field2":"0.1875"},{"created_at":"2020-04-16T03:49:17-07:00","entry_id":82175,"field1":"8.625","field2":"0.1875"},{"created_at":"2020-04-16T03:58:54-07:00","entry_id":82176,"field1":"8.5625","field2":"0.125"},{"created_at":"2020-04-16T04:08:32-07:00","entry_id":82177,"field1":"8.5625","field2":"-0.0625"},{"created_at":"2020-04-16T04:18:09-07:00","entry_id":82178,"field1":"8.4375","field2":"-0.0625"},{"created_at":"2020-04-16T04:27:46-07:00","entry_id":82179,"field1":"8.4375","field2":"-0.125"},{"created_at":"2020-04-16T04:37:24-07:00","entry_id":82180,"field1":"8.375","field2":"-0.1875"},{"created_at":"2020-04-16T04:47:00-07:00","entry_id":82181,"field1":"8.3125","field2":"-0.1875"},{"created_at":"2020-04-16T04:56:40-07:00","entry_id":82182,"field1":"8.25","field2":"-0.5"},{"created_at":"2020-04-16T05:06:16-07:00","entry_id":82183,"field1":"8.1875","field2":"0"},{"created_at":"2020-04-16T05:15:52-07:00","entry_id":82184,"field1":"8.125","field2":"-0.4375"},{"created_at":"2020-04-16T05:25:29-07:00","entry_id":82185,"field1":"8.125","field2":"-0.5625"},{"created_at":"2020-04-16T05:35:06-07:00","entry_id":82186,"field1":"8.0625","field2":"-0.5625"},{"created_at":"2020-04-16T05:44:43-07:00","entry_id":82187,"field1":"8","field2":"-0.375"},{"created_at":"2020-04-16T05:54:22-07:00","entry_id":82188,"field1":"7.9375","field2":"-0.5"},{"created_at":"2020-04-16T06:03:58-07:00","entry_id":82189,"field1":"7.875","field2":"-0.75"},{"created_at":"2020-04-16T06:13:35-07:00","entry_id":82190,"field1":"7.875","field2":"-0.625"},{"created_at":"2020-04-16T06:23:12-07:00","entry_id":82191,"field1":"7.8125","field2":"-0.6875"},{"created_at":"2020-04-16T06:32:49-07:00","entry_id":82192,"field1":"7.75","field2":"-0.625"},{"created_at":"2020-04-16T06:42:26-07:00","entry_id":82193,"field1":"7.6875","field2":"-0.375"},{"created_at":"2020-04-16T06:52:05-07:00","entry_id":82194,"field1":"7.6875","field2":"-0.375"},{"created_at":"2020-04-16T07:01:40-07:00","entry_id":82195,"field1":"7.6875","field2":"0.25"},{"created_at":"2020-04-16T07:11:17-07:00","entry_id":82196,"field1":"7.75","field2":"1.6875"},{"created_at":"2020-04-16T07:20:55-07:00","entry_id":82197,"field1":"8.0625","field2":"0.9375"},{"created_at":"2020-04-16T07:30:32-07:00","entry_id":82198,"field1":"8.5","field2":"2.625"},{"created_at":"2020-04-16T07:40:10-07:00","entry_id":82199,"field1":"9","field2":"1.3125"},{"created_at":"2020-04-16T07:49:49-07:00","entry_id":82200,"field1":"9.3125","field2":"2.6875"},{"created_at":"2020-04-16T07:59:26-07:00","entry_id":82201,"field1":"9.5","field2":"2.375"},{"created_at":"2020-04-16T08:09:03-07:00","entry_id":82202,"field1":"9.625","field2":"6.4375"},{"created_at":"2020-04-16T08:18:40-07:00","entry_id":82203,"field1":"9.8125","field2":"5.375"},{"created_at":"2020-04-16T08:28:18-07:00","entry_id":82204,"field1":"9.875","field2":"7"},{"created_at":"2020-04-16T08:37:55-07:00","entry_id":82205,"field1":"10","field2":"6.1875"},{"created_at":"2020-04-16T08:47:35-07:00","entry_id":82206,"field1":"10.0625","field2":"5.875"},{"created_at":"2020-04-16T08:57:11-07:00","entry_id":82207,"field1":"10.1875","field2":"4.8125"},{"created_at":"2020-04-16T09:06:48-07:00","entry_id":82208,"field1":"10.5","field2":"4.1875"},{"created_at":"2020-04-16T09:16:25-07:00","entry_id":82209,"field1":"11.0625","field2":"4.5625"},{"created_at":"2020-04-16T09:26:02-07:00","entry_id":82210,"field1":"11.4375","field2":"4.0625"},{"created_at":"2020-04-16T09:35:40-07:00","entry_id":82211,"field1":"11.6875","field2":"3.4375"},{"created_at":"2020-04-16T09:45:16-07:00","entry_id":82212,"field1":"11.1875","field2":"3.25"},{"created_at":"2020-04-16T09:54:54-07:00","entry_id":82213,"field1":"12.1875","field2":"3.5"},{"created_at":"2020-04-16T10:04:32-07:00","entry_id":82214,"field1":"12.625","field2":"4.375"},{"created_at":"2020-04-16T10:14:08-07:00","entry_id":82215,"field1":"11.875","field2":"3.9375"},{"created_at":"2020-04-16T10:23:45-07:00","entry_id":82216,"field1":"12","field2":"3.5625"},{"created_at":"2020-04-16T10:33:23-07:00","entry_id":82217,"field1":"12.4375","field2":"4.25"},{"created_at":"2020-04-16T10:43:01-07:00","entry_id":82218,"field1":"12.5","field2":"4.5"},{"created_at":"2020-04-16T10:52:39-07:00","entry_id":82219,"field1":"12.875","field2":"4.75"},{"created_at":"2020-04-16T11:02:16-07:00","entry_id":82220,"field1":"12.75","field2":"4.75"},{"created_at":"2020-04-16T11:11:57-07:00","entry_id":82221,"field1":"12.625","field2":"4.8125"},{"created_at":"2020-04-16T11:21:32-07:00","entry_id":82222,"field1":"12.5625","field2":"5.125"},{"created_at":"2020-04-16T11:31:12-07:00","entry_id":82223,"field1":"12.625","field2":"5.3125"},{"created_at":"2020-04-16T11:40:47-07:00","entry_id":82224,"field1":"12.25","field2":"5.5"},{"created_at":"2020-04-16T11:50:24-07:00","entry_id":82225,"field1":"11.9375","field2":"5.3125"},{"created_at":"2020-04-16T12:00:02-07:00","entry_id":82226,"field1":"12.25","field2":"6.125"},{"created_at":"2020-04-16T12:09:39-07:00","entry_id":82227,"field1":"12.375","field2":"6.125"},{"created_at":"2020-04-16T12:19:17-07:00","entry_id":82228,"field1":"12.5","field2":"5.875"},{"created_at":"2020-04-16T12:28:55-07:00","entry_id":82229,"field1":"12.5","field2":"6.8125"},{"created_at":"2020-04-16T12:38:31-07:00","entry_id":82230,"field1":"12.4375","field2":"6.625"},{"created_at":"2020-04-16T12:48:08-07:00","entry_id":82231,"field1":"12.25","field2":"6.75"},{"created_at":"2020-04-16T12:57:46-07:00","entry_id":82232,"field1":"12.25","field2":"7.875"},{"created_at":"2020-04-16T13:07:24-07:00","entry_id":82233,"field1":"12.1875","field2":"7.9375"},{"created_at":"2020-04-16T13:17:02-07:00","entry_id":82234,"field1":"12.3125","field2":"8.3125"},{"created_at":"2020-04-16T13:26:41-07:00","entry_id":82235,"field1":"12.25","field2":"8.8125"},{"created_at":"2020-04-16T13:36:17-07:00","entry_id":82236,"field1":"12.1875","field2":"8.6875"},{"created_at":"2020-04-16T13:45:55-07:00","entry_id":82237,"field1":"12.1875","field2":"8.8125"},{"created_at":"2020-04-16T13:55:32-07:00","entry_id":82238,"field1":"12.125","field2":"9.4375"},{"created_at":"2020-04-16T14:05:10-07:00","entry_id":82239,"field1":"12.125","field2":"9.8125"},{"created_at":"2020-04-16T14:14:47-07:00","entry_id":82240,"field1":"12.0625","field2":"10.375"},{"created_at":"2020-04-16T14:24:25-07:00","entry_id":82241,"field1":"12","field2":"10.375"},{"created_at":"2020-04-16T14:34:02-07:00","entry_id":82242,"field1":"11.9375","field2":"11.125"},{"created_at":"2020-04-16T14:43:39-07:00","entry_id":82243,"field1":"12","field2":"10.6875"},{"created_at":"2020-04-16T14:53:17-07:00","entry_id":82244,"field1":"12.0625","field2":"11"},{"created_at":"2020-04-16T15:02:54-07:00","entry_id":82245,"field1":"12","field2":"11.6875"},{"created_at":"2020-04-16T15:12:32-07:00","entry_id":82246,"field1":"12","field2":"11.5625"},{"created_at":"2020-04-16T15:22:09-07:00","entry_id":82247,"field1":"12.0625","field2":"11.9375"},{"created_at":"2020-04-16T15:31:46-07:00","entry_id":82248,"field1":"12.125","field2":"12.125"},{"created_at":"2020-04-16T15:41:24-07:00","entry_id":82249,"field1":"12.125","field2":"12.125"},{"created_at":"2020-04-16T15:51:01-07:00","entry_id":82250,"field1":"12.125","field2":"11.75"},{"created_at":"2020-04-16T16:00:38-07:00","entry_id":82251,"field1":"12.125","field2":"11.5625"},{"created_at":"2020-04-16T16:10:16-07:00","entry_id":82252,"field1":"12.125","field2":"11.1875"},{"created_at":"2020-04-16T16:19:53-07:00","entry_id":82253,"field1":"12.0625","field2":"10.9375"},{"created_at":"2020-04-16T16:29:30-07:00","entry_id":82254,"field1":"12.0625","field2":"10.75"},{"created_at":"2020-04-16T16:39:08-07:00","entry_id":82255,"field1":"12.0625","field2":"10.375"},{"created_at":"2020-04-16T16:48:45-07:00","entry_id":82256,"field1":"12","field2":"10.125"},{"created_at":"2020-04-16T16:58:22-07:00","entry_id":82257,"field1":"11.9375","field2":"9.9375"},{"created_at":"2020-04-16T17:08:00-07:00","entry_id":82258,"field1":"11.9375","field2":"9.8125"},{"created_at":"2020-04-16T17:17:37-07:00","entry_id":82259,"field1":"11.875","field2":"9.5625"},{"created_at":"2020-04-16T17:27:14-07:00","entry_id":82260,"field1":"11.875","field2":"9.3125"},{"created_at":"2020-04-16T17:36:51-07:00","entry_id":82261,"field1":"11.8125","field2":"9.25"},{"created_at":"2020-04-16T17:46:28-07:00","entry_id":82262,"field1":"11.75","field2":"9.125"},{"created_at":"2020-04-16T17:56:05-07:00","entry_id":82263,"field1":"11.6875","field2":"9"},{"created_at":"2020-04-16T18:05:41-07:00","entry_id":82264,"field1":"11.6875","field2":"8.9375"},{"created_at":"2020-04-16T18:15:19-07:00","entry_id":82265,"field1":"11.625","field2":"8.8125"},{"created_at":"2020-04-16T18:24:57-07:00","entry_id":82266,"field1":"11.5625","field2":"8.6875"},{"created_at":"2020-04-16T18:34:34-07:00","entry_id":82267,"field1":"11.5","field2":"8.625"},{"created_at":"2020-04-16T18:44:11-07:00","entry_id":82268,"field1":"11.5","field2":"8.5"},{"created_at":"2020-04-16T18:53:48-07:00","entry_id":82269,"field1":"11.4375","field2":"8.25"},{"created_at":"2020-04-16T19:03:25-07:00","entry_id":82270,"field1":"11.4375","field2":"8.0625"},{"created_at":"2020-04-16T19:13:03-07:00","entry_id":82271,"field1":"11.375","field2":"7.875"},{"created_at":"2020-04-16T19:22:41-07:00","entry_id":82272,"field1":"11.3125","field2":"7.875"},{"created_at":"2020-04-16T19:32:17-07:00","entry_id":82273,"field1":"11.3125","field2":"7.5625"},{"created_at":"2020-04-16T19:41:55-07:00","entry_id":82274,"field1":"11.25","field2":"7.375"},{"created_at":"2020-04-16T19:51:32-07:00","entry_id":82275,"field1":"11.25","field2":"7.25"},{"created_at":"2020-04-16T20:01:10-07:00","entry_id":82276,"field1":"11.1875","field2":"7.0625"},{"created_at":"2020-04-16T20:10:51-07:00","entry_id":82277,"field1":"11.1875","field2":"6.9375"},{"created_at":"2020-04-16T20:20:28-07:00","entry_id":82278,"field1":"11.1875","field2":"6.75"},{"created_at":"2020-04-16T20:30:04-07:00","entry_id":82279,"field1":"11.125","field2":"6.625"},{"created_at":"2020-04-16T20:39:41-07:00","entry_id":82280,"field1":"11.0625","field2":"6.4375"},{"created_at":"2020-04-16T20:49:19-07:00","entry_id":82281,"field1":"11","field2":"6.375"},{"created_at":"2020-04-16T20:58:56-07:00","entry_id":82282,"field1":"11","field2":"6.125"},{"created_at":"2020-04-16T21:08:33-07:00","entry_id":82283,"field1":"10.9375","field2":"5.9375"},{"created_at":"2020-04-16T21:18:10-07:00","entry_id":82284,"field1":"10.875","field2":"5.75"},{"created_at":"2020-04-16T21:27:47-07:00","entry_id":82285,"field1":"10.8125","field2":"5.75"},{"created_at":"2020-04-16T21:37:24-07:00","entry_id":82286,"field1":"10.8125","field2":"5.6875"},{"created_at":"2020-04-16T21:46:59-07:00","entry_id":82287,"field1":"10.75","field2":"5.5"},{"created_at":"2020-04-16T21:56:36-07:00","entry_id":82288,"field1":"10.6875","field2":"5.0625"},{"created_at":"2020-04-16T22:06:13-07:00","entry_id":82289,"field1":"10.6875","field2":"4.875"},{"created_at":"2020-04-16T22:15:55-07:00","entry_id":82290,"field1":"10.625","field2":"4.8125"},{"created_at":"2020-04-16T22:25:30-07:00","entry_id":82291,"field1":"10.5625","field2":"4.6875"},{"created_at":"2020-04-16T22:35:07-07:00","entry_id":82292,"field1":"10.5","field2":"4.8125"},{"created_at":"2020-04-16T22:44:45-07:00","entry_id":82293,"field1":"10.5","field2":"4.625"},{"created_at":"2020-04-16T22:54:22-07:00","entry_id":82294,"field1":"10.4375","field2":"4.5625"},{"created_at":"2020-04-16T23:04:00-07:00","entry_id":82295,"field1":"10.375","field2":"4.375"},{"created_at":"2020-04-16T23:13:36-07:00","entry_id":82296,"field1":"10.3125","field2":"4.25"},{"created_at":"2020-04-16T23:23:14-07:00","entry_id":82297,"field1":"10.25","field2":"4.1875"},{"created_at":"2020-04-16T23:32:51-07:00","entry_id":82298,"field1":"10.25","field2":"4.1875"},{"created_at":"2020-04-16T23:42:28-07:00","entry_id":82299,"field1":"10.1875","field2":"3.875"},{"created_at":"2020-04-16T23:52:05-07:00","entry_id":82300,"field1":"10.125","field2":"3.8125"}]}