{"channel":{"id":581842,"name":"Upstairs Small Window Indoor / Outdoor Sensor","latitude":"0.0","longitude":"0.0","field1":"Indoor Temperature","field2":"Outdoor Temperature","created_at":"2018-09-23T15:37:52-07:00","updated_at":"2020-07-27T05:59:41-07:00","last_entry_id":150128},"feeds":[{"created_at":"2019-02-15T00:04:59-08:00","entry_id":20012,"field1":"-6.6875","field2":"-6.75"},{"created_at":"2019-02-15T00:14:35-08:00","entry_id":20013,"field1":"-6.6875","field2":"-6.625"},{"created_at":"2019-02-15T00:24:12-08:00","entry_id":20014,"field1":"-6.6875","field2":"-6.75"},{"created_at":"2019-02-15T00:33:52-08:00","entry_id":20015,"field1":"-6.6875","field2":"-6.75"},{"created_at":"2019-02-15T00:43:26-08:00","entry_id":20016,"field1":"-6.6875","field2":"-6.625"},{"created_at":"2019-02-15T00:53:03-08:00","entry_id":20017,"field1":"-6.6875","field2":"-6.5625"},{"created_at":"2019-02-15T01:02:39-08:00","entry_id":20018,"field1":"-6.6875","field2":"-6.6875"},{"created_at":"2019-02-15T01:12:15-08:00","entry_id":20019,"field1":"-6.6875","field2":"-6.625"},{"created_at":"2019-02-15T01:21:52-08:00","entry_id":20020,"field1":"-6.6875","field2":"-6.625"},{"created_at":"2019-02-15T01:31:28-08:00","entry_id":20021,"field1":"-6.6875","field2":"-6.5625"},{"created_at":"2019-02-15T01:41:05-08:00","entry_id":20022,"field1":"-6.6875","field2":"-6.5"},{"created_at":"2019-02-15T01:50:40-08:00","entry_id":20023,"field1":"-6.6875","field2":"-6.4375"},{"created_at":"2019-02-15T02:00:21-08:00","entry_id":20024,"field1":"-6.6875","field2":"-6.375"},{"created_at":"2019-02-15T02:09:55-08:00","entry_id":20025,"field1":"-6.6875","field2":"-6.375"},{"created_at":"2019-02-15T02:19:32-08:00","entry_id":20026,"field1":"-6.6875","field2":"-6.625"},{"created_at":"2019-02-15T02:29:07-08:00","entry_id":20027,"field1":"-6.6875","field2":"-6.5"},{"created_at":"2019-02-15T02:38:44-08:00","entry_id":20028,"field1":"-6.6875","field2":"-6.4375"},{"created_at":"2019-02-15T02:48:21-08:00","entry_id":20029,"field1":"-6.6875","field2":"-6.375"},{"created_at":"2019-02-15T02:57:57-08:00","entry_id":20030,"field1":"-6.625","field2":"-6.1875"},{"created_at":"2019-02-15T03:07:33-08:00","entry_id":20031,"field1":"-6.625","field2":"-6.25"},{"created_at":"2019-02-15T03:17:10-08:00","entry_id":20032,"field1":"-6.625","field2":"-6.25"},{"created_at":"2019-02-15T03:26:47-08:00","entry_id":20033,"field1":"-6.625","field2":"-6.1875"},{"created_at":"2019-02-15T03:36:23-08:00","entry_id":20034,"field1":"-6.625","field2":"-6.3125"},{"created_at":"2019-02-15T03:46:00-08:00","entry_id":20035,"field1":"-6.625","field2":"-6.25"},{"created_at":"2019-02-15T03:55:36-08:00","entry_id":20036,"field1":"-6.625","field2":"-6.1875"},{"created_at":"2019-02-15T04:05:15-08:00","entry_id":20037,"field1":"-6.625","field2":"-6.1875"},{"created_at":"2019-02-15T04:14:50-08:00","entry_id":20038,"field1":"-6.625","field2":"-6.1875"},{"created_at":"2019-02-15T04:24:27-08:00","entry_id":20039,"field1":"-6.5625","field2":"-6.1875"},{"created_at":"2019-02-15T04:34:03-08:00","entry_id":20040,"field1":"-6.5625","field2":"-6.1875"},{"created_at":"2019-02-15T04:43:39-08:00","entry_id":20041,"field1":"-6.5625","field2":"-6.1875"},{"created_at":"2019-02-15T04:53:15-08:00","entry_id":20042,"field1":"-6.5625","field2":"-6.1875"},{"created_at":"2019-02-15T05:02:52-08:00","entry_id":20043,"field1":"-6.5625","field2":"-6.0625"},{"created_at":"2019-02-15T05:12:28-08:00","entry_id":20044,"field1":"-6.5625","field2":"-6.0625"},{"created_at":"2019-02-15T05:22:04-08:00","entry_id":20045,"field1":"-6.5625","field2":"-6.125"},{"created_at":"2019-02-15T05:31:40-08:00","entry_id":20046,"field1":"-6.5625","field2":"-6.125"},{"created_at":"2019-02-15T05:41:16-08:00","entry_id":20047,"field1":"-6.5625","field2":"-6.1875"},{"created_at":"2019-02-15T05:50:56-08:00","entry_id":20048,"field1":"-6.5625","field2":"-6.125"},{"created_at":"2019-02-15T06:00:31-08:00","entry_id":20049,"field1":"-6.5625","field2":"-6"},{"created_at":"2019-02-15T06:10:08-08:00","entry_id":20050,"field1":"-6.5625","field2":"-5.875"},{"created_at":"2019-02-15T06:19:45-08:00","entry_id":20051,"field1":"-6.5625","field2":"-5.6875"},{"created_at":"2019-02-15T06:29:21-08:00","entry_id":20052,"field1":"-6.5","field2":"-5.6875"},{"created_at":"2019-02-15T06:38:57-08:00","entry_id":20053,"field1":"-6.5","field2":"-5.5625"},{"created_at":"2019-02-15T06:48:33-08:00","entry_id":20054,"field1":"-6.5","field2":"-5.625"},{"created_at":"2019-02-15T06:58:09-08:00","entry_id":20055,"field1":"-6.5","field2":"-5.5"},{"created_at":"2019-02-15T07:07:45-08:00","entry_id":20056,"field1":"-6.4375","field2":"-5.4375"},{"created_at":"2019-02-15T07:17:22-08:00","entry_id":20057,"field1":"-6.4375","field2":"-5.5625"},{"created_at":"2019-02-15T07:37:02-08:00","entry_id":20058,"field1":"-6.4375","field2":"-5.3125"},{"created_at":"2019-02-15T07:46:39-08:00","entry_id":20059,"field1":"-6.4375","field2":"-5.25"},{"created_at":"2019-02-15T07:56:15-08:00","entry_id":20060,"field1":"-6.4375","field2":"-5.3125"},{"created_at":"2019-02-15T08:05:51-08:00","entry_id":20061,"field1":"-6.4375","field2":"-5.25"},{"created_at":"2019-02-15T08:15:28-08:00","entry_id":20062,"field1":"-6.375","field2":"-5.125"},{"created_at":"2019-02-15T08:25:04-08:00","entry_id":20063,"field1":"-6.375","field2":"-5"},{"created_at":"2019-02-15T08:34:41-08:00","entry_id":20064,"field1":"-6.375","field2":"-4.8125"},{"created_at":"2019-02-15T08:44:18-08:00","entry_id":20065,"field1":"-6.375","field2":"-4.6875"},{"created_at":"2019-02-15T08:53:54-08:00","entry_id":20066,"field1":"-6.375","field2":"-4.5"},{"created_at":"2019-02-15T09:03:30-08:00","entry_id":20067,"field1":"-6.3125","field2":"-4.5"},{"created_at":"2019-02-15T09:13:08-08:00","entry_id":20068,"field1":"-6.3125","field2":"-4.375"},{"created_at":"2019-02-15T09:22:45-08:00","entry_id":20069,"field1":"-6.25","field2":"-4.125"},{"created_at":"2019-02-15T09:32:21-08:00","entry_id":20070,"field1":"-6.25","field2":"-3.9375"},{"created_at":"2019-02-15T09:42:00-08:00","entry_id":20071,"field1":"-6.1875","field2":"-3.75"},{"created_at":"2019-02-15T09:51:45-08:00","entry_id":20072,"field1":"-6.1875","field2":"-3.625"},{"created_at":"2019-02-15T10:01:26-08:00","entry_id":20073,"field1":"-6.125","field2":"-3.6875"},{"created_at":"2019-02-15T10:11:02-08:00","entry_id":20074,"field1":"-6.0625","field2":"-3.4375"},{"created_at":"2019-02-15T10:20:38-08:00","entry_id":20075,"field1":"-6.0625","field2":"-3.3125"},{"created_at":"2019-02-15T10:30:14-08:00","entry_id":20076,"field1":"-6","field2":"-3.125"},{"created_at":"2019-02-15T10:39:51-08:00","entry_id":20077,"field1":"-5.9375","field2":"-2.875"},{"created_at":"2019-02-15T10:49:28-08:00","entry_id":20078,"field1":"-5.875","field2":"-2.875"},{"created_at":"2019-02-15T10:59:04-08:00","entry_id":20079,"field1":"-5.875","field2":"-2.875"},{"created_at":"2019-02-15T11:08:40-08:00","entry_id":20080,"field1":"-5.8125","field2":"-2.8125"},{"created_at":"2019-02-15T11:18:16-08:00","entry_id":20081,"field1":"-5.75","field2":"-2.75"},{"created_at":"2019-02-15T11:27:57-08:00","entry_id":20082,"field1":"-5.75","field2":"-2.6875"},{"created_at":"2019-02-15T11:37:32-08:00","entry_id":20083,"field1":"-5.6875","field2":"-2.625"},{"created_at":"2019-02-15T11:47:08-08:00","entry_id":20084,"field1":"-5.625","field2":"-2.625"},{"created_at":"2019-02-15T11:56:44-08:00","entry_id":20085,"field1":"-5.625","field2":"-2.5"},{"created_at":"2019-02-15T12:06:21-08:00","entry_id":20086,"field1":"-5.5625","field2":"-2.125"},{"created_at":"2019-02-15T12:15:58-08:00","entry_id":20087,"field1":"-5.5","field2":"-2.25"},{"created_at":"2019-02-15T12:25:35-08:00","entry_id":20088,"field1":"-5.4375","field2":"-2.375"},{"created_at":"2019-02-15T12:35:11-08:00","entry_id":20089,"field1":"-5.375","field2":"-2.4375"},{"created_at":"2019-02-15T12:44:50-08:00","entry_id":20090,"field1":"-5.375","field2":"-2.375"},{"created_at":"2019-02-15T12:54:26-08:00","entry_id":20091,"field1":"-5.3125","field2":"-2.5"},{"created_at":"2019-02-15T13:04:02-08:00","entry_id":20092,"field1":"-5.25","field2":"-2.375"},{"created_at":"2019-02-15T13:13:41-08:00","entry_id":20093,"field1":"-5.1875","field2":"-2.0625"},{"created_at":"2019-02-15T13:23:17-08:00","entry_id":20094,"field1":"-5.125","field2":"-1.75"},{"created_at":"2019-02-15T13:32:54-08:00","entry_id":20095,"field1":"-5.0625","field2":"-1.9375"},{"created_at":"2019-02-15T13:42:30-08:00","entry_id":20096,"field1":"-5","field2":"-1.9375"},{"created_at":"2019-02-15T13:52:06-08:00","entry_id":20097,"field1":"-4.9375","field2":"-1.6875"},{"created_at":"2019-02-15T14:01:43-08:00","entry_id":20098,"field1":"-4.875","field2":"-1.5"},{"created_at":"2019-02-15T14:11:19-08:00","entry_id":20099,"field1":"-4.8125","field2":"-1.4375"},{"created_at":"2019-02-15T14:20:56-08:00","entry_id":20100,"field1":"-4.75","field2":"-1.5625"},{"created_at":"2019-02-15T14:30:33-08:00","entry_id":20101,"field1":"-4.6875","field2":"-1.4375"},{"created_at":"2019-02-15T14:40:09-08:00","entry_id":20102,"field1":"-4.6875","field2":"-1.5"},{"created_at":"2019-02-15T14:49:45-08:00","entry_id":20103,"field1":"-4.625","field2":"-1.4375"},{"created_at":"2019-02-15T14:59:22-08:00","entry_id":20104,"field1":"-4.625","field2":"-1.3125"},{"created_at":"2019-02-15T15:08:58-08:00","entry_id":20105,"field1":"-4.5625","field2":"-1.0625"},{"created_at":"2019-02-15T15:18:38-08:00","entry_id":20106,"field1":"-4.5625","field2":"-0.8125"},{"created_at":"2019-02-15T15:28:13-08:00","entry_id":20107,"field1":"-4.5","field2":"-0.875"},{"created_at":"2019-02-15T15:37:49-08:00","entry_id":20108,"field1":"-4.5","field2":"-0.75"},{"created_at":"2019-02-15T15:47:26-08:00","entry_id":20109,"field1":"-4.4375","field2":"-0.6875"},{"created_at":"2019-02-15T15:57:03-08:00","entry_id":20110,"field1":"-4.4375","field2":"-0.75"},{"created_at":"2019-02-15T16:06:40-08:00","entry_id":20111,"field1":"-4.375","field2":"-0.8125"},{"created_at":"2019-02-15T16:16:17-08:00","entry_id":20112,"field1":"-4.375","field2":"-0.875"},{"created_at":"2019-02-15T16:25:54-08:00","entry_id":20113,"field1":"-4.3125","field2":"-1.0625"},{"created_at":"2019-02-15T16:35:30-08:00","entry_id":20114,"field1":"-4.3125","field2":"-1.0625"},{"created_at":"2019-02-15T16:45:07-08:00","entry_id":20115,"field1":"-4.3125","field2":"-1.1875"},{"created_at":"2019-02-15T16:54:44-08:00","entry_id":20116,"field1":"-4.25","field2":"-1.25"},{"created_at":"2019-02-15T17:04:22-08:00","entry_id":20117,"field1":"-4.25","field2":"-1.375"},{"created_at":"2019-02-15T17:13:58-08:00","entry_id":20118,"field1":"-4.25","field2":"-1.4375"},{"created_at":"2019-02-15T17:23:34-08:00","entry_id":20119,"field1":"-4.25","field2":"-1.5"},{"created_at":"2019-02-15T17:33:11-08:00","entry_id":20120,"field1":"-4.25","field2":"-1.5625"},{"created_at":"2019-02-15T17:42:47-08:00","entry_id":20121,"field1":"-4.1875","field2":"-1.625"},{"created_at":"2019-02-15T17:52:24-08:00","entry_id":20122,"field1":"-4.1875","field2":"-1.6875"},{"created_at":"2019-02-15T18:02:02-08:00","entry_id":20123,"field1":"-4.1875","field2":"-1.6875"},{"created_at":"2019-02-15T18:11:38-08:00","entry_id":20124,"field1":"-4.1875","field2":"-1.75"},{"created_at":"2019-02-15T18:21:19-08:00","entry_id":20125,"field1":"-4.1875","field2":"-1.75"},{"created_at":"2019-02-15T18:30:53-08:00","entry_id":20126,"field1":"-4.1875","field2":"-1.75"},{"created_at":"2019-02-15T18:40:30-08:00","entry_id":20127,"field1":"-4.125","field2":"-1.75"},{"created_at":"2019-02-15T18:50:07-08:00","entry_id":20128,"field1":"-4.125","field2":"-1.75"},{"created_at":"2019-02-15T18:59:44-08:00","entry_id":20129,"field1":"-4.125","field2":"-1.8125"},{"created_at":"2019-02-15T19:09:20-08:00","entry_id":20130,"field1":"-4.125","field2":"-1.8125"},{"created_at":"2019-02-15T19:18:57-08:00","entry_id":20131,"field1":"-4.125","field2":"-1.8125"},{"created_at":"2019-02-15T19:28:34-08:00","entry_id":20132,"field1":"-4.125","field2":"-1.8125"},{"created_at":"2019-02-15T19:38:11-08:00","entry_id":20133,"field1":"-4.0625","field2":"-1.8125"},{"created_at":"2019-02-15T19:47:47-08:00","entry_id":20134,"field1":"-4.0625","field2":"-1.8125"},{"created_at":"2019-02-15T19:57:24-08:00","entry_id":20135,"field1":"-4.0625","field2":"-1.875"},{"created_at":"2019-02-15T20:07:01-08:00","entry_id":20136,"field1":"-4.0625","field2":"-1.875"},{"created_at":"2019-02-15T20:16:37-08:00","entry_id":20137,"field1":"-4.0625","field2":"-1.875"},{"created_at":"2019-02-15T20:26:14-08:00","entry_id":20138,"field1":"-4.0625","field2":"-1.875"},{"created_at":"2019-02-15T20:35:51-08:00","entry_id":20139,"field1":"-4.0625","field2":"-1.875"},{"created_at":"2019-02-15T20:45:27-08:00","entry_id":20140,"field1":"-4","field2":"-1.9375"},{"created_at":"2019-02-15T20:55:04-08:00","entry_id":20141,"field1":"-4","field2":"-1.9375"},{"created_at":"2019-02-15T21:04:40-08:00","entry_id":20142,"field1":"-4","field2":"-2"},{"created_at":"2019-02-15T21:14:16-08:00","entry_id":20143,"field1":"-4","field2":"-2"},{"created_at":"2019-02-15T21:23:53-08:00","entry_id":20144,"field1":"-4","field2":"-2"},{"created_at":"2019-02-15T21:33:30-08:00","entry_id":20145,"field1":"-4","field2":"-2"},{"created_at":"2019-02-15T21:43:07-08:00","entry_id":20146,"field1":"-4","field2":"-2"},{"created_at":"2019-02-15T21:52:43-08:00","entry_id":20147,"field1":"-3.9375","field2":"-1.9375"},{"created_at":"2019-02-15T22:02:21-08:00","entry_id":20148,"field1":"-3.9375","field2":"-1.9375"},{"created_at":"2019-02-15T22:11:57-08:00","entry_id":20149,"field1":"-3.9375","field2":"-2"},{"created_at":"2019-02-15T22:21:33-08:00","entry_id":20150,"field1":"-3.9375","field2":"-2"},{"created_at":"2019-02-15T22:31:10-08:00","entry_id":20151,"field1":"-3.9375","field2":"-2"},{"created_at":"2019-02-15T22:40:46-08:00","entry_id":20152,"field1":"-3.9375","field2":"-2"},{"created_at":"2019-02-15T22:50:23-08:00","entry_id":20153,"field1":"-3.875","field2":"-1.9375"},{"created_at":"2019-02-15T23:00:00-08:00","entry_id":20154,"field1":"-3.875","field2":"-1.9375"},{"created_at":"2019-02-15T23:09:36-08:00","entry_id":20155,"field1":"-3.875","field2":"-1.875"},{"created_at":"2019-02-15T23:19:12-08:00","entry_id":20156,"field1":"-3.875","field2":"-1.9375"},{"created_at":"2019-02-15T23:28:48-08:00","entry_id":20157,"field1":"-3.875","field2":"-2"},{"created_at":"2019-02-15T23:38:26-08:00","entry_id":20158,"field1":"-3.875","field2":"-1.9375"},{"created_at":"2019-02-15T23:48:02-08:00","entry_id":20159,"field1":"-3.8125","field2":"-2"},{"created_at":"2019-02-15T23:57:40-08:00","entry_id":20160,"field1":"-3.8125","field2":"-2"}]}