{"channel":{"id":581842,"name":"Upstairs Small Window Indoor / Outdoor Sensor","latitude":"0.0","longitude":"0.0","field1":"Indoor Temperature","field2":"Outdoor Temperature","created_at":"2018-09-23T15:37:52-07:00","updated_at":"2020-07-27T05:59:41-07:00","last_entry_id":391039},"feeds":[{"created_at":"2026-01-22T00:03:47-08:00","entry_id":390758,"field1":"-1.25","field2":"-2.5625"},{"created_at":"2026-01-22T00:13:23-08:00","entry_id":390759,"field1":"-1.25","field2":"-2.5625"},{"created_at":"2026-01-22T00:23:01-08:00","entry_id":390760,"field1":"-1.25","field2":"-2.625"},{"created_at":"2026-01-22T00:32:36-08:00","entry_id":390761,"field1":"-1.3125","field2":"-2.625"},{"created_at":"2026-01-22T00:42:14-08:00","entry_id":390762,"field1":"-1.3125","field2":"-2.5625"},{"created_at":"2026-01-22T00:51:51-08:00","entry_id":390763,"field1":"-1.3125","field2":"-2.75"},{"created_at":"2026-01-22T01:01:26-08:00","entry_id":390764,"field1":"-1.3125","field2":"-2.8125"},{"created_at":"2026-01-22T01:11:04-08:00","entry_id":390765,"field1":"-1.3125","field2":"-2.8125"},{"created_at":"2026-01-22T01:20:40-08:00","entry_id":390766,"field1":"-1.3125","field2":"-2.8125"},{"created_at":"2026-01-22T01:30:18-08:00","entry_id":390767,"field1":"-1.3125","field2":"-2.8125"},{"created_at":"2026-01-22T01:39:53-08:00","entry_id":390768,"field1":"-1.3125","field2":"-2.8125"},{"created_at":"2026-01-22T01:49:29-08:00","entry_id":390769,"field1":"-1.3125","field2":"-2.875"},{"created_at":"2026-01-22T01:59:07-08:00","entry_id":390770,"field1":"-1.375","field2":"-2.875"},{"created_at":"2026-01-22T02:08:42-08:00","entry_id":390771,"field1":"-1.3125","field2":"-2.9375"},{"created_at":"2026-01-22T02:18:20-08:00","entry_id":390772,"field1":"-1.375","field2":"-2.875"},{"created_at":"2026-01-22T02:27:55-08:00","entry_id":390773,"field1":"-1.375","field2":"-2.9375"},{"created_at":"2026-01-22T02:37:32-08:00","entry_id":390774,"field1":"-1.375","field2":"-3"},{"created_at":"2026-01-22T02:47:08-08:00","entry_id":390775,"field1":"-1.375","field2":"-3"},{"created_at":"2026-01-22T02:56:44-08:00","entry_id":390776,"field1":"-1.375","field2":"-3"},{"created_at":"2026-01-22T03:06:22-08:00","entry_id":390777,"field1":"-1.375","field2":"-3.0625"},{"created_at":"2026-01-22T03:15:58-08:00","entry_id":390778,"field1":"-1.375","field2":"-3.0625"},{"created_at":"2026-01-22T03:25:34-08:00","entry_id":390779,"field1":"-1.375","field2":"-3.125"},{"created_at":"2026-01-22T03:35:10-08:00","entry_id":390780,"field1":"-1.375","field2":"-3.125"},{"created_at":"2026-01-22T03:44:48-08:00","entry_id":390781,"field1":"-1.375","field2":"-3.1875"},{"created_at":"2026-01-22T03:54:23-08:00","entry_id":390782,"field1":"-1.4375","field2":"-3.125"},{"created_at":"2026-01-22T04:03:59-08:00","entry_id":390783,"field1":"-1.4375","field2":"-3.25"},{"created_at":"2026-01-22T04:13:35-08:00","entry_id":390784,"field1":"-1.4375","field2":"-3.25"},{"created_at":"2026-01-22T04:23:13-08:00","entry_id":390785,"field1":"-1.4375","field2":"-3.3125"},{"created_at":"2026-01-22T04:32:48-08:00","entry_id":390786,"field1":"-1.4375","field2":"-3.375"},{"created_at":"2026-01-22T04:42:26-08:00","entry_id":390787,"field1":"-1.4375","field2":"-3.375"},{"created_at":"2026-01-22T04:52:03-08:00","entry_id":390788,"field1":"-1.5","field2":"-3.5"},{"created_at":"2026-01-22T05:01:38-08:00","entry_id":390789,"field1":"-1.5","field2":"-3.5"},{"created_at":"2026-01-22T05:11:14-08:00","entry_id":390790,"field1":"-1.5","field2":"-3.5"},{"created_at":"2026-01-22T05:20:51-08:00","entry_id":390791,"field1":"-1.5","field2":"-3.4375"},{"created_at":"2026-01-22T05:30:27-08:00","entry_id":390792,"field1":"-1.5","field2":"-3.4375"},{"created_at":"2026-01-22T05:40:04-08:00","entry_id":390793,"field1":"-1.5","field2":"-3.5625"},{"created_at":"2026-01-22T05:49:40-08:00","entry_id":390794,"field1":"-1.5","field2":"-3.625"},{"created_at":"2026-01-22T05:59:17-08:00","entry_id":390795,"field1":"-1.5","field2":"-3.5625"},{"created_at":"2026-01-22T06:08:52-08:00","entry_id":390796,"field1":"-1.5625","field2":"-3.6875"},{"created_at":"2026-01-22T06:18:30-08:00","entry_id":390797,"field1":"-1.5625","field2":"-3.5625"},{"created_at":"2026-01-22T06:28:06-08:00","entry_id":390798,"field1":"-1.5625","field2":"-3.6875"},{"created_at":"2026-01-22T06:37:44-08:00","entry_id":390799,"field1":"-1.5625","field2":"-3.5"},{"created_at":"2026-01-22T06:47:19-08:00","entry_id":390800,"field1":"-1.5625","field2":"-3.625"},{"created_at":"2026-01-22T06:56:56-08:00","entry_id":390801,"field1":"-1.5625","field2":"-3.625"},{"created_at":"2026-01-22T07:06:33-08:00","entry_id":390802,"field1":"-1.5625","field2":"-3.75"},{"created_at":"2026-01-22T07:16:08-08:00","entry_id":390803,"field1":"-1.5625","field2":"-3.8125"},{"created_at":"2026-01-22T07:25:44-08:00","entry_id":390804,"field1":"-1.625","field2":"-3.875"},{"created_at":"2026-01-22T07:35:21-08:00","entry_id":390805,"field1":"-1.625","field2":"-3.75"},{"created_at":"2026-01-22T07:44:58-08:00","entry_id":390806,"field1":"-1.625","field2":"-3.875"},{"created_at":"2026-01-22T07:54:35-08:00","entry_id":390807,"field1":"-1.625","field2":"-3.875"},{"created_at":"2026-01-22T08:04:10-08:00","entry_id":390808,"field1":"-1.625","field2":"-3.8125"},{"created_at":"2026-01-22T08:13:48-08:00","entry_id":390809,"field1":"-1.625","field2":"-3.8125"},{"created_at":"2026-01-22T08:23:24-08:00","entry_id":390810,"field1":"-1.625","field2":"-4"},{"created_at":"2026-01-22T08:33:02-08:00","entry_id":390811,"field1":"-1.6875","field2":"-3.9375"},{"created_at":"2026-01-22T08:42:37-08:00","entry_id":390812,"field1":"-1.6875","field2":"-3.8125"},{"created_at":"2026-01-22T08:52:13-08:00","entry_id":390813,"field1":"-1.6875","field2":"-3.9375"},{"created_at":"2026-01-22T09:01:49-08:00","entry_id":390814,"field1":"-1.6875","field2":"-4"},{"created_at":"2026-01-22T09:11:26-08:00","entry_id":390815,"field1":"-1.6875","field2":"-4"},{"created_at":"2026-01-22T09:21:03-08:00","entry_id":390816,"field1":"-1.6875","field2":"-3.875"},{"created_at":"2026-01-22T09:30:38-08:00","entry_id":390817,"field1":"-1.6875","field2":"-3.8125"},{"created_at":"2026-01-22T09:40:16-08:00","entry_id":390818,"field1":"-1.6875","field2":"-3.75"},{"created_at":"2026-01-22T09:49:53-08:00","entry_id":390819,"field1":"-1.75","field2":"-3.625"},{"created_at":"2026-01-22T09:59:29-08:00","entry_id":390820,"field1":"-1.75","field2":"-3.5625"},{"created_at":"2026-01-22T10:09:05-08:00","entry_id":390821,"field1":"-1.75","field2":"-3.625"},{"created_at":"2026-01-22T10:18:41-08:00","entry_id":390822,"field1":"-1.75","field2":"-3.5625"},{"created_at":"2026-01-22T10:28:19-08:00","entry_id":390823,"field1":"-1.75","field2":"-3.5"},{"created_at":"2026-01-22T10:37:56-08:00","entry_id":390824,"field1":"-1.75","field2":"-3.4375"},{"created_at":"2026-01-22T10:47:33-08:00","entry_id":390825,"field1":"-1.75","field2":"-3.5"},{"created_at":"2026-01-22T10:57:08-08:00","entry_id":390826,"field1":"-1.75","field2":"-3.375"},{"created_at":"2026-01-22T11:06:44-08:00","entry_id":390827,"field1":"-1.75","field2":"-3.1875"},{"created_at":"2026-01-22T11:16:20-08:00","entry_id":390828,"field1":"-1.75","field2":"-3.1875"},{"created_at":"2026-01-22T11:25:56-08:00","entry_id":390829,"field1":"-1.75","field2":"-3.1875"},{"created_at":"2026-01-22T11:35:34-08:00","entry_id":390830,"field1":"-1.75","field2":"-3.0625"},{"created_at":"2026-01-22T11:45:11-08:00","entry_id":390831,"field1":"-1.75","field2":"-3"},{"created_at":"2026-01-22T11:54:47-08:00","entry_id":390832,"field1":"-1.75","field2":"-3"},{"created_at":"2026-01-22T12:04:24-08:00","entry_id":390833,"field1":"-1.75","field2":"-2.9375"},{"created_at":"2026-01-22T12:14:00-08:00","entry_id":390834,"field1":"-1.75","field2":"-2.9375"},{"created_at":"2026-01-22T12:23:36-08:00","entry_id":390835,"field1":"-1.75","field2":"-3"},{"created_at":"2026-01-22T12:33:12-08:00","entry_id":390836,"field1":"-1.75","field2":"-2.875"},{"created_at":"2026-01-22T12:42:49-08:00","entry_id":390837,"field1":"-1.75","field2":"-2.9375"},{"created_at":"2026-01-22T12:52:26-08:00","entry_id":390838,"field1":"-1.75","field2":"-2.9375"},{"created_at":"2026-01-22T13:02:02-08:00","entry_id":390839,"field1":"-1.75","field2":"-2.8125"},{"created_at":"2026-01-22T13:11:38-08:00","entry_id":390840,"field1":"-1.75","field2":"-2.75"},{"created_at":"2026-01-22T13:21:14-08:00","entry_id":390841,"field1":"-1.75","field2":"-2.875"},{"created_at":"2026-01-22T13:30:52-08:00","entry_id":390842,"field1":"-1.75","field2":"-2.8125"},{"created_at":"2026-01-22T13:40:28-08:00","entry_id":390843,"field1":"-1.75","field2":"-2.8125"},{"created_at":"2026-01-22T13:50:04-08:00","entry_id":390844,"field1":"-1.75","field2":"-2.625"},{"created_at":"2026-01-22T13:59:42-08:00","entry_id":390845,"field1":"-1.75","field2":"-2.625"},{"created_at":"2026-01-22T14:09:17-08:00","entry_id":390846,"field1":"-1.75","field2":"-2.625"},{"created_at":"2026-01-22T14:18:55-08:00","entry_id":390847,"field1":"-1.6875","field2":"-2.625"},{"created_at":"2026-01-22T14:28:31-08:00","entry_id":390848,"field1":"-1.6875","field2":"-2.5"},{"created_at":"2026-01-22T14:38:08-08:00","entry_id":390849,"field1":"-1.6875","field2":"-2.5"},{"created_at":"2026-01-22T14:47:43-08:00","entry_id":390850,"field1":"-1.6875","field2":"-2.5625"},{"created_at":"2026-01-22T14:57:21-08:00","entry_id":390851,"field1":"-1.6875","field2":"-2.625"},{"created_at":"2026-01-22T15:06:58-08:00","entry_id":390852,"field1":"-1.6875","field2":"-2.6875"},{"created_at":"2026-01-22T15:16:35-08:00","entry_id":390853,"field1":"-1.6875","field2":"-2.625"},{"created_at":"2026-01-22T15:26:12-08:00","entry_id":390854,"field1":"-1.6875","field2":"-2.5625"},{"created_at":"2026-01-22T15:35:49-08:00","entry_id":390855,"field1":"-1.6875","field2":"-2.5625"},{"created_at":"2026-01-22T15:45:24-08:00","entry_id":390856,"field1":"-1.6875","field2":"-2.625"},{"created_at":"2026-01-22T15:55:01-08:00","entry_id":390857,"field1":"-1.6875","field2":"-2.625"},{"created_at":"2026-01-22T16:04:36-08:00","entry_id":390858,"field1":"-1.6875","field2":"-2.75"},{"created_at":"2026-01-22T16:14:18-08:00","entry_id":390859,"field1":"-1.6875","field2":"-2.6875"},{"created_at":"2026-01-22T16:23:53-08:00","entry_id":390860,"field1":"-1.6875","field2":"-2.6875"},{"created_at":"2026-01-22T16:33:30-08:00","entry_id":390861,"field1":"-1.6875","field2":"-2.6875"},{"created_at":"2026-01-22T16:43:06-08:00","entry_id":390862,"field1":"-1.6875","field2":"-2.6875"},{"created_at":"2026-01-22T16:52:42-08:00","entry_id":390863,"field1":"-1.6875","field2":"-2.75"},{"created_at":"2026-01-22T17:02:20-08:00","entry_id":390864,"field1":"-1.6875","field2":"-2.8125"},{"created_at":"2026-01-22T17:11:55-08:00","entry_id":390865,"field1":"-1.75","field2":"-2.875"},{"created_at":"2026-01-22T17:21:33-08:00","entry_id":390866,"field1":"-1.6875","field2":"-2.8125"},{"created_at":"2026-01-22T17:31:09-08:00","entry_id":390867,"field1":"-1.6875","field2":"-2.8125"},{"created_at":"2026-01-22T17:40:45-08:00","entry_id":390868,"field1":"-1.75","field2":"-2.9375"},{"created_at":"2026-01-22T17:50:21-08:00","entry_id":390869,"field1":"-1.75","field2":"-2.8125"},{"created_at":"2026-01-22T17:59:58-08:00","entry_id":390870,"field1":"-1.75","field2":"-2.875"},{"created_at":"2026-01-22T18:09:34-08:00","entry_id":390871,"field1":"-1.75","field2":"-2.875"},{"created_at":"2026-01-22T18:19:10-08:00","entry_id":390872,"field1":"-1.75","field2":"-2.875"},{"created_at":"2026-01-22T18:28:46-08:00","entry_id":390873,"field1":"-1.75","field2":"-2.875"},{"created_at":"2026-01-22T18:38:22-08:00","entry_id":390874,"field1":"-1.75","field2":"-2.9375"},{"created_at":"2026-01-22T18:47:58-08:00","entry_id":390875,"field1":"-1.75","field2":"-2.875"},{"created_at":"2026-01-22T18:57:36-08:00","entry_id":390876,"field1":"-1.75","field2":"-3"},{"created_at":"2026-01-22T19:07:11-08:00","entry_id":390877,"field1":"-1.75","field2":"-3"},{"created_at":"2026-01-22T19:16:47-08:00","entry_id":390878,"field1":"-1.75","field2":"-2.9375"},{"created_at":"2026-01-22T19:26:23-08:00","entry_id":390879,"field1":"-1.75","field2":"-2.9375"},{"created_at":"2026-01-22T19:36:01-08:00","entry_id":390880,"field1":"-1.75","field2":"-3"},{"created_at":"2026-01-22T19:45:38-08:00","entry_id":390881,"field1":"-1.75","field2":"-3.0625"},{"created_at":"2026-01-22T19:55:14-08:00","entry_id":390882,"field1":"-1.75","field2":"-3"},{"created_at":"2026-01-22T20:04:50-08:00","entry_id":390883,"field1":"-1.75","field2":"-3"},{"created_at":"2026-01-22T20:14:27-08:00","entry_id":390884,"field1":"-1.8125","field2":"-3"},{"created_at":"2026-01-22T20:24:03-08:00","entry_id":390885,"field1":"-1.8125","field2":"-3.0625"},{"created_at":"2026-01-22T20:33:40-08:00","entry_id":390886,"field1":"-1.8125","field2":"-3"},{"created_at":"2026-01-22T20:43:15-08:00","entry_id":390887,"field1":"-1.8125","field2":"-3.0625"},{"created_at":"2026-01-22T20:52:51-08:00","entry_id":390888,"field1":"-1.8125","field2":"-3.0625"},{"created_at":"2026-01-22T21:02:27-08:00","entry_id":390889,"field1":"-1.8125","field2":"-3.0625"},{"created_at":"2026-01-22T21:12:05-08:00","entry_id":390890,"field1":"-1.8125","field2":"-3.0625"},{"created_at":"2026-01-22T21:21:40-08:00","entry_id":390891,"field1":"-1.8125","field2":"-3"},{"created_at":"2026-01-22T21:31:16-08:00","entry_id":390892,"field1":"-1.8125","field2":"-3"},{"created_at":"2026-01-22T21:40:52-08:00","entry_id":390893,"field1":"-1.8125","field2":"-3"},{"created_at":"2026-01-22T21:50:29-08:00","entry_id":390894,"field1":"-1.8125","field2":"-3"},{"created_at":"2026-01-22T22:00:06-08:00","entry_id":390895,"field1":"-1.875","field2":"-3"},{"created_at":"2026-01-22T22:09:42-08:00","entry_id":390896,"field1":"-1.875","field2":"-3"},{"created_at":"2026-01-22T22:19:20-08:00","entry_id":390897,"field1":"-1.875","field2":"-3.0625"},{"created_at":"2026-01-22T22:28:56-08:00","entry_id":390898,"field1":"-1.875","field2":"-3.125"},{"created_at":"2026-01-22T22:38:34-08:00","entry_id":390899,"field1":"-1.875","field2":"-3.0625"},{"created_at":"2026-01-22T22:48:10-08:00","entry_id":390900,"field1":"-1.875","field2":"-3.0625"},{"created_at":"2026-01-22T22:57:46-08:00","entry_id":390901,"field1":"-1.875","field2":"-3.0625"},{"created_at":"2026-01-22T23:07:22-08:00","entry_id":390902,"field1":"-1.875","field2":"-3.0625"},{"created_at":"2026-01-22T23:16:59-08:00","entry_id":390903,"field1":"-1.875","field2":"-3.125"},{"created_at":"2026-01-22T23:26:34-08:00","entry_id":390904,"field1":"-1.875","field2":"-3.125"},{"created_at":"2026-01-22T23:36:11-08:00","entry_id":390905,"field1":"-1.875","field2":"-3.125"},{"created_at":"2026-01-22T23:45:48-08:00","entry_id":390906,"field1":"-1.875","field2":"-3.1875"},{"created_at":"2026-01-22T23:55:25-08:00","entry_id":390907,"field1":"-1.875","field2":"-3.1875"}]}