{"channel":{"id":581842,"name":"Upstairs Small Window Indoor / Outdoor Sensor","latitude":"0.0","longitude":"0.0","field1":"Indoor Temperature","field2":"Outdoor Temperature","created_at":"2018-09-23T15:37:52-07:00","updated_at":"2020-07-27T05:59:41-07:00","last_entry_id":150129},"feeds":[{"created_at":"2020-01-30T00:03:23-08:00","entry_id":70753,"field1":"1.3125","field2":"0.3125"},{"created_at":"2020-01-30T00:12:58-08:00","entry_id":70754,"field1":"1.3125","field2":"0.1875"},{"created_at":"2020-01-30T00:22:34-08:00","entry_id":70755,"field1":"1.3125","field2":"0.0625"},{"created_at":"2020-01-30T00:32:12-08:00","entry_id":70756,"field1":"1.3125","field2":"0.0625"},{"created_at":"2020-01-30T00:41:49-08:00","entry_id":70757,"field1":"1.3125","field2":"0.0625"},{"created_at":"2020-01-30T00:51:27-08:00","entry_id":70758,"field1":"1.3125","field2":"0.0625"},{"created_at":"2020-01-30T01:01:03-08:00","entry_id":70759,"field1":"1.25","field2":"0"},{"created_at":"2020-01-30T01:10:40-08:00","entry_id":70760,"field1":"1.25","field2":"-0.125"},{"created_at":"2020-01-30T01:20:17-08:00","entry_id":70761,"field1":"1.3125","field2":"-0.25"},{"created_at":"2020-01-30T01:29:57-08:00","entry_id":70762,"field1":"1.25","field2":"-0.1875"},{"created_at":"2020-01-30T01:39:32-08:00","entry_id":70763,"field1":"1.25","field2":"-0.125"},{"created_at":"2020-01-30T01:49:09-08:00","entry_id":70764,"field1":"1.25","field2":"-0.125"},{"created_at":"2020-01-30T01:58:45-08:00","entry_id":70765,"field1":"1.25","field2":"-0.0625"},{"created_at":"2020-01-30T02:08:22-08:00","entry_id":70766,"field1":"1.25","field2":"-0.125"},{"created_at":"2020-01-30T02:17:58-08:00","entry_id":70767,"field1":"1.25","field2":"-0.125"},{"created_at":"2020-01-30T02:27:35-08:00","entry_id":70768,"field1":"1.25","field2":"-0.125"},{"created_at":"2020-01-30T02:37:11-08:00","entry_id":70769,"field1":"1.125","field2":"-0.25"},{"created_at":"2020-01-30T02:46:48-08:00","entry_id":70770,"field1":"1.125","field2":"-0.375"},{"created_at":"2020-01-30T02:56:26-08:00","entry_id":70771,"field1":"1.125","field2":"-0.375"},{"created_at":"2020-01-30T03:06:02-08:00","entry_id":70772,"field1":"1","field2":"-0.5625"},{"created_at":"2020-01-30T03:15:38-08:00","entry_id":70773,"field1":"1.0625","field2":"-0.625"},{"created_at":"2020-01-30T03:25:15-08:00","entry_id":70774,"field1":"1.1875","field2":"-0.6875"},{"created_at":"2020-01-30T03:34:52-08:00","entry_id":70775,"field1":"1.125","field2":"-0.6875"},{"created_at":"2020-01-30T03:44:34-08:00","entry_id":70776,"field1":"1.0625","field2":"-0.8125"},{"created_at":"2020-01-30T03:54:09-08:00","entry_id":70777,"field1":"1.125","field2":"-0.8125"},{"created_at":"2020-01-30T04:03:46-08:00","entry_id":70778,"field1":"1.125","field2":"-0.9375"},{"created_at":"2020-01-30T04:13:22-08:00","entry_id":70779,"field1":"1.125","field2":"-0.875"},{"created_at":"2020-01-30T04:23:01-08:00","entry_id":70780,"field1":"1.125","field2":"-0.875"},{"created_at":"2020-01-30T04:32:37-08:00","entry_id":70781,"field1":"0.9375","field2":"-1"},{"created_at":"2020-01-30T04:42:17-08:00","entry_id":70782,"field1":"0.8125","field2":"-1.0625"},{"created_at":"2020-01-30T04:51:52-08:00","entry_id":70783,"field1":"0.8125","field2":"-1"},{"created_at":"2020-01-30T05:01:29-08:00","entry_id":70784,"field1":"1","field2":"-1.1875"},{"created_at":"2020-01-30T05:11:06-08:00","entry_id":70785,"field1":"0.9375","field2":"-1.1875"},{"created_at":"2020-01-30T05:20:43-08:00","entry_id":70786,"field1":"1.0625","field2":"-1.1875"},{"created_at":"2020-01-30T05:30:20-08:00","entry_id":70787,"field1":"1.125","field2":"-1"},{"created_at":"2020-01-30T05:39:56-08:00","entry_id":70788,"field1":"1.125","field2":"-0.9375"},{"created_at":"2020-01-30T05:49:33-08:00","entry_id":70789,"field1":"1.125","field2":"-0.9375"},{"created_at":"2020-01-30T05:59:09-08:00","entry_id":70790,"field1":"1.125","field2":"-1.1875"},{"created_at":"2020-01-30T06:08:46-08:00","entry_id":70791,"field1":"1.125","field2":"-1.0625"},{"created_at":"2020-01-30T06:18:23-08:00","entry_id":70792,"field1":"1","field2":"-1.25"},{"created_at":"2020-01-30T06:28:00-08:00","entry_id":70793,"field1":"1.0625","field2":"-1.1875"},{"created_at":"2020-01-30T06:37:36-08:00","entry_id":70794,"field1":"1.0625","field2":"-1.25"},{"created_at":"2020-01-30T06:47:12-08:00","entry_id":70795,"field1":"1","field2":"-1.375"},{"created_at":"2020-01-30T06:56:50-08:00","entry_id":70796,"field1":"1.0625","field2":"-1.1875"},{"created_at":"2020-01-30T07:06:27-08:00","entry_id":70797,"field1":"1.0625","field2":"-1.25"},{"created_at":"2020-01-30T07:16:03-08:00","entry_id":70798,"field1":"1.0625","field2":"-1.125"},{"created_at":"2020-01-30T07:25:40-08:00","entry_id":70799,"field1":"1.0625","field2":"-1.1875"},{"created_at":"2020-01-30T07:35:17-08:00","entry_id":70800,"field1":"1.0625","field2":"-1.25"},{"created_at":"2020-01-30T07:44:53-08:00","entry_id":70801,"field1":"0.9375","field2":"-1.25"},{"created_at":"2020-01-30T07:54:29-08:00","entry_id":70802,"field1":"0.8125","field2":"-1.1875"},{"created_at":"2020-01-30T08:04:06-08:00","entry_id":70803,"field1":"0.9375","field2":"-1.1875"},{"created_at":"2020-01-30T08:13:43-08:00","entry_id":70804,"field1":"0.9375","field2":"-1.1875"},{"created_at":"2020-01-30T08:23:19-08:00","entry_id":70805,"field1":"0.9375","field2":"-1.1875"},{"created_at":"2020-01-30T08:32:56-08:00","entry_id":70806,"field1":"1","field2":"-1.125"},{"created_at":"2020-01-30T08:42:33-08:00","entry_id":70807,"field1":"1","field2":"-1.125"},{"created_at":"2020-01-30T08:52:10-08:00","entry_id":70808,"field1":"0.875","field2":"-1.1875"},{"created_at":"2020-01-30T09:01:46-08:00","entry_id":70809,"field1":"0.9375","field2":"-1.125"},{"created_at":"2020-01-30T09:11:23-08:00","entry_id":70810,"field1":"0.9375","field2":"-1.0625"},{"created_at":"2020-01-30T09:21:04-08:00","entry_id":70811,"field1":"0.9375","field2":"-1.0625"},{"created_at":"2020-01-30T09:30:39-08:00","entry_id":70812,"field1":"0.9375","field2":"-0.875"},{"created_at":"2020-01-30T09:40:16-08:00","entry_id":70813,"field1":"1","field2":"-0.875"},{"created_at":"2020-01-30T09:49:53-08:00","entry_id":70814,"field1":"0.8125","field2":"-0.875"},{"created_at":"2020-01-30T09:59:29-08:00","entry_id":70815,"field1":"0.75","field2":"-0.8125"},{"created_at":"2020-01-30T10:09:07-08:00","entry_id":70816,"field1":"0.875","field2":"-0.625"},{"created_at":"2020-01-30T10:18:44-08:00","entry_id":70817,"field1":"0.9375","field2":"-0.4375"},{"created_at":"2020-01-30T10:28:20-08:00","entry_id":70818,"field1":"1","field2":"-0.3125"},{"created_at":"2020-01-30T10:37:57-08:00","entry_id":70819,"field1":"1","field2":"-0.25"},{"created_at":"2020-01-30T10:47:38-08:00","entry_id":70820,"field1":"0.9375","field2":"-0.25"},{"created_at":"2020-01-30T10:57:13-08:00","entry_id":70821,"field1":"0.875","field2":"-0.3125"},{"created_at":"2020-01-30T11:06:50-08:00","entry_id":70822,"field1":"0.8125","field2":"-0.4375"},{"created_at":"2020-01-30T11:16:28-08:00","entry_id":70823,"field1":"0.8125","field2":"-0.3125"},{"created_at":"2020-01-30T11:26:04-08:00","entry_id":70824,"field1":"0.9375","field2":"-0.3125"},{"created_at":"2020-01-30T11:35:41-08:00","entry_id":70825,"field1":"1","field2":"-0.0625"},{"created_at":"2020-01-30T11:45:17-08:00","entry_id":70826,"field1":"1","field2":"0"},{"created_at":"2020-01-30T11:54:55-08:00","entry_id":70827,"field1":"1.0625","field2":"0"},{"created_at":"2020-01-30T12:04:31-08:00","entry_id":70828,"field1":"1","field2":"0.25"},{"created_at":"2020-01-30T12:14:08-08:00","entry_id":70829,"field1":"1","field2":"0.25"},{"created_at":"2020-01-30T12:23:45-08:00","entry_id":70830,"field1":"1.0625","field2":"0.3125"},{"created_at":"2020-01-30T12:33:21-08:00","entry_id":70831,"field1":"1.0625","field2":"0.25"},{"created_at":"2020-01-30T12:42:58-08:00","entry_id":70832,"field1":"1.0625","field2":"0.0625"},{"created_at":"2020-01-30T12:52:34-08:00","entry_id":70833,"field1":"1","field2":"-0.0625"},{"created_at":"2020-01-30T13:02:11-08:00","entry_id":70834,"field1":"1","field2":"-0.0625"},{"created_at":"2020-01-30T13:11:48-08:00","entry_id":70835,"field1":"1","field2":"0"},{"created_at":"2020-01-30T13:21:25-08:00","entry_id":70836,"field1":"1.0625","field2":"-0.125"},{"created_at":"2020-01-30T13:31:02-08:00","entry_id":70837,"field1":"1","field2":"-0.125"},{"created_at":"2020-01-30T13:40:39-08:00","entry_id":70838,"field1":"1.0625","field2":"0.0625"},{"created_at":"2020-01-30T13:50:15-08:00","entry_id":70839,"field1":"1.0625","field2":"-0.125"},{"created_at":"2020-01-30T13:59:52-08:00","entry_id":70840,"field1":"1.0625","field2":"0"},{"created_at":"2020-01-30T14:09:29-08:00","entry_id":70841,"field1":"1.0625","field2":"-0.125"},{"created_at":"2020-01-30T14:19:06-08:00","entry_id":70842,"field1":"1.0625","field2":"0"},{"created_at":"2020-01-30T14:28:42-08:00","entry_id":70843,"field1":"1","field2":"-0.0625"},{"created_at":"2020-01-30T14:38:20-08:00","entry_id":70844,"field1":"1","field2":"-0.125"},{"created_at":"2020-01-30T14:47:56-08:00","entry_id":70845,"field1":"1","field2":"-0.0625"},{"created_at":"2020-01-30T14:57:33-08:00","entry_id":70846,"field1":"1","field2":"-0.125"},{"created_at":"2020-01-30T15:07:10-08:00","entry_id":70847,"field1":"1","field2":"-0.0625"},{"created_at":"2020-01-30T15:16:46-08:00","entry_id":70848,"field1":"1","field2":"-0.125"},{"created_at":"2020-01-30T15:26:23-08:00","entry_id":70849,"field1":"1","field2":"-0.125"},{"created_at":"2020-01-30T15:36:00-08:00","entry_id":70850,"field1":"1","field2":"-0.1875"},{"created_at":"2020-01-30T15:45:37-08:00","entry_id":70851,"field1":"1","field2":"-0.125"},{"created_at":"2020-01-30T15:55:14-08:00","entry_id":70852,"field1":"1","field2":"-0.125"},{"created_at":"2020-01-30T16:04:51-08:00","entry_id":70853,"field1":"1","field2":"-0.125"},{"created_at":"2020-01-30T16:14:27-08:00","entry_id":70854,"field1":"1","field2":"-0.0625"},{"created_at":"2020-01-30T16:24:04-08:00","entry_id":70855,"field1":"1","field2":"-0.125"},{"created_at":"2020-01-30T16:33:41-08:00","entry_id":70856,"field1":"1","field2":"-0.125"},{"created_at":"2020-01-30T16:43:18-08:00","entry_id":70857,"field1":"1","field2":"-0.1875"},{"created_at":"2020-01-30T16:52:54-08:00","entry_id":70858,"field1":"1","field2":"-0.1875"},{"created_at":"2020-01-30T17:02:32-08:00","entry_id":70859,"field1":"1","field2":"-0.1875"},{"created_at":"2020-01-30T17:12:09-08:00","entry_id":70860,"field1":"0.9375","field2":"-0.1875"},{"created_at":"2020-01-30T17:21:45-08:00","entry_id":70861,"field1":"1","field2":"-0.1875"},{"created_at":"2020-01-30T17:31:22-08:00","entry_id":70862,"field1":"0.9375","field2":"-0.1875"},{"created_at":"2020-01-30T17:40:59-08:00","entry_id":70863,"field1":"0.9375","field2":"-0.1875"},{"created_at":"2020-01-30T17:50:36-08:00","entry_id":70864,"field1":"0.9375","field2":"-0.1875"},{"created_at":"2020-01-30T18:00:12-08:00","entry_id":70865,"field1":"0.9375","field2":"-0.25"},{"created_at":"2020-01-30T18:09:49-08:00","entry_id":70866,"field1":"0.9375","field2":"-0.25"},{"created_at":"2020-01-30T18:19:27-08:00","entry_id":70867,"field1":"0.9375","field2":"-0.25"},{"created_at":"2020-01-30T18:29:03-08:00","entry_id":70868,"field1":"0.9375","field2":"-0.25"},{"created_at":"2020-01-30T18:38:40-08:00","entry_id":70869,"field1":"0.9375","field2":"-0.25"},{"created_at":"2020-01-30T18:48:16-08:00","entry_id":70870,"field1":"0.9375","field2":"-0.3125"},{"created_at":"2020-01-30T18:57:53-08:00","entry_id":70871,"field1":"0.9375","field2":"-0.25"},{"created_at":"2020-01-30T19:07:31-08:00","entry_id":70872,"field1":"1","field2":"0.1875"},{"created_at":"2020-01-30T19:17:11-08:00","entry_id":70873,"field1":"0.9375","field2":"-0.1875"},{"created_at":"2020-01-30T19:26:46-08:00","entry_id":70874,"field1":"0.9375","field2":"-0.25"},{"created_at":"2020-01-30T19:36:22-08:00","entry_id":70875,"field1":"0.9375","field2":"-0.25"},{"created_at":"2020-01-30T19:45:59-08:00","entry_id":70876,"field1":"0.9375","field2":"-0.25"},{"created_at":"2020-01-30T19:55:36-08:00","entry_id":70877,"field1":"0.9375","field2":"-0.3125"},{"created_at":"2020-01-30T20:05:14-08:00","entry_id":70878,"field1":"0.9375","field2":"-0.25"},{"created_at":"2020-01-30T20:14:50-08:00","entry_id":70879,"field1":"0.9375","field2":"-0.25"},{"created_at":"2020-01-30T20:24:27-08:00","entry_id":70880,"field1":"0.875","field2":"-0.25"},{"created_at":"2020-01-30T20:34:03-08:00","entry_id":70881,"field1":"0.9375","field2":"-0.25"},{"created_at":"2020-01-30T20:43:40-08:00","entry_id":70882,"field1":"0.9375","field2":"-0.25"},{"created_at":"2020-01-30T20:53:21-08:00","entry_id":70883,"field1":"0.875","field2":"-0.25"},{"created_at":"2020-01-30T21:02:57-08:00","entry_id":70884,"field1":"0.9375","field2":"-0.1875"},{"created_at":"2020-01-30T21:12:33-08:00","entry_id":70885,"field1":"0.875","field2":"-0.1875"},{"created_at":"2020-01-30T21:22:09-08:00","entry_id":70886,"field1":"0.875","field2":"-0.125"},{"created_at":"2020-01-30T21:31:46-08:00","entry_id":70887,"field1":"0.875","field2":"-0.125"},{"created_at":"2020-01-30T21:41:23-08:00","entry_id":70888,"field1":"0.875","field2":"-0.0625"},{"created_at":"2020-01-30T21:51:00-08:00","entry_id":70889,"field1":"0.875","field2":"-0.0625"},{"created_at":"2020-01-30T22:00:37-08:00","entry_id":70890,"field1":"0.875","field2":"-0.0625"},{"created_at":"2020-01-30T22:10:13-08:00","entry_id":70891,"field1":"0.875","field2":"-0.0625"},{"created_at":"2020-01-30T22:19:54-08:00","entry_id":70892,"field1":"0.875","field2":"-0.0625"},{"created_at":"2020-01-30T22:29:29-08:00","entry_id":70893,"field1":"0.875","field2":"-0.0625"},{"created_at":"2020-01-30T22:39:06-08:00","entry_id":70894,"field1":"0.9375","field2":"0"},{"created_at":"2020-01-30T22:48:43-08:00","entry_id":70895,"field1":"0.875","field2":"-0.0625"},{"created_at":"2020-01-30T22:58:20-08:00","entry_id":70896,"field1":"0.875","field2":"0"},{"created_at":"2020-01-30T23:07:57-08:00","entry_id":70897,"field1":"0.875","field2":"0"},{"created_at":"2020-01-30T23:17:34-08:00","entry_id":70898,"field1":"0.875","field2":"0.0625"},{"created_at":"2020-01-30T23:27:11-08:00","entry_id":70899,"field1":"0.875","field2":"0.0625"},{"created_at":"2020-01-30T23:36:48-08:00","entry_id":70900,"field1":"0.9375","field2":"0.0625"},{"created_at":"2020-01-30T23:46:24-08:00","entry_id":70901,"field1":"0.875","field2":"0"},{"created_at":"2020-01-30T23:56:01-08:00","entry_id":70902,"field1":"0.875","field2":"0.0625"}]}