{"channel":{"id":581842,"name":"Upstairs Small Window Indoor / Outdoor Sensor","latitude":"0.0","longitude":"0.0","field1":"Indoor Temperature","field2":"Outdoor Temperature","created_at":"2018-09-23T15:37:52-07:00","updated_at":"2020-07-27T05:59:41-07:00","last_entry_id":150128},"feeds":[{"created_at":"2019-04-13T00:02:34-07:00","entry_id":28491,"field1":"8","field2":"2.6875"},{"created_at":"2019-04-13T00:12:12-07:00","entry_id":28492,"field1":"8","field2":"2.4375"},{"created_at":"2019-04-13T00:21:50-07:00","entry_id":28493,"field1":"7.9375","field2":"2.375"},{"created_at":"2019-04-13T00:31:27-07:00","entry_id":28494,"field1":"7.9375","field2":"2.5"},{"created_at":"2019-04-13T00:41:06-07:00","entry_id":28495,"field1":"7.875","field2":"2.5625"},{"created_at":"2019-04-13T00:50:44-07:00","entry_id":28496,"field1":"7.8125","field2":"2.4375"},{"created_at":"2019-04-13T01:00:21-07:00","entry_id":28497,"field1":"7.8125","field2":"2.25"},{"created_at":"2019-04-13T01:09:58-07:00","entry_id":28498,"field1":"7.75","field2":"2.0625"},{"created_at":"2019-04-13T01:19:37-07:00","entry_id":28499,"field1":"7.6875","field2":"1.875"},{"created_at":"2019-04-13T01:29:16-07:00","entry_id":28500,"field1":"7.6875","field2":"2"},{"created_at":"2019-04-13T01:38:54-07:00","entry_id":28501,"field1":"7.625","field2":"2"},{"created_at":"2019-04-13T01:48:31-07:00","entry_id":28502,"field1":"7.625","field2":"2"},{"created_at":"2019-04-13T01:58:08-07:00","entry_id":28503,"field1":"7.5625","field2":"1.9375"},{"created_at":"2019-04-13T02:07:47-07:00","entry_id":28504,"field1":"7.5","field2":"1.875"},{"created_at":"2019-04-13T02:17:25-07:00","entry_id":28505,"field1":"7.5","field2":"1.9375"},{"created_at":"2019-04-13T02:27:02-07:00","entry_id":28506,"field1":"7.4375","field2":"1.8125"},{"created_at":"2019-04-13T02:36:40-07:00","entry_id":28507,"field1":"7.375","field2":"1.875"},{"created_at":"2019-04-13T02:46:14-07:00","entry_id":28508,"field1":"7.375","field2":"1.6875"},{"created_at":"2019-04-13T02:55:52-07:00","entry_id":28509,"field1":"7.375","field2":"1.5"},{"created_at":"2019-04-13T03:05:29-07:00","entry_id":28510,"field1":"7.3125","field2":"1.5"},{"created_at":"2019-04-13T03:15:08-07:00","entry_id":28511,"field1":"7.25","field2":"1.5625"},{"created_at":"2019-04-13T03:24:45-07:00","entry_id":28512,"field1":"7.25","field2":"1.5625"},{"created_at":"2019-04-13T03:34:23-07:00","entry_id":28513,"field1":"7.1875","field2":"1.0625"},{"created_at":"2019-04-13T03:44:00-07:00","entry_id":28514,"field1":"7.125","field2":"1.1875"},{"created_at":"2019-04-13T03:53:38-07:00","entry_id":28515,"field1":"7.125","field2":"1.3125"},{"created_at":"2019-04-13T04:03:15-07:00","entry_id":28516,"field1":"7.125","field2":"1.25"},{"created_at":"2019-04-13T04:12:52-07:00","entry_id":28517,"field1":"7.0625","field2":"1.3125"},{"created_at":"2019-04-13T04:22:31-07:00","entry_id":28518,"field1":"7","field2":"1.4375"},{"created_at":"2019-04-13T04:32:08-07:00","entry_id":28519,"field1":"7","field2":"1.5"},{"created_at":"2019-04-13T04:41:45-07:00","entry_id":28520,"field1":"6.9375","field2":"1.8125"},{"created_at":"2019-04-13T04:51:20-07:00","entry_id":28521,"field1":"6.9375","field2":"1.75"},{"created_at":"2019-04-13T05:00:57-07:00","entry_id":28522,"field1":"6.875","field2":"1.75"},{"created_at":"2019-04-13T05:10:34-07:00","entry_id":28523,"field1":"6.875","field2":"1.75"},{"created_at":"2019-04-13T05:20:12-07:00","entry_id":28524,"field1":"6.8125","field2":"1.8125"},{"created_at":"2019-04-13T05:29:49-07:00","entry_id":28525,"field1":"6.8125","field2":"1.9375"},{"created_at":"2019-04-13T05:39:28-07:00","entry_id":28526,"field1":"6.75","field2":"1.8125"},{"created_at":"2019-04-13T05:49:04-07:00","entry_id":28527,"field1":"6.75","field2":"1.75"},{"created_at":"2019-04-13T05:58:43-07:00","entry_id":28528,"field1":"6.6875","field2":"1.625"},{"created_at":"2019-04-13T06:08:20-07:00","entry_id":28529,"field1":"6.6875","field2":"1.625"},{"created_at":"2019-04-13T06:17:58-07:00","entry_id":28530,"field1":"6.6875","field2":"1.6875"},{"created_at":"2019-04-13T06:27:34-07:00","entry_id":28531,"field1":"6.625","field2":"1.6875"},{"created_at":"2019-04-13T06:37:14-07:00","entry_id":28532,"field1":"6.625","field2":"1.6875"},{"created_at":"2019-04-13T06:46:51-07:00","entry_id":28533,"field1":"6.5625","field2":"1.8125"},{"created_at":"2019-04-13T06:56:28-07:00","entry_id":28534,"field1":"6.375","field2":"2.125"},{"created_at":"2019-04-13T07:06:05-07:00","entry_id":28535,"field1":"6.125","field2":"2.25"},{"created_at":"2019-04-13T07:15:44-07:00","entry_id":28536,"field1":"6.1875","field2":"2.375"},{"created_at":"2019-04-13T07:25:20-07:00","entry_id":28537,"field1":"6.1875","field2":"2.375"},{"created_at":"2019-04-13T07:34:59-07:00","entry_id":28538,"field1":"6.375","field2":"2.5"},{"created_at":"2019-04-13T07:44:36-07:00","entry_id":28539,"field1":"6.4375","field2":"2.5625"},{"created_at":"2019-04-13T07:54:14-07:00","entry_id":28540,"field1":"6.375","field2":"2.5625"},{"created_at":"2019-04-13T08:03:53-07:00","entry_id":28541,"field1":"6.375","field2":"2.5625"},{"created_at":"2019-04-13T08:13:30-07:00","entry_id":28542,"field1":"6.375","field2":"2.5625"},{"created_at":"2019-04-13T08:23:08-07:00","entry_id":28543,"field1":"6.375","field2":"2.625"},{"created_at":"2019-04-13T08:32:48-07:00","entry_id":28544,"field1":"6.375","field2":"2.75"},{"created_at":"2019-04-13T08:42:29-07:00","entry_id":28545,"field1":"6.3125","field2":"2.6875"},{"created_at":"2019-04-13T08:52:08-07:00","entry_id":28546,"field1":"6.3125","field2":"2.8125"},{"created_at":"2019-04-13T09:01:46-07:00","entry_id":28547,"field1":"6.3125","field2":"2.6875"},{"created_at":"2019-04-13T09:11:25-07:00","entry_id":28548,"field1":"6.3125","field2":"2.6875"},{"created_at":"2019-04-13T09:21:03-07:00","entry_id":28549,"field1":"6.3125","field2":"2.9375"},{"created_at":"2019-04-13T09:30:42-07:00","entry_id":28550,"field1":"6.25","field2":"2.875"},{"created_at":"2019-04-13T09:40:19-07:00","entry_id":28551,"field1":"6.25","field2":"3.125"},{"created_at":"2019-04-13T09:49:56-07:00","entry_id":28552,"field1":"6.25","field2":"2.9375"},{"created_at":"2019-04-13T09:59:33-07:00","entry_id":28553,"field1":"6.25","field2":"2.9375"},{"created_at":"2019-04-13T10:09:09-07:00","entry_id":28554,"field1":"6.1875","field2":"2.9375"},{"created_at":"2019-04-13T10:18:48-07:00","entry_id":28555,"field1":"6.25","field2":"3.125"},{"created_at":"2019-04-13T10:28:26-07:00","entry_id":28556,"field1":"6.125","field2":"3.125"},{"created_at":"2019-04-13T10:38:04-07:00","entry_id":28557,"field1":"6.125","field2":"3.125"},{"created_at":"2019-04-13T10:47:41-07:00","entry_id":28558,"field1":"6.1875","field2":"3.1875"},{"created_at":"2019-04-13T10:57:19-07:00","entry_id":28559,"field1":"6.1875","field2":"3.1875"},{"created_at":"2019-04-13T11:06:57-07:00","entry_id":28560,"field1":"6.1875","field2":"3.3125"},{"created_at":"2019-04-13T11:16:35-07:00","entry_id":28561,"field1":"6.1875","field2":"3.25"},{"created_at":"2019-04-13T11:26:14-07:00","entry_id":28562,"field1":"6.1875","field2":"3.5"},{"created_at":"2019-04-13T11:35:51-07:00","entry_id":28563,"field1":"6.1875","field2":"3.375"},{"created_at":"2019-04-13T11:45:29-07:00","entry_id":28564,"field1":"6.1875","field2":"3.5"},{"created_at":"2019-04-13T11:55:05-07:00","entry_id":28565,"field1":"6.1875","field2":"3.5625"},{"created_at":"2019-04-13T12:04:42-07:00","entry_id":28566,"field1":"6.125","field2":"3.5"},{"created_at":"2019-04-13T12:14:20-07:00","entry_id":28567,"field1":"6.1875","field2":"4.0625"},{"created_at":"2019-04-13T12:23:59-07:00","entry_id":28568,"field1":"6.125","field2":"3.625"},{"created_at":"2019-04-13T12:33:37-07:00","entry_id":28569,"field1":"6.125","field2":"3.6875"},{"created_at":"2019-04-13T12:43:15-07:00","entry_id":28570,"field1":"6.1875","field2":"3.75"},{"created_at":"2019-04-13T12:52:52-07:00","entry_id":28571,"field1":"6.1875","field2":"3.875"},{"created_at":"2019-04-13T13:02:30-07:00","entry_id":28572,"field1":"6.1875","field2":"4"},{"created_at":"2019-04-13T13:12:08-07:00","entry_id":28573,"field1":"6.1875","field2":"4.0625"},{"created_at":"2019-04-13T13:21:46-07:00","entry_id":28574,"field1":"6.25","field2":"4.25"},{"created_at":"2019-04-13T13:31:24-07:00","entry_id":28575,"field1":"6.25","field2":"4.3125"},{"created_at":"2019-04-13T13:41:01-07:00","entry_id":28576,"field1":"6.25","field2":"4.75"},{"created_at":"2019-04-13T13:50:40-07:00","entry_id":28577,"field1":"6.25","field2":"4.875"},{"created_at":"2019-04-13T14:00:17-07:00","entry_id":28578,"field1":"6.25","field2":"5.0625"},{"created_at":"2019-04-13T14:09:57-07:00","entry_id":28579,"field1":"6.25","field2":"4.4375"},{"created_at":"2019-04-13T14:19:41-07:00","entry_id":28580,"field1":"6.25","field2":"4.3125"},{"created_at":"2019-04-13T14:29:20-07:00","entry_id":28581,"field1":"6.25","field2":"4.1875"},{"created_at":"2019-04-13T14:38:58-07:00","entry_id":28582,"field1":"6.25","field2":"4.1875"},{"created_at":"2019-04-13T14:48:34-07:00","entry_id":28583,"field1":"6.25","field2":"4.5"},{"created_at":"2019-04-13T14:58:13-07:00","entry_id":28584,"field1":"6.1875","field2":"4.25"},{"created_at":"2019-04-13T15:07:51-07:00","entry_id":28585,"field1":"6.25","field2":"4.5625"},{"created_at":"2019-04-13T15:17:29-07:00","entry_id":28586,"field1":"6.25","field2":"4.25"},{"created_at":"2019-04-13T15:27:06-07:00","entry_id":28587,"field1":"6.1875","field2":"4.125"},{"created_at":"2019-04-13T15:36:46-07:00","entry_id":28588,"field1":"6.1875","field2":"4.125"},{"created_at":"2019-04-13T15:46:25-07:00","entry_id":28589,"field1":"6.1875","field2":"4.3125"},{"created_at":"2019-04-13T15:56:03-07:00","entry_id":28590,"field1":"6.1875","field2":"4.375"},{"created_at":"2019-04-13T16:05:42-07:00","entry_id":28591,"field1":"6.1875","field2":"4.375"},{"created_at":"2019-04-13T16:15:20-07:00","entry_id":28592,"field1":"6.125","field2":"4.25"},{"created_at":"2019-04-13T16:24:56-07:00","entry_id":28593,"field1":"6.1875","field2":"4.625"},{"created_at":"2019-04-13T16:34:35-07:00","entry_id":28594,"field1":"6.1875","field2":"4.5"},{"created_at":"2019-04-13T16:44:12-07:00","entry_id":28595,"field1":"6.25","field2":"4.625"},{"created_at":"2019-04-13T16:53:50-07:00","entry_id":28596,"field1":"6.125","field2":"4.1875"},{"created_at":"2019-04-13T17:03:27-07:00","entry_id":28597,"field1":"6.1875","field2":"4.625"},{"created_at":"2019-04-13T17:13:04-07:00","entry_id":28598,"field1":"6.25","field2":"4.5625"},{"created_at":"2019-04-13T17:22:41-07:00","entry_id":28599,"field1":"6.1875","field2":"4.6875"},{"created_at":"2019-04-13T17:32:19-07:00","entry_id":28600,"field1":"6.25","field2":"5"},{"created_at":"2019-04-13T17:41:56-07:00","entry_id":28601,"field1":"6.25","field2":"4.75"},{"created_at":"2019-04-13T17:51:33-07:00","entry_id":28602,"field1":"6.25","field2":"4.5625"},{"created_at":"2019-04-13T18:01:12-07:00","entry_id":28603,"field1":"6.25","field2":"5.0625"},{"created_at":"2019-04-13T18:10:50-07:00","entry_id":28604,"field1":"6.25","field2":"5.25"},{"created_at":"2019-04-13T18:20:28-07:00","entry_id":28605,"field1":"6.25","field2":"4.5"},{"created_at":"2019-04-13T18:30:06-07:00","entry_id":28606,"field1":"6.25","field2":"4.8125"},{"created_at":"2019-04-13T18:39:43-07:00","entry_id":28607,"field1":"6.25","field2":"4.875"},{"created_at":"2019-04-13T18:49:20-07:00","entry_id":28608,"field1":"6.25","field2":"4.375"},{"created_at":"2019-04-13T18:58:58-07:00","entry_id":28609,"field1":"6.25","field2":"4.375"},{"created_at":"2019-04-13T19:08:35-07:00","entry_id":28610,"field1":"6.25","field2":"4.375"},{"created_at":"2019-04-13T19:18:12-07:00","entry_id":28611,"field1":"6.125","field2":"4.25"},{"created_at":"2019-04-13T19:27:53-07:00","entry_id":28612,"field1":"6.1875","field2":"4.375"},{"created_at":"2019-04-13T19:37:33-07:00","entry_id":28613,"field1":"6.1875","field2":"4.25"},{"created_at":"2019-04-13T19:47:10-07:00","entry_id":28614,"field1":"6.1875","field2":"4.3125"},{"created_at":"2019-04-13T19:56:47-07:00","entry_id":28615,"field1":"6.1875","field2":"4.1875"},{"created_at":"2019-04-13T20:06:26-07:00","entry_id":28616,"field1":"6.1875","field2":"4"},{"created_at":"2019-04-13T20:16:03-07:00","entry_id":28617,"field1":"6.1875","field2":"3.8125"},{"created_at":"2019-04-13T20:25:40-07:00","entry_id":28618,"field1":"6.1875","field2":"3.75"},{"created_at":"2019-04-13T20:35:19-07:00","entry_id":28619,"field1":"6.1875","field2":"3.75"},{"created_at":"2019-04-13T20:44:55-07:00","entry_id":28620,"field1":"6.125","field2":"3.8125"},{"created_at":"2019-04-13T20:54:32-07:00","entry_id":28621,"field1":"6.125","field2":"3.9375"},{"created_at":"2019-04-13T21:04:10-07:00","entry_id":28622,"field1":"6.125","field2":"3.875"},{"created_at":"2019-04-13T21:13:47-07:00","entry_id":28623,"field1":"6.125","field2":"3.9375"},{"created_at":"2019-04-13T21:43:51-07:00","entry_id":28624,"field1":"6.0625","field2":"3.75"},{"created_at":"2019-04-13T21:53:28-07:00","entry_id":28625,"field1":"6.0625","field2":"3.75"},{"created_at":"2019-04-13T22:03:06-07:00","entry_id":28626,"field1":"6.0625","field2":"3.6875"},{"created_at":"2019-04-13T22:12:43-07:00","entry_id":28627,"field1":"6.0625","field2":"3.6875"},{"created_at":"2019-04-13T22:22:20-07:00","entry_id":28628,"field1":"6","field2":"3.75"},{"created_at":"2019-04-13T22:31:58-07:00","entry_id":28629,"field1":"6.0625","field2":"3.9375"},{"created_at":"2019-04-13T22:41:35-07:00","entry_id":28630,"field1":"6","field2":"4.25"},{"created_at":"2019-04-13T22:51:14-07:00","entry_id":28631,"field1":"6","field2":"4.75"},{"created_at":"2019-04-13T23:00:52-07:00","entry_id":28632,"field1":"6","field2":"5.1875"},{"created_at":"2019-04-13T23:10:28-07:00","entry_id":28633,"field1":"6","field2":"4.8125"},{"created_at":"2019-04-13T23:20:05-07:00","entry_id":28634,"field1":"5.9375","field2":"4.75"},{"created_at":"2019-04-13T23:29:44-07:00","entry_id":28635,"field1":"5.9375","field2":"4.5625"},{"created_at":"2019-04-13T23:39:20-07:00","entry_id":28636,"field1":"5.9375","field2":"4.375"},{"created_at":"2019-04-13T23:48:58-07:00","entry_id":28637,"field1":"5.9375","field2":"4.375"},{"created_at":"2019-04-13T23:58:34-07:00","entry_id":28638,"field1":"5.9375","field2":"4.3125"}]}