{"channel":{"id":581842,"name":"Upstairs Small Window Indoor / Outdoor Sensor","latitude":"0.0","longitude":"0.0","field1":"Indoor Temperature","field2":"Outdoor Temperature","created_at":"2018-09-23T15:37:52-07:00","updated_at":"2020-07-27T05:59:41-07:00","last_entry_id":150128},"feeds":[{"created_at":"2018-11-26T00:05:33-08:00","entry_id":7925,"field1":"3.875","field2":"2.5625"},{"created_at":"2018-11-26T00:15:10-08:00","entry_id":7926,"field1":"3.875","field2":"2.4375"},{"created_at":"2018-11-26T00:24:47-08:00","entry_id":7927,"field1":"3.875","field2":"2.375"},{"created_at":"2018-11-26T00:34:24-08:00","entry_id":7928,"field1":"3.875","field2":"2.3125"},{"created_at":"2018-11-26T00:44:01-08:00","entry_id":7929,"field1":"3.875","field2":"2.25"},{"created_at":"2018-11-26T00:53:38-08:00","entry_id":7930,"field1":"3.875","field2":"2.1875"},{"created_at":"2018-11-26T01:03:16-08:00","entry_id":7931,"field1":"3.875","field2":"2.1875"},{"created_at":"2018-11-26T01:12:52-08:00","entry_id":7932,"field1":"3.8125","field2":"2.125"},{"created_at":"2018-11-26T01:22:29-08:00","entry_id":7933,"field1":"3.8125","field2":"2.0625"},{"created_at":"2018-11-26T01:32:06-08:00","entry_id":7934,"field1":"3.8125","field2":"2"},{"created_at":"2018-11-26T01:41:43-08:00","entry_id":7935,"field1":"3.8125","field2":"2"},{"created_at":"2018-11-26T01:51:20-08:00","entry_id":7936,"field1":"3.8125","field2":"2.0625"},{"created_at":"2018-11-26T02:00:57-08:00","entry_id":7937,"field1":"3.8125","field2":"2"},{"created_at":"2018-11-26T02:10:34-08:00","entry_id":7938,"field1":"3.8125","field2":"2"},{"created_at":"2018-11-26T02:20:11-08:00","entry_id":7939,"field1":"3.8125","field2":"2"},{"created_at":"2018-11-26T02:29:48-08:00","entry_id":7940,"field1":"3.75","field2":"2"},{"created_at":"2018-11-26T02:39:25-08:00","entry_id":7941,"field1":"3.75","field2":"1.9375"},{"created_at":"2018-11-26T02:49:02-08:00","entry_id":7942,"field1":"3.75","field2":"1.9375"},{"created_at":"2018-11-26T02:58:39-08:00","entry_id":7943,"field1":"3.75","field2":"1.9375"},{"created_at":"2018-11-26T03:08:16-08:00","entry_id":7944,"field1":"3.75","field2":"1.9375"},{"created_at":"2018-11-26T03:17:53-08:00","entry_id":7945,"field1":"3.75","field2":"1.9375"},{"created_at":"2018-11-26T03:27:30-08:00","entry_id":7946,"field1":"3.75","field2":"1.9375"},{"created_at":"2018-11-26T03:37:07-08:00","entry_id":7947,"field1":"3.75","field2":"1.875"},{"created_at":"2018-11-26T03:46:45-08:00","entry_id":7948,"field1":"3.75","field2":"1.875"},{"created_at":"2018-11-26T03:56:23-08:00","entry_id":7949,"field1":"3.6875","field2":"1.875"},{"created_at":"2018-11-26T04:05:59-08:00","entry_id":7950,"field1":"3.6875","field2":"1.875"},{"created_at":"2018-11-26T04:15:37-08:00","entry_id":7951,"field1":"3.6875","field2":"1.875"},{"created_at":"2018-11-26T04:25:14-08:00","entry_id":7952,"field1":"3.6875","field2":"1.875"},{"created_at":"2018-11-26T04:34:51-08:00","entry_id":7953,"field1":"3.6875","field2":"1.875"},{"created_at":"2018-11-26T04:44:28-08:00","entry_id":7954,"field1":"3.6875","field2":"1.875"},{"created_at":"2018-11-26T04:54:06-08:00","entry_id":7955,"field1":"3.6875","field2":"1.875"},{"created_at":"2018-11-26T05:03:43-08:00","entry_id":7956,"field1":"3.6875","field2":"1.9375"},{"created_at":"2018-11-26T05:13:20-08:00","entry_id":7957,"field1":"3.6875","field2":"1.875"},{"created_at":"2018-11-26T05:22:58-08:00","entry_id":7958,"field1":"3.625","field2":"1.875"},{"created_at":"2018-11-26T05:32:35-08:00","entry_id":7959,"field1":"3.625","field2":"1.9375"},{"created_at":"2018-11-26T05:42:12-08:00","entry_id":7960,"field1":"3.625","field2":"1.875"},{"created_at":"2018-11-26T06:01:52-08:00","entry_id":7961,"field1":"3.625","field2":"1.875"},{"created_at":"2018-11-26T06:11:27-08:00","entry_id":7962,"field1":"3.625","field2":"1.875"},{"created_at":"2018-11-26T06:21:03-08:00","entry_id":7963,"field1":"3.625","field2":"1.9375"},{"created_at":"2018-11-26T06:30:41-08:00","entry_id":7964,"field1":"3.625","field2":"1.9375"},{"created_at":"2018-11-26T06:40:18-08:00","entry_id":7965,"field1":"3.625","field2":"1.875"},{"created_at":"2018-11-26T06:49:57-08:00","entry_id":7966,"field1":"3.5625","field2":"1.875"},{"created_at":"2018-11-26T06:59:33-08:00","entry_id":7967,"field1":"3.5625","field2":"1.8125"},{"created_at":"2018-11-26T07:09:09-08:00","entry_id":7968,"field1":"3.5625","field2":"1.8125"},{"created_at":"2018-11-26T07:18:46-08:00","entry_id":7969,"field1":"3.5625","field2":"1.8125"},{"created_at":"2018-11-26T07:28:25-08:00","entry_id":7970,"field1":"3.5625","field2":"1.8125"},{"created_at":"2018-11-26T07:38:01-08:00","entry_id":7971,"field1":"3.5625","field2":"1.875"},{"created_at":"2018-11-26T07:47:40-08:00","entry_id":7972,"field1":"3.5625","field2":"1.875"},{"created_at":"2018-11-26T07:57:16-08:00","entry_id":7973,"field1":"3.5625","field2":"1.9375"},{"created_at":"2018-11-26T08:06:53-08:00","entry_id":7974,"field1":"3.5625","field2":"1.9375"},{"created_at":"2018-11-26T08:16:30-08:00","entry_id":7975,"field1":"3.5625","field2":"1.9375"},{"created_at":"2018-11-26T08:26:08-08:00","entry_id":7976,"field1":"3.5625","field2":"1.9375"},{"created_at":"2018-11-26T08:35:45-08:00","entry_id":7977,"field1":"3.5625","field2":"1.875"},{"created_at":"2018-11-26T08:45:21-08:00","entry_id":7978,"field1":"3.5","field2":"1.875"},{"created_at":"2018-11-26T08:54:59-08:00","entry_id":7979,"field1":"3.5","field2":"1.9375"},{"created_at":"2018-11-26T09:04:37-08:00","entry_id":7980,"field1":"3.5","field2":"2"},{"created_at":"2018-11-26T09:14:13-08:00","entry_id":7981,"field1":"3.5","field2":"2.0625"},{"created_at":"2018-11-26T09:23:51-08:00","entry_id":7982,"field1":"3.5","field2":"2.125"},{"created_at":"2018-11-26T09:33:28-08:00","entry_id":7983,"field1":"3.5","field2":"2.1875"},{"created_at":"2018-11-26T09:43:05-08:00","entry_id":7984,"field1":"3.5","field2":"2.25"},{"created_at":"2018-11-26T09:52:42-08:00","entry_id":7985,"field1":"3.5","field2":"2.25"},{"created_at":"2018-11-26T10:02:34-08:00","entry_id":7986,"field1":"3.5","field2":"2.3125"},{"created_at":"2018-11-26T10:12:05-08:00","entry_id":7987,"field1":"3.5","field2":"2.375"},{"created_at":"2018-11-26T10:21:42-08:00","entry_id":7988,"field1":"3.5","field2":"2.4375"},{"created_at":"2018-11-26T10:31:19-08:00","entry_id":7989,"field1":"3.5","field2":"2.5"},{"created_at":"2018-11-26T10:40:57-08:00","entry_id":7990,"field1":"3.5","field2":"2.5625"},{"created_at":"2018-11-26T10:50:34-08:00","entry_id":7991,"field1":"3.5","field2":"2.625"},{"created_at":"2018-11-26T11:00:11-08:00","entry_id":7992,"field1":"3.5","field2":"2.625"},{"created_at":"2018-11-26T11:09:48-08:00","entry_id":7993,"field1":"3.5","field2":"2.6875"},{"created_at":"2018-11-26T11:19:25-08:00","entry_id":7994,"field1":"3.5","field2":"2.75"},{"created_at":"2018-11-26T11:29:02-08:00","entry_id":7995,"field1":"3.5","field2":"2.8125"},{"created_at":"2018-11-26T11:38:39-08:00","entry_id":7996,"field1":"3.5","field2":"2.8125"},{"created_at":"2018-11-26T11:48:16-08:00","entry_id":7997,"field1":"3.5","field2":"2.8125"},{"created_at":"2018-11-26T11:57:53-08:00","entry_id":7998,"field1":"3.5","field2":"2.8125"},{"created_at":"2018-11-26T12:07:30-08:00","entry_id":7999,"field1":"3.5","field2":"2.8125"},{"created_at":"2018-11-26T12:17:08-08:00","entry_id":8000,"field1":"3.5","field2":"2.8125"},{"created_at":"2018-11-26T12:26:44-08:00","entry_id":8001,"field1":"3.5","field2":"2.8125"},{"created_at":"2018-11-26T12:36:21-08:00","entry_id":8002,"field1":"3.5","field2":"2.8125"},{"created_at":"2018-11-26T12:46:00-08:00","entry_id":8003,"field1":"3.5","field2":"2.875"},{"created_at":"2018-11-26T12:55:36-08:00","entry_id":8004,"field1":"3.5","field2":"2.875"},{"created_at":"2018-11-26T13:05:13-08:00","entry_id":8005,"field1":"3.5","field2":"2.8125"},{"created_at":"2018-11-26T13:14:51-08:00","entry_id":8006,"field1":"3.5","field2":"2.875"},{"created_at":"2018-11-26T13:24:28-08:00","entry_id":8007,"field1":"3.5","field2":"2.8125"},{"created_at":"2018-11-26T13:34:05-08:00","entry_id":8008,"field1":"3.5","field2":"2.8125"},{"created_at":"2018-11-26T13:43:44-08:00","entry_id":8009,"field1":"3.5","field2":"2.875"},{"created_at":"2018-11-26T13:53:20-08:00","entry_id":8010,"field1":"3.5","field2":"2.875"},{"created_at":"2018-11-26T14:02:58-08:00","entry_id":8011,"field1":"3.5","field2":"2.875"},{"created_at":"2018-11-26T14:12:34-08:00","entry_id":8012,"field1":"3.5","field2":"2.875"},{"created_at":"2018-11-26T14:22:12-08:00","entry_id":8013,"field1":"3.5","field2":"2.875"},{"created_at":"2018-11-26T14:31:49-08:00","entry_id":8014,"field1":"3.5","field2":"2.8125"},{"created_at":"2018-11-26T14:41:28-08:00","entry_id":8015,"field1":"3.5","field2":"2.75"},{"created_at":"2018-11-26T14:51:04-08:00","entry_id":8016,"field1":"3.5","field2":"2.75"},{"created_at":"2018-11-26T15:00:41-08:00","entry_id":8017,"field1":"3.5","field2":"2.75"},{"created_at":"2018-11-26T15:10:18-08:00","entry_id":8018,"field1":"3.5","field2":"2.6875"},{"created_at":"2018-11-26T15:19:55-08:00","entry_id":8019,"field1":"3.5","field2":"2.6875"},{"created_at":"2018-11-26T15:29:33-08:00","entry_id":8020,"field1":"3.5","field2":"2.6875"},{"created_at":"2018-11-26T15:39:20-08:00","entry_id":8021,"field1":"3.5","field2":"2.6875"},{"created_at":"2018-11-26T15:48:57-08:00","entry_id":8022,"field1":"3.5","field2":"2.6875"},{"created_at":"2018-11-26T15:58:34-08:00","entry_id":8023,"field1":"3.5","field2":"2.6875"},{"created_at":"2018-11-26T16:08:11-08:00","entry_id":8024,"field1":"3.5","field2":"2.625"},{"created_at":"2018-11-26T16:17:48-08:00","entry_id":8025,"field1":"3.5","field2":"2.625"},{"created_at":"2018-11-26T16:27:25-08:00","entry_id":8026,"field1":"3.5","field2":"2.625"},{"created_at":"2018-11-26T16:37:02-08:00","entry_id":8027,"field1":"3.5","field2":"2.625"},{"created_at":"2018-11-26T16:46:38-08:00","entry_id":8028,"field1":"3.5","field2":"2.625"},{"created_at":"2018-11-26T16:56:15-08:00","entry_id":8029,"field1":"3.5","field2":"2.625"},{"created_at":"2018-11-26T17:05:52-08:00","entry_id":8030,"field1":"3.5","field2":"2.6875"},{"created_at":"2018-11-26T17:15:29-08:00","entry_id":8031,"field1":"3.5","field2":"2.625"},{"created_at":"2018-11-26T17:25:07-08:00","entry_id":8032,"field1":"3.5","field2":"2.6875"},{"created_at":"2018-11-26T17:34:44-08:00","entry_id":8033,"field1":"3.5","field2":"2.6875"},{"created_at":"2018-11-26T17:54:36-08:00","entry_id":8034,"field1":"3.5","field2":"2.6875"},{"created_at":"2018-11-26T18:04:14-08:00","entry_id":8035,"field1":"3.5","field2":"2.6875"},{"created_at":"2018-11-26T18:13:50-08:00","entry_id":8036,"field1":"3.5","field2":"2.6875"},{"created_at":"2018-11-26T18:23:28-08:00","entry_id":8037,"field1":"3.5","field2":"2.6875"},{"created_at":"2018-11-26T18:33:04-08:00","entry_id":8038,"field1":"3.5","field2":"2.6875"},{"created_at":"2018-11-26T18:42:41-08:00","entry_id":8039,"field1":"3.5","field2":"2.6875"},{"created_at":"2018-11-26T18:52:18-08:00","entry_id":8040,"field1":"3.5","field2":"2.6875"},{"created_at":"2018-11-26T19:01:56-08:00","entry_id":8041,"field1":"3.5","field2":"2.75"},{"created_at":"2018-11-26T19:11:33-08:00","entry_id":8042,"field1":"3.5","field2":"2.75"},{"created_at":"2018-11-26T19:21:09-08:00","entry_id":8043,"field1":"3.5","field2":"2.75"},{"created_at":"2018-11-26T19:30:46-08:00","entry_id":8044,"field1":"3.5","field2":"2.75"},{"created_at":"2018-11-26T19:40:24-08:00","entry_id":8045,"field1":"3.5","field2":"2.75"},{"created_at":"2018-11-26T19:50:01-08:00","entry_id":8046,"field1":"3.5","field2":"2.8125"},{"created_at":"2018-11-26T19:59:38-08:00","entry_id":8047,"field1":"3.5","field2":"2.75"},{"created_at":"2018-11-26T20:09:15-08:00","entry_id":8048,"field1":"3.5","field2":"2.75"},{"created_at":"2018-11-26T20:18:52-08:00","entry_id":8049,"field1":"3.5","field2":"2.8125"},{"created_at":"2018-11-26T20:28:29-08:00","entry_id":8050,"field1":"3.5","field2":"2.8125"},{"created_at":"2018-11-26T20:38:06-08:00","entry_id":8051,"field1":"3.5","field2":"2.8125"},{"created_at":"2018-11-26T20:47:43-08:00","entry_id":8052,"field1":"3.5","field2":"2.875"},{"created_at":"2018-11-26T20:57:21-08:00","entry_id":8053,"field1":"3.5","field2":"2.8125"},{"created_at":"2018-11-26T21:06:57-08:00","entry_id":8054,"field1":"3.5","field2":"2.875"},{"created_at":"2018-11-26T21:16:35-08:00","entry_id":8055,"field1":"3.5","field2":"2.875"},{"created_at":"2018-11-26T21:26:12-08:00","entry_id":8056,"field1":"3.5","field2":"2.875"},{"created_at":"2018-11-26T21:35:50-08:00","entry_id":8057,"field1":"3.5","field2":"2.875"},{"created_at":"2018-11-26T21:45:27-08:00","entry_id":8058,"field1":"3.5","field2":"2.875"},{"created_at":"2018-11-26T21:55:04-08:00","entry_id":8059,"field1":"3.5","field2":"2.875"},{"created_at":"2018-11-26T22:04:42-08:00","entry_id":8060,"field1":"3.5","field2":"2.875"},{"created_at":"2018-11-26T22:14:19-08:00","entry_id":8061,"field1":"3.5","field2":"2.875"},{"created_at":"2018-11-26T22:23:56-08:00","entry_id":8062,"field1":"3.5","field2":"2.875"},{"created_at":"2018-11-26T22:33:35-08:00","entry_id":8063,"field1":"3.5","field2":"2.875"},{"created_at":"2018-11-26T22:43:12-08:00","entry_id":8064,"field1":"3.5","field2":"2.875"},{"created_at":"2018-11-26T22:52:53-08:00","entry_id":8065,"field1":"3.5","field2":"2.875"},{"created_at":"2018-11-26T23:02:48-08:00","entry_id":8066,"field1":"3.5","field2":"2.875"},{"created_at":"2018-11-26T23:12:33-08:00","entry_id":8067,"field1":"3.5","field2":"2.875"},{"created_at":"2018-11-26T23:31:48-08:00","entry_id":8068,"field1":"3.5","field2":"2.875"},{"created_at":"2018-11-26T23:41:25-08:00","entry_id":8069,"field1":"3.5","field2":"2.875"}]}