{"channel":{"id":581842,"name":"Upstairs Small Window Indoor / Outdoor Sensor","latitude":"0.0","longitude":"0.0","field1":"Indoor Temperature","field2":"Outdoor Temperature","created_at":"2018-09-23T15:37:52-07:00","updated_at":"2020-07-27T05:59:41-07:00","last_entry_id":150128},"feeds":[{"created_at":"2019-01-12T00:07:52-08:00","entry_id":14925,"field1":"0.625","field2":"-0.0625"},{"created_at":"2019-01-12T00:17:29-08:00","entry_id":14926,"field1":"0.625","field2":"-0.125"},{"created_at":"2019-01-12T00:27:09-08:00","entry_id":14927,"field1":"0.625","field2":"-0.25"},{"created_at":"2019-01-12T00:36:44-08:00","entry_id":14928,"field1":"0.625","field2":"-0.1875"},{"created_at":"2019-01-12T00:46:21-08:00","entry_id":14929,"field1":"0.625","field2":"-0.375"},{"created_at":"2019-01-12T00:55:57-08:00","entry_id":14930,"field1":"0.625","field2":"-0.375"},{"created_at":"2019-01-12T01:05:34-08:00","entry_id":14931,"field1":"0.5625","field2":"-0.375"},{"created_at":"2019-01-12T01:15:11-08:00","entry_id":14932,"field1":"0.5625","field2":"-0.3125"},{"created_at":"2019-01-12T01:24:47-08:00","entry_id":14933,"field1":"0.625","field2":"-0.3125"},{"created_at":"2019-01-12T01:34:24-08:00","entry_id":14934,"field1":"0.625","field2":"-0.3125"},{"created_at":"2019-01-12T01:44:01-08:00","entry_id":14935,"field1":"0.5625","field2":"-0.3125"},{"created_at":"2019-01-12T01:53:37-08:00","entry_id":14936,"field1":"0.5625","field2":"-0.3125"},{"created_at":"2019-01-12T02:03:15-08:00","entry_id":14937,"field1":"0.5625","field2":"-0.4375"},{"created_at":"2019-01-12T02:12:52-08:00","entry_id":14938,"field1":"0.5625","field2":"-0.4375"},{"created_at":"2019-01-12T02:22:30-08:00","entry_id":14939,"field1":"0.5625","field2":"-0.4375"},{"created_at":"2019-01-12T02:32:06-08:00","entry_id":14940,"field1":"0.5625","field2":"-0.4375"},{"created_at":"2019-01-12T02:41:43-08:00","entry_id":14941,"field1":"0.5625","field2":"-0.4375"},{"created_at":"2019-01-12T02:51:20-08:00","entry_id":14942,"field1":"0.5625","field2":"-0.5"},{"created_at":"2019-01-12T03:00:57-08:00","entry_id":14943,"field1":"0.5625","field2":"-0.4375"},{"created_at":"2019-01-12T03:10:33-08:00","entry_id":14944,"field1":"0.5625","field2":"-0.5"},{"created_at":"2019-01-12T03:20:11-08:00","entry_id":14945,"field1":"0.5625","field2":"-0.5"},{"created_at":"2019-01-12T03:29:48-08:00","entry_id":14946,"field1":"0.5625","field2":"-0.5"},{"created_at":"2019-01-12T03:39:25-08:00","entry_id":14947,"field1":"0.5625","field2":"-0.5"},{"created_at":"2019-01-12T03:49:06-08:00","entry_id":14948,"field1":"0.5625","field2":"-0.5"},{"created_at":"2019-01-12T03:58:45-08:00","entry_id":14949,"field1":"0.5","field2":"-0.5625"},{"created_at":"2019-01-12T04:08:22-08:00","entry_id":14950,"field1":"0.5","field2":"-0.5"},{"created_at":"2019-01-12T04:18:00-08:00","entry_id":14951,"field1":"0.5625","field2":"-0.5"},{"created_at":"2019-01-12T04:27:36-08:00","entry_id":14952,"field1":"0.5625","field2":"-0.5625"},{"created_at":"2019-01-12T04:37:13-08:00","entry_id":14953,"field1":"0.5","field2":"-0.625"},{"created_at":"2019-01-12T04:46:50-08:00","entry_id":14954,"field1":"0.5","field2":"-0.5625"},{"created_at":"2019-01-12T04:56:26-08:00","entry_id":14955,"field1":"0.5","field2":"-0.6875"},{"created_at":"2019-01-12T05:06:03-08:00","entry_id":14956,"field1":"0.5","field2":"-0.75"},{"created_at":"2019-01-12T05:15:40-08:00","entry_id":14957,"field1":"0.5","field2":"-0.6875"},{"created_at":"2019-01-12T05:25:16-08:00","entry_id":14958,"field1":"0.5","field2":"-0.6875"},{"created_at":"2019-01-12T05:34:53-08:00","entry_id":14959,"field1":"0.5","field2":"-0.6875"},{"created_at":"2019-01-12T05:44:30-08:00","entry_id":14960,"field1":"0.5","field2":"-0.625"},{"created_at":"2019-01-12T05:54:07-08:00","entry_id":14961,"field1":"0.5","field2":"-0.6875"},{"created_at":"2019-01-12T06:03:42-08:00","entry_id":14962,"field1":"0.5","field2":"-0.6875"},{"created_at":"2019-01-12T06:13:19-08:00","entry_id":14963,"field1":"0.5","field2":"-0.6875"},{"created_at":"2019-01-12T06:22:56-08:00","entry_id":14964,"field1":"0.5","field2":"-0.6875"},{"created_at":"2019-01-12T06:32:33-08:00","entry_id":14965,"field1":"0.5","field2":"-0.75"},{"created_at":"2019-01-12T06:42:10-08:00","entry_id":14966,"field1":"0.5","field2":"-0.6875"},{"created_at":"2019-01-12T06:51:47-08:00","entry_id":14967,"field1":"0.5","field2":"-0.625"},{"created_at":"2019-01-12T07:01:23-08:00","entry_id":14968,"field1":"0.5","field2":"-0.6875"},{"created_at":"2019-01-12T07:11:01-08:00","entry_id":14969,"field1":"0.5","field2":"-0.6875"},{"created_at":"2019-01-12T07:20:37-08:00","entry_id":14970,"field1":"0.5","field2":"-0.8125"},{"created_at":"2019-01-12T07:30:15-08:00","entry_id":14971,"field1":"0.5","field2":"-0.8125"},{"created_at":"2019-01-12T07:39:52-08:00","entry_id":14972,"field1":"0.5","field2":"-0.75"},{"created_at":"2019-01-12T07:49:29-08:00","entry_id":14973,"field1":"0.5","field2":"-0.75"},{"created_at":"2019-01-12T07:59:05-08:00","entry_id":14974,"field1":"0.5","field2":"-0.8125"},{"created_at":"2019-01-12T08:08:42-08:00","entry_id":14975,"field1":"0.5","field2":"-0.8125"},{"created_at":"2019-01-12T08:18:20-08:00","entry_id":14976,"field1":"0.5","field2":"-0.8125"},{"created_at":"2019-01-12T08:27:57-08:00","entry_id":14977,"field1":"0.5","field2":"-0.8125"},{"created_at":"2019-01-12T08:37:34-08:00","entry_id":14978,"field1":"0.4375","field2":"-0.875"},{"created_at":"2019-01-12T08:47:11-08:00","entry_id":14979,"field1":"0.5","field2":"-1.0625"},{"created_at":"2019-01-12T08:56:48-08:00","entry_id":14980,"field1":"0.4375","field2":"-0.9375"},{"created_at":"2019-01-12T09:06:24-08:00","entry_id":14981,"field1":"0.4375","field2":"-0.875"},{"created_at":"2019-01-12T09:16:02-08:00","entry_id":14982,"field1":"0.4375","field2":"-0.75"},{"created_at":"2019-01-12T09:25:38-08:00","entry_id":14983,"field1":"0.5","field2":"-0.6875"},{"created_at":"2019-01-12T09:35:15-08:00","entry_id":14984,"field1":"0.5","field2":"-0.75"},{"created_at":"2019-01-12T09:44:51-08:00","entry_id":14985,"field1":"0.5","field2":"-0.6875"},{"created_at":"2019-01-12T09:54:28-08:00","entry_id":14986,"field1":"0.4375","field2":"-0.6875"},{"created_at":"2019-01-12T10:04:05-08:00","entry_id":14987,"field1":"0.4375","field2":"-0.8125"},{"created_at":"2019-01-12T10:13:41-08:00","entry_id":14988,"field1":"0.4375","field2":"-0.75"},{"created_at":"2019-01-12T10:23:18-08:00","entry_id":14989,"field1":"0.4375","field2":"-0.875"},{"created_at":"2019-01-12T10:32:55-08:00","entry_id":14990,"field1":"0.4375","field2":"-0.75"},{"created_at":"2019-01-12T10:42:32-08:00","entry_id":14991,"field1":"0.4375","field2":"-0.8125"},{"created_at":"2019-01-12T10:52:09-08:00","entry_id":14992,"field1":"0.4375","field2":"-0.8125"},{"created_at":"2019-01-12T11:01:45-08:00","entry_id":14993,"field1":"0.4375","field2":"-0.75"},{"created_at":"2019-01-12T11:11:23-08:00","entry_id":14994,"field1":"0.5","field2":"-0.6875"},{"created_at":"2019-01-12T11:21:00-08:00","entry_id":14995,"field1":"0.5","field2":"-0.6875"},{"created_at":"2019-01-12T11:30:36-08:00","entry_id":14996,"field1":"0.5625","field2":"-0.6875"},{"created_at":"2019-01-12T11:40:13-08:00","entry_id":14997,"field1":"0.5625","field2":"-0.8125"},{"created_at":"2019-01-12T11:49:50-08:00","entry_id":14998,"field1":"0.5","field2":"-0.875"},{"created_at":"2019-01-12T11:59:27-08:00","entry_id":14999,"field1":"0.4375","field2":"-1"},{"created_at":"2019-01-12T12:09:05-08:00","entry_id":15000,"field1":"0.5","field2":"-0.875"},{"created_at":"2019-01-12T12:18:42-08:00","entry_id":15001,"field1":"0.5","field2":"-1.125"},{"created_at":"2019-01-12T12:28:19-08:00","entry_id":15002,"field1":"0.4375","field2":"-1"},{"created_at":"2019-01-12T12:37:56-08:00","entry_id":15003,"field1":"0.4375","field2":"-0.875"},{"created_at":"2019-01-12T12:47:32-08:00","entry_id":15004,"field1":"0.5","field2":"-0.875"},{"created_at":"2019-01-12T12:57:09-08:00","entry_id":15005,"field1":"0.5625","field2":"-0.8125"},{"created_at":"2019-01-12T13:06:47-08:00","entry_id":15006,"field1":"0.5625","field2":"-0.8125"},{"created_at":"2019-01-12T13:16:23-08:00","entry_id":15007,"field1":"0.625","field2":"-0.8125"},{"created_at":"2019-01-12T13:26:00-08:00","entry_id":15008,"field1":"0.6875","field2":"-0.75"},{"created_at":"2019-01-12T13:35:37-08:00","entry_id":15009,"field1":"0.6875","field2":"-0.875"},{"created_at":"2019-01-12T13:45:13-08:00","entry_id":15010,"field1":"0.6875","field2":"-0.75"},{"created_at":"2019-01-12T13:54:51-08:00","entry_id":15011,"field1":"0.6875","field2":"-0.75"},{"created_at":"2019-01-12T14:04:28-08:00","entry_id":15012,"field1":"0.6875","field2":"-0.875"},{"created_at":"2019-01-12T14:14:05-08:00","entry_id":15013,"field1":"0.6875","field2":"-0.9375"},{"created_at":"2019-01-12T14:23:41-08:00","entry_id":15014,"field1":"0.6875","field2":"-0.8125"},{"created_at":"2019-01-12T14:33:18-08:00","entry_id":15015,"field1":"0.6875","field2":"-0.875"},{"created_at":"2019-01-12T14:42:55-08:00","entry_id":15016,"field1":"0.6875","field2":"-0.8125"},{"created_at":"2019-01-12T14:52:33-08:00","entry_id":15017,"field1":"0.6875","field2":"-0.8125"},{"created_at":"2019-01-12T15:02:09-08:00","entry_id":15018,"field1":"0.625","field2":"-0.875"},{"created_at":"2019-01-12T15:11:46-08:00","entry_id":15019,"field1":"0.625","field2":"-0.9375"},{"created_at":"2019-01-12T15:21:23-08:00","entry_id":15020,"field1":"0.625","field2":"-0.9375"},{"created_at":"2019-01-12T15:30:59-08:00","entry_id":15021,"field1":"0.625","field2":"-0.9375"},{"created_at":"2019-01-12T15:40:37-08:00","entry_id":15022,"field1":"0.625","field2":"-0.875"},{"created_at":"2019-01-12T15:50:14-08:00","entry_id":15023,"field1":"0.625","field2":"-1"},{"created_at":"2019-01-12T15:59:50-08:00","entry_id":15024,"field1":"0.625","field2":"-1"},{"created_at":"2019-01-12T16:09:28-08:00","entry_id":15025,"field1":"0.625","field2":"-0.9375"},{"created_at":"2019-01-12T16:19:05-08:00","entry_id":15026,"field1":"0.625","field2":"-0.875"},{"created_at":"2019-01-12T16:28:43-08:00","entry_id":15027,"field1":"0.5625","field2":"-0.8125"},{"created_at":"2019-01-12T16:38:20-08:00","entry_id":15028,"field1":"0.5625","field2":"-0.8125"},{"created_at":"2019-01-12T16:47:57-08:00","entry_id":15029,"field1":"0.5625","field2":"-0.75"},{"created_at":"2019-01-12T16:57:33-08:00","entry_id":15030,"field1":"0.5625","field2":"-0.8125"},{"created_at":"2019-01-12T17:07:10-08:00","entry_id":15031,"field1":"0.5625","field2":"-0.8125"},{"created_at":"2019-01-12T17:16:46-08:00","entry_id":15032,"field1":"0.5625","field2":"-0.75"},{"created_at":"2019-01-12T17:26:23-08:00","entry_id":15033,"field1":"0.5625","field2":"-0.8125"},{"created_at":"2019-01-12T17:35:59-08:00","entry_id":15034,"field1":"0.5625","field2":"-0.875"},{"created_at":"2019-01-12T17:45:37-08:00","entry_id":15035,"field1":"0.5625","field2":"-0.9375"},{"created_at":"2019-01-12T17:55:13-08:00","entry_id":15036,"field1":"0.5","field2":"-1.0625"},{"created_at":"2019-01-12T18:04:51-08:00","entry_id":15037,"field1":"0.5","field2":"-1.125"},{"created_at":"2019-01-12T18:14:28-08:00","entry_id":15038,"field1":"0.5625","field2":"-1.125"},{"created_at":"2019-01-12T18:24:05-08:00","entry_id":15039,"field1":"0.5625","field2":"-1"},{"created_at":"2019-01-12T18:33:42-08:00","entry_id":15040,"field1":"0.5","field2":"-1.0625"},{"created_at":"2019-01-12T18:43:20-08:00","entry_id":15041,"field1":"0.5","field2":"-1.3125"},{"created_at":"2019-01-12T18:52:56-08:00","entry_id":15042,"field1":"0.5","field2":"-1.125"},{"created_at":"2019-01-12T19:02:34-08:00","entry_id":15043,"field1":"0.5","field2":"-1.1875"},{"created_at":"2019-01-12T19:12:11-08:00","entry_id":15044,"field1":"0.5","field2":"-1.1875"},{"created_at":"2019-01-12T19:21:47-08:00","entry_id":15045,"field1":"0.5","field2":"-1.375"},{"created_at":"2019-01-12T19:31:24-08:00","entry_id":15046,"field1":"0.5","field2":"-1.1875"},{"created_at":"2019-01-12T19:41:01-08:00","entry_id":15047,"field1":"0.5","field2":"-1.3125"},{"created_at":"2019-01-12T19:50:37-08:00","entry_id":15048,"field1":"0.5","field2":"-1.25"},{"created_at":"2019-01-12T20:00:15-08:00","entry_id":15049,"field1":"0.5","field2":"-1.375"},{"created_at":"2019-01-12T20:09:52-08:00","entry_id":15050,"field1":"0.4375","field2":"-1.1875"},{"created_at":"2019-01-12T20:19:29-08:00","entry_id":15051,"field1":"0.4375","field2":"-1.1875"},{"created_at":"2019-01-12T20:29:07-08:00","entry_id":15052,"field1":"0.4375","field2":"-1.25"},{"created_at":"2019-01-12T20:38:44-08:00","entry_id":15053,"field1":"0.4375","field2":"-1.25"},{"created_at":"2019-01-12T20:48:20-08:00","entry_id":15054,"field1":"0.4375","field2":"-1.1875"},{"created_at":"2019-01-12T20:57:57-08:00","entry_id":15055,"field1":"0.4375","field2":"-1.1875"},{"created_at":"2019-01-12T21:07:34-08:00","entry_id":15056,"field1":"0.4375","field2":"-1.25"},{"created_at":"2019-01-12T21:17:10-08:00","entry_id":15057,"field1":"0.4375","field2":"-1.25"},{"created_at":"2019-01-12T21:26:47-08:00","entry_id":15058,"field1":"0.4375","field2":"-1.1875"},{"created_at":"2019-01-12T21:36:24-08:00","entry_id":15059,"field1":"0.4375","field2":"-1.1875"},{"created_at":"2019-01-12T21:46:01-08:00","entry_id":15060,"field1":"0.4375","field2":"-1.125"},{"created_at":"2019-01-12T21:55:38-08:00","entry_id":15061,"field1":"0.4375","field2":"-1.1875"},{"created_at":"2019-01-12T22:05:15-08:00","entry_id":15062,"field1":"0.375","field2":"-1.125"},{"created_at":"2019-01-12T22:14:51-08:00","entry_id":15063,"field1":"0.4375","field2":"-1.125"},{"created_at":"2019-01-12T22:24:28-08:00","entry_id":15064,"field1":"0.4375","field2":"-1.125"},{"created_at":"2019-01-12T22:34:06-08:00","entry_id":15065,"field1":"0.375","field2":"-1.125"},{"created_at":"2019-01-12T22:43:42-08:00","entry_id":15066,"field1":"0.4375","field2":"-1.0625"},{"created_at":"2019-01-12T22:53:19-08:00","entry_id":15067,"field1":"0.375","field2":"-1"},{"created_at":"2019-01-12T23:02:58-08:00","entry_id":15068,"field1":"0.375","field2":"-1.125"},{"created_at":"2019-01-12T23:12:34-08:00","entry_id":15069,"field1":"0.375","field2":"-1.0625"},{"created_at":"2019-01-12T23:22:11-08:00","entry_id":15070,"field1":"0.375","field2":"-1.0625"},{"created_at":"2019-01-12T23:31:47-08:00","entry_id":15071,"field1":"0.375","field2":"-1.125"},{"created_at":"2019-01-12T23:41:24-08:00","entry_id":15072,"field1":"0.375","field2":"-1.0625"},{"created_at":"2019-01-12T23:51:01-08:00","entry_id":15073,"field1":"0.375","field2":"-1.125"}]}