{"channel":{"id":581842,"name":"Upstairs Small Window Indoor / Outdoor Sensor","latitude":"0.0","longitude":"0.0","field1":"Indoor Temperature","field2":"Outdoor Temperature","created_at":"2018-09-23T15:37:52-07:00","updated_at":"2020-07-27T05:59:41-07:00","last_entry_id":231369},"feeds":[{"created_at":"2023-02-11T00:04:09-08:00","entry_id":231089,"field1":"6.875","field2":"0.5"},{"created_at":"2023-02-11T00:13:47-08:00","entry_id":231090,"field1":"6.6875","field2":"0.5"},{"created_at":"2023-02-11T00:23:24-08:00","entry_id":231091,"field1":"6.5625","field2":"0.5"},{"created_at":"2023-02-11T00:33:01-08:00","entry_id":231092,"field1":"7.0625","field2":"0.4375"},{"created_at":"2023-02-11T00:42:38-08:00","entry_id":231093,"field1":"7.625","field2":"0.5"},{"created_at":"2023-02-11T00:52:16-08:00","entry_id":231094,"field1":"8","field2":"0.4375"},{"created_at":"2023-02-11T01:01:52-08:00","entry_id":231095,"field1":"7.875","field2":"0.375"},{"created_at":"2023-02-11T01:11:29-08:00","entry_id":231096,"field1":"7.4375","field2":"0.5"},{"created_at":"2023-02-11T01:21:06-08:00","entry_id":231097,"field1":"7.1875","field2":"0.5"},{"created_at":"2023-02-11T01:30:43-08:00","entry_id":231098,"field1":"6.9375","field2":"0.4375"},{"created_at":"2023-02-11T01:40:18-08:00","entry_id":231099,"field1":"6.8125","field2":"0.4375"},{"created_at":"2023-02-11T01:49:56-08:00","entry_id":231100,"field1":"6.625","field2":"0.375"},{"created_at":"2023-02-11T01:59:34-08:00","entry_id":231101,"field1":"6.6875","field2":"0.375"},{"created_at":"2023-02-11T02:09:10-08:00","entry_id":231102,"field1":"7.3125","field2":"0.4375"},{"created_at":"2023-02-11T02:18:46-08:00","entry_id":231103,"field1":"7.75","field2":"0.5"},{"created_at":"2023-02-11T02:28:24-08:00","entry_id":231104,"field1":"8.0625","field2":"0.4375"},{"created_at":"2023-02-11T02:38:01-08:00","entry_id":231105,"field1":"7.6875","field2":"0.5"},{"created_at":"2023-02-11T02:47:39-08:00","entry_id":231106,"field1":"7.3125","field2":"0.375"},{"created_at":"2023-02-11T02:57:14-08:00","entry_id":231107,"field1":"7.0625","field2":"0.3125"},{"created_at":"2023-02-11T03:06:53-08:00","entry_id":231108,"field1":"6.875","field2":"0.3125"},{"created_at":"2023-02-11T03:16:30-08:00","entry_id":231109,"field1":"6.6875","field2":"0.1875"},{"created_at":"2023-02-11T03:26:05-08:00","entry_id":231110,"field1":"6.5625","field2":"0.1875"},{"created_at":"2023-02-11T03:35:42-08:00","entry_id":231111,"field1":"6.9375","field2":"0.125"},{"created_at":"2023-02-11T03:45:19-08:00","entry_id":231112,"field1":"7.5","field2":"0.125"},{"created_at":"2023-02-11T03:54:57-08:00","entry_id":231113,"field1":"7.875","field2":"0.125"},{"created_at":"2023-02-11T04:04:33-08:00","entry_id":231114,"field1":"8","field2":"0.0625"},{"created_at":"2023-02-11T04:14:11-08:00","entry_id":231115,"field1":"7.5","field2":"0.125"},{"created_at":"2023-02-11T04:23:46-08:00","entry_id":231116,"field1":"7.25","field2":"0.125"},{"created_at":"2023-02-11T04:33:22-08:00","entry_id":231117,"field1":"7","field2":"0.125"},{"created_at":"2023-02-11T04:43:00-08:00","entry_id":231118,"field1":"6.8125","field2":"0.125"},{"created_at":"2023-02-11T04:52:37-08:00","entry_id":231119,"field1":"6.6875","field2":"0.0625"},{"created_at":"2023-02-11T05:02:15-08:00","entry_id":231120,"field1":"6.5625","field2":"0"},{"created_at":"2023-02-11T05:11:50-08:00","entry_id":231121,"field1":"7.125","field2":"0"},{"created_at":"2023-02-11T05:21:28-08:00","entry_id":231122,"field1":"7.625","field2":"0.0625"},{"created_at":"2023-02-11T05:31:04-08:00","entry_id":231123,"field1":"8","field2":"0"},{"created_at":"2023-02-11T05:40:41-08:00","entry_id":231124,"field1":"7.75","field2":"0"},{"created_at":"2023-02-11T05:50:18-08:00","entry_id":231125,"field1":"7.375","field2":"-0.125"},{"created_at":"2023-02-11T05:59:55-08:00","entry_id":231126,"field1":"7.0625","field2":"-0.25"},{"created_at":"2023-02-11T06:09:32-08:00","entry_id":231127,"field1":"6.875","field2":"-0.25"},{"created_at":"2023-02-11T06:19:09-08:00","entry_id":231128,"field1":"6.6875","field2":"-0.3125"},{"created_at":"2023-02-11T06:28:46-08:00","entry_id":231129,"field1":"6.5625","field2":"-0.25"},{"created_at":"2023-02-11T06:38:22-08:00","entry_id":231130,"field1":"6.8125","field2":"-0.4375"},{"created_at":"2023-02-11T06:48:01-08:00","entry_id":231131,"field1":"7.4375","field2":"-0.375"},{"created_at":"2023-02-11T06:57:38-08:00","entry_id":231132,"field1":"7.8125","field2":"-0.375"},{"created_at":"2023-02-11T07:07:13-08:00","entry_id":231133,"field1":"7.9375","field2":"-0.5625"},{"created_at":"2023-02-11T07:16:49-08:00","entry_id":231134,"field1":"7.4375","field2":"-0.625"},{"created_at":"2023-02-11T07:26:27-08:00","entry_id":231135,"field1":"7.125","field2":"-0.625"},{"created_at":"2023-02-11T07:36:05-08:00","entry_id":231136,"field1":"6.9375","field2":"-0.6875"},{"created_at":"2023-02-11T07:45:42-08:00","entry_id":231137,"field1":"6.75","field2":"-0.6875"},{"created_at":"2023-02-11T07:55:18-08:00","entry_id":231138,"field1":"6.5625","field2":"-0.6875"},{"created_at":"2023-02-11T08:04:53-08:00","entry_id":231139,"field1":"6.625","field2":"-0.6875"},{"created_at":"2023-02-11T08:14:29-08:00","entry_id":231140,"field1":"7.1875","field2":"-0.75"},{"created_at":"2023-02-11T08:24:06-08:00","entry_id":231141,"field1":"7.625","field2":"-0.6875"},{"created_at":"2023-02-11T08:33:42-08:00","entry_id":231142,"field1":"7.9375","field2":"-0.875"},{"created_at":"2023-02-11T08:43:18-08:00","entry_id":231143,"field1":"7.6875","field2":"-1"},{"created_at":"2023-02-11T08:52:54-08:00","entry_id":231144,"field1":"7.25","field2":"-1"},{"created_at":"2023-02-11T09:02:33-08:00","entry_id":231145,"field1":"7","field2":"-0.8125"},{"created_at":"2023-02-11T09:12:11-08:00","entry_id":231146,"field1":"6.8125","field2":"-0.875"},{"created_at":"2023-02-11T09:21:48-08:00","entry_id":231147,"field1":"6.625","field2":"-0.875"},{"created_at":"2023-02-11T09:31:22-08:00","entry_id":231148,"field1":"6.5","field2":"-0.8125"},{"created_at":"2023-02-11T09:41:00-08:00","entry_id":231149,"field1":"6.875","field2":"-0.875"},{"created_at":"2023-02-11T09:50:38-08:00","entry_id":231150,"field1":"7.5","field2":"-0.8125"},{"created_at":"2023-02-11T10:00:16-08:00","entry_id":231151,"field1":"7.875","field2":"-0.875"},{"created_at":"2023-02-11T10:09:53-08:00","entry_id":231152,"field1":"7.875","field2":"-0.625"},{"created_at":"2023-02-11T10:19:28-08:00","entry_id":231153,"field1":"7.375","field2":"-0.75"},{"created_at":"2023-02-11T10:29:04-08:00","entry_id":231154,"field1":"7.125","field2":"-0.6875"},{"created_at":"2023-02-11T10:38:42-08:00","entry_id":231155,"field1":"6.875","field2":"-0.625"},{"created_at":"2023-02-11T10:48:19-08:00","entry_id":231156,"field1":"6.75","field2":"-0.625"},{"created_at":"2023-02-11T10:57:56-08:00","entry_id":231157,"field1":"6.625","field2":"-0.5625"},{"created_at":"2023-02-11T11:07:31-08:00","entry_id":231158,"field1":"6.5625","field2":"-0.4375"},{"created_at":"2023-02-11T11:17:10-08:00","entry_id":231159,"field1":"7.125","field2":"-0.1875"},{"created_at":"2023-02-11T11:26:47-08:00","entry_id":231160,"field1":"7.6875","field2":"-0.125"},{"created_at":"2023-02-11T11:36:25-08:00","entry_id":231161,"field1":"8","field2":"-0.125"},{"created_at":"2023-02-11T11:46:01-08:00","entry_id":231162,"field1":"7.625","field2":"-0.375"},{"created_at":"2023-02-11T11:55:37-08:00","entry_id":231163,"field1":"7.3125","field2":"-0.3125"},{"created_at":"2023-02-11T12:05:15-08:00","entry_id":231164,"field1":"7.125","field2":"-0.4375"},{"created_at":"2023-02-11T12:14:52-08:00","entry_id":231165,"field1":"6.9375","field2":"-0.25"},{"created_at":"2023-02-11T12:24:30-08:00","entry_id":231166,"field1":"6.8125","field2":"-0.1875"},{"created_at":"2023-02-11T12:34:06-08:00","entry_id":231167,"field1":"6.6875","field2":"-0.125"},{"created_at":"2023-02-11T12:43:44-08:00","entry_id":231168,"field1":"6.5625","field2":"-0.1875"},{"created_at":"2023-02-11T12:53:21-08:00","entry_id":231169,"field1":"7","field2":"-0.4375"},{"created_at":"2023-02-11T13:02:57-08:00","entry_id":231170,"field1":"7.625","field2":"-0.125"},{"created_at":"2023-02-11T13:12:34-08:00","entry_id":231171,"field1":"8","field2":"0.5625"},{"created_at":"2023-02-11T13:22:12-08:00","entry_id":231172,"field1":"8","field2":"0.4375"},{"created_at":"2023-02-11T13:31:49-08:00","entry_id":231173,"field1":"7.5625","field2":"0.5"},{"created_at":"2023-02-11T13:41:27-08:00","entry_id":231174,"field1":"7.25","field2":"0.9375"},{"created_at":"2023-02-11T13:51:02-08:00","entry_id":231175,"field1":"7.0625","field2":"0.9375"},{"created_at":"2023-02-11T14:00:40-08:00","entry_id":231176,"field1":"6.9375","field2":"1"},{"created_at":"2023-02-11T14:10:17-08:00","entry_id":231177,"field1":"6.8125","field2":"1.25"},{"created_at":"2023-02-11T14:19:54-08:00","entry_id":231178,"field1":"6.6875","field2":"1.3125"},{"created_at":"2023-02-11T14:29:31-08:00","entry_id":231179,"field1":"6.625","field2":"1.3125"},{"created_at":"2023-02-11T14:39:08-08:00","entry_id":231180,"field1":"7.25","field2":"1.1875"},{"created_at":"2023-02-11T14:48:46-08:00","entry_id":231181,"field1":"7.8125","field2":"1.25"},{"created_at":"2023-02-11T14:58:22-08:00","entry_id":231182,"field1":"8.0625","field2":"1"},{"created_at":"2023-02-11T15:08:01-08:00","entry_id":231183,"field1":"7.6875","field2":"1.25"},{"created_at":"2023-02-11T15:17:38-08:00","entry_id":231184,"field1":"7.3125","field2":"1.1875"},{"created_at":"2023-02-11T15:27:15-08:00","entry_id":231185,"field1":"7.125","field2":"1.1875"},{"created_at":"2023-02-11T15:36:52-08:00","entry_id":231186,"field1":"6.9375","field2":"1.0625"},{"created_at":"2023-02-11T15:46:28-08:00","entry_id":231187,"field1":"6.8125","field2":"0.9375"},{"created_at":"2023-02-11T15:56:05-08:00","entry_id":231188,"field1":"6.6875","field2":"0.75"},{"created_at":"2023-02-11T16:05:40-08:00","entry_id":231189,"field1":"6.6875","field2":"0.75"},{"created_at":"2023-02-11T16:15:19-08:00","entry_id":231190,"field1":"7.3125","field2":"0.625"},{"created_at":"2023-02-11T16:24:55-08:00","entry_id":231191,"field1":"7.75","field2":"0.6875"},{"created_at":"2023-02-11T16:34:33-08:00","entry_id":231192,"field1":"8.125","field2":"0.5625"},{"created_at":"2023-02-11T16:44:10-08:00","entry_id":231193,"field1":"7.6875","field2":"0.4375"},{"created_at":"2023-02-11T16:53:47-08:00","entry_id":231194,"field1":"7.3125","field2":"0.3125"},{"created_at":"2023-02-11T17:03:25-08:00","entry_id":231195,"field1":"7.125","field2":"0.1875"},{"created_at":"2023-02-11T17:13:01-08:00","entry_id":231196,"field1":"6.9375","field2":"0.0625"},{"created_at":"2023-02-11T17:22:38-08:00","entry_id":231197,"field1":"6.75","field2":"-0.0625"},{"created_at":"2023-02-11T17:32:13-08:00","entry_id":231198,"field1":"6.625","field2":"-0.125"},{"created_at":"2023-02-11T17:41:52-08:00","entry_id":231199,"field1":"6.875","field2":"-0.25"},{"created_at":"2023-02-11T17:51:29-08:00","entry_id":231200,"field1":"7.4375","field2":"-0.0625"},{"created_at":"2023-02-11T18:01:07-08:00","entry_id":231201,"field1":"7.875","field2":"-0.0625"},{"created_at":"2023-02-11T18:10:44-08:00","entry_id":231202,"field1":"7.9375","field2":"0"},{"created_at":"2023-02-11T18:20:19-08:00","entry_id":231203,"field1":"7.5","field2":"0.0625"},{"created_at":"2023-02-11T18:29:56-08:00","entry_id":231204,"field1":"7.1875","field2":"0.0625"},{"created_at":"2023-02-11T18:39:32-08:00","entry_id":231205,"field1":"6.9375","field2":"0.0625"},{"created_at":"2023-02-11T18:49:10-08:00","entry_id":231206,"field1":"6.75","field2":"0.0625"},{"created_at":"2023-02-11T18:58:47-08:00","entry_id":231207,"field1":"6.625","field2":"0.125"},{"created_at":"2023-02-11T19:08:22-08:00","entry_id":231208,"field1":"6.625","field2":"0.125"},{"created_at":"2023-02-11T19:18:01-08:00","entry_id":231209,"field1":"7.25","field2":"0.125"},{"created_at":"2023-02-11T19:27:38-08:00","entry_id":231210,"field1":"7.6875","field2":"0.125"},{"created_at":"2023-02-11T19:37:14-08:00","entry_id":231211,"field1":"8.0625","field2":"0.1875"},{"created_at":"2023-02-11T19:46:53-08:00","entry_id":231212,"field1":"7.6875","field2":"0.1875"},{"created_at":"2023-02-11T19:56:30-08:00","entry_id":231213,"field1":"7.3125","field2":"0.1875"},{"created_at":"2023-02-11T20:06:05-08:00","entry_id":231214,"field1":"7.0625","field2":"0.1875"},{"created_at":"2023-02-11T20:15:43-08:00","entry_id":231215,"field1":"6.875","field2":"0.1875"},{"created_at":"2023-02-11T20:25:20-08:00","entry_id":231216,"field1":"6.6875","field2":"0.125"},{"created_at":"2023-02-11T20:34:57-08:00","entry_id":231217,"field1":"6.5625","field2":"0.0625"},{"created_at":"2023-02-11T20:44:32-08:00","entry_id":231218,"field1":"6.875","field2":"0.0625"},{"created_at":"2023-02-11T20:54:11-08:00","entry_id":231219,"field1":"7.5","field2":"0.0625"},{"created_at":"2023-02-11T21:03:49-08:00","entry_id":231220,"field1":"7.875","field2":"0.125"},{"created_at":"2023-02-11T21:13:24-08:00","entry_id":231221,"field1":"7.875","field2":"0.0625"},{"created_at":"2023-02-11T21:23:00-08:00","entry_id":231222,"field1":"7.4375","field2":"0.0625"},{"created_at":"2023-02-11T21:32:37-08:00","entry_id":231223,"field1":"7.125","field2":"0"},{"created_at":"2023-02-11T21:42:13-08:00","entry_id":231224,"field1":"6.9375","field2":"-0.125"},{"created_at":"2023-02-11T21:51:51-08:00","entry_id":231225,"field1":"6.75","field2":"-0.125"},{"created_at":"2023-02-11T22:01:27-08:00","entry_id":231226,"field1":"6.625","field2":"-0.1875"},{"created_at":"2023-02-11T22:11:03-08:00","entry_id":231227,"field1":"6.6875","field2":"-0.25"},{"created_at":"2023-02-11T22:20:41-08:00","entry_id":231228,"field1":"7.3125","field2":"-0.3125"},{"created_at":"2023-02-11T22:30:17-08:00","entry_id":231229,"field1":"7.6875","field2":"-0.375"},{"created_at":"2023-02-11T22:39:55-08:00","entry_id":231230,"field1":"8","field2":"-0.3125"},{"created_at":"2023-02-11T22:49:33-08:00","entry_id":231231,"field1":"7.625","field2":"-0.4375"},{"created_at":"2023-02-11T22:59:11-08:00","entry_id":231232,"field1":"7.25","field2":"-0.5"},{"created_at":"2023-02-11T23:08:48-08:00","entry_id":231233,"field1":"7","field2":"-0.375"},{"created_at":"2023-02-11T23:18:25-08:00","entry_id":231234,"field1":"6.8125","field2":"-0.4375"},{"created_at":"2023-02-11T23:28:02-08:00","entry_id":231235,"field1":"6.625","field2":"-0.375"},{"created_at":"2023-02-11T23:37:39-08:00","entry_id":231236,"field1":"6.5","field2":"-0.4375"},{"created_at":"2023-02-11T23:47:16-08:00","entry_id":231237,"field1":"7","field2":"-0.3125"},{"created_at":"2023-02-11T23:56:53-08:00","entry_id":231238,"field1":"7.5625","field2":"-0.375"}]}