{"channel":{"id":581842,"name":"Upstairs Small Window Indoor / Outdoor Sensor","latitude":"0.0","longitude":"0.0","field1":"Indoor Temperature","field2":"Outdoor Temperature","created_at":"2018-09-23T15:37:52-07:00","updated_at":"2020-07-27T05:59:41-07:00","last_entry_id":235674},"feeds":[{"created_at":"2023-03-12T00:03:03-08:00","entry_id":235393,"field1":"8.125","field2":"0.25"},{"created_at":"2023-03-12T00:12:38-08:00","entry_id":235394,"field1":"7.8125","field2":"0.3125"},{"created_at":"2023-03-12T00:22:14-08:00","entry_id":235395,"field1":"7.4375","field2":"0.25"},{"created_at":"2023-03-12T00:31:53-08:00","entry_id":235396,"field1":"7.25","field2":"0.25"},{"created_at":"2023-03-12T00:41:29-08:00","entry_id":235397,"field1":"7.0625","field2":"0.1875"},{"created_at":"2023-03-12T00:51:07-08:00","entry_id":235398,"field1":"6.875","field2":"0.1875"},{"created_at":"2023-03-12T01:00:42-08:00","entry_id":235399,"field1":"6.75","field2":"0.125"},{"created_at":"2023-03-12T01:10:19-08:00","entry_id":235400,"field1":"6.6875","field2":"0.125"},{"created_at":"2023-03-12T01:19:56-08:00","entry_id":235401,"field1":"7.3125","field2":"0.1875"},{"created_at":"2023-03-12T01:29:33-08:00","entry_id":235402,"field1":"7.8125","field2":"0.1875"},{"created_at":"2023-03-12T01:39:10-08:00","entry_id":235403,"field1":"8.0625","field2":"0.1875"},{"created_at":"2023-03-12T01:48:47-08:00","entry_id":235404,"field1":"7.625","field2":"0.1875"},{"created_at":"2023-03-12T01:58:23-08:00","entry_id":235405,"field1":"7.3125","field2":"0.1875"},{"created_at":"2023-03-12T03:07:59-07:00","entry_id":235406,"field1":"7.125","field2":"0.1875"},{"created_at":"2023-03-12T03:17:37-07:00","entry_id":235407,"field1":"6.9375","field2":"0.1875"},{"created_at":"2023-03-12T03:27:13-07:00","entry_id":235408,"field1":"6.8125","field2":"0.125"},{"created_at":"2023-03-12T03:36:51-07:00","entry_id":235409,"field1":"6.625","field2":"0.0625"},{"created_at":"2023-03-12T03:46:28-07:00","entry_id":235410,"field1":"6.9375","field2":"0.0625"},{"created_at":"2023-03-12T03:56:04-07:00","entry_id":235411,"field1":"7.5625","field2":"0"},{"created_at":"2023-03-12T04:05:43-07:00","entry_id":235412,"field1":"8","field2":"0"},{"created_at":"2023-03-12T04:15:19-07:00","entry_id":235413,"field1":"7.9375","field2":"-0.0625"},{"created_at":"2023-03-12T04:24:56-07:00","entry_id":235414,"field1":"7.5","field2":"-0.1875"},{"created_at":"2023-03-12T04:34:32-07:00","entry_id":235415,"field1":"7.1875","field2":"-0.25"},{"created_at":"2023-03-12T04:44:08-07:00","entry_id":235416,"field1":"7","field2":"-0.375"},{"created_at":"2023-03-12T04:53:46-07:00","entry_id":235417,"field1":"6.8125","field2":"-0.375"},{"created_at":"2023-03-12T05:03:23-07:00","entry_id":235418,"field1":"6.6875","field2":"-0.4375"},{"created_at":"2023-03-12T05:12:59-07:00","entry_id":235419,"field1":"6.6875","field2":"-0.375"},{"created_at":"2023-03-12T05:22:36-07:00","entry_id":235420,"field1":"7.25","field2":"-0.25"},{"created_at":"2023-03-12T05:32:14-07:00","entry_id":235421,"field1":"7.75","field2":"-0.25"},{"created_at":"2023-03-12T05:41:50-07:00","entry_id":235422,"field1":"8.0625","field2":"-0.125"},{"created_at":"2023-03-12T05:51:28-07:00","entry_id":235423,"field1":"7.75","field2":"-0.0625"},{"created_at":"2023-03-12T06:01:05-07:00","entry_id":235424,"field1":"7.375","field2":"-0.0625"},{"created_at":"2023-03-12T06:10:40-07:00","entry_id":235425,"field1":"7.125","field2":"-0.0625"},{"created_at":"2023-03-12T06:20:16-07:00","entry_id":235426,"field1":"6.9375","field2":"-0.1875"},{"created_at":"2023-03-12T06:29:53-07:00","entry_id":235427,"field1":"6.75","field2":"-0.1875"},{"created_at":"2023-03-12T06:39:29-07:00","entry_id":235428,"field1":"6.625","field2":"-0.1875"},{"created_at":"2023-03-12T06:49:06-07:00","entry_id":235429,"field1":"6.875","field2":"-0.1875"},{"created_at":"2023-03-12T06:58:43-07:00","entry_id":235430,"field1":"7.4375","field2":"-0.1875"},{"created_at":"2023-03-12T07:08:22-07:00","entry_id":235431,"field1":"7.875","field2":"-0.125"},{"created_at":"2023-03-12T07:18:00-07:00","entry_id":235432,"field1":"7.9375","field2":"-0.0625"},{"created_at":"2023-03-12T07:27:37-07:00","entry_id":235433,"field1":"7.5","field2":"0"},{"created_at":"2023-03-12T07:37:12-07:00","entry_id":235434,"field1":"7.25","field2":"0"},{"created_at":"2023-03-12T07:46:49-07:00","entry_id":235435,"field1":"7","field2":"0.0625"},{"created_at":"2023-03-12T07:56:25-07:00","entry_id":235436,"field1":"6.8125","field2":"0.125"},{"created_at":"2023-03-12T08:06:01-07:00","entry_id":235437,"field1":"6.6875","field2":"0.1875"},{"created_at":"2023-03-12T08:15:39-07:00","entry_id":235438,"field1":"6.625","field2":"0.25"},{"created_at":"2023-03-12T08:25:16-07:00","entry_id":235439,"field1":"7.125","field2":"0.3125"},{"created_at":"2023-03-12T08:34:52-07:00","entry_id":235440,"field1":"7.625","field2":"0.4375"},{"created_at":"2023-03-12T08:44:32-07:00","entry_id":235441,"field1":"8","field2":"0.5625"},{"created_at":"2023-03-12T08:54:08-07:00","entry_id":235442,"field1":"7.6875","field2":"0.625"},{"created_at":"2023-03-12T09:03:46-07:00","entry_id":235443,"field1":"7.375","field2":"0.6875"},{"created_at":"2023-03-12T09:13:21-07:00","entry_id":235444,"field1":"7.125","field2":"0.75"},{"created_at":"2023-03-12T09:22:59-07:00","entry_id":235445,"field1":"7","field2":"1"},{"created_at":"2023-03-12T09:32:36-07:00","entry_id":235446,"field1":"6.875","field2":"1.3125"},{"created_at":"2023-03-12T09:42:14-07:00","entry_id":235447,"field1":"6.75","field2":"2.125"},{"created_at":"2023-03-12T09:51:51-07:00","entry_id":235448,"field1":"6.8125","field2":"3.0625"},{"created_at":"2023-03-12T10:01:26-07:00","entry_id":235449,"field1":"6.875","field2":"2.8125"},{"created_at":"2023-03-12T10:11:03-07:00","entry_id":235450,"field1":"6.9375","field2":"2.5"},{"created_at":"2023-03-12T10:20:40-07:00","entry_id":235451,"field1":"6.9375","field2":"2.3125"},{"created_at":"2023-03-12T10:30:15-07:00","entry_id":235452,"field1":"6.875","field2":"1.9375"},{"created_at":"2023-03-12T10:39:51-07:00","entry_id":235453,"field1":"6.8125","field2":"1.8125"},{"created_at":"2023-03-12T10:49:26-07:00","entry_id":235454,"field1":"6.8125","field2":"2.1875"},{"created_at":"2023-03-12T10:59:04-07:00","entry_id":235455,"field1":"6.8125","field2":"2.5"},{"created_at":"2023-03-12T11:08:40-07:00","entry_id":235456,"field1":"6.8125","field2":"2.5"},{"created_at":"2023-03-12T11:18:18-07:00","entry_id":235457,"field1":"6.8125","field2":"2.9375"},{"created_at":"2023-03-12T11:27:53-07:00","entry_id":235458,"field1":"6.8125","field2":"2.6875"},{"created_at":"2023-03-12T11:37:31-07:00","entry_id":235459,"field1":"6.8125","field2":"2.5625"},{"created_at":"2023-03-12T11:47:08-07:00","entry_id":235460,"field1":"6.8125","field2":"2.25"},{"created_at":"2023-03-12T11:56:44-07:00","entry_id":235461,"field1":"7.5","field2":"2.8125"},{"created_at":"2023-03-12T12:06:21-07:00","entry_id":235462,"field1":"8.0625","field2":"2.625"},{"created_at":"2023-03-12T12:15:56-07:00","entry_id":235463,"field1":"8.3125","field2":"2.625"},{"created_at":"2023-03-12T12:25:32-07:00","entry_id":235464,"field1":"7.9375","field2":"3"},{"created_at":"2023-03-12T12:35:09-07:00","entry_id":235465,"field1":"7.6875","field2":"3.125"},{"created_at":"2023-03-12T12:44:45-07:00","entry_id":235466,"field1":"7.5625","field2":"3.1875"},{"created_at":"2023-03-12T12:54:23-07:00","entry_id":235467,"field1":"7.4375","field2":"2.5625"},{"created_at":"2023-03-12T13:04:01-07:00","entry_id":235468,"field1":"7.375","field2":"3.125"},{"created_at":"2023-03-12T13:13:38-07:00","entry_id":235469,"field1":"7.25","field2":"3.1875"},{"created_at":"2023-03-12T13:23:15-07:00","entry_id":235470,"field1":"7.1875","field2":"3.625"},{"created_at":"2023-03-12T13:32:53-07:00","entry_id":235471,"field1":"7.125","field2":"3.125"},{"created_at":"2023-03-12T13:42:29-07:00","entry_id":235472,"field1":"7.0625","field2":"3.875"},{"created_at":"2023-03-12T13:52:06-07:00","entry_id":235473,"field1":"7","field2":"3.4375"},{"created_at":"2023-03-12T14:01:45-07:00","entry_id":235474,"field1":"7","field2":"3.9375"},{"created_at":"2023-03-12T14:11:22-07:00","entry_id":235475,"field1":"6.9375","field2":"4.1875"},{"created_at":"2023-03-12T14:20:57-07:00","entry_id":235476,"field1":"6.9375","field2":"3.9375"},{"created_at":"2023-03-12T14:30:34-07:00","entry_id":235477,"field1":"7.4375","field2":"4.25"},{"created_at":"2023-03-12T14:40:11-07:00","entry_id":235478,"field1":"8.0625","field2":"3.875"},{"created_at":"2023-03-12T14:49:50-07:00","entry_id":235479,"field1":"8.3125","field2":"4"},{"created_at":"2023-03-12T14:59:27-07:00","entry_id":235480,"field1":"7.9375","field2":"3.9375"},{"created_at":"2023-03-12T15:09:03-07:00","entry_id":235481,"field1":"7.6875","field2":"3.5625"},{"created_at":"2023-03-12T15:18:42-07:00","entry_id":235482,"field1":"7.5","field2":"3.625"},{"created_at":"2023-03-12T15:28:17-07:00","entry_id":235483,"field1":"7.375","field2":"3.75"},{"created_at":"2023-03-12T15:37:55-07:00","entry_id":235484,"field1":"7.25","field2":"3.75"},{"created_at":"2023-03-12T15:47:33-07:00","entry_id":235485,"field1":"7.1875","field2":"4"},{"created_at":"2023-03-12T15:57:08-07:00","entry_id":235486,"field1":"7.125","field2":"4.125"},{"created_at":"2023-03-12T16:06:45-07:00","entry_id":235487,"field1":"7.0625","field2":"4.1875"},{"created_at":"2023-03-12T16:16:23-07:00","entry_id":235488,"field1":"7","field2":"4.0625"},{"created_at":"2023-03-12T16:25:58-07:00","entry_id":235489,"field1":"6.9375","field2":"3.875"},{"created_at":"2023-03-12T16:35:35-07:00","entry_id":235490,"field1":"7.25","field2":"3.6875"},{"created_at":"2023-03-12T16:45:11-07:00","entry_id":235491,"field1":"7.875","field2":"3.375"},{"created_at":"2023-03-12T16:54:48-07:00","entry_id":235492,"field1":"8.3125","field2":"3.5"},{"created_at":"2023-03-12T17:04:25-07:00","entry_id":235493,"field1":"8","field2":"3.3125"},{"created_at":"2023-03-12T17:14:02-07:00","entry_id":235494,"field1":"7.6875","field2":"3.75"},{"created_at":"2023-03-12T17:23:39-07:00","entry_id":235495,"field1":"7.5","field2":"3.5625"},{"created_at":"2023-03-12T17:33:15-07:00","entry_id":235496,"field1":"7.375","field2":"5.125"},{"created_at":"2023-03-12T17:42:53-07:00","entry_id":235497,"field1":"7.25","field2":"3.1875"},{"created_at":"2023-03-12T17:52:31-07:00","entry_id":235498,"field1":"7.1875","field2":"3.0625"},{"created_at":"2023-03-12T18:02:06-07:00","entry_id":235499,"field1":"7.0625","field2":"2.625"},{"created_at":"2023-03-12T18:11:44-07:00","entry_id":235500,"field1":"6.9375","field2":"2.75"},{"created_at":"2023-03-12T18:21:20-07:00","entry_id":235501,"field1":"6.875","field2":"2.6875"},{"created_at":"2023-03-12T18:30:57-07:00","entry_id":235502,"field1":"7.3125","field2":"2.5"},{"created_at":"2023-03-12T18:40:33-07:00","entry_id":235503,"field1":"7.9375","field2":"2.6875"},{"created_at":"2023-03-12T18:50:10-07:00","entry_id":235504,"field1":"8.3125","field2":"2.625"},{"created_at":"2023-03-12T18:59:49-07:00","entry_id":235505,"field1":"8","field2":"2.8125"},{"created_at":"2023-03-12T19:09:25-07:00","entry_id":235506,"field1":"7.6875","field2":"2.6875"},{"created_at":"2023-03-12T19:19:03-07:00","entry_id":235507,"field1":"7.5","field2":"2.5"},{"created_at":"2023-03-12T19:28:40-07:00","entry_id":235508,"field1":"7.3125","field2":"2.125"},{"created_at":"2023-03-12T19:38:18-07:00","entry_id":235509,"field1":"7.1875","field2":"1.9375"},{"created_at":"2023-03-12T19:47:53-07:00","entry_id":235510,"field1":"7.0625","field2":"2.0625"},{"created_at":"2023-03-12T19:57:29-07:00","entry_id":235511,"field1":"6.9375","field2":"2.25"},{"created_at":"2023-03-12T20:07:06-07:00","entry_id":235512,"field1":"6.875","field2":"2.0625"},{"created_at":"2023-03-12T20:16:42-07:00","entry_id":235513,"field1":"7.0625","field2":"1.9375"},{"created_at":"2023-03-12T20:26:20-07:00","entry_id":235514,"field1":"7.6875","field2":"1.75"},{"created_at":"2023-03-12T20:35:56-07:00","entry_id":235515,"field1":"8.125","field2":"1.875"},{"created_at":"2023-03-12T20:45:33-07:00","entry_id":235516,"field1":"8.125","field2":"1.75"},{"created_at":"2023-03-12T20:55:10-07:00","entry_id":235517,"field1":"7.75","field2":"1.75"},{"created_at":"2023-03-12T21:04:48-07:00","entry_id":235518,"field1":"7.5","field2":"1.75"},{"created_at":"2023-03-12T21:14:26-07:00","entry_id":235519,"field1":"7.3125","field2":"1.75"},{"created_at":"2023-03-12T21:24:03-07:00","entry_id":235520,"field1":"7.1875","field2":"1.625"},{"created_at":"2023-03-12T21:33:40-07:00","entry_id":235521,"field1":"7.0625","field2":"1.6875"},{"created_at":"2023-03-12T21:43:17-07:00","entry_id":235522,"field1":"6.9375","field2":"1.5"},{"created_at":"2023-03-12T21:52:53-07:00","entry_id":235523,"field1":"6.8125","field2":"1.5"},{"created_at":"2023-03-12T22:02:31-07:00","entry_id":235524,"field1":"7.0625","field2":"1.5"},{"created_at":"2023-03-12T22:12:07-07:00","entry_id":235525,"field1":"7.6875","field2":"1.625"},{"created_at":"2023-03-12T22:21:45-07:00","entry_id":235526,"field1":"8.125","field2":"1.5"},{"created_at":"2023-03-12T22:31:22-07:00","entry_id":235527,"field1":"8.1875","field2":"1.4375"},{"created_at":"2023-03-12T22:40:58-07:00","entry_id":235528,"field1":"7.8125","field2":"1.4375"},{"created_at":"2023-03-12T22:50:35-07:00","entry_id":235529,"field1":"7.5","field2":"1.375"},{"created_at":"2023-03-12T23:00:11-07:00","entry_id":235530,"field1":"7.3125","field2":"1.25"},{"created_at":"2023-03-12T23:09:50-07:00","entry_id":235531,"field1":"7.1875","field2":"1.1875"},{"created_at":"2023-03-12T23:19:27-07:00","entry_id":235532,"field1":"7.0625","field2":"1.0625"},{"created_at":"2023-03-12T23:29:04-07:00","entry_id":235533,"field1":"6.9375","field2":"1"},{"created_at":"2023-03-12T23:38:42-07:00","entry_id":235534,"field1":"6.8125","field2":"1"},{"created_at":"2023-03-12T23:48:19-07:00","entry_id":235535,"field1":"6.9375","field2":"0.9375"},{"created_at":"2023-03-12T23:57:55-07:00","entry_id":235536,"field1":"7.625","field2":"0.9375"}]}