{"channel":{"id":581842,"name":"Upstairs Small Window Indoor / Outdoor Sensor","latitude":"0.0","longitude":"0.0","field1":"Indoor Temperature","field2":"Outdoor Temperature","created_at":"2018-09-23T15:37:52-07:00","updated_at":"2020-07-27T05:59:41-07:00","last_entry_id":221082},"feeds":[{"created_at":"2022-12-04T00:07:55-08:00","entry_id":220801,"field1":"7.0625","field2":"-7.75"},{"created_at":"2022-12-04T00:17:33-08:00","entry_id":220802,"field1":"7.125","field2":"-7.8125"},{"created_at":"2022-12-04T00:27:11-08:00","entry_id":220803,"field1":"7.125","field2":"-7.8125"},{"created_at":"2022-12-04T00:36:48-08:00","entry_id":220804,"field1":"7.125","field2":"-7.8125"},{"created_at":"2022-12-04T00:46:24-08:00","entry_id":220805,"field1":"7.125","field2":"-8"},{"created_at":"2022-12-04T00:56:00-08:00","entry_id":220806,"field1":"7.125","field2":"-8.0625"},{"created_at":"2022-12-04T01:05:36-08:00","entry_id":220807,"field1":"7.125","field2":"-8"},{"created_at":"2022-12-04T01:15:15-08:00","entry_id":220808,"field1":"7.125","field2":"-8.1875"},{"created_at":"2022-12-04T01:24:50-08:00","entry_id":220809,"field1":"7.125","field2":"-8.25"},{"created_at":"2022-12-04T01:34:27-08:00","entry_id":220810,"field1":"7.125","field2":"-8.1875"},{"created_at":"2022-12-04T01:44:05-08:00","entry_id":220811,"field1":"7.125","field2":"-8.1875"},{"created_at":"2022-12-04T01:53:40-08:00","entry_id":220812,"field1":"7.1875","field2":"-8.1875"},{"created_at":"2022-12-04T02:03:17-08:00","entry_id":220813,"field1":"7.125","field2":"-8.375"},{"created_at":"2022-12-04T02:12:55-08:00","entry_id":220814,"field1":"6.25","field2":"-8.5625"},{"created_at":"2022-12-04T02:22:31-08:00","entry_id":220815,"field1":"5.625","field2":"-8.5625"},{"created_at":"2022-12-04T02:32:05-08:00","entry_id":220816,"field1":"5.125","field2":"-8.5625"},{"created_at":"2022-12-04T02:41:43-08:00","entry_id":220817,"field1":"5","field2":"-8.375"},{"created_at":"2022-12-04T02:51:18-08:00","entry_id":220818,"field1":"5.5","field2":"-8.25"},{"created_at":"2022-12-04T03:00:56-08:00","entry_id":220819,"field1":"5.8125","field2":"-8.5625"},{"created_at":"2022-12-04T03:10:33-08:00","entry_id":220820,"field1":"5.9375","field2":"-8.625"},{"created_at":"2022-12-04T03:20:11-08:00","entry_id":220821,"field1":"6.0625","field2":"-8.9375"},{"created_at":"2022-12-04T03:29:48-08:00","entry_id":220822,"field1":"6.125","field2":"-9.0625"},{"created_at":"2022-12-04T03:39:23-08:00","entry_id":220823,"field1":"6.1875","field2":"-9.4375"},{"created_at":"2022-12-04T03:49:00-08:00","entry_id":220824,"field1":"6.25","field2":"-9.4375"},{"created_at":"2022-12-04T03:58:38-08:00","entry_id":220825,"field1":"6.3125","field2":"-9.4375"},{"created_at":"2022-12-04T04:08:14-08:00","entry_id":220826,"field1":"6.375","field2":"-9.3125"},{"created_at":"2022-12-04T04:17:52-08:00","entry_id":220827,"field1":"6.375","field2":"-9.1875"},{"created_at":"2022-12-04T04:27:28-08:00","entry_id":220828,"field1":"6.4375","field2":"-9.0625"},{"created_at":"2022-12-04T04:37:04-08:00","entry_id":220829,"field1":"6.5","field2":"-8.9375"},{"created_at":"2022-12-04T04:46:40-08:00","entry_id":220830,"field1":"6.5","field2":"-8.875"},{"created_at":"2022-12-04T04:56:18-08:00","entry_id":220831,"field1":"6.5","field2":"-9.1875"},{"created_at":"2022-12-04T05:05:56-08:00","entry_id":220832,"field1":"6.5625","field2":"-9.125"},{"created_at":"2022-12-04T05:15:31-08:00","entry_id":220833,"field1":"6.5625","field2":"-9.125"},{"created_at":"2022-12-04T05:25:09-08:00","entry_id":220834,"field1":"6.625","field2":"-9"},{"created_at":"2022-12-04T05:34:45-08:00","entry_id":220835,"field1":"6.625","field2":"-8.9375"},{"created_at":"2022-12-04T05:44:23-08:00","entry_id":220836,"field1":"6.625","field2":"-8.9375"},{"created_at":"2022-12-04T05:54:00-08:00","entry_id":220837,"field1":"6.6875","field2":"-8.9375"},{"created_at":"2022-12-04T06:03:38-08:00","entry_id":220838,"field1":"6.6875","field2":"-9"},{"created_at":"2022-12-04T06:13:13-08:00","entry_id":220839,"field1":"6.6875","field2":"-8.875"},{"created_at":"2022-12-04T06:22:49-08:00","entry_id":220840,"field1":"6.6875","field2":"-8.875"},{"created_at":"2022-12-04T06:32:26-08:00","entry_id":220841,"field1":"6.75","field2":"-8.8125"},{"created_at":"2022-12-04T06:42:03-08:00","entry_id":220842,"field1":"6.75","field2":"-8.75"},{"created_at":"2022-12-04T06:51:41-08:00","entry_id":220843,"field1":"6.75","field2":"-8.625"},{"created_at":"2022-12-04T07:01:19-08:00","entry_id":220844,"field1":"6.75","field2":"-8.75"},{"created_at":"2022-12-04T07:10:54-08:00","entry_id":220845,"field1":"6.75","field2":"-8.75"},{"created_at":"2022-12-04T07:20:33-08:00","entry_id":220846,"field1":"6.75","field2":"-8.625"},{"created_at":"2022-12-04T07:30:09-08:00","entry_id":220847,"field1":"6.8125","field2":"-8.625"},{"created_at":"2022-12-04T07:39:47-08:00","entry_id":220848,"field1":"6.8125","field2":"-8.6875"},{"created_at":"2022-12-04T07:49:24-08:00","entry_id":220849,"field1":"6.8125","field2":"-8.5625"},{"created_at":"2022-12-04T07:59:01-08:00","entry_id":220850,"field1":"6.8125","field2":"-8.625"},{"created_at":"2022-12-04T08:08:36-08:00","entry_id":220851,"field1":"6.875","field2":"-8.5625"},{"created_at":"2022-12-04T08:18:14-08:00","entry_id":220852,"field1":"6.875","field2":"-8.5"},{"created_at":"2022-12-04T08:27:51-08:00","entry_id":220853,"field1":"6.875","field2":"-8.375"},{"created_at":"2022-12-04T08:37:27-08:00","entry_id":220854,"field1":"6.875","field2":"-8.4375"},{"created_at":"2022-12-04T08:47:05-08:00","entry_id":220855,"field1":"6.875","field2":"-8.375"},{"created_at":"2022-12-04T08:56:41-08:00","entry_id":220856,"field1":"6.875","field2":"-8.375"},{"created_at":"2022-12-04T09:06:18-08:00","entry_id":220857,"field1":"6.9375","field2":"-8.3125"},{"created_at":"2022-12-04T09:15:54-08:00","entry_id":220858,"field1":"6.875","field2":"-8.25"},{"created_at":"2022-12-04T09:25:31-08:00","entry_id":220859,"field1":"6.9375","field2":"-8.375"},{"created_at":"2022-12-04T09:35:07-08:00","entry_id":220860,"field1":"6.9375","field2":"-8.125"},{"created_at":"2022-12-04T09:44:44-08:00","entry_id":220861,"field1":"6.9375","field2":"-7.9375"},{"created_at":"2022-12-04T09:54:22-08:00","entry_id":220862,"field1":"6.9375","field2":"-8"},{"created_at":"2022-12-04T10:03:57-08:00","entry_id":220863,"field1":"7","field2":"-7.8125"},{"created_at":"2022-12-04T10:13:34-08:00","entry_id":220864,"field1":"7","field2":"-8.0625"},{"created_at":"2022-12-04T10:23:10-08:00","entry_id":220865,"field1":"7.0625","field2":"-7.9375"},{"created_at":"2022-12-04T10:32:47-08:00","entry_id":220866,"field1":"7.0625","field2":"-7.875"},{"created_at":"2022-12-04T10:42:25-08:00","entry_id":220867,"field1":"7.125","field2":"-8"},{"created_at":"2022-12-04T10:52:01-08:00","entry_id":220868,"field1":"7.125","field2":"-8.0625"},{"created_at":"2022-12-04T11:01:39-08:00","entry_id":220869,"field1":"7.125","field2":"-7.6875"},{"created_at":"2022-12-04T11:11:16-08:00","entry_id":220870,"field1":"7.1875","field2":"-7.8125"},{"created_at":"2022-12-04T11:20:53-08:00","entry_id":220871,"field1":"7.0625","field2":"-7.9375"},{"created_at":"2022-12-04T11:30:30-08:00","entry_id":220872,"field1":"6.25","field2":"-7.75"},{"created_at":"2022-12-04T11:40:06-08:00","entry_id":220873,"field1":"5.625","field2":"-7.6875"},{"created_at":"2022-12-04T11:49:41-08:00","entry_id":220874,"field1":"5.1875","field2":"-7.4375"},{"created_at":"2022-12-04T11:59:17-08:00","entry_id":220875,"field1":"5.125","field2":"-6.5"},{"created_at":"2022-12-04T12:08:56-08:00","entry_id":220876,"field1":"5.625","field2":"-6.8125"},{"created_at":"2022-12-04T12:18:31-08:00","entry_id":220877,"field1":"5.9375","field2":"-6.875"},{"created_at":"2022-12-04T12:28:09-08:00","entry_id":220878,"field1":"6.125","field2":"-6.625"},{"created_at":"2022-12-04T12:37:44-08:00","entry_id":220879,"field1":"6.3125","field2":"-6.75"},{"created_at":"2022-12-04T12:47:21-08:00","entry_id":220880,"field1":"6.4375","field2":"-6.875"},{"created_at":"2022-12-04T12:56:59-08:00","entry_id":220881,"field1":"6.5","field2":"-5.5625"},{"created_at":"2022-12-04T13:06:36-08:00","entry_id":220882,"field1":"6.625","field2":"-6.6875"},{"created_at":"2022-12-04T13:16:12-08:00","entry_id":220883,"field1":"6.6875","field2":"-6.875"},{"created_at":"2022-12-04T13:25:50-08:00","entry_id":220884,"field1":"6.8125","field2":"-6.75"},{"created_at":"2022-12-04T13:35:26-08:00","entry_id":220885,"field1":"6.875","field2":"-6.6875"},{"created_at":"2022-12-04T13:45:04-08:00","entry_id":220886,"field1":"6.9375","field2":"-6.75"},{"created_at":"2022-12-04T13:54:41-08:00","entry_id":220887,"field1":"7","field2":"-6.75"},{"created_at":"2022-12-04T14:04:18-08:00","entry_id":220888,"field1":"7","field2":"-6.5"},{"created_at":"2022-12-04T14:13:54-08:00","entry_id":220889,"field1":"7.0625","field2":"-6.5625"},{"created_at":"2022-12-04T14:23:32-08:00","entry_id":220890,"field1":"7.125","field2":"-6.5625"},{"created_at":"2022-12-04T14:33:07-08:00","entry_id":220891,"field1":"7.1875","field2":"-6.375"},{"created_at":"2022-12-04T14:42:44-08:00","entry_id":220892,"field1":"7.1875","field2":"-6.375"},{"created_at":"2022-12-04T14:52:20-08:00","entry_id":220893,"field1":"7.25","field2":"-6.3125"},{"created_at":"2022-12-04T15:01:56-08:00","entry_id":220894,"field1":"6.625","field2":"-6.375"},{"created_at":"2022-12-04T15:11:32-08:00","entry_id":220895,"field1":"5.9375","field2":"-6.3125"},{"created_at":"2022-12-04T15:21:10-08:00","entry_id":220896,"field1":"5.4375","field2":"-6.4375"},{"created_at":"2022-12-04T15:30:45-08:00","entry_id":220897,"field1":"5.125","field2":"-6.4375"},{"created_at":"2022-12-04T15:40:23-08:00","entry_id":220898,"field1":"5.4375","field2":"-6.5"},{"created_at":"2022-12-04T15:50:00-08:00","entry_id":220899,"field1":"5.875","field2":"-6.625"},{"created_at":"2022-12-04T15:59:36-08:00","entry_id":220900,"field1":"6.0625","field2":"-6.75"},{"created_at":"2022-12-04T16:09:14-08:00","entry_id":220901,"field1":"6.25","field2":"-6.75"},{"created_at":"2022-12-04T16:18:49-08:00","entry_id":220902,"field1":"6.375","field2":"-6.8125"},{"created_at":"2022-12-04T16:28:28-08:00","entry_id":220903,"field1":"6.5","field2":"-6.75"},{"created_at":"2022-12-04T16:38:03-08:00","entry_id":220904,"field1":"6.5625","field2":"-6.8125"},{"created_at":"2022-12-04T16:47:41-08:00","entry_id":220905,"field1":"6.625","field2":"-6.75"},{"created_at":"2022-12-04T16:57:17-08:00","entry_id":220906,"field1":"6.75","field2":"-6.8125"},{"created_at":"2022-12-04T17:06:54-08:00","entry_id":220907,"field1":"6.8125","field2":"-6.8125"},{"created_at":"2022-12-04T17:16:30-08:00","entry_id":220908,"field1":"6.875","field2":"-6.75"},{"created_at":"2022-12-04T17:26:07-08:00","entry_id":220909,"field1":"6.9375","field2":"-6.75"},{"created_at":"2022-12-04T17:35:43-08:00","entry_id":220910,"field1":"6.9375","field2":"-6.75"},{"created_at":"2022-12-04T17:45:22-08:00","entry_id":220911,"field1":"7","field2":"-6.8125"},{"created_at":"2022-12-04T17:54:59-08:00","entry_id":220912,"field1":"7.0625","field2":"-6.75"},{"created_at":"2022-12-04T18:04:36-08:00","entry_id":220913,"field1":"7.125","field2":"-6.8125"},{"created_at":"2022-12-04T18:14:12-08:00","entry_id":220914,"field1":"7.125","field2":"-6.8125"},{"created_at":"2022-12-04T18:23:48-08:00","entry_id":220915,"field1":"7.125","field2":"-6.8125"},{"created_at":"2022-12-04T18:33:26-08:00","entry_id":220916,"field1":"7.1875","field2":"-6.8125"},{"created_at":"2022-12-04T18:43:02-08:00","entry_id":220917,"field1":"7.1875","field2":"-6.75"},{"created_at":"2022-12-04T18:52:40-08:00","entry_id":220918,"field1":"7.25","field2":"-6.8125"},{"created_at":"2022-12-04T19:02:17-08:00","entry_id":220919,"field1":"7.25","field2":"-6.625"},{"created_at":"2022-12-04T19:11:53-08:00","entry_id":220920,"field1":"7.25","field2":"-6.75"},{"created_at":"2022-12-04T19:21:31-08:00","entry_id":220921,"field1":"7.3125","field2":"-6.875"},{"created_at":"2022-12-04T19:31:08-08:00","entry_id":220922,"field1":"6.875","field2":"-6.875"},{"created_at":"2022-12-04T19:40:43-08:00","entry_id":220923,"field1":"6.125","field2":"-6.75"},{"created_at":"2022-12-04T19:50:19-08:00","entry_id":220924,"field1":"5.5625","field2":"-6.9375"},{"created_at":"2022-12-04T19:59:57-08:00","entry_id":220925,"field1":"5.1875","field2":"-6.9375"},{"created_at":"2022-12-04T20:09:32-08:00","entry_id":220926,"field1":"5.25","field2":"-6.8125"},{"created_at":"2022-12-04T20:19:10-08:00","entry_id":220927,"field1":"5.75","field2":"-6.875"},{"created_at":"2022-12-04T20:28:47-08:00","entry_id":220928,"field1":"6.0625","field2":"-6.875"},{"created_at":"2022-12-04T20:38:23-08:00","entry_id":220929,"field1":"6.25","field2":"-6.75"},{"created_at":"2022-12-04T20:47:59-08:00","entry_id":220930,"field1":"6.375","field2":"-6.875"},{"created_at":"2022-12-04T20:57:35-08:00","entry_id":220931,"field1":"6.4375","field2":"-6.8125"},{"created_at":"2022-12-04T21:07:13-08:00","entry_id":220932,"field1":"6.5625","field2":"-6.8125"},{"created_at":"2022-12-04T21:16:49-08:00","entry_id":220933,"field1":"6.6875","field2":"-6.75"},{"created_at":"2022-12-04T21:26:27-08:00","entry_id":220934,"field1":"6.75","field2":"-6.75"},{"created_at":"2022-12-04T21:36:05-08:00","entry_id":220935,"field1":"6.8125","field2":"-6.6875"},{"created_at":"2022-12-04T21:45:41-08:00","entry_id":220936,"field1":"6.875","field2":"-6.75"},{"created_at":"2022-12-04T21:55:18-08:00","entry_id":220937,"field1":"6.9375","field2":"-6.8125"},{"created_at":"2022-12-04T22:04:54-08:00","entry_id":220938,"field1":"7","field2":"-6.875"},{"created_at":"2022-12-04T22:14:31-08:00","entry_id":220939,"field1":"7","field2":"-6.75"},{"created_at":"2022-12-04T22:24:07-08:00","entry_id":220940,"field1":"7.0625","field2":"-6.6875"},{"created_at":"2022-12-04T22:33:43-08:00","entry_id":220941,"field1":"7.125","field2":"-6.6875"},{"created_at":"2022-12-04T22:43:22-08:00","entry_id":220942,"field1":"7.125","field2":"-6.75"},{"created_at":"2022-12-04T22:52:57-08:00","entry_id":220943,"field1":"7.1875","field2":"-6.75"},{"created_at":"2022-12-04T23:02:34-08:00","entry_id":220944,"field1":"7.25","field2":"-6.75"},{"created_at":"2022-12-04T23:12:12-08:00","entry_id":220945,"field1":"7.25","field2":"-6.75"},{"created_at":"2022-12-04T23:21:49-08:00","entry_id":220946,"field1":"7.3125","field2":"-6.75"},{"created_at":"2022-12-04T23:31:26-08:00","entry_id":220947,"field1":"7.375","field2":"-6.8125"},{"created_at":"2022-12-04T23:41:01-08:00","entry_id":220948,"field1":"7.0625","field2":"-6.75"},{"created_at":"2022-12-04T23:50:37-08:00","entry_id":220949,"field1":"6.25","field2":"-6.8125"}]}