{"channel":{"id":581842,"name":"Upstairs Small Window Indoor / Outdoor Sensor","latitude":"0.0","longitude":"0.0","field1":"Indoor Temperature","field2":"Outdoor Temperature","created_at":"2018-09-23T15:37:52-07:00","updated_at":"2020-07-27T05:59:41-07:00","last_entry_id":150129},"feeds":[{"created_at":"2020-02-16T00:00:48-08:00","entry_id":73299,"field1":"1.25","field2":"0.0625"},{"created_at":"2020-02-16T00:10:24-08:00","entry_id":73300,"field1":"1.25","field2":"0.0625"},{"created_at":"2020-02-16T00:20:01-08:00","entry_id":73301,"field1":"1.25","field2":"0.0625"},{"created_at":"2020-02-16T00:29:37-08:00","entry_id":73302,"field1":"1.25","field2":"0.125"},{"created_at":"2020-02-16T00:39:15-08:00","entry_id":73303,"field1":"1.25","field2":"0.0625"},{"created_at":"2020-02-16T00:48:51-08:00","entry_id":73304,"field1":"1.25","field2":"0.0625"},{"created_at":"2020-02-16T00:58:28-08:00","entry_id":73305,"field1":"1.25","field2":"0.125"},{"created_at":"2020-02-16T01:08:05-08:00","entry_id":73306,"field1":"1.25","field2":"0.125"},{"created_at":"2020-02-16T01:17:42-08:00","entry_id":73307,"field1":"1.25","field2":"0.0625"},{"created_at":"2020-02-16T01:27:19-08:00","entry_id":73308,"field1":"1.25","field2":"0.0625"},{"created_at":"2020-02-16T01:36:55-08:00","entry_id":73309,"field1":"1.1875","field2":"0.0625"},{"created_at":"2020-02-16T01:46:32-08:00","entry_id":73310,"field1":"1.25","field2":"0.0625"},{"created_at":"2020-02-16T01:56:09-08:00","entry_id":73311,"field1":"1.1875","field2":"0.0625"},{"created_at":"2020-02-16T02:05:47-08:00","entry_id":73312,"field1":"1.1875","field2":"0.0625"},{"created_at":"2020-02-16T02:15:23-08:00","entry_id":73313,"field1":"1.25","field2":"0.125"},{"created_at":"2020-02-16T02:25:04-08:00","entry_id":73314,"field1":"1.1875","field2":"0.125"},{"created_at":"2020-02-16T02:34:39-08:00","entry_id":73315,"field1":"1.1875","field2":"0.125"},{"created_at":"2020-02-16T02:44:16-08:00","entry_id":73316,"field1":"1.1875","field2":"0.125"},{"created_at":"2020-02-16T02:53:53-08:00","entry_id":73317,"field1":"1.1875","field2":"0.0625"},{"created_at":"2020-02-16T03:03:30-08:00","entry_id":73318,"field1":"1.1875","field2":"0.0625"},{"created_at":"2020-02-16T03:13:06-08:00","entry_id":73319,"field1":"1.1875","field2":"0.0625"},{"created_at":"2020-02-16T03:22:43-08:00","entry_id":73320,"field1":"1.1875","field2":"0.0625"},{"created_at":"2020-02-16T03:32:21-08:00","entry_id":73321,"field1":"1.1875","field2":"0"},{"created_at":"2020-02-16T03:41:57-08:00","entry_id":73322,"field1":"1.1875","field2":"0"},{"created_at":"2020-02-16T03:51:38-08:00","entry_id":73323,"field1":"1.1875","field2":"0.0625"},{"created_at":"2020-02-16T04:01:13-08:00","entry_id":73324,"field1":"1.1875","field2":"0"},{"created_at":"2020-02-16T04:10:50-08:00","entry_id":73325,"field1":"1.1875","field2":"0.0625"},{"created_at":"2020-02-16T04:20:27-08:00","entry_id":73326,"field1":"1.1875","field2":"0.0625"},{"created_at":"2020-02-16T04:30:03-08:00","entry_id":73327,"field1":"1.125","field2":"0.0625"},{"created_at":"2020-02-16T04:39:41-08:00","entry_id":73328,"field1":"1.125","field2":"0.0625"},{"created_at":"2020-02-16T04:49:17-08:00","entry_id":73329,"field1":"1.125","field2":"0.0625"},{"created_at":"2020-02-16T04:58:54-08:00","entry_id":73330,"field1":"1.125","field2":"0.0625"},{"created_at":"2020-02-16T05:08:32-08:00","entry_id":73331,"field1":"1.125","field2":"0.0625"},{"created_at":"2020-02-16T05:18:09-08:00","entry_id":73332,"field1":"1.125","field2":"0"},{"created_at":"2020-02-16T05:27:47-08:00","entry_id":73333,"field1":"1.125","field2":"0"},{"created_at":"2020-02-16T05:37:22-08:00","entry_id":73334,"field1":"1.125","field2":"0.0625"},{"created_at":"2020-02-16T05:46:58-08:00","entry_id":73335,"field1":"1.125","field2":"0.0625"},{"created_at":"2020-02-16T05:56:40-08:00","entry_id":73336,"field1":"1.125","field2":"0.0625"},{"created_at":"2020-02-16T06:06:15-08:00","entry_id":73337,"field1":"1.125","field2":"0.0625"},{"created_at":"2020-02-16T06:15:53-08:00","entry_id":73338,"field1":"1.125","field2":"0.0625"},{"created_at":"2020-02-16T06:25:30-08:00","entry_id":73339,"field1":"1.125","field2":"0.0625"},{"created_at":"2020-02-16T06:35:09-08:00","entry_id":73340,"field1":"1.125","field2":"0"},{"created_at":"2020-02-16T06:44:48-08:00","entry_id":73341,"field1":"1.125","field2":"0"},{"created_at":"2020-02-16T06:54:24-08:00","entry_id":73342,"field1":"1.125","field2":"-0.0625"},{"created_at":"2020-02-16T07:04:00-08:00","entry_id":73343,"field1":"1.125","field2":"-0.0625"},{"created_at":"2020-02-16T07:13:38-08:00","entry_id":73344,"field1":"1.125","field2":"-0.0625"},{"created_at":"2020-02-16T07:23:14-08:00","entry_id":73345,"field1":"1.125","field2":"0"},{"created_at":"2020-02-16T07:32:52-08:00","entry_id":73346,"field1":"1.125","field2":"0"},{"created_at":"2020-02-16T07:42:28-08:00","entry_id":73347,"field1":"1.125","field2":"0.0625"},{"created_at":"2020-02-16T07:52:04-08:00","entry_id":73348,"field1":"1.125","field2":"0.1875"},{"created_at":"2020-02-16T08:01:44-08:00","entry_id":73349,"field1":"1.125","field2":"0.25"},{"created_at":"2020-02-16T08:11:20-08:00","entry_id":73350,"field1":"1.125","field2":"0.375"},{"created_at":"2020-02-16T08:21:01-08:00","entry_id":73351,"field1":"1.125","field2":"0.3125"},{"created_at":"2020-02-16T08:30:36-08:00","entry_id":73352,"field1":"1.125","field2":"0.4375"},{"created_at":"2020-02-16T08:40:13-08:00","entry_id":73353,"field1":"1.125","field2":"0.375"},{"created_at":"2020-02-16T08:49:50-08:00","entry_id":73354,"field1":"1.125","field2":"0.5"},{"created_at":"2020-02-16T08:59:26-08:00","entry_id":73355,"field1":"1.125","field2":"0.5"},{"created_at":"2020-02-16T09:09:03-08:00","entry_id":73356,"field1":"1.1875","field2":"0.5625"},{"created_at":"2020-02-16T09:18:40-08:00","entry_id":73357,"field1":"1.1875","field2":"0.6875"},{"created_at":"2020-02-16T09:28:17-08:00","entry_id":73358,"field1":"1.1875","field2":"0.5625"},{"created_at":"2020-02-16T09:37:54-08:00","entry_id":73359,"field1":"1.1875","field2":"0.6875"},{"created_at":"2020-02-16T09:47:32-08:00","entry_id":73360,"field1":"1.25","field2":"0.6875"},{"created_at":"2020-02-16T09:57:10-08:00","entry_id":73361,"field1":"1.25","field2":"0.6875"},{"created_at":"2020-02-16T10:06:46-08:00","entry_id":73362,"field1":"1.3125","field2":"0.75"},{"created_at":"2020-02-16T10:16:22-08:00","entry_id":73363,"field1":"1.3125","field2":"0.75"},{"created_at":"2020-02-16T10:26:00-08:00","entry_id":73364,"field1":"1.375","field2":"0.5"},{"created_at":"2020-02-16T10:35:37-08:00","entry_id":73365,"field1":"1.375","field2":"0.625"},{"created_at":"2020-02-16T10:45:14-08:00","entry_id":73366,"field1":"1.5","field2":"1"},{"created_at":"2020-02-16T10:54:52-08:00","entry_id":73367,"field1":"1.6875","field2":"1.6875"},{"created_at":"2020-02-16T11:04:29-08:00","entry_id":73368,"field1":"1.9375","field2":"1.9375"},{"created_at":"2020-02-16T11:14:06-08:00","entry_id":73369,"field1":"2","field2":"1.625"},{"created_at":"2020-02-16T11:23:42-08:00","entry_id":73370,"field1":"2.0625","field2":"1.4375"},{"created_at":"2020-02-16T11:33:19-08:00","entry_id":73371,"field1":"2","field2":"1.125"},{"created_at":"2020-02-16T11:42:57-08:00","entry_id":73372,"field1":"2.0625","field2":"1.3125"},{"created_at":"2020-02-16T11:52:34-08:00","entry_id":73373,"field1":"2.0625","field2":"1.5"},{"created_at":"2020-02-16T12:02:12-08:00","entry_id":73374,"field1":"2.0625","field2":"1.5625"},{"created_at":"2020-02-16T12:11:48-08:00","entry_id":73375,"field1":"2.125","field2":"1.5"},{"created_at":"2020-02-16T12:21:26-08:00","entry_id":73376,"field1":"2.125","field2":"1.5625"},{"created_at":"2020-02-16T12:31:03-08:00","entry_id":73377,"field1":"2.125","field2":"1.625"},{"created_at":"2020-02-16T12:40:40-08:00","entry_id":73378,"field1":"2.125","field2":"1.8125"},{"created_at":"2020-02-16T12:50:21-08:00","entry_id":73379,"field1":"2.125","field2":"2"},{"created_at":"2020-02-16T12:59:56-08:00","entry_id":73380,"field1":"2.1875","field2":"1.8125"},{"created_at":"2020-02-16T13:09:33-08:00","entry_id":73381,"field1":"2.1875","field2":"1.875"},{"created_at":"2020-02-16T13:19:10-08:00","entry_id":73382,"field1":"2.1875","field2":"1.9375"},{"created_at":"2020-02-16T13:28:47-08:00","entry_id":73383,"field1":"2.1875","field2":"1.875"},{"created_at":"2020-02-16T13:38:25-08:00","entry_id":73384,"field1":"2.1875","field2":"1.8125"},{"created_at":"2020-02-16T13:48:01-08:00","entry_id":73385,"field1":"2.1875","field2":"1.9375"},{"created_at":"2020-02-16T13:57:38-08:00","entry_id":73386,"field1":"2.1875","field2":"2"},{"created_at":"2020-02-16T14:07:15-08:00","entry_id":73387,"field1":"2.1875","field2":"2"},{"created_at":"2020-02-16T14:16:52-08:00","entry_id":73388,"field1":"2.125","field2":"2"},{"created_at":"2020-02-16T14:26:30-08:00","entry_id":73389,"field1":"2.1875","field2":"2.0625"},{"created_at":"2020-02-16T14:36:06-08:00","entry_id":73390,"field1":"2.1875","field2":"2.125"},{"created_at":"2020-02-16T14:45:43-08:00","entry_id":73391,"field1":"2.1875","field2":"2"},{"created_at":"2020-02-16T14:55:20-08:00","entry_id":73392,"field1":"2.1875","field2":"1.8125"},{"created_at":"2020-02-16T15:04:57-08:00","entry_id":73393,"field1":"2.1875","field2":"1.8125"},{"created_at":"2020-02-16T15:14:34-08:00","entry_id":73394,"field1":"2.1875","field2":"1.75"},{"created_at":"2020-02-16T15:24:11-08:00","entry_id":73395,"field1":"2.1875","field2":"1.875"},{"created_at":"2020-02-16T15:33:49-08:00","entry_id":73396,"field1":"2.1875","field2":"1.875"},{"created_at":"2020-02-16T15:43:27-08:00","entry_id":73397,"field1":"2.125","field2":"1.875"},{"created_at":"2020-02-16T15:53:24-08:00","entry_id":73398,"field1":"2.125","field2":"1.8125"},{"created_at":"2020-02-16T16:02:54-08:00","entry_id":73399,"field1":"2.1875","field2":"1.6875"},{"created_at":"2020-02-16T16:12:31-08:00","entry_id":73400,"field1":"2.125","field2":"1.4375"},{"created_at":"2020-02-16T16:22:08-08:00","entry_id":73401,"field1":"2.125","field2":"1.25"},{"created_at":"2020-02-16T16:31:45-08:00","entry_id":73402,"field1":"2.125","field2":"1.125"},{"created_at":"2020-02-16T16:41:26-08:00","entry_id":73403,"field1":"2.125","field2":"0.9375"},{"created_at":"2020-02-16T16:51:02-08:00","entry_id":73404,"field1":"2.125","field2":"0.875"},{"created_at":"2020-02-16T17:00:39-08:00","entry_id":73405,"field1":"2.125","field2":"0.8125"},{"created_at":"2020-02-16T17:10:15-08:00","entry_id":73406,"field1":"2.0625","field2":"0.75"},{"created_at":"2020-02-16T17:19:52-08:00","entry_id":73407,"field1":"2.0625","field2":"0.75"},{"created_at":"2020-02-16T17:29:28-08:00","entry_id":73408,"field1":"2.0625","field2":"0.625"},{"created_at":"2020-02-16T17:39:05-08:00","entry_id":73409,"field1":"2.0625","field2":"0.5625"},{"created_at":"2020-02-16T17:48:42-08:00","entry_id":73410,"field1":"2","field2":"0.4375"},{"created_at":"2020-02-16T17:58:18-08:00","entry_id":73411,"field1":"2","field2":"0.375"},{"created_at":"2020-02-16T18:07:55-08:00","entry_id":73412,"field1":"2","field2":"0.25"},{"created_at":"2020-02-16T18:17:32-08:00","entry_id":73413,"field1":"1.9375","field2":"0.1875"},{"created_at":"2020-02-16T18:27:09-08:00","entry_id":73414,"field1":"1.9375","field2":"0.125"},{"created_at":"2020-02-16T18:36:46-08:00","entry_id":73415,"field1":"1.9375","field2":"0.0625"},{"created_at":"2020-02-16T18:46:26-08:00","entry_id":73416,"field1":"1.9375","field2":"0.0625"},{"created_at":"2020-02-16T18:56:01-08:00","entry_id":73417,"field1":"1.9375","field2":"0.125"},{"created_at":"2020-02-16T19:05:38-08:00","entry_id":73418,"field1":"1.9375","field2":"0"},{"created_at":"2020-02-16T19:15:15-08:00","entry_id":73419,"field1":"1.875","field2":"0"},{"created_at":"2020-02-16T19:24:52-08:00","entry_id":73420,"field1":"1.875","field2":"0.0625"},{"created_at":"2020-02-16T19:34:28-08:00","entry_id":73421,"field1":"1.875","field2":"0.0625"},{"created_at":"2020-02-16T19:44:05-08:00","entry_id":73422,"field1":"1.875","field2":"0.125"},{"created_at":"2020-02-16T19:53:42-08:00","entry_id":73423,"field1":"1.875","field2":"0.125"},{"created_at":"2020-02-16T20:03:22-08:00","entry_id":73424,"field1":"1.8125","field2":"0.125"},{"created_at":"2020-02-16T20:12:57-08:00","entry_id":73425,"field1":"1.8125","field2":"0.125"},{"created_at":"2020-02-16T20:22:33-08:00","entry_id":73426,"field1":"1.8125","field2":"0.125"},{"created_at":"2020-02-16T20:32:10-08:00","entry_id":73427,"field1":"1.8125","field2":"0.125"},{"created_at":"2020-02-16T20:41:47-08:00","entry_id":73428,"field1":"1.8125","field2":"0"},{"created_at":"2020-02-16T20:51:28-08:00","entry_id":73429,"field1":"1.8125","field2":"0.0625"},{"created_at":"2020-02-16T21:01:03-08:00","entry_id":73430,"field1":"1.75","field2":"0.25"},{"created_at":"2020-02-16T21:10:40-08:00","entry_id":73431,"field1":"1.75","field2":"0.0625"},{"created_at":"2020-02-16T21:20:16-08:00","entry_id":73432,"field1":"1.75","field2":"0.1875"},{"created_at":"2020-02-16T21:29:52-08:00","entry_id":73433,"field1":"1.75","field2":"0.125"},{"created_at":"2020-02-16T21:39:29-08:00","entry_id":73434,"field1":"1.75","field2":"0.0625"},{"created_at":"2020-02-16T21:49:06-08:00","entry_id":73435,"field1":"1.75","field2":"0.125"},{"created_at":"2020-02-16T21:58:43-08:00","entry_id":73436,"field1":"1.75","field2":"0.1875"},{"created_at":"2020-02-16T22:08:22-08:00","entry_id":73437,"field1":"1.75","field2":"0.1875"},{"created_at":"2020-02-16T22:17:59-08:00","entry_id":73438,"field1":"1.75","field2":"0.125"},{"created_at":"2020-02-16T22:27:36-08:00","entry_id":73439,"field1":"1.6875","field2":"0.0625"},{"created_at":"2020-02-16T22:37:12-08:00","entry_id":73440,"field1":"1.6875","field2":"0"},{"created_at":"2020-02-16T22:46:53-08:00","entry_id":73441,"field1":"1.6875","field2":"0"},{"created_at":"2020-02-16T22:56:28-08:00","entry_id":73442,"field1":"1.6875","field2":"0"}]}