{"channel":{"id":581842,"name":"Upstairs Small Window Indoor / Outdoor Sensor","latitude":"0.0","longitude":"0.0","field1":"Indoor Temperature","field2":"Outdoor Temperature","created_at":"2018-09-23T15:37:52-07:00","updated_at":"2020-07-27T05:59:41-07:00","last_entry_id":150128},"feeds":[{"created_at":"2018-11-07T00:05:16-08:00","entry_id":5116,"field1":"6.625","field2":"4.9375"},{"created_at":"2018-11-07T00:14:51-08:00","entry_id":5117,"field1":"6.625","field2":"4.8125"},{"created_at":"2018-11-07T00:24:29-08:00","entry_id":5118,"field1":"6.625","field2":"4.8125"},{"created_at":"2018-11-07T00:34:12-08:00","entry_id":5119,"field1":"6.5625","field2":"4.75"},{"created_at":"2018-11-07T00:44:02-08:00","entry_id":5120,"field1":"6.5625","field2":"4.6875"},{"created_at":"2018-11-07T00:53:40-08:00","entry_id":5121,"field1":"6.5625","field2":"4.6875"},{"created_at":"2018-11-07T01:03:16-08:00","entry_id":5122,"field1":"6.5625","field2":"4.6875"},{"created_at":"2018-11-07T01:12:54-08:00","entry_id":5123,"field1":"6.5625","field2":"4.625"},{"created_at":"2018-11-07T01:22:33-08:00","entry_id":5124,"field1":"6.5625","field2":"4.625"},{"created_at":"2018-11-07T01:32:10-08:00","entry_id":5125,"field1":"6.5625","field2":"4.5625"},{"created_at":"2018-11-07T01:41:47-08:00","entry_id":5126,"field1":"6.5","field2":"4.5"},{"created_at":"2018-11-07T02:20:15-08:00","entry_id":5127,"field1":"6.5","field2":"4.125"},{"created_at":"2018-11-07T02:39:31-08:00","entry_id":5128,"field1":"6.4375","field2":"3.8125"},{"created_at":"2018-11-07T02:49:07-08:00","entry_id":5129,"field1":"6.4375","field2":"3.6875"},{"created_at":"2018-11-07T02:58:44-08:00","entry_id":5130,"field1":"6.4375","field2":"3.6875"},{"created_at":"2018-11-07T03:08:21-08:00","entry_id":5131,"field1":"6.4375","field2":"3.625"},{"created_at":"2018-11-07T03:17:53-08:00","entry_id":5132,"field1":"6.4375","field2":"3.5"},{"created_at":"2018-11-07T03:27:31-08:00","entry_id":5133,"field1":"6.375","field2":"3.5625"},{"created_at":"2018-11-07T03:37:09-08:00","entry_id":5134,"field1":"6.375","field2":"3.5"},{"created_at":"2018-11-07T03:46:45-08:00","entry_id":5135,"field1":"6.375","field2":"3.4375"},{"created_at":"2018-11-07T03:56:22-08:00","entry_id":5136,"field1":"6.375","field2":"3.3125"},{"created_at":"2018-11-07T04:05:59-08:00","entry_id":5137,"field1":"6.3125","field2":"2.8125"},{"created_at":"2018-11-07T04:15:36-08:00","entry_id":5138,"field1":"6.3125","field2":"2.9375"},{"created_at":"2018-11-07T04:25:13-08:00","entry_id":5139,"field1":"6.3125","field2":"2.875"},{"created_at":"2018-11-07T04:34:51-08:00","entry_id":5140,"field1":"6.3125","field2":"3.3125"},{"created_at":"2018-11-07T04:44:28-08:00","entry_id":5141,"field1":"6.25","field2":"2.9375"},{"created_at":"2018-11-07T04:54:05-08:00","entry_id":5142,"field1":"6.25","field2":"2.8125"},{"created_at":"2018-11-07T05:03:42-08:00","entry_id":5143,"field1":"6.25","field2":"2.9375"},{"created_at":"2018-11-07T05:13:20-08:00","entry_id":5144,"field1":"6.1875","field2":"3.0625"},{"created_at":"2018-11-07T05:23:03-08:00","entry_id":5145,"field1":"6.1875","field2":"2.875"},{"created_at":"2018-11-07T05:32:41-08:00","entry_id":5146,"field1":"6.1875","field2":"2.6875"},{"created_at":"2018-11-07T05:42:17-08:00","entry_id":5147,"field1":"6.1875","field2":"2.375"},{"created_at":"2018-11-07T05:51:55-08:00","entry_id":5148,"field1":"6.1875","field2":"2.5625"},{"created_at":"2018-11-07T06:01:32-08:00","entry_id":5149,"field1":"6.1875","field2":"2.25"},{"created_at":"2018-11-07T06:11:09-08:00","entry_id":5150,"field1":"6.125","field2":"2.1875"},{"created_at":"2018-11-07T06:20:46-08:00","entry_id":5151,"field1":"6.125","field2":"2.0625"},{"created_at":"2018-11-07T06:30:25-08:00","entry_id":5152,"field1":"6.125","field2":"2"},{"created_at":"2018-11-07T06:40:01-08:00","entry_id":5153,"field1":"6.0625","field2":"2"},{"created_at":"2018-11-07T06:49:39-08:00","entry_id":5154,"field1":"6.0625","field2":"1.9375"},{"created_at":"2018-11-07T06:59:17-08:00","entry_id":5155,"field1":"6","field2":"2.3125"},{"created_at":"2018-11-07T07:08:54-08:00","entry_id":5156,"field1":"6","field2":"1.9375"},{"created_at":"2018-11-07T07:18:31-08:00","entry_id":5157,"field1":"6","field2":"1.5625"},{"created_at":"2018-11-07T07:28:07-08:00","entry_id":5158,"field1":"5.9375","field2":"1.5"},{"created_at":"2018-11-07T07:47:42-08:00","entry_id":5159,"field1":"5.9375","field2":"1.6875"},{"created_at":"2018-11-07T07:57:19-08:00","entry_id":5160,"field1":"5.875","field2":"1.5625"},{"created_at":"2018-11-07T08:06:55-08:00","entry_id":5161,"field1":"5.875","field2":"1.875"},{"created_at":"2018-11-07T08:16:33-08:00","entry_id":5162,"field1":"5.875","field2":"1.875"},{"created_at":"2018-11-07T08:26:11-08:00","entry_id":5163,"field1":"5.875","field2":"1.9375"},{"created_at":"2018-11-07T08:35:50-08:00","entry_id":5164,"field1":"5.875","field2":"2.125"},{"created_at":"2018-11-07T08:45:26-08:00","entry_id":5165,"field1":"5.8125","field2":"2.3125"},{"created_at":"2018-11-07T08:55:04-08:00","entry_id":5166,"field1":"5.8125","field2":"2.6875"},{"created_at":"2018-11-07T09:04:40-08:00","entry_id":5167,"field1":"5.75","field2":"2.75"},{"created_at":"2018-11-07T09:14:18-08:00","entry_id":5168,"field1":"5.75","field2":"2.625"},{"created_at":"2018-11-07T09:23:55-08:00","entry_id":5169,"field1":"5.75","field2":"2.75"},{"created_at":"2018-11-07T09:33:33-08:00","entry_id":5170,"field1":"5.75","field2":"2.75"},{"created_at":"2018-11-07T09:43:10-08:00","entry_id":5171,"field1":"5.75","field2":"3"},{"created_at":"2018-11-07T09:52:47-08:00","entry_id":5172,"field1":"5.75","field2":"3.125"},{"created_at":"2018-11-07T10:02:24-08:00","entry_id":5173,"field1":"5.75","field2":"3.3125"},{"created_at":"2018-11-07T10:12:01-08:00","entry_id":5174,"field1":"5.6875","field2":"3.25"},{"created_at":"2018-11-07T10:21:38-08:00","entry_id":5175,"field1":"5.625","field2":"3.25"},{"created_at":"2018-11-07T10:31:15-08:00","entry_id":5176,"field1":"5.6875","field2":"3.3125"},{"created_at":"2018-11-07T10:40:52-08:00","entry_id":5177,"field1":"5.6875","field2":"3.375"},{"created_at":"2018-11-07T10:50:29-08:00","entry_id":5178,"field1":"5.6875","field2":"3.5"},{"created_at":"2018-11-07T11:00:06-08:00","entry_id":5179,"field1":"5.75","field2":"3.5625"},{"created_at":"2018-11-07T11:09:42-08:00","entry_id":5180,"field1":"5.75","field2":"3.6875"},{"created_at":"2018-11-07T11:19:20-08:00","entry_id":5181,"field1":"5.6875","field2":"3.875"},{"created_at":"2018-11-07T11:28:56-08:00","entry_id":5182,"field1":"5.6875","field2":"3.9375"},{"created_at":"2018-11-07T11:38:33-08:00","entry_id":5183,"field1":"5.6875","field2":"3.6875"},{"created_at":"2018-11-07T11:48:10-08:00","entry_id":5184,"field1":"5.5625","field2":"3.5625"},{"created_at":"2018-11-07T11:57:47-08:00","entry_id":5185,"field1":"5.625","field2":"3.4375"},{"created_at":"2018-11-07T12:07:24-08:00","entry_id":5186,"field1":"5.5625","field2":"3.375"},{"created_at":"2018-11-07T12:17:01-08:00","entry_id":5187,"field1":"5.625","field2":"3.1875"},{"created_at":"2018-11-07T12:26:40-08:00","entry_id":5188,"field1":"5.625","field2":"3.1875"},{"created_at":"2018-11-07T12:36:17-08:00","entry_id":5189,"field1":"5.625","field2":"3.0625"},{"created_at":"2018-11-07T12:45:53-08:00","entry_id":5190,"field1":"5.5625","field2":"3.125"},{"created_at":"2018-11-07T12:55:31-08:00","entry_id":5191,"field1":"5.625","field2":"3"},{"created_at":"2018-11-07T13:05:08-08:00","entry_id":5192,"field1":"5.625","field2":"3"},{"created_at":"2018-11-07T13:14:45-08:00","entry_id":5193,"field1":"5.5625","field2":"2.9375"},{"created_at":"2018-11-07T13:24:23-08:00","entry_id":5194,"field1":"5.625","field2":"3"},{"created_at":"2018-11-07T13:33:59-08:00","entry_id":5195,"field1":"5.5625","field2":"3.0625"},{"created_at":"2018-11-07T13:43:41-08:00","entry_id":5196,"field1":"5.375","field2":"3.125"},{"created_at":"2018-11-07T13:53:16-08:00","entry_id":5197,"field1":"5.5","field2":"3.0625"},{"created_at":"2018-11-07T14:02:54-08:00","entry_id":5198,"field1":"5.5","field2":"2.9375"},{"created_at":"2018-11-07T14:12:30-08:00","entry_id":5199,"field1":"5.5","field2":"2.875"},{"created_at":"2018-11-07T14:22:08-08:00","entry_id":5200,"field1":"5.5","field2":"2.6875"},{"created_at":"2018-11-07T14:31:45-08:00","entry_id":5201,"field1":"5.5","field2":"2.6875"},{"created_at":"2018-11-07T14:41:22-08:00","entry_id":5202,"field1":"5.5","field2":"2.625"},{"created_at":"2018-11-07T14:50:59-08:00","entry_id":5203,"field1":"5.4375","field2":"2.5625"},{"created_at":"2018-11-07T15:00:36-08:00","entry_id":5204,"field1":"5.4375","field2":"2.5625"},{"created_at":"2018-11-07T15:10:13-08:00","entry_id":5205,"field1":"5.4375","field2":"2.5"},{"created_at":"2018-11-07T15:19:50-08:00","entry_id":5206,"field1":"5.4375","field2":"2.5"},{"created_at":"2018-11-07T15:29:28-08:00","entry_id":5207,"field1":"5.375","field2":"2.4375"},{"created_at":"2018-11-07T15:39:04-08:00","entry_id":5208,"field1":"5.375","field2":"2.3125"},{"created_at":"2018-11-07T15:48:41-08:00","entry_id":5209,"field1":"5.375","field2":"2.3125"},{"created_at":"2018-11-07T15:58:18-08:00","entry_id":5210,"field1":"5.375","field2":"2.125"},{"created_at":"2018-11-07T16:07:55-08:00","entry_id":5211,"field1":"5.3125","field2":"2.1875"},{"created_at":"2018-11-07T16:17:32-08:00","entry_id":5212,"field1":"5.3125","field2":"1.875"},{"created_at":"2018-11-07T16:27:10-08:00","entry_id":5213,"field1":"5.3125","field2":"1.75"},{"created_at":"2018-11-07T16:36:46-08:00","entry_id":5214,"field1":"5.3125","field2":"1.625"},{"created_at":"2018-11-07T16:46:23-08:00","entry_id":5215,"field1":"5.25","field2":"1.4375"},{"created_at":"2018-11-07T16:56:00-08:00","entry_id":5216,"field1":"5.25","field2":"1.375"},{"created_at":"2018-11-07T17:05:37-08:00","entry_id":5217,"field1":"5.1875","field2":"1.1875"},{"created_at":"2018-11-07T17:15:14-08:00","entry_id":5218,"field1":"5.1875","field2":"1"},{"created_at":"2018-11-07T17:24:52-08:00","entry_id":5219,"field1":"5.1875","field2":"0.8125"},{"created_at":"2018-11-07T17:34:31-08:00","entry_id":5220,"field1":"5.1875","field2":"0.9375"},{"created_at":"2018-11-07T17:44:13-08:00","entry_id":5221,"field1":"5.125","field2":"0.8125"},{"created_at":"2018-11-07T17:53:50-08:00","entry_id":5222,"field1":"5.125","field2":"0.8125"},{"created_at":"2018-11-07T18:03:28-08:00","entry_id":5223,"field1":"5.0625","field2":"0.625"},{"created_at":"2018-11-07T18:13:05-08:00","entry_id":5224,"field1":"5.0625","field2":"0.4375"},{"created_at":"2018-11-07T18:22:43-08:00","entry_id":5225,"field1":"5.0625","field2":"0.25"},{"created_at":"2018-11-07T18:32:19-08:00","entry_id":5226,"field1":"5","field2":"0.5625"},{"created_at":"2018-11-07T18:41:56-08:00","entry_id":5227,"field1":"5","field2":"0.625"},{"created_at":"2018-11-07T18:51:33-08:00","entry_id":5228,"field1":"4.9375","field2":"0.6875"},{"created_at":"2018-11-07T19:11:54-08:00","entry_id":5229,"field1":"4.875","field2":"0.4375"},{"created_at":"2018-11-07T19:21:30-08:00","entry_id":5230,"field1":"4.875","field2":"0.4375"},{"created_at":"2018-11-07T19:31:07-08:00","entry_id":5231,"field1":"4.875","field2":"0.3125"},{"created_at":"2018-11-07T19:40:44-08:00","entry_id":5232,"field1":"4.8125","field2":"0.4375"},{"created_at":"2018-11-07T19:50:21-08:00","entry_id":5233,"field1":"4.8125","field2":"-0.0625"},{"created_at":"2018-11-07T19:59:58-08:00","entry_id":5234,"field1":"4.75","field2":"0.0625"},{"created_at":"2018-11-07T20:09:34-08:00","entry_id":5235,"field1":"4.75","field2":"0.1875"},{"created_at":"2018-11-07T20:19:11-08:00","entry_id":5236,"field1":"4.75","field2":"0.1875"},{"created_at":"2018-11-07T20:28:49-08:00","entry_id":5237,"field1":"4.6875","field2":"0"},{"created_at":"2018-11-07T20:38:25-08:00","entry_id":5238,"field1":"4.6875","field2":"-0.0625"},{"created_at":"2018-11-07T20:48:02-08:00","entry_id":5239,"field1":"4.625","field2":"0.125"},{"created_at":"2018-11-07T20:57:39-08:00","entry_id":5240,"field1":"4.625","field2":"0"},{"created_at":"2018-11-07T21:07:17-08:00","entry_id":5241,"field1":"4.625","field2":"-0.0625"},{"created_at":"2018-11-07T21:16:55-08:00","entry_id":5242,"field1":"4.5625","field2":"-0.3125"},{"created_at":"2018-11-07T21:26:31-08:00","entry_id":5243,"field1":"4.5625","field2":"-0.375"},{"created_at":"2018-11-07T21:36:09-08:00","entry_id":5244,"field1":"4.5","field2":"-0.625"},{"created_at":"2018-11-07T21:45:46-08:00","entry_id":5245,"field1":"4.5","field2":"-0.25"},{"created_at":"2018-11-07T21:55:22-08:00","entry_id":5246,"field1":"4.5","field2":"-0.3125"},{"created_at":"2018-11-07T22:04:59-08:00","entry_id":5247,"field1":"4.4375","field2":"-0.375"},{"created_at":"2018-11-07T22:14:37-08:00","entry_id":5248,"field1":"4.4375","field2":"-0.5625"},{"created_at":"2018-11-07T22:24:14-08:00","entry_id":5249,"field1":"4.375","field2":"-0.6875"},{"created_at":"2018-11-07T22:33:51-08:00","entry_id":5250,"field1":"4.375","field2":"-0.75"},{"created_at":"2018-11-07T22:43:29-08:00","entry_id":5251,"field1":"4.3125","field2":"-0.75"},{"created_at":"2018-11-07T22:53:05-08:00","entry_id":5252,"field1":"4.3125","field2":"-0.625"},{"created_at":"2018-11-07T23:02:42-08:00","entry_id":5253,"field1":"4.25","field2":"-0.9375"},{"created_at":"2018-11-07T23:12:20-08:00","entry_id":5254,"field1":"4.25","field2":"-0.9375"},{"created_at":"2018-11-07T23:21:57-08:00","entry_id":5255,"field1":"4.1875","field2":"-1.125"},{"created_at":"2018-11-07T23:31:34-08:00","entry_id":5256,"field1":"4.1875","field2":"-1.125"},{"created_at":"2018-11-07T23:41:11-08:00","entry_id":5257,"field1":"4.125","field2":"-1.1875"},{"created_at":"2018-11-07T23:50:48-08:00","entry_id":5258,"field1":"4.125","field2":"-1.5"}]}