{"channel":{"id":581842,"name":"Upstairs Small Window Indoor / Outdoor Sensor","latitude":"0.0","longitude":"0.0","field1":"Indoor Temperature","field2":"Outdoor Temperature","created_at":"2018-09-23T15:37:52-07:00","updated_at":"2020-07-27T05:59:41-07:00","last_entry_id":390291},"feeds":[{"created_at":"2026-01-17T00:03:55-08:00","entry_id":390010,"field1":"1.75","field2":"-0.0625"},{"created_at":"2026-01-17T00:13:33-08:00","entry_id":390011,"field1":"1.75","field2":"-0.0625"},{"created_at":"2026-01-17T00:23:08-08:00","entry_id":390012,"field1":"1.6875","field2":"-0.0625"},{"created_at":"2026-01-17T00:32:46-08:00","entry_id":390013,"field1":"1.75","field2":"-0.0625"},{"created_at":"2026-01-17T00:42:24-08:00","entry_id":390014,"field1":"1.75","field2":"-0.0625"},{"created_at":"2026-01-17T00:51:59-08:00","entry_id":390015,"field1":"1.6875","field2":"-0.125"},{"created_at":"2026-01-17T01:01:37-08:00","entry_id":390016,"field1":"1.6875","field2":"-0.125"},{"created_at":"2026-01-17T01:11:14-08:00","entry_id":390017,"field1":"1.6875","field2":"-0.125"},{"created_at":"2026-01-17T01:20:50-08:00","entry_id":390018,"field1":"1.6875","field2":"-0.125"},{"created_at":"2026-01-17T01:30:28-08:00","entry_id":390019,"field1":"1.6875","field2":"-0.125"},{"created_at":"2026-01-17T01:40:05-08:00","entry_id":390020,"field1":"1.6875","field2":"-0.1875"},{"created_at":"2026-01-17T01:49:43-08:00","entry_id":390021,"field1":"1.6875","field2":"-0.1875"},{"created_at":"2026-01-17T01:59:18-08:00","entry_id":390022,"field1":"1.625","field2":"-0.1875"},{"created_at":"2026-01-17T02:08:54-08:00","entry_id":390023,"field1":"1.625","field2":"-0.1875"},{"created_at":"2026-01-17T02:18:32-08:00","entry_id":390024,"field1":"1.625","field2":"-0.1875"},{"created_at":"2026-01-17T02:28:08-08:00","entry_id":390025,"field1":"1.625","field2":"-0.1875"},{"created_at":"2026-01-17T02:37:44-08:00","entry_id":390026,"field1":"1.625","field2":"-0.1875"},{"created_at":"2026-01-17T02:47:22-08:00","entry_id":390027,"field1":"1.625","field2":"-0.3125"},{"created_at":"2026-01-17T02:56:59-08:00","entry_id":390028,"field1":"1.625","field2":"-0.25"},{"created_at":"2026-01-17T03:06:37-08:00","entry_id":390029,"field1":"1.625","field2":"-0.25"},{"created_at":"2026-01-17T03:16:15-08:00","entry_id":390030,"field1":"1.5625","field2":"-0.3125"},{"created_at":"2026-01-17T03:25:52-08:00","entry_id":390031,"field1":"1.5625","field2":"-0.375"},{"created_at":"2026-01-17T03:35:29-08:00","entry_id":390032,"field1":"1.5625","field2":"-0.5"},{"created_at":"2026-01-17T03:45:06-08:00","entry_id":390033,"field1":"1.5625","field2":"-0.375"},{"created_at":"2026-01-17T03:54:42-08:00","entry_id":390034,"field1":"1.5625","field2":"-0.5625"},{"created_at":"2026-01-17T04:04:18-08:00","entry_id":390035,"field1":"1.5625","field2":"-0.625"},{"created_at":"2026-01-17T04:13:56-08:00","entry_id":390036,"field1":"1.5625","field2":"-0.5625"},{"created_at":"2026-01-17T04:23:32-08:00","entry_id":390037,"field1":"1.5625","field2":"-0.625"},{"created_at":"2026-01-17T04:33:08-08:00","entry_id":390038,"field1":"1.5625","field2":"-0.5625"},{"created_at":"2026-01-17T04:42:47-08:00","entry_id":390039,"field1":"1.5","field2":"-0.5625"},{"created_at":"2026-01-17T04:52:24-08:00","entry_id":390040,"field1":"1.5","field2":"-0.625"},{"created_at":"2026-01-17T05:02:00-08:00","entry_id":390041,"field1":"1.5","field2":"-0.6875"},{"created_at":"2026-01-17T05:11:38-08:00","entry_id":390042,"field1":"1.5","field2":"-0.6875"},{"created_at":"2026-01-17T05:21:15-08:00","entry_id":390043,"field1":"1.5","field2":"-0.75"},{"created_at":"2026-01-17T05:30:51-08:00","entry_id":390044,"field1":"1.5","field2":"-0.75"},{"created_at":"2026-01-17T05:40:27-08:00","entry_id":390045,"field1":"1.5","field2":"-0.75"},{"created_at":"2026-01-17T05:50:06-08:00","entry_id":390046,"field1":"1.5","field2":"-0.6875"},{"created_at":"2026-01-17T05:59:41-08:00","entry_id":390047,"field1":"1.4375","field2":"-0.8125"},{"created_at":"2026-01-17T06:09:19-08:00","entry_id":390048,"field1":"1.4375","field2":"-0.75"},{"created_at":"2026-01-17T06:18:55-08:00","entry_id":390049,"field1":"1.4375","field2":"-0.8125"},{"created_at":"2026-01-17T06:28:33-08:00","entry_id":390050,"field1":"1.4375","field2":"-0.6875"},{"created_at":"2026-01-17T06:38:09-08:00","entry_id":390051,"field1":"1.4375","field2":"-0.6875"},{"created_at":"2026-01-17T06:47:45-08:00","entry_id":390052,"field1":"1.4375","field2":"-0.75"},{"created_at":"2026-01-17T06:57:21-08:00","entry_id":390053,"field1":"1.4375","field2":"-0.75"},{"created_at":"2026-01-17T07:06:58-08:00","entry_id":390054,"field1":"1.375","field2":"-0.9375"},{"created_at":"2026-01-17T07:16:34-08:00","entry_id":390055,"field1":"1.375","field2":"-1"},{"created_at":"2026-01-17T07:26:13-08:00","entry_id":390056,"field1":"1.375","field2":"-1.0625"},{"created_at":"2026-01-17T07:35:48-08:00","entry_id":390057,"field1":"1.375","field2":"-1"},{"created_at":"2026-01-17T07:45:27-08:00","entry_id":390058,"field1":"1.375","field2":"-1"},{"created_at":"2026-01-17T07:55:04-08:00","entry_id":390059,"field1":"1.375","field2":"-1.125"},{"created_at":"2026-01-17T08:04:40-08:00","entry_id":390060,"field1":"1.375","field2":"-0.9375"},{"created_at":"2026-01-17T08:14:18-08:00","entry_id":390061,"field1":"1.375","field2":"-1"},{"created_at":"2026-01-17T08:23:55-08:00","entry_id":390062,"field1":"1.3125","field2":"-0.9375"},{"created_at":"2026-01-17T08:33:32-08:00","entry_id":390063,"field1":"1.3125","field2":"-0.9375"},{"created_at":"2026-01-17T08:43:07-08:00","entry_id":390064,"field1":"1.3125","field2":"-0.875"},{"created_at":"2026-01-17T08:52:44-08:00","entry_id":390065,"field1":"1.3125","field2":"-0.9375"},{"created_at":"2026-01-17T09:02:21-08:00","entry_id":390066,"field1":"1.3125","field2":"-0.9375"},{"created_at":"2026-01-17T09:11:57-08:00","entry_id":390067,"field1":"1.3125","field2":"-0.875"},{"created_at":"2026-01-17T09:21:35-08:00","entry_id":390068,"field1":"1.3125","field2":"-0.75"},{"created_at":"2026-01-17T09:31:11-08:00","entry_id":390069,"field1":"1.3125","field2":"-0.8125"},{"created_at":"2026-01-17T09:40:47-08:00","entry_id":390070,"field1":"1.25","field2":"-0.75"},{"created_at":"2026-01-17T09:50:25-08:00","entry_id":390071,"field1":"1.25","field2":"-0.6875"},{"created_at":"2026-01-17T10:00:02-08:00","entry_id":390072,"field1":"1.25","field2":"-0.625"},{"created_at":"2026-01-17T10:09:39-08:00","entry_id":390073,"field1":"1.25","field2":"-0.625"},{"created_at":"2026-01-17T10:19:16-08:00","entry_id":390074,"field1":"1.25","field2":"-0.375"},{"created_at":"2026-01-17T10:28:53-08:00","entry_id":390075,"field1":"1.25","field2":"-0.375"},{"created_at":"2026-01-17T10:38:29-08:00","entry_id":390076,"field1":"1.25","field2":"-0.3125"},{"created_at":"2026-01-17T10:48:07-08:00","entry_id":390077,"field1":"1.25","field2":"-0.3125"},{"created_at":"2026-01-17T10:57:43-08:00","entry_id":390078,"field1":"1.25","field2":"-0.3125"},{"created_at":"2026-01-17T11:07:20-08:00","entry_id":390079,"field1":"1.25","field2":"-0.25"},{"created_at":"2026-01-17T11:16:58-08:00","entry_id":390080,"field1":"1.25","field2":"-0.25"},{"created_at":"2026-01-17T11:26:35-08:00","entry_id":390081,"field1":"1.25","field2":"-0.3125"},{"created_at":"2026-01-17T11:36:12-08:00","entry_id":390082,"field1":"1.25","field2":"-0.1875"},{"created_at":"2026-01-17T11:45:49-08:00","entry_id":390083,"field1":"1.25","field2":"-0.125"},{"created_at":"2026-01-17T11:55:26-08:00","entry_id":390084,"field1":"1.25","field2":"-0.0625"},{"created_at":"2026-01-17T12:05:02-08:00","entry_id":390085,"field1":"1.25","field2":"0.0625"},{"created_at":"2026-01-17T12:14:38-08:00","entry_id":390086,"field1":"1.25","field2":"0"},{"created_at":"2026-01-17T12:24:16-08:00","entry_id":390087,"field1":"1.25","field2":"-0.3125"},{"created_at":"2026-01-17T12:33:53-08:00","entry_id":390088,"field1":"1.25","field2":"-0.25"},{"created_at":"2026-01-17T12:43:30-08:00","entry_id":390089,"field1":"1.25","field2":"-0.25"},{"created_at":"2026-01-17T12:53:07-08:00","entry_id":390090,"field1":"1.25","field2":"-0.125"},{"created_at":"2026-01-17T13:02:44-08:00","entry_id":390091,"field1":"1.25","field2":"-0.1875"},{"created_at":"2026-01-17T13:12:21-08:00","entry_id":390092,"field1":"1.25","field2":"-0.125"},{"created_at":"2026-01-17T13:21:57-08:00","entry_id":390093,"field1":"1.25","field2":"-0.1875"},{"created_at":"2026-01-17T13:31:34-08:00","entry_id":390094,"field1":"1.25","field2":"-0.25"},{"created_at":"2026-01-17T13:41:10-08:00","entry_id":390095,"field1":"1.25","field2":"-0.125"},{"created_at":"2026-01-17T13:50:48-08:00","entry_id":390096,"field1":"1.25","field2":"-0.25"},{"created_at":"2026-01-17T14:00:23-08:00","entry_id":390097,"field1":"1.25","field2":"-0.1875"},{"created_at":"2026-01-17T14:10:01-08:00","entry_id":390098,"field1":"1.25","field2":"-0.1875"},{"created_at":"2026-01-17T14:19:37-08:00","entry_id":390099,"field1":"1.25","field2":"-0.1875"},{"created_at":"2026-01-17T14:29:15-08:00","entry_id":390100,"field1":"1.25","field2":"-0.25"},{"created_at":"2026-01-17T14:38:52-08:00","entry_id":390101,"field1":"1.25","field2":"-0.3125"},{"created_at":"2026-01-17T14:48:28-08:00","entry_id":390102,"field1":"1.25","field2":"-0.1875"},{"created_at":"2026-01-17T14:58:04-08:00","entry_id":390103,"field1":"1.25","field2":"-0.25"},{"created_at":"2026-01-17T15:07:41-08:00","entry_id":390104,"field1":"1.25","field2":"-0.3125"},{"created_at":"2026-01-17T15:17:18-08:00","entry_id":390105,"field1":"1.25","field2":"-0.4375"},{"created_at":"2026-01-17T15:26:56-08:00","entry_id":390106,"field1":"1.25","field2":"-0.4375"},{"created_at":"2026-01-17T15:36:32-08:00","entry_id":390107,"field1":"1.25","field2":"-0.5"},{"created_at":"2026-01-17T15:46:09-08:00","entry_id":390108,"field1":"1.1875","field2":"-0.5"},{"created_at":"2026-01-17T15:55:46-08:00","entry_id":390109,"field1":"1.1875","field2":"-0.5"},{"created_at":"2026-01-17T16:05:22-08:00","entry_id":390110,"field1":"1.1875","field2":"-0.5"},{"created_at":"2026-01-17T16:15:01-08:00","entry_id":390111,"field1":"1.1875","field2":"-0.5"},{"created_at":"2026-01-17T16:24:36-08:00","entry_id":390112,"field1":"1.1875","field2":"-0.5625"},{"created_at":"2026-01-17T16:34:14-08:00","entry_id":390113,"field1":"1.1875","field2":"-0.625"},{"created_at":"2026-01-17T16:43:50-08:00","entry_id":390114,"field1":"1.1875","field2":"-0.75"},{"created_at":"2026-01-17T16:53:28-08:00","entry_id":390115,"field1":"1.1875","field2":"-0.625"},{"created_at":"2026-01-17T17:03:04-08:00","entry_id":390116,"field1":"1.1875","field2":"-0.625"},{"created_at":"2026-01-17T17:12:42-08:00","entry_id":390117,"field1":"1.1875","field2":"-0.625"},{"created_at":"2026-01-17T17:22:19-08:00","entry_id":390118,"field1":"1.125","field2":"-0.625"},{"created_at":"2026-01-17T17:31:54-08:00","entry_id":390119,"field1":"1.125","field2":"-0.75"},{"created_at":"2026-01-17T17:41:33-08:00","entry_id":390120,"field1":"1.125","field2":"-0.6875"},{"created_at":"2026-01-17T17:51:08-08:00","entry_id":390121,"field1":"1.125","field2":"-0.8125"},{"created_at":"2026-01-17T18:00:46-08:00","entry_id":390122,"field1":"1.125","field2":"-0.625"},{"created_at":"2026-01-17T18:10:22-08:00","entry_id":390123,"field1":"1.125","field2":"-0.625"},{"created_at":"2026-01-17T18:19:59-08:00","entry_id":390124,"field1":"1.125","field2":"-0.5625"},{"created_at":"2026-01-17T18:29:35-08:00","entry_id":390125,"field1":"1.125","field2":"-0.6875"},{"created_at":"2026-01-17T18:39:12-08:00","entry_id":390126,"field1":"1.125","field2":"-0.8125"},{"created_at":"2026-01-17T18:48:48-08:00","entry_id":390127,"field1":"1.0625","field2":"-0.8125"},{"created_at":"2026-01-17T18:58:26-08:00","entry_id":390128,"field1":"1.125","field2":"-0.8125"},{"created_at":"2026-01-17T19:08:02-08:00","entry_id":390129,"field1":"1.0625","field2":"-0.8125"},{"created_at":"2026-01-17T19:17:40-08:00","entry_id":390130,"field1":"1.0625","field2":"-0.875"},{"created_at":"2026-01-17T19:27:17-08:00","entry_id":390131,"field1":"1.0625","field2":"-0.875"},{"created_at":"2026-01-17T19:36:53-08:00","entry_id":390132,"field1":"1.0625","field2":"-0.9375"},{"created_at":"2026-01-17T19:46:30-08:00","entry_id":390133,"field1":"1.0625","field2":"-0.875"},{"created_at":"2026-01-17T19:56:06-08:00","entry_id":390134,"field1":"1.0625","field2":"-0.9375"},{"created_at":"2026-01-17T20:05:44-08:00","entry_id":390135,"field1":"1.0625","field2":"-0.9375"},{"created_at":"2026-01-17T20:15:19-08:00","entry_id":390136,"field1":"1","field2":"-0.875"},{"created_at":"2026-01-17T20:24:56-08:00","entry_id":390137,"field1":"1.0625","field2":"-0.875"},{"created_at":"2026-01-17T20:34:34-08:00","entry_id":390138,"field1":"1","field2":"-0.9375"},{"created_at":"2026-01-17T20:44:10-08:00","entry_id":390139,"field1":"1","field2":"-0.9375"},{"created_at":"2026-01-17T20:53:48-08:00","entry_id":390140,"field1":"1","field2":"-0.9375"},{"created_at":"2026-01-17T21:03:25-08:00","entry_id":390141,"field1":"1","field2":"-1"},{"created_at":"2026-01-17T21:13:02-08:00","entry_id":390142,"field1":"1","field2":"-1.0625"},{"created_at":"2026-01-17T21:22:38-08:00","entry_id":390143,"field1":"1","field2":"-0.875"},{"created_at":"2026-01-17T21:32:14-08:00","entry_id":390144,"field1":"1","field2":"-0.9375"},{"created_at":"2026-01-17T21:41:52-08:00","entry_id":390145,"field1":"0.9375","field2":"-1"},{"created_at":"2026-01-17T21:51:27-08:00","entry_id":390146,"field1":"0.9375","field2":"-1"},{"created_at":"2026-01-17T22:01:04-08:00","entry_id":390147,"field1":"0.9375","field2":"-1.0625"},{"created_at":"2026-01-17T22:10:40-08:00","entry_id":390148,"field1":"0.9375","field2":"-1.125"},{"created_at":"2026-01-17T22:20:18-08:00","entry_id":390149,"field1":"0.9375","field2":"-1.0625"},{"created_at":"2026-01-17T22:29:54-08:00","entry_id":390150,"field1":"0.9375","field2":"-1"},{"created_at":"2026-01-17T22:39:30-08:00","entry_id":390151,"field1":"0.9375","field2":"-1"},{"created_at":"2026-01-17T22:49:08-08:00","entry_id":390152,"field1":"0.9375","field2":"-1"},{"created_at":"2026-01-17T22:58:46-08:00","entry_id":390153,"field1":"0.875","field2":"-1"},{"created_at":"2026-01-17T23:08:23-08:00","entry_id":390154,"field1":"0.875","field2":"-1.0625"},{"created_at":"2026-01-17T23:18:00-08:00","entry_id":390155,"field1":"0.875","field2":"-1"},{"created_at":"2026-01-17T23:27:35-08:00","entry_id":390156,"field1":"0.875","field2":"-1"},{"created_at":"2026-01-17T23:37:14-08:00","entry_id":390157,"field1":"0.875","field2":"-1.0625"},{"created_at":"2026-01-17T23:46:51-08:00","entry_id":390158,"field1":"0.875","field2":"-1.0625"},{"created_at":"2026-01-17T23:56:28-08:00","entry_id":390159,"field1":"0.875","field2":"-1.125"}]}