{"channel":{"id":581842,"name":"Upstairs Small Window Indoor / Outdoor Sensor","latitude":"0.0","longitude":"0.0","field1":"Indoor Temperature","field2":"Outdoor Temperature","created_at":"2018-09-23T15:37:52-07:00","updated_at":"2020-07-27T05:59:41-07:00","last_entry_id":150129},"feeds":[{"created_at":"2020-03-19T00:01:26-07:00","entry_id":77961,"field1":"2.625","field2":"-1.25"},{"created_at":"2020-03-19T00:11:04-07:00","entry_id":77962,"field1":"2.5625","field2":"-1.25"},{"created_at":"2020-03-19T00:20:40-07:00","entry_id":77963,"field1":"2.5625","field2":"-1.25"},{"created_at":"2020-03-19T00:30:17-07:00","entry_id":77964,"field1":"2.5","field2":"-1.25"},{"created_at":"2020-03-19T00:39:53-07:00","entry_id":77965,"field1":"2.5","field2":"-1.4375"},{"created_at":"2020-03-19T00:49:30-07:00","entry_id":77966,"field1":"2.5","field2":"-1.625"},{"created_at":"2020-03-19T00:59:08-07:00","entry_id":77967,"field1":"2.4375","field2":"-1.75"},{"created_at":"2020-03-19T01:08:44-07:00","entry_id":77968,"field1":"2.4375","field2":"-1.6875"},{"created_at":"2020-03-19T01:18:21-07:00","entry_id":77969,"field1":"2.375","field2":"-1.75"},{"created_at":"2020-03-19T01:27:57-07:00","entry_id":77970,"field1":"2.375","field2":"-1.8125"},{"created_at":"2020-03-19T01:37:34-07:00","entry_id":77971,"field1":"2.375","field2":"-1.875"},{"created_at":"2020-03-19T01:47:11-07:00","entry_id":77972,"field1":"2.3125","field2":"-1.875"},{"created_at":"2020-03-19T01:56:47-07:00","entry_id":77973,"field1":"2.3125","field2":"-1.875"},{"created_at":"2020-03-19T02:06:25-07:00","entry_id":77974,"field1":"2.3125","field2":"-1.9375"},{"created_at":"2020-03-19T02:16:02-07:00","entry_id":77975,"field1":"2.25","field2":"-1.9375"},{"created_at":"2020-03-19T02:25:38-07:00","entry_id":77976,"field1":"2.25","field2":"-2"},{"created_at":"2020-03-19T02:35:15-07:00","entry_id":77977,"field1":"2.25","field2":"-2.0625"},{"created_at":"2020-03-19T02:44:52-07:00","entry_id":77978,"field1":"2.1875","field2":"-2.125"},{"created_at":"2020-03-19T02:54:29-07:00","entry_id":77979,"field1":"2.1875","field2":"-2.1875"},{"created_at":"2020-03-19T03:04:06-07:00","entry_id":77980,"field1":"2.1875","field2":"-2.125"},{"created_at":"2020-03-19T03:13:42-07:00","entry_id":77981,"field1":"2.125","field2":"-2.1875"},{"created_at":"2020-03-19T03:23:19-07:00","entry_id":77982,"field1":"2.125","field2":"-2.3125"},{"created_at":"2020-03-19T03:32:56-07:00","entry_id":77983,"field1":"2.0625","field2":"-2.3125"},{"created_at":"2020-03-19T03:42:33-07:00","entry_id":77984,"field1":"2.0625","field2":"-2.3125"},{"created_at":"2020-03-19T03:52:10-07:00","entry_id":77985,"field1":"2.0625","field2":"-2.375"},{"created_at":"2020-03-19T04:01:47-07:00","entry_id":77986,"field1":"2","field2":"-2.5"},{"created_at":"2020-03-19T04:11:24-07:00","entry_id":77987,"field1":"2","field2":"-2.4375"},{"created_at":"2020-03-19T04:21:00-07:00","entry_id":77988,"field1":"1.9375","field2":"-2.5625"},{"created_at":"2020-03-19T04:30:37-07:00","entry_id":77989,"field1":"1.9375","field2":"-2.5"},{"created_at":"2020-03-19T04:40:14-07:00","entry_id":77990,"field1":"1.9375","field2":"-2.5625"},{"created_at":"2020-03-19T04:49:50-07:00","entry_id":77991,"field1":"1.9375","field2":"-2.625"},{"created_at":"2020-03-19T04:59:28-07:00","entry_id":77992,"field1":"1.875","field2":"-2.6875"},{"created_at":"2020-03-19T05:09:05-07:00","entry_id":77993,"field1":"1.875","field2":"-2.6875"},{"created_at":"2020-03-19T05:18:41-07:00","entry_id":77994,"field1":"1.875","field2":"-2.875"},{"created_at":"2020-03-19T05:28:18-07:00","entry_id":77995,"field1":"1.8125","field2":"-2.875"},{"created_at":"2020-03-19T05:37:55-07:00","entry_id":77996,"field1":"1.8125","field2":"-3"},{"created_at":"2020-03-19T05:47:32-07:00","entry_id":77997,"field1":"1.75","field2":"-2.8125"},{"created_at":"2020-03-19T05:57:10-07:00","entry_id":77998,"field1":"1.75","field2":"-2.8125"},{"created_at":"2020-03-19T06:06:47-07:00","entry_id":77999,"field1":"1.75","field2":"-2.875"},{"created_at":"2020-03-19T06:16:24-07:00","entry_id":78000,"field1":"1.6875","field2":"-2.6875"},{"created_at":"2020-03-19T06:26:01-07:00","entry_id":78001,"field1":"1.6875","field2":"-2.875"},{"created_at":"2020-03-19T06:35:38-07:00","entry_id":78002,"field1":"1.6875","field2":"-2.9375"},{"created_at":"2020-03-19T06:45:14-07:00","entry_id":78003,"field1":"1.625","field2":"-3.0625"},{"created_at":"2020-03-19T06:54:51-07:00","entry_id":78004,"field1":"1.625","field2":"-3"},{"created_at":"2020-03-19T07:04:29-07:00","entry_id":78005,"field1":"1.5625","field2":"-2.9375"},{"created_at":"2020-03-19T07:14:05-07:00","entry_id":78006,"field1":"1.5625","field2":"-3"},{"created_at":"2020-03-19T07:23:42-07:00","entry_id":78007,"field1":"1.5625","field2":"-2.875"},{"created_at":"2020-03-19T07:33:18-07:00","entry_id":78008,"field1":"1.5","field2":"-2.75"},{"created_at":"2020-03-19T07:42:55-07:00","entry_id":78009,"field1":"1.5","field2":"-2.6875"},{"created_at":"2020-03-19T07:52:32-07:00","entry_id":78010,"field1":"1.5","field2":"-2.625"},{"created_at":"2020-03-19T08:02:10-07:00","entry_id":78011,"field1":"1.5","field2":"-2.5"},{"created_at":"2020-03-19T08:11:46-07:00","entry_id":78012,"field1":"1.4375","field2":"-2.375"},{"created_at":"2020-03-19T08:21:23-07:00","entry_id":78013,"field1":"1.5","field2":"-1.875"},{"created_at":"2020-03-19T08:30:59-07:00","entry_id":78014,"field1":"1.75","field2":"-1.4375"},{"created_at":"2020-03-19T08:40:36-07:00","entry_id":78015,"field1":"1.9375","field2":"-1.0625"},{"created_at":"2020-03-19T08:50:13-07:00","entry_id":78016,"field1":"2.25","field2":"-0.3125"},{"created_at":"2020-03-19T08:59:50-07:00","entry_id":78017,"field1":"2.625","field2":"-0.625"},{"created_at":"2020-03-19T09:09:28-07:00","entry_id":78018,"field1":"3.125","field2":"-0.25"},{"created_at":"2020-03-19T09:19:10-07:00","entry_id":78019,"field1":"3.5","field2":"1.4375"},{"created_at":"2020-03-19T09:28:46-07:00","entry_id":78020,"field1":"3.75","field2":"1.5"},{"created_at":"2020-03-19T09:38:23-07:00","entry_id":78021,"field1":"3.875","field2":"0.625"},{"created_at":"2020-03-19T09:48:00-07:00","entry_id":78022,"field1":"4","field2":"1.25"},{"created_at":"2020-03-19T09:57:37-07:00","entry_id":78023,"field1":"4.25","field2":"0.9375"},{"created_at":"2020-03-19T10:07:14-07:00","entry_id":78024,"field1":"4.4375","field2":"0.3125"},{"created_at":"2020-03-19T10:16:51-07:00","entry_id":78025,"field1":"4.4375","field2":"0"},{"created_at":"2020-03-19T10:26:28-07:00","entry_id":78026,"field1":"4.4375","field2":"0.125"},{"created_at":"2020-03-19T10:36:04-07:00","entry_id":78027,"field1":"4.1875","field2":"0.125"},{"created_at":"2020-03-19T10:45:41-07:00","entry_id":78028,"field1":"4.1875","field2":"0.25"},{"created_at":"2020-03-19T10:55:19-07:00","entry_id":78029,"field1":"4.1875","field2":"0.6875"},{"created_at":"2020-03-19T11:04:57-07:00","entry_id":78030,"field1":"4.3125","field2":"0.8125"},{"created_at":"2020-03-19T11:14:33-07:00","entry_id":78031,"field1":"4.3125","field2":"1.125"},{"created_at":"2020-03-19T11:24:10-07:00","entry_id":78032,"field1":"4.375","field2":"1.3125"},{"created_at":"2020-03-19T11:33:47-07:00","entry_id":78033,"field1":"4.5","field2":"1.3125"},{"created_at":"2020-03-19T11:43:23-07:00","entry_id":78034,"field1":"4.4375","field2":"1.8125"},{"created_at":"2020-03-19T11:53:02-07:00","entry_id":78035,"field1":"4.4375","field2":"1.8125"},{"created_at":"2020-03-19T12:02:39-07:00","entry_id":78036,"field1":"4.25","field2":"1.375"},{"created_at":"2020-03-19T12:12:16-07:00","entry_id":78037,"field1":"4.3125","field2":"1.125"},{"created_at":"2020-03-19T12:21:52-07:00","entry_id":78038,"field1":"4.4375","field2":"1.5"},{"created_at":"2020-03-19T12:31:30-07:00","entry_id":78039,"field1":"4.5","field2":"2"},{"created_at":"2020-03-19T12:41:07-07:00","entry_id":78040,"field1":"4.375","field2":"2.375"},{"created_at":"2020-03-19T12:50:44-07:00","entry_id":78041,"field1":"4.375","field2":"2.0625"},{"created_at":"2020-03-19T13:00:21-07:00","entry_id":78042,"field1":"4.3125","field2":"2.1875"},{"created_at":"2020-03-19T13:09:57-07:00","entry_id":78043,"field1":"4.3125","field2":"2.3125"},{"created_at":"2020-03-19T13:19:35-07:00","entry_id":78044,"field1":"4.3125","field2":"2.5625"},{"created_at":"2020-03-19T13:29:12-07:00","entry_id":78045,"field1":"4.3125","field2":"2.875"},{"created_at":"2020-03-19T13:38:49-07:00","entry_id":78046,"field1":"4.375","field2":"3.25"},{"created_at":"2020-03-19T13:48:26-07:00","entry_id":78047,"field1":"4.375","field2":"3.125"},{"created_at":"2020-03-19T13:58:03-07:00","entry_id":78048,"field1":"4.375","field2":"3.3125"},{"created_at":"2020-03-19T14:07:40-07:00","entry_id":78049,"field1":"4.4375","field2":"4"},{"created_at":"2020-03-19T14:17:17-07:00","entry_id":78050,"field1":"4.4375","field2":"4.1875"},{"created_at":"2020-03-19T14:26:55-07:00","entry_id":78051,"field1":"4.4375","field2":"4.125"},{"created_at":"2020-03-19T14:36:28-07:00","entry_id":78052,"field1":"4.4375","field2":"4.4375"},{"created_at":"2020-03-19T14:46:06-07:00","entry_id":78053,"field1":"4.4375","field2":"3.875"},{"created_at":"2020-03-19T14:55:43-07:00","entry_id":78054,"field1":"4.375","field2":"3.9375"},{"created_at":"2020-03-19T15:05:19-07:00","entry_id":78055,"field1":"4.375","field2":"4.1875"},{"created_at":"2020-03-19T15:14:57-07:00","entry_id":78056,"field1":"4.375","field2":"4.3125"},{"created_at":"2020-03-19T15:24:34-07:00","entry_id":78057,"field1":"4.375","field2":"3.8125"},{"created_at":"2020-03-19T15:34:11-07:00","entry_id":78058,"field1":"4.3125","field2":"3.5625"},{"created_at":"2020-03-19T15:43:48-07:00","entry_id":78059,"field1":"4.3125","field2":"3.5"},{"created_at":"2020-03-19T15:53:25-07:00","entry_id":78060,"field1":"4.3125","field2":"3.3125"},{"created_at":"2020-03-19T16:03:03-07:00","entry_id":78061,"field1":"4.3125","field2":"3.25"},{"created_at":"2020-03-19T16:12:40-07:00","entry_id":78062,"field1":"4.25","field2":"3.1875"},{"created_at":"2020-03-19T16:22:17-07:00","entry_id":78063,"field1":"4.25","field2":"3.3125"},{"created_at":"2020-03-19T16:31:59-07:00","entry_id":78064,"field1":"4.1875","field2":"3.25"},{"created_at":"2020-03-19T16:41:34-07:00","entry_id":78065,"field1":"4.1875","field2":"3"},{"created_at":"2020-03-19T16:51:11-07:00","entry_id":78066,"field1":"4.125","field2":"3.125"},{"created_at":"2020-03-19T17:00:48-07:00","entry_id":78067,"field1":"4.125","field2":"3.125"},{"created_at":"2020-03-19T17:10:25-07:00","entry_id":78068,"field1":"4.125","field2":"2.8125"},{"created_at":"2020-03-19T17:20:02-07:00","entry_id":78069,"field1":"4.125","field2":"2.625"},{"created_at":"2020-03-19T17:29:38-07:00","entry_id":78070,"field1":"4.0625","field2":"2.6875"},{"created_at":"2020-03-19T17:39:15-07:00","entry_id":78071,"field1":"4.0625","field2":"2.625"},{"created_at":"2020-03-19T17:49:10-07:00","entry_id":78072,"field1":"4.0625","field2":"2.625"},{"created_at":"2020-03-19T17:58:42-07:00","entry_id":78073,"field1":"4","field2":"2.6875"},{"created_at":"2020-03-19T18:08:19-07:00","entry_id":78074,"field1":"3.9375","field2":"2.5625"},{"created_at":"2020-03-19T18:17:55-07:00","entry_id":78075,"field1":"3.9375","field2":"2.5"},{"created_at":"2020-03-19T18:27:32-07:00","entry_id":78076,"field1":"3.9375","field2":"2.125"},{"created_at":"2020-03-19T18:37:09-07:00","entry_id":78077,"field1":"3.9375","field2":"2"},{"created_at":"2020-03-19T18:46:46-07:00","entry_id":78078,"field1":"3.875","field2":"1.9375"},{"created_at":"2020-03-19T18:56:23-07:00","entry_id":78079,"field1":"3.875","field2":"1.75"},{"created_at":"2020-03-19T19:06:01-07:00","entry_id":78080,"field1":"3.8125","field2":"1.5625"},{"created_at":"2020-03-19T19:15:38-07:00","entry_id":78081,"field1":"3.8125","field2":"1.5"},{"created_at":"2020-03-19T19:25:14-07:00","entry_id":78082,"field1":"3.75","field2":"1.625"},{"created_at":"2020-03-19T19:34:51-07:00","entry_id":78083,"field1":"3.75","field2":"1.4375"},{"created_at":"2020-03-19T19:44:28-07:00","entry_id":78084,"field1":"3.75","field2":"1.375"},{"created_at":"2020-03-19T19:54:05-07:00","entry_id":78085,"field1":"3.6875","field2":"1.25"},{"created_at":"2020-03-19T20:03:43-07:00","entry_id":78086,"field1":"3.75","field2":"1.25"},{"created_at":"2020-03-19T20:13:20-07:00","entry_id":78087,"field1":"3.6875","field2":"1.1875"},{"created_at":"2020-03-19T20:22:57-07:00","entry_id":78088,"field1":"3.6875","field2":"1.25"},{"created_at":"2020-03-19T20:32:34-07:00","entry_id":78089,"field1":"3.6875","field2":"1.125"},{"created_at":"2020-03-19T20:42:11-07:00","entry_id":78090,"field1":"3.625","field2":"1"},{"created_at":"2020-03-19T20:51:47-07:00","entry_id":78091,"field1":"3.625","field2":"0.875"},{"created_at":"2020-03-19T21:01:25-07:00","entry_id":78092,"field1":"3.5625","field2":"1.0625"},{"created_at":"2020-03-19T21:11:02-07:00","entry_id":78093,"field1":"3.5625","field2":"0.9375"},{"created_at":"2020-03-19T21:20:39-07:00","entry_id":78094,"field1":"3.5625","field2":"0.875"},{"created_at":"2020-03-19T21:30:16-07:00","entry_id":78095,"field1":"3.5","field2":"0.625"},{"created_at":"2020-03-19T21:39:53-07:00","entry_id":78096,"field1":"3.5","field2":"0.5"},{"created_at":"2020-03-19T21:49:30-07:00","entry_id":78097,"field1":"3.4375","field2":"0.5"},{"created_at":"2020-03-19T21:59:06-07:00","entry_id":78098,"field1":"3.4375","field2":"0.5625"},{"created_at":"2020-03-19T22:08:43-07:00","entry_id":78099,"field1":"3.4375","field2":"0.5625"},{"created_at":"2020-03-19T22:18:21-07:00","entry_id":78100,"field1":"3.375","field2":"0.3125"},{"created_at":"2020-03-19T22:27:57-07:00","entry_id":78101,"field1":"3.375","field2":"0.25"},{"created_at":"2020-03-19T22:37:34-07:00","entry_id":78102,"field1":"3.375","field2":"0.125"},{"created_at":"2020-03-19T22:47:11-07:00","entry_id":78103,"field1":"3.3125","field2":"0"},{"created_at":"2020-03-19T22:56:47-07:00","entry_id":78104,"field1":"3.3125","field2":"-0.125"},{"created_at":"2020-03-19T23:06:25-07:00","entry_id":78105,"field1":"3.25","field2":"-0.1875"},{"created_at":"2020-03-19T23:16:02-07:00","entry_id":78106,"field1":"3.25","field2":"-0.25"},{"created_at":"2020-03-19T23:25:39-07:00","entry_id":78107,"field1":"3.25","field2":"-0.375"},{"created_at":"2020-03-19T23:35:16-07:00","entry_id":78108,"field1":"3.1875","field2":"-0.5"},{"created_at":"2020-03-19T23:44:53-07:00","entry_id":78109,"field1":"3.1875","field2":"-0.5625"},{"created_at":"2020-03-19T23:54:30-07:00","entry_id":78110,"field1":"3.125","field2":"-0.6875"}]}