{"channel":{"id":581842,"name":"Upstairs Small Window Indoor / Outdoor Sensor","latitude":"0.0","longitude":"0.0","field1":"Indoor Temperature","field2":"Outdoor Temperature","created_at":"2018-09-23T15:37:52-07:00","updated_at":"2020-07-27T05:59:41-07:00","last_entry_id":150129},"feeds":[{"created_at":"2020-02-03T00:03:00-08:00","entry_id":71352,"field1":"0.5625","field2":"-1.6875"},{"created_at":"2020-02-03T00:12:37-08:00","entry_id":71353,"field1":"0.5625","field2":"-1.8125"},{"created_at":"2020-02-03T00:22:13-08:00","entry_id":71354,"field1":"0.5625","field2":"-1.6875"},{"created_at":"2020-02-03T00:31:51-08:00","entry_id":71355,"field1":"0.5625","field2":"-1.6875"},{"created_at":"2020-02-03T00:41:28-08:00","entry_id":71356,"field1":"0.5625","field2":"-1.875"},{"created_at":"2020-02-03T00:51:05-08:00","entry_id":71357,"field1":"0.5","field2":"-1.9375"},{"created_at":"2020-02-03T01:00:41-08:00","entry_id":71358,"field1":"0.5","field2":"-1.875"},{"created_at":"2020-02-03T01:10:18-08:00","entry_id":71359,"field1":"0.5","field2":"-1.9375"},{"created_at":"2020-02-03T01:19:55-08:00","entry_id":71360,"field1":"0.5","field2":"-1.9375"},{"created_at":"2020-02-03T01:29:32-08:00","entry_id":71361,"field1":"0.5","field2":"-1.875"},{"created_at":"2020-02-03T01:39:09-08:00","entry_id":71362,"field1":"0.5","field2":"-1.4375"},{"created_at":"2020-02-03T01:48:46-08:00","entry_id":71363,"field1":"0.5","field2":"-1.625"},{"created_at":"2020-02-03T01:58:23-08:00","entry_id":71364,"field1":"0.4375","field2":"-1.75"},{"created_at":"2020-02-03T02:08:03-08:00","entry_id":71365,"field1":"0.4375","field2":"-1.75"},{"created_at":"2020-02-03T02:17:38-08:00","entry_id":71366,"field1":"0.4375","field2":"-1.75"},{"created_at":"2020-02-03T02:27:15-08:00","entry_id":71367,"field1":"0.4375","field2":"-1.6875"},{"created_at":"2020-02-03T02:36:51-08:00","entry_id":71368,"field1":"0.4375","field2":"-1.75"},{"created_at":"2020-02-03T02:46:28-08:00","entry_id":71369,"field1":"0.4375","field2":"-1.8125"},{"created_at":"2020-02-03T02:56:05-08:00","entry_id":71370,"field1":"0.4375","field2":"-1.8125"},{"created_at":"2020-02-03T03:05:42-08:00","entry_id":71371,"field1":"0.375","field2":"-1.875"},{"created_at":"2020-02-03T03:15:19-08:00","entry_id":71372,"field1":"0.375","field2":"-1.875"},{"created_at":"2020-02-03T03:24:56-08:00","entry_id":71373,"field1":"0.375","field2":"-1.9375"},{"created_at":"2020-02-03T03:34:32-08:00","entry_id":71374,"field1":"0.375","field2":"-1.875"},{"created_at":"2020-02-03T03:44:10-08:00","entry_id":71375,"field1":"0.375","field2":"-2"},{"created_at":"2020-02-03T03:53:47-08:00","entry_id":71376,"field1":"0.375","field2":"-2"},{"created_at":"2020-02-03T04:03:24-08:00","entry_id":71377,"field1":"0.375","field2":"-2"},{"created_at":"2020-02-03T04:13:01-08:00","entry_id":71378,"field1":"0.3125","field2":"-2.125"},{"created_at":"2020-02-03T04:22:37-08:00","entry_id":71379,"field1":"0.3125","field2":"-2.0625"},{"created_at":"2020-02-03T04:32:15-08:00","entry_id":71380,"field1":"0.3125","field2":"-2.125"},{"created_at":"2020-02-03T04:41:51-08:00","entry_id":71381,"field1":"0.3125","field2":"-2.3125"},{"created_at":"2020-02-03T04:51:28-08:00","entry_id":71382,"field1":"0.3125","field2":"-2.375"},{"created_at":"2020-02-03T05:01:04-08:00","entry_id":71383,"field1":"0.25","field2":"-2.4375"},{"created_at":"2020-02-03T05:10:41-08:00","entry_id":71384,"field1":"0.25","field2":"-2.5"},{"created_at":"2020-02-03T05:20:18-08:00","entry_id":71385,"field1":"0.25","field2":"-2.5625"},{"created_at":"2020-02-03T05:29:58-08:00","entry_id":71386,"field1":"0.25","field2":"-2.75"},{"created_at":"2020-02-03T05:39:33-08:00","entry_id":71387,"field1":"0.25","field2":"-2.8125"},{"created_at":"2020-02-03T05:49:10-08:00","entry_id":71388,"field1":"0.25","field2":"-2.9375"},{"created_at":"2020-02-03T05:58:47-08:00","entry_id":71389,"field1":"0.1875","field2":"-3"},{"created_at":"2020-02-03T06:08:23-08:00","entry_id":71390,"field1":"0.1875","field2":"-3.0625"},{"created_at":"2020-02-03T06:18:00-08:00","entry_id":71391,"field1":"0.1875","field2":"-3.25"},{"created_at":"2020-02-03T06:27:37-08:00","entry_id":71392,"field1":"0.1875","field2":"-3.1875"},{"created_at":"2020-02-03T06:37:14-08:00","entry_id":71393,"field1":"0.1875","field2":"-3.5"},{"created_at":"2020-02-03T06:46:51-08:00","entry_id":71394,"field1":"0.125","field2":"-3.6875"},{"created_at":"2020-02-03T06:56:28-08:00","entry_id":71395,"field1":"0.125","field2":"-3.75"},{"created_at":"2020-02-03T07:06:05-08:00","entry_id":71396,"field1":"0.125","field2":"-3.9375"},{"created_at":"2020-02-03T07:15:41-08:00","entry_id":71397,"field1":"0.0625","field2":"-4.0625"},{"created_at":"2020-02-03T07:25:18-08:00","entry_id":71398,"field1":"0.0625","field2":"-4"},{"created_at":"2020-02-03T07:34:55-08:00","entry_id":71399,"field1":"0.0625","field2":"-3.875"},{"created_at":"2020-02-03T07:44:33-08:00","entry_id":71400,"field1":"0","field2":"-3.875"},{"created_at":"2020-02-03T07:54:09-08:00","entry_id":71401,"field1":"0","field2":"-3.75"},{"created_at":"2020-02-03T08:03:51-08:00","entry_id":71402,"field1":"0","field2":"-3.875"},{"created_at":"2020-02-03T08:13:26-08:00","entry_id":71403,"field1":"0","field2":"-4"},{"created_at":"2020-02-03T08:23:03-08:00","entry_id":71404,"field1":"0","field2":"-4"},{"created_at":"2020-02-03T08:32:39-08:00","entry_id":71405,"field1":"0","field2":"-3.8125"},{"created_at":"2020-02-03T08:42:16-08:00","entry_id":71406,"field1":"0","field2":"-3.125"},{"created_at":"2020-02-03T08:51:53-08:00","entry_id":71407,"field1":"0.0625","field2":"-2.6875"},{"created_at":"2020-02-03T09:01:29-08:00","entry_id":71408,"field1":"0.0625","field2":"-2.3125"},{"created_at":"2020-02-03T09:11:06-08:00","entry_id":71409,"field1":"0.125","field2":"-1.6875"},{"created_at":"2020-02-03T09:20:44-08:00","entry_id":71410,"field1":"0.125","field2":"-2.0625"},{"created_at":"2020-02-03T09:30:20-08:00","entry_id":71411,"field1":"0.125","field2":"-2.5625"},{"created_at":"2020-02-03T09:39:57-08:00","entry_id":71412,"field1":"0.125","field2":"-2.375"},{"created_at":"2020-02-03T09:49:34-08:00","entry_id":71413,"field1":"0.25","field2":"-0.75"},{"created_at":"2020-02-03T09:59:10-08:00","entry_id":71414,"field1":"0.3125","field2":"-2"},{"created_at":"2020-02-03T10:08:47-08:00","entry_id":71415,"field1":"0.5","field2":"-0.75"},{"created_at":"2020-02-03T10:18:24-08:00","entry_id":71416,"field1":"0.9375","field2":"0.125"},{"created_at":"2020-02-03T10:28:02-08:00","entry_id":71417,"field1":"1.4375","field2":"-0.6875"},{"created_at":"2020-02-03T10:37:39-08:00","entry_id":71418,"field1":"1.625","field2":"-0.4375"},{"created_at":"2020-02-03T10:47:16-08:00","entry_id":71419,"field1":"2","field2":"-0.625"},{"created_at":"2020-02-03T10:56:53-08:00","entry_id":71420,"field1":"1.9375","field2":"-1.0625"},{"created_at":"2020-02-03T11:06:30-08:00","entry_id":71421,"field1":"1.8125","field2":"-1.0625"},{"created_at":"2020-02-03T11:16:06-08:00","entry_id":71422,"field1":"1.75","field2":"-1.125"},{"created_at":"2020-02-03T11:25:43-08:00","entry_id":71423,"field1":"1.625","field2":"-0.9375"},{"created_at":"2020-02-03T11:35:24-08:00","entry_id":71424,"field1":"1.375","field2":"-0.9375"},{"created_at":"2020-02-03T11:44:59-08:00","entry_id":71425,"field1":"1.125","field2":"-0.5"},{"created_at":"2020-02-03T11:54:36-08:00","entry_id":71426,"field1":"1.125","field2":"-0.4375"},{"created_at":"2020-02-03T12:04:13-08:00","entry_id":71427,"field1":"1","field2":"-0.3125"},{"created_at":"2020-02-03T12:13:50-08:00","entry_id":71428,"field1":"1","field2":"-0.5625"},{"created_at":"2020-02-03T12:23:27-08:00","entry_id":71429,"field1":"1","field2":"-0.6875"},{"created_at":"2020-02-03T12:33:01-08:00","entry_id":71430,"field1":"1.25","field2":"-0.6875"},{"created_at":"2020-02-03T12:42:38-08:00","entry_id":71431,"field1":"1.25","field2":"-0.6875"},{"created_at":"2020-02-03T12:52:14-08:00","entry_id":71432,"field1":"1.25","field2":"-0.8125"},{"created_at":"2020-02-03T13:01:51-08:00","entry_id":71433,"field1":"1.25","field2":"-0.5625"},{"created_at":"2020-02-03T13:11:28-08:00","entry_id":71434,"field1":"1.25","field2":"-0.625"},{"created_at":"2020-02-03T13:21:04-08:00","entry_id":71435,"field1":"1.1875","field2":"-0.5"},{"created_at":"2020-02-03T13:30:41-08:00","entry_id":71436,"field1":"1.1875","field2":"-0.5625"},{"created_at":"2020-02-03T13:40:18-08:00","entry_id":71437,"field1":"1.1875","field2":"-0.625"},{"created_at":"2020-02-03T13:49:55-08:00","entry_id":71438,"field1":"1.125","field2":"-0.625"},{"created_at":"2020-02-03T13:59:31-08:00","entry_id":71439,"field1":"1.125","field2":"-0.75"},{"created_at":"2020-02-03T14:09:09-08:00","entry_id":71440,"field1":"1.0625","field2":"-0.8125"},{"created_at":"2020-02-03T14:18:45-08:00","entry_id":71441,"field1":"1.0625","field2":"-0.6875"},{"created_at":"2020-02-03T14:28:21-08:00","entry_id":71442,"field1":"1.0625","field2":"-0.875"},{"created_at":"2020-02-03T14:37:58-08:00","entry_id":71443,"field1":"1.0625","field2":"-0.5625"},{"created_at":"2020-02-03T14:47:35-08:00","entry_id":71444,"field1":"1","field2":"-0.5625"},{"created_at":"2020-02-03T14:57:12-08:00","entry_id":71445,"field1":"1","field2":"-0.5"},{"created_at":"2020-02-03T15:06:49-08:00","entry_id":71446,"field1":"1","field2":"-0.6875"},{"created_at":"2020-02-03T15:16:27-08:00","entry_id":71447,"field1":"0.9375","field2":"-0.75"},{"created_at":"2020-02-03T15:26:03-08:00","entry_id":71448,"field1":"0.9375","field2":"-0.625"},{"created_at":"2020-02-03T15:35:40-08:00","entry_id":71449,"field1":"0.9375","field2":"-1.1875"},{"created_at":"2020-02-03T15:45:17-08:00","entry_id":71450,"field1":"0.875","field2":"-1.25"},{"created_at":"2020-02-03T15:54:54-08:00","entry_id":71451,"field1":"0.875","field2":"-1.4375"},{"created_at":"2020-02-03T16:04:31-08:00","entry_id":71452,"field1":"0.875","field2":"-1.5"},{"created_at":"2020-02-03T16:14:09-08:00","entry_id":71453,"field1":"0.875","field2":"-1.625"},{"created_at":"2020-02-03T16:23:45-08:00","entry_id":71454,"field1":"0.875","field2":"-1.6875"},{"created_at":"2020-02-03T16:33:27-08:00","entry_id":71455,"field1":"0.8125","field2":"-1.75"},{"created_at":"2020-02-03T16:43:01-08:00","entry_id":71456,"field1":"0.8125","field2":"-1.875"},{"created_at":"2020-02-03T16:52:39-08:00","entry_id":71457,"field1":"0.75","field2":"-2"},{"created_at":"2020-02-03T17:02:15-08:00","entry_id":71458,"field1":"0.75","field2":"-2.125"},{"created_at":"2020-02-03T17:11:54-08:00","entry_id":71459,"field1":"0.6875","field2":"-2.25"},{"created_at":"2020-02-03T17:21:30-08:00","entry_id":71460,"field1":"0.6875","field2":"-2.3125"},{"created_at":"2020-02-03T17:31:06-08:00","entry_id":71461,"field1":"0.625","field2":"-2.4375"},{"created_at":"2020-02-03T17:40:43-08:00","entry_id":71462,"field1":"0.625","field2":"-2.5"},{"created_at":"2020-02-03T17:50:19-08:00","entry_id":71463,"field1":"0.625","field2":"-2.625"},{"created_at":"2020-02-03T17:59:56-08:00","entry_id":71464,"field1":"0.5625","field2":"-2.6875"},{"created_at":"2020-02-03T18:09:33-08:00","entry_id":71465,"field1":"0.5625","field2":"-2.9375"},{"created_at":"2020-02-03T18:19:09-08:00","entry_id":71466,"field1":"0.5625","field2":"-3"},{"created_at":"2020-02-03T18:28:46-08:00","entry_id":71467,"field1":"0.5","field2":"-3.25"},{"created_at":"2020-02-03T18:38:23-08:00","entry_id":71468,"field1":"0.5","field2":"-3.375"},{"created_at":"2020-02-03T18:48:00-08:00","entry_id":71469,"field1":"0.4375","field2":"-3.5"},{"created_at":"2020-02-03T18:57:36-08:00","entry_id":71470,"field1":"0.4375","field2":"-3.625"},{"created_at":"2020-02-03T19:07:14-08:00","entry_id":71471,"field1":"0.4375","field2":"-3.75"},{"created_at":"2020-02-03T19:16:52-08:00","entry_id":71472,"field1":"0.375","field2":"-3.875"},{"created_at":"2020-02-03T19:26:28-08:00","entry_id":71473,"field1":"0.375","field2":"-4.1875"},{"created_at":"2020-02-03T19:36:05-08:00","entry_id":71474,"field1":"0.3125","field2":"-4.3125"},{"created_at":"2020-02-03T19:45:41-08:00","entry_id":71475,"field1":"0.3125","field2":"-4.5"},{"created_at":"2020-02-03T19:55:18-08:00","entry_id":71476,"field1":"0.3125","field2":"-4.4375"},{"created_at":"2020-02-03T20:04:54-08:00","entry_id":71477,"field1":"0.25","field2":"-4.6875"},{"created_at":"2020-02-03T20:14:33-08:00","entry_id":71478,"field1":"0.25","field2":"-4.8125"},{"created_at":"2020-02-03T20:24:09-08:00","entry_id":71479,"field1":"0.1875","field2":"-4.8125"},{"created_at":"2020-02-03T20:33:46-08:00","entry_id":71480,"field1":"0.1875","field2":"-4.9375"},{"created_at":"2020-02-03T20:43:22-08:00","entry_id":71481,"field1":"0.1875","field2":"-5.125"},{"created_at":"2020-02-03T20:53:03-08:00","entry_id":71482,"field1":"0.125","field2":"-5.375"},{"created_at":"2020-02-03T21:02:37-08:00","entry_id":71483,"field1":"0.125","field2":"-5.375"},{"created_at":"2020-02-03T21:12:13-08:00","entry_id":71484,"field1":"0.0625","field2":"-5.3125"},{"created_at":"2020-02-03T21:21:51-08:00","entry_id":71485,"field1":"0.0625","field2":"-5.375"},{"created_at":"2020-02-03T21:31:28-08:00","entry_id":71486,"field1":"0.0625","field2":"-5.8125"},{"created_at":"2020-02-03T21:41:04-08:00","entry_id":71487,"field1":"0","field2":"-5.8125"},{"created_at":"2020-02-03T21:50:42-08:00","entry_id":71488,"field1":"0","field2":"-6"},{"created_at":"2020-02-03T22:00:18-08:00","entry_id":71489,"field1":"-0.0625","field2":"-5.6875"},{"created_at":"2020-02-03T22:09:56-08:00","entry_id":71490,"field1":"-0.0625","field2":"-5.6875"},{"created_at":"2020-02-03T22:19:32-08:00","entry_id":71491,"field1":"-0.125","field2":"-5.75"},{"created_at":"2020-02-03T22:29:09-08:00","entry_id":71492,"field1":"-0.125","field2":"-6.1875"},{"created_at":"2020-02-03T22:38:46-08:00","entry_id":71493,"field1":"-0.1875","field2":"-5.9375"},{"created_at":"2020-02-03T22:48:24-08:00","entry_id":71494,"field1":"-0.1875","field2":"-5.9375"},{"created_at":"2020-02-03T22:58:00-08:00","entry_id":71495,"field1":"-0.25","field2":"-6.125"},{"created_at":"2020-02-03T23:07:37-08:00","entry_id":71496,"field1":"-0.25","field2":"-6.375"},{"created_at":"2020-02-03T23:17:14-08:00","entry_id":71497,"field1":"-0.3125","field2":"-6.1875"},{"created_at":"2020-02-03T23:26:50-08:00","entry_id":71498,"field1":"-0.3125","field2":"-6.125"},{"created_at":"2020-02-03T23:36:27-08:00","entry_id":71499,"field1":"-0.375","field2":"-6.9375"},{"created_at":"2020-02-03T23:46:04-08:00","entry_id":71500,"field1":"-0.375","field2":"-6.4375"},{"created_at":"2020-02-03T23:55:41-08:00","entry_id":71501,"field1":"-0.4375","field2":"-6.6875"}]}