{"channel":{"id":581842,"name":"Upstairs Small Window Indoor / Outdoor Sensor","latitude":"0.0","longitude":"0.0","field1":"Indoor Temperature","field2":"Outdoor Temperature","created_at":"2018-09-23T15:37:52-07:00","updated_at":"2020-07-27T05:59:41-07:00","last_entry_id":150129},"feeds":[{"created_at":"2021-01-15T00:02:00-08:00","entry_id":120322,"field1":"2.1875","field2":"-0.9375"},{"created_at":"2021-01-15T00:11:35-08:00","entry_id":120323,"field1":"2.1875","field2":"-0.875"},{"created_at":"2021-01-15T00:21:13-08:00","entry_id":120324,"field1":"2.125","field2":"-0.6875"},{"created_at":"2021-01-15T00:30:50-08:00","entry_id":120325,"field1":"2.1875","field2":"-0.5625"},{"created_at":"2021-01-15T00:40:27-08:00","entry_id":120326,"field1":"2.125","field2":"-0.5"},{"created_at":"2021-01-15T00:50:04-08:00","entry_id":120327,"field1":"2.125","field2":"-0.4375"},{"created_at":"2021-01-15T00:59:39-08:00","entry_id":120328,"field1":"2.125","field2":"-0.4375"},{"created_at":"2021-01-15T01:09:15-08:00","entry_id":120329,"field1":"2.0625","field2":"-0.5"},{"created_at":"2021-01-15T01:18:54-08:00","entry_id":120330,"field1":"2.0625","field2":"-0.4375"},{"created_at":"2021-01-15T01:28:28-08:00","entry_id":120331,"field1":"2.0625","field2":"-0.375"},{"created_at":"2021-01-15T01:38:04-08:00","entry_id":120332,"field1":"2.0625","field2":"-0.3125"},{"created_at":"2021-01-15T01:47:40-08:00","entry_id":120333,"field1":"2.0625","field2":"-0.3125"},{"created_at":"2021-01-15T01:57:18-08:00","entry_id":120334,"field1":"2","field2":"-0.3125"},{"created_at":"2021-01-15T02:06:53-08:00","entry_id":120335,"field1":"2","field2":"-0.375"},{"created_at":"2021-01-15T02:16:31-08:00","entry_id":120336,"field1":"2","field2":"-0.3125"},{"created_at":"2021-01-15T02:26:08-08:00","entry_id":120337,"field1":"2","field2":"-0.3125"},{"created_at":"2021-01-15T02:35:44-08:00","entry_id":120338,"field1":"2","field2":"-0.3125"},{"created_at":"2021-01-15T02:45:20-08:00","entry_id":120339,"field1":"2","field2":"-0.1875"},{"created_at":"2021-01-15T02:54:57-08:00","entry_id":120340,"field1":"2","field2":"-0.1875"},{"created_at":"2021-01-15T03:04:34-08:00","entry_id":120341,"field1":"1.9375","field2":"-0.3125"},{"created_at":"2021-01-15T03:14:09-08:00","entry_id":120342,"field1":"1.9375","field2":"-0.3125"},{"created_at":"2021-01-15T03:23:47-08:00","entry_id":120343,"field1":"1.9375","field2":"-0.25"},{"created_at":"2021-01-15T03:33:21-08:00","entry_id":120344,"field1":"1.9375","field2":"-0.1875"},{"created_at":"2021-01-15T03:42:59-08:00","entry_id":120345,"field1":"1.9375","field2":"-0.1875"},{"created_at":"2021-01-15T03:52:35-08:00","entry_id":120346,"field1":"1.9375","field2":"-0.1875"},{"created_at":"2021-01-15T04:02:12-08:00","entry_id":120347,"field1":"1.9375","field2":"-0.1875"},{"created_at":"2021-01-15T04:11:47-08:00","entry_id":120348,"field1":"1.9375","field2":"-0.125"},{"created_at":"2021-01-15T04:21:25-08:00","entry_id":120349,"field1":"1.9375","field2":"-0.25"},{"created_at":"2021-01-15T04:31:01-08:00","entry_id":120350,"field1":"1.875","field2":"-0.25"},{"created_at":"2021-01-15T04:40:38-08:00","entry_id":120351,"field1":"1.875","field2":"-0.25"},{"created_at":"2021-01-15T04:50:15-08:00","entry_id":120352,"field1":"1.875","field2":"-0.3125"},{"created_at":"2021-01-15T04:59:52-08:00","entry_id":120353,"field1":"1.875","field2":"-0.25"},{"created_at":"2021-01-15T05:09:29-08:00","entry_id":120354,"field1":"1.875","field2":"-0.125"},{"created_at":"2021-01-15T05:19:05-08:00","entry_id":120355,"field1":"1.875","field2":"-0.25"},{"created_at":"2021-01-15T05:28:42-08:00","entry_id":120356,"field1":"1.875","field2":"-0.1875"},{"created_at":"2021-01-15T05:38:19-08:00","entry_id":120357,"field1":"1.875","field2":"-0.1875"},{"created_at":"2021-01-15T05:47:56-08:00","entry_id":120358,"field1":"1.875","field2":"-0.125"},{"created_at":"2021-01-15T05:57:33-08:00","entry_id":120359,"field1":"1.8125","field2":"-0.0625"},{"created_at":"2021-01-15T06:07:10-08:00","entry_id":120360,"field1":"1.8125","field2":"-0.125"},{"created_at":"2021-01-15T06:16:45-08:00","entry_id":120361,"field1":"1.8125","field2":"-0.0625"},{"created_at":"2021-01-15T06:26:22-08:00","entry_id":120362,"field1":"1.8125","field2":"-0.0625"},{"created_at":"2021-01-15T06:35:59-08:00","entry_id":120363,"field1":"1.8125","field2":"-0.125"},{"created_at":"2021-01-15T06:45:36-08:00","entry_id":120364,"field1":"1.8125","field2":"-0.125"},{"created_at":"2021-01-15T06:55:13-08:00","entry_id":120365,"field1":"1.8125","field2":"-0.0625"},{"created_at":"2021-01-15T07:04:48-08:00","entry_id":120366,"field1":"1.8125","field2":"-0.0625"},{"created_at":"2021-01-15T07:14:26-08:00","entry_id":120367,"field1":"1.8125","field2":"0"},{"created_at":"2021-01-15T07:24:03-08:00","entry_id":120368,"field1":"1.75","field2":"0"},{"created_at":"2021-01-15T07:33:39-08:00","entry_id":120369,"field1":"1.8125","field2":"0"},{"created_at":"2021-01-15T07:43:15-08:00","entry_id":120370,"field1":"1.8125","field2":"0"},{"created_at":"2021-01-15T07:52:53-08:00","entry_id":120371,"field1":"1.8125","field2":"-0.0625"},{"created_at":"2021-01-15T08:02:29-08:00","entry_id":120372,"field1":"1.75","field2":"0"},{"created_at":"2021-01-15T08:12:06-08:00","entry_id":120373,"field1":"1.75","field2":"0.0625"},{"created_at":"2021-01-15T08:21:43-08:00","entry_id":120374,"field1":"1.75","field2":"0.0625"},{"created_at":"2021-01-15T08:31:18-08:00","entry_id":120375,"field1":"1.75","field2":"0.0625"},{"created_at":"2021-01-15T08:40:54-08:00","entry_id":120376,"field1":"1.75","field2":"0.125"},{"created_at":"2021-01-15T08:50:32-08:00","entry_id":120377,"field1":"1.75","field2":"0.125"},{"created_at":"2021-01-15T09:00:09-08:00","entry_id":120378,"field1":"1.75","field2":"0.1875"},{"created_at":"2021-01-15T09:09:45-08:00","entry_id":120379,"field1":"1.75","field2":"0.1875"},{"created_at":"2021-01-15T09:19:23-08:00","entry_id":120380,"field1":"1.75","field2":"0.25"},{"created_at":"2021-01-15T09:28:58-08:00","entry_id":120381,"field1":"1.75","field2":"0.3125"},{"created_at":"2021-01-15T09:38:36-08:00","entry_id":120382,"field1":"1.75","field2":"0.4375"},{"created_at":"2021-01-15T09:48:13-08:00","entry_id":120383,"field1":"1.75","field2":"0.5"},{"created_at":"2021-01-15T09:57:48-08:00","entry_id":120384,"field1":"1.75","field2":"0.75"},{"created_at":"2021-01-15T10:07:26-08:00","entry_id":120385,"field1":"1.75","field2":"0.9375"},{"created_at":"2021-01-15T10:17:01-08:00","entry_id":120386,"field1":"1.75","field2":"1.1875"},{"created_at":"2021-01-15T10:26:39-08:00","entry_id":120387,"field1":"1.75","field2":"1.1875"},{"created_at":"2021-01-15T10:36:14-08:00","entry_id":120388,"field1":"1.75","field2":"1.4375"},{"created_at":"2021-01-15T10:45:52-08:00","entry_id":120389,"field1":"1.8125","field2":"1.5"},{"created_at":"2021-01-15T10:55:27-08:00","entry_id":120390,"field1":"1.8125","field2":"1.5625"},{"created_at":"2021-01-15T11:05:05-08:00","entry_id":120391,"field1":"1.8125","field2":"1.4375"},{"created_at":"2021-01-15T11:14:40-08:00","entry_id":120392,"field1":"1.875","field2":"1.4375"},{"created_at":"2021-01-15T11:24:18-08:00","entry_id":120393,"field1":"1.875","field2":"1.5"},{"created_at":"2021-01-15T11:33:53-08:00","entry_id":120394,"field1":"1.9375","field2":"1.5625"},{"created_at":"2021-01-15T11:43:32-08:00","entry_id":120395,"field1":"1.9375","field2":"1.5625"},{"created_at":"2021-01-15T11:53:09-08:00","entry_id":120396,"field1":"1.9375","field2":"1.5625"},{"created_at":"2021-01-15T12:02:45-08:00","entry_id":120397,"field1":"1.9375","field2":"1.5625"},{"created_at":"2021-01-15T12:12:22-08:00","entry_id":120398,"field1":"1.9375","field2":"1.625"},{"created_at":"2021-01-15T12:22:00-08:00","entry_id":120399,"field1":"1.9375","field2":"1.625"},{"created_at":"2021-01-15T12:31:35-08:00","entry_id":120400,"field1":"2","field2":"1.75"},{"created_at":"2021-01-15T12:41:11-08:00","entry_id":120401,"field1":"2","field2":"1.75"},{"created_at":"2021-01-15T12:50:49-08:00","entry_id":120402,"field1":"2","field2":"1.8125"},{"created_at":"2021-01-15T13:00:24-08:00","entry_id":120403,"field1":"2","field2":"1.875"},{"created_at":"2021-01-15T13:10:00-08:00","entry_id":120404,"field1":"2.0625","field2":"2"},{"created_at":"2021-01-15T13:19:39-08:00","entry_id":120405,"field1":"2.0625","field2":"2.6875"},{"created_at":"2021-01-15T13:29:14-08:00","entry_id":120406,"field1":"2.0625","field2":"2.375"},{"created_at":"2021-01-15T13:38:51-08:00","entry_id":120407,"field1":"2.125","field2":"2.3125"},{"created_at":"2021-01-15T13:48:27-08:00","entry_id":120408,"field1":"2.125","field2":"2.375"},{"created_at":"2021-01-15T13:58:05-08:00","entry_id":120409,"field1":"2.125","field2":"2"},{"created_at":"2021-01-15T14:07:43-08:00","entry_id":120410,"field1":"2.125","field2":"1.875"},{"created_at":"2021-01-15T14:17:19-08:00","entry_id":120411,"field1":"2.125","field2":"1.6875"},{"created_at":"2021-01-15T14:26:56-08:00","entry_id":120412,"field1":"2.125","field2":"1.4375"},{"created_at":"2021-01-15T14:36:33-08:00","entry_id":120413,"field1":"2.125","field2":"1.375"},{"created_at":"2021-01-15T14:46:10-08:00","entry_id":120414,"field1":"2.125","field2":"1.3125"},{"created_at":"2021-01-15T14:55:45-08:00","entry_id":120415,"field1":"2.125","field2":"1.25"},{"created_at":"2021-01-15T15:05:22-08:00","entry_id":120416,"field1":"2.125","field2":"1.0625"},{"created_at":"2021-01-15T15:14:59-08:00","entry_id":120417,"field1":"2.125","field2":"1"},{"created_at":"2021-01-15T15:24:34-08:00","entry_id":120418,"field1":"2.125","field2":"0.875"},{"created_at":"2021-01-15T15:34:11-08:00","entry_id":120419,"field1":"2.125","field2":"0.8125"},{"created_at":"2021-01-15T15:43:49-08:00","entry_id":120420,"field1":"2.125","field2":"0.75"},{"created_at":"2021-01-15T15:53:26-08:00","entry_id":120421,"field1":"2.125","field2":"0.6875"},{"created_at":"2021-01-15T16:03:02-08:00","entry_id":120422,"field1":"2.125","field2":"0.625"},{"created_at":"2021-01-15T16:12:38-08:00","entry_id":120423,"field1":"2.125","field2":"0.5"},{"created_at":"2021-01-15T16:22:16-08:00","entry_id":120424,"field1":"2.125","field2":"0.375"},{"created_at":"2021-01-15T16:31:53-08:00","entry_id":120425,"field1":"2.125","field2":"0.375"},{"created_at":"2021-01-15T16:41:29-08:00","entry_id":120426,"field1":"2.125","field2":"0.1875"},{"created_at":"2021-01-15T16:51:05-08:00","entry_id":120427,"field1":"2.125","field2":"0.0625"},{"created_at":"2021-01-15T17:00:40-08:00","entry_id":120428,"field1":"2.0625","field2":"-0.0625"},{"created_at":"2021-01-15T17:10:18-08:00","entry_id":120429,"field1":"2.0625","field2":"-0.125"},{"created_at":"2021-01-15T17:19:56-08:00","entry_id":120430,"field1":"2.0625","field2":"-0.125"},{"created_at":"2021-01-15T17:29:33-08:00","entry_id":120431,"field1":"2.0625","field2":"-0.125"},{"created_at":"2021-01-15T17:39:08-08:00","entry_id":120432,"field1":"2.0625","field2":"-0.375"},{"created_at":"2021-01-15T17:48:46-08:00","entry_id":120433,"field1":"2.0625","field2":"-0.3125"},{"created_at":"2021-01-15T17:58:23-08:00","entry_id":120434,"field1":"2","field2":"-0.4375"},{"created_at":"2021-01-15T18:07:58-08:00","entry_id":120435,"field1":"2","field2":"-0.375"},{"created_at":"2021-01-15T18:17:36-08:00","entry_id":120436,"field1":"2","field2":"-0.4375"},{"created_at":"2021-01-15T18:27:12-08:00","entry_id":120437,"field1":"2","field2":"-0.625"},{"created_at":"2021-01-15T18:36:50-08:00","entry_id":120438,"field1":"2","field2":"-0.75"},{"created_at":"2021-01-15T18:46:25-08:00","entry_id":120439,"field1":"1.9375","field2":"-0.6875"},{"created_at":"2021-01-15T18:56:03-08:00","entry_id":120440,"field1":"1.9375","field2":"-0.6875"},{"created_at":"2021-01-15T19:05:39-08:00","entry_id":120441,"field1":"1.9375","field2":"-0.75"},{"created_at":"2021-01-15T19:15:15-08:00","entry_id":120442,"field1":"1.9375","field2":"-0.875"},{"created_at":"2021-01-15T19:24:53-08:00","entry_id":120443,"field1":"1.875","field2":"-1"},{"created_at":"2021-01-15T19:34:29-08:00","entry_id":120444,"field1":"1.875","field2":"-0.9375"},{"created_at":"2021-01-15T19:44:05-08:00","entry_id":120445,"field1":"1.875","field2":"-0.75"},{"created_at":"2021-01-15T19:53:41-08:00","entry_id":120446,"field1":"1.875","field2":"-0.8125"},{"created_at":"2021-01-15T20:03:19-08:00","entry_id":120447,"field1":"1.875","field2":"-0.6875"},{"created_at":"2021-01-15T20:12:55-08:00","entry_id":120448,"field1":"1.875","field2":"-0.6875"},{"created_at":"2021-01-15T20:22:32-08:00","entry_id":120449,"field1":"1.8125","field2":"-0.5"},{"created_at":"2021-01-15T20:32:09-08:00","entry_id":120450,"field1":"1.875","field2":"-0.375"},{"created_at":"2021-01-15T20:41:44-08:00","entry_id":120451,"field1":"1.8125","field2":"-0.375"},{"created_at":"2021-01-15T20:51:20-08:00","entry_id":120452,"field1":"1.8125","field2":"-0.3125"},{"created_at":"2021-01-15T21:00:56-08:00","entry_id":120453,"field1":"1.8125","field2":"-0.1875"},{"created_at":"2021-01-15T21:10:33-08:00","entry_id":120454,"field1":"1.8125","field2":"-0.25"},{"created_at":"2021-01-15T21:20:09-08:00","entry_id":120455,"field1":"1.75","field2":"-0.4375"},{"created_at":"2021-01-15T21:29:45-08:00","entry_id":120456,"field1":"1.75","field2":"-0.5"},{"created_at":"2021-01-15T21:39:23-08:00","entry_id":120457,"field1":"1.75","field2":"-0.3125"},{"created_at":"2021-01-15T21:48:58-08:00","entry_id":120458,"field1":"1.75","field2":"-0.3125"},{"created_at":"2021-01-15T21:58:34-08:00","entry_id":120459,"field1":"1.75","field2":"-0.3125"},{"created_at":"2021-01-15T22:08:12-08:00","entry_id":120460,"field1":"1.75","field2":"-0.3125"},{"created_at":"2021-01-15T22:17:47-08:00","entry_id":120461,"field1":"1.75","field2":"-0.25"},{"created_at":"2021-01-15T22:27:25-08:00","entry_id":120462,"field1":"1.75","field2":"-0.25"},{"created_at":"2021-01-15T22:37:00-08:00","entry_id":120463,"field1":"1.6875","field2":"-0.25"},{"created_at":"2021-01-15T22:46:36-08:00","entry_id":120464,"field1":"1.6875","field2":"-0.25"},{"created_at":"2021-01-15T22:56:12-08:00","entry_id":120465,"field1":"1.6875","field2":"-0.1875"},{"created_at":"2021-01-15T23:05:50-08:00","entry_id":120466,"field1":"1.6875","field2":"-0.25"},{"created_at":"2021-01-15T23:15:27-08:00","entry_id":120467,"field1":"1.6875","field2":"-0.3125"},{"created_at":"2021-01-15T23:25:04-08:00","entry_id":120468,"field1":"1.6875","field2":"-0.3125"},{"created_at":"2021-01-15T23:34:41-08:00","entry_id":120469,"field1":"1.6875","field2":"-0.3125"},{"created_at":"2021-01-15T23:44:19-08:00","entry_id":120470,"field1":"1.6875","field2":"-0.375"},{"created_at":"2021-01-15T23:53:56-08:00","entry_id":120471,"field1":"1.6875","field2":"-0.375"}]}