{"channel":{"id":581842,"name":"Upstairs Small Window Indoor / Outdoor Sensor","latitude":"0.0","longitude":"0.0","field1":"Indoor Temperature","field2":"Outdoor Temperature","created_at":"2018-09-23T15:37:52-07:00","updated_at":"2020-07-27T05:59:41-07:00","last_entry_id":150129},"feeds":[{"created_at":"2021-01-29T00:05:59-08:00","entry_id":122420,"field1":"0.0625","field2":"-0.375"},{"created_at":"2021-01-29T00:15:36-08:00","entry_id":122421,"field1":"0.0625","field2":"-0.375"},{"created_at":"2021-01-29T00:25:13-08:00","entry_id":122422,"field1":"0.0625","field2":"-0.375"},{"created_at":"2021-01-29T00:34:49-08:00","entry_id":122423,"field1":"0.0625","field2":"-0.3125"},{"created_at":"2021-01-29T00:44:26-08:00","entry_id":122424,"field1":"0.0625","field2":"-0.375"},{"created_at":"2021-01-29T00:54:03-08:00","entry_id":122425,"field1":"0.0625","field2":"-0.3125"},{"created_at":"2021-01-29T01:03:39-08:00","entry_id":122426,"field1":"0.0625","field2":"-0.3125"},{"created_at":"2021-01-29T01:13:16-08:00","entry_id":122427,"field1":"0.0625","field2":"-0.3125"},{"created_at":"2021-01-29T01:22:51-08:00","entry_id":122428,"field1":"0.0625","field2":"-0.375"},{"created_at":"2021-01-29T01:32:29-08:00","entry_id":122429,"field1":"0.0625","field2":"-0.4375"},{"created_at":"2021-01-29T01:42:04-08:00","entry_id":122430,"field1":"0.0625","field2":"-0.4375"},{"created_at":"2021-01-29T01:51:40-08:00","entry_id":122431,"field1":"0.0625","field2":"-0.4375"},{"created_at":"2021-01-29T02:01:17-08:00","entry_id":122432,"field1":"0.125","field2":"-0.375"},{"created_at":"2021-01-29T02:10:54-08:00","entry_id":122433,"field1":"0.0625","field2":"-0.4375"},{"created_at":"2021-01-29T02:20:28-08:00","entry_id":122434,"field1":"0.125","field2":"-0.4375"},{"created_at":"2021-01-29T02:30:05-08:00","entry_id":122435,"field1":"0.0625","field2":"-0.4375"},{"created_at":"2021-01-29T02:39:43-08:00","entry_id":122436,"field1":"0.0625","field2":"-0.4375"},{"created_at":"2021-01-29T02:49:18-08:00","entry_id":122437,"field1":"0.0625","field2":"-0.4375"},{"created_at":"2021-01-29T02:58:55-08:00","entry_id":122438,"field1":"0.0625","field2":"-0.4375"},{"created_at":"2021-01-29T03:08:32-08:00","entry_id":122439,"field1":"0.0625","field2":"-0.4375"},{"created_at":"2021-01-29T03:18:09-08:00","entry_id":122440,"field1":"0.0625","field2":"-0.4375"},{"created_at":"2021-01-29T03:27:46-08:00","entry_id":122441,"field1":"0.125","field2":"-0.4375"},{"created_at":"2021-01-29T03:37:22-08:00","entry_id":122442,"field1":"0.125","field2":"-0.4375"},{"created_at":"2021-01-29T03:46:57-08:00","entry_id":122443,"field1":"0.125","field2":"-0.5"},{"created_at":"2021-01-29T03:56:35-08:00","entry_id":122444,"field1":"0.125","field2":"-0.5"},{"created_at":"2021-01-29T04:06:11-08:00","entry_id":122445,"field1":"0.125","field2":"-0.4375"},{"created_at":"2021-01-29T04:15:49-08:00","entry_id":122446,"field1":"0.125","field2":"-0.5"},{"created_at":"2021-01-29T04:25:24-08:00","entry_id":122447,"field1":"0.125","field2":"-0.5"},{"created_at":"2021-01-29T04:35:00-08:00","entry_id":122448,"field1":"0.125","field2":"-0.5625"},{"created_at":"2021-01-29T04:44:37-08:00","entry_id":122449,"field1":"0.125","field2":"-0.5625"},{"created_at":"2021-01-29T04:54:13-08:00","entry_id":122450,"field1":"0.125","field2":"-0.5625"},{"created_at":"2021-01-29T05:03:50-08:00","entry_id":122451,"field1":"0.125","field2":"-0.5625"},{"created_at":"2021-01-29T05:13:27-08:00","entry_id":122452,"field1":"0.125","field2":"-0.5625"},{"created_at":"2021-01-29T05:23:01-08:00","entry_id":122453,"field1":"0.125","field2":"-0.625"},{"created_at":"2021-01-29T05:32:37-08:00","entry_id":122454,"field1":"0.125","field2":"-0.625"},{"created_at":"2021-01-29T05:42:15-08:00","entry_id":122455,"field1":"0.125","field2":"-0.5625"},{"created_at":"2021-01-29T05:51:51-08:00","entry_id":122456,"field1":"0.125","field2":"-0.625"},{"created_at":"2021-01-29T06:01:28-08:00","entry_id":122457,"field1":"0.125","field2":"-0.625"},{"created_at":"2021-01-29T06:11:03-08:00","entry_id":122458,"field1":"0.125","field2":"-0.625"},{"created_at":"2021-01-29T06:20:41-08:00","entry_id":122459,"field1":"0.125","field2":"-0.625"},{"created_at":"2021-01-29T06:30:18-08:00","entry_id":122460,"field1":"0.125","field2":"-0.625"},{"created_at":"2021-01-29T06:39:53-08:00","entry_id":122461,"field1":"0.125","field2":"-0.6875"},{"created_at":"2021-01-29T06:49:31-08:00","entry_id":122462,"field1":"0.125","field2":"-0.6875"},{"created_at":"2021-01-29T06:59:08-08:00","entry_id":122463,"field1":"0.125","field2":"-0.625"},{"created_at":"2021-01-29T07:08:45-08:00","entry_id":122464,"field1":"0.125","field2":"-0.625"},{"created_at":"2021-01-29T07:18:22-08:00","entry_id":122465,"field1":"0.125","field2":"-0.6875"},{"created_at":"2021-01-29T07:27:57-08:00","entry_id":122466,"field1":"0.125","field2":"-0.625"},{"created_at":"2021-01-29T07:37:34-08:00","entry_id":122467,"field1":"0.125","field2":"-0.5625"},{"created_at":"2021-01-29T07:47:10-08:00","entry_id":122468,"field1":"0.125","field2":"-0.625"},{"created_at":"2021-01-29T07:56:46-08:00","entry_id":122469,"field1":"0.125","field2":"-0.5625"},{"created_at":"2021-01-29T08:06:22-08:00","entry_id":122470,"field1":"0.125","field2":"-0.5"},{"created_at":"2021-01-29T08:15:58-08:00","entry_id":122471,"field1":"0.125","field2":"-0.5625"},{"created_at":"2021-01-29T08:25:35-08:00","entry_id":122472,"field1":"0.125","field2":"-0.5"},{"created_at":"2021-01-29T08:35:10-08:00","entry_id":122473,"field1":"0.125","field2":"-0.4375"},{"created_at":"2021-01-29T08:44:48-08:00","entry_id":122474,"field1":"0.125","field2":"-0.3125"},{"created_at":"2021-01-29T08:54:22-08:00","entry_id":122475,"field1":"0.125","field2":"-0.25"},{"created_at":"2021-01-29T09:03:58-08:00","entry_id":122476,"field1":"0.125","field2":"-0.1875"},{"created_at":"2021-01-29T09:13:34-08:00","entry_id":122477,"field1":"0.1875","field2":"0"},{"created_at":"2021-01-29T09:23:12-08:00","entry_id":122478,"field1":"0.1875","field2":"0"},{"created_at":"2021-01-29T09:32:47-08:00","entry_id":122479,"field1":"0.1875","field2":"0.3125"},{"created_at":"2021-01-29T09:42:24-08:00","entry_id":122480,"field1":"0.25","field2":"0.5"},{"created_at":"2021-01-29T09:51:59-08:00","entry_id":122481,"field1":"0.25","field2":"0.625"},{"created_at":"2021-01-29T10:01:37-08:00","entry_id":122482,"field1":"0.25","field2":"0.75"},{"created_at":"2021-01-29T10:11:13-08:00","entry_id":122483,"field1":"0.3125","field2":"0.75"},{"created_at":"2021-01-29T10:20:50-08:00","entry_id":122484,"field1":"0.3125","field2":"0.9375"},{"created_at":"2021-01-29T10:30:26-08:00","entry_id":122485,"field1":"0.3125","field2":"1"},{"created_at":"2021-01-29T10:40:01-08:00","entry_id":122486,"field1":"0.375","field2":"1"},{"created_at":"2021-01-29T10:49:37-08:00","entry_id":122487,"field1":"0.375","field2":"1.1875"},{"created_at":"2021-01-29T10:59:15-08:00","entry_id":122488,"field1":"0.375","field2":"1.25"},{"created_at":"2021-01-29T11:08:51-08:00","entry_id":122489,"field1":"0.4375","field2":"1.375"},{"created_at":"2021-01-29T11:18:28-08:00","entry_id":122490,"field1":"0.4375","field2":"1.25"},{"created_at":"2021-01-29T11:28:05-08:00","entry_id":122491,"field1":"0.5","field2":"1.25"},{"created_at":"2021-01-29T11:37:40-08:00","entry_id":122492,"field1":"0.5","field2":"1.125"},{"created_at":"2021-01-29T11:47:17-08:00","entry_id":122493,"field1":"0.5","field2":"1.0625"},{"created_at":"2021-01-29T11:56:55-08:00","entry_id":122494,"field1":"0.5","field2":"0.9375"},{"created_at":"2021-01-29T12:06:30-08:00","entry_id":122495,"field1":"0.5625","field2":"1"},{"created_at":"2021-01-29T12:16:07-08:00","entry_id":122496,"field1":"0.5625","field2":"1.0625"},{"created_at":"2021-01-29T12:25:44-08:00","entry_id":122497,"field1":"0.5625","field2":"1.1875"},{"created_at":"2021-01-29T12:35:21-08:00","entry_id":122498,"field1":"0.625","field2":"1.4375"},{"created_at":"2021-01-29T12:44:58-08:00","entry_id":122499,"field1":"0.625","field2":"1.4375"},{"created_at":"2021-01-29T12:54:34-08:00","entry_id":122500,"field1":"0.625","field2":"1.5"},{"created_at":"2021-01-29T13:04:11-08:00","entry_id":122501,"field1":"0.6875","field2":"1.4375"},{"created_at":"2021-01-29T13:13:47-08:00","entry_id":122502,"field1":"0.6875","field2":"1.5"},{"created_at":"2021-01-29T13:23:25-08:00","entry_id":122503,"field1":"0.6875","field2":"2.0625"},{"created_at":"2021-01-29T13:33:01-08:00","entry_id":122504,"field1":"0.75","field2":"1.4375"},{"created_at":"2021-01-29T13:42:38-08:00","entry_id":122505,"field1":"0.75","field2":"1.125"},{"created_at":"2021-01-29T13:52:15-08:00","entry_id":122506,"field1":"0.75","field2":"1.625"},{"created_at":"2021-01-29T14:01:52-08:00","entry_id":122507,"field1":"0.75","field2":"1"},{"created_at":"2021-01-29T14:11:28-08:00","entry_id":122508,"field1":"0.75","field2":"0.8125"},{"created_at":"2021-01-29T14:21:05-08:00","entry_id":122509,"field1":"0.75","field2":"0.625"},{"created_at":"2021-01-29T14:30:41-08:00","entry_id":122510,"field1":"0.75","field2":"0.5"},{"created_at":"2021-01-29T14:40:18-08:00","entry_id":122511,"field1":"0.75","field2":"0.4375"},{"created_at":"2021-01-29T14:49:55-08:00","entry_id":122512,"field1":"0.75","field2":"0.375"},{"created_at":"2021-01-29T14:59:31-08:00","entry_id":122513,"field1":"0.75","field2":"0.25"},{"created_at":"2021-01-29T15:09:09-08:00","entry_id":122514,"field1":"0.75","field2":"0.25"},{"created_at":"2021-01-29T15:18:44-08:00","entry_id":122515,"field1":"0.75","field2":"0.1875"},{"created_at":"2021-01-29T15:28:22-08:00","entry_id":122516,"field1":"0.75","field2":"0.1875"},{"created_at":"2021-01-29T15:37:59-08:00","entry_id":122517,"field1":"0.75","field2":"0.25"},{"created_at":"2021-01-29T15:47:34-08:00","entry_id":122518,"field1":"0.75","field2":"0.25"},{"created_at":"2021-01-29T15:57:11-08:00","entry_id":122519,"field1":"0.75","field2":"0.25"},{"created_at":"2021-01-29T16:06:46-08:00","entry_id":122520,"field1":"0.75","field2":"0.1875"},{"created_at":"2021-01-29T16:16:22-08:00","entry_id":122521,"field1":"0.75","field2":"0.1875"},{"created_at":"2021-01-29T16:25:58-08:00","entry_id":122522,"field1":"0.75","field2":"0.125"},{"created_at":"2021-01-29T16:35:36-08:00","entry_id":122523,"field1":"0.75","field2":"0.0625"},{"created_at":"2021-01-29T16:45:13-08:00","entry_id":122524,"field1":"0.75","field2":"-0.0625"},{"created_at":"2021-01-29T16:54:48-08:00","entry_id":122525,"field1":"0.75","field2":"-0.1875"},{"created_at":"2021-01-29T17:04:24-08:00","entry_id":122526,"field1":"0.75","field2":"-0.25"},{"created_at":"2021-01-29T17:14:01-08:00","entry_id":122527,"field1":"0.75","field2":"-0.3125"},{"created_at":"2021-01-29T17:23:38-08:00","entry_id":122528,"field1":"0.75","field2":"-0.375"},{"created_at":"2021-01-29T17:33:15-08:00","entry_id":122529,"field1":"0.75","field2":"-0.4375"},{"created_at":"2021-01-29T17:42:52-08:00","entry_id":122530,"field1":"0.75","field2":"-0.625"},{"created_at":"2021-01-29T17:52:27-08:00","entry_id":122531,"field1":"0.75","field2":"-0.6875"},{"created_at":"2021-01-29T18:02:05-08:00","entry_id":122532,"field1":"0.75","field2":"-0.6875"},{"created_at":"2021-01-29T18:11:41-08:00","entry_id":122533,"field1":"0.6875","field2":"-0.5625"},{"created_at":"2021-01-29T18:21:19-08:00","entry_id":122534,"field1":"0.6875","field2":"-0.5"},{"created_at":"2021-01-29T18:30:55-08:00","entry_id":122535,"field1":"0.6875","field2":"-0.4375"},{"created_at":"2021-01-29T18:40:31-08:00","entry_id":122536,"field1":"0.6875","field2":"-0.375"},{"created_at":"2021-01-29T18:50:08-08:00","entry_id":122537,"field1":"0.6875","field2":"-0.3125"},{"created_at":"2021-01-29T18:59:45-08:00","entry_id":122538,"field1":"0.6875","field2":"-0.3125"},{"created_at":"2021-01-29T19:09:21-08:00","entry_id":122539,"field1":"0.6875","field2":"-0.25"},{"created_at":"2021-01-29T19:18:58-08:00","entry_id":122540,"field1":"0.6875","field2":"-0.25"},{"created_at":"2021-01-29T19:28:33-08:00","entry_id":122541,"field1":"0.6875","field2":"-0.25"},{"created_at":"2021-01-29T19:38:11-08:00","entry_id":122542,"field1":"0.6875","field2":"-0.25"},{"created_at":"2021-01-29T19:47:48-08:00","entry_id":122543,"field1":"0.6875","field2":"-0.25"},{"created_at":"2021-01-29T19:57:25-08:00","entry_id":122544,"field1":"0.6875","field2":"-0.25"},{"created_at":"2021-01-29T20:07:02-08:00","entry_id":122545,"field1":"0.6875","field2":"-0.25"},{"created_at":"2021-01-29T20:16:36-08:00","entry_id":122546,"field1":"0.6875","field2":"-0.25"},{"created_at":"2021-01-29T20:26:12-08:00","entry_id":122547,"field1":"0.6875","field2":"-0.1875"},{"created_at":"2021-01-29T20:35:49-08:00","entry_id":122548,"field1":"0.6875","field2":"-0.1875"},{"created_at":"2021-01-29T20:45:26-08:00","entry_id":122549,"field1":"0.6875","field2":"-0.25"},{"created_at":"2021-01-29T20:55:01-08:00","entry_id":122550,"field1":"0.625","field2":"-0.1875"},{"created_at":"2021-01-29T21:04:38-08:00","entry_id":122551,"field1":"0.625","field2":"-0.1875"},{"created_at":"2021-01-29T21:14:13-08:00","entry_id":122552,"field1":"0.6875","field2":"-0.25"},{"created_at":"2021-01-29T21:23:51-08:00","entry_id":122553,"field1":"0.6875","field2":"-0.25"},{"created_at":"2021-01-29T21:33:28-08:00","entry_id":122554,"field1":"0.625","field2":"-0.25"},{"created_at":"2021-01-29T21:43:04-08:00","entry_id":122555,"field1":"0.625","field2":"-0.25"},{"created_at":"2021-01-29T21:52:39-08:00","entry_id":122556,"field1":"0.625","field2":"-0.25"},{"created_at":"2021-01-29T22:02:16-08:00","entry_id":122557,"field1":"0.625","field2":"-0.25"},{"created_at":"2021-01-29T22:11:52-08:00","entry_id":122558,"field1":"0.625","field2":"-0.25"},{"created_at":"2021-01-29T22:21:28-08:00","entry_id":122559,"field1":"0.625","field2":"-0.1875"},{"created_at":"2021-01-29T22:31:04-08:00","entry_id":122560,"field1":"0.625","field2":"-0.125"},{"created_at":"2021-01-29T22:40:41-08:00","entry_id":122561,"field1":"0.625","field2":"-0.1875"},{"created_at":"2021-01-29T22:50:16-08:00","entry_id":122562,"field1":"0.625","field2":"-0.1875"},{"created_at":"2021-01-29T22:59:53-08:00","entry_id":122563,"field1":"0.625","field2":"-0.25"},{"created_at":"2021-01-29T23:09:31-08:00","entry_id":122564,"field1":"0.625","field2":"-0.1875"},{"created_at":"2021-01-29T23:19:07-08:00","entry_id":122565,"field1":"0.625","field2":"-0.1875"},{"created_at":"2021-01-29T23:28:44-08:00","entry_id":122566,"field1":"0.625","field2":"-0.1875"},{"created_at":"2021-01-29T23:38:20-08:00","entry_id":122567,"field1":"0.625","field2":"-0.1875"},{"created_at":"2021-01-29T23:47:57-08:00","entry_id":122568,"field1":"0.625","field2":"-0.25"},{"created_at":"2021-01-29T23:57:34-08:00","entry_id":122569,"field1":"0.625","field2":"-0.25"}]}