{"channel":{"id":581842,"name":"Upstairs Small Window Indoor / Outdoor Sensor","latitude":"0.0","longitude":"0.0","field1":"Indoor Temperature","field2":"Outdoor Temperature","created_at":"2018-09-23T15:37:52-07:00","updated_at":"2020-07-27T05:59:41-07:00","last_entry_id":150129},"feeds":[{"created_at":"2020-01-17T00:05:39-08:00","entry_id":68807,"field1":"-10.875","field2":"-9.875"},{"created_at":"2020-01-17T00:15:14-08:00","entry_id":68808,"field1":"-10.875","field2":"-9.6875"},{"created_at":"2020-01-17T00:24:50-08:00","entry_id":68809,"field1":"-10.8125","field2":"-9.9375"},{"created_at":"2020-01-17T00:34:27-08:00","entry_id":68810,"field1":"-10.8125","field2":"-9.9375"},{"created_at":"2020-01-17T00:44:03-08:00","entry_id":68811,"field1":"-10.8125","field2":"-10"},{"created_at":"2020-01-17T00:53:39-08:00","entry_id":68812,"field1":"-10.8125","field2":"-10.3125"},{"created_at":"2020-01-17T01:03:16-08:00","entry_id":68813,"field1":"-10.8125","field2":"-10.25"},{"created_at":"2020-01-17T01:12:51-08:00","entry_id":68814,"field1":"-10.8125","field2":"-10.25"},{"created_at":"2020-01-17T01:22:27-08:00","entry_id":68815,"field1":"-10.75","field2":"-10.1875"},{"created_at":"2020-01-17T01:32:03-08:00","entry_id":68816,"field1":"-10.75","field2":"-10.0625"},{"created_at":"2020-01-17T01:41:39-08:00","entry_id":68817,"field1":"-10.75","field2":"-9.9375"},{"created_at":"2020-01-17T01:51:16-08:00","entry_id":68818,"field1":"-10.75","field2":"-10.0625"},{"created_at":"2020-01-17T02:00:53-08:00","entry_id":68819,"field1":"-10.75","field2":"-9.875"},{"created_at":"2020-01-17T02:10:29-08:00","entry_id":68820,"field1":"-10.75","field2":"-10.0625"},{"created_at":"2020-01-17T02:20:05-08:00","entry_id":68821,"field1":"-10.6875","field2":"-9.875"},{"created_at":"2020-01-17T02:29:40-08:00","entry_id":68822,"field1":"-10.6875","field2":"-9.9375"},{"created_at":"2020-01-17T02:39:17-08:00","entry_id":68823,"field1":"-10.6875","field2":"-9.875"},{"created_at":"2020-01-17T02:48:52-08:00","entry_id":68824,"field1":"-10.6875","field2":"-9.9375"},{"created_at":"2020-01-17T02:58:29-08:00","entry_id":68825,"field1":"-10.6875","field2":"-9.875"},{"created_at":"2020-01-17T03:08:05-08:00","entry_id":68826,"field1":"-10.6875","field2":"-9.8125"},{"created_at":"2020-01-17T03:17:41-08:00","entry_id":68827,"field1":"-10.625","field2":"-9.75"},{"created_at":"2020-01-17T03:27:18-08:00","entry_id":68828,"field1":"-10.625","field2":"-9.6875"},{"created_at":"2020-01-17T03:36:54-08:00","entry_id":68829,"field1":"-10.625","field2":"-9.75"},{"created_at":"2020-01-17T03:46:30-08:00","entry_id":68830,"field1":"-10.625","field2":"-9.6875"},{"created_at":"2020-01-17T03:56:06-08:00","entry_id":68831,"field1":"-10.625","field2":"-9.75"},{"created_at":"2020-01-17T04:05:43-08:00","entry_id":68832,"field1":"-10.625","field2":"-9.75"},{"created_at":"2020-01-17T04:15:19-08:00","entry_id":68833,"field1":"-10.5625","field2":"-9.5625"},{"created_at":"2020-01-17T04:24:55-08:00","entry_id":68834,"field1":"-10.5625","field2":"-9.4375"},{"created_at":"2020-01-17T04:34:31-08:00","entry_id":68835,"field1":"-10.5625","field2":"-9.4375"},{"created_at":"2020-01-17T04:44:07-08:00","entry_id":68836,"field1":"-10.5625","field2":"-9.3125"},{"created_at":"2020-01-17T04:53:43-08:00","entry_id":68837,"field1":"-10.5625","field2":"-9.4375"},{"created_at":"2020-01-17T05:03:20-08:00","entry_id":68838,"field1":"-10.5","field2":"-9.5"},{"created_at":"2020-01-17T05:12:56-08:00","entry_id":68839,"field1":"-10.5","field2":"-9.625"},{"created_at":"2020-01-17T05:22:32-08:00","entry_id":68840,"field1":"-10.5","field2":"-9.375"},{"created_at":"2020-01-17T05:32:08-08:00","entry_id":68841,"field1":"-10.5","field2":"-9.375"},{"created_at":"2020-01-17T05:41:44-08:00","entry_id":68842,"field1":"-10.5","field2":"-9.4375"},{"created_at":"2020-01-17T05:51:20-08:00","entry_id":68843,"field1":"-10.4375","field2":"-9.3125"},{"created_at":"2020-01-17T06:00:58-08:00","entry_id":68844,"field1":"-10.4375","field2":"-9.25"},{"created_at":"2020-01-17T06:10:33-08:00","entry_id":68845,"field1":"-10.4375","field2":"-9.375"},{"created_at":"2020-01-17T06:20:09-08:00","entry_id":68846,"field1":"-10.4375","field2":"-9.4375"},{"created_at":"2020-01-17T06:29:45-08:00","entry_id":68847,"field1":"-10.375","field2":"-9.4375"},{"created_at":"2020-01-17T06:39:22-08:00","entry_id":68848,"field1":"-10.4375","field2":"-9.375"},{"created_at":"2020-01-17T06:48:58-08:00","entry_id":68849,"field1":"-10.375","field2":"-9.3125"},{"created_at":"2020-01-17T06:58:35-08:00","entry_id":68850,"field1":"-10.375","field2":"-9.1875"},{"created_at":"2020-01-17T07:08:10-08:00","entry_id":68851,"field1":"-10.375","field2":"-9.1875"},{"created_at":"2020-01-17T07:17:46-08:00","entry_id":68852,"field1":"-10.375","field2":"-9.1875"},{"created_at":"2020-01-17T07:27:22-08:00","entry_id":68853,"field1":"-10.3125","field2":"-9.1875"},{"created_at":"2020-01-17T07:36:59-08:00","entry_id":68854,"field1":"-10.3125","field2":"-9.0625"},{"created_at":"2020-01-17T07:46:35-08:00","entry_id":68855,"field1":"-10.3125","field2":"-9.125"},{"created_at":"2020-01-17T07:56:10-08:00","entry_id":68856,"field1":"-10.3125","field2":"-9.125"},{"created_at":"2020-01-17T08:05:46-08:00","entry_id":68857,"field1":"-10.25","field2":"-9.1875"},{"created_at":"2020-01-17T08:15:22-08:00","entry_id":68858,"field1":"-10.25","field2":"-9.0625"},{"created_at":"2020-01-17T08:24:59-08:00","entry_id":68859,"field1":"-10.25","field2":"-9"},{"created_at":"2020-01-17T08:34:36-08:00","entry_id":68860,"field1":"-10.25","field2":"-9.125"},{"created_at":"2020-01-17T08:44:12-08:00","entry_id":68861,"field1":"-10.25","field2":"-9.0625"},{"created_at":"2020-01-17T08:53:55-08:00","entry_id":68862,"field1":"-10.1875","field2":"-9"},{"created_at":"2020-01-17T09:03:42-08:00","entry_id":68863,"field1":"-10.1875","field2":"-8.875"},{"created_at":"2020-01-17T09:13:18-08:00","entry_id":68864,"field1":"-10.1875","field2":"-8.625"},{"created_at":"2020-01-17T09:22:56-08:00","entry_id":68865,"field1":"-10.125","field2":"-8.5625"},{"created_at":"2020-01-17T09:32:32-08:00","entry_id":68866,"field1":"-10.125","field2":"-8.625"},{"created_at":"2020-01-17T09:42:09-08:00","entry_id":68867,"field1":"-10.125","field2":"-8.6875"},{"created_at":"2020-01-17T09:51:45-08:00","entry_id":68868,"field1":"-10.125","field2":"-8.75"},{"created_at":"2020-01-17T10:01:22-08:00","entry_id":68869,"field1":"-10.0625","field2":"-8.5625"},{"created_at":"2020-01-17T10:10:58-08:00","entry_id":68870,"field1":"-10","field2":"-8.25"},{"created_at":"2020-01-17T10:20:35-08:00","entry_id":68871,"field1":"-10","field2":"-8.1875"},{"created_at":"2020-01-17T10:30:12-08:00","entry_id":68872,"field1":"-9.9375","field2":"-8.0625"},{"created_at":"2020-01-17T10:39:48-08:00","entry_id":68873,"field1":"-9.9375","field2":"-8.3125"},{"created_at":"2020-01-17T10:49:25-08:00","entry_id":68874,"field1":"-9.875","field2":"-7.875"},{"created_at":"2020-01-17T10:59:03-08:00","entry_id":68875,"field1":"-9.875","field2":"-7.6875"},{"created_at":"2020-01-17T11:08:38-08:00","entry_id":68876,"field1":"-9.8125","field2":"-7.75"},{"created_at":"2020-01-17T11:18:14-08:00","entry_id":68877,"field1":"-9.8125","field2":"-7.5"},{"created_at":"2020-01-17T11:27:51-08:00","entry_id":68878,"field1":"-9.75","field2":"-7.5625"},{"created_at":"2020-01-17T11:37:27-08:00","entry_id":68879,"field1":"-9.6875","field2":"-7.375"},{"created_at":"2020-01-17T11:47:03-08:00","entry_id":68880,"field1":"-9.625","field2":"-7.4375"},{"created_at":"2020-01-17T11:56:42-08:00","entry_id":68881,"field1":"-9.625","field2":"-7.25"},{"created_at":"2020-01-17T12:06:17-08:00","entry_id":68882,"field1":"-9.5625","field2":"-7.25"},{"created_at":"2020-01-17T12:15:53-08:00","entry_id":68883,"field1":"-9.5625","field2":"-7.3125"},{"created_at":"2020-01-17T12:25:29-08:00","entry_id":68884,"field1":"-9.5","field2":"-7.375"},{"created_at":"2020-01-17T12:35:06-08:00","entry_id":68885,"field1":"-9.4375","field2":"-7.1875"},{"created_at":"2020-01-17T12:44:42-08:00","entry_id":68886,"field1":"-9.375","field2":"-7.375"},{"created_at":"2020-01-17T12:54:19-08:00","entry_id":68887,"field1":"-9.375","field2":"-7.125"},{"created_at":"2020-01-17T13:03:55-08:00","entry_id":68888,"field1":"-9.3125","field2":"-6.9375"},{"created_at":"2020-01-17T13:13:31-08:00","entry_id":68889,"field1":"-9.3125","field2":"-7.1875"},{"created_at":"2020-01-17T13:23:07-08:00","entry_id":68890,"field1":"-9.25","field2":"-7.0625"},{"created_at":"2020-01-17T13:32:43-08:00","entry_id":68891,"field1":"-9.1875","field2":"-7.0625"},{"created_at":"2020-01-17T13:42:19-08:00","entry_id":68892,"field1":"-9.1875","field2":"-6.875"},{"created_at":"2020-01-17T13:51:57-08:00","entry_id":68893,"field1":"-9.125","field2":"-6.75"},{"created_at":"2020-01-17T14:01:32-08:00","entry_id":68894,"field1":"-9.125","field2":"-6.6875"},{"created_at":"2020-01-17T14:11:09-08:00","entry_id":68895,"field1":"-9.0625","field2":"-6.6875"},{"created_at":"2020-01-17T14:20:46-08:00","entry_id":68896,"field1":"-9.0625","field2":"-6.6875"},{"created_at":"2020-01-17T14:30:22-08:00","entry_id":68897,"field1":"-9","field2":"-6.625"},{"created_at":"2020-01-17T14:39:58-08:00","entry_id":68898,"field1":"-9","field2":"-6.8125"},{"created_at":"2020-01-17T14:49:35-08:00","entry_id":68899,"field1":"-8.9375","field2":"-6.875"},{"created_at":"2020-01-17T14:59:11-08:00","entry_id":68900,"field1":"-8.9375","field2":"-6.75"},{"created_at":"2020-01-17T15:08:47-08:00","entry_id":68901,"field1":"-8.9375","field2":"-6.875"},{"created_at":"2020-01-17T15:18:23-08:00","entry_id":68902,"field1":"-8.9375","field2":"-6.875"},{"created_at":"2020-01-17T15:27:59-08:00","entry_id":68903,"field1":"-8.875","field2":"-6.9375"},{"created_at":"2020-01-17T15:37:35-08:00","entry_id":68904,"field1":"-8.875","field2":"-6.9375"},{"created_at":"2020-01-17T15:47:13-08:00","entry_id":68905,"field1":"-8.875","field2":"-7.125"},{"created_at":"2020-01-17T15:56:48-08:00","entry_id":68906,"field1":"-8.875","field2":"-7.3125"},{"created_at":"2020-01-17T16:06:24-08:00","entry_id":68907,"field1":"-8.875","field2":"-7.25"},{"created_at":"2020-01-17T16:16:00-08:00","entry_id":68908,"field1":"-8.875","field2":"-7.3125"},{"created_at":"2020-01-17T16:25:36-08:00","entry_id":68909,"field1":"-8.875","field2":"-7.5625"},{"created_at":"2020-01-17T16:35:12-08:00","entry_id":68910,"field1":"-8.875","field2":"-7.75"},{"created_at":"2020-01-17T16:44:48-08:00","entry_id":68911,"field1":"-8.875","field2":"-8.0625"},{"created_at":"2020-01-17T16:54:24-08:00","entry_id":68912,"field1":"-8.875","field2":"-8.25"},{"created_at":"2020-01-17T17:04:00-08:00","entry_id":68913,"field1":"-8.875","field2":"-8.125"},{"created_at":"2020-01-17T17:13:37-08:00","entry_id":68914,"field1":"-8.875","field2":"-8.375"},{"created_at":"2020-01-17T17:23:13-08:00","entry_id":68915,"field1":"-8.875","field2":"-8.5625"},{"created_at":"2020-01-17T17:32:49-08:00","entry_id":68916,"field1":"-8.875","field2":"-8.5"},{"created_at":"2020-01-17T17:42:25-08:00","entry_id":68917,"field1":"-8.875","field2":"-8.5625"},{"created_at":"2020-01-17T17:52:02-08:00","entry_id":68918,"field1":"-8.875","field2":"-8.5"},{"created_at":"2020-01-17T18:01:38-08:00","entry_id":68919,"field1":"-8.875","field2":"-8.5"},{"created_at":"2020-01-17T18:11:14-08:00","entry_id":68920,"field1":"-8.875","field2":"-8.5"},{"created_at":"2020-01-17T18:20:50-08:00","entry_id":68921,"field1":"-8.875","field2":"-8.75"},{"created_at":"2020-01-17T18:30:26-08:00","entry_id":68922,"field1":"-8.875","field2":"-8.8125"},{"created_at":"2020-01-17T18:40:03-08:00","entry_id":68923,"field1":"-8.875","field2":"-8.75"},{"created_at":"2020-01-17T18:49:41-08:00","entry_id":68924,"field1":"-8.875","field2":"-8.875"},{"created_at":"2020-01-17T18:59:17-08:00","entry_id":68925,"field1":"-8.875","field2":"-8.8125"},{"created_at":"2020-01-17T19:08:53-08:00","entry_id":68926,"field1":"-8.875","field2":"-9"},{"created_at":"2020-01-17T19:18:30-08:00","entry_id":68927,"field1":"-8.875","field2":"-8.875"},{"created_at":"2020-01-17T19:28:06-08:00","entry_id":68928,"field1":"-8.875","field2":"-8.8125"},{"created_at":"2020-01-17T19:37:42-08:00","entry_id":68929,"field1":"-8.875","field2":"-9.0625"},{"created_at":"2020-01-17T19:47:18-08:00","entry_id":68930,"field1":"-8.875","field2":"-9.0625"},{"created_at":"2020-01-17T19:56:54-08:00","entry_id":68931,"field1":"-8.875","field2":"-9.1875"},{"created_at":"2020-01-17T20:06:30-08:00","entry_id":68932,"field1":"-8.875","field2":"-9.125"},{"created_at":"2020-01-17T20:16:06-08:00","entry_id":68933,"field1":"-8.875","field2":"-9"},{"created_at":"2020-01-17T20:25:43-08:00","entry_id":68934,"field1":"-8.875","field2":"-8.8125"},{"created_at":"2020-01-17T20:35:19-08:00","entry_id":68935,"field1":"-8.875","field2":"-9"},{"created_at":"2020-01-17T20:44:55-08:00","entry_id":68936,"field1":"-8.875","field2":"-9.125"},{"created_at":"2020-01-17T20:54:31-08:00","entry_id":68937,"field1":"-8.875","field2":"-9.1875"},{"created_at":"2020-01-17T21:04:08-08:00","entry_id":68938,"field1":"-8.875","field2":"-9.125"},{"created_at":"2020-01-17T21:13:43-08:00","entry_id":68939,"field1":"-8.875","field2":"-9.125"},{"created_at":"2020-01-17T21:23:19-08:00","entry_id":68940,"field1":"-8.875","field2":"-8.9375"},{"created_at":"2020-01-17T21:32:55-08:00","entry_id":68941,"field1":"-8.875","field2":"-9.125"},{"created_at":"2020-01-17T21:42:32-08:00","entry_id":68942,"field1":"-8.875","field2":"-9.0625"},{"created_at":"2020-01-17T21:52:24-08:00","entry_id":68943,"field1":"-8.875","field2":"-9.125"},{"created_at":"2020-01-17T22:01:55-08:00","entry_id":68944,"field1":"-8.875","field2":"-9.1875"},{"created_at":"2020-01-17T22:11:31-08:00","entry_id":68945,"field1":"-8.875","field2":"-9.3125"},{"created_at":"2020-01-17T22:21:07-08:00","entry_id":68946,"field1":"-8.875","field2":"-9.25"},{"created_at":"2020-01-17T22:30:44-08:00","entry_id":68947,"field1":"-8.875","field2":"-9.3125"},{"created_at":"2020-01-17T22:40:21-08:00","entry_id":68948,"field1":"-8.875","field2":"-9.3125"},{"created_at":"2020-01-17T22:49:57-08:00","entry_id":68949,"field1":"-8.875","field2":"-9.25"},{"created_at":"2020-01-17T22:59:33-08:00","entry_id":68950,"field1":"-8.875","field2":"-9.125"},{"created_at":"2020-01-17T23:09:10-08:00","entry_id":68951,"field1":"-8.875","field2":"-9.0625"},{"created_at":"2020-01-17T23:18:46-08:00","entry_id":68952,"field1":"-8.8125","field2":"-8.875"},{"created_at":"2020-01-17T23:28:22-08:00","entry_id":68953,"field1":"-8.8125","field2":"-8.75"},{"created_at":"2020-01-17T23:37:59-08:00","entry_id":68954,"field1":"-8.875","field2":"-8.625"},{"created_at":"2020-01-17T23:47:35-08:00","entry_id":68955,"field1":"-8.8125","field2":"-8.8125"},{"created_at":"2020-01-17T23:57:11-08:00","entry_id":68956,"field1":"-8.8125","field2":"-8.625"}]}