{"channel":{"id":581842,"name":"Upstairs Small Window Indoor / Outdoor Sensor","latitude":"0.0","longitude":"0.0","field1":"Indoor Temperature","field2":"Outdoor Temperature","created_at":"2018-09-23T15:37:52-07:00","updated_at":"2020-07-27T05:59:41-07:00","last_entry_id":150129},"feeds":[{"created_at":"2020-03-17T00:06:26-07:00","entry_id":77662,"field1":"-0.375","field2":"-2.9375"},{"created_at":"2020-03-17T00:16:03-07:00","entry_id":77663,"field1":"-0.375","field2":"-3.0625"},{"created_at":"2020-03-17T00:25:41-07:00","entry_id":77664,"field1":"-0.375","field2":"-3.125"},{"created_at":"2020-03-17T00:35:17-07:00","entry_id":77665,"field1":"-0.4375","field2":"-3.3125"},{"created_at":"2020-03-17T00:44:54-07:00","entry_id":77666,"field1":"-0.4375","field2":"-3.125"},{"created_at":"2020-03-17T00:54:31-07:00","entry_id":77667,"field1":"-0.4375","field2":"-3.25"},{"created_at":"2020-03-17T01:04:08-07:00","entry_id":77668,"field1":"-0.4375","field2":"-3.3125"},{"created_at":"2020-03-17T01:13:44-07:00","entry_id":77669,"field1":"-0.5","field2":"-3.25"},{"created_at":"2020-03-17T01:23:22-07:00","entry_id":77670,"field1":"-0.5","field2":"-3.375"},{"created_at":"2020-03-17T01:32:59-07:00","entry_id":77671,"field1":"-0.5625","field2":"-3.5"},{"created_at":"2020-03-17T01:42:36-07:00","entry_id":77672,"field1":"-0.5625","field2":"-3.5625"},{"created_at":"2020-03-17T01:52:13-07:00","entry_id":77673,"field1":"-0.5625","field2":"-3.4375"},{"created_at":"2020-03-17T02:01:49-07:00","entry_id":77674,"field1":"-0.5625","field2":"-3.5"},{"created_at":"2020-03-17T02:11:26-07:00","entry_id":77675,"field1":"-0.625","field2":"-3.5"},{"created_at":"2020-03-17T02:21:03-07:00","entry_id":77676,"field1":"-0.625","field2":"-3.5"},{"created_at":"2020-03-17T02:30:40-07:00","entry_id":77677,"field1":"-0.625","field2":"-3.75"},{"created_at":"2020-03-17T02:40:17-07:00","entry_id":77678,"field1":"-0.625","field2":"-3.8125"},{"created_at":"2020-03-17T02:49:53-07:00","entry_id":77679,"field1":"-0.625","field2":"-3.8125"},{"created_at":"2020-03-17T02:59:30-07:00","entry_id":77680,"field1":"-0.6875","field2":"-3.875"},{"created_at":"2020-03-17T03:09:07-07:00","entry_id":77681,"field1":"-0.6875","field2":"-3.9375"},{"created_at":"2020-03-17T03:18:45-07:00","entry_id":77682,"field1":"-0.6875","field2":"-4.125"},{"created_at":"2020-03-17T03:28:21-07:00","entry_id":77683,"field1":"-0.6875","field2":"-4.125"},{"created_at":"2020-03-17T03:37:58-07:00","entry_id":77684,"field1":"-0.75","field2":"-4.25"},{"created_at":"2020-03-17T03:47:35-07:00","entry_id":77685,"field1":"-0.75","field2":"-4.25"},{"created_at":"2020-03-17T03:57:12-07:00","entry_id":77686,"field1":"-0.75","field2":"-4.3125"},{"created_at":"2020-03-17T04:06:48-07:00","entry_id":77687,"field1":"-0.8125","field2":"-4.1875"},{"created_at":"2020-03-17T04:16:26-07:00","entry_id":77688,"field1":"-0.8125","field2":"-4.4375"},{"created_at":"2020-03-17T04:26:02-07:00","entry_id":77689,"field1":"-0.8125","field2":"-4.4375"},{"created_at":"2020-03-17T04:35:39-07:00","entry_id":77690,"field1":"-0.8125","field2":"-4.375"},{"created_at":"2020-03-17T04:45:16-07:00","entry_id":77691,"field1":"-0.8125","field2":"-4.5"},{"created_at":"2020-03-17T04:54:53-07:00","entry_id":77692,"field1":"-0.875","field2":"-4.4375"},{"created_at":"2020-03-17T05:04:29-07:00","entry_id":77693,"field1":"-0.875","field2":"-4.4375"},{"created_at":"2020-03-17T05:14:07-07:00","entry_id":77694,"field1":"-0.875","field2":"-4.6875"},{"created_at":"2020-03-17T05:23:43-07:00","entry_id":77695,"field1":"-0.875","field2":"-4.875"},{"created_at":"2020-03-17T05:33:20-07:00","entry_id":77696,"field1":"-0.9375","field2":"-4.9375"},{"created_at":"2020-03-17T05:42:57-07:00","entry_id":77697,"field1":"-0.9375","field2":"-4.875"},{"created_at":"2020-03-17T05:52:33-07:00","entry_id":77698,"field1":"-0.9375","field2":"-4.6875"},{"created_at":"2020-03-17T06:02:10-07:00","entry_id":77699,"field1":"-1","field2":"-4.75"},{"created_at":"2020-03-17T06:11:47-07:00","entry_id":77700,"field1":"-1","field2":"-4.9375"},{"created_at":"2020-03-17T06:21:24-07:00","entry_id":77701,"field1":"-1","field2":"-4.75"},{"created_at":"2020-03-17T06:31:01-07:00","entry_id":77702,"field1":"-1.0625","field2":"-5"},{"created_at":"2020-03-17T06:40:37-07:00","entry_id":77703,"field1":"-1.0625","field2":"-4.8125"},{"created_at":"2020-03-17T06:50:14-07:00","entry_id":77704,"field1":"-1.0625","field2":"-5.0625"},{"created_at":"2020-03-17T06:59:51-07:00","entry_id":77705,"field1":"-1.125","field2":"-5"},{"created_at":"2020-03-17T07:09:27-07:00","entry_id":77706,"field1":"-1.125","field2":"-5"},{"created_at":"2020-03-17T07:19:05-07:00","entry_id":77707,"field1":"-1.125","field2":"-4.8125"},{"created_at":"2020-03-17T07:28:41-07:00","entry_id":77708,"field1":"-1.125","field2":"-4.8125"},{"created_at":"2020-03-17T07:38:18-07:00","entry_id":77709,"field1":"-1.125","field2":"-4.875"},{"created_at":"2020-03-17T07:47:54-07:00","entry_id":77710,"field1":"-1.1875","field2":"-4.4375"},{"created_at":"2020-03-17T07:57:31-07:00","entry_id":77711,"field1":"-1.1875","field2":"-4.25"},{"created_at":"2020-03-17T08:07:07-07:00","entry_id":77712,"field1":"-1.1875","field2":"-4.0625"},{"created_at":"2020-03-17T08:16:44-07:00","entry_id":77713,"field1":"-1.1875","field2":"-4"},{"created_at":"2020-03-17T08:26:21-07:00","entry_id":77714,"field1":"-1.125","field2":"-3.5625"},{"created_at":"2020-03-17T08:35:58-07:00","entry_id":77715,"field1":"-0.9375","field2":"-3.4375"},{"created_at":"2020-03-17T08:45:35-07:00","entry_id":77716,"field1":"-0.6875","field2":"-3.3125"},{"created_at":"2020-03-17T08:55:12-07:00","entry_id":77717,"field1":"-0.25","field2":"-2.375"},{"created_at":"2020-03-17T09:04:49-07:00","entry_id":77718,"field1":"0.1875","field2":"-2.4375"},{"created_at":"2020-03-17T09:14:26-07:00","entry_id":77719,"field1":"0.5","field2":"-2.4375"},{"created_at":"2020-03-17T09:24:04-07:00","entry_id":77720,"field1":"0.5","field2":"-2.4375"},{"created_at":"2020-03-17T09:33:40-07:00","entry_id":77721,"field1":"0.5","field2":"-1.8125"},{"created_at":"2020-03-17T09:43:19-07:00","entry_id":77722,"field1":"0.625","field2":"-1.875"},{"created_at":"2020-03-17T09:52:55-07:00","entry_id":77723,"field1":"0.875","field2":"-1.3125"},{"created_at":"2020-03-17T10:02:32-07:00","entry_id":77724,"field1":"1","field2":"-1.9375"},{"created_at":"2020-03-17T10:12:09-07:00","entry_id":77725,"field1":"1.4375","field2":"-1.125"},{"created_at":"2020-03-17T10:21:47-07:00","entry_id":77726,"field1":"1.75","field2":"-1.125"},{"created_at":"2020-03-17T10:31:23-07:00","entry_id":77727,"field1":"1.5625","field2":"-1.8125"},{"created_at":"2020-03-17T10:41:01-07:00","entry_id":77728,"field1":"1.5","field2":"-1.8125"},{"created_at":"2020-03-17T10:50:38-07:00","entry_id":77729,"field1":"1.375","field2":"-0.875"},{"created_at":"2020-03-17T11:00:15-07:00","entry_id":77730,"field1":"1.25","field2":"-1.1875"},{"created_at":"2020-03-17T11:09:49-07:00","entry_id":77731,"field1":"1.25","field2":"-0.9375"},{"created_at":"2020-03-17T11:19:26-07:00","entry_id":77732,"field1":"1.3125","field2":"-0.75"},{"created_at":"2020-03-17T11:29:02-07:00","entry_id":77733,"field1":"1.5","field2":"-0.5625"},{"created_at":"2020-03-17T11:38:39-07:00","entry_id":77734,"field1":"1.625","field2":"-0.4375"},{"created_at":"2020-03-17T11:48:17-07:00","entry_id":77735,"field1":"1.6875","field2":"-0.0625"},{"created_at":"2020-03-17T11:57:53-07:00","entry_id":77736,"field1":"1.75","field2":"0.0625"},{"created_at":"2020-03-17T12:07:31-07:00","entry_id":77737,"field1":"1.75","field2":"0"},{"created_at":"2020-03-17T12:17:07-07:00","entry_id":77738,"field1":"1.8125","field2":"0.0625"},{"created_at":"2020-03-17T12:26:44-07:00","entry_id":77739,"field1":"1.875","field2":"0.3125"},{"created_at":"2020-03-17T12:36:21-07:00","entry_id":77740,"field1":"1.9375","field2":"0.875"},{"created_at":"2020-03-17T12:45:58-07:00","entry_id":77741,"field1":"2.0625","field2":"1.125"},{"created_at":"2020-03-17T12:55:35-07:00","entry_id":77742,"field1":"2.0625","field2":"1.25"},{"created_at":"2020-03-17T13:05:13-07:00","entry_id":77743,"field1":"2.0625","field2":"1.5"},{"created_at":"2020-03-17T13:14:50-07:00","entry_id":77744,"field1":"2.0625","field2":"1.75"},{"created_at":"2020-03-17T13:24:27-07:00","entry_id":77745,"field1":"2.0625","field2":"1.5"},{"created_at":"2020-03-17T13:34:03-07:00","entry_id":77746,"field1":"2.0625","field2":"1.875"},{"created_at":"2020-03-17T13:43:40-07:00","entry_id":77747,"field1":"2.0625","field2":"1.8125"},{"created_at":"2020-03-17T13:53:17-07:00","entry_id":77748,"field1":"2","field2":"1.875"},{"created_at":"2020-03-17T14:02:54-07:00","entry_id":77749,"field1":"2","field2":"2.3125"},{"created_at":"2020-03-17T14:12:30-07:00","entry_id":77750,"field1":"1.9375","field2":"2.5"},{"created_at":"2020-03-17T14:22:07-07:00","entry_id":77751,"field1":"1.9375","field2":"3.0625"},{"created_at":"2020-03-17T14:31:44-07:00","entry_id":77752,"field1":"1.9375","field2":"3.0625"},{"created_at":"2020-03-17T14:41:22-07:00","entry_id":77753,"field1":"1.9375","field2":"3"},{"created_at":"2020-03-17T14:51:00-07:00","entry_id":77754,"field1":"1.9375","field2":"3.1875"},{"created_at":"2020-03-17T15:00:36-07:00","entry_id":77755,"field1":"1.9375","field2":"3.0625"},{"created_at":"2020-03-17T15:10:13-07:00","entry_id":77756,"field1":"1.875","field2":"2.9375"},{"created_at":"2020-03-17T15:19:54-07:00","entry_id":77757,"field1":"1.875","field2":"2.875"},{"created_at":"2020-03-17T15:29:28-07:00","entry_id":77758,"field1":"1.875","field2":"2.75"},{"created_at":"2020-03-17T15:39:05-07:00","entry_id":77759,"field1":"1.875","field2":"2.625"},{"created_at":"2020-03-17T15:48:42-07:00","entry_id":77760,"field1":"1.875","field2":"2.3125"},{"created_at":"2020-03-17T15:58:20-07:00","entry_id":77761,"field1":"1.8125","field2":"2.3125"},{"created_at":"2020-03-17T16:07:56-07:00","entry_id":77762,"field1":"1.8125","field2":"2.125"},{"created_at":"2020-03-17T16:17:33-07:00","entry_id":77763,"field1":"1.8125","field2":"2.1875"},{"created_at":"2020-03-17T16:27:09-07:00","entry_id":77764,"field1":"1.8125","field2":"2.1875"},{"created_at":"2020-03-17T16:36:46-07:00","entry_id":77765,"field1":"1.75","field2":"2.0625"},{"created_at":"2020-03-17T16:46:24-07:00","entry_id":77766,"field1":"1.75","field2":"1.875"},{"created_at":"2020-03-17T16:56:00-07:00","entry_id":77767,"field1":"1.75","field2":"1.75"},{"created_at":"2020-03-17T17:05:37-07:00","entry_id":77768,"field1":"1.75","field2":"1.8125"},{"created_at":"2020-03-17T17:15:14-07:00","entry_id":77769,"field1":"1.75","field2":"1.75"},{"created_at":"2020-03-17T17:24:51-07:00","entry_id":77770,"field1":"1.75","field2":"1.6875"},{"created_at":"2020-03-17T17:34:28-07:00","entry_id":77771,"field1":"1.75","field2":"1.6875"},{"created_at":"2020-03-17T17:44:04-07:00","entry_id":77772,"field1":"1.6875","field2":"1.75"},{"created_at":"2020-03-17T17:53:42-07:00","entry_id":77773,"field1":"1.6875","field2":"1.6875"},{"created_at":"2020-03-17T18:03:19-07:00","entry_id":77774,"field1":"1.6875","field2":"1.625"},{"created_at":"2020-03-17T18:12:56-07:00","entry_id":77775,"field1":"1.6875","field2":"1.5"},{"created_at":"2020-03-17T18:22:33-07:00","entry_id":77776,"field1":"1.6875","field2":"1.4375"},{"created_at":"2020-03-17T18:32:14-07:00","entry_id":77777,"field1":"1.6875","field2":"1.3125"},{"created_at":"2020-03-17T18:41:49-07:00","entry_id":77778,"field1":"1.625","field2":"1.3125"},{"created_at":"2020-03-17T18:51:25-07:00","entry_id":77779,"field1":"1.625","field2":"1.1875"},{"created_at":"2020-03-17T19:01:02-07:00","entry_id":77780,"field1":"1.625","field2":"1.125"},{"created_at":"2020-03-17T19:10:39-07:00","entry_id":77781,"field1":"1.625","field2":"0.9375"},{"created_at":"2020-03-17T19:20:15-07:00","entry_id":77782,"field1":"1.5625","field2":"0.875"},{"created_at":"2020-03-17T19:29:52-07:00","entry_id":77783,"field1":"1.5625","field2":"0.875"},{"created_at":"2020-03-17T19:39:28-07:00","entry_id":77784,"field1":"1.5625","field2":"0.75"},{"created_at":"2020-03-17T19:49:07-07:00","entry_id":77785,"field1":"1.5625","field2":"0.75"},{"created_at":"2020-03-17T19:58:43-07:00","entry_id":77786,"field1":"1.5","field2":"0.625"},{"created_at":"2020-03-17T20:08:20-07:00","entry_id":77787,"field1":"1.5","field2":"0.5"},{"created_at":"2020-03-17T20:17:56-07:00","entry_id":77788,"field1":"1.5","field2":"0.3125"},{"created_at":"2020-03-17T20:27:33-07:00","entry_id":77789,"field1":"1.5","field2":"0.3125"},{"created_at":"2020-03-17T20:37:09-07:00","entry_id":77790,"field1":"1.4375","field2":"0.375"},{"created_at":"2020-03-17T20:46:46-07:00","entry_id":77791,"field1":"1.4375","field2":"0.0625"},{"created_at":"2020-03-17T20:56:22-07:00","entry_id":77792,"field1":"1.4375","field2":"0"},{"created_at":"2020-03-17T21:05:59-07:00","entry_id":77793,"field1":"1.4375","field2":"0.0625"},{"created_at":"2020-03-17T21:15:36-07:00","entry_id":77794,"field1":"1.4375","field2":"0.1875"},{"created_at":"2020-03-17T21:25:12-07:00","entry_id":77795,"field1":"1.4375","field2":"0.125"},{"created_at":"2020-03-17T21:34:49-07:00","entry_id":77796,"field1":"1.375","field2":"-0.125"},{"created_at":"2020-03-17T21:44:26-07:00","entry_id":77797,"field1":"1.375","field2":"-0.25"},{"created_at":"2020-03-17T21:54:02-07:00","entry_id":77798,"field1":"1.375","field2":"-0.375"},{"created_at":"2020-03-17T22:03:39-07:00","entry_id":77799,"field1":"1.3125","field2":"-0.4375"},{"created_at":"2020-03-17T22:13:16-07:00","entry_id":77800,"field1":"1.3125","field2":"-0.625"},{"created_at":"2020-03-17T22:22:53-07:00","entry_id":77801,"field1":"1.3125","field2":"-0.75"},{"created_at":"2020-03-17T22:32:30-07:00","entry_id":77802,"field1":"1.3125","field2":"-0.75"},{"created_at":"2020-03-17T22:42:06-07:00","entry_id":77803,"field1":"1.25","field2":"-0.875"},{"created_at":"2020-03-17T22:51:44-07:00","entry_id":77804,"field1":"1.25","field2":"-1.0625"},{"created_at":"2020-03-17T23:01:21-07:00","entry_id":77805,"field1":"1.25","field2":"-1.0625"},{"created_at":"2020-03-17T23:10:58-07:00","entry_id":77806,"field1":"1.1875","field2":"-1.1875"},{"created_at":"2020-03-17T23:20:35-07:00","entry_id":77807,"field1":"1.1875","field2":"-1.25"},{"created_at":"2020-03-17T23:30:12-07:00","entry_id":77808,"field1":"1.1875","field2":"-1.25"},{"created_at":"2020-03-17T23:39:48-07:00","entry_id":77809,"field1":"1.1875","field2":"-1.4375"},{"created_at":"2020-03-17T23:49:24-07:00","entry_id":77810,"field1":"1.1875","field2":"-1.5625"},{"created_at":"2020-03-17T23:59:02-07:00","entry_id":77811,"field1":"1.1875","field2":"-1.5625"}]}