{"channel":{"id":581842,"name":"Upstairs Small Window Indoor / Outdoor Sensor","latitude":"0.0","longitude":"0.0","field1":"Indoor Temperature","field2":"Outdoor Temperature","created_at":"2018-09-23T15:37:52-07:00","updated_at":"2020-07-27T05:59:41-07:00","last_entry_id":150129},"feeds":[{"created_at":"2020-11-20T00:01:14-08:00","entry_id":113183,"field1":"3.5625","field2":"1.3125"},{"created_at":"2020-11-20T00:10:52-08:00","entry_id":113184,"field1":"3.5625","field2":"1.3125"},{"created_at":"2020-11-20T00:20:29-08:00","entry_id":113185,"field1":"3.5625","field2":"1.375"},{"created_at":"2020-11-20T00:30:05-08:00","entry_id":113186,"field1":"3.5","field2":"1.375"},{"created_at":"2020-11-20T00:39:41-08:00","entry_id":113187,"field1":"3.5","field2":"1.375"},{"created_at":"2020-11-20T00:49:17-08:00","entry_id":113188,"field1":"3.5","field2":"1.375"},{"created_at":"2020-11-20T00:58:53-08:00","entry_id":113189,"field1":"3.5","field2":"1.375"},{"created_at":"2020-11-20T01:08:29-08:00","entry_id":113190,"field1":"3.5","field2":"1.375"},{"created_at":"2020-11-20T01:18:06-08:00","entry_id":113191,"field1":"3.5","field2":"1.4375"},{"created_at":"2020-11-20T01:27:42-08:00","entry_id":113192,"field1":"3.5","field2":"1.375"},{"created_at":"2020-11-20T01:37:20-08:00","entry_id":113193,"field1":"3.5","field2":"1.375"},{"created_at":"2020-11-20T01:46:56-08:00","entry_id":113194,"field1":"3.5","field2":"1.3125"},{"created_at":"2020-11-20T01:56:31-08:00","entry_id":113195,"field1":"3.4375","field2":"1.25"},{"created_at":"2020-11-20T02:06:08-08:00","entry_id":113196,"field1":"3.4375","field2":"1.3125"},{"created_at":"2020-11-20T02:15:46-08:00","entry_id":113197,"field1":"3.4375","field2":"1.4375"},{"created_at":"2020-11-20T02:25:23-08:00","entry_id":113198,"field1":"3.4375","field2":"1.4375"},{"created_at":"2020-11-20T02:34:57-08:00","entry_id":113199,"field1":"3.4375","field2":"1.5"},{"created_at":"2020-11-20T02:44:34-08:00","entry_id":113200,"field1":"3.4375","field2":"1.5625"},{"created_at":"2020-11-20T02:54:11-08:00","entry_id":113201,"field1":"3.4375","field2":"1.625"},{"created_at":"2020-11-20T03:03:48-08:00","entry_id":113202,"field1":"3.375","field2":"1.625"},{"created_at":"2020-11-20T03:13:25-08:00","entry_id":113203,"field1":"3.4375","field2":"1.625"},{"created_at":"2020-11-20T03:23:02-08:00","entry_id":113204,"field1":"3.375","field2":"1.5625"},{"created_at":"2020-11-20T03:32:39-08:00","entry_id":113205,"field1":"3.4375","field2":"1.5"},{"created_at":"2020-11-20T03:42:16-08:00","entry_id":113206,"field1":"3.375","field2":"1.5"},{"created_at":"2020-11-20T03:51:53-08:00","entry_id":113207,"field1":"3.375","field2":"1.5625"},{"created_at":"2020-11-20T04:01:28-08:00","entry_id":113208,"field1":"3.375","field2":"1.5625"},{"created_at":"2020-11-20T04:11:06-08:00","entry_id":113209,"field1":"3.375","field2":"1.625"},{"created_at":"2020-11-20T04:20:43-08:00","entry_id":113210,"field1":"3.375","field2":"1.625"},{"created_at":"2020-11-20T04:30:20-08:00","entry_id":113211,"field1":"3.375","field2":"1.5625"},{"created_at":"2020-11-20T04:39:57-08:00","entry_id":113212,"field1":"3.375","field2":"1.4375"},{"created_at":"2020-11-20T04:49:34-08:00","entry_id":113213,"field1":"3.375","field2":"1.3125"},{"created_at":"2020-11-20T04:59:09-08:00","entry_id":113214,"field1":"3.3125","field2":"1.25"},{"created_at":"2020-11-20T05:08:45-08:00","entry_id":113215,"field1":"3.375","field2":"1.25"},{"created_at":"2020-11-20T05:18:22-08:00","entry_id":113216,"field1":"3.3125","field2":"1.1875"},{"created_at":"2020-11-20T05:27:58-08:00","entry_id":113217,"field1":"3.3125","field2":"1.125"},{"created_at":"2020-11-20T05:37:36-08:00","entry_id":113218,"field1":"3.3125","field2":"1.1875"},{"created_at":"2020-11-20T05:47:12-08:00","entry_id":113219,"field1":"3.3125","field2":"1.25"},{"created_at":"2020-11-20T05:56:49-08:00","entry_id":113220,"field1":"3.3125","field2":"1.3125"},{"created_at":"2020-11-20T06:06:25-08:00","entry_id":113221,"field1":"3.3125","field2":"1.4375"},{"created_at":"2020-11-20T06:16:01-08:00","entry_id":113222,"field1":"3.3125","field2":"1.4375"},{"created_at":"2020-11-20T06:25:37-08:00","entry_id":113223,"field1":"3.3125","field2":"1.625"},{"created_at":"2020-11-20T06:35:15-08:00","entry_id":113224,"field1":"3.25","field2":"1.625"},{"created_at":"2020-11-20T06:44:50-08:00","entry_id":113225,"field1":"3.25","field2":"1.625"},{"created_at":"2020-11-20T06:54:26-08:00","entry_id":113226,"field1":"3.25","field2":"1.5625"},{"created_at":"2020-11-20T07:04:04-08:00","entry_id":113227,"field1":"3.25","field2":"1.5625"},{"created_at":"2020-11-20T07:13:40-08:00","entry_id":113228,"field1":"3.25","field2":"1.75"},{"created_at":"2020-11-20T07:23:16-08:00","entry_id":113229,"field1":"3.25","field2":"1.75"},{"created_at":"2020-11-20T07:32:54-08:00","entry_id":113230,"field1":"3.25","field2":"1.75"},{"created_at":"2020-11-20T07:42:31-08:00","entry_id":113231,"field1":"3.25","field2":"1.75"},{"created_at":"2020-11-20T07:52:06-08:00","entry_id":113232,"field1":"3.25","field2":"1.625"},{"created_at":"2020-11-20T08:01:44-08:00","entry_id":113233,"field1":"3.25","field2":"1.5"},{"created_at":"2020-11-20T08:11:21-08:00","entry_id":113234,"field1":"3.25","field2":"1.4375"},{"created_at":"2020-11-20T08:20:57-08:00","entry_id":113235,"field1":"3.25","field2":"1.5"},{"created_at":"2020-11-20T08:30:35-08:00","entry_id":113236,"field1":"3.25","field2":"1.4375"},{"created_at":"2020-11-20T08:40:13-08:00","entry_id":113237,"field1":"3.25","field2":"1.5625"},{"created_at":"2020-11-20T08:49:50-08:00","entry_id":113238,"field1":"3.25","field2":"1.5"},{"created_at":"2020-11-20T08:59:25-08:00","entry_id":113239,"field1":"3.25","field2":"1.5"},{"created_at":"2020-11-20T09:09:03-08:00","entry_id":113240,"field1":"3.25","field2":"1.625"},{"created_at":"2020-11-20T09:18:38-08:00","entry_id":113241,"field1":"3.1875","field2":"1.8125"},{"created_at":"2020-11-20T09:28:14-08:00","entry_id":113242,"field1":"3.25","field2":"2"},{"created_at":"2020-11-20T09:37:53-08:00","entry_id":113243,"field1":"3.1875","field2":"2.1875"},{"created_at":"2020-11-20T09:47:30-08:00","entry_id":113244,"field1":"3.25","field2":"2.3125"},{"created_at":"2020-11-20T09:57:05-08:00","entry_id":113245,"field1":"3.25","field2":"2.375"},{"created_at":"2020-11-20T10:06:43-08:00","entry_id":113246,"field1":"3.25","field2":"2.4375"},{"created_at":"2020-11-20T10:16:19-08:00","entry_id":113247,"field1":"3.25","field2":"2.6875"},{"created_at":"2020-11-20T10:25:55-08:00","entry_id":113248,"field1":"3.3125","field2":"3.125"},{"created_at":"2020-11-20T10:35:33-08:00","entry_id":113249,"field1":"3.3125","field2":"3.1875"},{"created_at":"2020-11-20T10:45:08-08:00","entry_id":113250,"field1":"3.375","field2":"3"},{"created_at":"2020-11-20T10:54:46-08:00","entry_id":113251,"field1":"3.375","field2":"3"},{"created_at":"2020-11-20T11:04:25-08:00","entry_id":113252,"field1":"3.375","field2":"3.0625"},{"created_at":"2020-11-20T11:14:01-08:00","entry_id":113253,"field1":"3.4375","field2":"3.125"},{"created_at":"2020-11-20T11:23:38-08:00","entry_id":113254,"field1":"3.4375","field2":"3.1875"},{"created_at":"2020-11-20T11:33:15-08:00","entry_id":113255,"field1":"3.4375","field2":"3.125"},{"created_at":"2020-11-20T11:42:52-08:00","entry_id":113256,"field1":"3.4375","field2":"3.3125"},{"created_at":"2020-11-20T11:52:29-08:00","entry_id":113257,"field1":"3.5","field2":"3.375"},{"created_at":"2020-11-20T12:02:06-08:00","entry_id":113258,"field1":"3.5","field2":"3.3125"},{"created_at":"2020-11-20T12:11:42-08:00","entry_id":113259,"field1":"3.5","field2":"3.375"},{"created_at":"2020-11-20T12:21:19-08:00","entry_id":113260,"field1":"3.5","field2":"3.375"},{"created_at":"2020-11-20T12:30:56-08:00","entry_id":113261,"field1":"3.5","field2":"3.4375"},{"created_at":"2020-11-20T12:40:33-08:00","entry_id":113262,"field1":"3.5","field2":"3.4375"},{"created_at":"2020-11-20T12:50:09-08:00","entry_id":113263,"field1":"3.5","field2":"3.4375"},{"created_at":"2020-11-20T12:59:45-08:00","entry_id":113264,"field1":"3.5","field2":"3.5"},{"created_at":"2020-11-20T13:09:22-08:00","entry_id":113265,"field1":"3.5","field2":"3.5"},{"created_at":"2020-11-20T13:18:59-08:00","entry_id":113266,"field1":"3.5","field2":"3.5"},{"created_at":"2020-11-20T13:28:34-08:00","entry_id":113267,"field1":"3.5","field2":"3.5"},{"created_at":"2020-11-20T13:38:10-08:00","entry_id":113268,"field1":"3.5","field2":"3.5"},{"created_at":"2020-11-20T13:47:46-08:00","entry_id":113269,"field1":"3.5625","field2":"3.5625"},{"created_at":"2020-11-20T13:57:24-08:00","entry_id":113270,"field1":"3.5625","field2":"3.625"},{"created_at":"2020-11-20T14:07:00-08:00","entry_id":113271,"field1":"3.5625","field2":"3.5625"},{"created_at":"2020-11-20T14:16:38-08:00","entry_id":113272,"field1":"3.5625","field2":"3.6875"},{"created_at":"2020-11-20T14:26:16-08:00","entry_id":113273,"field1":"3.5625","field2":"3.6875"},{"created_at":"2020-11-20T14:35:52-08:00","entry_id":113274,"field1":"3.5625","field2":"3.625"},{"created_at":"2020-11-20T14:45:28-08:00","entry_id":113275,"field1":"3.5625","field2":"3.5625"},{"created_at":"2020-11-20T14:55:06-08:00","entry_id":113276,"field1":"3.625","field2":"3.5"},{"created_at":"2020-11-20T15:04:41-08:00","entry_id":113277,"field1":"3.625","field2":"3.5"},{"created_at":"2020-11-20T15:14:18-08:00","entry_id":113278,"field1":"3.625","field2":"3.4375"},{"created_at":"2020-11-20T15:23:55-08:00","entry_id":113279,"field1":"3.625","field2":"3.375"},{"created_at":"2020-11-20T15:33:33-08:00","entry_id":113280,"field1":"3.625","field2":"3.25"},{"created_at":"2020-11-20T15:43:08-08:00","entry_id":113281,"field1":"3.625","field2":"3.1875"},{"created_at":"2020-11-20T15:52:47-08:00","entry_id":113282,"field1":"3.625","field2":"3.125"},{"created_at":"2020-11-20T16:02:23-08:00","entry_id":113283,"field1":"3.625","field2":"3"},{"created_at":"2020-11-20T16:11:59-08:00","entry_id":113284,"field1":"3.625","field2":"2.9375"},{"created_at":"2020-11-20T16:21:35-08:00","entry_id":113285,"field1":"3.625","field2":"2.875"},{"created_at":"2020-11-20T16:31:12-08:00","entry_id":113286,"field1":"3.625","field2":"2.8125"},{"created_at":"2020-11-20T16:40:48-08:00","entry_id":113287,"field1":"3.625","field2":"2.8125"},{"created_at":"2020-11-20T16:50:27-08:00","entry_id":113288,"field1":"3.625","field2":"2.75"},{"created_at":"2020-11-20T17:00:04-08:00","entry_id":113289,"field1":"3.6875","field2":"2.75"},{"created_at":"2020-11-20T17:09:41-08:00","entry_id":113290,"field1":"3.6875","field2":"2.6875"},{"created_at":"2020-11-20T17:19:16-08:00","entry_id":113291,"field1":"3.625","field2":"2.6875"},{"created_at":"2020-11-20T17:28:54-08:00","entry_id":113292,"field1":"3.625","field2":"2.6875"},{"created_at":"2020-11-20T17:38:31-08:00","entry_id":113293,"field1":"3.6875","field2":"2.625"},{"created_at":"2020-11-20T17:48:07-08:00","entry_id":113294,"field1":"3.625","field2":"2.625"},{"created_at":"2020-11-20T17:57:42-08:00","entry_id":113295,"field1":"3.625","field2":"2.625"},{"created_at":"2020-11-20T18:07:20-08:00","entry_id":113296,"field1":"3.625","field2":"2.5625"},{"created_at":"2020-11-20T18:16:55-08:00","entry_id":113297,"field1":"3.625","field2":"2.625"},{"created_at":"2020-11-20T18:26:34-08:00","entry_id":113298,"field1":"3.625","field2":"2.625"},{"created_at":"2020-11-20T18:36:11-08:00","entry_id":113299,"field1":"3.625","field2":"2.625"},{"created_at":"2020-11-20T18:45:48-08:00","entry_id":113300,"field1":"3.625","field2":"2.625"},{"created_at":"2020-11-20T18:55:26-08:00","entry_id":113301,"field1":"3.625","field2":"2.625"},{"created_at":"2020-11-20T19:05:03-08:00","entry_id":113302,"field1":"3.625","field2":"2.625"},{"created_at":"2020-11-20T19:14:38-08:00","entry_id":113303,"field1":"3.625","field2":"2.625"},{"created_at":"2020-11-20T19:24:16-08:00","entry_id":113304,"field1":"3.625","field2":"2.625"},{"created_at":"2020-11-20T19:33:53-08:00","entry_id":113305,"field1":"3.625","field2":"2.6875"},{"created_at":"2020-11-20T19:43:30-08:00","entry_id":113306,"field1":"3.5625","field2":"2.6875"},{"created_at":"2020-11-20T19:53:07-08:00","entry_id":113307,"field1":"3.625","field2":"2.75"},{"created_at":"2020-11-20T20:02:44-08:00","entry_id":113308,"field1":"3.5625","field2":"2.75"},{"created_at":"2020-11-20T20:12:20-08:00","entry_id":113309,"field1":"3.5625","field2":"2.75"},{"created_at":"2020-11-20T20:21:56-08:00","entry_id":113310,"field1":"3.625","field2":"2.75"},{"created_at":"2020-11-20T20:31:34-08:00","entry_id":113311,"field1":"3.5625","field2":"2.75"},{"created_at":"2020-11-20T20:41:09-08:00","entry_id":113312,"field1":"3.625","field2":"2.75"},{"created_at":"2020-11-20T20:50:46-08:00","entry_id":113313,"field1":"3.625","field2":"2.75"},{"created_at":"2020-11-20T21:00:24-08:00","entry_id":113314,"field1":"3.5625","field2":"2.75"},{"created_at":"2020-11-20T21:10:01-08:00","entry_id":113315,"field1":"3.5625","field2":"2.75"},{"created_at":"2020-11-20T21:19:38-08:00","entry_id":113316,"field1":"3.5625","field2":"2.625"},{"created_at":"2020-11-20T21:29:13-08:00","entry_id":113317,"field1":"3.5625","field2":"2.6875"},{"created_at":"2020-11-20T21:38:49-08:00","entry_id":113318,"field1":"3.5625","field2":"2.6875"},{"created_at":"2020-11-20T21:48:27-08:00","entry_id":113319,"field1":"3.625","field2":"2.625"},{"created_at":"2020-11-20T21:58:03-08:00","entry_id":113320,"field1":"3.5625","field2":"2.625"},{"created_at":"2020-11-20T22:07:39-08:00","entry_id":113321,"field1":"3.5625","field2":"2.625"},{"created_at":"2020-11-20T22:17:17-08:00","entry_id":113322,"field1":"3.5625","field2":"2.5625"},{"created_at":"2020-11-20T22:26:54-08:00","entry_id":113323,"field1":"3.5625","field2":"2.625"},{"created_at":"2020-11-20T22:36:30-08:00","entry_id":113324,"field1":"3.5625","field2":"2.625"},{"created_at":"2020-11-20T22:46:07-08:00","entry_id":113325,"field1":"3.5625","field2":"2.625"},{"created_at":"2020-11-20T22:55:44-08:00","entry_id":113326,"field1":"3.5625","field2":"2.5625"},{"created_at":"2020-11-20T23:05:21-08:00","entry_id":113327,"field1":"3.5625","field2":"2.625"},{"created_at":"2020-11-20T23:14:58-08:00","entry_id":113328,"field1":"3.5625","field2":"2.625"},{"created_at":"2020-11-20T23:24:35-08:00","entry_id":113329,"field1":"3.5625","field2":"2.5625"},{"created_at":"2020-11-20T23:34:11-08:00","entry_id":113330,"field1":"3.5625","field2":"2.5"},{"created_at":"2020-11-20T23:43:48-08:00","entry_id":113331,"field1":"3.5625","field2":"2.4375"},{"created_at":"2020-11-20T23:53:25-08:00","entry_id":113332,"field1":"3.5625","field2":"2.4375"}]}