{"channel":{"id":581842,"name":"Upstairs Small Window Indoor / Outdoor Sensor","latitude":"0.0","longitude":"0.0","field1":"Indoor Temperature","field2":"Outdoor Temperature","created_at":"2018-09-23T15:37:52-07:00","updated_at":"2020-07-27T05:59:41-07:00","last_entry_id":150129},"feeds":[{"created_at":"2020-03-13T00:07:07-07:00","entry_id":77064,"field1":"1.9375","field2":"-1.0625"},{"created_at":"2020-03-13T00:16:44-07:00","entry_id":77065,"field1":"1.9375","field2":"-1.125"},{"created_at":"2020-03-13T00:26:21-07:00","entry_id":77066,"field1":"1.9375","field2":"-1.3125"},{"created_at":"2020-03-13T00:35:58-07:00","entry_id":77067,"field1":"1.875","field2":"-1.4375"},{"created_at":"2020-03-13T00:45:34-07:00","entry_id":77068,"field1":"1.875","field2":"-1.625"},{"created_at":"2020-03-13T00:55:11-07:00","entry_id":77069,"field1":"1.875","field2":"-1.625"},{"created_at":"2020-03-13T01:04:48-07:00","entry_id":77070,"field1":"1.875","field2":"-1.6875"},{"created_at":"2020-03-13T01:14:25-07:00","entry_id":77071,"field1":"1.8125","field2":"-1.5625"},{"created_at":"2020-03-13T01:24:01-07:00","entry_id":77072,"field1":"1.8125","field2":"-1.625"},{"created_at":"2020-03-13T01:33:38-07:00","entry_id":77073,"field1":"1.8125","field2":"-1.5"},{"created_at":"2020-03-13T01:43:16-07:00","entry_id":77074,"field1":"1.75","field2":"-1.5625"},{"created_at":"2020-03-13T01:52:52-07:00","entry_id":77075,"field1":"1.75","field2":"-1.5625"},{"created_at":"2020-03-13T02:02:29-07:00","entry_id":77076,"field1":"1.75","field2":"-1.6875"},{"created_at":"2020-03-13T02:12:06-07:00","entry_id":77077,"field1":"1.75","field2":"-1.6875"},{"created_at":"2020-03-13T02:21:44-07:00","entry_id":77078,"field1":"1.6875","field2":"-1.75"},{"created_at":"2020-03-13T02:31:19-07:00","entry_id":77079,"field1":"1.6875","field2":"-1.875"},{"created_at":"2020-03-13T02:40:56-07:00","entry_id":77080,"field1":"1.6875","field2":"-1.8125"},{"created_at":"2020-03-13T02:50:33-07:00","entry_id":77081,"field1":"1.6875","field2":"-1.9375"},{"created_at":"2020-03-13T03:00:10-07:00","entry_id":77082,"field1":"1.625","field2":"-2"},{"created_at":"2020-03-13T03:09:47-07:00","entry_id":77083,"field1":"1.625","field2":"-2.0625"},{"created_at":"2020-03-13T03:19:25-07:00","entry_id":77084,"field1":"1.625","field2":"-2.125"},{"created_at":"2020-03-13T03:29:06-07:00","entry_id":77085,"field1":"1.5625","field2":"-2.125"},{"created_at":"2020-03-13T03:38:41-07:00","entry_id":77086,"field1":"1.5625","field2":"-2.125"},{"created_at":"2020-03-13T03:48:18-07:00","entry_id":77087,"field1":"1.5625","field2":"-2.0625"},{"created_at":"2020-03-13T03:57:54-07:00","entry_id":77088,"field1":"1.5","field2":"-2.0625"},{"created_at":"2020-03-13T04:07:30-07:00","entry_id":77089,"field1":"1.5","field2":"-2.0625"},{"created_at":"2020-03-13T04:17:09-07:00","entry_id":77090,"field1":"1.5","field2":"-2.125"},{"created_at":"2020-03-13T04:26:45-07:00","entry_id":77091,"field1":"1.5","field2":"-2.0625"},{"created_at":"2020-03-13T04:36:22-07:00","entry_id":77092,"field1":"1.4375","field2":"-2.125"},{"created_at":"2020-03-13T04:45:58-07:00","entry_id":77093,"field1":"1.4375","field2":"-2.25"},{"created_at":"2020-03-13T04:55:35-07:00","entry_id":77094,"field1":"1.4375","field2":"-2.1875"},{"created_at":"2020-03-13T05:05:11-07:00","entry_id":77095,"field1":"1.4375","field2":"-2.1875"},{"created_at":"2020-03-13T05:14:48-07:00","entry_id":77096,"field1":"1.375","field2":"-2.375"},{"created_at":"2020-03-13T05:24:25-07:00","entry_id":77097,"field1":"1.375","field2":"-2.25"},{"created_at":"2020-03-13T05:34:02-07:00","entry_id":77098,"field1":"1.375","field2":"-2.375"},{"created_at":"2020-03-13T05:43:39-07:00","entry_id":77099,"field1":"1.375","field2":"-2.3125"},{"created_at":"2020-03-13T05:53:16-07:00","entry_id":77100,"field1":"1.3125","field2":"-2.4375"},{"created_at":"2020-03-13T06:02:53-07:00","entry_id":77101,"field1":"1.3125","field2":"-2.3125"},{"created_at":"2020-03-13T06:12:29-07:00","entry_id":77102,"field1":"1.3125","field2":"-2.25"},{"created_at":"2020-03-13T06:22:06-07:00","entry_id":77103,"field1":"1.25","field2":"-2.3125"},{"created_at":"2020-03-13T06:31:43-07:00","entry_id":77104,"field1":"1.25","field2":"-2.5"},{"created_at":"2020-03-13T06:41:20-07:00","entry_id":77105,"field1":"1.25","field2":"-2.625"},{"created_at":"2020-03-13T06:50:56-07:00","entry_id":77106,"field1":"1.1875","field2":"-2.6875"},{"created_at":"2020-03-13T07:00:33-07:00","entry_id":77107,"field1":"1.1875","field2":"-2.6875"},{"created_at":"2020-03-13T07:10:10-07:00","entry_id":77108,"field1":"1.1875","field2":"-2.8125"},{"created_at":"2020-03-13T07:19:47-07:00","entry_id":77109,"field1":"1.1875","field2":"-2.5625"},{"created_at":"2020-03-13T07:29:23-07:00","entry_id":77110,"field1":"1.1875","field2":"-2.625"},{"created_at":"2020-03-13T07:39:00-07:00","entry_id":77111,"field1":"1.125","field2":"-2.6875"},{"created_at":"2020-03-13T07:48:36-07:00","entry_id":77112,"field1":"1.125","field2":"-2.625"},{"created_at":"2020-03-13T07:58:13-07:00","entry_id":77113,"field1":"1.125","field2":"-2.5"},{"created_at":"2020-03-13T08:07:50-07:00","entry_id":77114,"field1":"1.125","field2":"-2.6875"},{"created_at":"2020-03-13T08:17:27-07:00","entry_id":77115,"field1":"1.125","field2":"-2.6875"},{"created_at":"2020-03-13T08:27:05-07:00","entry_id":77116,"field1":"1.0625","field2":"-2.5"},{"created_at":"2020-03-13T08:36:41-07:00","entry_id":77117,"field1":"1.0625","field2":"-2.5"},{"created_at":"2020-03-13T08:46:19-07:00","entry_id":77118,"field1":"1.0625","field2":"-2.4375"},{"created_at":"2020-03-13T08:55:56-07:00","entry_id":77119,"field1":"1.0625","field2":"-2.1875"},{"created_at":"2020-03-13T09:05:33-07:00","entry_id":77120,"field1":"1.0625","field2":"-2.25"},{"created_at":"2020-03-13T09:15:10-07:00","entry_id":77121,"field1":"1.0625","field2":"-2.0625"},{"created_at":"2020-03-13T09:24:46-07:00","entry_id":77122,"field1":"1.0625","field2":"-1.6875"},{"created_at":"2020-03-13T09:34:23-07:00","entry_id":77123,"field1":"1.0625","field2":"-1.5"},{"created_at":"2020-03-13T09:43:59-07:00","entry_id":77124,"field1":"1.0625","field2":"-1.3125"},{"created_at":"2020-03-13T09:53:35-07:00","entry_id":77125,"field1":"0.9375","field2":"-1.1875"},{"created_at":"2020-03-13T10:03:16-07:00","entry_id":77126,"field1":"1","field2":"-0.9375"},{"created_at":"2020-03-13T10:12:52-07:00","entry_id":77127,"field1":"1","field2":"-0.75"},{"created_at":"2020-03-13T10:22:28-07:00","entry_id":77128,"field1":"1.0625","field2":"-0.75"},{"created_at":"2020-03-13T10:32:05-07:00","entry_id":77129,"field1":"1.125","field2":"-0.625"},{"created_at":"2020-03-13T10:41:42-07:00","entry_id":77130,"field1":"1.125","field2":"-0.5625"},{"created_at":"2020-03-13T10:51:19-07:00","entry_id":77131,"field1":"1.0625","field2":"-0.75"},{"created_at":"2020-03-13T11:00:55-07:00","entry_id":77132,"field1":"1.125","field2":"-0.5625"},{"created_at":"2020-03-13T11:10:33-07:00","entry_id":77133,"field1":"1.125","field2":"-0.3125"},{"created_at":"2020-03-13T11:20:09-07:00","entry_id":77134,"field1":"1.125","field2":"-0.1875"},{"created_at":"2020-03-13T11:29:46-07:00","entry_id":77135,"field1":"1.1875","field2":"0.125"},{"created_at":"2020-03-13T11:39:23-07:00","entry_id":77136,"field1":"1.1875","field2":"0.375"},{"created_at":"2020-03-13T11:48:59-07:00","entry_id":77137,"field1":"1.25","field2":"0.3125"},{"created_at":"2020-03-13T11:58:36-07:00","entry_id":77138,"field1":"1.25","field2":"0.4375"},{"created_at":"2020-03-13T12:08:13-07:00","entry_id":77139,"field1":"1.25","field2":"0.75"},{"created_at":"2020-03-13T12:17:50-07:00","entry_id":77140,"field1":"1.25","field2":"1.125"},{"created_at":"2020-03-13T12:27:27-07:00","entry_id":77141,"field1":"1.3125","field2":"1.25"},{"created_at":"2020-03-13T12:37:04-07:00","entry_id":77142,"field1":"1.3125","field2":"1.1875"},{"created_at":"2020-03-13T12:46:41-07:00","entry_id":77143,"field1":"1.3125","field2":"1.125"},{"created_at":"2020-03-13T12:56:17-07:00","entry_id":77144,"field1":"1.3125","field2":"1.4375"},{"created_at":"2020-03-13T13:05:54-07:00","entry_id":77145,"field1":"1.375","field2":"1.5625"},{"created_at":"2020-03-13T13:15:31-07:00","entry_id":77146,"field1":"1.375","field2":"1.5"},{"created_at":"2020-03-13T13:25:08-07:00","entry_id":77147,"field1":"1.375","field2":"1.9375"},{"created_at":"2020-03-13T13:34:45-07:00","entry_id":77148,"field1":"1.4375","field2":"1.625"},{"created_at":"2020-03-13T13:44:19-07:00","entry_id":77149,"field1":"1.4375","field2":"1.6875"},{"created_at":"2020-03-13T13:53:56-07:00","entry_id":77150,"field1":"1.4375","field2":"1.8125"},{"created_at":"2020-03-13T14:03:32-07:00","entry_id":77151,"field1":"1.5","field2":"1.9375"},{"created_at":"2020-03-13T14:13:10-07:00","entry_id":77152,"field1":"1.5","field2":"1.875"},{"created_at":"2020-03-13T14:22:47-07:00","entry_id":77153,"field1":"1.5","field2":"2.125"},{"created_at":"2020-03-13T14:32:24-07:00","entry_id":77154,"field1":"1.5","field2":"1.75"},{"created_at":"2020-03-13T14:42:01-07:00","entry_id":77155,"field1":"1.5625","field2":"2.0625"},{"created_at":"2020-03-13T14:51:38-07:00","entry_id":77156,"field1":"1.5625","field2":"2"},{"created_at":"2020-03-13T15:01:15-07:00","entry_id":77157,"field1":"1.5625","field2":"1.9375"},{"created_at":"2020-03-13T15:10:51-07:00","entry_id":77158,"field1":"1.5625","field2":"1.625"},{"created_at":"2020-03-13T15:20:28-07:00","entry_id":77159,"field1":"1.5625","field2":"1.8125"},{"created_at":"2020-03-13T15:30:05-07:00","entry_id":77160,"field1":"1.5625","field2":"1.75"},{"created_at":"2020-03-13T15:39:42-07:00","entry_id":77161,"field1":"1.625","field2":"1.625"},{"created_at":"2020-03-13T15:49:19-07:00","entry_id":77162,"field1":"1.625","field2":"1.5625"},{"created_at":"2020-03-13T15:58:57-07:00","entry_id":77163,"field1":"1.625","field2":"1.3125"},{"created_at":"2020-03-13T16:08:33-07:00","entry_id":77164,"field1":"1.625","field2":"1.5"},{"created_at":"2020-03-13T16:18:09-07:00","entry_id":77165,"field1":"1.625","field2":"1.5"},{"created_at":"2020-03-13T16:27:46-07:00","entry_id":77166,"field1":"1.625","field2":"1.625"},{"created_at":"2020-03-13T16:37:24-07:00","entry_id":77167,"field1":"1.625","field2":"1.4375"},{"created_at":"2020-03-13T16:47:00-07:00","entry_id":77168,"field1":"1.625","field2":"1.625"},{"created_at":"2020-03-13T16:56:37-07:00","entry_id":77169,"field1":"1.625","field2":"1.4375"},{"created_at":"2020-03-13T17:06:14-07:00","entry_id":77170,"field1":"1.625","field2":"1.25"},{"created_at":"2020-03-13T17:15:51-07:00","entry_id":77171,"field1":"1.625","field2":"1.375"},{"created_at":"2020-03-13T17:25:28-07:00","entry_id":77172,"field1":"1.625","field2":"1.125"},{"created_at":"2020-03-13T17:35:05-07:00","entry_id":77173,"field1":"1.625","field2":"1"},{"created_at":"2020-03-13T17:44:42-07:00","entry_id":77174,"field1":"1.625","field2":"0.8125"},{"created_at":"2020-03-13T17:54:18-07:00","entry_id":77175,"field1":"1.625","field2":"0.6875"},{"created_at":"2020-03-13T18:03:57-07:00","entry_id":77176,"field1":"1.625","field2":"0.5"},{"created_at":"2020-03-13T18:13:33-07:00","entry_id":77177,"field1":"1.5625","field2":"0.5"},{"created_at":"2020-03-13T18:23:11-07:00","entry_id":77178,"field1":"1.5625","field2":"0.6875"},{"created_at":"2020-03-13T18:32:48-07:00","entry_id":77179,"field1":"1.5625","field2":"0.25"},{"created_at":"2020-03-13T18:42:24-07:00","entry_id":77180,"field1":"1.5625","field2":"0.3125"},{"created_at":"2020-03-13T18:52:00-07:00","entry_id":77181,"field1":"1.5625","field2":"-0.125"},{"created_at":"2020-03-13T19:01:37-07:00","entry_id":77182,"field1":"1.5","field2":"-0.25"},{"created_at":"2020-03-13T19:11:14-07:00","entry_id":77183,"field1":"1.5","field2":"-0.375"},{"created_at":"2020-03-13T19:20:51-07:00","entry_id":77184,"field1":"1.5","field2":"-0.5"},{"created_at":"2020-03-13T19:30:28-07:00","entry_id":77185,"field1":"1.5","field2":"-0.625"},{"created_at":"2020-03-13T19:40:04-07:00","entry_id":77186,"field1":"1.4375","field2":"-0.625"},{"created_at":"2020-03-13T19:49:41-07:00","entry_id":77187,"field1":"1.4375","field2":"-0.8125"},{"created_at":"2020-03-13T19:59:18-07:00","entry_id":77188,"field1":"1.4375","field2":"-0.875"},{"created_at":"2020-03-13T20:08:55-07:00","entry_id":77189,"field1":"1.4375","field2":"-1"},{"created_at":"2020-03-13T20:18:31-07:00","entry_id":77190,"field1":"1.4375","field2":"-1.0625"},{"created_at":"2020-03-13T20:28:09-07:00","entry_id":77191,"field1":"1.375","field2":"-1.1875"},{"created_at":"2020-03-13T20:37:45-07:00","entry_id":77192,"field1":"1.375","field2":"-1.25"},{"created_at":"2020-03-13T20:47:23-07:00","entry_id":77193,"field1":"1.375","field2":"-1.3125"},{"created_at":"2020-03-13T20:57:00-07:00","entry_id":77194,"field1":"1.375","field2":"-1.4375"},{"created_at":"2020-03-13T21:06:37-07:00","entry_id":77195,"field1":"1.3125","field2":"-1.4375"},{"created_at":"2020-03-13T21:16:13-07:00","entry_id":77196,"field1":"1.3125","field2":"-1.625"},{"created_at":"2020-03-13T21:25:50-07:00","entry_id":77197,"field1":"1.3125","field2":"-1.625"},{"created_at":"2020-03-13T21:35:27-07:00","entry_id":77198,"field1":"1.3125","field2":"-1.75"},{"created_at":"2020-03-13T21:45:04-07:00","entry_id":77199,"field1":"1.25","field2":"-1.8125"},{"created_at":"2020-03-13T21:54:41-07:00","entry_id":77200,"field1":"1.3125","field2":"-1.8125"},{"created_at":"2020-03-13T22:04:18-07:00","entry_id":77201,"field1":"1.25","field2":"-1.875"},{"created_at":"2020-03-13T22:13:55-07:00","entry_id":77202,"field1":"1.25","field2":"-2"},{"created_at":"2020-03-13T22:23:31-07:00","entry_id":77203,"field1":"1.1875","field2":"-2.0625"},{"created_at":"2020-03-13T22:33:08-07:00","entry_id":77204,"field1":"1.1875","field2":"-2.25"},{"created_at":"2020-03-13T22:42:45-07:00","entry_id":77205,"field1":"1.1875","field2":"-2.25"},{"created_at":"2020-03-13T22:52:22-07:00","entry_id":77206,"field1":"1.1875","field2":"-2.3125"},{"created_at":"2020-03-13T23:01:59-07:00","entry_id":77207,"field1":"1.1875","field2":"-2.375"},{"created_at":"2020-03-13T23:11:35-07:00","entry_id":77208,"field1":"1.125","field2":"-2.4375"},{"created_at":"2020-03-13T23:21:13-07:00","entry_id":77209,"field1":"1.125","field2":"-2.5625"},{"created_at":"2020-03-13T23:30:49-07:00","entry_id":77210,"field1":"1.125","field2":"-2.5625"},{"created_at":"2020-03-13T23:40:26-07:00","entry_id":77211,"field1":"1.0625","field2":"-2.6875"},{"created_at":"2020-03-13T23:50:04-07:00","entry_id":77212,"field1":"1.0625","field2":"-2.6875"},{"created_at":"2020-03-13T23:59:40-07:00","entry_id":77213,"field1":"1.0625","field2":"-2.75"}]}