{"channel":{"id":581842,"name":"Upstairs Small Window Indoor / Outdoor Sensor","latitude":"0.0","longitude":"0.0","field1":"Indoor Temperature","field2":"Outdoor Temperature","created_at":"2018-09-23T15:37:52-07:00","updated_at":"2020-07-27T05:59:41-07:00","last_entry_id":150128},"feeds":[{"created_at":"2018-11-16T00:01:40-08:00","entry_id":6430,"field1":"2.375","field2":"2.3125"},{"created_at":"2018-11-16T00:11:16-08:00","entry_id":6431,"field1":"2.4375","field2":"2.4375"},{"created_at":"2018-11-16T00:20:53-08:00","entry_id":6432,"field1":"2.4375","field2":"2.25"},{"created_at":"2018-11-16T00:30:29-08:00","entry_id":6433,"field1":"2.375","field2":"2.125"},{"created_at":"2018-11-16T00:40:06-08:00","entry_id":6434,"field1":"2.4375","field2":"2.25"},{"created_at":"2018-11-16T00:49:43-08:00","entry_id":6435,"field1":"2.4375","field2":"2.1875"},{"created_at":"2018-11-16T00:59:21-08:00","entry_id":6436,"field1":"2.4375","field2":"2.25"},{"created_at":"2018-11-16T01:08:58-08:00","entry_id":6437,"field1":"2.4375","field2":"2.3125"},{"created_at":"2018-11-16T01:18:35-08:00","entry_id":6438,"field1":"2.4375","field2":"2.4375"},{"created_at":"2018-11-16T01:28:09-08:00","entry_id":6439,"field1":"2.4375","field2":"2.375"},{"created_at":"2018-11-16T01:37:47-08:00","entry_id":6440,"field1":"2.4375","field2":"2.3125"},{"created_at":"2018-11-16T01:47:23-08:00","entry_id":6441,"field1":"2.4375","field2":"2.375"},{"created_at":"2018-11-16T01:57:00-08:00","entry_id":6442,"field1":"2.4375","field2":"2.375"},{"created_at":"2018-11-16T02:06:37-08:00","entry_id":6443,"field1":"2.4375","field2":"2.3125"},{"created_at":"2018-11-16T02:16:14-08:00","entry_id":6444,"field1":"2.4375","field2":"2.375"},{"created_at":"2018-11-16T02:25:51-08:00","entry_id":6445,"field1":"2.4375","field2":"2.3125"},{"created_at":"2018-11-16T02:35:29-08:00","entry_id":6446,"field1":"2.5","field2":"2.5"},{"created_at":"2018-11-16T02:45:06-08:00","entry_id":6447,"field1":"2.4375","field2":"2.5"},{"created_at":"2018-11-16T02:54:43-08:00","entry_id":6448,"field1":"2.4375","field2":"2.4375"},{"created_at":"2018-11-16T03:04:19-08:00","entry_id":6449,"field1":"2.5","field2":"2.4375"},{"created_at":"2018-11-16T03:13:57-08:00","entry_id":6450,"field1":"2.5","field2":"2.375"},{"created_at":"2018-11-16T03:23:33-08:00","entry_id":6451,"field1":"2.5","field2":"2.4375"},{"created_at":"2018-11-16T03:33:10-08:00","entry_id":6452,"field1":"2.5","field2":"2.4375"},{"created_at":"2018-11-16T03:42:49-08:00","entry_id":6453,"field1":"2.5","field2":"2.4375"},{"created_at":"2018-11-16T03:52:25-08:00","entry_id":6454,"field1":"2.5","field2":"2.4375"},{"created_at":"2018-11-16T04:02:02-08:00","entry_id":6455,"field1":"2.5625","field2":"2.4375"},{"created_at":"2018-11-16T04:11:39-08:00","entry_id":6456,"field1":"2.5","field2":"2.4375"},{"created_at":"2018-11-16T04:21:16-08:00","entry_id":6457,"field1":"2.5","field2":"2.4375"},{"created_at":"2018-11-16T04:30:53-08:00","entry_id":6458,"field1":"2.5","field2":"2.4375"},{"created_at":"2018-11-16T04:40:31-08:00","entry_id":6459,"field1":"2.5","field2":"2.4375"},{"created_at":"2018-11-16T04:50:08-08:00","entry_id":6460,"field1":"2.5","field2":"2.375"},{"created_at":"2018-11-16T04:59:45-08:00","entry_id":6461,"field1":"2.5","field2":"2.3125"},{"created_at":"2018-11-16T05:09:21-08:00","entry_id":6462,"field1":"2.5","field2":"2.375"},{"created_at":"2018-11-16T05:18:58-08:00","entry_id":6463,"field1":"2.5","field2":"2.3125"},{"created_at":"2018-11-16T05:28:35-08:00","entry_id":6464,"field1":"2.5625","field2":"2.3125"},{"created_at":"2018-11-16T05:38:12-08:00","entry_id":6465,"field1":"2.5","field2":"2.3125"},{"created_at":"2018-11-16T05:47:49-08:00","entry_id":6466,"field1":"2.5625","field2":"2.3125"},{"created_at":"2018-11-16T05:57:26-08:00","entry_id":6467,"field1":"2.5625","field2":"2.25"},{"created_at":"2018-11-16T06:07:03-08:00","entry_id":6468,"field1":"2.5","field2":"2.3125"},{"created_at":"2018-11-16T06:16:40-08:00","entry_id":6469,"field1":"2.5","field2":"2.375"},{"created_at":"2018-11-16T06:26:17-08:00","entry_id":6470,"field1":"2.5","field2":"2.375"},{"created_at":"2018-11-16T06:35:54-08:00","entry_id":6471,"field1":"2.5","field2":"2.375"},{"created_at":"2018-11-16T06:45:30-08:00","entry_id":6472,"field1":"2.5625","field2":"2.4375"},{"created_at":"2018-11-16T06:55:08-08:00","entry_id":6473,"field1":"2.5625","field2":"2.4375"},{"created_at":"2018-11-16T07:04:45-08:00","entry_id":6474,"field1":"2.5625","field2":"2.5"},{"created_at":"2018-11-16T07:14:22-08:00","entry_id":6475,"field1":"2.5625","field2":"2.4375"},{"created_at":"2018-11-16T07:23:59-08:00","entry_id":6476,"field1":"2.5625","field2":"2.4375"},{"created_at":"2018-11-16T07:33:37-08:00","entry_id":6477,"field1":"2.5625","field2":"2.5"},{"created_at":"2018-11-16T07:43:14-08:00","entry_id":6478,"field1":"2.5625","field2":"2.5625"},{"created_at":"2018-11-16T07:52:51-08:00","entry_id":6479,"field1":"2.5625","field2":"2.625"},{"created_at":"2018-11-16T08:02:28-08:00","entry_id":6480,"field1":"2.5625","field2":"2.6875"},{"created_at":"2018-11-16T08:12:05-08:00","entry_id":6481,"field1":"2.5625","field2":"2.75"},{"created_at":"2018-11-16T08:21:42-08:00","entry_id":6482,"field1":"2.5625","field2":"2.6875"},{"created_at":"2018-11-16T08:31:19-08:00","entry_id":6483,"field1":"2.625","field2":"2.8125"},{"created_at":"2018-11-16T08:40:57-08:00","entry_id":6484,"field1":"2.625","field2":"2.75"},{"created_at":"2018-11-16T08:50:33-08:00","entry_id":6485,"field1":"2.625","field2":"2.5625"},{"created_at":"2018-11-16T09:00:13-08:00","entry_id":6486,"field1":"2.625","field2":"2.5"},{"created_at":"2018-11-16T09:09:59-08:00","entry_id":6487,"field1":"2.625","field2":"2.8125"},{"created_at":"2018-11-16T09:19:36-08:00","entry_id":6488,"field1":"2.625","field2":"2.875"},{"created_at":"2018-11-16T09:29:13-08:00","entry_id":6489,"field1":"2.6875","field2":"3"},{"created_at":"2018-11-16T09:38:50-08:00","entry_id":6490,"field1":"2.6875","field2":"2.9375"},{"created_at":"2018-11-16T09:48:28-08:00","entry_id":6491,"field1":"2.6875","field2":"3.25"},{"created_at":"2018-11-16T09:58:04-08:00","entry_id":6492,"field1":"2.75","field2":"3.3125"},{"created_at":"2018-11-16T10:07:41-08:00","entry_id":6493,"field1":"2.8125","field2":"3.5"},{"created_at":"2018-11-16T10:17:18-08:00","entry_id":6494,"field1":"2.75","field2":"3.6875"},{"created_at":"2018-11-16T10:26:55-08:00","entry_id":6495,"field1":"2.75","field2":"3.6875"},{"created_at":"2018-11-16T10:36:33-08:00","entry_id":6496,"field1":"2.8125","field2":"3.625"},{"created_at":"2018-11-16T10:46:10-08:00","entry_id":6497,"field1":"2.8125","field2":"3.6875"},{"created_at":"2018-11-16T10:55:47-08:00","entry_id":6498,"field1":"2.8125","field2":"3.9375"},{"created_at":"2018-11-16T11:05:24-08:00","entry_id":6499,"field1":"2.875","field2":"3.8125"},{"created_at":"2018-11-16T11:15:01-08:00","entry_id":6500,"field1":"2.875","field2":"3.875"},{"created_at":"2018-11-16T11:24:37-08:00","entry_id":6501,"field1":"2.875","field2":"4"},{"created_at":"2018-11-16T11:34:16-08:00","entry_id":6502,"field1":"2.875","field2":"4.125"},{"created_at":"2018-11-16T11:43:52-08:00","entry_id":6503,"field1":"2.9375","field2":"4.0625"},{"created_at":"2018-11-16T11:53:28-08:00","entry_id":6504,"field1":"2.9375","field2":"4.0625"},{"created_at":"2018-11-16T12:03:05-08:00","entry_id":6505,"field1":"2.9375","field2":"4.0625"},{"created_at":"2018-11-16T12:12:42-08:00","entry_id":6506,"field1":"3","field2":"4.1875"},{"created_at":"2018-11-16T12:22:18-08:00","entry_id":6507,"field1":"3","field2":"4.3125"},{"created_at":"2018-11-16T12:31:57-08:00","entry_id":6508,"field1":"3","field2":"4.3125"},{"created_at":"2018-11-16T12:41:34-08:00","entry_id":6509,"field1":"3","field2":"4.3125"},{"created_at":"2018-11-16T12:51:11-08:00","entry_id":6510,"field1":"3.0625","field2":"4.25"},{"created_at":"2018-11-16T13:00:49-08:00","entry_id":6511,"field1":"3.0625","field2":"4.375"},{"created_at":"2018-11-16T13:10:26-08:00","entry_id":6512,"field1":"3.0625","field2":"4.375"},{"created_at":"2018-11-16T13:20:02-08:00","entry_id":6513,"field1":"3.0625","field2":"4.3125"},{"created_at":"2018-11-16T13:29:40-08:00","entry_id":6514,"field1":"3.125","field2":"4.375"},{"created_at":"2018-11-16T13:39:17-08:00","entry_id":6515,"field1":"3.125","field2":"4.375"},{"created_at":"2018-11-16T13:48:54-08:00","entry_id":6516,"field1":"3.125","field2":"4.3125"},{"created_at":"2018-11-16T13:58:31-08:00","entry_id":6517,"field1":"3.125","field2":"4.3125"},{"created_at":"2018-11-16T14:08:10-08:00","entry_id":6518,"field1":"3.1875","field2":"4.3125"},{"created_at":"2018-11-16T14:17:46-08:00","entry_id":6519,"field1":"3.1875","field2":"4.3125"},{"created_at":"2018-11-16T14:27:24-08:00","entry_id":6520,"field1":"3.1875","field2":"4.375"},{"created_at":"2018-11-16T14:37:01-08:00","entry_id":6521,"field1":"3.1875","field2":"4.3125"},{"created_at":"2018-11-16T14:46:38-08:00","entry_id":6522,"field1":"3.1875","field2":"4.25"},{"created_at":"2018-11-16T14:56:14-08:00","entry_id":6523,"field1":"3.25","field2":"4.25"},{"created_at":"2018-11-16T15:05:52-08:00","entry_id":6524,"field1":"3.25","field2":"4.1875"},{"created_at":"2018-11-16T15:15:29-08:00","entry_id":6525,"field1":"3.25","field2":"4"},{"created_at":"2018-11-16T15:25:06-08:00","entry_id":6526,"field1":"3.25","field2":"3.9375"},{"created_at":"2018-11-16T15:34:43-08:00","entry_id":6527,"field1":"3.3125","field2":"3.75"},{"created_at":"2018-11-16T15:44:20-08:00","entry_id":6528,"field1":"3.3125","field2":"3.625"},{"created_at":"2018-11-16T15:53:57-08:00","entry_id":6529,"field1":"3.3125","field2":"3.375"},{"created_at":"2018-11-16T16:03:35-08:00","entry_id":6530,"field1":"3.3125","field2":"3.125"},{"created_at":"2018-11-16T16:13:12-08:00","entry_id":6531,"field1":"3.3125","field2":"2.9375"},{"created_at":"2018-11-16T16:22:48-08:00","entry_id":6532,"field1":"3.3125","field2":"2.6875"},{"created_at":"2018-11-16T16:32:25-08:00","entry_id":6533,"field1":"3.3125","field2":"2.625"},{"created_at":"2018-11-16T16:42:02-08:00","entry_id":6534,"field1":"3.3125","field2":"2.5"},{"created_at":"2018-11-16T16:51:39-08:00","entry_id":6535,"field1":"3.375","field2":"2.3125"},{"created_at":"2018-11-16T17:01:16-08:00","entry_id":6536,"field1":"3.3125","field2":"2.4375"},{"created_at":"2018-11-16T17:10:53-08:00","entry_id":6537,"field1":"3.3125","field2":"2.3125"},{"created_at":"2018-11-16T17:20:31-08:00","entry_id":6538,"field1":"3.3125","field2":"2.1875"},{"created_at":"2018-11-16T17:30:09-08:00","entry_id":6539,"field1":"3.3125","field2":"2.3125"},{"created_at":"2018-11-16T17:39:46-08:00","entry_id":6540,"field1":"3.25","field2":"2.1875"},{"created_at":"2018-11-16T17:49:24-08:00","entry_id":6541,"field1":"3.25","field2":"2.1875"},{"created_at":"2018-11-16T17:59:01-08:00","entry_id":6542,"field1":"3.25","field2":"2.0625"},{"created_at":"2018-11-16T18:08:38-08:00","entry_id":6543,"field1":"3.1875","field2":"2"},{"created_at":"2018-11-16T18:18:15-08:00","entry_id":6544,"field1":"3.25","field2":"2.125"},{"created_at":"2018-11-16T18:27:52-08:00","entry_id":6545,"field1":"3.1875","field2":"2.125"},{"created_at":"2018-11-16T18:37:29-08:00","entry_id":6546,"field1":"3.1875","field2":"2"},{"created_at":"2018-11-16T18:47:06-08:00","entry_id":6547,"field1":"3.1875","field2":"1.625"},{"created_at":"2018-11-16T18:56:42-08:00","entry_id":6548,"field1":"3.1875","field2":"1.25"},{"created_at":"2018-11-16T19:06:20-08:00","entry_id":6549,"field1":"3.1875","field2":"1.0625"},{"created_at":"2018-11-16T19:15:56-08:00","entry_id":6550,"field1":"3.1875","field2":"1.0625"},{"created_at":"2018-11-16T19:25:35-08:00","entry_id":6551,"field1":"3.125","field2":"0.875"},{"created_at":"2018-11-16T19:35:11-08:00","entry_id":6552,"field1":"3.125","field2":"0.8125"},{"created_at":"2018-11-16T19:44:48-08:00","entry_id":6553,"field1":"3.125","field2":"0.8125"},{"created_at":"2018-11-16T19:54:24-08:00","entry_id":6554,"field1":"3.125","field2":"1.125"},{"created_at":"2018-11-16T20:04:01-08:00","entry_id":6555,"field1":"3.125","field2":"1.3125"},{"created_at":"2018-11-16T20:13:38-08:00","entry_id":6556,"field1":"3.125","field2":"1.375"},{"created_at":"2018-11-16T20:23:16-08:00","entry_id":6557,"field1":"3.0625","field2":"1.4375"},{"created_at":"2018-11-16T20:32:53-08:00","entry_id":6558,"field1":"3.0625","field2":"1.375"},{"created_at":"2018-11-16T20:42:31-08:00","entry_id":6559,"field1":"3.0625","field2":"1.3125"},{"created_at":"2018-11-16T20:52:08-08:00","entry_id":6560,"field1":"3.0625","field2":"1.25"},{"created_at":"2018-11-16T21:01:45-08:00","entry_id":6561,"field1":"3.0625","field2":"1.4375"},{"created_at":"2018-11-16T21:11:21-08:00","entry_id":6562,"field1":"3","field2":"1.4375"},{"created_at":"2018-11-16T21:20:59-08:00","entry_id":6563,"field1":"3","field2":"1.3125"},{"created_at":"2018-11-16T21:40:50-08:00","entry_id":6564,"field1":"3","field2":"1.3125"},{"created_at":"2018-11-16T21:50:28-08:00","entry_id":6565,"field1":"3","field2":"1.5625"},{"created_at":"2018-11-16T22:00:05-08:00","entry_id":6566,"field1":"3","field2":"1.5"},{"created_at":"2018-11-16T22:09:43-08:00","entry_id":6567,"field1":"3","field2":"1.6875"},{"created_at":"2018-11-16T22:19:21-08:00","entry_id":6568,"field1":"3","field2":"1.6875"},{"created_at":"2018-11-16T22:28:58-08:00","entry_id":6569,"field1":"2.9375","field2":"1.5625"},{"created_at":"2018-11-16T22:38:34-08:00","entry_id":6570,"field1":"3","field2":"1.6875"},{"created_at":"2018-11-16T22:48:11-08:00","entry_id":6571,"field1":"3","field2":"1.625"},{"created_at":"2018-11-16T22:57:49-08:00","entry_id":6572,"field1":"3","field2":"1.625"},{"created_at":"2018-11-16T23:07:25-08:00","entry_id":6573,"field1":"2.9375","field2":"1.4375"},{"created_at":"2018-11-16T23:17:04-08:00","entry_id":6574,"field1":"3","field2":"1.25"},{"created_at":"2018-11-16T23:26:40-08:00","entry_id":6575,"field1":"2.9375","field2":"1.3125"},{"created_at":"2018-11-16T23:36:17-08:00","entry_id":6576,"field1":"2.9375","field2":"1.125"},{"created_at":"2018-11-16T23:45:54-08:00","entry_id":6577,"field1":"2.9375","field2":"1.25"},{"created_at":"2018-11-16T23:55:30-08:00","entry_id":6578,"field1":"2.9375","field2":"1.3125"}]}