{"channel":{"id":581842,"name":"Upstairs Small Window Indoor / Outdoor Sensor","latitude":"0.0","longitude":"0.0","field1":"Indoor Temperature","field2":"Outdoor Temperature","created_at":"2018-09-23T15:37:52-07:00","updated_at":"2020-07-27T05:59:41-07:00","last_entry_id":150128},"feeds":[{"created_at":"2018-11-23T00:06:24-08:00","entry_id":7477,"field1":"2.375","field2":"2.1875"},{"created_at":"2018-11-23T00:16:01-08:00","entry_id":7478,"field1":"2.375","field2":"2.125"},{"created_at":"2018-11-23T00:25:39-08:00","entry_id":7479,"field1":"2.375","field2":"2.125"},{"created_at":"2018-11-23T00:35:15-08:00","entry_id":7480,"field1":"2.375","field2":"2.25"},{"created_at":"2018-11-23T00:44:51-08:00","entry_id":7481,"field1":"2.375","field2":"2.25"},{"created_at":"2018-11-23T00:54:27-08:00","entry_id":7482,"field1":"2.375","field2":"2.3125"},{"created_at":"2018-11-23T01:04:04-08:00","entry_id":7483,"field1":"2.4375","field2":"2.3125"},{"created_at":"2018-11-23T01:13:41-08:00","entry_id":7484,"field1":"2.4375","field2":"2.625"},{"created_at":"2018-11-23T01:23:18-08:00","entry_id":7485,"field1":"2.4375","field2":"2.75"},{"created_at":"2018-11-23T01:32:54-08:00","entry_id":7486,"field1":"2.4375","field2":"2.75"},{"created_at":"2018-11-23T01:42:31-08:00","entry_id":7487,"field1":"2.4375","field2":"2.8125"},{"created_at":"2018-11-23T01:52:08-08:00","entry_id":7488,"field1":"2.4375","field2":"2.8125"},{"created_at":"2018-11-23T02:01:45-08:00","entry_id":7489,"field1":"2.4375","field2":"2.8125"},{"created_at":"2018-11-23T02:11:23-08:00","entry_id":7490,"field1":"2.4375","field2":"2.625"},{"created_at":"2018-11-23T02:21:00-08:00","entry_id":7491,"field1":"2.4375","field2":"2.625"},{"created_at":"2018-11-23T02:30:36-08:00","entry_id":7492,"field1":"2.5","field2":"2.5625"},{"created_at":"2018-11-23T02:40:13-08:00","entry_id":7493,"field1":"2.5","field2":"2.5625"},{"created_at":"2018-11-23T02:49:50-08:00","entry_id":7494,"field1":"2.5","field2":"2.5625"},{"created_at":"2018-11-23T02:59:26-08:00","entry_id":7495,"field1":"2.5","field2":"2.5"},{"created_at":"2018-11-23T03:09:04-08:00","entry_id":7496,"field1":"2.5","field2":"2.5"},{"created_at":"2018-11-23T03:18:40-08:00","entry_id":7497,"field1":"2.5","field2":"2.4375"},{"created_at":"2018-11-23T03:28:17-08:00","entry_id":7498,"field1":"2.5625","field2":"2.4375"},{"created_at":"2018-11-23T03:37:54-08:00","entry_id":7499,"field1":"2.5","field2":"2.375"},{"created_at":"2018-11-23T03:47:30-08:00","entry_id":7500,"field1":"2.5","field2":"2.375"},{"created_at":"2018-11-23T03:57:08-08:00","entry_id":7501,"field1":"2.5","field2":"2.375"},{"created_at":"2018-11-23T04:06:44-08:00","entry_id":7502,"field1":"2.5","field2":"2.375"},{"created_at":"2018-11-23T04:16:23-08:00","entry_id":7503,"field1":"2.5","field2":"2.375"},{"created_at":"2018-11-23T04:25:59-08:00","entry_id":7504,"field1":"2.5","field2":"2.375"},{"created_at":"2018-11-23T04:35:36-08:00","entry_id":7505,"field1":"2.5","field2":"2.375"},{"created_at":"2018-11-23T04:45:13-08:00","entry_id":7506,"field1":"2.5","field2":"2.375"},{"created_at":"2018-11-23T04:54:50-08:00","entry_id":7507,"field1":"2.5","field2":"2.375"},{"created_at":"2018-11-23T05:04:27-08:00","entry_id":7508,"field1":"2.5","field2":"2.4375"},{"created_at":"2018-11-23T05:14:05-08:00","entry_id":7509,"field1":"2.5","field2":"2.375"},{"created_at":"2018-11-23T05:23:42-08:00","entry_id":7510,"field1":"2.5","field2":"2.375"},{"created_at":"2018-11-23T05:33:19-08:00","entry_id":7511,"field1":"2.5","field2":"2.375"},{"created_at":"2018-11-23T05:42:56-08:00","entry_id":7512,"field1":"2.5","field2":"2.375"},{"created_at":"2018-11-23T05:52:36-08:00","entry_id":7513,"field1":"2.5","field2":"2.4375"},{"created_at":"2018-11-23T06:02:12-08:00","entry_id":7514,"field1":"2.5","field2":"2.4375"},{"created_at":"2018-11-23T06:11:51-08:00","entry_id":7515,"field1":"2.5","field2":"2.375"},{"created_at":"2018-11-23T06:21:27-08:00","entry_id":7516,"field1":"2.5","field2":"2.375"},{"created_at":"2018-11-23T06:31:04-08:00","entry_id":7517,"field1":"2.5","field2":"2.375"},{"created_at":"2018-11-23T06:40:41-08:00","entry_id":7518,"field1":"2.5625","field2":"2.375"},{"created_at":"2018-11-23T06:50:18-08:00","entry_id":7519,"field1":"2.5625","field2":"2.375"},{"created_at":"2018-11-23T06:59:55-08:00","entry_id":7520,"field1":"2.5","field2":"2.375"},{"created_at":"2018-11-23T07:09:32-08:00","entry_id":7521,"field1":"2.5","field2":"2.4375"},{"created_at":"2018-11-23T07:19:09-08:00","entry_id":7522,"field1":"2.5625","field2":"2.4375"},{"created_at":"2018-11-23T07:28:46-08:00","entry_id":7523,"field1":"2.5625","field2":"2.4375"},{"created_at":"2018-11-23T07:38:24-08:00","entry_id":7524,"field1":"2.5","field2":"2.4375"},{"created_at":"2018-11-23T07:48:00-08:00","entry_id":7525,"field1":"2.5","field2":"2.4375"},{"created_at":"2018-11-23T07:57:37-08:00","entry_id":7526,"field1":"2.5625","field2":"2.4375"},{"created_at":"2018-11-23T08:07:13-08:00","entry_id":7527,"field1":"2.5625","field2":"2.4375"},{"created_at":"2018-11-23T08:16:50-08:00","entry_id":7528,"field1":"2.5625","field2":"2.5"},{"created_at":"2018-11-23T08:26:27-08:00","entry_id":7529,"field1":"2.5625","field2":"2.6875"},{"created_at":"2018-11-23T08:36:04-08:00","entry_id":7530,"field1":"2.5625","field2":"2.625"},{"created_at":"2018-11-23T08:45:41-08:00","entry_id":7531,"field1":"2.5625","field2":"2.625"},{"created_at":"2018-11-23T08:55:18-08:00","entry_id":7532,"field1":"2.5625","field2":"2.6875"},{"created_at":"2018-11-23T09:04:55-08:00","entry_id":7533,"field1":"2.5625","field2":"2.6875"},{"created_at":"2018-11-23T09:14:32-08:00","entry_id":7534,"field1":"2.5625","field2":"2.6875"},{"created_at":"2018-11-23T09:24:09-08:00","entry_id":7535,"field1":"2.5625","field2":"2.8125"},{"created_at":"2018-11-23T09:33:46-08:00","entry_id":7536,"field1":"2.5625","field2":"2.9375"},{"created_at":"2018-11-23T09:43:23-08:00","entry_id":7537,"field1":"2.625","field2":"3.0625"},{"created_at":"2018-11-23T09:53:00-08:00","entry_id":7538,"field1":"2.6875","field2":"3.125"},{"created_at":"2018-11-23T10:02:37-08:00","entry_id":7539,"field1":"2.6875","field2":"3.1875"},{"created_at":"2018-11-23T10:12:18-08:00","entry_id":7540,"field1":"2.6875","field2":"3.25"},{"created_at":"2018-11-23T10:21:53-08:00","entry_id":7541,"field1":"2.75","field2":"3.375"},{"created_at":"2018-11-23T10:31:30-08:00","entry_id":7542,"field1":"2.6875","field2":"3.25"},{"created_at":"2018-11-23T10:41:08-08:00","entry_id":7543,"field1":"2.75","field2":"3.25"},{"created_at":"2018-11-23T10:50:44-08:00","entry_id":7544,"field1":"2.75","field2":"3.3125"},{"created_at":"2018-11-23T11:00:21-08:00","entry_id":7545,"field1":"2.75","field2":"3.25"},{"created_at":"2018-11-23T11:09:57-08:00","entry_id":7546,"field1":"2.8125","field2":"3.3125"},{"created_at":"2018-11-23T11:19:34-08:00","entry_id":7547,"field1":"2.8125","field2":"3.5625"},{"created_at":"2018-11-23T11:29:11-08:00","entry_id":7548,"field1":"2.8125","field2":"3.6875"},{"created_at":"2018-11-23T11:38:49-08:00","entry_id":7549,"field1":"2.8125","field2":"3.6875"},{"created_at":"2018-11-23T11:48:26-08:00","entry_id":7550,"field1":"2.875","field2":"3.75"},{"created_at":"2018-11-23T11:58:04-08:00","entry_id":7551,"field1":"2.875","field2":"3.6875"},{"created_at":"2018-11-23T12:07:42-08:00","entry_id":7552,"field1":"2.875","field2":"4"},{"created_at":"2018-11-23T12:17:18-08:00","entry_id":7553,"field1":"2.9375","field2":"4.0625"},{"created_at":"2018-11-23T12:26:54-08:00","entry_id":7554,"field1":"2.9375","field2":"3.9375"},{"created_at":"2018-11-23T12:36:32-08:00","entry_id":7555,"field1":"2.9375","field2":"4.0625"},{"created_at":"2018-11-23T12:46:09-08:00","entry_id":7556,"field1":"2.9375","field2":"4.125"},{"created_at":"2018-11-23T12:55:46-08:00","entry_id":7557,"field1":"3","field2":"3.9375"},{"created_at":"2018-11-23T13:05:24-08:00","entry_id":7558,"field1":"3","field2":"3.9375"},{"created_at":"2018-11-23T13:15:01-08:00","entry_id":7559,"field1":"3","field2":"4.125"},{"created_at":"2018-11-23T13:24:41-08:00","entry_id":7560,"field1":"3.0625","field2":"4.25"},{"created_at":"2018-11-23T13:34:16-08:00","entry_id":7561,"field1":"3.0625","field2":"4.3125"},{"created_at":"2018-11-23T13:43:54-08:00","entry_id":7562,"field1":"3.0625","field2":"4.3125"},{"created_at":"2018-11-23T13:53:31-08:00","entry_id":7563,"field1":"3.125","field2":"4.4375"},{"created_at":"2018-11-23T14:03:07-08:00","entry_id":7564,"field1":"3.125","field2":"4.5"},{"created_at":"2018-11-23T14:12:44-08:00","entry_id":7565,"field1":"3.125","field2":"4.3125"},{"created_at":"2018-11-23T14:22:22-08:00","entry_id":7566,"field1":"3.125","field2":"4.25"},{"created_at":"2018-11-23T14:31:59-08:00","entry_id":7567,"field1":"3.1875","field2":"4.25"},{"created_at":"2018-11-23T14:41:36-08:00","entry_id":7568,"field1":"3.1875","field2":"4.125"},{"created_at":"2018-11-23T14:51:13-08:00","entry_id":7569,"field1":"3.1875","field2":"4.0625"},{"created_at":"2018-11-23T15:00:52-08:00","entry_id":7570,"field1":"3.1875","field2":"4"},{"created_at":"2018-11-23T15:10:28-08:00","entry_id":7571,"field1":"3.1875","field2":"3.9375"},{"created_at":"2018-11-23T15:20:05-08:00","entry_id":7572,"field1":"3.1875","field2":"3.9375"},{"created_at":"2018-11-23T15:29:42-08:00","entry_id":7573,"field1":"3.1875","field2":"3.8125"},{"created_at":"2018-11-23T15:39:19-08:00","entry_id":7574,"field1":"3.1875","field2":"3.75"},{"created_at":"2018-11-23T15:48:55-08:00","entry_id":7575,"field1":"3.25","field2":"3.6875"},{"created_at":"2018-11-23T15:58:33-08:00","entry_id":7576,"field1":"3.25","field2":"3.625"},{"created_at":"2018-11-23T16:08:09-08:00","entry_id":7577,"field1":"3.25","field2":"3.5"},{"created_at":"2018-11-23T16:17:46-08:00","entry_id":7578,"field1":"3.25","field2":"3.375"},{"created_at":"2018-11-23T16:27:24-08:00","entry_id":7579,"field1":"3.25","field2":"3.3125"},{"created_at":"2018-11-23T16:37:01-08:00","entry_id":7580,"field1":"3.25","field2":"3.3125"},{"created_at":"2018-11-23T16:46:38-08:00","entry_id":7581,"field1":"3.25","field2":"3.25"},{"created_at":"2018-11-23T16:56:15-08:00","entry_id":7582,"field1":"3.25","field2":"3.1875"},{"created_at":"2018-11-23T17:05:52-08:00","entry_id":7583,"field1":"3.25","field2":"3.125"},{"created_at":"2018-11-23T17:15:30-08:00","entry_id":7584,"field1":"3.25","field2":"3.0625"},{"created_at":"2018-11-23T17:25:07-08:00","entry_id":7585,"field1":"3.25","field2":"3"},{"created_at":"2018-11-23T17:34:43-08:00","entry_id":7586,"field1":"3.3125","field2":"3"},{"created_at":"2018-11-23T17:44:20-08:00","entry_id":7587,"field1":"3.3125","field2":"2.9375"},{"created_at":"2018-11-23T17:53:58-08:00","entry_id":7588,"field1":"3.3125","field2":"2.875"},{"created_at":"2018-11-23T18:03:35-08:00","entry_id":7589,"field1":"3.3125","field2":"2.9375"},{"created_at":"2018-11-23T18:13:11-08:00","entry_id":7590,"field1":"3.3125","field2":"2.875"},{"created_at":"2018-11-23T18:22:48-08:00","entry_id":7591,"field1":"3.3125","field2":"2.9375"},{"created_at":"2018-11-23T18:32:26-08:00","entry_id":7592,"field1":"3.3125","field2":"2.9375"},{"created_at":"2018-11-23T18:42:03-08:00","entry_id":7593,"field1":"3.3125","field2":"2.9375"},{"created_at":"2018-11-23T18:51:40-08:00","entry_id":7594,"field1":"3.3125","field2":"3"},{"created_at":"2018-11-23T19:01:18-08:00","entry_id":7595,"field1":"3.25","field2":"2.9375"},{"created_at":"2018-11-23T19:10:54-08:00","entry_id":7596,"field1":"3.25","field2":"3"},{"created_at":"2018-11-23T19:20:31-08:00","entry_id":7597,"field1":"3.25","field2":"3"},{"created_at":"2018-11-23T19:30:08-08:00","entry_id":7598,"field1":"3.25","field2":"3"},{"created_at":"2018-11-23T19:39:46-08:00","entry_id":7599,"field1":"3.25","field2":"2.9375"},{"created_at":"2018-11-23T19:49:22-08:00","entry_id":7600,"field1":"3.25","field2":"2.875"},{"created_at":"2018-11-23T19:58:59-08:00","entry_id":7601,"field1":"3.25","field2":"2.875"},{"created_at":"2018-11-23T20:08:36-08:00","entry_id":7602,"field1":"3.25","field2":"2.875"},{"created_at":"2018-11-23T20:18:13-08:00","entry_id":7603,"field1":"3.25","field2":"2.875"},{"created_at":"2018-11-23T20:27:50-08:00","entry_id":7604,"field1":"3.25","field2":"2.875"},{"created_at":"2018-11-23T20:37:26-08:00","entry_id":7605,"field1":"3.25","field2":"2.875"},{"created_at":"2018-11-23T20:47:03-08:00","entry_id":7606,"field1":"3.25","field2":"2.8125"},{"created_at":"2018-11-23T20:56:41-08:00","entry_id":7607,"field1":"3.25","field2":"2.8125"},{"created_at":"2018-11-23T21:06:18-08:00","entry_id":7608,"field1":"3.25","field2":"2.8125"},{"created_at":"2018-11-23T21:15:55-08:00","entry_id":7609,"field1":"3.25","field2":"2.8125"},{"created_at":"2018-11-23T21:25:33-08:00","entry_id":7610,"field1":"3.1875","field2":"2.75"},{"created_at":"2018-11-23T21:35:10-08:00","entry_id":7611,"field1":"3.1875","field2":"2.75"},{"created_at":"2018-11-23T21:44:47-08:00","entry_id":7612,"field1":"3.1875","field2":"2.6875"},{"created_at":"2018-11-23T21:54:25-08:00","entry_id":7613,"field1":"3.25","field2":"2.6875"},{"created_at":"2018-11-23T22:04:02-08:00","entry_id":7614,"field1":"3.25","field2":"2.625"},{"created_at":"2018-11-23T22:13:39-08:00","entry_id":7615,"field1":"3.1875","field2":"2.5625"},{"created_at":"2018-11-23T22:23:16-08:00","entry_id":7616,"field1":"3.1875","field2":"2.5625"},{"created_at":"2018-11-23T22:32:53-08:00","entry_id":7617,"field1":"3.1875","field2":"2.5625"},{"created_at":"2018-11-23T22:42:30-08:00","entry_id":7618,"field1":"3.25","field2":"2.5625"},{"created_at":"2018-11-23T22:52:07-08:00","entry_id":7619,"field1":"3.1875","field2":"2.5"},{"created_at":"2018-11-23T23:01:42-08:00","entry_id":7620,"field1":"3.25","field2":"2.5"},{"created_at":"2018-11-23T23:11:19-08:00","entry_id":7621,"field1":"3.1875","field2":"2.4375"},{"created_at":"2018-11-23T23:20:55-08:00","entry_id":7622,"field1":"3.1875","field2":"2.4375"},{"created_at":"2018-11-23T23:30:32-08:00","entry_id":7623,"field1":"3.1875","field2":"2.4375"},{"created_at":"2018-11-23T23:40:10-08:00","entry_id":7624,"field1":"3.25","field2":"2.4375"},{"created_at":"2018-11-23T23:49:47-08:00","entry_id":7625,"field1":"3.1875","field2":"2.4375"},{"created_at":"2018-11-23T23:59:24-08:00","entry_id":7626,"field1":"3.1875","field2":"2.4375"}]}