{"channel":{"id":581842,"name":"Upstairs Small Window Indoor / Outdoor Sensor","latitude":"0.0","longitude":"0.0","field1":"Indoor Temperature","field2":"Outdoor Temperature","created_at":"2018-09-23T15:37:52-07:00","updated_at":"2020-07-27T05:59:41-07:00","last_entry_id":150129},"feeds":[{"created_at":"2021-03-15T00:06:35-07:00","entry_id":129148,"field1":"4.25","field2":"4.25"},{"created_at":"2021-03-15T00:16:13-07:00","entry_id":129149,"field1":"4.25","field2":"4.375"},{"created_at":"2021-03-15T00:25:50-07:00","entry_id":129150,"field1":"4.25","field2":"4.375"},{"created_at":"2021-03-15T00:35:25-07:00","entry_id":129151,"field1":"4.25","field2":"4.0625"},{"created_at":"2021-03-15T00:45:03-07:00","entry_id":129152,"field1":"4.25","field2":"3.875"},{"created_at":"2021-03-15T00:54:40-07:00","entry_id":129153,"field1":"4.25","field2":"4"},{"created_at":"2021-03-15T01:04:17-07:00","entry_id":129154,"field1":"4.25","field2":"4.125"},{"created_at":"2021-03-15T01:13:55-07:00","entry_id":129155,"field1":"4.25","field2":"4.0625"},{"created_at":"2021-03-15T01:23:30-07:00","entry_id":129156,"field1":"4.25","field2":"3.9375"},{"created_at":"2021-03-15T01:33:08-07:00","entry_id":129157,"field1":"4.25","field2":"3.8125"},{"created_at":"2021-03-15T01:42:46-07:00","entry_id":129158,"field1":"4.25","field2":"3.875"},{"created_at":"2021-03-15T01:52:23-07:00","entry_id":129159,"field1":"4.25","field2":"3.875"},{"created_at":"2021-03-15T02:02:00-07:00","entry_id":129160,"field1":"4.25","field2":"3.9375"},{"created_at":"2021-03-15T02:11:35-07:00","entry_id":129161,"field1":"4.25","field2":"3.5625"},{"created_at":"2021-03-15T02:21:11-07:00","entry_id":129162,"field1":"4.25","field2":"3.5"},{"created_at":"2021-03-15T02:30:49-07:00","entry_id":129163,"field1":"4.25","field2":"3.4375"},{"created_at":"2021-03-15T02:40:26-07:00","entry_id":129164,"field1":"4.25","field2":"3.4375"},{"created_at":"2021-03-15T02:50:04-07:00","entry_id":129165,"field1":"4.25","field2":"3.375"},{"created_at":"2021-03-15T02:59:41-07:00","entry_id":129166,"field1":"4.25","field2":"3.4375"},{"created_at":"2021-03-15T03:09:16-07:00","entry_id":129167,"field1":"4.25","field2":"3.5"},{"created_at":"2021-03-15T03:18:55-07:00","entry_id":129168,"field1":"4.25","field2":"3.5"},{"created_at":"2021-03-15T03:28:30-07:00","entry_id":129169,"field1":"4.25","field2":"3.5"},{"created_at":"2021-03-15T03:38:08-07:00","entry_id":129170,"field1":"4.25","field2":"3.375"},{"created_at":"2021-03-15T03:47:45-07:00","entry_id":129171,"field1":"4.25","field2":"3.5625"},{"created_at":"2021-03-15T03:57:21-07:00","entry_id":129172,"field1":"4.25","field2":"3.625"},{"created_at":"2021-03-15T04:06:59-07:00","entry_id":129173,"field1":"4.25","field2":"3.5625"},{"created_at":"2021-03-15T04:16:36-07:00","entry_id":129174,"field1":"4.25","field2":"3.6875"},{"created_at":"2021-03-15T04:26:12-07:00","entry_id":129175,"field1":"4.25","field2":"3.875"},{"created_at":"2021-03-15T04:35:50-07:00","entry_id":129176,"field1":"4.25","field2":"3.625"},{"created_at":"2021-03-15T04:45:27-07:00","entry_id":129177,"field1":"4.25","field2":"3.5"},{"created_at":"2021-03-15T04:55:04-07:00","entry_id":129178,"field1":"4.25","field2":"3.5"},{"created_at":"2021-03-15T05:04:39-07:00","entry_id":129179,"field1":"4.25","field2":"3.5"},{"created_at":"2021-03-15T05:14:17-07:00","entry_id":129180,"field1":"4.25","field2":"3.625"},{"created_at":"2021-03-15T05:23:55-07:00","entry_id":129181,"field1":"4.25","field2":"3.6875"},{"created_at":"2021-03-15T05:33:32-07:00","entry_id":129182,"field1":"4.25","field2":"3.1875"},{"created_at":"2021-03-15T05:43:07-07:00","entry_id":129183,"field1":"4.25","field2":"3.0625"},{"created_at":"2021-03-15T05:52:43-07:00","entry_id":129184,"field1":"4.3125","field2":"3.125"},{"created_at":"2021-03-15T06:02:20-07:00","entry_id":129185,"field1":"4.3125","field2":"2.9375"},{"created_at":"2021-03-15T06:11:58-07:00","entry_id":129186,"field1":"4.3125","field2":"2.875"},{"created_at":"2021-03-15T06:21:33-07:00","entry_id":129187,"field1":"4.3125","field2":"2.8125"},{"created_at":"2021-03-15T06:31:09-07:00","entry_id":129188,"field1":"4.3125","field2":"2.875"},{"created_at":"2021-03-15T06:40:46-07:00","entry_id":129189,"field1":"4.25","field2":"2.75"},{"created_at":"2021-03-15T06:50:24-07:00","entry_id":129190,"field1":"4.25","field2":"2.9375"},{"created_at":"2021-03-15T07:00:01-07:00","entry_id":129191,"field1":"4.25","field2":"2.875"},{"created_at":"2021-03-15T07:09:38-07:00","entry_id":129192,"field1":"4.25","field2":"3.0625"},{"created_at":"2021-03-15T07:19:15-07:00","entry_id":129193,"field1":"4.25","field2":"2.6875"},{"created_at":"2021-03-15T07:28:52-07:00","entry_id":129194,"field1":"4.1875","field2":"3.25"},{"created_at":"2021-03-15T07:38:29-07:00","entry_id":129195,"field1":"4.1875","field2":"3"},{"created_at":"2021-03-15T07:48:06-07:00","entry_id":129196,"field1":"4.1875","field2":"2.9375"},{"created_at":"2021-03-15T07:57:43-07:00","entry_id":129197,"field1":"4.1875","field2":"3.625"},{"created_at":"2021-03-15T08:07:20-07:00","entry_id":129198,"field1":"4.1875","field2":"3.125"},{"created_at":"2021-03-15T08:16:55-07:00","entry_id":129199,"field1":"4.1875","field2":"3.25"},{"created_at":"2021-03-15T08:26:33-07:00","entry_id":129200,"field1":"4.1875","field2":"3.375"},{"created_at":"2021-03-15T08:36:10-07:00","entry_id":129201,"field1":"4.1875","field2":"3.5"},{"created_at":"2021-03-15T08:45:48-07:00","entry_id":129202,"field1":"4.1875","field2":"3.5625"},{"created_at":"2021-03-15T08:55:24-07:00","entry_id":129203,"field1":"4.1875","field2":"3.8125"},{"created_at":"2021-03-15T09:05:02-07:00","entry_id":129204,"field1":"4.25","field2":"4.5"},{"created_at":"2021-03-15T09:14:39-07:00","entry_id":129205,"field1":"4.25","field2":"4.1875"},{"created_at":"2021-03-15T09:24:15-07:00","entry_id":129206,"field1":"4.25","field2":"3.8125"},{"created_at":"2021-03-15T09:33:52-07:00","entry_id":129207,"field1":"4.3125","field2":"3.75"},{"created_at":"2021-03-15T09:43:27-07:00","entry_id":129208,"field1":"4.25","field2":"3.6875"},{"created_at":"2021-03-15T09:53:04-07:00","entry_id":129209,"field1":"4.3125","field2":"3.5625"},{"created_at":"2021-03-15T10:02:42-07:00","entry_id":129210,"field1":"4.3125","field2":"3.75"},{"created_at":"2021-03-15T10:12:17-07:00","entry_id":129211,"field1":"4.3125","field2":"3.9375"},{"created_at":"2021-03-15T10:21:55-07:00","entry_id":129212,"field1":"4.3125","field2":"3.9375"},{"created_at":"2021-03-15T10:31:31-07:00","entry_id":129213,"field1":"4.3125","field2":"4.25"},{"created_at":"2021-03-15T10:41:09-07:00","entry_id":129214,"field1":"4.3125","field2":"4.125"},{"created_at":"2021-03-15T10:50:46-07:00","entry_id":129215,"field1":"4.3125","field2":"3.75"},{"created_at":"2021-03-15T11:00:21-07:00","entry_id":129216,"field1":"4.3125","field2":"3.75"},{"created_at":"2021-03-15T11:09:59-07:00","entry_id":129217,"field1":"4.3125","field2":"3.8125"},{"created_at":"2021-03-15T11:19:36-07:00","entry_id":129218,"field1":"4.3125","field2":"3.8125"},{"created_at":"2021-03-15T11:29:11-07:00","entry_id":129219,"field1":"4.375","field2":"3.9375"},{"created_at":"2021-03-15T11:38:48-07:00","entry_id":129220,"field1":"4.375","field2":"4.25"},{"created_at":"2021-03-15T11:48:25-07:00","entry_id":129221,"field1":"4.375","field2":"4.875"},{"created_at":"2021-03-15T11:58:01-07:00","entry_id":129222,"field1":"4.375","field2":"4.4375"},{"created_at":"2021-03-15T12:07:38-07:00","entry_id":129223,"field1":"4.4375","field2":"4.4375"},{"created_at":"2021-03-15T12:17:16-07:00","entry_id":129224,"field1":"4.4375","field2":"4.6875"},{"created_at":"2021-03-15T12:26:53-07:00","entry_id":129225,"field1":"4.5","field2":"4.75"},{"created_at":"2021-03-15T12:36:29-07:00","entry_id":129226,"field1":"4.5625","field2":"4.875"},{"created_at":"2021-03-15T12:46:07-07:00","entry_id":129227,"field1":"4.5625","field2":"4.875"},{"created_at":"2021-03-15T12:55:44-07:00","entry_id":129228,"field1":"4.625","field2":"5.1875"},{"created_at":"2021-03-15T13:05:21-07:00","entry_id":129229,"field1":"4.6875","field2":"5.125"},{"created_at":"2021-03-15T13:14:59-07:00","entry_id":129230,"field1":"4.75","field2":"5.25"},{"created_at":"2021-03-15T13:24:35-07:00","entry_id":129231,"field1":"4.75","field2":"5.0625"},{"created_at":"2021-03-15T13:34:12-07:00","entry_id":129232,"field1":"4.8125","field2":"5.0625"},{"created_at":"2021-03-15T13:43:50-07:00","entry_id":129233,"field1":"4.8125","field2":"5.1875"},{"created_at":"2021-03-15T13:53:27-07:00","entry_id":129234,"field1":"4.875","field2":"5.125"},{"created_at":"2021-03-15T14:03:04-07:00","entry_id":129235,"field1":"4.875","field2":"5.1875"},{"created_at":"2021-03-15T14:12:41-07:00","entry_id":129236,"field1":"4.9375","field2":"5.5625"},{"created_at":"2021-03-15T14:22:19-07:00","entry_id":129237,"field1":"4.9375","field2":"5.4375"},{"created_at":"2021-03-15T14:31:56-07:00","entry_id":129238,"field1":"5","field2":"5.3125"},{"created_at":"2021-03-15T14:41:33-07:00","entry_id":129239,"field1":"5","field2":"5.1875"},{"created_at":"2021-03-15T14:51:09-07:00","entry_id":129240,"field1":"5","field2":"5.25"},{"created_at":"2021-03-15T15:00:46-07:00","entry_id":129241,"field1":"5.0625","field2":"5.8125"},{"created_at":"2021-03-15T15:10:23-07:00","entry_id":129242,"field1":"5.0625","field2":"5.8125"},{"created_at":"2021-03-15T15:20:01-07:00","entry_id":129243,"field1":"5.0625","field2":"5.8125"},{"created_at":"2021-03-15T15:29:38-07:00","entry_id":129244,"field1":"5.125","field2":"5.9375"},{"created_at":"2021-03-15T15:39:15-07:00","entry_id":129245,"field1":"5.125","field2":"5.875"},{"created_at":"2021-03-15T15:48:52-07:00","entry_id":129246,"field1":"5.125","field2":"5.8125"},{"created_at":"2021-03-15T15:58:29-07:00","entry_id":129247,"field1":"5.125","field2":"5.8125"},{"created_at":"2021-03-15T16:08:07-07:00","entry_id":129248,"field1":"5.1875","field2":"5.8125"},{"created_at":"2021-03-15T16:17:44-07:00","entry_id":129249,"field1":"5.1875","field2":"5.8125"},{"created_at":"2021-03-15T16:27:21-07:00","entry_id":129250,"field1":"5.1875","field2":"5.6875"},{"created_at":"2021-03-15T16:36:58-07:00","entry_id":129251,"field1":"5.1875","field2":"5.3125"},{"created_at":"2021-03-15T16:46:35-07:00","entry_id":129252,"field1":"5.1875","field2":"5.0625"},{"created_at":"2021-03-15T16:56:12-07:00","entry_id":129253,"field1":"5.1875","field2":"4.875"},{"created_at":"2021-03-15T17:05:49-07:00","entry_id":129254,"field1":"5.1875","field2":"4.6875"},{"created_at":"2021-03-15T17:15:26-07:00","entry_id":129255,"field1":"5.1875","field2":"4.5"},{"created_at":"2021-03-15T17:25:03-07:00","entry_id":129256,"field1":"5.1875","field2":"4.4375"},{"created_at":"2021-03-15T17:34:39-07:00","entry_id":129257,"field1":"5.1875","field2":"4.3125"},{"created_at":"2021-03-15T17:44:17-07:00","entry_id":129258,"field1":"5.1875","field2":"4.125"},{"created_at":"2021-03-15T17:53:54-07:00","entry_id":129259,"field1":"5.1875","field2":"4"},{"created_at":"2021-03-15T18:03:31-07:00","entry_id":129260,"field1":"5.1875","field2":"3.875"},{"created_at":"2021-03-15T18:13:08-07:00","entry_id":129261,"field1":"5.125","field2":"3.8125"},{"created_at":"2021-03-15T18:22:45-07:00","entry_id":129262,"field1":"5.125","field2":"3.6875"},{"created_at":"2021-03-15T18:32:22-07:00","entry_id":129263,"field1":"5.125","field2":"3.5"},{"created_at":"2021-03-15T18:41:58-07:00","entry_id":129264,"field1":"5.125","field2":"3.5"},{"created_at":"2021-03-15T18:51:35-07:00","entry_id":129265,"field1":"5.125","field2":"3.375"},{"created_at":"2021-03-15T19:01:12-07:00","entry_id":129266,"field1":"5.0625","field2":"3.1875"},{"created_at":"2021-03-15T19:10:48-07:00","entry_id":129267,"field1":"5.0625","field2":"3"},{"created_at":"2021-03-15T19:20:25-07:00","entry_id":129268,"field1":"5.0625","field2":"2.875"},{"created_at":"2021-03-15T19:30:03-07:00","entry_id":129269,"field1":"5.0625","field2":"2.6875"},{"created_at":"2021-03-15T19:39:39-07:00","entry_id":129270,"field1":"5","field2":"2.5625"},{"created_at":"2021-03-15T19:49:16-07:00","entry_id":129271,"field1":"5","field2":"2.4375"},{"created_at":"2021-03-15T19:58:53-07:00","entry_id":129272,"field1":"5","field2":"2.1875"},{"created_at":"2021-03-15T20:08:31-07:00","entry_id":129273,"field1":"4.9375","field2":"2.0625"},{"created_at":"2021-03-15T20:18:08-07:00","entry_id":129274,"field1":"5","field2":"2"},{"created_at":"2021-03-15T20:27:45-07:00","entry_id":129275,"field1":"5","field2":"1.75"},{"created_at":"2021-03-15T20:37:21-07:00","entry_id":129276,"field1":"5","field2":"1.5625"},{"created_at":"2021-03-15T20:46:58-07:00","entry_id":129277,"field1":"5","field2":"1.375"},{"created_at":"2021-03-15T20:56:35-07:00","entry_id":129278,"field1":"4.9375","field2":"1.375"},{"created_at":"2021-03-15T21:06:16-07:00","entry_id":129279,"field1":"4.9375","field2":"1.125"},{"created_at":"2021-03-15T21:15:55-07:00","entry_id":129280,"field1":"4.875","field2":"1.0625"},{"created_at":"2021-03-15T21:25:32-07:00","entry_id":129281,"field1":"4.875","field2":"1"},{"created_at":"2021-03-15T21:35:09-07:00","entry_id":129282,"field1":"4.875","field2":"0.8125"},{"created_at":"2021-03-15T21:44:46-07:00","entry_id":129283,"field1":"4.8125","field2":"0.6875"},{"created_at":"2021-03-15T21:54:23-07:00","entry_id":129284,"field1":"4.75","field2":"0.75"},{"created_at":"2021-03-15T22:04:00-07:00","entry_id":129285,"field1":"4.75","field2":"0.5"},{"created_at":"2021-03-15T22:13:37-07:00","entry_id":129286,"field1":"4.75","field2":"0.4375"},{"created_at":"2021-03-15T22:23:13-07:00","entry_id":129287,"field1":"4.75","field2":"0.25"},{"created_at":"2021-03-15T22:32:50-07:00","entry_id":129288,"field1":"4.6875","field2":"0.3125"},{"created_at":"2021-03-15T22:42:27-07:00","entry_id":129289,"field1":"4.6875","field2":"0.25"},{"created_at":"2021-03-15T22:52:04-07:00","entry_id":129290,"field1":"4.625","field2":"0.125"},{"created_at":"2021-03-15T23:01:40-07:00","entry_id":129291,"field1":"4.5625","field2":"0.0625"},{"created_at":"2021-03-15T23:11:17-07:00","entry_id":129292,"field1":"4.5625","field2":"0"},{"created_at":"2021-03-15T23:20:54-07:00","entry_id":129293,"field1":"4.5625","field2":"-0.3125"},{"created_at":"2021-03-15T23:30:31-07:00","entry_id":129294,"field1":"4.5","field2":"-0.375"},{"created_at":"2021-03-15T23:40:08-07:00","entry_id":129295,"field1":"4.5","field2":"-0.125"},{"created_at":"2021-03-15T23:49:45-07:00","entry_id":129296,"field1":"4.5","field2":"-0.25"},{"created_at":"2021-03-15T23:59:23-07:00","entry_id":129297,"field1":"4.4375","field2":"-0.3125"}]}