{"channel":{"id":581842,"name":"Upstairs Small Window Indoor / Outdoor Sensor","latitude":"0.0","longitude":"0.0","field1":"Indoor Temperature","field2":"Outdoor Temperature","created_at":"2018-09-23T15:37:52-07:00","updated_at":"2020-07-27T05:59:41-07:00","last_entry_id":150129},"feeds":[{"created_at":"2020-01-14T00:04:56-08:00","entry_id":68357,"field1":"-9.9375","field2":"-17.8125"},{"created_at":"2020-01-14T00:14:32-08:00","entry_id":68358,"field1":"-9.9375","field2":"-17.75"},{"created_at":"2020-01-14T00:24:09-08:00","entry_id":68359,"field1":"-9.9375","field2":"-17.6875"},{"created_at":"2020-01-14T00:33:45-08:00","entry_id":68360,"field1":"-10","field2":"-17.4375"},{"created_at":"2020-01-14T00:43:21-08:00","entry_id":68361,"field1":"-10","field2":"-17.375"},{"created_at":"2020-01-14T00:52:57-08:00","entry_id":68362,"field1":"-10.0625","field2":"-17.5"},{"created_at":"2020-01-14T01:02:32-08:00","entry_id":68363,"field1":"-10.0625","field2":"-17.4375"},{"created_at":"2020-01-14T01:12:08-08:00","entry_id":68364,"field1":"-10.125","field2":"-17.5625"},{"created_at":"2020-01-14T01:21:45-08:00","entry_id":68365,"field1":"-10.125","field2":"-17.375"},{"created_at":"2020-01-14T01:31:21-08:00","entry_id":68366,"field1":"-10.1875","field2":"-17.375"},{"created_at":"2020-01-14T01:40:57-08:00","entry_id":68367,"field1":"-10.1875","field2":"-17.25"},{"created_at":"2020-01-14T01:50:33-08:00","entry_id":68368,"field1":"-10.25","field2":"-17.4375"},{"created_at":"2020-01-14T02:00:09-08:00","entry_id":68369,"field1":"-10.25","field2":"-17.6875"},{"created_at":"2020-01-14T02:09:46-08:00","entry_id":68370,"field1":"-10.3125","field2":"-17.625"},{"created_at":"2020-01-14T02:19:24-08:00","entry_id":68371,"field1":"-10.3125","field2":"-17.4375"},{"created_at":"2020-01-14T02:28:59-08:00","entry_id":68372,"field1":"-10.3125","field2":"-17.5"},{"created_at":"2020-01-14T02:38:36-08:00","entry_id":68373,"field1":"-10.375","field2":"-17.625"},{"created_at":"2020-01-14T02:48:12-08:00","entry_id":68374,"field1":"-10.375","field2":"-17.5"},{"created_at":"2020-01-14T02:57:48-08:00","entry_id":68375,"field1":"-10.4375","field2":"-17.75"},{"created_at":"2020-01-14T03:07:24-08:00","entry_id":68376,"field1":"-10.4375","field2":"-17.375"},{"created_at":"2020-01-14T03:17:00-08:00","entry_id":68377,"field1":"-10.5","field2":"-17.4375"},{"created_at":"2020-01-14T03:26:37-08:00","entry_id":68378,"field1":"-10.5","field2":"-17.6875"},{"created_at":"2020-01-14T03:36:13-08:00","entry_id":68379,"field1":"-10.5","field2":"-17.5"},{"created_at":"2020-01-14T03:45:50-08:00","entry_id":68380,"field1":"-10.5625","field2":"-18"},{"created_at":"2020-01-14T03:55:26-08:00","entry_id":68381,"field1":"-10.5625","field2":"-17.9375"},{"created_at":"2020-01-14T04:05:02-08:00","entry_id":68382,"field1":"-10.625","field2":"-17.625"},{"created_at":"2020-01-14T04:14:38-08:00","entry_id":68383,"field1":"-10.625","field2":"-17.5"},{"created_at":"2020-01-14T04:24:14-08:00","entry_id":68384,"field1":"-10.6875","field2":"-17.8125"},{"created_at":"2020-01-14T04:33:50-08:00","entry_id":68385,"field1":"-10.6875","field2":"-17.6875"},{"created_at":"2020-01-14T04:43:25-08:00","entry_id":68386,"field1":"-10.6875","field2":"-17.625"},{"created_at":"2020-01-14T04:53:01-08:00","entry_id":68387,"field1":"-10.75","field2":"-17.6875"},{"created_at":"2020-01-14T05:02:37-08:00","entry_id":68388,"field1":"-10.75","field2":"-17.75"},{"created_at":"2020-01-14T05:12:14-08:00","entry_id":68389,"field1":"-10.8125","field2":"-17.75"},{"created_at":"2020-01-14T05:21:49-08:00","entry_id":68390,"field1":"-10.8125","field2":"-17.8125"},{"created_at":"2020-01-14T05:31:25-08:00","entry_id":68391,"field1":"-10.8125","field2":"-17.9375"},{"created_at":"2020-01-14T05:41:01-08:00","entry_id":68392,"field1":"-10.875","field2":"-17.625"},{"created_at":"2020-01-14T05:50:37-08:00","entry_id":68393,"field1":"-10.875","field2":"-17.9375"},{"created_at":"2020-01-14T06:00:13-08:00","entry_id":68394,"field1":"-10.9375","field2":"-17.875"},{"created_at":"2020-01-14T06:09:49-08:00","entry_id":68395,"field1":"-10.9375","field2":"-17.5625"},{"created_at":"2020-01-14T06:19:25-08:00","entry_id":68396,"field1":"-11","field2":"-17.8125"},{"created_at":"2020-01-14T06:29:01-08:00","entry_id":68397,"field1":"-11","field2":"-18"},{"created_at":"2020-01-14T06:38:37-08:00","entry_id":68398,"field1":"-11","field2":"-17.9375"},{"created_at":"2020-01-14T06:48:13-08:00","entry_id":68399,"field1":"-11.0625","field2":"-18"},{"created_at":"2020-01-14T06:57:49-08:00","entry_id":68400,"field1":"-11.0625","field2":"-18"},{"created_at":"2020-01-14T07:07:25-08:00","entry_id":68401,"field1":"-11.0625","field2":"-17.9375"},{"created_at":"2020-01-14T07:17:01-08:00","entry_id":68402,"field1":"-11.125","field2":"-17.625"},{"created_at":"2020-01-14T07:26:38-08:00","entry_id":68403,"field1":"-11.125","field2":"-17.8125"},{"created_at":"2020-01-14T07:36:14-08:00","entry_id":68404,"field1":"-11.1875","field2":"-17.8125"},{"created_at":"2020-01-14T07:45:49-08:00","entry_id":68405,"field1":"-11.1875","field2":"-17.875"},{"created_at":"2020-01-14T07:55:25-08:00","entry_id":68406,"field1":"-11.1875","field2":"-17.625"},{"created_at":"2020-01-14T08:05:01-08:00","entry_id":68407,"field1":"-11.1875","field2":"-17.75"},{"created_at":"2020-01-14T08:14:38-08:00","entry_id":68408,"field1":"-11.25","field2":"-17.6875"},{"created_at":"2020-01-14T08:24:14-08:00","entry_id":68409,"field1":"-11.25","field2":"-17.4375"},{"created_at":"2020-01-14T08:33:50-08:00","entry_id":68410,"field1":"-11.3125","field2":"-17.8125"},{"created_at":"2020-01-14T08:43:25-08:00","entry_id":68411,"field1":"-11.3125","field2":"-17.75"},{"created_at":"2020-01-14T08:53:01-08:00","entry_id":68412,"field1":"-11.3125","field2":"-17.5625"},{"created_at":"2020-01-14T09:02:37-08:00","entry_id":68413,"field1":"-11.3125","field2":"-17.5625"},{"created_at":"2020-01-14T09:12:14-08:00","entry_id":68414,"field1":"-11.375","field2":"-17.6875"},{"created_at":"2020-01-14T09:21:50-08:00","entry_id":68415,"field1":"-11.375","field2":"-17.5625"},{"created_at":"2020-01-14T09:31:25-08:00","entry_id":68416,"field1":"-11.375","field2":"-17.625"},{"created_at":"2020-01-14T09:41:01-08:00","entry_id":68417,"field1":"-11.375","field2":"-17.3125"},{"created_at":"2020-01-14T09:50:37-08:00","entry_id":68418,"field1":"-11.375","field2":"-17.3125"},{"created_at":"2020-01-14T10:00:13-08:00","entry_id":68419,"field1":"-11.375","field2":"-17.375"},{"created_at":"2020-01-14T10:09:51-08:00","entry_id":68420,"field1":"-11.375","field2":"-17.3125"},{"created_at":"2020-01-14T10:19:27-08:00","entry_id":68421,"field1":"-11.4375","field2":"-17.25"},{"created_at":"2020-01-14T10:29:03-08:00","entry_id":68422,"field1":"-11.4375","field2":"-17.1875"},{"created_at":"2020-01-14T10:38:39-08:00","entry_id":68423,"field1":"-11.375","field2":"-17.0625"},{"created_at":"2020-01-14T10:48:15-08:00","entry_id":68424,"field1":"-11.4375","field2":"-16.375"},{"created_at":"2020-01-14T10:57:51-08:00","entry_id":68425,"field1":"-11.4375","field2":"-16.9375"},{"created_at":"2020-01-14T11:07:29-08:00","entry_id":68426,"field1":"-11.4375","field2":"-16.75"},{"created_at":"2020-01-14T11:17:04-08:00","entry_id":68427,"field1":"-11.4375","field2":"-16.75"},{"created_at":"2020-01-14T11:26:40-08:00","entry_id":68428,"field1":"-11.625","field2":"-16.5625"},{"created_at":"2020-01-14T11:36:20-08:00","entry_id":68429,"field1":"-11.5","field2":"-16.4375"},{"created_at":"2020-01-14T11:45:54-08:00","entry_id":68430,"field1":"-11.625","field2":"-16.625"},{"created_at":"2020-01-14T11:55:30-08:00","entry_id":68431,"field1":"-11.4375","field2":"-15.875"},{"created_at":"2020-01-14T12:05:06-08:00","entry_id":68432,"field1":"-11.5","field2":"-16.5"},{"created_at":"2020-01-14T12:14:42-08:00","entry_id":68433,"field1":"-11.5625","field2":"-16.0625"},{"created_at":"2020-01-14T12:24:18-08:00","entry_id":68434,"field1":"-11.4375","field2":"-15.8125"},{"created_at":"2020-01-14T12:33:54-08:00","entry_id":68435,"field1":"-11.375","field2":"-16.3125"},{"created_at":"2020-01-14T12:43:29-08:00","entry_id":68436,"field1":"-11.5","field2":"-16.1875"},{"created_at":"2020-01-14T12:53:06-08:00","entry_id":68437,"field1":"-11.4375","field2":"-16.125"},{"created_at":"2020-01-14T13:02:42-08:00","entry_id":68438,"field1":"-11.625","field2":"-16"},{"created_at":"2020-01-14T13:12:33-08:00","entry_id":68439,"field1":"-11.5625","field2":"-16.4375"},{"created_at":"2020-01-14T13:22:04-08:00","entry_id":68440,"field1":"-11.4375","field2":"-16.3125"},{"created_at":"2020-01-14T13:31:39-08:00","entry_id":68441,"field1":"-11.5","field2":"-16.5"},{"created_at":"2020-01-14T13:41:15-08:00","entry_id":68442,"field1":"-11.5","field2":"-16.5625"},{"created_at":"2020-01-14T13:50:52-08:00","entry_id":68443,"field1":"-11.5","field2":"-16.375"},{"created_at":"2020-01-14T14:00:28-08:00","entry_id":68444,"field1":"-11.4375","field2":"-16.4375"},{"created_at":"2020-01-14T14:10:05-08:00","entry_id":68445,"field1":"-11.4375","field2":"-16.375"},{"created_at":"2020-01-14T14:19:41-08:00","entry_id":68446,"field1":"-11.5","field2":"-16.4375"},{"created_at":"2020-01-14T14:29:17-08:00","entry_id":68447,"field1":"-11.5","field2":"-16.4375"},{"created_at":"2020-01-14T14:38:53-08:00","entry_id":68448,"field1":"-11.5","field2":"-16.25"},{"created_at":"2020-01-14T14:48:29-08:00","entry_id":68449,"field1":"-11.5","field2":"-16.4375"},{"created_at":"2020-01-14T14:58:05-08:00","entry_id":68450,"field1":"-11.5","field2":"-16.5"},{"created_at":"2020-01-14T15:07:42-08:00","entry_id":68451,"field1":"-11.5625","field2":"-16.25"},{"created_at":"2020-01-14T15:17:17-08:00","entry_id":68452,"field1":"-11.5625","field2":"-16.5625"},{"created_at":"2020-01-14T15:26:53-08:00","entry_id":68453,"field1":"-11.5625","field2":"-16.75"},{"created_at":"2020-01-14T15:36:29-08:00","entry_id":68454,"field1":"-11.5625","field2":"-16.8125"},{"created_at":"2020-01-14T15:46:06-08:00","entry_id":68455,"field1":"-11.625","field2":"-16.8125"},{"created_at":"2020-01-14T15:55:42-08:00","entry_id":68456,"field1":"-11.625","field2":"-16.8125"},{"created_at":"2020-01-14T16:05:19-08:00","entry_id":68457,"field1":"-11.625","field2":"-16.875"},{"created_at":"2020-01-14T16:14:54-08:00","entry_id":68458,"field1":"-11.625","field2":"-16.875"},{"created_at":"2020-01-14T16:24:30-08:00","entry_id":68459,"field1":"-11.6875","field2":"-16.9375"},{"created_at":"2020-01-14T16:34:07-08:00","entry_id":68460,"field1":"-11.6875","field2":"-17.0625"},{"created_at":"2020-01-14T16:43:42-08:00","entry_id":68461,"field1":"-11.6875","field2":"-16.875"},{"created_at":"2020-01-14T16:53:18-08:00","entry_id":68462,"field1":"-11.75","field2":"-16.9375"},{"created_at":"2020-01-14T17:02:55-08:00","entry_id":68463,"field1":"-11.75","field2":"-17.0625"},{"created_at":"2020-01-14T17:12:32-08:00","entry_id":68464,"field1":"-11.75","field2":"-17.125"},{"created_at":"2020-01-14T17:22:07-08:00","entry_id":68465,"field1":"-11.75","field2":"-17.0625"},{"created_at":"2020-01-14T17:31:43-08:00","entry_id":68466,"field1":"-11.8125","field2":"-17.125"},{"created_at":"2020-01-14T17:41:19-08:00","entry_id":68467,"field1":"-11.8125","field2":"-17.1875"},{"created_at":"2020-01-14T17:50:56-08:00","entry_id":68468,"field1":"-11.8125","field2":"-17.125"},{"created_at":"2020-01-14T18:00:32-08:00","entry_id":68469,"field1":"-11.875","field2":"-17.375"},{"created_at":"2020-01-14T18:10:08-08:00","entry_id":68470,"field1":"-11.875","field2":"-17.375"},{"created_at":"2020-01-14T18:19:45-08:00","entry_id":68471,"field1":"-11.875","field2":"-17.4375"},{"created_at":"2020-01-14T18:29:21-08:00","entry_id":68472,"field1":"-11.9375","field2":"-17.4375"},{"created_at":"2020-01-14T18:38:57-08:00","entry_id":68473,"field1":"-11.9375","field2":"-17.375"},{"created_at":"2020-01-14T18:48:34-08:00","entry_id":68474,"field1":"-11.9375","field2":"-17.25"},{"created_at":"2020-01-14T18:58:09-08:00","entry_id":68475,"field1":"-11.9375","field2":"-17.25"},{"created_at":"2020-01-14T19:07:45-08:00","entry_id":68476,"field1":"-12","field2":"-17.25"},{"created_at":"2020-01-14T19:17:21-08:00","entry_id":68477,"field1":"-12","field2":"-17.25"},{"created_at":"2020-01-14T19:26:57-08:00","entry_id":68478,"field1":"-12.0625","field2":"-17.1875"},{"created_at":"2020-01-14T19:36:33-08:00","entry_id":68479,"field1":"-12.0625","field2":"-17.25"},{"created_at":"2020-01-14T19:46:08-08:00","entry_id":68480,"field1":"-12.0625","field2":"-17.375"},{"created_at":"2020-01-14T19:55:45-08:00","entry_id":68481,"field1":"-12.0625","field2":"-17.1875"},{"created_at":"2020-01-14T20:05:19-08:00","entry_id":68482,"field1":"-12.0625","field2":"-17.125"},{"created_at":"2020-01-14T20:14:55-08:00","entry_id":68483,"field1":"-12.125","field2":"-17.3125"},{"created_at":"2020-01-14T20:24:31-08:00","entry_id":68484,"field1":"-12.125","field2":"-17.4375"},{"created_at":"2020-01-14T20:34:07-08:00","entry_id":68485,"field1":"-12.125","field2":"-17.4375"},{"created_at":"2020-01-14T20:43:43-08:00","entry_id":68486,"field1":"-12.125","field2":"-17.5"},{"created_at":"2020-01-14T20:53:19-08:00","entry_id":68487,"field1":"-12.1875","field2":"-17.5625"},{"created_at":"2020-01-14T21:02:56-08:00","entry_id":68488,"field1":"-12.1875","field2":"-17.5625"},{"created_at":"2020-01-14T21:12:31-08:00","entry_id":68489,"field1":"-12.1875","field2":"-17.625"},{"created_at":"2020-01-14T21:22:07-08:00","entry_id":68490,"field1":"-12.25","field2":"-17.75"},{"created_at":"2020-01-14T21:31:43-08:00","entry_id":68491,"field1":"-12.25","field2":"-17.8125"},{"created_at":"2020-01-14T21:41:18-08:00","entry_id":68492,"field1":"-12.25","field2":"-17.875"},{"created_at":"2020-01-14T21:50:55-08:00","entry_id":68493,"field1":"-12.25","field2":"-17.875"},{"created_at":"2020-01-14T22:00:31-08:00","entry_id":68494,"field1":"-12.3125","field2":"-17.8125"},{"created_at":"2020-01-14T22:10:07-08:00","entry_id":68495,"field1":"-12.3125","field2":"-17.8125"},{"created_at":"2020-01-14T22:19:42-08:00","entry_id":68496,"field1":"-12.3125","field2":"-17.8125"},{"created_at":"2020-01-14T22:29:18-08:00","entry_id":68497,"field1":"-12.3125","field2":"-17.8125"},{"created_at":"2020-01-14T22:38:54-08:00","entry_id":68498,"field1":"-12.375","field2":"-18.25"},{"created_at":"2020-01-14T22:48:30-08:00","entry_id":68499,"field1":"-12.375","field2":"-18.3125"},{"created_at":"2020-01-14T22:58:07-08:00","entry_id":68500,"field1":"-12.375","field2":"-18.0625"},{"created_at":"2020-01-14T23:07:42-08:00","entry_id":68501,"field1":"-12.4375","field2":"-18.25"},{"created_at":"2020-01-14T23:17:18-08:00","entry_id":68502,"field1":"-12.4375","field2":"-18.1875"},{"created_at":"2020-01-14T23:26:55-08:00","entry_id":68503,"field1":"-12.4375","field2":"-18.0625"},{"created_at":"2020-01-14T23:36:31-08:00","entry_id":68504,"field1":"-12.5","field2":"-18"},{"created_at":"2020-01-14T23:46:06-08:00","entry_id":68505,"field1":"-12.5","field2":"-18.1875"},{"created_at":"2020-01-14T23:55:43-08:00","entry_id":68506,"field1":"-12.5","field2":"-18.25"}]}