{"channel":{"id":581842,"name":"Upstairs Small Window Indoor / Outdoor Sensor","latitude":"0.0","longitude":"0.0","field1":"Indoor Temperature","field2":"Outdoor Temperature","created_at":"2018-09-23T15:37:52-07:00","updated_at":"2020-07-27T05:59:41-07:00","last_entry_id":150129},"feeds":[{"created_at":"2021-03-25T00:03:32-07:00","entry_id":130645,"field1":"5.5","field2":"3.0625"},{"created_at":"2021-03-25T00:13:09-07:00","entry_id":130646,"field1":"5.5","field2":"3.125"},{"created_at":"2021-03-25T00:22:45-07:00","entry_id":130647,"field1":"5.5","field2":"3.1875"},{"created_at":"2021-03-25T00:32:22-07:00","entry_id":130648,"field1":"5.5","field2":"3.1875"},{"created_at":"2021-03-25T00:41:59-07:00","entry_id":130649,"field1":"5.5","field2":"3.125"},{"created_at":"2021-03-25T00:51:36-07:00","entry_id":130650,"field1":"5.5","field2":"3.125"},{"created_at":"2021-03-25T01:01:13-07:00","entry_id":130651,"field1":"5.5","field2":"3.1875"},{"created_at":"2021-03-25T01:10:51-07:00","entry_id":130652,"field1":"5.4375","field2":"3.1875"},{"created_at":"2021-03-25T01:20:28-07:00","entry_id":130653,"field1":"5.4375","field2":"3.1875"},{"created_at":"2021-03-25T01:30:05-07:00","entry_id":130654,"field1":"5.4375","field2":"3.25"},{"created_at":"2021-03-25T01:39:42-07:00","entry_id":130655,"field1":"5.4375","field2":"3.1875"},{"created_at":"2021-03-25T01:49:19-07:00","entry_id":130656,"field1":"5.4375","field2":"3.1875"},{"created_at":"2021-03-25T01:58:57-07:00","entry_id":130657,"field1":"5.375","field2":"3.1875"},{"created_at":"2021-03-25T02:08:34-07:00","entry_id":130658,"field1":"5.4375","field2":"3.1875"},{"created_at":"2021-03-25T02:18:10-07:00","entry_id":130659,"field1":"5.375","field2":"3.1875"},{"created_at":"2021-03-25T02:27:47-07:00","entry_id":130660,"field1":"5.375","field2":"3.1875"},{"created_at":"2021-03-25T02:37:24-07:00","entry_id":130661,"field1":"5.375","field2":"3.125"},{"created_at":"2021-03-25T02:47:01-07:00","entry_id":130662,"field1":"5.375","field2":"3.0625"},{"created_at":"2021-03-25T02:56:38-07:00","entry_id":130663,"field1":"5.375","field2":"3.125"},{"created_at":"2021-03-25T03:06:14-07:00","entry_id":130664,"field1":"5.375","field2":"3.125"},{"created_at":"2021-03-25T03:15:51-07:00","entry_id":130665,"field1":"5.3125","field2":"3.125"},{"created_at":"2021-03-25T03:25:29-07:00","entry_id":130666,"field1":"5.3125","field2":"3.0625"},{"created_at":"2021-03-25T03:35:06-07:00","entry_id":130667,"field1":"5.3125","field2":"3.125"},{"created_at":"2021-03-25T03:44:42-07:00","entry_id":130668,"field1":"5.3125","field2":"3.0625"},{"created_at":"2021-03-25T03:54:19-07:00","entry_id":130669,"field1":"5.3125","field2":"3.0625"},{"created_at":"2021-03-25T04:03:56-07:00","entry_id":130670,"field1":"5.3125","field2":"3.0625"},{"created_at":"2021-03-25T04:13:33-07:00","entry_id":130671,"field1":"5.25","field2":"3.0625"},{"created_at":"2021-03-25T04:23:10-07:00","entry_id":130672,"field1":"5.25","field2":"3.0625"},{"created_at":"2021-03-25T04:32:47-07:00","entry_id":130673,"field1":"5.25","field2":"3.0625"},{"created_at":"2021-03-25T04:42:24-07:00","entry_id":130674,"field1":"5.25","field2":"3.125"},{"created_at":"2021-03-25T04:52:01-07:00","entry_id":130675,"field1":"5.25","field2":"3.0625"},{"created_at":"2021-03-25T05:01:37-07:00","entry_id":130676,"field1":"5.25","field2":"3.125"},{"created_at":"2021-03-25T05:11:15-07:00","entry_id":130677,"field1":"5.1875","field2":"3.0625"},{"created_at":"2021-03-25T05:20:51-07:00","entry_id":130678,"field1":"5.1875","field2":"3.0625"},{"created_at":"2021-03-25T05:30:28-07:00","entry_id":130679,"field1":"5.1875","field2":"3"},{"created_at":"2021-03-25T05:40:05-07:00","entry_id":130680,"field1":"5.1875","field2":"2.875"},{"created_at":"2021-03-25T05:49:42-07:00","entry_id":130681,"field1":"5.1875","field2":"2.875"},{"created_at":"2021-03-25T05:59:19-07:00","entry_id":130682,"field1":"5.1875","field2":"3"},{"created_at":"2021-03-25T06:08:56-07:00","entry_id":130683,"field1":"5.1875","field2":"2.9375"},{"created_at":"2021-03-25T06:18:33-07:00","entry_id":130684,"field1":"5.125","field2":"2.875"},{"created_at":"2021-03-25T06:28:09-07:00","entry_id":130685,"field1":"5.125","field2":"2.875"},{"created_at":"2021-03-25T06:37:47-07:00","entry_id":130686,"field1":"5.125","field2":"2.75"},{"created_at":"2021-03-25T06:47:25-07:00","entry_id":130687,"field1":"5.125","field2":"2.875"},{"created_at":"2021-03-25T06:57:01-07:00","entry_id":130688,"field1":"5.125","field2":"2.9375"},{"created_at":"2021-03-25T07:06:38-07:00","entry_id":130689,"field1":"5.125","field2":"2.875"},{"created_at":"2021-03-25T07:16:16-07:00","entry_id":130690,"field1":"5.0625","field2":"2.9375"},{"created_at":"2021-03-25T07:25:52-07:00","entry_id":130691,"field1":"5.125","field2":"3"},{"created_at":"2021-03-25T07:35:29-07:00","entry_id":130692,"field1":"5.0625","field2":"3.0625"},{"created_at":"2021-03-25T07:45:07-07:00","entry_id":130693,"field1":"5.0625","field2":"3"},{"created_at":"2021-03-25T07:54:45-07:00","entry_id":130694,"field1":"5","field2":"3"},{"created_at":"2021-03-25T08:04:21-07:00","entry_id":130695,"field1":"5.0625","field2":"3"},{"created_at":"2021-03-25T08:13:58-07:00","entry_id":130696,"field1":"5","field2":"3.0625"},{"created_at":"2021-03-25T08:23:35-07:00","entry_id":130697,"field1":"5","field2":"3"},{"created_at":"2021-03-25T08:33:13-07:00","entry_id":130698,"field1":"5","field2":"3.0625"},{"created_at":"2021-03-25T08:42:49-07:00","entry_id":130699,"field1":"5","field2":"3.125"},{"created_at":"2021-03-25T08:52:31-07:00","entry_id":130700,"field1":"5","field2":"3.125"},{"created_at":"2021-03-25T09:02:06-07:00","entry_id":130701,"field1":"5","field2":"3.1875"},{"created_at":"2021-03-25T09:11:43-07:00","entry_id":130702,"field1":"5","field2":"3.25"},{"created_at":"2021-03-25T09:21:20-07:00","entry_id":130703,"field1":"5.0625","field2":"3.625"},{"created_at":"2021-03-25T09:30:58-07:00","entry_id":130704,"field1":"5.125","field2":"4.375"},{"created_at":"2021-03-25T09:40:35-07:00","entry_id":130705,"field1":"5.125","field2":"4"},{"created_at":"2021-03-25T09:50:12-07:00","entry_id":130706,"field1":"5.125","field2":"3.875"},{"created_at":"2021-03-25T09:59:49-07:00","entry_id":130707,"field1":"5.1875","field2":"4.375"},{"created_at":"2021-03-25T10:09:26-07:00","entry_id":130708,"field1":"5.25","field2":"4.25"},{"created_at":"2021-03-25T10:19:03-07:00","entry_id":130709,"field1":"5.3125","field2":"4.375"},{"created_at":"2021-03-25T10:28:40-07:00","entry_id":130710,"field1":"5.3125","field2":"4.4375"},{"created_at":"2021-03-25T10:38:17-07:00","entry_id":130711,"field1":"5.375","field2":"4.6875"},{"created_at":"2021-03-25T10:47:55-07:00","entry_id":130712,"field1":"5.4375","field2":"4.625"},{"created_at":"2021-03-25T10:57:32-07:00","entry_id":130713,"field1":"5.5","field2":"4.625"},{"created_at":"2021-03-25T11:07:09-07:00","entry_id":130714,"field1":"5.5","field2":"4.4375"},{"created_at":"2021-03-25T11:16:45-07:00","entry_id":130715,"field1":"5.5","field2":"4.375"},{"created_at":"2021-03-25T11:26:22-07:00","entry_id":130716,"field1":"5.5625","field2":"4.625"},{"created_at":"2021-03-25T11:36:00-07:00","entry_id":130717,"field1":"5.5625","field2":"5.1875"},{"created_at":"2021-03-25T11:45:36-07:00","entry_id":130718,"field1":"5.5625","field2":"5.625"},{"created_at":"2021-03-25T11:55:13-07:00","entry_id":130719,"field1":"5.6875","field2":"5.5"},{"created_at":"2021-03-25T12:04:50-07:00","entry_id":130720,"field1":"5.75","field2":"5.25"},{"created_at":"2021-03-25T12:14:27-07:00","entry_id":130721,"field1":"5.8125","field2":"5.375"},{"created_at":"2021-03-25T12:24:04-07:00","entry_id":130722,"field1":"5.875","field2":"5.6875"},{"created_at":"2021-03-25T12:33:41-07:00","entry_id":130723,"field1":"5.9375","field2":"5.6875"},{"created_at":"2021-03-25T12:43:18-07:00","entry_id":130724,"field1":"5.9375","field2":"5.25"},{"created_at":"2021-03-25T12:52:56-07:00","entry_id":130725,"field1":"5.9375","field2":"5.25"},{"created_at":"2021-03-25T13:02:33-07:00","entry_id":130726,"field1":"6","field2":"5.75"},{"created_at":"2021-03-25T13:12:10-07:00","entry_id":130727,"field1":"6.0625","field2":"6.4375"},{"created_at":"2021-03-25T13:21:47-07:00","entry_id":130728,"field1":"6.125","field2":"6.5625"},{"created_at":"2021-03-25T13:31:24-07:00","entry_id":130729,"field1":"6.125","field2":"6.3125"},{"created_at":"2021-03-25T13:41:01-07:00","entry_id":130730,"field1":"6.1875","field2":"6.1875"},{"created_at":"2021-03-25T13:50:38-07:00","entry_id":130731,"field1":"6.1875","field2":"6.8125"},{"created_at":"2021-03-25T14:00:15-07:00","entry_id":130732,"field1":"6.1875","field2":"6.8125"},{"created_at":"2021-03-25T14:09:52-07:00","entry_id":130733,"field1":"6.25","field2":"6.625"},{"created_at":"2021-03-25T14:19:29-07:00","entry_id":130734,"field1":"6.25","field2":"6.5625"},{"created_at":"2021-03-25T14:29:06-07:00","entry_id":130735,"field1":"6.25","field2":"6.9375"},{"created_at":"2021-03-25T14:38:43-07:00","entry_id":130736,"field1":"6.3125","field2":"7.0625"},{"created_at":"2021-03-25T14:48:20-07:00","entry_id":130737,"field1":"6.3125","field2":"7.125"},{"created_at":"2021-03-25T14:57:57-07:00","entry_id":130738,"field1":"6.3125","field2":"7.1875"},{"created_at":"2021-03-25T15:07:34-07:00","entry_id":130739,"field1":"6.375","field2":"6.8125"},{"created_at":"2021-03-25T15:17:12-07:00","entry_id":130740,"field1":"6.375","field2":"7.5625"},{"created_at":"2021-03-25T15:26:49-07:00","entry_id":130741,"field1":"6.4375","field2":"7.1875"},{"created_at":"2021-03-25T15:36:26-07:00","entry_id":130742,"field1":"6.4375","field2":"7.4375"},{"created_at":"2021-03-25T15:46:03-07:00","entry_id":130743,"field1":"6.4375","field2":"8"},{"created_at":"2021-03-25T15:55:41-07:00","entry_id":130744,"field1":"6.5","field2":"8"},{"created_at":"2021-03-25T16:05:18-07:00","entry_id":130745,"field1":"6.5","field2":"8"},{"created_at":"2021-03-25T16:14:55-07:00","entry_id":130746,"field1":"6.5","field2":"7.375"},{"created_at":"2021-03-25T16:24:32-07:00","entry_id":130747,"field1":"6.5625","field2":"7.4375"},{"created_at":"2021-03-25T16:34:09-07:00","entry_id":130748,"field1":"6.5625","field2":"7.6875"},{"created_at":"2021-03-25T16:43:46-07:00","entry_id":130749,"field1":"6.5625","field2":"7.8125"},{"created_at":"2021-03-25T16:53:23-07:00","entry_id":130750,"field1":"6.625","field2":"7.3125"},{"created_at":"2021-03-25T17:03:00-07:00","entry_id":130751,"field1":"6.625","field2":"6.625"},{"created_at":"2021-03-25T17:12:37-07:00","entry_id":130752,"field1":"6.625","field2":"6.5625"},{"created_at":"2021-03-25T17:22:14-07:00","entry_id":130753,"field1":"6.625","field2":"6.9375"},{"created_at":"2021-03-25T17:31:51-07:00","entry_id":130754,"field1":"6.625","field2":"6.9375"},{"created_at":"2021-03-25T17:41:29-07:00","entry_id":130755,"field1":"6.625","field2":"6.875"},{"created_at":"2021-03-25T17:51:06-07:00","entry_id":130756,"field1":"6.625","field2":"6.5625"},{"created_at":"2021-03-25T18:00:45-07:00","entry_id":130757,"field1":"6.625","field2":"6.6875"},{"created_at":"2021-03-25T18:10:22-07:00","entry_id":130758,"field1":"6.625","field2":"6.6875"},{"created_at":"2021-03-25T18:19:59-07:00","entry_id":130759,"field1":"6.625","field2":"6.6875"},{"created_at":"2021-03-25T18:29:36-07:00","entry_id":130760,"field1":"6.625","field2":"6.5625"},{"created_at":"2021-03-25T18:39:13-07:00","entry_id":130761,"field1":"6.625","field2":"6.4375"},{"created_at":"2021-03-25T18:48:50-07:00","entry_id":130762,"field1":"6.625","field2":"6.125"},{"created_at":"2021-03-25T18:58:27-07:00","entry_id":130763,"field1":"6.625","field2":"6.0625"},{"created_at":"2021-03-25T19:08:04-07:00","entry_id":130764,"field1":"6.625","field2":"5.9375"},{"created_at":"2021-03-25T19:17:41-07:00","entry_id":130765,"field1":"6.5625","field2":"5.75"},{"created_at":"2021-03-25T19:27:18-07:00","entry_id":130766,"field1":"6.625","field2":"5.5625"},{"created_at":"2021-03-25T19:36:56-07:00","entry_id":130767,"field1":"6.5625","field2":"5.3125"},{"created_at":"2021-03-25T19:46:33-07:00","entry_id":130768,"field1":"6.5625","field2":"5"},{"created_at":"2021-03-25T19:56:10-07:00","entry_id":130769,"field1":"6.5625","field2":"4.8125"},{"created_at":"2021-03-25T20:05:47-07:00","entry_id":130770,"field1":"6.5625","field2":"4.5625"},{"created_at":"2021-03-25T20:15:24-07:00","entry_id":130771,"field1":"6.5625","field2":"4.5"},{"created_at":"2021-03-25T20:25:01-07:00","entry_id":130772,"field1":"6.5","field2":"4.1875"},{"created_at":"2021-03-25T20:34:38-07:00","entry_id":130773,"field1":"6.5","field2":"3.8125"},{"created_at":"2021-03-25T20:44:16-07:00","entry_id":130774,"field1":"6.5","field2":"3.6875"},{"created_at":"2021-03-25T20:53:52-07:00","entry_id":130775,"field1":"6.4375","field2":"3.6875"},{"created_at":"2021-03-25T21:03:30-07:00","entry_id":130776,"field1":"6.4375","field2":"3.375"},{"created_at":"2021-03-25T21:13:07-07:00","entry_id":130777,"field1":"6.4375","field2":"3.25"},{"created_at":"2021-03-25T21:22:44-07:00","entry_id":130778,"field1":"6.4375","field2":"3.0625"},{"created_at":"2021-03-25T21:32:21-07:00","entry_id":130779,"field1":"6.4375","field2":"2.9375"},{"created_at":"2021-03-25T21:41:59-07:00","entry_id":130780,"field1":"6.4375","field2":"2.6875"},{"created_at":"2021-03-25T21:51:35-07:00","entry_id":130781,"field1":"6.4375","field2":"2.4375"},{"created_at":"2021-03-25T22:01:12-07:00","entry_id":130782,"field1":"6.4375","field2":"2.3125"},{"created_at":"2021-03-25T22:10:49-07:00","entry_id":130783,"field1":"6.375","field2":"2.375"},{"created_at":"2021-03-25T22:20:27-07:00","entry_id":130784,"field1":"6.375","field2":"1.9375"},{"created_at":"2021-03-25T22:30:04-07:00","entry_id":130785,"field1":"6.3125","field2":"1.8125"},{"created_at":"2021-03-25T22:39:41-07:00","entry_id":130786,"field1":"6.3125","field2":"1.9375"},{"created_at":"2021-03-25T22:49:18-07:00","entry_id":130787,"field1":"6.25","field2":"1.875"},{"created_at":"2021-03-25T22:58:55-07:00","entry_id":130788,"field1":"6.25","field2":"1.5"},{"created_at":"2021-03-25T23:08:31-07:00","entry_id":130789,"field1":"6.1875","field2":"1.375"},{"created_at":"2021-03-25T23:18:08-07:00","entry_id":130790,"field1":"6.1875","field2":"1.125"},{"created_at":"2021-03-25T23:27:45-07:00","entry_id":130791,"field1":"6.125","field2":"1.0625"},{"created_at":"2021-03-25T23:37:22-07:00","entry_id":130792,"field1":"6.125","field2":"1.0625"},{"created_at":"2021-03-25T23:46:59-07:00","entry_id":130793,"field1":"6.0625","field2":"0.8125"},{"created_at":"2021-03-25T23:56:36-07:00","entry_id":130794,"field1":"6.0625","field2":"0.8125"}]}