{"channel":{"id":581842,"name":"Upstairs Small Window Indoor / Outdoor Sensor","latitude":"0.0","longitude":"0.0","field1":"Indoor Temperature","field2":"Outdoor Temperature","created_at":"2018-09-23T15:37:52-07:00","updated_at":"2020-07-27T05:59:41-07:00","last_entry_id":337389},"feeds":[{"created_at":"2025-01-24T00:08:03-08:00","entry_id":337109,"field1":"2.8125","field2":"-2.6875"},{"created_at":"2025-01-24T00:17:40-08:00","entry_id":337110,"field1":"2.875","field2":"-2.6875"},{"created_at":"2025-01-24T00:27:17-08:00","entry_id":337111,"field1":"2.875","field2":"-2.5625"},{"created_at":"2025-01-24T00:36:54-08:00","entry_id":337112,"field1":"2.8125","field2":"-2.4375"},{"created_at":"2025-01-24T00:46:32-08:00","entry_id":337113,"field1":"2.875","field2":"-2.375"},{"created_at":"2025-01-24T00:56:08-08:00","entry_id":337114,"field1":"2.875","field2":"-2.25"},{"created_at":"2025-01-24T01:05:46-08:00","entry_id":337115,"field1":"2.875","field2":"-2.4375"},{"created_at":"2025-01-24T01:15:21-08:00","entry_id":337116,"field1":"2.875","field2":"-2.3125"},{"created_at":"2025-01-24T01:24:59-08:00","entry_id":337117,"field1":"2.875","field2":"-2.3125"},{"created_at":"2025-01-24T01:34:36-08:00","entry_id":337118,"field1":"2.875","field2":"-2.5"},{"created_at":"2025-01-24T01:44:13-08:00","entry_id":337119,"field1":"2.875","field2":"-2.5625"},{"created_at":"2025-01-24T01:53:50-08:00","entry_id":337120,"field1":"2.875","field2":"-2.625"},{"created_at":"2025-01-24T02:03:26-08:00","entry_id":337121,"field1":"2.875","field2":"-2.625"},{"created_at":"2025-01-24T02:13:04-08:00","entry_id":337122,"field1":"2.875","field2":"-2.75"},{"created_at":"2025-01-24T02:22:39-08:00","entry_id":337123,"field1":"2.875","field2":"-2.6875"},{"created_at":"2025-01-24T02:32:17-08:00","entry_id":337124,"field1":"2.875","field2":"-2.6875"},{"created_at":"2025-01-24T02:41:52-08:00","entry_id":337125,"field1":"2.875","field2":"-2.5625"},{"created_at":"2025-01-24T02:51:30-08:00","entry_id":337126,"field1":"2.875","field2":"-2.5625"},{"created_at":"2025-01-24T03:01:06-08:00","entry_id":337127,"field1":"2.875","field2":"-2.5"},{"created_at":"2025-01-24T03:10:44-08:00","entry_id":337128,"field1":"2.875","field2":"-2.625"},{"created_at":"2025-01-24T03:20:21-08:00","entry_id":337129,"field1":"2.875","field2":"-2.5625"},{"created_at":"2025-01-24T03:29:58-08:00","entry_id":337130,"field1":"2.875","field2":"-2.625"},{"created_at":"2025-01-24T03:39:35-08:00","entry_id":337131,"field1":"2.875","field2":"-2.625"},{"created_at":"2025-01-24T03:49:12-08:00","entry_id":337132,"field1":"2.875","field2":"-2.4375"},{"created_at":"2025-01-24T03:58:49-08:00","entry_id":337133,"field1":"2.875","field2":"-2.4375"},{"created_at":"2025-01-24T04:08:26-08:00","entry_id":337134,"field1":"2.875","field2":"-2.5"},{"created_at":"2025-01-24T04:18:03-08:00","entry_id":337135,"field1":"2.875","field2":"-2.4375"},{"created_at":"2025-01-24T04:27:40-08:00","entry_id":337136,"field1":"2.875","field2":"-2.25"},{"created_at":"2025-01-24T04:37:16-08:00","entry_id":337137,"field1":"2.875","field2":"-2.375"},{"created_at":"2025-01-24T04:46:53-08:00","entry_id":337138,"field1":"2.9375","field2":"-2.625"},{"created_at":"2025-01-24T04:56:31-08:00","entry_id":337139,"field1":"2.9375","field2":"-2.5625"},{"created_at":"2025-01-24T05:06:07-08:00","entry_id":337140,"field1":"2.9375","field2":"-2.75"},{"created_at":"2025-01-24T05:15:44-08:00","entry_id":337141,"field1":"2.875","field2":"-2.625"},{"created_at":"2025-01-24T05:25:21-08:00","entry_id":337142,"field1":"2.875","field2":"-2.5"},{"created_at":"2025-01-24T05:34:58-08:00","entry_id":337143,"field1":"2.9375","field2":"-2.5"},{"created_at":"2025-01-24T05:44:35-08:00","entry_id":337144,"field1":"2.875","field2":"-2.625"},{"created_at":"2025-01-24T05:54:12-08:00","entry_id":337145,"field1":"2.9375","field2":"-2.5625"},{"created_at":"2025-01-24T06:03:49-08:00","entry_id":337146,"field1":"2.9375","field2":"-2.625"},{"created_at":"2025-01-24T06:13:26-08:00","entry_id":337147,"field1":"2.9375","field2":"-2.5625"},{"created_at":"2025-01-24T06:23:03-08:00","entry_id":337148,"field1":"2.9375","field2":"-2.625"},{"created_at":"2025-01-24T06:32:40-08:00","entry_id":337149,"field1":"2.9375","field2":"-2.625"},{"created_at":"2025-01-24T06:42:17-08:00","entry_id":337150,"field1":"2.9375","field2":"-2.5625"},{"created_at":"2025-01-24T06:51:55-08:00","entry_id":337151,"field1":"2.9375","field2":"-2.4375"},{"created_at":"2025-01-24T07:01:32-08:00","entry_id":337152,"field1":"2.9375","field2":"-2.5625"},{"created_at":"2025-01-24T07:11:08-08:00","entry_id":337153,"field1":"2.9375","field2":"-2.5625"},{"created_at":"2025-01-24T07:20:45-08:00","entry_id":337154,"field1":"2.9375","field2":"-2.6875"},{"created_at":"2025-01-24T07:30:22-08:00","entry_id":337155,"field1":"2.9375","field2":"-2.5625"},{"created_at":"2025-01-24T07:39:59-08:00","entry_id":337156,"field1":"2.9375","field2":"-2.625"},{"created_at":"2025-01-24T07:49:36-08:00","entry_id":337157,"field1":"2.9375","field2":"-2.5"},{"created_at":"2025-01-24T07:59:13-08:00","entry_id":337158,"field1":"2.9375","field2":"-2.6875"},{"created_at":"2025-01-24T08:08:50-08:00","entry_id":337159,"field1":"2.9375","field2":"-2.4375"},{"created_at":"2025-01-24T08:18:26-08:00","entry_id":337160,"field1":"2.9375","field2":"-2.4375"},{"created_at":"2025-01-24T08:28:02-08:00","entry_id":337161,"field1":"2.9375","field2":"-2.3125"},{"created_at":"2025-01-24T08:37:40-08:00","entry_id":337162,"field1":"2.9375","field2":"-2.3125"},{"created_at":"2025-01-24T08:47:17-08:00","entry_id":337163,"field1":"2.9375","field2":"-2.25"},{"created_at":"2025-01-24T08:56:53-08:00","entry_id":337164,"field1":"2.9375","field2":"-2.25"},{"created_at":"2025-01-24T09:06:30-08:00","entry_id":337165,"field1":"2.9375","field2":"-2.25"},{"created_at":"2025-01-24T09:16:07-08:00","entry_id":337166,"field1":"3","field2":"-2.25"},{"created_at":"2025-01-24T09:25:44-08:00","entry_id":337167,"field1":"3","field2":"-2.1875"},{"created_at":"2025-01-24T09:35:20-08:00","entry_id":337168,"field1":"3","field2":"-2.125"},{"created_at":"2025-01-24T09:44:57-08:00","entry_id":337169,"field1":"3","field2":"-2"},{"created_at":"2025-01-24T09:54:34-08:00","entry_id":337170,"field1":"3","field2":"-2"},{"created_at":"2025-01-24T10:04:11-08:00","entry_id":337171,"field1":"3","field2":"-1.8125"},{"created_at":"2025-01-24T10:13:48-08:00","entry_id":337172,"field1":"3","field2":"-1.8125"},{"created_at":"2025-01-24T10:23:25-08:00","entry_id":337173,"field1":"3","field2":"-1.75"},{"created_at":"2025-01-24T10:33:02-08:00","entry_id":337174,"field1":"3.0625","field2":"-1.6875"},{"created_at":"2025-01-24T10:42:38-08:00","entry_id":337175,"field1":"3.0625","field2":"-1.75"},{"created_at":"2025-01-24T10:52:15-08:00","entry_id":337176,"field1":"3.0625","field2":"-1.6875"},{"created_at":"2025-01-24T11:01:52-08:00","entry_id":337177,"field1":"3.0625","field2":"-1.5625"},{"created_at":"2025-01-24T11:11:29-08:00","entry_id":337178,"field1":"3.0625","field2":"-1.375"},{"created_at":"2025-01-24T11:21:06-08:00","entry_id":337179,"field1":"3.0625","field2":"-1.1875"},{"created_at":"2025-01-24T11:30:43-08:00","entry_id":337180,"field1":"3.125","field2":"-1"},{"created_at":"2025-01-24T11:40:20-08:00","entry_id":337181,"field1":"3.125","field2":"-1.125"},{"created_at":"2025-01-24T11:49:57-08:00","entry_id":337182,"field1":"3.125","field2":"-1.125"},{"created_at":"2025-01-24T11:59:34-08:00","entry_id":337183,"field1":"3.1875","field2":"-0.8125"},{"created_at":"2025-01-24T12:09:11-08:00","entry_id":337184,"field1":"3.1875","field2":"-1.0625"},{"created_at":"2025-01-24T12:18:47-08:00","entry_id":337185,"field1":"3.25","field2":"-1"},{"created_at":"2025-01-24T12:28:23-08:00","entry_id":337186,"field1":"3.25","field2":"-0.875"},{"created_at":"2025-01-24T12:38:01-08:00","entry_id":337187,"field1":"3.25","field2":"-0.875"},{"created_at":"2025-01-24T12:47:37-08:00","entry_id":337188,"field1":"3.25","field2":"-0.875"},{"created_at":"2025-01-24T12:57:13-08:00","entry_id":337189,"field1":"3.3125","field2":"-0.75"},{"created_at":"2025-01-24T13:06:51-08:00","entry_id":337190,"field1":"3.3125","field2":"-0.5625"},{"created_at":"2025-01-24T13:16:28-08:00","entry_id":337191,"field1":"3.375","field2":"-0.375"},{"created_at":"2025-01-24T13:26:06-08:00","entry_id":337192,"field1":"3.375","field2":"-0.3125"},{"created_at":"2025-01-24T13:35:42-08:00","entry_id":337193,"field1":"3.375","field2":"-0.125"},{"created_at":"2025-01-24T13:45:19-08:00","entry_id":337194,"field1":"3.4375","field2":"-0.25"},{"created_at":"2025-01-24T13:54:55-08:00","entry_id":337195,"field1":"3.4375","field2":"-0.3125"},{"created_at":"2025-01-24T14:04:32-08:00","entry_id":337196,"field1":"3.5","field2":"-0.0625"},{"created_at":"2025-01-24T14:14:10-08:00","entry_id":337197,"field1":"3.5625","field2":"-0.0625"},{"created_at":"2025-01-24T14:23:47-08:00","entry_id":337198,"field1":"3.5625","field2":"-0.1875"},{"created_at":"2025-01-24T14:33:24-08:00","entry_id":337199,"field1":"3.5625","field2":"-0.1875"},{"created_at":"2025-01-24T14:42:59-08:00","entry_id":337200,"field1":"3.5625","field2":"-0.1875"},{"created_at":"2025-01-24T14:52:37-08:00","entry_id":337201,"field1":"3.5625","field2":"-0.5"},{"created_at":"2025-01-24T15:02:12-08:00","entry_id":337202,"field1":"3.625","field2":"-0.6875"},{"created_at":"2025-01-24T15:11:50-08:00","entry_id":337203,"field1":"3.625","field2":"-0.9375"},{"created_at":"2025-01-24T15:21:27-08:00","entry_id":337204,"field1":"3.625","field2":"-0.875"},{"created_at":"2025-01-24T15:31:02-08:00","entry_id":337205,"field1":"3.625","field2":"-0.8125"},{"created_at":"2025-01-24T15:40:40-08:00","entry_id":337206,"field1":"3.625","field2":"-0.75"},{"created_at":"2025-01-24T15:50:17-08:00","entry_id":337207,"field1":"3.625","field2":"-0.875"},{"created_at":"2025-01-24T15:59:54-08:00","entry_id":337208,"field1":"3.625","field2":"-0.875"},{"created_at":"2025-01-24T16:09:31-08:00","entry_id":337209,"field1":"3.625","field2":"-0.9375"},{"created_at":"2025-01-24T16:19:07-08:00","entry_id":337210,"field1":"3.625","field2":"-1"},{"created_at":"2025-01-24T16:28:45-08:00","entry_id":337211,"field1":"3.625","field2":"-1.0625"},{"created_at":"2025-01-24T16:38:21-08:00","entry_id":337212,"field1":"3.625","field2":"-1.25"},{"created_at":"2025-01-24T16:47:59-08:00","entry_id":337213,"field1":"3.625","field2":"-1.4375"},{"created_at":"2025-01-24T16:57:36-08:00","entry_id":337214,"field1":"3.6875","field2":"-1.6875"},{"created_at":"2025-01-24T17:07:12-08:00","entry_id":337215,"field1":"3.625","field2":"-1.875"},{"created_at":"2025-01-24T17:16:49-08:00","entry_id":337216,"field1":"3.6875","field2":"-2"},{"created_at":"2025-01-24T17:26:26-08:00","entry_id":337217,"field1":"3.625","field2":"-2.125"},{"created_at":"2025-01-24T17:36:03-08:00","entry_id":337218,"field1":"3.625","field2":"-2.25"},{"created_at":"2025-01-24T17:45:40-08:00","entry_id":337219,"field1":"3.625","field2":"-2.375"},{"created_at":"2025-01-24T17:55:17-08:00","entry_id":337220,"field1":"3.625","field2":"-2.4375"},{"created_at":"2025-01-24T18:04:54-08:00","entry_id":337221,"field1":"3.625","field2":"-2.5"},{"created_at":"2025-01-24T18:14:31-08:00","entry_id":337222,"field1":"3.625","field2":"-2.625"},{"created_at":"2025-01-24T18:24:08-08:00","entry_id":337223,"field1":"3.625","field2":"-2.6875"},{"created_at":"2025-01-24T18:33:45-08:00","entry_id":337224,"field1":"3.625","field2":"-2.75"},{"created_at":"2025-01-24T18:43:22-08:00","entry_id":337225,"field1":"3.625","field2":"-3"},{"created_at":"2025-01-24T18:52:59-08:00","entry_id":337226,"field1":"3.625","field2":"-3.1875"},{"created_at":"2025-01-24T19:02:36-08:00","entry_id":337227,"field1":"3.625","field2":"-3.25"},{"created_at":"2025-01-24T19:12:13-08:00","entry_id":337228,"field1":"3.5625","field2":"-3.4375"},{"created_at":"2025-01-24T19:21:49-08:00","entry_id":337229,"field1":"3.5625","field2":"-3.5625"},{"created_at":"2025-01-24T19:31:26-08:00","entry_id":337230,"field1":"3.5625","field2":"-3.5625"},{"created_at":"2025-01-24T19:41:04-08:00","entry_id":337231,"field1":"3.5625","field2":"-3.6875"},{"created_at":"2025-01-24T19:50:42-08:00","entry_id":337232,"field1":"3.5625","field2":"-4"},{"created_at":"2025-01-24T20:00:18-08:00","entry_id":337233,"field1":"3.5625","field2":"-3.9375"},{"created_at":"2025-01-24T20:09:55-08:00","entry_id":337234,"field1":"3.5","field2":"-3.9375"},{"created_at":"2025-01-24T20:19:32-08:00","entry_id":337235,"field1":"3.5","field2":"-4"},{"created_at":"2025-01-24T20:29:08-08:00","entry_id":337236,"field1":"3.5","field2":"-4.0625"},{"created_at":"2025-01-24T20:38:45-08:00","entry_id":337237,"field1":"3.4375","field2":"-4.0625"},{"created_at":"2025-01-24T20:48:23-08:00","entry_id":337238,"field1":"3.4375","field2":"-4.1875"},{"created_at":"2025-01-24T20:57:59-08:00","entry_id":337239,"field1":"3.4375","field2":"-4.125"},{"created_at":"2025-01-24T21:07:36-08:00","entry_id":337240,"field1":"3.4375","field2":"-4.0625"},{"created_at":"2025-01-24T21:17:13-08:00","entry_id":337241,"field1":"3.375","field2":"-4.375"},{"created_at":"2025-01-24T21:26:50-08:00","entry_id":337242,"field1":"3.375","field2":"-4.25"},{"created_at":"2025-01-24T21:36:27-08:00","entry_id":337243,"field1":"3.375","field2":"-4.375"},{"created_at":"2025-01-24T21:46:04-08:00","entry_id":337244,"field1":"3.375","field2":"-4.375"},{"created_at":"2025-01-24T21:55:41-08:00","entry_id":337245,"field1":"3.3125","field2":"-4.4375"},{"created_at":"2025-01-24T22:05:18-08:00","entry_id":337246,"field1":"3.3125","field2":"-4.5"},{"created_at":"2025-01-24T22:14:55-08:00","entry_id":337247,"field1":"3.3125","field2":"-4.5"},{"created_at":"2025-01-24T22:24:32-08:00","entry_id":337248,"field1":"3.25","field2":"-4.5625"},{"created_at":"2025-01-24T22:34:09-08:00","entry_id":337249,"field1":"3.25","field2":"-4.5625"},{"created_at":"2025-01-24T22:43:46-08:00","entry_id":337250,"field1":"3.25","field2":"-4.5625"},{"created_at":"2025-01-24T22:53:22-08:00","entry_id":337251,"field1":"3.25","field2":"-4.8125"},{"created_at":"2025-01-24T23:03:00-08:00","entry_id":337252,"field1":"3.1875","field2":"-4.5625"},{"created_at":"2025-01-24T23:12:37-08:00","entry_id":337253,"field1":"3.1875","field2":"-4.75"},{"created_at":"2025-01-24T23:22:12-08:00","entry_id":337254,"field1":"3.1875","field2":"-4.3125"},{"created_at":"2025-01-24T23:31:50-08:00","entry_id":337255,"field1":"3.125","field2":"-4.1875"},{"created_at":"2025-01-24T23:41:27-08:00","entry_id":337256,"field1":"3.125","field2":"-4.25"},{"created_at":"2025-01-24T23:51:03-08:00","entry_id":337257,"field1":"3.125","field2":"-4.5"}]}