{"channel":{"id":581842,"name":"Upstairs Small Window Indoor / Outdoor Sensor","latitude":"0.0","longitude":"0.0","field1":"Indoor Temperature","field2":"Outdoor Temperature","created_at":"2018-09-23T15:37:52-07:00","updated_at":"2020-07-27T05:59:41-07:00","last_entry_id":382419},"feeds":[{"created_at":"2025-11-25T00:04:44-08:00","entry_id":382156,"field1":"4.4375","field2":"1.3125"},{"created_at":"2025-11-25T00:14:22-08:00","entry_id":382157,"field1":"4.375","field2":"1.3125"},{"created_at":"2025-11-25T00:23:57-08:00","entry_id":382158,"field1":"4.375","field2":"1.3125"},{"created_at":"2025-11-25T00:33:34-08:00","entry_id":382159,"field1":"4.375","field2":"1.25"},{"created_at":"2025-11-25T00:43:12-08:00","entry_id":382160,"field1":"4.375","field2":"1.25"},{"created_at":"2025-11-25T00:52:48-08:00","entry_id":382161,"field1":"4.3125","field2":"1.3125"},{"created_at":"2025-11-25T01:02:24-08:00","entry_id":382162,"field1":"4.3125","field2":"1.1875"},{"created_at":"2025-11-25T01:12:02-08:00","entry_id":382163,"field1":"4.3125","field2":"1.1875"},{"created_at":"2025-11-25T01:21:40-08:00","entry_id":382164,"field1":"4.3125","field2":"1.1875"},{"created_at":"2025-11-25T01:31:15-08:00","entry_id":382165,"field1":"4.25","field2":"1.1875"},{"created_at":"2025-11-25T01:40:54-08:00","entry_id":382166,"field1":"4.25","field2":"1.125"},{"created_at":"2025-11-25T01:50:30-08:00","entry_id":382167,"field1":"4.25","field2":"1.0625"},{"created_at":"2025-11-25T02:00:06-08:00","entry_id":382168,"field1":"4.25","field2":"1.0625"},{"created_at":"2025-11-25T02:09:43-08:00","entry_id":382169,"field1":"4.1875","field2":"1.125"},{"created_at":"2025-11-25T02:19:20-08:00","entry_id":382170,"field1":"4.1875","field2":"1"},{"created_at":"2025-11-25T02:28:59-08:00","entry_id":382171,"field1":"4.1875","field2":"1"},{"created_at":"2025-11-25T02:38:36-08:00","entry_id":382172,"field1":"4.1875","field2":"0.8125"},{"created_at":"2025-11-25T02:48:11-08:00","entry_id":382173,"field1":"4.125","field2":"0.75"},{"created_at":"2025-11-25T02:57:48-08:00","entry_id":382174,"field1":"4.125","field2":"0.75"},{"created_at":"2025-11-25T03:07:24-08:00","entry_id":382175,"field1":"4.125","field2":"0.75"},{"created_at":"2025-11-25T03:17:03-08:00","entry_id":382176,"field1":"4.0625","field2":"0.75"},{"created_at":"2025-11-25T03:26:38-08:00","entry_id":382177,"field1":"4.0625","field2":"0.6875"},{"created_at":"2025-11-25T03:36:17-08:00","entry_id":382178,"field1":"4.0625","field2":"0.5625"},{"created_at":"2025-11-25T03:45:52-08:00","entry_id":382179,"field1":"4.0625","field2":"0.375"},{"created_at":"2025-11-25T03:55:30-08:00","entry_id":382180,"field1":"4.0625","field2":"0.375"},{"created_at":"2025-11-25T04:05:06-08:00","entry_id":382181,"field1":"4","field2":"0.5"},{"created_at":"2025-11-25T04:14:44-08:00","entry_id":382182,"field1":"4","field2":"0.5"},{"created_at":"2025-11-25T04:24:20-08:00","entry_id":382183,"field1":"4","field2":"0.4375"},{"created_at":"2025-11-25T04:33:58-08:00","entry_id":382184,"field1":"4","field2":"0.4375"},{"created_at":"2025-11-25T04:43:35-08:00","entry_id":382185,"field1":"3.9375","field2":"0.5"},{"created_at":"2025-11-25T04:53:11-08:00","entry_id":382186,"field1":"3.9375","field2":"0.625"},{"created_at":"2025-11-25T05:02:47-08:00","entry_id":382187,"field1":"3.9375","field2":"0.75"},{"created_at":"2025-11-25T05:12:25-08:00","entry_id":382188,"field1":"3.875","field2":"0.8125"},{"created_at":"2025-11-25T05:22:01-08:00","entry_id":382189,"field1":"3.875","field2":"0.875"},{"created_at":"2025-11-25T05:31:38-08:00","entry_id":382190,"field1":"3.875","field2":"1"},{"created_at":"2025-11-25T05:41:15-08:00","entry_id":382191,"field1":"3.875","field2":"1.0625"},{"created_at":"2025-11-25T05:50:51-08:00","entry_id":382192,"field1":"3.8125","field2":"1.125"},{"created_at":"2025-11-25T06:00:28-08:00","entry_id":382193,"field1":"3.8125","field2":"1.125"},{"created_at":"2025-11-25T06:10:06-08:00","entry_id":382194,"field1":"3.8125","field2":"1.125"},{"created_at":"2025-11-25T06:19:42-08:00","entry_id":382195,"field1":"3.8125","field2":"1"},{"created_at":"2025-11-25T06:29:19-08:00","entry_id":382196,"field1":"3.8125","field2":"0.75"},{"created_at":"2025-11-25T06:38:55-08:00","entry_id":382197,"field1":"3.75","field2":"1"},{"created_at":"2025-11-25T06:48:32-08:00","entry_id":382198,"field1":"3.75","field2":"0.9375"},{"created_at":"2025-11-25T06:58:10-08:00","entry_id":382199,"field1":"3.75","field2":"0.6875"},{"created_at":"2025-11-25T07:07:45-08:00","entry_id":382200,"field1":"3.75","field2":"0.5"},{"created_at":"2025-11-25T07:17:22-08:00","entry_id":382201,"field1":"3.75","field2":"0.5"},{"created_at":"2025-11-25T07:26:58-08:00","entry_id":382202,"field1":"3.6875","field2":"0.4375"},{"created_at":"2025-11-25T07:36:37-08:00","entry_id":382203,"field1":"3.6875","field2":"0.6875"},{"created_at":"2025-11-25T07:46:12-08:00","entry_id":382204,"field1":"3.6875","field2":"0.6875"},{"created_at":"2025-11-25T07:55:50-08:00","entry_id":382205,"field1":"3.6875","field2":"0.8125"},{"created_at":"2025-11-25T08:05:28-08:00","entry_id":382206,"field1":"3.625","field2":"0.875"},{"created_at":"2025-11-25T08:15:03-08:00","entry_id":382207,"field1":"3.625","field2":"0.9375"},{"created_at":"2025-11-25T08:34:39-08:00","entry_id":382208,"field1":"3.625","field2":"1.3125"},{"created_at":"2025-11-25T08:44:15-08:00","entry_id":382209,"field1":"3.625","field2":"1.5"},{"created_at":"2025-11-25T08:53:51-08:00","entry_id":382210,"field1":"3.625","field2":"1.5"},{"created_at":"2025-11-25T09:03:27-08:00","entry_id":382211,"field1":"3.625","field2":"1.25"},{"created_at":"2025-11-25T09:13:05-08:00","entry_id":382212,"field1":"3.5625","field2":"1.6875"},{"created_at":"2025-11-25T09:22:43-08:00","entry_id":382213,"field1":"3.5625","field2":"1.6875"},{"created_at":"2025-11-25T09:32:18-08:00","entry_id":382214,"field1":"3.5625","field2":"1.6875"},{"created_at":"2025-11-25T09:41:56-08:00","entry_id":382215,"field1":"3.5625","field2":"1.6875"},{"created_at":"2025-11-25T09:51:32-08:00","entry_id":382216,"field1":"3.5625","field2":"1.8125"},{"created_at":"2025-11-25T10:01:10-08:00","entry_id":382217,"field1":"3.5625","field2":"1.875"},{"created_at":"2025-11-25T10:10:45-08:00","entry_id":382218,"field1":"3.5625","field2":"1.9375"},{"created_at":"2025-11-25T10:20:24-08:00","entry_id":382219,"field1":"3.5","field2":"1.9375"},{"created_at":"2025-11-25T10:30:01-08:00","entry_id":382220,"field1":"3.5","field2":"1.9375"},{"created_at":"2025-11-25T10:39:38-08:00","entry_id":382221,"field1":"3.5625","field2":"2.0625"},{"created_at":"2025-11-25T10:49:15-08:00","entry_id":382222,"field1":"3.5","field2":"2.0625"},{"created_at":"2025-11-25T11:08:45-08:00","entry_id":382223,"field1":"3.5625","field2":"2.25"},{"created_at":"2025-11-25T11:18:21-08:00","entry_id":382224,"field1":"3.5625","field2":"2.5625"},{"created_at":"2025-11-25T11:27:59-08:00","entry_id":382225,"field1":"3.5625","field2":"2.625"},{"created_at":"2025-11-25T11:37:36-08:00","entry_id":382226,"field1":"3.5625","field2":"2.8125"},{"created_at":"2025-11-25T11:47:12-08:00","entry_id":382227,"field1":"3.5625","field2":"2.6875"},{"created_at":"2025-11-25T11:56:50-08:00","entry_id":382228,"field1":"3.5625","field2":"2.75"},{"created_at":"2025-11-25T12:16:24-08:00","entry_id":382229,"field1":"3.5625","field2":"2.5625"},{"created_at":"2025-11-25T12:26:01-08:00","entry_id":382230,"field1":"3.625","field2":"2.75"},{"created_at":"2025-11-25T12:35:37-08:00","entry_id":382231,"field1":"3.625","field2":"2.9375"},{"created_at":"2025-11-25T12:45:14-08:00","entry_id":382232,"field1":"3.625","field2":"3"},{"created_at":"2025-11-25T12:54:52-08:00","entry_id":382233,"field1":"3.625","field2":"3.125"},{"created_at":"2025-11-25T13:04:27-08:00","entry_id":382234,"field1":"3.625","field2":"3"},{"created_at":"2025-11-25T13:14:05-08:00","entry_id":382235,"field1":"3.625","field2":"3"},{"created_at":"2025-11-25T13:23:43-08:00","entry_id":382236,"field1":"3.625","field2":"3.1875"},{"created_at":"2025-11-25T13:33:18-08:00","entry_id":382237,"field1":"3.625","field2":"3.125"},{"created_at":"2025-11-25T13:42:56-08:00","entry_id":382238,"field1":"3.625","field2":"3"},{"created_at":"2025-11-25T13:52:33-08:00","entry_id":382239,"field1":"3.625","field2":"3"},{"created_at":"2025-11-25T14:02:10-08:00","entry_id":382240,"field1":"3.625","field2":"3.0625"},{"created_at":"2025-11-25T14:11:46-08:00","entry_id":382241,"field1":"3.6875","field2":"3.125"},{"created_at":"2025-11-25T14:21:23-08:00","entry_id":382242,"field1":"3.6875","field2":"3.0625"},{"created_at":"2025-11-25T14:30:59-08:00","entry_id":382243,"field1":"3.6875","field2":"3.125"},{"created_at":"2025-11-25T14:40:38-08:00","entry_id":382244,"field1":"3.6875","field2":"3.125"},{"created_at":"2025-11-25T14:50:15-08:00","entry_id":382245,"field1":"3.6875","field2":"3.0625"},{"created_at":"2025-11-25T14:59:51-08:00","entry_id":382246,"field1":"3.6875","field2":"3.0625"},{"created_at":"2025-11-25T15:09:29-08:00","entry_id":382247,"field1":"3.6875","field2":"2.9375"},{"created_at":"2025-11-25T15:19:05-08:00","entry_id":382248,"field1":"3.6875","field2":"2.8125"},{"created_at":"2025-11-25T15:28:41-08:00","entry_id":382249,"field1":"3.6875","field2":"2.6875"},{"created_at":"2025-11-25T15:38:18-08:00","entry_id":382250,"field1":"3.625","field2":"2.5625"},{"created_at":"2025-11-25T15:57:53-08:00","entry_id":382251,"field1":"3.625","field2":"2.3125"},{"created_at":"2025-11-25T16:07:31-08:00","entry_id":382252,"field1":"3.625","field2":"2.25"},{"created_at":"2025-11-25T16:17:06-08:00","entry_id":382253,"field1":"3.625","field2":"2.125"},{"created_at":"2025-11-25T16:26:44-08:00","entry_id":382254,"field1":"3.625","field2":"1.9375"},{"created_at":"2025-11-25T16:36:20-08:00","entry_id":382255,"field1":"3.625","field2":"1.875"},{"created_at":"2025-11-25T16:45:59-08:00","entry_id":382256,"field1":"3.625","field2":"1.8125"},{"created_at":"2025-11-25T16:55:34-08:00","entry_id":382257,"field1":"3.625","field2":"1.8125"},{"created_at":"2025-11-25T17:05:13-08:00","entry_id":382258,"field1":"3.625","field2":"1.875"},{"created_at":"2025-11-25T17:14:49-08:00","entry_id":382259,"field1":"3.625","field2":"1.8125"},{"created_at":"2025-11-25T17:24:27-08:00","entry_id":382260,"field1":"3.625","field2":"1.875"},{"created_at":"2025-11-25T17:34:04-08:00","entry_id":382261,"field1":"3.5625","field2":"1.9375"},{"created_at":"2025-11-25T17:43:40-08:00","entry_id":382262,"field1":"3.5625","field2":"1.875"},{"created_at":"2025-11-25T17:53:18-08:00","entry_id":382263,"field1":"3.5625","field2":"1.875"},{"created_at":"2025-11-25T18:02:54-08:00","entry_id":382264,"field1":"3.5625","field2":"1.875"},{"created_at":"2025-11-25T18:12:33-08:00","entry_id":382265,"field1":"3.5625","field2":"1.875"},{"created_at":"2025-11-25T18:22:10-08:00","entry_id":382266,"field1":"3.5625","field2":"1.9375"},{"created_at":"2025-11-25T18:31:45-08:00","entry_id":382267,"field1":"3.5625","field2":"1.875"},{"created_at":"2025-11-25T18:41:26-08:00","entry_id":382268,"field1":"3.5","field2":"1.875"},{"created_at":"2025-11-25T18:51:02-08:00","entry_id":382269,"field1":"3.5","field2":"1.9375"},{"created_at":"2025-11-25T19:00:38-08:00","entry_id":382270,"field1":"3.5","field2":"1.875"},{"created_at":"2025-11-25T19:10:14-08:00","entry_id":382271,"field1":"3.5","field2":"1.875"},{"created_at":"2025-11-25T19:19:52-08:00","entry_id":382272,"field1":"3.5","field2":"1.875"},{"created_at":"2025-11-25T19:29:28-08:00","entry_id":382273,"field1":"3.5","field2":"1.9375"},{"created_at":"2025-11-25T19:39:06-08:00","entry_id":382274,"field1":"3.5","field2":"1.9375"},{"created_at":"2025-11-25T20:08:33-08:00","entry_id":382275,"field1":"3.4375","field2":"1.875"},{"created_at":"2025-11-25T20:18:11-08:00","entry_id":382276,"field1":"3.4375","field2":"1.8125"},{"created_at":"2025-11-25T20:27:46-08:00","entry_id":382277,"field1":"3.4375","field2":"1.875"},{"created_at":"2025-11-25T20:37:23-08:00","entry_id":382278,"field1":"3.4375","field2":"1.8125"},{"created_at":"2025-11-25T20:46:59-08:00","entry_id":382279,"field1":"3.4375","field2":"1.8125"},{"created_at":"2025-11-25T20:56:35-08:00","entry_id":382280,"field1":"3.4375","field2":"1.875"},{"created_at":"2025-11-25T21:06:13-08:00","entry_id":382281,"field1":"3.4375","field2":"1.875"},{"created_at":"2025-11-25T21:15:49-08:00","entry_id":382282,"field1":"3.375","field2":"1.8125"},{"created_at":"2025-11-25T21:25:27-08:00","entry_id":382283,"field1":"3.375","field2":"1.6875"},{"created_at":"2025-11-25T21:35:03-08:00","entry_id":382284,"field1":"3.4375","field2":"1.6875"},{"created_at":"2025-11-25T21:44:39-08:00","entry_id":382285,"field1":"3.375","field2":"1.75"},{"created_at":"2025-11-25T22:04:05-08:00","entry_id":382286,"field1":"3.375","field2":"1.875"},{"created_at":"2025-11-25T22:13:43-08:00","entry_id":382287,"field1":"3.375","field2":"1.75"},{"created_at":"2025-11-25T22:23:21-08:00","entry_id":382288,"field1":"3.375","field2":"1.875"},{"created_at":"2025-11-25T22:32:56-08:00","entry_id":382289,"field1":"3.375","field2":"1.875"},{"created_at":"2025-11-25T22:42:33-08:00","entry_id":382290,"field1":"3.375","field2":"1.8125"},{"created_at":"2025-11-25T22:52:09-08:00","entry_id":382291,"field1":"3.3125","field2":"1.875"},{"created_at":"2025-11-25T23:01:46-08:00","entry_id":382292,"field1":"3.375","field2":"1.875"},{"created_at":"2025-11-25T23:11:24-08:00","entry_id":382293,"field1":"3.3125","field2":"1.8125"},{"created_at":"2025-11-25T23:21:01-08:00","entry_id":382294,"field1":"3.3125","field2":"1.875"},{"created_at":"2025-11-25T23:30:38-08:00","entry_id":382295,"field1":"3.3125","field2":"1.875"},{"created_at":"2025-11-25T23:40:14-08:00","entry_id":382296,"field1":"3.3125","field2":"1.75"},{"created_at":"2025-11-25T23:49:52-08:00","entry_id":382297,"field1":"3.3125","field2":"1.75"},{"created_at":"2025-11-25T23:59:28-08:00","entry_id":382298,"field1":"3.3125","field2":"1.6875"}]}