{"channel":{"id":581842,"name":"Upstairs Small Window Indoor / Outdoor Sensor","latitude":"0.0","longitude":"0.0","field1":"Indoor Temperature","field2":"Outdoor Temperature","created_at":"2018-09-23T15:37:52-07:00","updated_at":"2020-07-27T05:59:41-07:00","last_entry_id":150128},"feeds":[{"created_at":"2019-03-20T00:07:08-07:00","entry_id":24920,"field1":"3.4375","field2":"0.1875"},{"created_at":"2019-03-20T00:16:44-07:00","entry_id":24921,"field1":"3.375","field2":"0.3125"},{"created_at":"2019-03-20T00:26:23-07:00","entry_id":24922,"field1":"3.375","field2":"0.3125"},{"created_at":"2019-03-20T00:35:59-07:00","entry_id":24923,"field1":"3.375","field2":"0.3125"},{"created_at":"2019-03-20T00:45:36-07:00","entry_id":24924,"field1":"3.3125","field2":"0.25"},{"created_at":"2019-03-20T00:55:13-07:00","entry_id":24925,"field1":"3.3125","field2":"0.125"},{"created_at":"2019-03-20T01:04:49-07:00","entry_id":24926,"field1":"3.3125","field2":"0"},{"created_at":"2019-03-20T01:14:27-07:00","entry_id":24927,"field1":"3.25","field2":"-0.125"},{"created_at":"2019-03-20T01:24:03-07:00","entry_id":24928,"field1":"3.25","field2":"-0.125"},{"created_at":"2019-03-20T01:33:40-07:00","entry_id":24929,"field1":"3.25","field2":"-0.1875"},{"created_at":"2019-03-20T01:43:18-07:00","entry_id":24930,"field1":"3.1875","field2":"-0.25"},{"created_at":"2019-03-20T01:52:55-07:00","entry_id":24931,"field1":"3.1875","field2":"-0.375"},{"created_at":"2019-03-20T02:02:32-07:00","entry_id":24932,"field1":"3.1875","field2":"-0.4375"},{"created_at":"2019-03-20T02:12:08-07:00","entry_id":24933,"field1":"3.125","field2":"-0.4375"},{"created_at":"2019-03-20T02:21:46-07:00","entry_id":24934,"field1":"3.125","field2":"-0.5625"},{"created_at":"2019-03-20T02:31:22-07:00","entry_id":24935,"field1":"3.125","field2":"-0.625"},{"created_at":"2019-03-20T02:40:59-07:00","entry_id":24936,"field1":"3.0625","field2":"-0.625"},{"created_at":"2019-03-20T02:50:35-07:00","entry_id":24937,"field1":"3.0625","field2":"-0.75"},{"created_at":"2019-03-20T03:00:13-07:00","entry_id":24938,"field1":"3.0625","field2":"-0.875"},{"created_at":"2019-03-20T03:09:49-07:00","entry_id":24939,"field1":"3","field2":"-0.9375"},{"created_at":"2019-03-20T03:19:26-07:00","entry_id":24940,"field1":"3","field2":"-1"},{"created_at":"2019-03-20T03:29:04-07:00","entry_id":24941,"field1":"3","field2":"-0.8125"},{"created_at":"2019-03-20T03:38:40-07:00","entry_id":24942,"field1":"2.9375","field2":"-0.9375"},{"created_at":"2019-03-20T03:48:18-07:00","entry_id":24943,"field1":"2.9375","field2":"-1"},{"created_at":"2019-03-20T03:57:55-07:00","entry_id":24944,"field1":"2.9375","field2":"-1.125"},{"created_at":"2019-03-20T04:07:31-07:00","entry_id":24945,"field1":"2.875","field2":"-1.1875"},{"created_at":"2019-03-20T04:17:09-07:00","entry_id":24946,"field1":"2.875","field2":"-1.25"},{"created_at":"2019-03-20T04:26:45-07:00","entry_id":24947,"field1":"2.875","field2":"-1.25"},{"created_at":"2019-03-20T04:36:23-07:00","entry_id":24948,"field1":"2.8125","field2":"-1.25"},{"created_at":"2019-03-20T04:46:00-07:00","entry_id":24949,"field1":"2.8125","field2":"-1.375"},{"created_at":"2019-03-20T04:55:36-07:00","entry_id":24950,"field1":"2.75","field2":"-1.4375"},{"created_at":"2019-03-20T05:05:13-07:00","entry_id":24951,"field1":"2.75","field2":"-1.4375"},{"created_at":"2019-03-20T05:14:51-07:00","entry_id":24952,"field1":"2.75","field2":"-1.4375"},{"created_at":"2019-03-20T05:24:27-07:00","entry_id":24953,"field1":"2.6875","field2":"-1.3125"},{"created_at":"2019-03-20T05:34:05-07:00","entry_id":24954,"field1":"2.6875","field2":"-1.4375"},{"created_at":"2019-03-20T05:43:41-07:00","entry_id":24955,"field1":"2.6875","field2":"-1.5"},{"created_at":"2019-03-20T05:53:19-07:00","entry_id":24956,"field1":"2.6875","field2":"-1.5"},{"created_at":"2019-03-20T06:02:56-07:00","entry_id":24957,"field1":"2.625","field2":"-1.5625"},{"created_at":"2019-03-20T06:12:31-07:00","entry_id":24958,"field1":"2.625","field2":"-1.6875"},{"created_at":"2019-03-20T06:22:07-07:00","entry_id":24959,"field1":"2.625","field2":"-1.5625"},{"created_at":"2019-03-20T06:31:45-07:00","entry_id":24960,"field1":"2.5625","field2":"-1.6875"},{"created_at":"2019-03-20T06:41:22-07:00","entry_id":24961,"field1":"2.5625","field2":"-1.6875"},{"created_at":"2019-03-20T06:50:59-07:00","entry_id":24962,"field1":"2.5625","field2":"-1.75"},{"created_at":"2019-03-20T07:00:36-07:00","entry_id":24963,"field1":"2.5","field2":"-1.75"},{"created_at":"2019-03-20T07:10:14-07:00","entry_id":24964,"field1":"2.5","field2":"-1.6875"},{"created_at":"2019-03-20T07:19:51-07:00","entry_id":24965,"field1":"2.5","field2":"-1.6875"},{"created_at":"2019-03-20T07:29:28-07:00","entry_id":24966,"field1":"2.5","field2":"-1.625"},{"created_at":"2019-03-20T07:39:05-07:00","entry_id":24967,"field1":"2.4375","field2":"-1.5"},{"created_at":"2019-03-20T07:48:42-07:00","entry_id":24968,"field1":"2.4375","field2":"-1.5"},{"created_at":"2019-03-20T07:58:19-07:00","entry_id":24969,"field1":"2.4375","field2":"-1.4375"},{"created_at":"2019-03-20T08:07:56-07:00","entry_id":24970,"field1":"2.375","field2":"-1.4375"},{"created_at":"2019-03-20T08:17:34-07:00","entry_id":24971,"field1":"2.375","field2":"-1.375"},{"created_at":"2019-03-20T08:27:10-07:00","entry_id":24972,"field1":"2.375","field2":"-1.375"},{"created_at":"2019-03-20T08:36:48-07:00","entry_id":24973,"field1":"2.4375","field2":"-1.5"},{"created_at":"2019-03-20T08:46:25-07:00","entry_id":24974,"field1":"2.4375","field2":"-1.625"},{"created_at":"2019-03-20T08:56:02-07:00","entry_id":24975,"field1":"2.5","field2":"-1.4375"},{"created_at":"2019-03-20T09:05:40-07:00","entry_id":24976,"field1":"2.5625","field2":"-1.3125"},{"created_at":"2019-03-20T09:15:17-07:00","entry_id":24977,"field1":"2.625","field2":"-1.5625"},{"created_at":"2019-03-20T09:24:54-07:00","entry_id":24978,"field1":"2.625","field2":"-1.25"},{"created_at":"2019-03-20T09:34:31-07:00","entry_id":24979,"field1":"2.9375","field2":"-0.25"},{"created_at":"2019-03-20T09:44:08-07:00","entry_id":24980,"field1":"3.25","field2":"0.6875"},{"created_at":"2019-03-20T09:53:45-07:00","entry_id":24981,"field1":"3.6875","field2":"-0.25"},{"created_at":"2019-03-20T10:03:23-07:00","entry_id":24982,"field1":"4.1875","field2":"0.4375"},{"created_at":"2019-03-20T10:13:01-07:00","entry_id":24983,"field1":"4.75","field2":"-0.375"},{"created_at":"2019-03-20T10:22:38-07:00","entry_id":24984,"field1":"5.0625","field2":"-0.3125"},{"created_at":"2019-03-20T10:32:17-07:00","entry_id":24985,"field1":"5.0625","field2":"-0.5"},{"created_at":"2019-03-20T10:41:54-07:00","entry_id":24986,"field1":"5.125","field2":"0"},{"created_at":"2019-03-20T10:51:31-07:00","entry_id":24987,"field1":"4.8125","field2":"0.5"},{"created_at":"2019-03-20T11:01:08-07:00","entry_id":24988,"field1":"4.75","field2":"0.75"},{"created_at":"2019-03-20T11:10:46-07:00","entry_id":24989,"field1":"4.75","field2":"1"},{"created_at":"2019-03-20T11:20:24-07:00","entry_id":24990,"field1":"4.9375","field2":"1.375"},{"created_at":"2019-03-20T11:30:00-07:00","entry_id":24991,"field1":"5.0625","field2":"1.5625"},{"created_at":"2019-03-20T11:39:39-07:00","entry_id":24992,"field1":"5.5625","field2":"1.375"},{"created_at":"2019-03-20T11:49:16-07:00","entry_id":24993,"field1":"5.4375","field2":"2.125"},{"created_at":"2019-03-20T11:58:54-07:00","entry_id":24994,"field1":"5.4375","field2":"2.25"},{"created_at":"2019-03-20T12:08:32-07:00","entry_id":24995,"field1":"5.6875","field2":"2.875"},{"created_at":"2019-03-20T12:18:10-07:00","entry_id":24996,"field1":"5.6875","field2":"2.4375"},{"created_at":"2019-03-20T12:27:50-07:00","entry_id":24997,"field1":"5.5","field2":"2"},{"created_at":"2019-03-20T12:37:26-07:00","entry_id":24998,"field1":"5.625","field2":"2.125"},{"created_at":"2019-03-20T12:47:03-07:00","entry_id":24999,"field1":"5.5625","field2":"2.5"},{"created_at":"2019-03-20T12:56:40-07:00","entry_id":25000,"field1":"5.3125","field2":"2.4375"},{"created_at":"2019-03-20T13:06:17-07:00","entry_id":25001,"field1":"5.4375","field2":"2.75"},{"created_at":"2019-03-20T13:15:56-07:00","entry_id":25002,"field1":"5.5","field2":"2.8125"},{"created_at":"2019-03-20T13:25:32-07:00","entry_id":25003,"field1":"5.4375","field2":"2.3125"},{"created_at":"2019-03-20T13:35:09-07:00","entry_id":25004,"field1":"5.4375","field2":"3.4375"},{"created_at":"2019-03-20T13:44:46-07:00","entry_id":25005,"field1":"5.375","field2":"4.125"},{"created_at":"2019-03-20T13:54:24-07:00","entry_id":25006,"field1":"5.3125","field2":"4.375"},{"created_at":"2019-03-20T14:04:19-07:00","entry_id":25007,"field1":"5.3125","field2":"3.875"},{"created_at":"2019-03-20T14:13:50-07:00","entry_id":25008,"field1":"5.25","field2":"2.9375"},{"created_at":"2019-03-20T14:23:26-07:00","entry_id":25009,"field1":"5.25","field2":"3.9375"},{"created_at":"2019-03-20T14:33:03-07:00","entry_id":25010,"field1":"5.1875","field2":"3.8125"},{"created_at":"2019-03-20T14:42:40-07:00","entry_id":25011,"field1":"5.1875","field2":"4.0625"},{"created_at":"2019-03-20T14:52:18-07:00","entry_id":25012,"field1":"5.125","field2":"3.5"},{"created_at":"2019-03-20T15:01:55-07:00","entry_id":25013,"field1":"5.125","field2":"4"},{"created_at":"2019-03-20T15:11:32-07:00","entry_id":25014,"field1":"5.0625","field2":"3.875"},{"created_at":"2019-03-20T15:21:08-07:00","entry_id":25015,"field1":"5.0625","field2":"4.25"},{"created_at":"2019-03-20T15:30:46-07:00","entry_id":25016,"field1":"5","field2":"4.125"},{"created_at":"2019-03-20T15:40:23-07:00","entry_id":25017,"field1":"5","field2":"3.9375"},{"created_at":"2019-03-20T15:50:00-07:00","entry_id":25018,"field1":"4.9375","field2":"4.25"},{"created_at":"2019-03-20T15:59:37-07:00","entry_id":25019,"field1":"4.9375","field2":"4.1875"},{"created_at":"2019-03-20T16:09:16-07:00","entry_id":25020,"field1":"4.9375","field2":"4.4375"},{"created_at":"2019-03-20T16:18:53-07:00","entry_id":25021,"field1":"4.875","field2":"4.4375"},{"created_at":"2019-03-20T16:28:30-07:00","entry_id":25022,"field1":"4.875","field2":"4.625"},{"created_at":"2019-03-20T16:38:07-07:00","entry_id":25023,"field1":"4.8125","field2":"3.8125"},{"created_at":"2019-03-20T16:47:44-07:00","entry_id":25024,"field1":"4.8125","field2":"4"},{"created_at":"2019-03-20T16:57:21-07:00","entry_id":25025,"field1":"4.8125","field2":"4.1875"},{"created_at":"2019-03-20T17:06:59-07:00","entry_id":25026,"field1":"4.75","field2":"4.1875"},{"created_at":"2019-03-20T17:16:35-07:00","entry_id":25027,"field1":"4.75","field2":"4.0625"},{"created_at":"2019-03-20T17:26:12-07:00","entry_id":25028,"field1":"4.75","field2":"4.125"},{"created_at":"2019-03-20T17:35:49-07:00","entry_id":25029,"field1":"4.75","field2":"4.0625"},{"created_at":"2019-03-20T17:45:27-07:00","entry_id":25030,"field1":"4.75","field2":"4"},{"created_at":"2019-03-20T17:55:04-07:00","entry_id":25031,"field1":"4.6875","field2":"3.875"},{"created_at":"2019-03-20T18:04:54-07:00","entry_id":25032,"field1":"4.625","field2":"3.9375"},{"created_at":"2019-03-20T18:14:26-07:00","entry_id":25033,"field1":"4.625","field2":"3.875"},{"created_at":"2019-03-20T18:24:03-07:00","entry_id":25034,"field1":"4.625","field2":"4.125"},{"created_at":"2019-03-20T18:33:40-07:00","entry_id":25035,"field1":"4.5625","field2":"3.75"},{"created_at":"2019-03-20T18:43:17-07:00","entry_id":25036,"field1":"4.5625","field2":"3.6875"},{"created_at":"2019-03-20T18:52:54-07:00","entry_id":25037,"field1":"4.5","field2":"3.75"},{"created_at":"2019-03-20T19:02:31-07:00","entry_id":25038,"field1":"4.5","field2":"3.625"},{"created_at":"2019-03-20T19:12:09-07:00","entry_id":25039,"field1":"4.5","field2":"3.0625"},{"created_at":"2019-03-20T19:21:46-07:00","entry_id":25040,"field1":"4.5","field2":"3.0625"},{"created_at":"2019-03-20T19:31:23-07:00","entry_id":25041,"field1":"4.4375","field2":"3.125"},{"created_at":"2019-03-20T19:41:00-07:00","entry_id":25042,"field1":"4.4375","field2":"3.0625"},{"created_at":"2019-03-20T19:50:37-07:00","entry_id":25043,"field1":"4.5","field2":"2.375"},{"created_at":"2019-03-20T20:00:14-07:00","entry_id":25044,"field1":"4.4375","field2":"2.5"},{"created_at":"2019-03-20T20:09:51-07:00","entry_id":25045,"field1":"4.4375","field2":"2.625"},{"created_at":"2019-03-20T20:19:28-07:00","entry_id":25046,"field1":"4.375","field2":"2.6875"},{"created_at":"2019-03-20T20:29:06-07:00","entry_id":25047,"field1":"4.375","field2":"2.625"},{"created_at":"2019-03-20T20:38:42-07:00","entry_id":25048,"field1":"4.375","field2":"2.125"},{"created_at":"2019-03-20T20:48:20-07:00","entry_id":25049,"field1":"4.375","field2":"2.5"},{"created_at":"2019-03-20T20:57:57-07:00","entry_id":25050,"field1":"4.3125","field2":"2.8125"},{"created_at":"2019-03-20T21:07:34-07:00","entry_id":25051,"field1":"4.3125","field2":"2.375"},{"created_at":"2019-03-20T21:17:11-07:00","entry_id":25052,"field1":"4.25","field2":"2.125"},{"created_at":"2019-03-20T21:26:48-07:00","entry_id":25053,"field1":"4.25","field2":"2"},{"created_at":"2019-03-20T21:36:26-07:00","entry_id":25054,"field1":"4.1875","field2":"1.9375"},{"created_at":"2019-03-20T21:46:02-07:00","entry_id":25055,"field1":"4.1875","field2":"1.875"},{"created_at":"2019-03-20T21:55:39-07:00","entry_id":25056,"field1":"4.1875","field2":"1.625"},{"created_at":"2019-03-20T22:05:17-07:00","entry_id":25057,"field1":"4.125","field2":"1.6875"},{"created_at":"2019-03-20T22:14:55-07:00","entry_id":25058,"field1":"4.125","field2":"1.75"},{"created_at":"2019-03-20T22:24:31-07:00","entry_id":25059,"field1":"4.0625","field2":"1.25"},{"created_at":"2019-03-20T22:34:08-07:00","entry_id":25060,"field1":"4.0625","field2":"1.5"},{"created_at":"2019-03-20T22:43:45-07:00","entry_id":25061,"field1":"4.0625","field2":"1.5"},{"created_at":"2019-03-20T22:53:22-07:00","entry_id":25062,"field1":"4","field2":"1.1875"},{"created_at":"2019-03-20T23:02:59-07:00","entry_id":25063,"field1":"4","field2":"1.125"},{"created_at":"2019-03-20T23:12:37-07:00","entry_id":25064,"field1":"3.9375","field2":"1.1875"},{"created_at":"2019-03-20T23:22:14-07:00","entry_id":25065,"field1":"3.9375","field2":"1"},{"created_at":"2019-03-20T23:31:51-07:00","entry_id":25066,"field1":"3.9375","field2":"0.75"},{"created_at":"2019-03-20T23:41:28-07:00","entry_id":25067,"field1":"3.9375","field2":"0.6875"},{"created_at":"2019-03-20T23:51:06-07:00","entry_id":25068,"field1":"3.875","field2":"0.6875"}]}