{"channel":{"id":581842,"name":"Upstairs Small Window Indoor / Outdoor Sensor","latitude":"0.0","longitude":"0.0","field1":"Indoor Temperature","field2":"Outdoor Temperature","created_at":"2018-09-23T15:37:52-07:00","updated_at":"2020-07-27T05:59:41-07:00","last_entry_id":278003},"feeds":[{"created_at":"2023-12-22T00:02:24-08:00","entry_id":277723,"field1":"3.25","field2":"2.75"},{"created_at":"2023-12-22T00:12:01-08:00","entry_id":277724,"field1":"3.25","field2":"2.75"},{"created_at":"2023-12-22T00:21:38-08:00","entry_id":277725,"field1":"3.25","field2":"2.75"},{"created_at":"2023-12-22T00:31:15-08:00","entry_id":277726,"field1":"3.25","field2":"2.6875"},{"created_at":"2023-12-22T00:40:52-08:00","entry_id":277727,"field1":"3.25","field2":"2.75"},{"created_at":"2023-12-22T00:50:28-08:00","entry_id":277728,"field1":"3.25","field2":"2.75"},{"created_at":"2023-12-22T01:00:05-08:00","entry_id":277729,"field1":"3.25","field2":"2.75"},{"created_at":"2023-12-22T01:09:42-08:00","entry_id":277730,"field1":"3.25","field2":"2.6875"},{"created_at":"2023-12-22T01:19:17-08:00","entry_id":277731,"field1":"3.25","field2":"2.6875"},{"created_at":"2023-12-22T01:28:55-08:00","entry_id":277732,"field1":"3.25","field2":"2.6875"},{"created_at":"2023-12-22T01:38:32-08:00","entry_id":277733,"field1":"3.25","field2":"2.6875"},{"created_at":"2023-12-22T01:48:09-08:00","entry_id":277734,"field1":"3.25","field2":"2.6875"},{"created_at":"2023-12-22T01:57:47-08:00","entry_id":277735,"field1":"3.25","field2":"2.6875"},{"created_at":"2023-12-22T02:07:23-08:00","entry_id":277736,"field1":"3.25","field2":"2.6875"},{"created_at":"2023-12-22T02:16:59-08:00","entry_id":277737,"field1":"3.25","field2":"2.6875"},{"created_at":"2023-12-22T02:26:36-08:00","entry_id":277738,"field1":"3.25","field2":"2.6875"},{"created_at":"2023-12-22T02:36:14-08:00","entry_id":277739,"field1":"3.25","field2":"2.6875"},{"created_at":"2023-12-22T02:45:52-08:00","entry_id":277740,"field1":"3.25","field2":"2.6875"},{"created_at":"2023-12-22T02:55:27-08:00","entry_id":277741,"field1":"3.25","field2":"2.6875"},{"created_at":"2023-12-22T03:05:06-08:00","entry_id":277742,"field1":"3.25","field2":"2.625"},{"created_at":"2023-12-22T03:14:43-08:00","entry_id":277743,"field1":"3.25","field2":"2.6875"},{"created_at":"2023-12-22T03:24:20-08:00","entry_id":277744,"field1":"3.25","field2":"2.6875"},{"created_at":"2023-12-22T03:33:57-08:00","entry_id":277745,"field1":"3.25","field2":"2.6875"},{"created_at":"2023-12-22T03:43:34-08:00","entry_id":277746,"field1":"3.25","field2":"2.6875"},{"created_at":"2023-12-22T03:53:10-08:00","entry_id":277747,"field1":"3.25","field2":"2.6875"},{"created_at":"2023-12-22T04:02:48-08:00","entry_id":277748,"field1":"3.25","field2":"2.625"},{"created_at":"2023-12-22T04:12:25-08:00","entry_id":277749,"field1":"3.25","field2":"2.625"},{"created_at":"2023-12-22T04:22:02-08:00","entry_id":277750,"field1":"3.25","field2":"2.625"},{"created_at":"2023-12-22T04:31:39-08:00","entry_id":277751,"field1":"3.25","field2":"2.625"},{"created_at":"2023-12-22T04:41:16-08:00","entry_id":277752,"field1":"3.25","field2":"2.625"},{"created_at":"2023-12-22T04:50:53-08:00","entry_id":277753,"field1":"3.25","field2":"2.625"},{"created_at":"2023-12-22T05:00:28-08:00","entry_id":277754,"field1":"3.25","field2":"2.625"},{"created_at":"2023-12-22T05:10:06-08:00","entry_id":277755,"field1":"3.25","field2":"2.625"},{"created_at":"2023-12-22T05:19:43-08:00","entry_id":277756,"field1":"3.25","field2":"2.625"},{"created_at":"2023-12-22T05:29:20-08:00","entry_id":277757,"field1":"3.25","field2":"2.5625"},{"created_at":"2023-12-22T05:38:57-08:00","entry_id":277758,"field1":"3.25","field2":"2.625"},{"created_at":"2023-12-22T05:48:35-08:00","entry_id":277759,"field1":"3.25","field2":"2.625"},{"created_at":"2023-12-22T05:58:12-08:00","entry_id":277760,"field1":"3.1875","field2":"2.625"},{"created_at":"2023-12-22T06:07:48-08:00","entry_id":277761,"field1":"3.25","field2":"2.625"},{"created_at":"2023-12-22T06:17:26-08:00","entry_id":277762,"field1":"3.25","field2":"2.5625"},{"created_at":"2023-12-22T06:27:03-08:00","entry_id":277763,"field1":"3.25","field2":"2.5625"},{"created_at":"2023-12-22T06:36:40-08:00","entry_id":277764,"field1":"3.25","field2":"2.625"},{"created_at":"2023-12-22T06:46:17-08:00","entry_id":277765,"field1":"3.25","field2":"2.5625"},{"created_at":"2023-12-22T06:55:55-08:00","entry_id":277766,"field1":"3.1875","field2":"2.625"},{"created_at":"2023-12-22T07:05:30-08:00","entry_id":277767,"field1":"3.25","field2":"2.5625"},{"created_at":"2023-12-22T07:15:07-08:00","entry_id":277768,"field1":"3.25","field2":"2.5625"},{"created_at":"2023-12-22T07:24:45-08:00","entry_id":277769,"field1":"3.25","field2":"2.5625"},{"created_at":"2023-12-22T07:34:20-08:00","entry_id":277770,"field1":"3.25","field2":"2.5625"},{"created_at":"2023-12-22T07:43:58-08:00","entry_id":277771,"field1":"3.25","field2":"2.5625"},{"created_at":"2023-12-22T07:53:34-08:00","entry_id":277772,"field1":"3.1875","field2":"2.625"},{"created_at":"2023-12-22T08:03:12-08:00","entry_id":277773,"field1":"3.25","field2":"2.5625"},{"created_at":"2023-12-22T08:12:49-08:00","entry_id":277774,"field1":"3.1875","field2":"2.625"},{"created_at":"2023-12-22T08:22:26-08:00","entry_id":277775,"field1":"3.1875","field2":"2.625"},{"created_at":"2023-12-22T08:32:02-08:00","entry_id":277776,"field1":"3.1875","field2":"2.625"},{"created_at":"2023-12-22T08:41:39-08:00","entry_id":277777,"field1":"3.1875","field2":"2.75"},{"created_at":"2023-12-22T08:51:16-08:00","entry_id":277778,"field1":"3.25","field2":"2.75"},{"created_at":"2023-12-22T09:00:54-08:00","entry_id":277779,"field1":"3.1875","field2":"2.75"},{"created_at":"2023-12-22T09:10:30-08:00","entry_id":277780,"field1":"3.1875","field2":"2.75"},{"created_at":"2023-12-22T09:20:08-08:00","entry_id":277781,"field1":"3.25","field2":"2.8125"},{"created_at":"2023-12-22T09:29:45-08:00","entry_id":277782,"field1":"3.25","field2":"2.8125"},{"created_at":"2023-12-22T09:39:21-08:00","entry_id":277783,"field1":"3.25","field2":"2.75"},{"created_at":"2023-12-22T09:48:57-08:00","entry_id":277784,"field1":"3.1875","field2":"2.9375"},{"created_at":"2023-12-22T09:58:35-08:00","entry_id":277785,"field1":"3.1875","field2":"2.9375"},{"created_at":"2023-12-22T10:08:11-08:00","entry_id":277786,"field1":"3.25","field2":"2.875"},{"created_at":"2023-12-22T10:17:47-08:00","entry_id":277787,"field1":"3.1875","field2":"2.875"},{"created_at":"2023-12-22T10:27:25-08:00","entry_id":277788,"field1":"3.25","field2":"3"},{"created_at":"2023-12-22T10:37:00-08:00","entry_id":277789,"field1":"3.25","field2":"3.0625"},{"created_at":"2023-12-22T10:46:38-08:00","entry_id":277790,"field1":"3.25","field2":"3.0625"},{"created_at":"2023-12-22T10:56:15-08:00","entry_id":277791,"field1":"3.25","field2":"3.125"},{"created_at":"2023-12-22T11:05:52-08:00","entry_id":277792,"field1":"3.25","field2":"3.125"},{"created_at":"2023-12-22T11:15:30-08:00","entry_id":277793,"field1":"3.25","field2":"3.25"},{"created_at":"2023-12-22T11:25:07-08:00","entry_id":277794,"field1":"3.25","field2":"3.25"},{"created_at":"2023-12-22T11:34:44-08:00","entry_id":277795,"field1":"3.25","field2":"3.25"},{"created_at":"2023-12-22T11:44:19-08:00","entry_id":277796,"field1":"3.25","field2":"3.1875"},{"created_at":"2023-12-22T11:53:57-08:00","entry_id":277797,"field1":"3.25","field2":"3.1875"},{"created_at":"2023-12-22T12:03:34-08:00","entry_id":277798,"field1":"3.25","field2":"3.1875"},{"created_at":"2023-12-22T12:13:10-08:00","entry_id":277799,"field1":"3.25","field2":"3.1875"},{"created_at":"2023-12-22T12:22:47-08:00","entry_id":277800,"field1":"3.3125","field2":"3.25"},{"created_at":"2023-12-22T12:32:24-08:00","entry_id":277801,"field1":"3.3125","field2":"3.1875"},{"created_at":"2023-12-22T12:42:00-08:00","entry_id":277802,"field1":"3.3125","field2":"3.1875"},{"created_at":"2023-12-22T12:51:38-08:00","entry_id":277803,"field1":"3.3125","field2":"3.1875"},{"created_at":"2023-12-22T13:01:13-08:00","entry_id":277804,"field1":"3.3125","field2":"3.3125"},{"created_at":"2023-12-22T13:10:51-08:00","entry_id":277805,"field1":"3.3125","field2":"3.25"},{"created_at":"2023-12-22T13:20:27-08:00","entry_id":277806,"field1":"3.3125","field2":"3.25"},{"created_at":"2023-12-22T13:30:03-08:00","entry_id":277807,"field1":"3.3125","field2":"3.3125"},{"created_at":"2023-12-22T13:39:40-08:00","entry_id":277808,"field1":"3.3125","field2":"3.3125"},{"created_at":"2023-12-22T13:49:18-08:00","entry_id":277809,"field1":"3.3125","field2":"3.3125"},{"created_at":"2023-12-22T13:58:55-08:00","entry_id":277810,"field1":"3.3125","field2":"3.25"},{"created_at":"2023-12-22T14:08:31-08:00","entry_id":277811,"field1":"3.3125","field2":"3.25"},{"created_at":"2023-12-22T14:18:07-08:00","entry_id":277812,"field1":"3.375","field2":"3.3125"},{"created_at":"2023-12-22T14:27:45-08:00","entry_id":277813,"field1":"3.375","field2":"3.25"},{"created_at":"2023-12-22T14:37:22-08:00","entry_id":277814,"field1":"3.375","field2":"3.1875"},{"created_at":"2023-12-22T14:46:59-08:00","entry_id":277815,"field1":"3.375","field2":"3.125"},{"created_at":"2023-12-22T14:56:35-08:00","entry_id":277816,"field1":"3.375","field2":"3.125"},{"created_at":"2023-12-22T15:06:13-08:00","entry_id":277817,"field1":"3.375","field2":"3.125"},{"created_at":"2023-12-22T15:15:50-08:00","entry_id":277818,"field1":"3.375","field2":"3.0625"},{"created_at":"2023-12-22T15:25:27-08:00","entry_id":277819,"field1":"3.375","field2":"3.375"},{"created_at":"2023-12-22T15:35:05-08:00","entry_id":277820,"field1":"3.375","field2":"3.0625"},{"created_at":"2023-12-22T15:44:42-08:00","entry_id":277821,"field1":"3.375","field2":"3"},{"created_at":"2023-12-22T15:54:17-08:00","entry_id":277822,"field1":"3.375","field2":"2.9375"},{"created_at":"2023-12-22T16:03:55-08:00","entry_id":277823,"field1":"3.375","field2":"2.9375"},{"created_at":"2023-12-22T16:13:31-08:00","entry_id":277824,"field1":"3.375","field2":"2.9375"},{"created_at":"2023-12-22T16:23:09-08:00","entry_id":277825,"field1":"3.375","field2":"2.875"},{"created_at":"2023-12-22T16:32:46-08:00","entry_id":277826,"field1":"3.375","field2":"2.875"},{"created_at":"2023-12-22T16:42:22-08:00","entry_id":277827,"field1":"3.375","field2":"2.875"},{"created_at":"2023-12-22T16:51:58-08:00","entry_id":277828,"field1":"3.375","field2":"2.875"},{"created_at":"2023-12-22T17:01:36-08:00","entry_id":277829,"field1":"3.375","field2":"2.875"},{"created_at":"2023-12-22T17:11:13-08:00","entry_id":277830,"field1":"3.375","field2":"2.9375"},{"created_at":"2023-12-22T17:20:50-08:00","entry_id":277831,"field1":"3.375","field2":"2.9375"},{"created_at":"2023-12-22T17:30:26-08:00","entry_id":277832,"field1":"3.375","field2":"3.125"},{"created_at":"2023-12-22T17:40:04-08:00","entry_id":277833,"field1":"3.375","field2":"3.125"},{"created_at":"2023-12-22T17:49:41-08:00","entry_id":277834,"field1":"3.375","field2":"3"},{"created_at":"2023-12-22T17:59:18-08:00","entry_id":277835,"field1":"3.375","field2":"3"},{"created_at":"2023-12-22T18:08:54-08:00","entry_id":277836,"field1":"3.4375","field2":"3.125"},{"created_at":"2023-12-22T18:18:32-08:00","entry_id":277837,"field1":"3.4375","field2":"2.875"},{"created_at":"2023-12-22T18:28:09-08:00","entry_id":277838,"field1":"3.4375","field2":"2.9375"},{"created_at":"2023-12-22T18:37:45-08:00","entry_id":277839,"field1":"3.4375","field2":"2.875"},{"created_at":"2023-12-22T18:47:23-08:00","entry_id":277840,"field1":"3.4375","field2":"2.9375"},{"created_at":"2023-12-22T18:56:58-08:00","entry_id":277841,"field1":"3.4375","field2":"2.8125"},{"created_at":"2023-12-22T19:06:34-08:00","entry_id":277842,"field1":"3.4375","field2":"3.0625"},{"created_at":"2023-12-22T19:16:12-08:00","entry_id":277843,"field1":"3.4375","field2":"2.8125"},{"created_at":"2023-12-22T19:25:50-08:00","entry_id":277844,"field1":"3.4375","field2":"2.6875"},{"created_at":"2023-12-22T19:35:28-08:00","entry_id":277845,"field1":"3.4375","field2":"2.625"},{"created_at":"2023-12-22T19:45:04-08:00","entry_id":277846,"field1":"3.4375","field2":"2.5"},{"created_at":"2023-12-22T19:54:40-08:00","entry_id":277847,"field1":"3.4375","field2":"2.4375"},{"created_at":"2023-12-22T20:04:16-08:00","entry_id":277848,"field1":"3.4375","field2":"2.375"},{"created_at":"2023-12-22T20:13:55-08:00","entry_id":277849,"field1":"3.4375","field2":"2.375"},{"created_at":"2023-12-22T20:23:32-08:00","entry_id":277850,"field1":"3.4375","field2":"2.3125"},{"created_at":"2023-12-22T20:33:07-08:00","entry_id":277851,"field1":"3.375","field2":"2.25"},{"created_at":"2023-12-22T20:42:46-08:00","entry_id":277852,"field1":"3.4375","field2":"2.1875"},{"created_at":"2023-12-22T20:52:23-08:00","entry_id":277853,"field1":"3.375","field2":"2.1875"},{"created_at":"2023-12-22T21:02:00-08:00","entry_id":277854,"field1":"3.4375","field2":"2.125"},{"created_at":"2023-12-22T21:11:37-08:00","entry_id":277855,"field1":"3.4375","field2":"2.0625"},{"created_at":"2023-12-22T21:21:14-08:00","entry_id":277856,"field1":"3.375","field2":"2"},{"created_at":"2023-12-22T21:30:51-08:00","entry_id":277857,"field1":"3.375","field2":"1.8125"},{"created_at":"2023-12-22T21:40:27-08:00","entry_id":277858,"field1":"3.375","field2":"1.6875"},{"created_at":"2023-12-22T21:50:05-08:00","entry_id":277859,"field1":"3.375","field2":"1.625"},{"created_at":"2023-12-22T21:59:42-08:00","entry_id":277860,"field1":"3.375","field2":"1.5625"},{"created_at":"2023-12-22T22:09:19-08:00","entry_id":277861,"field1":"3.375","field2":"1.375"},{"created_at":"2023-12-22T22:18:56-08:00","entry_id":277862,"field1":"3.375","field2":"1.3125"},{"created_at":"2023-12-22T22:28:31-08:00","entry_id":277863,"field1":"3.375","field2":"1.25"},{"created_at":"2023-12-22T22:38:09-08:00","entry_id":277864,"field1":"3.3125","field2":"1.125"},{"created_at":"2023-12-22T22:47:46-08:00","entry_id":277865,"field1":"3.3125","field2":"1.0625"},{"created_at":"2023-12-22T22:57:23-08:00","entry_id":277866,"field1":"3.3125","field2":"1"},{"created_at":"2023-12-22T23:07:00-08:00","entry_id":277867,"field1":"3.3125","field2":"0.875"},{"created_at":"2023-12-22T23:16:36-08:00","entry_id":277868,"field1":"3.3125","field2":"0.8125"},{"created_at":"2023-12-22T23:26:14-08:00","entry_id":277869,"field1":"3.25","field2":"0.75"},{"created_at":"2023-12-22T23:35:51-08:00","entry_id":277870,"field1":"3.25","field2":"0.8125"},{"created_at":"2023-12-22T23:45:28-08:00","entry_id":277871,"field1":"3.25","field2":"0.6875"},{"created_at":"2023-12-22T23:55:05-08:00","entry_id":277872,"field1":"3.25","field2":"0.4375"}]}