{"channel":{"id":581842,"name":"Upstairs Small Window Indoor / Outdoor Sensor","latitude":"0.0","longitude":"0.0","field1":"Indoor Temperature","field2":"Outdoor Temperature","created_at":"2018-09-23T15:37:52-07:00","updated_at":"2020-07-27T05:59:41-07:00","last_entry_id":326932},"feeds":[{"created_at":"2024-11-15T00:00:21-08:00","entry_id":326652,"field1":"6.25","field2":"3.9375"},{"created_at":"2024-11-15T00:10:00-08:00","entry_id":326653,"field1":"6.25","field2":"3.875"},{"created_at":"2024-11-15T00:19:36-08:00","entry_id":326654,"field1":"6.25","field2":"4"},{"created_at":"2024-11-15T00:29:13-08:00","entry_id":326655,"field1":"6.1875","field2":"4.0625"},{"created_at":"2024-11-15T00:38:50-08:00","entry_id":326656,"field1":"6.1875","field2":"4.0625"},{"created_at":"2024-11-15T00:48:27-08:00","entry_id":326657,"field1":"6.1875","field2":"4.0625"},{"created_at":"2024-11-15T00:58:05-08:00","entry_id":326658,"field1":"6.1875","field2":"4.0625"},{"created_at":"2024-11-15T01:07:40-08:00","entry_id":326659,"field1":"6.1875","field2":"4"},{"created_at":"2024-11-15T01:17:18-08:00","entry_id":326660,"field1":"6.1875","field2":"3.9375"},{"created_at":"2024-11-15T01:26:56-08:00","entry_id":326661,"field1":"6.125","field2":"4"},{"created_at":"2024-11-15T01:36:33-08:00","entry_id":326662,"field1":"6.125","field2":"3.9375"},{"created_at":"2024-11-15T01:46:09-08:00","entry_id":326663,"field1":"6.125","field2":"3.9375"},{"created_at":"2024-11-15T01:55:46-08:00","entry_id":326664,"field1":"6.125","field2":"3.875"},{"created_at":"2024-11-15T02:05:22-08:00","entry_id":326665,"field1":"6.125","field2":"3.875"},{"created_at":"2024-11-15T02:14:59-08:00","entry_id":326666,"field1":"6.0625","field2":"3.8125"},{"created_at":"2024-11-15T02:24:37-08:00","entry_id":326667,"field1":"6.0625","field2":"3.75"},{"created_at":"2024-11-15T02:34:14-08:00","entry_id":326668,"field1":"6.0625","field2":"3.75"},{"created_at":"2024-11-15T02:43:51-08:00","entry_id":326669,"field1":"6.0625","field2":"3.625"},{"created_at":"2024-11-15T02:53:28-08:00","entry_id":326670,"field1":"6.0625","field2":"3.625"},{"created_at":"2024-11-15T03:03:06-08:00","entry_id":326671,"field1":"6.0625","field2":"3.5625"},{"created_at":"2024-11-15T03:12:42-08:00","entry_id":326672,"field1":"6.0625","field2":"3.625"},{"created_at":"2024-11-15T03:22:19-08:00","entry_id":326673,"field1":"6","field2":"3.5625"},{"created_at":"2024-11-15T03:31:56-08:00","entry_id":326674,"field1":"6","field2":"3.5"},{"created_at":"2024-11-15T03:41:33-08:00","entry_id":326675,"field1":"6","field2":"3.5"},{"created_at":"2024-11-15T03:51:08-08:00","entry_id":326676,"field1":"6","field2":"3.4375"},{"created_at":"2024-11-15T04:00:47-08:00","entry_id":326677,"field1":"6","field2":"3.4375"},{"created_at":"2024-11-15T04:10:24-08:00","entry_id":326678,"field1":"5.9375","field2":"3.4375"},{"created_at":"2024-11-15T04:20:01-08:00","entry_id":326679,"field1":"5.9375","field2":"3.375"},{"created_at":"2024-11-15T04:29:38-08:00","entry_id":326680,"field1":"5.9375","field2":"3.375"},{"created_at":"2024-11-15T04:39:15-08:00","entry_id":326681,"field1":"5.9375","field2":"3.25"},{"created_at":"2024-11-15T04:48:52-08:00","entry_id":326682,"field1":"5.9375","field2":"3.375"},{"created_at":"2024-11-15T04:58:28-08:00","entry_id":326683,"field1":"5.875","field2":"3.375"},{"created_at":"2024-11-15T05:08:06-08:00","entry_id":326684,"field1":"5.875","field2":"3.3125"},{"created_at":"2024-11-15T05:17:43-08:00","entry_id":326685,"field1":"5.875","field2":"3.25"},{"created_at":"2024-11-15T05:27:21-08:00","entry_id":326686,"field1":"5.875","field2":"3.25"},{"created_at":"2024-11-15T05:36:56-08:00","entry_id":326687,"field1":"5.875","field2":"3.25"},{"created_at":"2024-11-15T05:46:34-08:00","entry_id":326688,"field1":"5.8125","field2":"3.25"},{"created_at":"2024-11-15T05:56:11-08:00","entry_id":326689,"field1":"5.8125","field2":"3.25"},{"created_at":"2024-11-15T06:05:48-08:00","entry_id":326690,"field1":"5.8125","field2":"3.25"},{"created_at":"2024-11-15T06:15:25-08:00","entry_id":326691,"field1":"5.8125","field2":"3.25"},{"created_at":"2024-11-15T06:25:02-08:00","entry_id":326692,"field1":"5.8125","field2":"3.25"},{"created_at":"2024-11-15T06:34:37-08:00","entry_id":326693,"field1":"5.75","field2":"3.25"},{"created_at":"2024-11-15T06:44:15-08:00","entry_id":326694,"field1":"5.75","field2":"3.25"},{"created_at":"2024-11-15T06:53:52-08:00","entry_id":326695,"field1":"5.75","field2":"3.25"},{"created_at":"2024-11-15T07:03:30-08:00","entry_id":326696,"field1":"5.75","field2":"3.25"},{"created_at":"2024-11-15T07:13:06-08:00","entry_id":326697,"field1":"5.75","field2":"3.1875"},{"created_at":"2024-11-15T07:22:43-08:00","entry_id":326698,"field1":"5.75","field2":"3.25"},{"created_at":"2024-11-15T07:32:20-08:00","entry_id":326699,"field1":"5.75","field2":"3.0625"},{"created_at":"2024-11-15T07:41:56-08:00","entry_id":326700,"field1":"5.75","field2":"3.125"},{"created_at":"2024-11-15T07:51:33-08:00","entry_id":326701,"field1":"5.6875","field2":"3.125"},{"created_at":"2024-11-15T08:01:10-08:00","entry_id":326702,"field1":"5.6875","field2":"3.0625"},{"created_at":"2024-11-15T08:10:48-08:00","entry_id":326703,"field1":"5.6875","field2":"3"},{"created_at":"2024-11-15T08:20:25-08:00","entry_id":326704,"field1":"5.625","field2":"2.9375"},{"created_at":"2024-11-15T08:30:02-08:00","entry_id":326705,"field1":"5.625","field2":"2.8125"},{"created_at":"2024-11-15T08:39:38-08:00","entry_id":326706,"field1":"5.625","field2":"2.9375"},{"created_at":"2024-11-15T08:49:15-08:00","entry_id":326707,"field1":"5.5625","field2":"2.8125"},{"created_at":"2024-11-15T08:58:51-08:00","entry_id":326708,"field1":"5.5625","field2":"2.9375"},{"created_at":"2024-11-15T09:08:29-08:00","entry_id":326709,"field1":"5.625","field2":"3"},{"created_at":"2024-11-15T09:18:04-08:00","entry_id":326710,"field1":"5.5","field2":"2.9375"},{"created_at":"2024-11-15T09:27:42-08:00","entry_id":326711,"field1":"5.4375","field2":"2.875"},{"created_at":"2024-11-15T09:37:19-08:00","entry_id":326712,"field1":"5.5","field2":"2.9375"},{"created_at":"2024-11-15T09:46:57-08:00","entry_id":326713,"field1":"5.5","field2":"2.9375"},{"created_at":"2024-11-15T09:56:34-08:00","entry_id":326714,"field1":"5.5","field2":"3.0625"},{"created_at":"2024-11-15T10:06:10-08:00","entry_id":326715,"field1":"5.5","field2":"2.9375"},{"created_at":"2024-11-15T10:15:48-08:00","entry_id":326716,"field1":"5.5","field2":"3.0625"},{"created_at":"2024-11-15T10:25:25-08:00","entry_id":326717,"field1":"5.5","field2":"3.0625"},{"created_at":"2024-11-15T10:35:00-08:00","entry_id":326718,"field1":"5.5","field2":"3.25"},{"created_at":"2024-11-15T10:44:38-08:00","entry_id":326719,"field1":"5.5","field2":"3.1875"},{"created_at":"2024-11-15T10:54:16-08:00","entry_id":326720,"field1":"5.5","field2":"3.5"},{"created_at":"2024-11-15T11:03:52-08:00","entry_id":326721,"field1":"5.5","field2":"3.5625"},{"created_at":"2024-11-15T11:13:29-08:00","entry_id":326722,"field1":"5.5","field2":"3.625"},{"created_at":"2024-11-15T11:23:05-08:00","entry_id":326723,"field1":"5.5625","field2":"3.5625"},{"created_at":"2024-11-15T11:32:43-08:00","entry_id":326724,"field1":"5.5","field2":"3.5625"},{"created_at":"2024-11-15T11:42:18-08:00","entry_id":326725,"field1":"5.5","field2":"3.4375"},{"created_at":"2024-11-15T11:51:56-08:00","entry_id":326726,"field1":"5.5","field2":"3.375"},{"created_at":"2024-11-15T12:01:33-08:00","entry_id":326727,"field1":"5.5625","field2":"3.4375"},{"created_at":"2024-11-15T12:11:10-08:00","entry_id":326728,"field1":"5.5625","field2":"3.5625"},{"created_at":"2024-11-15T12:20:47-08:00","entry_id":326729,"field1":"5.5","field2":"3.75"},{"created_at":"2024-11-15T12:30:24-08:00","entry_id":326730,"field1":"5.5","field2":"3.6875"},{"created_at":"2024-11-15T12:40:01-08:00","entry_id":326731,"field1":"5.5625","field2":"3.5625"},{"created_at":"2024-11-15T12:49:38-08:00","entry_id":326732,"field1":"5.5625","field2":"3.5"},{"created_at":"2024-11-15T12:59:16-08:00","entry_id":326733,"field1":"5.5625","field2":"3.5625"},{"created_at":"2024-11-15T13:08:54-08:00","entry_id":326734,"field1":"5.5625","field2":"3.75"},{"created_at":"2024-11-15T13:18:31-08:00","entry_id":326735,"field1":"5.5625","field2":"3.875"},{"created_at":"2024-11-15T13:28:07-08:00","entry_id":326736,"field1":"5.5625","field2":"3.9375"},{"created_at":"2024-11-15T13:37:44-08:00","entry_id":326737,"field1":"5.5625","field2":"3.875"},{"created_at":"2024-11-15T13:47:21-08:00","entry_id":326738,"field1":"5.5625","field2":"3.875"},{"created_at":"2024-11-15T13:56:59-08:00","entry_id":326739,"field1":"5.5625","field2":"3.9375"},{"created_at":"2024-11-15T14:06:36-08:00","entry_id":326740,"field1":"5.5625","field2":"4.25"},{"created_at":"2024-11-15T14:16:13-08:00","entry_id":326741,"field1":"5.5625","field2":"4.3125"},{"created_at":"2024-11-15T14:25:49-08:00","entry_id":326742,"field1":"5.5625","field2":"4.375"},{"created_at":"2024-11-15T14:35:27-08:00","entry_id":326743,"field1":"5.5625","field2":"4.4375"},{"created_at":"2024-11-15T14:45:04-08:00","entry_id":326744,"field1":"5.5625","field2":"4.625"},{"created_at":"2024-11-15T14:54:41-08:00","entry_id":326745,"field1":"5.5625","field2":"4.8125"},{"created_at":"2024-11-15T15:04:16-08:00","entry_id":326746,"field1":"5.5625","field2":"4.875"},{"created_at":"2024-11-15T15:13:54-08:00","entry_id":326747,"field1":"5.5625","field2":"4.6875"},{"created_at":"2024-11-15T15:23:31-08:00","entry_id":326748,"field1":"5.5625","field2":"4.4375"},{"created_at":"2024-11-15T15:33:08-08:00","entry_id":326749,"field1":"5.5625","field2":"4.1875"},{"created_at":"2024-11-15T15:42:45-08:00","entry_id":326750,"field1":"5.5625","field2":"4"},{"created_at":"2024-11-15T15:52:22-08:00","entry_id":326751,"field1":"5.5625","field2":"3.9375"},{"created_at":"2024-11-15T16:02:00-08:00","entry_id":326752,"field1":"5.5625","field2":"3.875"},{"created_at":"2024-11-15T16:11:37-08:00","entry_id":326753,"field1":"5.5625","field2":"3.8125"},{"created_at":"2024-11-15T16:21:14-08:00","entry_id":326754,"field1":"5.5625","field2":"3.75"},{"created_at":"2024-11-15T16:30:51-08:00","entry_id":326755,"field1":"5.5625","field2":"3.625"},{"created_at":"2024-11-15T16:40:28-08:00","entry_id":326756,"field1":"5.5625","field2":"3.375"},{"created_at":"2024-11-15T16:50:05-08:00","entry_id":326757,"field1":"5.5","field2":"3.1875"},{"created_at":"2024-11-15T16:59:42-08:00","entry_id":326758,"field1":"5.5625","field2":"3.0625"},{"created_at":"2024-11-15T17:09:19-08:00","entry_id":326759,"field1":"5.5","field2":"3"},{"created_at":"2024-11-15T17:18:56-08:00","entry_id":326760,"field1":"5.5","field2":"2.875"},{"created_at":"2024-11-15T17:28:33-08:00","entry_id":326761,"field1":"5.5","field2":"2.6875"},{"created_at":"2024-11-15T17:38:10-08:00","entry_id":326762,"field1":"5.5","field2":"2.625"},{"created_at":"2024-11-15T17:47:47-08:00","entry_id":326763,"field1":"5.4375","field2":"2.5625"},{"created_at":"2024-11-15T17:57:24-08:00","entry_id":326764,"field1":"5.4375","field2":"2.6875"},{"created_at":"2024-11-15T18:07:01-08:00","entry_id":326765,"field1":"5.4375","field2":"2.75"},{"created_at":"2024-11-15T18:16:37-08:00","entry_id":326766,"field1":"5.4375","field2":"2.875"},{"created_at":"2024-11-15T18:26:15-08:00","entry_id":326767,"field1":"5.4375","field2":"3.0625"},{"created_at":"2024-11-15T18:35:51-08:00","entry_id":326768,"field1":"5.375","field2":"3.0625"},{"created_at":"2024-11-15T18:45:29-08:00","entry_id":326769,"field1":"5.375","field2":"2.9375"},{"created_at":"2024-11-15T18:55:06-08:00","entry_id":326770,"field1":"5.375","field2":"3"},{"created_at":"2024-11-15T19:04:43-08:00","entry_id":326771,"field1":"5.375","field2":"2.9375"},{"created_at":"2024-11-15T19:14:21-08:00","entry_id":326772,"field1":"5.375","field2":"2.9375"},{"created_at":"2024-11-15T19:23:58-08:00","entry_id":326773,"field1":"5.3125","field2":"3"},{"created_at":"2024-11-15T19:33:34-08:00","entry_id":326774,"field1":"5.3125","field2":"2.9375"},{"created_at":"2024-11-15T19:43:10-08:00","entry_id":326775,"field1":"5.3125","field2":"2.9375"},{"created_at":"2024-11-15T19:52:46-08:00","entry_id":326776,"field1":"5.3125","field2":"3"},{"created_at":"2024-11-15T20:02:22-08:00","entry_id":326777,"field1":"5.3125","field2":"3"},{"created_at":"2024-11-15T20:12:00-08:00","entry_id":326778,"field1":"5.3125","field2":"2.875"},{"created_at":"2024-11-15T20:21:37-08:00","entry_id":326779,"field1":"5.25","field2":"2.6875"},{"created_at":"2024-11-15T20:31:15-08:00","entry_id":326780,"field1":"5.25","field2":"2.5625"},{"created_at":"2024-11-15T20:40:52-08:00","entry_id":326781,"field1":"5.25","field2":"2.4375"},{"created_at":"2024-11-15T20:50:29-08:00","entry_id":326782,"field1":"5.25","field2":"2.3125"},{"created_at":"2024-11-15T21:00:06-08:00","entry_id":326783,"field1":"5.25","field2":"2.25"},{"created_at":"2024-11-15T21:09:43-08:00","entry_id":326784,"field1":"5.25","field2":"2.125"},{"created_at":"2024-11-15T21:19:20-08:00","entry_id":326785,"field1":"5.1875","field2":"2.125"},{"created_at":"2024-11-15T21:28:55-08:00","entry_id":326786,"field1":"5.1875","field2":"1.875"},{"created_at":"2024-11-15T21:38:34-08:00","entry_id":326787,"field1":"5.3125","field2":"1.8125"},{"created_at":"2024-11-15T21:48:11-08:00","entry_id":326788,"field1":"5.25","field2":"1.875"},{"created_at":"2024-11-15T21:57:48-08:00","entry_id":326789,"field1":"5.1875","field2":"1.9375"},{"created_at":"2024-11-15T22:07:25-08:00","entry_id":326790,"field1":"5.1875","field2":"1.8125"},{"created_at":"2024-11-15T22:17:02-08:00","entry_id":326791,"field1":"5.1875","field2":"1.6875"},{"created_at":"2024-11-15T22:26:39-08:00","entry_id":326792,"field1":"5.125","field2":"1.8125"},{"created_at":"2024-11-15T22:36:16-08:00","entry_id":326793,"field1":"5.125","field2":"1.875"},{"created_at":"2024-11-15T22:45:52-08:00","entry_id":326794,"field1":"5.125","field2":"1.875"},{"created_at":"2024-11-15T22:55:29-08:00","entry_id":326795,"field1":"5.0625","field2":"2.0625"},{"created_at":"2024-11-15T23:05:07-08:00","entry_id":326796,"field1":"5.0625","field2":"2.125"},{"created_at":"2024-11-15T23:14:42-08:00","entry_id":326797,"field1":"5.0625","field2":"2.1875"},{"created_at":"2024-11-15T23:24:21-08:00","entry_id":326798,"field1":"5.0625","field2":"2.25"},{"created_at":"2024-11-15T23:33:57-08:00","entry_id":326799,"field1":"5","field2":"2.3125"},{"created_at":"2024-11-15T23:43:35-08:00","entry_id":326800,"field1":"5","field2":"2.3125"},{"created_at":"2024-11-15T23:53:12-08:00","entry_id":326801,"field1":"5","field2":"2.375"}]}