{"channel":{"id":581842,"name":"Upstairs Small Window Indoor / Outdoor Sensor","latitude":"0.0","longitude":"0.0","field1":"Indoor Temperature","field2":"Outdoor Temperature","created_at":"2018-09-23T15:37:52-07:00","updated_at":"2020-07-27T05:59:41-07:00","last_entry_id":291683},"feeds":[{"created_at":"2024-03-23T00:01:08-07:00","entry_id":291396,"field1":"8.5625","field2":"5.5625"},{"created_at":"2024-03-23T00:10:46-07:00","entry_id":291397,"field1":"8.5","field2":"5.625"},{"created_at":"2024-03-23T00:20:23-07:00","entry_id":291398,"field1":"8.5","field2":"5.6875"},{"created_at":"2024-03-23T00:30:01-07:00","entry_id":291399,"field1":"8.4375","field2":"5.5625"},{"created_at":"2024-03-23T00:39:38-07:00","entry_id":291400,"field1":"8.4375","field2":"5.5625"},{"created_at":"2024-03-23T00:49:16-07:00","entry_id":291401,"field1":"8.4375","field2":"5.5625"},{"created_at":"2024-03-23T00:58:53-07:00","entry_id":291402,"field1":"8.4375","field2":"5.375"},{"created_at":"2024-03-23T01:08:30-07:00","entry_id":291403,"field1":"8.4375","field2":"5.1875"},{"created_at":"2024-03-23T01:18:07-07:00","entry_id":291404,"field1":"8.375","field2":"5"},{"created_at":"2024-03-23T01:27:45-07:00","entry_id":291405,"field1":"8.375","field2":"5.125"},{"created_at":"2024-03-23T01:37:22-07:00","entry_id":291406,"field1":"8.375","field2":"5.0625"},{"created_at":"2024-03-23T01:47:00-07:00","entry_id":291407,"field1":"8.3125","field2":"4.875"},{"created_at":"2024-03-23T01:56:37-07:00","entry_id":291408,"field1":"8.3125","field2":"4.625"},{"created_at":"2024-03-23T02:06:15-07:00","entry_id":291409,"field1":"8.3125","field2":"4.9375"},{"created_at":"2024-03-23T02:15:53-07:00","entry_id":291410,"field1":"8.25","field2":"4.875"},{"created_at":"2024-03-23T02:25:30-07:00","entry_id":291411,"field1":"8.25","field2":"4.875"},{"created_at":"2024-03-23T02:35:08-07:00","entry_id":291412,"field1":"8.25","field2":"4.75"},{"created_at":"2024-03-23T02:44:46-07:00","entry_id":291413,"field1":"8.1875","field2":"4.6875"},{"created_at":"2024-03-23T02:54:23-07:00","entry_id":291414,"field1":"8.1875","field2":"4.6875"},{"created_at":"2024-03-23T03:04:00-07:00","entry_id":291415,"field1":"8.125","field2":"4.375"},{"created_at":"2024-03-23T03:13:37-07:00","entry_id":291416,"field1":"8.125","field2":"4.5"},{"created_at":"2024-03-23T03:23:15-07:00","entry_id":291417,"field1":"8.125","field2":"4.5"},{"created_at":"2024-03-23T03:32:52-07:00","entry_id":291418,"field1":"8.0625","field2":"4.5"},{"created_at":"2024-03-23T03:42:30-07:00","entry_id":291419,"field1":"8.0625","field2":"4.5"},{"created_at":"2024-03-23T03:52:07-07:00","entry_id":291420,"field1":"8.0625","field2":"4.25"},{"created_at":"2024-03-23T04:01:45-07:00","entry_id":291421,"field1":"8","field2":"4.125"},{"created_at":"2024-03-23T04:11:22-07:00","entry_id":291422,"field1":"8","field2":"4.1875"},{"created_at":"2024-03-23T04:21:00-07:00","entry_id":291423,"field1":"7.9375","field2":"4.1875"},{"created_at":"2024-03-23T04:30:38-07:00","entry_id":291424,"field1":"7.9375","field2":"4.0625"},{"created_at":"2024-03-23T04:40:15-07:00","entry_id":291425,"field1":"7.9375","field2":"4"},{"created_at":"2024-03-23T04:49:52-07:00","entry_id":291426,"field1":"7.875","field2":"3.8125"},{"created_at":"2024-03-23T04:59:29-07:00","entry_id":291427,"field1":"7.875","field2":"3.875"},{"created_at":"2024-03-23T05:09:06-07:00","entry_id":291428,"field1":"7.8125","field2":"3.625"},{"created_at":"2024-03-23T05:18:44-07:00","entry_id":291429,"field1":"7.8125","field2":"3.625"},{"created_at":"2024-03-23T05:28:20-07:00","entry_id":291430,"field1":"7.8125","field2":"3.625"},{"created_at":"2024-03-23T05:37:59-07:00","entry_id":291431,"field1":"7.75","field2":"3.4375"},{"created_at":"2024-03-23T05:47:36-07:00","entry_id":291432,"field1":"7.75","field2":"3.3125"},{"created_at":"2024-03-23T05:57:13-07:00","entry_id":291433,"field1":"7.75","field2":"3.25"},{"created_at":"2024-03-23T06:06:51-07:00","entry_id":291434,"field1":"7.6875","field2":"3.375"},{"created_at":"2024-03-23T06:16:28-07:00","entry_id":291435,"field1":"7.6875","field2":"3.4375"},{"created_at":"2024-03-23T06:26:06-07:00","entry_id":291436,"field1":"7.625","field2":"3.375"},{"created_at":"2024-03-23T06:35:43-07:00","entry_id":291437,"field1":"7.625","field2":"3.375"},{"created_at":"2024-03-23T06:45:19-07:00","entry_id":291438,"field1":"7.5625","field2":"3.25"},{"created_at":"2024-03-23T06:54:57-07:00","entry_id":291439,"field1":"7.5625","field2":"3.3125"},{"created_at":"2024-03-23T07:04:34-07:00","entry_id":291440,"field1":"7.5","field2":"3.25"},{"created_at":"2024-03-23T07:14:11-07:00","entry_id":291441,"field1":"7.5","field2":"3.375"},{"created_at":"2024-03-23T07:23:49-07:00","entry_id":291442,"field1":"7.5","field2":"3.125"},{"created_at":"2024-03-23T07:33:26-07:00","entry_id":291443,"field1":"7.4375","field2":"3"},{"created_at":"2024-03-23T07:43:04-07:00","entry_id":291444,"field1":"7.4375","field2":"3.25"},{"created_at":"2024-03-23T07:52:41-07:00","entry_id":291445,"field1":"7.375","field2":"3.125"},{"created_at":"2024-03-23T08:02:18-07:00","entry_id":291446,"field1":"7.375","field2":"3.25"},{"created_at":"2024-03-23T08:11:54-07:00","entry_id":291447,"field1":"7.375","field2":"3.4375"},{"created_at":"2024-03-23T08:21:32-07:00","entry_id":291448,"field1":"7.375","field2":"3.3125"},{"created_at":"2024-03-23T08:31:10-07:00","entry_id":291449,"field1":"7.3125","field2":"3.4375"},{"created_at":"2024-03-23T08:40:48-07:00","entry_id":291450,"field1":"7.3125","field2":"3.5"},{"created_at":"2024-03-23T08:50:25-07:00","entry_id":291451,"field1":"7.3125","field2":"3.5"},{"created_at":"2024-03-23T09:00:02-07:00","entry_id":291452,"field1":"7.25","field2":"3.6875"},{"created_at":"2024-03-23T09:09:38-07:00","entry_id":291453,"field1":"7.25","field2":"3.625"},{"created_at":"2024-03-23T09:19:15-07:00","entry_id":291454,"field1":"7.25","field2":"3.5625"},{"created_at":"2024-03-23T09:28:53-07:00","entry_id":291455,"field1":"7.25","field2":"3.75"},{"created_at":"2024-03-23T09:38:31-07:00","entry_id":291456,"field1":"7.25","field2":"4"},{"created_at":"2024-03-23T09:48:08-07:00","entry_id":291457,"field1":"7.25","field2":"4.125"},{"created_at":"2024-03-23T09:57:45-07:00","entry_id":291458,"field1":"7.25","field2":"3.8125"},{"created_at":"2024-03-23T10:07:22-07:00","entry_id":291459,"field1":"7.1875","field2":"3.6875"},{"created_at":"2024-03-23T10:17:00-07:00","entry_id":291460,"field1":"7.1875","field2":"3.75"},{"created_at":"2024-03-23T10:26:36-07:00","entry_id":291461,"field1":"7.1875","field2":"3.9375"},{"created_at":"2024-03-23T10:36:14-07:00","entry_id":291462,"field1":"7.25","field2":"4.1875"},{"created_at":"2024-03-23T10:45:51-07:00","entry_id":291463,"field1":"7.1875","field2":"4.5"},{"created_at":"2024-03-23T10:55:29-07:00","entry_id":291464,"field1":"7.1875","field2":"4.875"},{"created_at":"2024-03-23T11:05:06-07:00","entry_id":291465,"field1":"7.1875","field2":"4.75"},{"created_at":"2024-03-23T11:14:42-07:00","entry_id":291466,"field1":"7.1875","field2":"4.4375"},{"created_at":"2024-03-23T11:24:20-07:00","entry_id":291467,"field1":"7.1875","field2":"4.4375"},{"created_at":"2024-03-23T11:33:57-07:00","entry_id":291468,"field1":"7.1875","field2":"5.0625"},{"created_at":"2024-03-23T11:43:35-07:00","entry_id":291469,"field1":"7.25","field2":"4.625"},{"created_at":"2024-03-23T11:53:12-07:00","entry_id":291470,"field1":"7.25","field2":"4.25"},{"created_at":"2024-03-23T12:02:50-07:00","entry_id":291471,"field1":"7.25","field2":"4.8125"},{"created_at":"2024-03-23T12:12:27-07:00","entry_id":291472,"field1":"7.25","field2":"4.75"},{"created_at":"2024-03-23T12:22:04-07:00","entry_id":291473,"field1":"7.25","field2":"4.75"},{"created_at":"2024-03-23T12:31:42-07:00","entry_id":291474,"field1":"7.25","field2":"5.125"},{"created_at":"2024-03-23T12:41:20-07:00","entry_id":291475,"field1":"7.25","field2":"5.625"},{"created_at":"2024-03-23T12:50:56-07:00","entry_id":291476,"field1":"7.25","field2":"5.5"},{"created_at":"2024-03-23T13:00:33-07:00","entry_id":291477,"field1":"7.25","field2":"5.25"},{"created_at":"2024-03-23T13:10:11-07:00","entry_id":291478,"field1":"7.3125","field2":"5.8125"},{"created_at":"2024-03-23T13:19:48-07:00","entry_id":291479,"field1":"7.3125","field2":"5.875"},{"created_at":"2024-03-23T13:29:26-07:00","entry_id":291480,"field1":"7.3125","field2":"6.0625"},{"created_at":"2024-03-23T13:39:04-07:00","entry_id":291481,"field1":"7.3125","field2":"6.5625"},{"created_at":"2024-03-23T13:48:42-07:00","entry_id":291482,"field1":"7.375","field2":"6.0625"},{"created_at":"2024-03-23T13:58:20-07:00","entry_id":291483,"field1":"7.375","field2":"5.875"},{"created_at":"2024-03-23T14:07:57-07:00","entry_id":291484,"field1":"7.375","field2":"6.5"},{"created_at":"2024-03-23T14:17:35-07:00","entry_id":291485,"field1":"7.375","field2":"6.1875"},{"created_at":"2024-03-23T14:27:12-07:00","entry_id":291486,"field1":"7.4375","field2":"6.4375"},{"created_at":"2024-03-23T14:36:49-07:00","entry_id":291487,"field1":"7.4375","field2":"6.875"},{"created_at":"2024-03-23T14:46:26-07:00","entry_id":291488,"field1":"7.5","field2":"7.25"},{"created_at":"2024-03-23T14:56:04-07:00","entry_id":291489,"field1":"7.5","field2":"7.3125"},{"created_at":"2024-03-23T15:05:42-07:00","entry_id":291490,"field1":"7.5","field2":"7.1875"},{"created_at":"2024-03-23T15:15:19-07:00","entry_id":291491,"field1":"7.5625","field2":"7.3125"},{"created_at":"2024-03-23T15:24:56-07:00","entry_id":291492,"field1":"7.5625","field2":"7.4375"},{"created_at":"2024-03-23T15:34:34-07:00","entry_id":291493,"field1":"7.5625","field2":"7.25"},{"created_at":"2024-03-23T15:44:12-07:00","entry_id":291494,"field1":"7.625","field2":"7.0625"},{"created_at":"2024-03-23T15:53:50-07:00","entry_id":291495,"field1":"7.625","field2":"7.25"},{"created_at":"2024-03-23T16:03:27-07:00","entry_id":291496,"field1":"7.625","field2":"7.25"},{"created_at":"2024-03-23T16:13:05-07:00","entry_id":291497,"field1":"7.625","field2":"6.75"},{"created_at":"2024-03-23T16:22:42-07:00","entry_id":291498,"field1":"7.625","field2":"6.6875"},{"created_at":"2024-03-23T16:32:20-07:00","entry_id":291499,"field1":"7.6875","field2":"7.3125"},{"created_at":"2024-03-23T16:41:58-07:00","entry_id":291500,"field1":"7.6875","field2":"6.8125"},{"created_at":"2024-03-23T16:51:35-07:00","entry_id":291501,"field1":"7.6875","field2":"6"},{"created_at":"2024-03-23T17:01:13-07:00","entry_id":291502,"field1":"7.6875","field2":"6.4375"},{"created_at":"2024-03-23T17:10:50-07:00","entry_id":291503,"field1":"7.6875","field2":"6"},{"created_at":"2024-03-23T17:20:28-07:00","entry_id":291504,"field1":"7.6875","field2":"6"},{"created_at":"2024-03-23T17:30:05-07:00","entry_id":291505,"field1":"7.6875","field2":"6.25"},{"created_at":"2024-03-23T17:39:42-07:00","entry_id":291506,"field1":"7.6875","field2":"6.1875"},{"created_at":"2024-03-23T17:49:20-07:00","entry_id":291507,"field1":"7.6875","field2":"6.0625"},{"created_at":"2024-03-23T17:58:57-07:00","entry_id":291508,"field1":"7.6875","field2":"6.4375"},{"created_at":"2024-03-23T18:08:35-07:00","entry_id":291509,"field1":"7.625","field2":"6.75"},{"created_at":"2024-03-23T18:18:12-07:00","entry_id":291510,"field1":"7.625","field2":"5.875"},{"created_at":"2024-03-23T18:27:50-07:00","entry_id":291511,"field1":"7.625","field2":"5.5"},{"created_at":"2024-03-23T18:37:27-07:00","entry_id":291512,"field1":"7.625","field2":"5.4375"},{"created_at":"2024-03-23T18:47:04-07:00","entry_id":291513,"field1":"7.625","field2":"5.75"},{"created_at":"2024-03-23T18:56:42-07:00","entry_id":291514,"field1":"7.625","field2":"6"},{"created_at":"2024-03-23T19:06:20-07:00","entry_id":291515,"field1":"7.625","field2":"6.1875"},{"created_at":"2024-03-23T19:15:58-07:00","entry_id":291516,"field1":"7.5625","field2":"6"},{"created_at":"2024-03-23T19:25:35-07:00","entry_id":291517,"field1":"7.5625","field2":"6"},{"created_at":"2024-03-23T19:35:13-07:00","entry_id":291518,"field1":"7.5625","field2":"5.8125"},{"created_at":"2024-03-23T19:44:50-07:00","entry_id":291519,"field1":"7.5","field2":"5.75"},{"created_at":"2024-03-23T19:54:27-07:00","entry_id":291520,"field1":"7.5","field2":"5.5"},{"created_at":"2024-03-23T20:04:05-07:00","entry_id":291521,"field1":"7.5","field2":"5.5625"},{"created_at":"2024-03-23T20:13:42-07:00","entry_id":291522,"field1":"7.5","field2":"5.25"},{"created_at":"2024-03-23T20:23:20-07:00","entry_id":291523,"field1":"7.5","field2":"5.125"},{"created_at":"2024-03-23T20:32:57-07:00","entry_id":291524,"field1":"7.4375","field2":"5.125"},{"created_at":"2024-03-23T20:42:35-07:00","entry_id":291525,"field1":"7.4375","field2":"4.6875"},{"created_at":"2024-03-23T20:52:13-07:00","entry_id":291526,"field1":"7.4375","field2":"4.9375"},{"created_at":"2024-03-23T21:01:51-07:00","entry_id":291527,"field1":"7.375","field2":"4.8125"},{"created_at":"2024-03-23T21:11:28-07:00","entry_id":291528,"field1":"7.375","field2":"4.4375"},{"created_at":"2024-03-23T21:21:05-07:00","entry_id":291529,"field1":"7.375","field2":"4.375"},{"created_at":"2024-03-23T21:30:42-07:00","entry_id":291530,"field1":"7.3125","field2":"4.1875"},{"created_at":"2024-03-23T21:40:20-07:00","entry_id":291531,"field1":"7.3125","field2":"4.125"},{"created_at":"2024-03-23T21:49:57-07:00","entry_id":291532,"field1":"7.3125","field2":"3.875"},{"created_at":"2024-03-23T21:59:35-07:00","entry_id":291533,"field1":"7.25","field2":"3.6875"},{"created_at":"2024-03-23T22:09:12-07:00","entry_id":291534,"field1":"7.25","field2":"3.5"},{"created_at":"2024-03-23T22:18:50-07:00","entry_id":291535,"field1":"7.25","field2":"3.3125"},{"created_at":"2024-03-23T22:28:27-07:00","entry_id":291536,"field1":"7.1875","field2":"3"},{"created_at":"2024-03-23T22:38:04-07:00","entry_id":291537,"field1":"7.1875","field2":"2.875"},{"created_at":"2024-03-23T22:47:40-07:00","entry_id":291538,"field1":"7.1875","field2":"2.75"},{"created_at":"2024-03-23T22:57:19-07:00","entry_id":291539,"field1":"7.125","field2":"2.625"},{"created_at":"2024-03-23T23:06:54-07:00","entry_id":291540,"field1":"7.125","field2":"2.25"},{"created_at":"2024-03-23T23:16:30-07:00","entry_id":291541,"field1":"7.0625","field2":"2"},{"created_at":"2024-03-23T23:26:08-07:00","entry_id":291542,"field1":"7.0625","field2":"2.0625"},{"created_at":"2024-03-23T23:35:46-07:00","entry_id":291543,"field1":"7","field2":"1.75"},{"created_at":"2024-03-23T23:45:23-07:00","entry_id":291544,"field1":"7","field2":"1.5"},{"created_at":"2024-03-23T23:55:01-07:00","entry_id":291545,"field1":"6.9375","field2":"1.375"}]}