{"channel":{"id":581842,"name":"Upstairs Small Window Indoor / Outdoor Sensor","latitude":"0.0","longitude":"0.0","field1":"Indoor Temperature","field2":"Outdoor Temperature","created_at":"2018-09-23T15:37:52-07:00","updated_at":"2020-07-27T05:59:41-07:00","last_entry_id":283098},"feeds":[{"created_at":"2024-01-25T00:06:43-08:00","entry_id":282818,"field1":"1","field2":"0.5"},{"created_at":"2024-01-25T00:16:20-08:00","entry_id":282819,"field1":"0.9375","field2":"0.5625"},{"created_at":"2024-01-25T00:25:57-08:00","entry_id":282820,"field1":"1","field2":"0.5"},{"created_at":"2024-01-25T00:35:33-08:00","entry_id":282821,"field1":"1","field2":"0.5625"},{"created_at":"2024-01-25T00:45:10-08:00","entry_id":282822,"field1":"0.9375","field2":"0.5"},{"created_at":"2024-01-25T00:54:47-08:00","entry_id":282823,"field1":"0.9375","field2":"0.5625"},{"created_at":"2024-01-25T01:04:25-08:00","entry_id":282824,"field1":"0.9375","field2":"0.5625"},{"created_at":"2024-01-25T01:14:00-08:00","entry_id":282825,"field1":"0.9375","field2":"0.5625"},{"created_at":"2024-01-25T01:23:37-08:00","entry_id":282826,"field1":"1","field2":"0.5625"},{"created_at":"2024-01-25T01:33:15-08:00","entry_id":282827,"field1":"0.9375","field2":"0.5"},{"created_at":"2024-01-25T01:42:52-08:00","entry_id":282828,"field1":"0.9375","field2":"0.5"},{"created_at":"2024-01-25T01:52:29-08:00","entry_id":282829,"field1":"0.9375","field2":"0.5"},{"created_at":"2024-01-25T02:02:06-08:00","entry_id":282830,"field1":"0.9375","field2":"0.5"},{"created_at":"2024-01-25T02:11:43-08:00","entry_id":282831,"field1":"0.9375","field2":"0.5"},{"created_at":"2024-01-25T02:21:18-08:00","entry_id":282832,"field1":"0.9375","field2":"0.5"},{"created_at":"2024-01-25T02:30:55-08:00","entry_id":282833,"field1":"0.9375","field2":"0.5"},{"created_at":"2024-01-25T02:40:31-08:00","entry_id":282834,"field1":"0.9375","field2":"0.5"},{"created_at":"2024-01-25T02:50:09-08:00","entry_id":282835,"field1":"0.9375","field2":"0.5"},{"created_at":"2024-01-25T02:59:46-08:00","entry_id":282836,"field1":"0.9375","field2":"0.4375"},{"created_at":"2024-01-25T03:09:23-08:00","entry_id":282837,"field1":"0.9375","field2":"0.4375"},{"created_at":"2024-01-25T03:19:00-08:00","entry_id":282838,"field1":"0.9375","field2":"0.5"},{"created_at":"2024-01-25T03:28:37-08:00","entry_id":282839,"field1":"0.9375","field2":"0.5"},{"created_at":"2024-01-25T03:38:14-08:00","entry_id":282840,"field1":"0.9375","field2":"0.4375"},{"created_at":"2024-01-25T03:47:50-08:00","entry_id":282841,"field1":"0.9375","field2":"0.5"},{"created_at":"2024-01-25T03:57:28-08:00","entry_id":282842,"field1":"0.9375","field2":"0.4375"},{"created_at":"2024-01-25T04:07:05-08:00","entry_id":282843,"field1":"0.9375","field2":"0.5"},{"created_at":"2024-01-25T04:16:42-08:00","entry_id":282844,"field1":"0.9375","field2":"0.5"},{"created_at":"2024-01-25T04:26:17-08:00","entry_id":282845,"field1":"0.9375","field2":"0.5"},{"created_at":"2024-01-25T04:35:55-08:00","entry_id":282846,"field1":"0.9375","field2":"0.5"},{"created_at":"2024-01-25T04:45:32-08:00","entry_id":282847,"field1":"0.9375","field2":"0.5"},{"created_at":"2024-01-25T04:55:10-08:00","entry_id":282848,"field1":"0.9375","field2":"0.4375"},{"created_at":"2024-01-25T05:04:47-08:00","entry_id":282849,"field1":"0.9375","field2":"0.5"},{"created_at":"2024-01-25T05:14:23-08:00","entry_id":282850,"field1":"0.9375","field2":"0.4375"},{"created_at":"2024-01-25T05:24:00-08:00","entry_id":282851,"field1":"0.9375","field2":"0.5"},{"created_at":"2024-01-25T05:33:37-08:00","entry_id":282852,"field1":"0.9375","field2":"0.5"},{"created_at":"2024-01-25T05:43:15-08:00","entry_id":282853,"field1":"0.9375","field2":"0.5"},{"created_at":"2024-01-25T05:52:50-08:00","entry_id":282854,"field1":"0.9375","field2":"0.5"},{"created_at":"2024-01-25T06:02:28-08:00","entry_id":282855,"field1":"0.9375","field2":"0.5"},{"created_at":"2024-01-25T06:12:05-08:00","entry_id":282856,"field1":"0.9375","field2":"0.5"},{"created_at":"2024-01-25T06:21:42-08:00","entry_id":282857,"field1":"0.9375","field2":"0.4375"},{"created_at":"2024-01-25T06:31:19-08:00","entry_id":282858,"field1":"0.9375","field2":"0.4375"},{"created_at":"2024-01-25T06:40:56-08:00","entry_id":282859,"field1":"0.9375","field2":"0.4375"},{"created_at":"2024-01-25T06:50:33-08:00","entry_id":282860,"field1":"0.9375","field2":"0.4375"},{"created_at":"2024-01-25T07:00:09-08:00","entry_id":282861,"field1":"0.9375","field2":"0.4375"},{"created_at":"2024-01-25T07:09:46-08:00","entry_id":282862,"field1":"0.9375","field2":"0.4375"},{"created_at":"2024-01-25T07:19:23-08:00","entry_id":282863,"field1":"0.9375","field2":"0.4375"},{"created_at":"2024-01-25T07:29:00-08:00","entry_id":282864,"field1":"0.9375","field2":"0.4375"},{"created_at":"2024-01-25T07:38:37-08:00","entry_id":282865,"field1":"0.9375","field2":"0.5"},{"created_at":"2024-01-25T07:48:14-08:00","entry_id":282866,"field1":"0.9375","field2":"0.5"},{"created_at":"2024-01-25T07:57:50-08:00","entry_id":282867,"field1":"0.9375","field2":"0.5"},{"created_at":"2024-01-25T08:07:28-08:00","entry_id":282868,"field1":"0.9375","field2":"0.5625"},{"created_at":"2024-01-25T08:17:05-08:00","entry_id":282869,"field1":"0.9375","field2":"0.5"},{"created_at":"2024-01-25T08:26:42-08:00","entry_id":282870,"field1":"0.875","field2":"0.5"},{"created_at":"2024-01-25T08:36:19-08:00","entry_id":282871,"field1":"0.9375","field2":"0.625"},{"created_at":"2024-01-25T08:45:54-08:00","entry_id":282872,"field1":"0.9375","field2":"0.6875"},{"created_at":"2024-01-25T08:55:32-08:00","entry_id":282873,"field1":"0.9375","field2":"0.875"},{"created_at":"2024-01-25T09:05:09-08:00","entry_id":282874,"field1":"0.9375","field2":"1.25"},{"created_at":"2024-01-25T09:14:44-08:00","entry_id":282875,"field1":"0.9375","field2":"1.25"},{"created_at":"2024-01-25T09:24:22-08:00","entry_id":282876,"field1":"0.9375","field2":"1.375"},{"created_at":"2024-01-25T09:33:59-08:00","entry_id":282877,"field1":"0.9375","field2":"1.0625"},{"created_at":"2024-01-25T09:43:36-08:00","entry_id":282878,"field1":"0.9375","field2":"1.125"},{"created_at":"2024-01-25T09:53:12-08:00","entry_id":282879,"field1":"0.9375","field2":"1.375"},{"created_at":"2024-01-25T10:02:50-08:00","entry_id":282880,"field1":"0.9375","field2":"1.375"},{"created_at":"2024-01-25T10:12:27-08:00","entry_id":282881,"field1":"1","field2":"1.25"},{"created_at":"2024-01-25T10:22:02-08:00","entry_id":282882,"field1":"1","field2":"1.5625"},{"created_at":"2024-01-25T10:31:38-08:00","entry_id":282883,"field1":"1","field2":"1.6875"},{"created_at":"2024-01-25T10:41:16-08:00","entry_id":282884,"field1":"1","field2":"1.75"},{"created_at":"2024-01-25T10:50:52-08:00","entry_id":282885,"field1":"1","field2":"1.5625"},{"created_at":"2024-01-25T11:00:30-08:00","entry_id":282886,"field1":"1","field2":"1.75"},{"created_at":"2024-01-25T11:10:07-08:00","entry_id":282887,"field1":"1.0625","field2":"1.625"},{"created_at":"2024-01-25T11:19:42-08:00","entry_id":282888,"field1":"1.0625","field2":"1.75"},{"created_at":"2024-01-25T11:29:18-08:00","entry_id":282889,"field1":"1.0625","field2":"2"},{"created_at":"2024-01-25T11:38:56-08:00","entry_id":282890,"field1":"1.0625","field2":"1.75"},{"created_at":"2024-01-25T11:48:33-08:00","entry_id":282891,"field1":"1.125","field2":"1.625"},{"created_at":"2024-01-25T11:58:10-08:00","entry_id":282892,"field1":"1.125","field2":"1.5"},{"created_at":"2024-01-25T12:07:47-08:00","entry_id":282893,"field1":"1.125","field2":"1.5"},{"created_at":"2024-01-25T12:17:24-08:00","entry_id":282894,"field1":"1.125","field2":"2"},{"created_at":"2024-01-25T12:26:59-08:00","entry_id":282895,"field1":"1.125","field2":"1.75"},{"created_at":"2024-01-25T12:36:37-08:00","entry_id":282896,"field1":"1.1875","field2":"1.625"},{"created_at":"2024-01-25T12:46:15-08:00","entry_id":282897,"field1":"1.1875","field2":"1.875"},{"created_at":"2024-01-25T12:55:52-08:00","entry_id":282898,"field1":"1.1875","field2":"1.75"},{"created_at":"2024-01-25T13:05:29-08:00","entry_id":282899,"field1":"1.1875","field2":"1.875"},{"created_at":"2024-01-25T13:15:04-08:00","entry_id":282900,"field1":"1.1875","field2":"1.4375"},{"created_at":"2024-01-25T13:24:41-08:00","entry_id":282901,"field1":"1.1875","field2":"1.5625"},{"created_at":"2024-01-25T13:34:18-08:00","entry_id":282902,"field1":"1.25","field2":"1.75"},{"created_at":"2024-01-25T13:43:54-08:00","entry_id":282903,"field1":"1.25","field2":"1.6875"},{"created_at":"2024-01-25T13:53:32-08:00","entry_id":282904,"field1":"1.25","field2":"2.0625"},{"created_at":"2024-01-25T14:03:09-08:00","entry_id":282905,"field1":"1.25","field2":"1.875"},{"created_at":"2024-01-25T14:12:46-08:00","entry_id":282906,"field1":"1.25","field2":"1.75"},{"created_at":"2024-01-25T14:22:22-08:00","entry_id":282907,"field1":"1.3125","field2":"1.625"},{"created_at":"2024-01-25T14:32:00-08:00","entry_id":282908,"field1":"1.3125","field2":"1.5625"},{"created_at":"2024-01-25T14:41:37-08:00","entry_id":282909,"field1":"1.3125","field2":"1.625"},{"created_at":"2024-01-25T14:51:14-08:00","entry_id":282910,"field1":"1.3125","field2":"1.4375"},{"created_at":"2024-01-25T15:00:51-08:00","entry_id":282911,"field1":"1.3125","field2":"1.375"},{"created_at":"2024-01-25T15:10:26-08:00","entry_id":282912,"field1":"1.3125","field2":"1.3125"},{"created_at":"2024-01-25T15:20:04-08:00","entry_id":282913,"field1":"1.3125","field2":"1.375"},{"created_at":"2024-01-25T15:29:39-08:00","entry_id":282914,"field1":"1.3125","field2":"1.1875"},{"created_at":"2024-01-25T15:39:18-08:00","entry_id":282915,"field1":"1.3125","field2":"1.125"},{"created_at":"2024-01-25T15:48:55-08:00","entry_id":282916,"field1":"1.3125","field2":"1.1875"},{"created_at":"2024-01-25T15:58:32-08:00","entry_id":282917,"field1":"1.3125","field2":"1.125"},{"created_at":"2024-01-25T16:08:07-08:00","entry_id":282918,"field1":"1.3125","field2":"1.0625"},{"created_at":"2024-01-25T16:17:46-08:00","entry_id":282919,"field1":"1.3125","field2":"1"},{"created_at":"2024-01-25T16:27:24-08:00","entry_id":282920,"field1":"1.3125","field2":"0.9375"},{"created_at":"2024-01-25T16:37:00-08:00","entry_id":282921,"field1":"1.3125","field2":"0.875"},{"created_at":"2024-01-25T16:46:38-08:00","entry_id":282922,"field1":"1.3125","field2":"0.8125"},{"created_at":"2024-01-25T16:56:15-08:00","entry_id":282923,"field1":"1.3125","field2":"0.8125"},{"created_at":"2024-01-25T17:05:52-08:00","entry_id":282924,"field1":"1.3125","field2":"0.875"},{"created_at":"2024-01-25T17:15:29-08:00","entry_id":282925,"field1":"1.3125","field2":"0.8125"},{"created_at":"2024-01-25T17:25:06-08:00","entry_id":282926,"field1":"1.3125","field2":"0.8125"},{"created_at":"2024-01-25T17:34:43-08:00","entry_id":282927,"field1":"1.3125","field2":"0.8125"},{"created_at":"2024-01-25T17:44:20-08:00","entry_id":282928,"field1":"1.3125","field2":"0.75"},{"created_at":"2024-01-25T17:53:57-08:00","entry_id":282929,"field1":"1.25","field2":"0.75"},{"created_at":"2024-01-25T18:03:34-08:00","entry_id":282930,"field1":"1.3125","field2":"0.75"},{"created_at":"2024-01-25T18:13:11-08:00","entry_id":282931,"field1":"1.25","field2":"0.6875"},{"created_at":"2024-01-25T18:22:48-08:00","entry_id":282932,"field1":"1.25","field2":"0.6875"},{"created_at":"2024-01-25T18:32:24-08:00","entry_id":282933,"field1":"1.25","field2":"0.6875"},{"created_at":"2024-01-25T18:42:01-08:00","entry_id":282934,"field1":"1.25","field2":"0.6875"},{"created_at":"2024-01-25T18:51:39-08:00","entry_id":282935,"field1":"1.25","field2":"0.6875"},{"created_at":"2024-01-25T19:01:15-08:00","entry_id":282936,"field1":"1.25","field2":"0.625"},{"created_at":"2024-01-25T19:10:53-08:00","entry_id":282937,"field1":"1.25","field2":"0.6875"},{"created_at":"2024-01-25T19:20:30-08:00","entry_id":282938,"field1":"1.25","field2":"0.6875"},{"created_at":"2024-01-25T19:30:07-08:00","entry_id":282939,"field1":"1.25","field2":"0.6875"},{"created_at":"2024-01-25T19:39:44-08:00","entry_id":282940,"field1":"1.25","field2":"0.6875"},{"created_at":"2024-01-25T19:49:21-08:00","entry_id":282941,"field1":"1.25","field2":"0.75"},{"created_at":"2024-01-25T19:58:57-08:00","entry_id":282942,"field1":"1.25","field2":"0.6875"},{"created_at":"2024-01-25T20:08:34-08:00","entry_id":282943,"field1":"1.25","field2":"0.6875"},{"created_at":"2024-01-25T20:18:12-08:00","entry_id":282944,"field1":"1.25","field2":"0.625"},{"created_at":"2024-01-25T20:27:49-08:00","entry_id":282945,"field1":"1.1875","field2":"0.625"},{"created_at":"2024-01-25T20:37:26-08:00","entry_id":282946,"field1":"1.1875","field2":"0.625"},{"created_at":"2024-01-25T20:47:03-08:00","entry_id":282947,"field1":"1.25","field2":"0.625"},{"created_at":"2024-01-25T20:56:38-08:00","entry_id":282948,"field1":"1.1875","field2":"0.5625"},{"created_at":"2024-01-25T21:06:17-08:00","entry_id":282949,"field1":"1.1875","field2":"0.625"},{"created_at":"2024-01-25T21:15:54-08:00","entry_id":282950,"field1":"1.1875","field2":"0.5625"},{"created_at":"2024-01-25T21:25:31-08:00","entry_id":282951,"field1":"1.1875","field2":"0.6875"},{"created_at":"2024-01-25T21:35:08-08:00","entry_id":282952,"field1":"1.1875","field2":"0.625"},{"created_at":"2024-01-25T21:44:45-08:00","entry_id":282953,"field1":"1.1875","field2":"0.625"},{"created_at":"2024-01-25T21:54:22-08:00","entry_id":282954,"field1":"1.1875","field2":"0.625"},{"created_at":"2024-01-25T22:04:00-08:00","entry_id":282955,"field1":"1.1875","field2":"0.5625"},{"created_at":"2024-01-25T22:13:37-08:00","entry_id":282956,"field1":"1.1875","field2":"0.5625"},{"created_at":"2024-01-25T22:23:13-08:00","entry_id":282957,"field1":"1.1875","field2":"0.5625"},{"created_at":"2024-01-25T22:32:50-08:00","entry_id":282958,"field1":"1.1875","field2":"0.5625"},{"created_at":"2024-01-25T22:42:27-08:00","entry_id":282959,"field1":"1.1875","field2":"0.5625"},{"created_at":"2024-01-25T22:52:04-08:00","entry_id":282960,"field1":"1.1875","field2":"0.5625"},{"created_at":"2024-01-25T23:01:42-08:00","entry_id":282961,"field1":"1.1875","field2":"0.5625"},{"created_at":"2024-01-25T23:11:19-08:00","entry_id":282962,"field1":"1.1875","field2":"0.625"},{"created_at":"2024-01-25T23:20:54-08:00","entry_id":282963,"field1":"1.1875","field2":"0.625"},{"created_at":"2024-01-25T23:30:32-08:00","entry_id":282964,"field1":"1.1875","field2":"0.5"},{"created_at":"2024-01-25T23:40:07-08:00","entry_id":282965,"field1":"1.1875","field2":"0.5625"},{"created_at":"2024-01-25T23:49:46-08:00","entry_id":282966,"field1":"1.1875","field2":"0.5"},{"created_at":"2024-01-25T23:59:23-08:00","entry_id":282967,"field1":"1.1875","field2":"0.5"}]}