{"channel":{"id":581842,"name":"Upstairs Small Window Indoor / Outdoor Sensor","latitude":"0.0","longitude":"0.0","field1":"Indoor Temperature","field2":"Outdoor Temperature","created_at":"2018-09-23T15:37:52-07:00","updated_at":"2020-07-27T05:59:41-07:00","last_entry_id":336940},"feeds":[{"created_at":"2025-01-21T00:01:40-08:00","entry_id":336659,"field1":"2.6875","field2":"-4.625"},{"created_at":"2025-01-21T00:11:15-08:00","entry_id":336660,"field1":"2.625","field2":"-4.625"},{"created_at":"2025-01-21T00:20:53-08:00","entry_id":336661,"field1":"2.625","field2":"-4.5"},{"created_at":"2025-01-21T00:30:30-08:00","entry_id":336662,"field1":"2.625","field2":"-4.375"},{"created_at":"2025-01-21T00:40:07-08:00","entry_id":336663,"field1":"2.625","field2":"-4.4375"},{"created_at":"2025-01-21T00:49:44-08:00","entry_id":336664,"field1":"2.5625","field2":"-4.3125"},{"created_at":"2025-01-21T00:59:21-08:00","entry_id":336665,"field1":"2.5625","field2":"-4.3125"},{"created_at":"2025-01-21T01:08:58-08:00","entry_id":336666,"field1":"2.5625","field2":"-4.25"},{"created_at":"2025-01-21T01:18:35-08:00","entry_id":336667,"field1":"2.5625","field2":"-4"},{"created_at":"2025-01-21T01:28:12-08:00","entry_id":336668,"field1":"2.5625","field2":"-4.125"},{"created_at":"2025-01-21T01:37:48-08:00","entry_id":336669,"field1":"2.5","field2":"-4.0625"},{"created_at":"2025-01-21T01:47:24-08:00","entry_id":336670,"field1":"2.5","field2":"-4.3125"},{"created_at":"2025-01-21T01:57:02-08:00","entry_id":336671,"field1":"2.5","field2":"-4.25"},{"created_at":"2025-01-21T02:06:39-08:00","entry_id":336672,"field1":"2.5","field2":"-4.1875"},{"created_at":"2025-01-21T02:16:17-08:00","entry_id":336673,"field1":"2.5","field2":"-4.125"},{"created_at":"2025-01-21T02:25:53-08:00","entry_id":336674,"field1":"2.5","field2":"-4.25"},{"created_at":"2025-01-21T02:35:30-08:00","entry_id":336675,"field1":"2.5","field2":"-4.4375"},{"created_at":"2025-01-21T02:45:08-08:00","entry_id":336676,"field1":"2.4375","field2":"-4.1875"},{"created_at":"2025-01-21T02:54:44-08:00","entry_id":336677,"field1":"2.4375","field2":"-4.375"},{"created_at":"2025-01-21T03:04:21-08:00","entry_id":336678,"field1":"2.4375","field2":"-4.375"},{"created_at":"2025-01-21T03:13:57-08:00","entry_id":336679,"field1":"2.4375","field2":"-4.0625"},{"created_at":"2025-01-21T03:23:34-08:00","entry_id":336680,"field1":"2.4375","field2":"-4.125"},{"created_at":"2025-01-21T03:33:11-08:00","entry_id":336681,"field1":"2.4375","field2":"-4"},{"created_at":"2025-01-21T03:42:48-08:00","entry_id":336682,"field1":"2.375","field2":"-3.875"},{"created_at":"2025-01-21T03:52:25-08:00","entry_id":336683,"field1":"2.375","field2":"-3.875"},{"created_at":"2025-01-21T04:02:02-08:00","entry_id":336684,"field1":"2.4375","field2":"-4"},{"created_at":"2025-01-21T04:11:37-08:00","entry_id":336685,"field1":"2.375","field2":"-4.125"},{"created_at":"2025-01-21T04:21:15-08:00","entry_id":336686,"field1":"2.375","field2":"-4.375"},{"created_at":"2025-01-21T04:30:50-08:00","entry_id":336687,"field1":"2.375","field2":"-3.9375"},{"created_at":"2025-01-21T04:40:29-08:00","entry_id":336688,"field1":"2.375","field2":"-3.9375"},{"created_at":"2025-01-21T04:50:06-08:00","entry_id":336689,"field1":"2.375","field2":"-4"},{"created_at":"2025-01-21T04:59:42-08:00","entry_id":336690,"field1":"2.375","field2":"-4.1875"},{"created_at":"2025-01-21T05:09:19-08:00","entry_id":336691,"field1":"2.375","field2":"-4.25"},{"created_at":"2025-01-21T05:18:56-08:00","entry_id":336692,"field1":"2.3125","field2":"-4.1875"},{"created_at":"2025-01-21T05:28:33-08:00","entry_id":336693,"field1":"2.375","field2":"-4.0625"},{"created_at":"2025-01-21T05:38:10-08:00","entry_id":336694,"field1":"2.3125","field2":"-3.9375"},{"created_at":"2025-01-21T05:47:47-08:00","entry_id":336695,"field1":"2.3125","field2":"-3.9375"},{"created_at":"2025-01-21T05:57:24-08:00","entry_id":336696,"field1":"2.3125","field2":"-3.875"},{"created_at":"2025-01-21T06:07:01-08:00","entry_id":336697,"field1":"2.3125","field2":"-3.9375"},{"created_at":"2025-01-21T06:16:36-08:00","entry_id":336698,"field1":"2.3125","field2":"-4"},{"created_at":"2025-01-21T06:26:14-08:00","entry_id":336699,"field1":"2.3125","field2":"-4.1875"},{"created_at":"2025-01-21T06:35:51-08:00","entry_id":336700,"field1":"2.3125","field2":"-4.0625"},{"created_at":"2025-01-21T06:45:27-08:00","entry_id":336701,"field1":"2.3125","field2":"-4.125"},{"created_at":"2025-01-21T06:55:03-08:00","entry_id":336702,"field1":"2.3125","field2":"-4"},{"created_at":"2025-01-21T07:04:41-08:00","entry_id":336703,"field1":"2.3125","field2":"-4.0625"},{"created_at":"2025-01-21T07:14:18-08:00","entry_id":336704,"field1":"2.25","field2":"-4"},{"created_at":"2025-01-21T07:23:55-08:00","entry_id":336705,"field1":"2.25","field2":"-4"},{"created_at":"2025-01-21T07:33:32-08:00","entry_id":336706,"field1":"2.25","field2":"-4.1875"},{"created_at":"2025-01-21T07:43:09-08:00","entry_id":336707,"field1":"2.25","field2":"-4.3125"},{"created_at":"2025-01-21T07:52:45-08:00","entry_id":336708,"field1":"2.25","field2":"-4.125"},{"created_at":"2025-01-21T08:02:27-08:00","entry_id":336709,"field1":"2.25","field2":"-4.1875"},{"created_at":"2025-01-21T08:12:04-08:00","entry_id":336710,"field1":"2.25","field2":"-4.0625"},{"created_at":"2025-01-21T08:21:41-08:00","entry_id":336711,"field1":"2.25","field2":"-4"},{"created_at":"2025-01-21T08:31:18-08:00","entry_id":336712,"field1":"2.25","field2":"-3.875"},{"created_at":"2025-01-21T08:40:55-08:00","entry_id":336713,"field1":"2.25","field2":"-3.875"},{"created_at":"2025-01-21T08:50:30-08:00","entry_id":336714,"field1":"2.25","field2":"-3.6875"},{"created_at":"2025-01-21T09:00:08-08:00","entry_id":336715,"field1":"2.25","field2":"-3.9375"},{"created_at":"2025-01-21T09:09:43-08:00","entry_id":336716,"field1":"2.25","field2":"-4"},{"created_at":"2025-01-21T09:19:21-08:00","entry_id":336717,"field1":"2.25","field2":"-4.125"},{"created_at":"2025-01-21T09:28:58-08:00","entry_id":336718,"field1":"2.25","field2":"-4.0625"},{"created_at":"2025-01-21T09:38:35-08:00","entry_id":336719,"field1":"2.25","field2":"-3.875"},{"created_at":"2025-01-21T09:48:11-08:00","entry_id":336720,"field1":"2.25","field2":"-3.8125"},{"created_at":"2025-01-21T09:57:49-08:00","entry_id":336721,"field1":"2.25","field2":"-3.8125"},{"created_at":"2025-01-21T10:07:26-08:00","entry_id":336722,"field1":"2.25","field2":"-3.5625"},{"created_at":"2025-01-21T10:17:02-08:00","entry_id":336723,"field1":"2.25","field2":"-3.6875"},{"created_at":"2025-01-21T10:26:40-08:00","entry_id":336724,"field1":"2.25","field2":"-3.4375"},{"created_at":"2025-01-21T10:36:16-08:00","entry_id":336725,"field1":"2.25","field2":"-3.5"},{"created_at":"2025-01-21T10:45:53-08:00","entry_id":336726,"field1":"2.3125","field2":"-3.5625"},{"created_at":"2025-01-21T10:55:30-08:00","entry_id":336727,"field1":"2.3125","field2":"-3.125"},{"created_at":"2025-01-21T11:05:06-08:00","entry_id":336728,"field1":"2.3125","field2":"-3.3125"},{"created_at":"2025-01-21T11:14:43-08:00","entry_id":336729,"field1":"2.3125","field2":"-3.1875"},{"created_at":"2025-01-21T11:24:20-08:00","entry_id":336730,"field1":"2.3125","field2":"-3.1875"},{"created_at":"2025-01-21T11:33:57-08:00","entry_id":336731,"field1":"2.3125","field2":"-3.1875"},{"created_at":"2025-01-21T11:43:32-08:00","entry_id":336732,"field1":"2.3125","field2":"-3"},{"created_at":"2025-01-21T11:53:09-08:00","entry_id":336733,"field1":"2.3125","field2":"-2.875"},{"created_at":"2025-01-21T12:02:47-08:00","entry_id":336734,"field1":"2.3125","field2":"-2.875"},{"created_at":"2025-01-21T12:12:23-08:00","entry_id":336735,"field1":"2.3125","field2":"-2.6875"},{"created_at":"2025-01-21T12:22:00-08:00","entry_id":336736,"field1":"2.3125","field2":"-2.75"},{"created_at":"2025-01-21T12:31:36-08:00","entry_id":336737,"field1":"2.375","field2":"-2.9375"},{"created_at":"2025-01-21T12:41:12-08:00","entry_id":336738,"field1":"2.375","field2":"-2.625"},{"created_at":"2025-01-21T12:50:49-08:00","entry_id":336739,"field1":"2.375","field2":"-2.625"},{"created_at":"2025-01-21T13:00:25-08:00","entry_id":336740,"field1":"2.375","field2":"-2.5625"},{"created_at":"2025-01-21T13:10:03-08:00","entry_id":336741,"field1":"2.375","field2":"-2.5"},{"created_at":"2025-01-21T13:19:40-08:00","entry_id":336742,"field1":"2.4375","field2":"-2.5"},{"created_at":"2025-01-21T13:29:15-08:00","entry_id":336743,"field1":"2.4375","field2":"-2.625"},{"created_at":"2025-01-21T13:38:53-08:00","entry_id":336744,"field1":"2.4375","field2":"-2.625"},{"created_at":"2025-01-21T13:48:30-08:00","entry_id":336745,"field1":"2.4375","field2":"-2.6875"},{"created_at":"2025-01-21T13:58:07-08:00","entry_id":336746,"field1":"2.4375","field2":"-2.6875"},{"created_at":"2025-01-21T14:07:44-08:00","entry_id":336747,"field1":"2.4375","field2":"-2.6875"},{"created_at":"2025-01-21T14:17:21-08:00","entry_id":336748,"field1":"2.4375","field2":"-2.75"},{"created_at":"2025-01-21T14:26:58-08:00","entry_id":336749,"field1":"2.4375","field2":"-2.6875"},{"created_at":"2025-01-21T14:36:35-08:00","entry_id":336750,"field1":"2.5","field2":"-2.6875"},{"created_at":"2025-01-21T14:46:12-08:00","entry_id":336751,"field1":"2.5","field2":"-2.4375"},{"created_at":"2025-01-21T14:55:49-08:00","entry_id":336752,"field1":"2.5","field2":"-2.5"},{"created_at":"2025-01-21T15:05:26-08:00","entry_id":336753,"field1":"2.5","field2":"-2.625"},{"created_at":"2025-01-21T15:15:02-08:00","entry_id":336754,"field1":"2.5","field2":"-2.625"},{"created_at":"2025-01-21T15:24:40-08:00","entry_id":336755,"field1":"2.5","field2":"-2.5"},{"created_at":"2025-01-21T15:34:17-08:00","entry_id":336756,"field1":"2.5","field2":"-2.4375"},{"created_at":"2025-01-21T15:43:54-08:00","entry_id":336757,"field1":"2.5","field2":"-2.5"},{"created_at":"2025-01-21T15:53:32-08:00","entry_id":336758,"field1":"2.5","field2":"-2.5"},{"created_at":"2025-01-21T16:03:07-08:00","entry_id":336759,"field1":"2.5","field2":"-2.5625"},{"created_at":"2025-01-21T16:12:44-08:00","entry_id":336760,"field1":"2.5625","field2":"-2.6875"},{"created_at":"2025-01-21T16:22:21-08:00","entry_id":336761,"field1":"2.5625","field2":"-2.8125"},{"created_at":"2025-01-21T16:31:58-08:00","entry_id":336762,"field1":"2.5625","field2":"-2.9375"},{"created_at":"2025-01-21T16:41:35-08:00","entry_id":336763,"field1":"2.5625","field2":"-3.0625"},{"created_at":"2025-01-21T16:51:12-08:00","entry_id":336764,"field1":"2.5625","field2":"-3.125"},{"created_at":"2025-01-21T17:00:50-08:00","entry_id":336765,"field1":"2.5625","field2":"-3.1875"},{"created_at":"2025-01-21T17:10:27-08:00","entry_id":336766,"field1":"2.5625","field2":"-3.375"},{"created_at":"2025-01-21T17:20:04-08:00","entry_id":336767,"field1":"2.5625","field2":"-3.375"},{"created_at":"2025-01-21T17:29:42-08:00","entry_id":336768,"field1":"2.5","field2":"-3.5"},{"created_at":"2025-01-21T17:39:18-08:00","entry_id":336769,"field1":"2.5","field2":"-3.5625"},{"created_at":"2025-01-21T17:48:55-08:00","entry_id":336770,"field1":"2.5","field2":"-3.5"},{"created_at":"2025-01-21T17:58:32-08:00","entry_id":336771,"field1":"2.5","field2":"-3.5625"},{"created_at":"2025-01-21T18:08:09-08:00","entry_id":336772,"field1":"2.5","field2":"-3.5"},{"created_at":"2025-01-21T18:17:45-08:00","entry_id":336773,"field1":"2.5","field2":"-3.4375"},{"created_at":"2025-01-21T18:27:22-08:00","entry_id":336774,"field1":"2.5","field2":"-3.5625"},{"created_at":"2025-01-21T18:36:59-08:00","entry_id":336775,"field1":"2.5","field2":"-3.5"},{"created_at":"2025-01-21T18:46:37-08:00","entry_id":336776,"field1":"2.5","field2":"-3.5"},{"created_at":"2025-01-21T18:56:14-08:00","entry_id":336777,"field1":"2.5","field2":"-3.5"},{"created_at":"2025-01-21T19:05:51-08:00","entry_id":336778,"field1":"2.5","field2":"-3.5625"},{"created_at":"2025-01-21T19:15:28-08:00","entry_id":336779,"field1":"2.5","field2":"-3.5625"},{"created_at":"2025-01-21T19:25:05-08:00","entry_id":336780,"field1":"2.5","field2":"-3.4375"},{"created_at":"2025-01-21T19:34:42-08:00","entry_id":336781,"field1":"2.5","field2":"-3.5625"},{"created_at":"2025-01-21T19:44:17-08:00","entry_id":336782,"field1":"2.5","field2":"-3.625"},{"created_at":"2025-01-21T19:53:56-08:00","entry_id":336783,"field1":"2.4375","field2":"-3.8125"},{"created_at":"2025-01-21T20:03:31-08:00","entry_id":336784,"field1":"2.5","field2":"-3.8125"},{"created_at":"2025-01-21T20:13:08-08:00","entry_id":336785,"field1":"2.5","field2":"-3.875"},{"created_at":"2025-01-21T20:22:45-08:00","entry_id":336786,"field1":"2.4375","field2":"-4"},{"created_at":"2025-01-21T20:32:22-08:00","entry_id":336787,"field1":"2.4375","field2":"-3.875"},{"created_at":"2025-01-21T20:41:59-08:00","entry_id":336788,"field1":"2.4375","field2":"-4"},{"created_at":"2025-01-21T20:51:35-08:00","entry_id":336789,"field1":"2.4375","field2":"-3.8125"},{"created_at":"2025-01-21T21:01:12-08:00","entry_id":336790,"field1":"2.4375","field2":"-3.875"},{"created_at":"2025-01-21T21:10:49-08:00","entry_id":336791,"field1":"2.375","field2":"-4"},{"created_at":"2025-01-21T21:20:26-08:00","entry_id":336792,"field1":"2.375","field2":"-3.9375"},{"created_at":"2025-01-21T21:30:01-08:00","entry_id":336793,"field1":"2.375","field2":"-4.25"},{"created_at":"2025-01-21T21:39:38-08:00","entry_id":336794,"field1":"2.375","field2":"-4.25"},{"created_at":"2025-01-21T21:49:16-08:00","entry_id":336795,"field1":"2.375","field2":"-4.5625"},{"created_at":"2025-01-21T21:58:53-08:00","entry_id":336796,"field1":"2.375","field2":"-4.3125"},{"created_at":"2025-01-21T22:08:30-08:00","entry_id":336797,"field1":"2.375","field2":"-4.25"},{"created_at":"2025-01-21T22:18:05-08:00","entry_id":336798,"field1":"2.375","field2":"-4.25"},{"created_at":"2025-01-21T22:27:43-08:00","entry_id":336799,"field1":"2.375","field2":"-4.375"},{"created_at":"2025-01-21T22:37:21-08:00","entry_id":336800,"field1":"2.375","field2":"-4.375"},{"created_at":"2025-01-21T22:46:57-08:00","entry_id":336801,"field1":"2.3125","field2":"-4.0625"},{"created_at":"2025-01-21T22:56:34-08:00","entry_id":336802,"field1":"2.3125","field2":"-4.25"},{"created_at":"2025-01-21T23:06:11-08:00","entry_id":336803,"field1":"2.3125","field2":"-4.3125"},{"created_at":"2025-01-21T23:15:46-08:00","entry_id":336804,"field1":"2.3125","field2":"-4.3125"},{"created_at":"2025-01-21T23:25:24-08:00","entry_id":336805,"field1":"2.3125","field2":"-4.375"},{"created_at":"2025-01-21T23:35:00-08:00","entry_id":336806,"field1":"2.3125","field2":"-4.375"},{"created_at":"2025-01-21T23:44:38-08:00","entry_id":336807,"field1":"2.3125","field2":"-4.6875"},{"created_at":"2025-01-21T23:54:13-08:00","entry_id":336808,"field1":"2.25","field2":"-4.5625"}]}