{"channel":{"id":581842,"name":"Upstairs Small Window Indoor / Outdoor Sensor","latitude":"0.0","longitude":"0.0","field1":"Indoor Temperature","field2":"Outdoor Temperature","created_at":"2018-09-23T15:37:52-07:00","updated_at":"2020-07-27T05:59:41-07:00","last_entry_id":288092},"feeds":[{"created_at":"2024-02-28T00:08:31-08:00","entry_id":287813,"field1":"-0.3125","field2":"-4.75"},{"created_at":"2024-02-28T00:18:07-08:00","entry_id":287814,"field1":"-0.3125","field2":"-4.75"},{"created_at":"2024-02-28T00:27:43-08:00","entry_id":287815,"field1":"-0.3125","field2":"-4.625"},{"created_at":"2024-02-28T00:37:19-08:00","entry_id":287816,"field1":"-0.375","field2":"-4.5625"},{"created_at":"2024-02-28T00:46:55-08:00","entry_id":287817,"field1":"-0.375","field2":"-4.5625"},{"created_at":"2024-02-28T00:56:33-08:00","entry_id":287818,"field1":"-0.4375","field2":"-4.75"},{"created_at":"2024-02-28T01:06:08-08:00","entry_id":287819,"field1":"-0.4375","field2":"-4.625"},{"created_at":"2024-02-28T01:15:46-08:00","entry_id":287820,"field1":"-0.4375","field2":"-4.5625"},{"created_at":"2024-02-28T01:25:23-08:00","entry_id":287821,"field1":"-0.5","field2":"-4.5"},{"created_at":"2024-02-28T01:34:58-08:00","entry_id":287822,"field1":"-0.5","field2":"-4.5"},{"created_at":"2024-02-28T01:44:35-08:00","entry_id":287823,"field1":"-0.5","field2":"-4.5"},{"created_at":"2024-02-28T01:54:11-08:00","entry_id":287824,"field1":"-0.5625","field2":"-4.375"},{"created_at":"2024-02-28T02:03:47-08:00","entry_id":287825,"field1":"-0.5625","field2":"-4.4375"},{"created_at":"2024-02-28T02:13:26-08:00","entry_id":287826,"field1":"-0.625","field2":"-4.3125"},{"created_at":"2024-02-28T02:23:01-08:00","entry_id":287827,"field1":"-0.625","field2":"-4.3125"},{"created_at":"2024-02-28T02:32:37-08:00","entry_id":287828,"field1":"-0.625","field2":"-4.5"},{"created_at":"2024-02-28T02:42:14-08:00","entry_id":287829,"field1":"-0.625","field2":"-4.375"},{"created_at":"2024-02-28T02:51:50-08:00","entry_id":287830,"field1":"-0.6875","field2":"-4.3125"},{"created_at":"2024-02-28T03:01:28-08:00","entry_id":287831,"field1":"-0.6875","field2":"-4.25"},{"created_at":"2024-02-28T03:11:04-08:00","entry_id":287832,"field1":"-0.6875","field2":"-4.25"},{"created_at":"2024-02-28T03:20:40-08:00","entry_id":287833,"field1":"-0.75","field2":"-4.3125"},{"created_at":"2024-02-28T03:30:18-08:00","entry_id":287834,"field1":"-0.75","field2":"-4.1875"},{"created_at":"2024-02-28T03:39:55-08:00","entry_id":287835,"field1":"-0.75","field2":"-4.125"},{"created_at":"2024-02-28T03:49:33-08:00","entry_id":287836,"field1":"-0.8125","field2":"-4.125"},{"created_at":"2024-02-28T03:59:10-08:00","entry_id":287837,"field1":"-0.8125","field2":"-4.0625"},{"created_at":"2024-02-28T04:08:46-08:00","entry_id":287838,"field1":"-0.8125","field2":"-4.0625"},{"created_at":"2024-02-28T04:18:23-08:00","entry_id":287839,"field1":"-0.875","field2":"-4.0625"},{"created_at":"2024-02-28T04:27:59-08:00","entry_id":287840,"field1":"-0.875","field2":"-4"},{"created_at":"2024-02-28T04:37:36-08:00","entry_id":287841,"field1":"-0.875","field2":"-3.9375"},{"created_at":"2024-02-28T04:47:11-08:00","entry_id":287842,"field1":"-0.875","field2":"-3.875"},{"created_at":"2024-02-28T04:56:50-08:00","entry_id":287843,"field1":"-0.9375","field2":"-3.9375"},{"created_at":"2024-02-28T05:06:25-08:00","entry_id":287844,"field1":"-0.9375","field2":"-3.875"},{"created_at":"2024-02-28T05:16:03-08:00","entry_id":287845,"field1":"-0.9375","field2":"-3.8125"},{"created_at":"2024-02-28T05:25:40-08:00","entry_id":287846,"field1":"-0.9375","field2":"-3.75"},{"created_at":"2024-02-28T05:35:15-08:00","entry_id":287847,"field1":"-1","field2":"-3.6875"},{"created_at":"2024-02-28T05:44:52-08:00","entry_id":287848,"field1":"-1","field2":"-3.75"},{"created_at":"2024-02-28T05:54:28-08:00","entry_id":287849,"field1":"-1","field2":"-3.75"},{"created_at":"2024-02-28T06:04:04-08:00","entry_id":287850,"field1":"-1","field2":"-3.6875"},{"created_at":"2024-02-28T06:13:40-08:00","entry_id":287851,"field1":"-1.0625","field2":"-3.625"},{"created_at":"2024-02-28T06:23:17-08:00","entry_id":287852,"field1":"-1.0625","field2":"-3.5625"},{"created_at":"2024-02-28T06:32:55-08:00","entry_id":287853,"field1":"-1.0625","field2":"-3.5625"},{"created_at":"2024-02-28T06:42:32-08:00","entry_id":287854,"field1":"-1.0625","field2":"-3.5625"},{"created_at":"2024-02-28T06:52:07-08:00","entry_id":287855,"field1":"-1.125","field2":"-3.5"},{"created_at":"2024-02-28T07:01:44-08:00","entry_id":287856,"field1":"-1.125","field2":"-3.4375"},{"created_at":"2024-02-28T07:11:21-08:00","entry_id":287857,"field1":"-1.125","field2":"-3.4375"},{"created_at":"2024-02-28T07:20:56-08:00","entry_id":287858,"field1":"-1.125","field2":"-3.375"},{"created_at":"2024-02-28T07:30:33-08:00","entry_id":287859,"field1":"-1.125","field2":"-3.3125"},{"created_at":"2024-02-28T07:40:10-08:00","entry_id":287860,"field1":"-1.125","field2":"-2.75"},{"created_at":"2024-02-28T07:49:47-08:00","entry_id":287861,"field1":"-1.1875","field2":"-2.9375"},{"created_at":"2024-02-28T07:59:24-08:00","entry_id":287862,"field1":"-1.1875","field2":"-2.8125"},{"created_at":"2024-02-28T08:09:01-08:00","entry_id":287863,"field1":"-1.1875","field2":"-2.75"},{"created_at":"2024-02-28T08:18:36-08:00","entry_id":287864,"field1":"-1.1875","field2":"-2.625"},{"created_at":"2024-02-28T08:28:12-08:00","entry_id":287865,"field1":"-1.1875","field2":"-2.4375"},{"created_at":"2024-02-28T08:37:49-08:00","entry_id":287866,"field1":"-1.1875","field2":"-2.375"},{"created_at":"2024-02-28T08:47:27-08:00","entry_id":287867,"field1":"-1.1875","field2":"-2.375"},{"created_at":"2024-02-28T08:57:02-08:00","entry_id":287868,"field1":"-1.1875","field2":"-2.125"},{"created_at":"2024-02-28T09:06:38-08:00","entry_id":287869,"field1":"-1.1875","field2":"-2.125"},{"created_at":"2024-02-28T09:16:14-08:00","entry_id":287870,"field1":"-1.1875","field2":"-2"},{"created_at":"2024-02-28T09:25:51-08:00","entry_id":287871,"field1":"-1.1875","field2":"-2.0625"},{"created_at":"2024-02-28T09:35:27-08:00","entry_id":287872,"field1":"-1.1875","field2":"-1.9375"},{"created_at":"2024-02-28T09:45:03-08:00","entry_id":287873,"field1":"-1.1875","field2":"-1.8125"},{"created_at":"2024-02-28T09:54:40-08:00","entry_id":287874,"field1":"-1.1875","field2":"-1.75"},{"created_at":"2024-02-28T10:04:16-08:00","entry_id":287875,"field1":"-1.1875","field2":"-1.6875"},{"created_at":"2024-02-28T10:13:52-08:00","entry_id":287876,"field1":"-1.1875","field2":"-1.6875"},{"created_at":"2024-02-28T10:23:28-08:00","entry_id":287877,"field1":"-1.1875","field2":"-1.625"},{"created_at":"2024-02-28T10:33:06-08:00","entry_id":287878,"field1":"-1.1875","field2":"-1.6875"},{"created_at":"2024-02-28T10:42:42-08:00","entry_id":287879,"field1":"-1.1875","field2":"-1.625"},{"created_at":"2024-02-28T10:52:20-08:00","entry_id":287880,"field1":"-1.1875","field2":"-1.3125"},{"created_at":"2024-02-28T11:01:55-08:00","entry_id":287881,"field1":"-1.1875","field2":"-1.3125"},{"created_at":"2024-02-28T11:11:33-08:00","entry_id":287882,"field1":"-1.1875","field2":"-1.125"},{"created_at":"2024-02-28T11:21:10-08:00","entry_id":287883,"field1":"-1.1875","field2":"-1.0625"},{"created_at":"2024-02-28T11:30:47-08:00","entry_id":287884,"field1":"-1.125","field2":"-0.8125"},{"created_at":"2024-02-28T11:40:24-08:00","entry_id":287885,"field1":"-1.1875","field2":"-0.875"},{"created_at":"2024-02-28T11:49:59-08:00","entry_id":287886,"field1":"-1.125","field2":"-0.6875"},{"created_at":"2024-02-28T11:59:37-08:00","entry_id":287887,"field1":"-1.125","field2":"-0.625"},{"created_at":"2024-02-28T12:09:14-08:00","entry_id":287888,"field1":"-1.125","field2":"-0.625"},{"created_at":"2024-02-28T12:18:51-08:00","entry_id":287889,"field1":"-1.125","field2":"-0.5"},{"created_at":"2024-02-28T12:28:28-08:00","entry_id":287890,"field1":"-1.125","field2":"-0.4375"},{"created_at":"2024-02-28T12:38:03-08:00","entry_id":287891,"field1":"-1.0625","field2":"0.0625"},{"created_at":"2024-02-28T12:47:39-08:00","entry_id":287892,"field1":"-1.0625","field2":"-0.1875"},{"created_at":"2024-02-28T12:57:15-08:00","entry_id":287893,"field1":"-1.0625","field2":"0"},{"created_at":"2024-02-28T13:06:53-08:00","entry_id":287894,"field1":"-1","field2":"-0.125"},{"created_at":"2024-02-28T13:16:30-08:00","entry_id":287895,"field1":"-1","field2":"0.0625"},{"created_at":"2024-02-28T13:26:07-08:00","entry_id":287896,"field1":"-1","field2":"0.625"},{"created_at":"2024-02-28T13:35:42-08:00","entry_id":287897,"field1":"-0.9375","field2":"0.4375"},{"created_at":"2024-02-28T13:45:21-08:00","entry_id":287898,"field1":"-0.9375","field2":"0.4375"},{"created_at":"2024-02-28T13:54:58-08:00","entry_id":287899,"field1":"-0.875","field2":"0.5625"},{"created_at":"2024-02-28T14:04:35-08:00","entry_id":287900,"field1":"-0.875","field2":"0.6875"},{"created_at":"2024-02-28T14:14:12-08:00","entry_id":287901,"field1":"-0.8125","field2":"0.5625"},{"created_at":"2024-02-28T14:23:49-08:00","entry_id":287902,"field1":"-0.8125","field2":"0.6875"},{"created_at":"2024-02-28T14:33:26-08:00","entry_id":287903,"field1":"-0.8125","field2":"0.5625"},{"created_at":"2024-02-28T14:43:02-08:00","entry_id":287904,"field1":"-0.75","field2":"0.6875"},{"created_at":"2024-02-28T14:52:39-08:00","entry_id":287905,"field1":"-0.75","field2":"0.5625"},{"created_at":"2024-02-28T15:02:16-08:00","entry_id":287906,"field1":"-0.75","field2":"0.8125"},{"created_at":"2024-02-28T15:11:54-08:00","entry_id":287907,"field1":"-0.6875","field2":"0.5625"},{"created_at":"2024-02-28T15:21:30-08:00","entry_id":287908,"field1":"-0.6875","field2":"0.6875"},{"created_at":"2024-02-28T15:31:07-08:00","entry_id":287909,"field1":"-0.6875","field2":"0.8125"},{"created_at":"2024-02-28T15:40:44-08:00","entry_id":287910,"field1":"-0.6875","field2":"0.6875"},{"created_at":"2024-02-28T15:50:19-08:00","entry_id":287911,"field1":"-0.625","field2":"0.625"},{"created_at":"2024-02-28T15:59:56-08:00","entry_id":287912,"field1":"-0.625","field2":"0.5"},{"created_at":"2024-02-28T16:09:34-08:00","entry_id":287913,"field1":"-0.625","field2":"0.375"},{"created_at":"2024-02-28T16:19:09-08:00","entry_id":287914,"field1":"-0.625","field2":"0.5625"},{"created_at":"2024-02-28T16:28:48-08:00","entry_id":287915,"field1":"-0.625","field2":"0.5"},{"created_at":"2024-02-28T16:38:25-08:00","entry_id":287916,"field1":"-0.5625","field2":"0.1875"},{"created_at":"2024-02-28T16:48:01-08:00","entry_id":287917,"field1":"-0.5625","field2":"0.1875"},{"created_at":"2024-02-28T16:57:38-08:00","entry_id":287918,"field1":"-0.5625","field2":"0.125"},{"created_at":"2024-02-28T17:07:15-08:00","entry_id":287919,"field1":"-0.5625","field2":"0.125"},{"created_at":"2024-02-28T17:16:52-08:00","entry_id":287920,"field1":"-0.5625","field2":"0"},{"created_at":"2024-02-28T17:26:27-08:00","entry_id":287921,"field1":"-0.5625","field2":"-0.125"},{"created_at":"2024-02-28T17:36:05-08:00","entry_id":287922,"field1":"-0.5625","field2":"-0.125"},{"created_at":"2024-02-28T17:45:42-08:00","entry_id":287923,"field1":"-0.5625","field2":"-0.125"},{"created_at":"2024-02-28T17:55:19-08:00","entry_id":287924,"field1":"-0.5625","field2":"-0.1875"},{"created_at":"2024-02-28T18:04:56-08:00","entry_id":287925,"field1":"-0.5625","field2":"-0.1875"},{"created_at":"2024-02-28T18:14:33-08:00","entry_id":287926,"field1":"-0.5625","field2":"-0.1875"},{"created_at":"2024-02-28T18:24:10-08:00","entry_id":287927,"field1":"-0.5625","field2":"-0.1875"},{"created_at":"2024-02-28T18:33:47-08:00","entry_id":287928,"field1":"-0.5","field2":"-0.1875"},{"created_at":"2024-02-28T18:43:24-08:00","entry_id":287929,"field1":"-0.5","field2":"-0.25"},{"created_at":"2024-02-28T18:53:01-08:00","entry_id":287930,"field1":"-0.5","field2":"-0.25"},{"created_at":"2024-02-28T19:02:38-08:00","entry_id":287931,"field1":"-0.5","field2":"-0.3125"},{"created_at":"2024-02-28T19:12:15-08:00","entry_id":287932,"field1":"-0.5","field2":"-0.375"},{"created_at":"2024-02-28T19:21:52-08:00","entry_id":287933,"field1":"-0.5","field2":"-0.4375"},{"created_at":"2024-02-28T19:31:27-08:00","entry_id":287934,"field1":"-0.5","field2":"-0.4375"},{"created_at":"2024-02-28T19:41:05-08:00","entry_id":287935,"field1":"-0.5","field2":"-0.5"},{"created_at":"2024-02-28T19:50:42-08:00","entry_id":287936,"field1":"-0.5","field2":"-0.5"},{"created_at":"2024-02-28T20:00:19-08:00","entry_id":287937,"field1":"-0.5","field2":"-0.5625"},{"created_at":"2024-02-28T20:09:56-08:00","entry_id":287938,"field1":"-0.5","field2":"-0.5625"},{"created_at":"2024-02-28T20:19:33-08:00","entry_id":287939,"field1":"-0.5","field2":"-0.5625"},{"created_at":"2024-02-28T20:29:11-08:00","entry_id":287940,"field1":"-0.5","field2":"-0.5"},{"created_at":"2024-02-28T20:38:47-08:00","entry_id":287941,"field1":"-0.5","field2":"-0.4375"},{"created_at":"2024-02-28T20:48:24-08:00","entry_id":287942,"field1":"-0.5","field2":"-0.375"},{"created_at":"2024-02-28T20:58:00-08:00","entry_id":287943,"field1":"-0.5","field2":"-0.3125"},{"created_at":"2024-02-28T21:07:37-08:00","entry_id":287944,"field1":"-0.5","field2":"-0.3125"},{"created_at":"2024-02-28T21:17:14-08:00","entry_id":287945,"field1":"-0.5","field2":"-0.3125"},{"created_at":"2024-02-28T21:26:51-08:00","entry_id":287946,"field1":"-0.5","field2":"-0.3125"},{"created_at":"2024-02-28T21:36:28-08:00","entry_id":287947,"field1":"-0.5","field2":"-0.375"},{"created_at":"2024-02-28T21:46:04-08:00","entry_id":287948,"field1":"-0.5","field2":"-0.4375"},{"created_at":"2024-02-28T21:55:41-08:00","entry_id":287949,"field1":"-0.5","field2":"-0.4375"},{"created_at":"2024-02-28T22:05:18-08:00","entry_id":287950,"field1":"-0.5","field2":"-0.375"},{"created_at":"2024-02-28T22:14:56-08:00","entry_id":287951,"field1":"-0.5","field2":"-0.375"},{"created_at":"2024-02-28T22:24:32-08:00","entry_id":287952,"field1":"-0.5","field2":"-0.375"},{"created_at":"2024-02-28T22:34:09-08:00","entry_id":287953,"field1":"-0.5","field2":"-0.375"},{"created_at":"2024-02-28T22:43:44-08:00","entry_id":287954,"field1":"-0.5","field2":"-0.3125"},{"created_at":"2024-02-28T22:53:21-08:00","entry_id":287955,"field1":"-0.4375","field2":"-0.3125"},{"created_at":"2024-02-28T23:02:59-08:00","entry_id":287956,"field1":"-0.5","field2":"-0.25"},{"created_at":"2024-02-28T23:12:36-08:00","entry_id":287957,"field1":"-0.4375","field2":"-0.25"},{"created_at":"2024-02-28T23:22:11-08:00","entry_id":287958,"field1":"-0.4375","field2":"-0.25"},{"created_at":"2024-02-28T23:31:49-08:00","entry_id":287959,"field1":"-0.4375","field2":"-0.25"},{"created_at":"2024-02-28T23:41:27-08:00","entry_id":287960,"field1":"-0.4375","field2":"-0.25"},{"created_at":"2024-02-28T23:51:03-08:00","entry_id":287961,"field1":"-0.4375","field2":"-0.25"}]}