{"channel":{"id":581842,"name":"Upstairs Small Window Indoor / Outdoor Sensor","latitude":"0.0","longitude":"0.0","field1":"Indoor Temperature","field2":"Outdoor Temperature","created_at":"2018-09-23T15:37:52-07:00","updated_at":"2020-07-27T05:59:41-07:00","last_entry_id":150128},"feeds":[{"created_at":"2018-11-01T00:04:43-07:00","entry_id":4223,"field1":"6.8125","field2":"5.25"},{"created_at":"2018-11-01T00:14:19-07:00","entry_id":4224,"field1":"6.75","field2":"5.25"},{"created_at":"2018-11-01T00:23:57-07:00","entry_id":4225,"field1":"6.75","field2":"5.1875"},{"created_at":"2018-11-01T00:33:34-07:00","entry_id":4226,"field1":"6.75","field2":"5.1875"},{"created_at":"2018-11-01T00:43:11-07:00","entry_id":4227,"field1":"6.75","field2":"5.25"},{"created_at":"2018-11-01T00:52:49-07:00","entry_id":4228,"field1":"6.75","field2":"5.25"},{"created_at":"2018-11-01T01:02:25-07:00","entry_id":4229,"field1":"6.75","field2":"5.25"},{"created_at":"2018-11-01T01:12:03-07:00","entry_id":4230,"field1":"6.75","field2":"5.3125"},{"created_at":"2018-11-01T01:21:40-07:00","entry_id":4231,"field1":"6.75","field2":"5.25"},{"created_at":"2018-11-01T01:31:18-07:00","entry_id":4232,"field1":"6.75","field2":"5.25"},{"created_at":"2018-11-01T01:40:55-07:00","entry_id":4233,"field1":"6.75","field2":"5.25"},{"created_at":"2018-11-01T01:50:32-07:00","entry_id":4234,"field1":"6.75","field2":"5.25"},{"created_at":"2018-11-01T02:00:09-07:00","entry_id":4235,"field1":"6.75","field2":"5.25"},{"created_at":"2018-11-01T02:09:46-07:00","entry_id":4236,"field1":"6.75","field2":"5.3125"},{"created_at":"2018-11-01T02:19:25-07:00","entry_id":4237,"field1":"6.75","field2":"5.3125"},{"created_at":"2018-11-01T02:29:02-07:00","entry_id":4238,"field1":"6.6875","field2":"5.3125"},{"created_at":"2018-11-01T02:38:38-07:00","entry_id":4239,"field1":"6.6875","field2":"5.3125"},{"created_at":"2018-11-01T02:48:15-07:00","entry_id":4240,"field1":"6.6875","field2":"5.25"},{"created_at":"2018-11-01T02:57:53-07:00","entry_id":4241,"field1":"6.6875","field2":"5.25"},{"created_at":"2018-11-01T03:07:30-07:00","entry_id":4242,"field1":"6.6875","field2":"5.3125"},{"created_at":"2018-11-01T03:17:07-07:00","entry_id":4243,"field1":"6.6875","field2":"5.3125"},{"created_at":"2018-11-01T03:26:44-07:00","entry_id":4244,"field1":"6.6875","field2":"5.3125"},{"created_at":"2018-11-01T03:36:22-07:00","entry_id":4245,"field1":"6.6875","field2":"5.25"},{"created_at":"2018-11-01T03:45:59-07:00","entry_id":4246,"field1":"6.6875","field2":"5.25"},{"created_at":"2018-11-01T03:55:36-07:00","entry_id":4247,"field1":"6.6875","field2":"5.25"},{"created_at":"2018-11-01T04:05:14-07:00","entry_id":4248,"field1":"6.6875","field2":"5.25"},{"created_at":"2018-11-01T04:14:52-07:00","entry_id":4249,"field1":"6.6875","field2":"5.25"},{"created_at":"2018-11-01T04:24:28-07:00","entry_id":4250,"field1":"6.6875","field2":"5.25"},{"created_at":"2018-11-01T04:34:06-07:00","entry_id":4251,"field1":"6.625","field2":"5.25"},{"created_at":"2018-11-01T04:43:44-07:00","entry_id":4252,"field1":"6.625","field2":"5.25"},{"created_at":"2018-11-01T04:53:21-07:00","entry_id":4253,"field1":"6.6875","field2":"5.25"},{"created_at":"2018-11-01T05:02:58-07:00","entry_id":4254,"field1":"6.625","field2":"5.25"},{"created_at":"2018-11-01T05:12:36-07:00","entry_id":4255,"field1":"6.625","field2":"5.25"},{"created_at":"2018-11-01T05:22:13-07:00","entry_id":4256,"field1":"6.625","field2":"5.3125"},{"created_at":"2018-11-01T05:31:50-07:00","entry_id":4257,"field1":"6.625","field2":"5.3125"},{"created_at":"2018-11-01T05:41:27-07:00","entry_id":4258,"field1":"6.625","field2":"5.3125"},{"created_at":"2018-11-01T05:51:05-07:00","entry_id":4259,"field1":"6.625","field2":"5.375"},{"created_at":"2018-11-01T06:00:42-07:00","entry_id":4260,"field1":"6.625","field2":"5.3125"},{"created_at":"2018-11-01T06:10:20-07:00","entry_id":4261,"field1":"6.625","field2":"5.25"},{"created_at":"2018-11-01T06:19:56-07:00","entry_id":4262,"field1":"6.625","field2":"5.3125"},{"created_at":"2018-11-01T06:29:33-07:00","entry_id":4263,"field1":"6.625","field2":"5.3125"},{"created_at":"2018-11-01T06:39:10-07:00","entry_id":4264,"field1":"6.625","field2":"5.3125"},{"created_at":"2018-11-01T06:48:47-07:00","entry_id":4265,"field1":"6.625","field2":"5.3125"},{"created_at":"2018-11-01T06:58:24-07:00","entry_id":4266,"field1":"6.625","field2":"5.3125"},{"created_at":"2018-11-01T07:08:02-07:00","entry_id":4267,"field1":"6.625","field2":"5.3125"},{"created_at":"2018-11-01T07:17:39-07:00","entry_id":4268,"field1":"6.625","field2":"5.3125"},{"created_at":"2018-11-01T07:27:17-07:00","entry_id":4269,"field1":"6.5625","field2":"5.25"},{"created_at":"2018-11-01T07:36:54-07:00","entry_id":4270,"field1":"6.5625","field2":"5.25"},{"created_at":"2018-11-01T07:46:31-07:00","entry_id":4271,"field1":"6.5625","field2":"5.1875"},{"created_at":"2018-11-01T07:56:08-07:00","entry_id":4272,"field1":"6.5625","field2":"5.25"},{"created_at":"2018-11-01T08:05:45-07:00","entry_id":4273,"field1":"6.5625","field2":"5.25"},{"created_at":"2018-11-01T08:15:24-07:00","entry_id":4274,"field1":"6.5625","field2":"5.3125"},{"created_at":"2018-11-01T08:24:59-07:00","entry_id":4275,"field1":"6.5625","field2":"5.3125"},{"created_at":"2018-11-01T08:34:36-07:00","entry_id":4276,"field1":"6.5625","field2":"5.3125"},{"created_at":"2018-11-01T08:44:13-07:00","entry_id":4277,"field1":"6.5625","field2":"5.375"},{"created_at":"2018-11-01T08:53:50-07:00","entry_id":4278,"field1":"6.5625","field2":"5.4375"},{"created_at":"2018-11-01T09:03:28-07:00","entry_id":4279,"field1":"6.5625","field2":"5.4375"},{"created_at":"2018-11-01T09:13:05-07:00","entry_id":4280,"field1":"6.5625","field2":"5.5"},{"created_at":"2018-11-01T09:22:42-07:00","entry_id":4281,"field1":"6.5625","field2":"5.5625"},{"created_at":"2018-11-01T09:32:19-07:00","entry_id":4282,"field1":"6.5625","field2":"5.5625"},{"created_at":"2018-11-01T09:41:57-07:00","entry_id":4283,"field1":"6.5625","field2":"5.5625"},{"created_at":"2018-11-01T09:51:33-07:00","entry_id":4284,"field1":"6.5625","field2":"5.625"},{"created_at":"2018-11-01T10:01:10-07:00","entry_id":4285,"field1":"6.5625","field2":"5.6875"},{"created_at":"2018-11-01T10:10:49-07:00","entry_id":4286,"field1":"6.5625","field2":"5.75"},{"created_at":"2018-11-01T10:20:26-07:00","entry_id":4287,"field1":"6.5","field2":"5.6875"},{"created_at":"2018-11-01T10:30:02-07:00","entry_id":4288,"field1":"6.5","field2":"5.75"},{"created_at":"2018-11-01T10:39:39-07:00","entry_id":4289,"field1":"6.5","field2":"5.875"},{"created_at":"2018-11-01T10:49:17-07:00","entry_id":4290,"field1":"6.5625","field2":"5.875"},{"created_at":"2018-11-01T10:58:54-07:00","entry_id":4291,"field1":"6.5625","field2":"5.9375"},{"created_at":"2018-11-01T11:08:32-07:00","entry_id":4292,"field1":"6.5625","field2":"5.9375"},{"created_at":"2018-11-01T11:18:10-07:00","entry_id":4293,"field1":"6.5625","field2":"5.9375"},{"created_at":"2018-11-01T11:27:47-07:00","entry_id":4294,"field1":"6.5625","field2":"6.0625"},{"created_at":"2018-11-01T11:37:25-07:00","entry_id":4295,"field1":"6.5625","field2":"6.0625"},{"created_at":"2018-11-01T11:47:02-07:00","entry_id":4296,"field1":"6.5625","field2":"6.125"},{"created_at":"2018-11-01T11:56:39-07:00","entry_id":4297,"field1":"6.5625","field2":"6.1875"},{"created_at":"2018-11-01T12:06:17-07:00","entry_id":4298,"field1":"6.5625","field2":"6.25"},{"created_at":"2018-11-01T12:15:54-07:00","entry_id":4299,"field1":"6.5625","field2":"6.25"},{"created_at":"2018-11-01T12:25:31-07:00","entry_id":4300,"field1":"6.5625","field2":"6.3125"},{"created_at":"2018-11-01T12:35:09-07:00","entry_id":4301,"field1":"6.5625","field2":"6.375"},{"created_at":"2018-11-01T12:44:47-07:00","entry_id":4302,"field1":"6.625","field2":"6.4375"},{"created_at":"2018-11-01T12:54:25-07:00","entry_id":4303,"field1":"6.625","field2":"6.375"},{"created_at":"2018-11-01T13:04:03-07:00","entry_id":4304,"field1":"6.625","field2":"6.4375"},{"created_at":"2018-11-01T13:13:39-07:00","entry_id":4305,"field1":"6.625","field2":"6.4375"},{"created_at":"2018-11-01T13:23:16-07:00","entry_id":4306,"field1":"6.625","field2":"6.4375"},{"created_at":"2018-11-01T13:32:53-07:00","entry_id":4307,"field1":"6.625","field2":"6.5"},{"created_at":"2018-11-01T13:42:31-07:00","entry_id":4308,"field1":"6.6875","field2":"6.4375"},{"created_at":"2018-11-01T13:52:08-07:00","entry_id":4309,"field1":"6.6875","field2":"6.4375"},{"created_at":"2018-11-01T14:01:45-07:00","entry_id":4310,"field1":"6.6875","field2":"6.375"},{"created_at":"2018-11-01T14:11:22-07:00","entry_id":4311,"field1":"6.6875","field2":"6.3125"},{"created_at":"2018-11-01T14:20:58-07:00","entry_id":4312,"field1":"6.6875","field2":"6.25"},{"created_at":"2018-11-01T14:30:37-07:00","entry_id":4313,"field1":"6.6875","field2":"6.25"},{"created_at":"2018-11-01T14:40:14-07:00","entry_id":4314,"field1":"6.6875","field2":"6.3125"},{"created_at":"2018-11-01T14:49:51-07:00","entry_id":4315,"field1":"6.6875","field2":"6.25"},{"created_at":"2018-11-01T14:59:28-07:00","entry_id":4316,"field1":"6.6875","field2":"6.25"},{"created_at":"2018-11-01T15:09:05-07:00","entry_id":4317,"field1":"6.6875","field2":"6.25"},{"created_at":"2018-11-01T15:18:42-07:00","entry_id":4318,"field1":"6.6875","field2":"6.3125"},{"created_at":"2018-11-01T15:28:19-07:00","entry_id":4319,"field1":"6.6875","field2":"6.25"},{"created_at":"2018-11-01T15:37:57-07:00","entry_id":4320,"field1":"6.6875","field2":"6.25"},{"created_at":"2018-11-01T15:47:35-07:00","entry_id":4321,"field1":"6.6875","field2":"6.25"},{"created_at":"2018-11-01T15:57:12-07:00","entry_id":4322,"field1":"6.6875","field2":"6.1875"},{"created_at":"2018-11-01T16:06:49-07:00","entry_id":4323,"field1":"6.6875","field2":"6.1875"},{"created_at":"2018-11-01T16:16:26-07:00","entry_id":4324,"field1":"6.6875","field2":"6.1875"},{"created_at":"2018-11-01T16:26:03-07:00","entry_id":4325,"field1":"6.6875","field2":"6.1875"},{"created_at":"2018-11-01T16:35:41-07:00","entry_id":4326,"field1":"6.6875","field2":"6.125"},{"created_at":"2018-11-01T16:45:17-07:00","entry_id":4327,"field1":"6.6875","field2":"6.1875"},{"created_at":"2018-11-01T16:54:55-07:00","entry_id":4328,"field1":"6.6875","field2":"6.125"},{"created_at":"2018-11-01T17:04:33-07:00","entry_id":4329,"field1":"6.6875","field2":"6.125"},{"created_at":"2018-11-01T17:14:10-07:00","entry_id":4330,"field1":"6.6875","field2":"6.125"},{"created_at":"2018-11-01T17:23:46-07:00","entry_id":4331,"field1":"6.6875","field2":"6.125"},{"created_at":"2018-11-01T17:33:23-07:00","entry_id":4332,"field1":"6.6875","field2":"6.125"},{"created_at":"2018-11-01T17:43:00-07:00","entry_id":4333,"field1":"6.6875","field2":"6.125"},{"created_at":"2018-11-01T17:52:37-07:00","entry_id":4334,"field1":"6.6875","field2":"6.125"},{"created_at":"2018-11-01T18:02:15-07:00","entry_id":4335,"field1":"6.6875","field2":"6.0625"},{"created_at":"2018-11-01T18:11:52-07:00","entry_id":4336,"field1":"6.6875","field2":"6.0625"},{"created_at":"2018-11-01T18:21:29-07:00","entry_id":4337,"field1":"6.6875","field2":"6.0625"},{"created_at":"2018-11-01T18:31:07-07:00","entry_id":4338,"field1":"6.6875","field2":"6.0625"},{"created_at":"2018-11-01T18:40:45-07:00","entry_id":4339,"field1":"6.75","field2":"6.0625"},{"created_at":"2018-11-01T18:50:22-07:00","entry_id":4340,"field1":"6.6875","field2":"6.0625"},{"created_at":"2018-11-01T19:00:00-07:00","entry_id":4341,"field1":"6.6875","field2":"6"},{"created_at":"2018-11-01T19:09:37-07:00","entry_id":4342,"field1":"6.6875","field2":"6"},{"created_at":"2018-11-01T19:19:14-07:00","entry_id":4343,"field1":"6.6875","field2":"6"},{"created_at":"2018-11-01T19:28:51-07:00","entry_id":4344,"field1":"6.6875","field2":"6"},{"created_at":"2018-11-01T19:38:28-07:00","entry_id":4345,"field1":"6.6875","field2":"6"},{"created_at":"2018-11-01T19:48:05-07:00","entry_id":4346,"field1":"6.6875","field2":"6"},{"created_at":"2018-11-01T19:57:43-07:00","entry_id":4347,"field1":"6.6875","field2":"6"},{"created_at":"2018-11-01T20:07:21-07:00","entry_id":4348,"field1":"6.6875","field2":"6"},{"created_at":"2018-11-01T20:16:57-07:00","entry_id":4349,"field1":"6.6875","field2":"6"},{"created_at":"2018-11-01T20:26:34-07:00","entry_id":4350,"field1":"6.6875","field2":"6"},{"created_at":"2018-11-01T20:36:12-07:00","entry_id":4351,"field1":"6.6875","field2":"5.9375"},{"created_at":"2018-11-01T20:45:49-07:00","entry_id":4352,"field1":"6.6875","field2":"5.9375"},{"created_at":"2018-11-01T20:55:26-07:00","entry_id":4353,"field1":"6.6875","field2":"5.9375"},{"created_at":"2018-11-01T21:05:03-07:00","entry_id":4354,"field1":"6.6875","field2":"5.9375"},{"created_at":"2018-11-01T21:14:40-07:00","entry_id":4355,"field1":"6.75","field2":"5.9375"},{"created_at":"2018-11-01T21:24:17-07:00","entry_id":4356,"field1":"6.6875","field2":"5.9375"},{"created_at":"2018-11-01T21:33:54-07:00","entry_id":4357,"field1":"6.6875","field2":"5.9375"},{"created_at":"2018-11-01T21:43:32-07:00","entry_id":4358,"field1":"6.6875","field2":"5.875"},{"created_at":"2018-11-01T21:53:09-07:00","entry_id":4359,"field1":"6.6875","field2":"5.9375"},{"created_at":"2018-11-01T22:02:46-07:00","entry_id":4360,"field1":"6.6875","field2":"5.9375"},{"created_at":"2018-11-01T22:12:23-07:00","entry_id":4361,"field1":"6.6875","field2":"5.9375"},{"created_at":"2018-11-01T22:22:00-07:00","entry_id":4362,"field1":"6.6875","field2":"5.875"},{"created_at":"2018-11-01T22:31:38-07:00","entry_id":4363,"field1":"6.6875","field2":"5.9375"},{"created_at":"2018-11-01T22:41:15-07:00","entry_id":4364,"field1":"6.6875","field2":"5.9375"},{"created_at":"2018-11-01T22:50:53-07:00","entry_id":4365,"field1":"6.6875","field2":"5.9375"},{"created_at":"2018-11-01T23:00:29-07:00","entry_id":4366,"field1":"6.6875","field2":"5.9375"},{"created_at":"2018-11-01T23:10:07-07:00","entry_id":4367,"field1":"6.6875","field2":"5.9375"},{"created_at":"2018-11-01T23:19:44-07:00","entry_id":4368,"field1":"6.6875","field2":"6"},{"created_at":"2018-11-01T23:29:22-07:00","entry_id":4369,"field1":"6.6875","field2":"6"},{"created_at":"2018-11-01T23:38:58-07:00","entry_id":4370,"field1":"6.6875","field2":"6"},{"created_at":"2018-11-01T23:48:36-07:00","entry_id":4371,"field1":"6.6875","field2":"6"},{"created_at":"2018-11-01T23:58:14-07:00","entry_id":4372,"field1":"6.6875","field2":"6"}]}