{"channel":{"id":581842,"name":"Upstairs Small Window Indoor / Outdoor Sensor","latitude":"0.0","longitude":"0.0","field1":"Indoor Temperature","field2":"Outdoor Temperature","created_at":"2018-09-23T15:37:52-07:00","updated_at":"2020-07-27T05:59:41-07:00","last_entry_id":285044},"feeds":[{"created_at":"2024-02-07T00:08:52-08:00","entry_id":284764,"field1":"1.1875","field2":"-0.3125"},{"created_at":"2024-02-07T00:18:29-08:00","entry_id":284765,"field1":"1.1875","field2":"-0.3125"},{"created_at":"2024-02-07T00:28:05-08:00","entry_id":284766,"field1":"1.125","field2":"-0.3125"},{"created_at":"2024-02-07T00:37:43-08:00","entry_id":284767,"field1":"1.1875","field2":"-0.3125"},{"created_at":"2024-02-07T00:47:20-08:00","entry_id":284768,"field1":"1.1875","field2":"-0.3125"},{"created_at":"2024-02-07T00:56:57-08:00","entry_id":284769,"field1":"1.1875","field2":"-0.25"},{"created_at":"2024-02-07T01:06:35-08:00","entry_id":284770,"field1":"1.125","field2":"-0.25"},{"created_at":"2024-02-07T01:16:10-08:00","entry_id":284771,"field1":"1.125","field2":"-0.3125"},{"created_at":"2024-02-07T01:25:48-08:00","entry_id":284772,"field1":"1.125","field2":"-0.25"},{"created_at":"2024-02-07T01:35:26-08:00","entry_id":284773,"field1":"1.125","field2":"-0.1875"},{"created_at":"2024-02-07T01:45:03-08:00","entry_id":284774,"field1":"1.125","field2":"-0.1875"},{"created_at":"2024-02-07T01:54:40-08:00","entry_id":284775,"field1":"1.125","field2":"-0.1875"},{"created_at":"2024-02-07T02:04:17-08:00","entry_id":284776,"field1":"1.125","field2":"-0.1875"},{"created_at":"2024-02-07T02:13:54-08:00","entry_id":284777,"field1":"1.125","field2":"-0.1875"},{"created_at":"2024-02-07T02:23:30-08:00","entry_id":284778,"field1":"1.125","field2":"-0.1875"},{"created_at":"2024-02-07T02:33:06-08:00","entry_id":284779,"field1":"1.125","field2":"-0.1875"},{"created_at":"2024-02-07T02:42:44-08:00","entry_id":284780,"field1":"1.125","field2":"-0.1875"},{"created_at":"2024-02-07T02:52:20-08:00","entry_id":284781,"field1":"1.125","field2":"-0.1875"},{"created_at":"2024-02-07T03:01:58-08:00","entry_id":284782,"field1":"1.0625","field2":"-0.1875"},{"created_at":"2024-02-07T03:11:33-08:00","entry_id":284783,"field1":"1.0625","field2":"-0.1875"},{"created_at":"2024-02-07T03:21:11-08:00","entry_id":284784,"field1":"1.125","field2":"-0.1875"},{"created_at":"2024-02-07T03:30:48-08:00","entry_id":284785,"field1":"1.0625","field2":"-0.1875"},{"created_at":"2024-02-07T03:40:25-08:00","entry_id":284786,"field1":"1.0625","field2":"-0.125"},{"created_at":"2024-02-07T03:50:02-08:00","entry_id":284787,"field1":"1.0625","field2":"-0.125"},{"created_at":"2024-02-07T03:59:39-08:00","entry_id":284788,"field1":"1.0625","field2":"-0.1875"},{"created_at":"2024-02-07T04:09:16-08:00","entry_id":284789,"field1":"1.0625","field2":"-0.125"},{"created_at":"2024-02-07T04:18:53-08:00","entry_id":284790,"field1":"1.0625","field2":"-0.125"},{"created_at":"2024-02-07T04:28:30-08:00","entry_id":284791,"field1":"1.0625","field2":"-0.125"},{"created_at":"2024-02-07T04:38:06-08:00","entry_id":284792,"field1":"1.0625","field2":"-0.125"},{"created_at":"2024-02-07T04:47:44-08:00","entry_id":284793,"field1":"1.0625","field2":"-0.1875"},{"created_at":"2024-02-07T04:57:21-08:00","entry_id":284794,"field1":"1.0625","field2":"-0.25"},{"created_at":"2024-02-07T05:06:57-08:00","entry_id":284795,"field1":"1.0625","field2":"-0.25"},{"created_at":"2024-02-07T05:16:34-08:00","entry_id":284796,"field1":"1.0625","field2":"-0.25"},{"created_at":"2024-02-07T05:26:12-08:00","entry_id":284797,"field1":"1.0625","field2":"-0.25"},{"created_at":"2024-02-07T05:35:49-08:00","entry_id":284798,"field1":"1.0625","field2":"-0.1875"},{"created_at":"2024-02-07T05:45:26-08:00","entry_id":284799,"field1":"1","field2":"-0.125"},{"created_at":"2024-02-07T05:55:03-08:00","entry_id":284800,"field1":"1","field2":"-0.1875"},{"created_at":"2024-02-07T06:04:41-08:00","entry_id":284801,"field1":"1","field2":"-0.25"},{"created_at":"2024-02-07T06:14:16-08:00","entry_id":284802,"field1":"1","field2":"-0.1875"},{"created_at":"2024-02-07T06:23:54-08:00","entry_id":284803,"field1":"1","field2":"-0.25"},{"created_at":"2024-02-07T06:33:32-08:00","entry_id":284804,"field1":"1","field2":"-0.25"},{"created_at":"2024-02-07T06:43:09-08:00","entry_id":284805,"field1":"1","field2":"-0.1875"},{"created_at":"2024-02-07T06:52:47-08:00","entry_id":284806,"field1":"1","field2":"-0.1875"},{"created_at":"2024-02-07T07:02:22-08:00","entry_id":284807,"field1":"1","field2":"-0.25"},{"created_at":"2024-02-07T07:12:00-08:00","entry_id":284808,"field1":"1","field2":"-0.25"},{"created_at":"2024-02-07T07:21:37-08:00","entry_id":284809,"field1":"1","field2":"-0.25"},{"created_at":"2024-02-07T07:31:15-08:00","entry_id":284810,"field1":"1","field2":"-0.25"},{"created_at":"2024-02-07T07:40:52-08:00","entry_id":284811,"field1":"1","field2":"-0.1875"},{"created_at":"2024-02-07T07:50:29-08:00","entry_id":284812,"field1":"1","field2":"-0.125"},{"created_at":"2024-02-07T08:00:06-08:00","entry_id":284813,"field1":"1","field2":"-0.125"},{"created_at":"2024-02-07T08:09:43-08:00","entry_id":284814,"field1":"1","field2":"0"},{"created_at":"2024-02-07T08:19:20-08:00","entry_id":284815,"field1":"1","field2":"0"},{"created_at":"2024-02-07T08:28:58-08:00","entry_id":284816,"field1":"1","field2":"0"},{"created_at":"2024-02-07T08:38:34-08:00","entry_id":284817,"field1":"1","field2":"0.0625"},{"created_at":"2024-02-07T08:48:11-08:00","entry_id":284818,"field1":"1","field2":"0.125"},{"created_at":"2024-02-07T08:57:48-08:00","entry_id":284819,"field1":"0.9375","field2":"0.1875"},{"created_at":"2024-02-07T09:07:25-08:00","entry_id":284820,"field1":"1","field2":"0.3125"},{"created_at":"2024-02-07T09:17:02-08:00","entry_id":284821,"field1":"1","field2":"0.3125"},{"created_at":"2024-02-07T09:26:38-08:00","entry_id":284822,"field1":"1","field2":"0.4375"},{"created_at":"2024-02-07T09:36:16-08:00","entry_id":284823,"field1":"1","field2":"0.4375"},{"created_at":"2024-02-07T09:45:52-08:00","entry_id":284824,"field1":"1","field2":"0.4375"},{"created_at":"2024-02-07T09:55:30-08:00","entry_id":284825,"field1":"1","field2":"0.5"},{"created_at":"2024-02-07T10:05:07-08:00","entry_id":284826,"field1":"1","field2":"0.5"},{"created_at":"2024-02-07T10:14:44-08:00","entry_id":284827,"field1":"1","field2":"0.625"},{"created_at":"2024-02-07T10:24:21-08:00","entry_id":284828,"field1":"1","field2":"0.6875"},{"created_at":"2024-02-07T10:33:58-08:00","entry_id":284829,"field1":"1","field2":"0.75"},{"created_at":"2024-02-07T10:43:35-08:00","entry_id":284830,"field1":"1.0625","field2":"0.6875"},{"created_at":"2024-02-07T10:53:10-08:00","entry_id":284831,"field1":"1.0625","field2":"0.625"},{"created_at":"2024-02-07T11:02:48-08:00","entry_id":284832,"field1":"1.0625","field2":"0.625"},{"created_at":"2024-02-07T11:12:26-08:00","entry_id":284833,"field1":"1.0625","field2":"0.875"},{"created_at":"2024-02-07T11:22:01-08:00","entry_id":284834,"field1":"1.0625","field2":"0.9375"},{"created_at":"2024-02-07T11:31:39-08:00","entry_id":284835,"field1":"1.0625","field2":"1.0625"},{"created_at":"2024-02-07T11:41:16-08:00","entry_id":284836,"field1":"1.125","field2":"1.25"},{"created_at":"2024-02-07T11:50:53-08:00","entry_id":284837,"field1":"1.0625","field2":"1.0625"},{"created_at":"2024-02-07T12:00:31-08:00","entry_id":284838,"field1":"1.125","field2":"1.125"},{"created_at":"2024-02-07T12:10:08-08:00","entry_id":284839,"field1":"1.125","field2":"1.375"},{"created_at":"2024-02-07T12:19:45-08:00","entry_id":284840,"field1":"1.125","field2":"1.375"},{"created_at":"2024-02-07T12:29:20-08:00","entry_id":284841,"field1":"1.125","field2":"1.3125"},{"created_at":"2024-02-07T12:38:58-08:00","entry_id":284842,"field1":"1.1875","field2":"1.25"},{"created_at":"2024-02-07T12:48:36-08:00","entry_id":284843,"field1":"1.1875","field2":"1.25"},{"created_at":"2024-02-07T12:58:13-08:00","entry_id":284844,"field1":"1.1875","field2":"1.375"},{"created_at":"2024-02-07T13:07:50-08:00","entry_id":284845,"field1":"1.1875","field2":"1.3125"},{"created_at":"2024-02-07T13:17:26-08:00","entry_id":284846,"field1":"1.1875","field2":"1.375"},{"created_at":"2024-02-07T13:27:04-08:00","entry_id":284847,"field1":"1.25","field2":"1.4375"},{"created_at":"2024-02-07T13:36:41-08:00","entry_id":284848,"field1":"1.25","field2":"1.4375"},{"created_at":"2024-02-07T13:46:18-08:00","entry_id":284849,"field1":"1.25","field2":"1.5625"},{"created_at":"2024-02-07T13:55:55-08:00","entry_id":284850,"field1":"1.25","field2":"1.8125"},{"created_at":"2024-02-07T14:05:32-08:00","entry_id":284851,"field1":"1.25","field2":"1.375"},{"created_at":"2024-02-07T14:15:09-08:00","entry_id":284852,"field1":"1.3125","field2":"1.3125"},{"created_at":"2024-02-07T14:24:44-08:00","entry_id":284853,"field1":"1.3125","field2":"1.3125"},{"created_at":"2024-02-07T14:34:20-08:00","entry_id":284854,"field1":"1.3125","field2":"1.25"},{"created_at":"2024-02-07T14:43:58-08:00","entry_id":284855,"field1":"1.3125","field2":"1.375"},{"created_at":"2024-02-07T14:53:35-08:00","entry_id":284856,"field1":"1.3125","field2":"1.3125"},{"created_at":"2024-02-07T15:03:11-08:00","entry_id":284857,"field1":"1.3125","field2":"1.3125"},{"created_at":"2024-02-07T15:12:49-08:00","entry_id":284858,"field1":"1.3125","field2":"1.25"},{"created_at":"2024-02-07T15:22:26-08:00","entry_id":284859,"field1":"1.3125","field2":"1.3125"},{"created_at":"2024-02-07T15:32:03-08:00","entry_id":284860,"field1":"1.3125","field2":"1.25"},{"created_at":"2024-02-07T15:41:40-08:00","entry_id":284861,"field1":"1.3125","field2":"1.3125"},{"created_at":"2024-02-07T15:51:16-08:00","entry_id":284862,"field1":"1.3125","field2":"1.25"},{"created_at":"2024-02-07T16:00:54-08:00","entry_id":284863,"field1":"1.3125","field2":"1.1875"},{"created_at":"2024-02-07T16:10:31-08:00","entry_id":284864,"field1":"1.375","field2":"1.125"},{"created_at":"2024-02-07T16:20:08-08:00","entry_id":284865,"field1":"1.3125","field2":"1.125"},{"created_at":"2024-02-07T16:29:45-08:00","entry_id":284866,"field1":"1.375","field2":"0.9375"},{"created_at":"2024-02-07T16:39:23-08:00","entry_id":284867,"field1":"1.3125","field2":"0.9375"},{"created_at":"2024-02-07T16:49:00-08:00","entry_id":284868,"field1":"1.3125","field2":"0.875"},{"created_at":"2024-02-07T16:58:37-08:00","entry_id":284869,"field1":"1.3125","field2":"0.8125"},{"created_at":"2024-02-07T17:08:14-08:00","entry_id":284870,"field1":"1.3125","field2":"0.75"},{"created_at":"2024-02-07T17:17:51-08:00","entry_id":284871,"field1":"1.3125","field2":"0.75"},{"created_at":"2024-02-07T17:27:28-08:00","entry_id":284872,"field1":"1.3125","field2":"0.8125"},{"created_at":"2024-02-07T17:37:05-08:00","entry_id":284873,"field1":"1.3125","field2":"0.75"},{"created_at":"2024-02-07T17:46:42-08:00","entry_id":284874,"field1":"1.3125","field2":"0.75"},{"created_at":"2024-02-07T17:56:20-08:00","entry_id":284875,"field1":"1.3125","field2":"0.6875"},{"created_at":"2024-02-07T18:05:57-08:00","entry_id":284876,"field1":"1.3125","field2":"0.6875"},{"created_at":"2024-02-07T18:15:34-08:00","entry_id":284877,"field1":"1.3125","field2":"0.6875"},{"created_at":"2024-02-07T18:25:11-08:00","entry_id":284878,"field1":"1.3125","field2":"0.6875"},{"created_at":"2024-02-07T18:34:49-08:00","entry_id":284879,"field1":"1.3125","field2":"0.6875"},{"created_at":"2024-02-07T18:44:26-08:00","entry_id":284880,"field1":"1.3125","field2":"0.625"},{"created_at":"2024-02-07T18:54:01-08:00","entry_id":284881,"field1":"1.3125","field2":"0.625"},{"created_at":"2024-02-07T19:03:39-08:00","entry_id":284882,"field1":"1.3125","field2":"0.625"},{"created_at":"2024-02-07T19:13:16-08:00","entry_id":284883,"field1":"1.3125","field2":"0.625"},{"created_at":"2024-02-07T19:22:52-08:00","entry_id":284884,"field1":"1.3125","field2":"0.6875"},{"created_at":"2024-02-07T19:32:30-08:00","entry_id":284885,"field1":"1.3125","field2":"0.6875"},{"created_at":"2024-02-07T19:42:07-08:00","entry_id":284886,"field1":"1.3125","field2":"0.625"},{"created_at":"2024-02-07T19:51:44-08:00","entry_id":284887,"field1":"1.3125","field2":"0.625"},{"created_at":"2024-02-07T20:01:21-08:00","entry_id":284888,"field1":"1.3125","field2":"0.625"},{"created_at":"2024-02-07T20:10:59-08:00","entry_id":284889,"field1":"1.3125","field2":"0.625"},{"created_at":"2024-02-07T20:20:37-08:00","entry_id":284890,"field1":"1.3125","field2":"0.625"},{"created_at":"2024-02-07T20:30:13-08:00","entry_id":284891,"field1":"1.3125","field2":"0.625"},{"created_at":"2024-02-07T20:39:50-08:00","entry_id":284892,"field1":"1.3125","field2":"0.625"},{"created_at":"2024-02-07T20:49:28-08:00","entry_id":284893,"field1":"1.25","field2":"0.625"},{"created_at":"2024-02-07T20:59:05-08:00","entry_id":284894,"field1":"1.3125","field2":"0.625"},{"created_at":"2024-02-07T21:08:42-08:00","entry_id":284895,"field1":"1.25","field2":"0.625"},{"created_at":"2024-02-07T21:18:17-08:00","entry_id":284896,"field1":"1.25","field2":"0.625"},{"created_at":"2024-02-07T21:27:56-08:00","entry_id":284897,"field1":"1.25","field2":"0.625"},{"created_at":"2024-02-07T21:37:33-08:00","entry_id":284898,"field1":"1.25","field2":"0.625"},{"created_at":"2024-02-07T21:47:10-08:00","entry_id":284899,"field1":"1.25","field2":"0.625"},{"created_at":"2024-02-07T21:56:48-08:00","entry_id":284900,"field1":"1.25","field2":"0.625"},{"created_at":"2024-02-07T22:06:24-08:00","entry_id":284901,"field1":"1.25","field2":"0.5625"},{"created_at":"2024-02-07T22:16:01-08:00","entry_id":284902,"field1":"1.25","field2":"0.5625"},{"created_at":"2024-02-07T22:25:38-08:00","entry_id":284903,"field1":"1.25","field2":"0.5625"},{"created_at":"2024-02-07T22:35:16-08:00","entry_id":284904,"field1":"1.25","field2":"0.5625"},{"created_at":"2024-02-07T22:44:53-08:00","entry_id":284905,"field1":"1.25","field2":"0.625"},{"created_at":"2024-02-07T22:54:30-08:00","entry_id":284906,"field1":"1.25","field2":"0.625"},{"created_at":"2024-02-07T23:04:06-08:00","entry_id":284907,"field1":"1.25","field2":"0.5625"},{"created_at":"2024-02-07T23:13:44-08:00","entry_id":284908,"field1":"1.25","field2":"0.625"},{"created_at":"2024-02-07T23:23:20-08:00","entry_id":284909,"field1":"1.25","field2":"0.5625"},{"created_at":"2024-02-07T23:32:57-08:00","entry_id":284910,"field1":"1.25","field2":"0.5625"},{"created_at":"2024-02-07T23:42:34-08:00","entry_id":284911,"field1":"1.25","field2":"0.5625"},{"created_at":"2024-02-07T23:52:11-08:00","entry_id":284912,"field1":"1.25","field2":"0.5625"}]}