{"channel":{"id":581842,"name":"Upstairs Small Window Indoor / Outdoor Sensor","latitude":"0.0","longitude":"0.0","field1":"Indoor Temperature","field2":"Outdoor Temperature","created_at":"2018-09-23T15:37:52-07:00","updated_at":"2020-07-27T05:59:41-07:00","last_entry_id":183820},"feeds":[{"created_at":"2022-03-29T00:07:36-07:00","entry_id":183533,"field1":"9.625","field2":"2.6875"},{"created_at":"2022-03-29T00:17:14-07:00","entry_id":183534,"field1":"9.875","field2":"2.6875"},{"created_at":"2022-03-29T00:26:51-07:00","entry_id":183535,"field1":"9.8125","field2":"2.6875"},{"created_at":"2022-03-29T00:36:29-07:00","entry_id":183536,"field1":"9.625","field2":"2.75"},{"created_at":"2022-03-29T00:46:05-07:00","entry_id":183537,"field1":"9.5625","field2":"2.625"},{"created_at":"2022-03-29T00:55:41-07:00","entry_id":183538,"field1":"9.4375","field2":"2.625"},{"created_at":"2022-03-29T01:05:19-07:00","entry_id":183539,"field1":"9.4375","field2":"2.5"},{"created_at":"2022-03-29T01:14:57-07:00","entry_id":183540,"field1":"9.375","field2":"2.5"},{"created_at":"2022-03-29T01:24:34-07:00","entry_id":183541,"field1":"9.3125","field2":"2.375"},{"created_at":"2022-03-29T01:34:11-07:00","entry_id":183542,"field1":"9.4375","field2":"2.4375"},{"created_at":"2022-03-29T01:43:49-07:00","entry_id":183543,"field1":"9.625","field2":"2.4375"},{"created_at":"2022-03-29T01:53:25-07:00","entry_id":183544,"field1":"9.8125","field2":"2.375"},{"created_at":"2022-03-29T02:03:03-07:00","entry_id":183545,"field1":"9.625","field2":"2.4375"},{"created_at":"2022-03-29T02:12:40-07:00","entry_id":183546,"field1":"9.4375","field2":"2.25"},{"created_at":"2022-03-29T02:22:17-07:00","entry_id":183547,"field1":"9.375","field2":"1.5"},{"created_at":"2022-03-29T02:31:54-07:00","entry_id":183548,"field1":"9.3125","field2":"1.25"},{"created_at":"2022-03-29T02:41:31-07:00","entry_id":183549,"field1":"9.1875","field2":"1.25"},{"created_at":"2022-03-29T02:51:09-07:00","entry_id":183550,"field1":"9.1875","field2":"1.0625"},{"created_at":"2022-03-29T03:00:46-07:00","entry_id":183551,"field1":"9.4375","field2":"1.25"},{"created_at":"2022-03-29T03:10:23-07:00","entry_id":183552,"field1":"9.5625","field2":"1.1875"},{"created_at":"2022-03-29T03:20:01-07:00","entry_id":183553,"field1":"9.6875","field2":"1.25"},{"created_at":"2022-03-29T03:29:39-07:00","entry_id":183554,"field1":"9.625","field2":"1.4375"},{"created_at":"2022-03-29T03:39:16-07:00","entry_id":183555,"field1":"9.375","field2":"1.375"},{"created_at":"2022-03-29T03:48:53-07:00","entry_id":183556,"field1":"9.25","field2":"1.6875"},{"created_at":"2022-03-29T03:58:30-07:00","entry_id":183557,"field1":"9.1875","field2":"1.5"},{"created_at":"2022-03-29T04:08:07-07:00","entry_id":183558,"field1":"9.0625","field2":"1.5"},{"created_at":"2022-03-29T04:17:44-07:00","entry_id":183559,"field1":"9.125","field2":"1.5"},{"created_at":"2022-03-29T04:27:21-07:00","entry_id":183560,"field1":"9.3125","field2":"1.4375"},{"created_at":"2022-03-29T04:36:59-07:00","entry_id":183561,"field1":"9.5","field2":"1.5625"},{"created_at":"2022-03-29T04:46:36-07:00","entry_id":183562,"field1":"9.625","field2":"1.4375"},{"created_at":"2022-03-29T04:56:13-07:00","entry_id":183563,"field1":"9.4375","field2":"1.5"},{"created_at":"2022-03-29T05:05:49-07:00","entry_id":183564,"field1":"9.25","field2":"1.5625"},{"created_at":"2022-03-29T05:15:27-07:00","entry_id":183565,"field1":"9.125","field2":"1.8125"},{"created_at":"2022-03-29T05:25:05-07:00","entry_id":183566,"field1":"9.0625","field2":"1.6875"},{"created_at":"2022-03-29T05:34:42-07:00","entry_id":183567,"field1":"9","field2":"1.75"},{"created_at":"2022-03-29T05:44:19-07:00","entry_id":183568,"field1":"9.3125","field2":"1.625"},{"created_at":"2022-03-29T05:53:57-07:00","entry_id":183569,"field1":"9.4375","field2":"1.6875"},{"created_at":"2022-03-29T06:03:34-07:00","entry_id":183570,"field1":"9.5625","field2":"1.5625"},{"created_at":"2022-03-29T06:13:12-07:00","entry_id":183571,"field1":"9.625","field2":"1.4375"},{"created_at":"2022-03-29T06:22:49-07:00","entry_id":183572,"field1":"9.375","field2":"1.375"},{"created_at":"2022-03-29T06:32:25-07:00","entry_id":183573,"field1":"9.1875","field2":"1.4375"},{"created_at":"2022-03-29T06:42:02-07:00","entry_id":183574,"field1":"9.125","field2":"1.3125"},{"created_at":"2022-03-29T06:51:39-07:00","entry_id":183575,"field1":"9","field2":"1.375"},{"created_at":"2022-03-29T07:01:16-07:00","entry_id":183576,"field1":"9.125","field2":"1.5"},{"created_at":"2022-03-29T07:10:54-07:00","entry_id":183577,"field1":"9.3125","field2":"1.375"},{"created_at":"2022-03-29T07:20:31-07:00","entry_id":183578,"field1":"9.4375","field2":"1.25"},{"created_at":"2022-03-29T07:30:09-07:00","entry_id":183579,"field1":"9.5625","field2":"1.375"},{"created_at":"2022-03-29T07:39:46-07:00","entry_id":183580,"field1":"9.5","field2":"1.375"},{"created_at":"2022-03-29T07:49:23-07:00","entry_id":183581,"field1":"9.25","field2":"1.375"},{"created_at":"2022-03-29T07:59:00-07:00","entry_id":183582,"field1":"9.125","field2":"1.5"},{"created_at":"2022-03-29T08:08:38-07:00","entry_id":183583,"field1":"9","field2":"1.6875"},{"created_at":"2022-03-29T08:18:16-07:00","entry_id":183584,"field1":"9","field2":"1.6875"},{"created_at":"2022-03-29T08:27:53-07:00","entry_id":183585,"field1":"9.25","field2":"1.625"},{"created_at":"2022-03-29T08:37:30-07:00","entry_id":183586,"field1":"9.375","field2":"1.6875"},{"created_at":"2022-03-29T08:47:07-07:00","entry_id":183587,"field1":"9.5","field2":"1.875"},{"created_at":"2022-03-29T08:56:45-07:00","entry_id":183588,"field1":"9.5625","field2":"1.875"},{"created_at":"2022-03-29T09:06:22-07:00","entry_id":183589,"field1":"9.375","field2":"1.9375"},{"created_at":"2022-03-29T09:16:00-07:00","entry_id":183590,"field1":"9.1875","field2":"1.75"},{"created_at":"2022-03-29T09:25:37-07:00","entry_id":183591,"field1":"9.0625","field2":"1.9375"},{"created_at":"2022-03-29T09:35:14-07:00","entry_id":183592,"field1":"9","field2":"2"},{"created_at":"2022-03-29T09:44:52-07:00","entry_id":183593,"field1":"9.25","field2":"1.875"},{"created_at":"2022-03-29T09:54:28-07:00","entry_id":183594,"field1":"9.4375","field2":"1.875"},{"created_at":"2022-03-29T10:04:06-07:00","entry_id":183595,"field1":"9.5625","field2":"2.125"},{"created_at":"2022-03-29T10:13:44-07:00","entry_id":183596,"field1":"9.6875","field2":"2.125"},{"created_at":"2022-03-29T10:23:21-07:00","entry_id":183597,"field1":"9.75","field2":"2.1875"},{"created_at":"2022-03-29T10:32:59-07:00","entry_id":183598,"field1":"9.6875","field2":"2.5"},{"created_at":"2022-03-29T10:42:35-07:00","entry_id":183599,"field1":"9.5","field2":"2.6875"},{"created_at":"2022-03-29T10:52:12-07:00","entry_id":183600,"field1":"9.375","field2":"2.875"},{"created_at":"2022-03-29T11:01:50-07:00","entry_id":183601,"field1":"9.375","field2":"3.4375"},{"created_at":"2022-03-29T11:11:27-07:00","entry_id":183602,"field1":"9.4375","field2":"3.4375"},{"created_at":"2022-03-29T11:21:06-07:00","entry_id":183603,"field1":"9.8125","field2":"3.75"},{"created_at":"2022-03-29T11:30:42-07:00","entry_id":183604,"field1":"10.125","field2":"3.25"},{"created_at":"2022-03-29T11:40:21-07:00","entry_id":183605,"field1":"10.3125","field2":"3.3125"},{"created_at":"2022-03-29T11:49:59-07:00","entry_id":183606,"field1":"10.1875","field2":"3.25"},{"created_at":"2022-03-29T11:59:35-07:00","entry_id":183607,"field1":"10.0625","field2":"3.3125"},{"created_at":"2022-03-29T12:09:12-07:00","entry_id":183608,"field1":"10.0625","field2":"3.5"},{"created_at":"2022-03-29T12:18:47-07:00","entry_id":183609,"field1":"10.0625","field2":"2.6875"},{"created_at":"2022-03-29T12:28:25-07:00","entry_id":183610,"field1":"10","field2":"3.25"},{"created_at":"2022-03-29T12:38:02-07:00","entry_id":183611,"field1":"10","field2":"3.25"},{"created_at":"2022-03-29T12:47:37-07:00","entry_id":183612,"field1":"10","field2":"3.4375"},{"created_at":"2022-03-29T12:57:16-07:00","entry_id":183613,"field1":"9.9375","field2":"4.3125"},{"created_at":"2022-03-29T13:06:54-07:00","entry_id":183614,"field1":"9.9375","field2":"3.875"},{"created_at":"2022-03-29T13:16:32-07:00","entry_id":183615,"field1":"10.1875","field2":"4"},{"created_at":"2022-03-29T13:26:11-07:00","entry_id":183616,"field1":"10.375","field2":"4.0625"},{"created_at":"2022-03-29T13:35:48-07:00","entry_id":183617,"field1":"10.25","field2":"4.125"},{"created_at":"2022-03-29T13:45:26-07:00","entry_id":183618,"field1":"10.125","field2":"4.25"},{"created_at":"2022-03-29T13:55:03-07:00","entry_id":183619,"field1":"10.0625","field2":"4.6875"},{"created_at":"2022-03-29T14:04:39-07:00","entry_id":183620,"field1":"10","field2":"5.625"},{"created_at":"2022-03-29T14:14:18-07:00","entry_id":183621,"field1":"9.9375","field2":"6.25"},{"created_at":"2022-03-29T14:23:55-07:00","entry_id":183622,"field1":"9.9375","field2":"6.8125"},{"created_at":"2022-03-29T14:33:30-07:00","entry_id":183623,"field1":"9.875","field2":"5.25"},{"created_at":"2022-03-29T14:43:09-07:00","entry_id":183624,"field1":"9.875","field2":"5.5"},{"created_at":"2022-03-29T14:52:47-07:00","entry_id":183625,"field1":"9.8125","field2":"5.6875"},{"created_at":"2022-03-29T15:02:24-07:00","entry_id":183626,"field1":"9.8125","field2":"6.75"},{"created_at":"2022-03-29T15:12:01-07:00","entry_id":183627,"field1":"10","field2":"7.875"},{"created_at":"2022-03-29T15:21:39-07:00","entry_id":183628,"field1":"10.25","field2":"9.0625"},{"created_at":"2022-03-29T15:31:16-07:00","entry_id":183629,"field1":"10.1875","field2":"9.3125"},{"created_at":"2022-03-29T15:40:54-07:00","entry_id":183630,"field1":"10.0625","field2":"9.4375"},{"created_at":"2022-03-29T15:50:31-07:00","entry_id":183631,"field1":"10","field2":"8.3125"},{"created_at":"2022-03-29T16:00:08-07:00","entry_id":183632,"field1":"9.9375","field2":"6.25"},{"created_at":"2022-03-29T16:09:46-07:00","entry_id":183633,"field1":"9.9375","field2":"7.125"},{"created_at":"2022-03-29T16:19:23-07:00","entry_id":183634,"field1":"9.875","field2":"8.375"},{"created_at":"2022-03-29T16:29:00-07:00","entry_id":183635,"field1":"9.875","field2":"9.125"},{"created_at":"2022-03-29T16:38:37-07:00","entry_id":183636,"field1":"9.875","field2":"7.25"},{"created_at":"2022-03-29T16:48:14-07:00","entry_id":183637,"field1":"9.875","field2":"6.625"},{"created_at":"2022-03-29T16:57:52-07:00","entry_id":183638,"field1":"9.8125","field2":"8.3125"},{"created_at":"2022-03-29T17:07:30-07:00","entry_id":183639,"field1":"9.875","field2":"8.625"},{"created_at":"2022-03-29T17:17:07-07:00","entry_id":183640,"field1":"10.1875","field2":"8.6875"},{"created_at":"2022-03-29T17:26:44-07:00","entry_id":183641,"field1":"10.25","field2":"8.5625"},{"created_at":"2022-03-29T17:36:22-07:00","entry_id":183642,"field1":"10.125","field2":"8.6875"},{"created_at":"2022-03-29T17:45:59-07:00","entry_id":183643,"field1":"10","field2":"7.25"},{"created_at":"2022-03-29T17:55:35-07:00","entry_id":183644,"field1":"9.9375","field2":"6.875"},{"created_at":"2022-03-29T18:05:13-07:00","entry_id":183645,"field1":"9.9375","field2":"7.125"},{"created_at":"2022-03-29T18:14:48-07:00","entry_id":183646,"field1":"9.875","field2":"7.8125"},{"created_at":"2022-03-29T18:24:27-07:00","entry_id":183647,"field1":"9.875","field2":"8"},{"created_at":"2022-03-29T18:34:04-07:00","entry_id":183648,"field1":"9.8125","field2":"7.6875"},{"created_at":"2022-03-29T18:43:41-07:00","entry_id":183649,"field1":"9.8125","field2":"7.875"},{"created_at":"2022-03-29T18:53:18-07:00","entry_id":183650,"field1":"9.8125","field2":"7.4375"},{"created_at":"2022-03-29T19:02:55-07:00","entry_id":183651,"field1":"9.875","field2":"7.5"},{"created_at":"2022-03-29T19:12:33-07:00","entry_id":183652,"field1":"10.125","field2":"6.25"},{"created_at":"2022-03-29T19:22:10-07:00","entry_id":183653,"field1":"10.25","field2":"6.375"},{"created_at":"2022-03-29T19:31:47-07:00","entry_id":183654,"field1":"10.0625","field2":"6.5"},{"created_at":"2022-03-29T19:41:25-07:00","entry_id":183655,"field1":"9.9375","field2":"6.5"},{"created_at":"2022-03-29T19:51:02-07:00","entry_id":183656,"field1":"9.875","field2":"6.3125"},{"created_at":"2022-03-29T20:00:38-07:00","entry_id":183657,"field1":"9.8125","field2":"5.9375"},{"created_at":"2022-03-29T20:10:16-07:00","entry_id":183658,"field1":"9.8125","field2":"6.0625"},{"created_at":"2022-03-29T20:19:53-07:00","entry_id":183659,"field1":"9.75","field2":"6.5"},{"created_at":"2022-03-29T20:29:31-07:00","entry_id":183660,"field1":"9.6875","field2":"6.375"},{"created_at":"2022-03-29T20:39:09-07:00","entry_id":183661,"field1":"9.6875","field2":"5.3125"},{"created_at":"2022-03-29T20:48:47-07:00","entry_id":183662,"field1":"9.6875","field2":"5.6875"},{"created_at":"2022-03-29T20:58:24-07:00","entry_id":183663,"field1":"9.875","field2":"6.0625"},{"created_at":"2022-03-29T21:08:01-07:00","entry_id":183664,"field1":"10.0625","field2":"5.9375"},{"created_at":"2022-03-29T21:17:39-07:00","entry_id":183665,"field1":"10","field2":"5.8125"},{"created_at":"2022-03-29T21:27:17-07:00","entry_id":183666,"field1":"9.875","field2":"5.3125"},{"created_at":"2022-03-29T21:36:54-07:00","entry_id":183667,"field1":"9.75","field2":"5.375"},{"created_at":"2022-03-29T21:46:31-07:00","entry_id":183668,"field1":"9.6875","field2":"5.3125"},{"created_at":"2022-03-29T21:56:09-07:00","entry_id":183669,"field1":"9.6875","field2":"4.8125"},{"created_at":"2022-03-29T22:05:46-07:00","entry_id":183670,"field1":"9.625","field2":"4.8125"},{"created_at":"2022-03-29T22:15:24-07:00","entry_id":183671,"field1":"9.5625","field2":"4.875"},{"created_at":"2022-03-29T22:25:02-07:00","entry_id":183672,"field1":"9.5","field2":"4.875"},{"created_at":"2022-03-29T22:34:39-07:00","entry_id":183673,"field1":"9.6875","field2":"4.1875"},{"created_at":"2022-03-29T22:44:17-07:00","entry_id":183674,"field1":"9.9375","field2":"4.1875"},{"created_at":"2022-03-29T22:53:54-07:00","entry_id":183675,"field1":"10.0625","field2":"4.5"},{"created_at":"2022-03-29T23:03:31-07:00","entry_id":183676,"field1":"9.875","field2":"4.3125"},{"created_at":"2022-03-29T23:13:08-07:00","entry_id":183677,"field1":"9.75","field2":"4.3125"},{"created_at":"2022-03-29T23:22:46-07:00","entry_id":183678,"field1":"9.625","field2":"4.125"},{"created_at":"2022-03-29T23:32:23-07:00","entry_id":183679,"field1":"9.5625","field2":"4"},{"created_at":"2022-03-29T23:42:00-07:00","entry_id":183680,"field1":"9.5","field2":"3.875"},{"created_at":"2022-03-29T23:51:38-07:00","entry_id":183681,"field1":"9.4375","field2":"3.6875"}]}