{"channel":{"id":581842,"name":"Upstairs Small Window Indoor / Outdoor Sensor","latitude":"0.0","longitude":"0.0","field1":"Indoor Temperature","field2":"Outdoor Temperature","created_at":"2018-09-23T15:37:52-07:00","updated_at":"2020-07-27T05:59:41-07:00","last_entry_id":150129},"feeds":[{"created_at":"2019-12-08T00:02:20-08:00","entry_id":63247,"field1":"1.0625","field2":"0.5"},{"created_at":"2019-12-08T00:11:56-08:00","entry_id":63248,"field1":"1.0625","field2":"0.5"},{"created_at":"2019-12-08T00:21:33-08:00","entry_id":63249,"field1":"1.0625","field2":"0.5"},{"created_at":"2019-12-08T00:31:10-08:00","entry_id":63250,"field1":"1.0625","field2":"0.5"},{"created_at":"2019-12-08T00:40:46-08:00","entry_id":63251,"field1":"1.0625","field2":"0.5"},{"created_at":"2019-12-08T00:50:24-08:00","entry_id":63252,"field1":"1.0625","field2":"0.4375"},{"created_at":"2019-12-08T01:00:00-08:00","entry_id":63253,"field1":"1.0625","field2":"0.4375"},{"created_at":"2019-12-08T01:09:37-08:00","entry_id":63254,"field1":"1.0625","field2":"0.375"},{"created_at":"2019-12-08T01:19:14-08:00","entry_id":63255,"field1":"1.0625","field2":"0.25"},{"created_at":"2019-12-08T01:28:50-08:00","entry_id":63256,"field1":"1.0625","field2":"0.25"},{"created_at":"2019-12-08T01:38:27-08:00","entry_id":63257,"field1":"1.0625","field2":"0.25"},{"created_at":"2019-12-08T01:48:05-08:00","entry_id":63258,"field1":"1.0625","field2":"0.1875"},{"created_at":"2019-12-08T01:57:41-08:00","entry_id":63259,"field1":"1.0625","field2":"0.125"},{"created_at":"2019-12-08T02:07:18-08:00","entry_id":63260,"field1":"1.0625","field2":"0.1875"},{"created_at":"2019-12-08T02:16:55-08:00","entry_id":63261,"field1":"1.0625","field2":"0.125"},{"created_at":"2019-12-08T02:26:32-08:00","entry_id":63262,"field1":"1.0625","field2":"0.125"},{"created_at":"2019-12-08T02:36:09-08:00","entry_id":63263,"field1":"1.0625","field2":"0.125"},{"created_at":"2019-12-08T02:45:46-08:00","entry_id":63264,"field1":"1.0625","field2":"0.125"},{"created_at":"2019-12-08T02:55:22-08:00","entry_id":63265,"field1":"1.0625","field2":"0.0625"},{"created_at":"2019-12-08T03:04:59-08:00","entry_id":63266,"field1":"1.0625","field2":"0"},{"created_at":"2019-12-08T03:14:36-08:00","entry_id":63267,"field1":"1.0625","field2":"-0.1875"},{"created_at":"2019-12-08T03:24:12-08:00","entry_id":63268,"field1":"1.0625","field2":"-0.25"},{"created_at":"2019-12-08T03:33:49-08:00","entry_id":63269,"field1":"1.0625","field2":"-0.25"},{"created_at":"2019-12-08T03:43:27-08:00","entry_id":63270,"field1":"1","field2":"-0.4375"},{"created_at":"2019-12-08T03:53:04-08:00","entry_id":63271,"field1":"1","field2":"-0.4375"},{"created_at":"2019-12-08T04:02:40-08:00","entry_id":63272,"field1":"1","field2":"-0.5"},{"created_at":"2019-12-08T04:12:17-08:00","entry_id":63273,"field1":"1","field2":"-0.5"},{"created_at":"2019-12-08T04:21:54-08:00","entry_id":63274,"field1":"1","field2":"-0.5"},{"created_at":"2019-12-08T04:31:30-08:00","entry_id":63275,"field1":"1","field2":"-0.5"},{"created_at":"2019-12-08T04:41:08-08:00","entry_id":63276,"field1":"1","field2":"-0.4375"},{"created_at":"2019-12-08T04:50:44-08:00","entry_id":63277,"field1":"1","field2":"-0.4375"},{"created_at":"2019-12-08T05:00:21-08:00","entry_id":63278,"field1":"1","field2":"-0.375"},{"created_at":"2019-12-08T05:09:58-08:00","entry_id":63279,"field1":"0.9375","field2":"-0.5625"},{"created_at":"2019-12-08T05:19:35-08:00","entry_id":63280,"field1":"0.9375","field2":"-0.5"},{"created_at":"2019-12-08T05:29:12-08:00","entry_id":63281,"field1":"0.9375","field2":"0.3125"},{"created_at":"2019-12-08T05:38:49-08:00","entry_id":63282,"field1":"0.9375","field2":"-0.4375"},{"created_at":"2019-12-08T05:48:26-08:00","entry_id":63283,"field1":"0.9375","field2":"-0.625"},{"created_at":"2019-12-08T05:58:03-08:00","entry_id":63284,"field1":"0.9375","field2":"-0.625"},{"created_at":"2019-12-08T06:07:39-08:00","entry_id":63285,"field1":"0.9375","field2":"-0.4375"},{"created_at":"2019-12-08T06:17:16-08:00","entry_id":63286,"field1":"0.9375","field2":"-0.375"},{"created_at":"2019-12-08T06:26:53-08:00","entry_id":63287,"field1":"0.9375","field2":"-0.375"},{"created_at":"2019-12-08T06:36:30-08:00","entry_id":63288,"field1":"0.9375","field2":"-0.6875"},{"created_at":"2019-12-08T06:46:07-08:00","entry_id":63289,"field1":"0.9375","field2":"-0.8125"},{"created_at":"2019-12-08T06:55:43-08:00","entry_id":63290,"field1":"0.9375","field2":"-0.4375"},{"created_at":"2019-12-08T07:05:21-08:00","entry_id":63291,"field1":"0.9375","field2":"-0.8125"},{"created_at":"2019-12-08T07:14:57-08:00","entry_id":63292,"field1":"0.9375","field2":"-0.75"},{"created_at":"2019-12-08T07:24:34-08:00","entry_id":63293,"field1":"0.9375","field2":"-0.625"},{"created_at":"2019-12-08T07:34:11-08:00","entry_id":63294,"field1":"0.875","field2":"-0.3125"},{"created_at":"2019-12-08T07:43:48-08:00","entry_id":63295,"field1":"0.875","field2":"-0.625"},{"created_at":"2019-12-08T07:53:24-08:00","entry_id":63296,"field1":"0.875","field2":"-0.6875"},{"created_at":"2019-12-08T08:03:01-08:00","entry_id":63297,"field1":"0.875","field2":"-0.625"},{"created_at":"2019-12-08T08:12:39-08:00","entry_id":63298,"field1":"0.875","field2":"-0.875"},{"created_at":"2019-12-08T08:22:16-08:00","entry_id":63299,"field1":"0.875","field2":"-0.6875"},{"created_at":"2019-12-08T08:31:53-08:00","entry_id":63300,"field1":"0.875","field2":"-0.3125"},{"created_at":"2019-12-08T08:41:30-08:00","entry_id":63301,"field1":"0.875","field2":"-0.5625"},{"created_at":"2019-12-08T08:51:06-08:00","entry_id":63302,"field1":"0.875","field2":"-0.625"},{"created_at":"2019-12-08T09:00:43-08:00","entry_id":63303,"field1":"0.875","field2":"-0.75"},{"created_at":"2019-12-08T09:10:20-08:00","entry_id":63304,"field1":"0.9375","field2":"-0.5625"},{"created_at":"2019-12-08T09:19:57-08:00","entry_id":63305,"field1":"0.875","field2":"-0.0625"},{"created_at":"2019-12-08T09:29:34-08:00","entry_id":63306,"field1":"0.875","field2":"-0.25"},{"created_at":"2019-12-08T09:39:11-08:00","entry_id":63307,"field1":"0.9375","field2":"-0.125"},{"created_at":"2019-12-08T09:48:48-08:00","entry_id":63308,"field1":"0.9375","field2":"-0.25"},{"created_at":"2019-12-08T09:58:25-08:00","entry_id":63309,"field1":"0.9375","field2":"-0.125"},{"created_at":"2019-12-08T10:08:02-08:00","entry_id":63310,"field1":"0.9375","field2":"-0.0625"},{"created_at":"2019-12-08T10:17:38-08:00","entry_id":63311,"field1":"1","field2":"0.3125"},{"created_at":"2019-12-08T10:27:15-08:00","entry_id":63312,"field1":"1","field2":"-0.125"},{"created_at":"2019-12-08T10:36:52-08:00","entry_id":63313,"field1":"1","field2":"0.1875"},{"created_at":"2019-12-08T10:46:29-08:00","entry_id":63314,"field1":"1","field2":"0.0625"},{"created_at":"2019-12-08T10:56:06-08:00","entry_id":63315,"field1":"1","field2":"0.0625"},{"created_at":"2019-12-08T11:05:43-08:00","entry_id":63316,"field1":"1.0625","field2":"0.3125"},{"created_at":"2019-12-08T11:15:20-08:00","entry_id":63317,"field1":"1.0625","field2":"0.25"},{"created_at":"2019-12-08T11:24:57-08:00","entry_id":63318,"field1":"1.0625","field2":"0.6875"},{"created_at":"2019-12-08T11:34:35-08:00","entry_id":63319,"field1":"1.125","field2":"0.9375"},{"created_at":"2019-12-08T11:44:11-08:00","entry_id":63320,"field1":"1.125","field2":"0.75"},{"created_at":"2019-12-08T11:53:48-08:00","entry_id":63321,"field1":"1.125","field2":"1.0625"},{"created_at":"2019-12-08T12:03:25-08:00","entry_id":63322,"field1":"1.1875","field2":"1.0625"},{"created_at":"2019-12-08T12:13:02-08:00","entry_id":63323,"field1":"1.1875","field2":"0.8125"},{"created_at":"2019-12-08T12:22:37-08:00","entry_id":63324,"field1":"1.1875","field2":"1.875"},{"created_at":"2019-12-08T12:32:15-08:00","entry_id":63325,"field1":"1.1875","field2":"1.0625"},{"created_at":"2019-12-08T12:41:52-08:00","entry_id":63326,"field1":"1.1875","field2":"1"},{"created_at":"2019-12-08T12:51:28-08:00","entry_id":63327,"field1":"1.1875","field2":"0.8125"},{"created_at":"2019-12-08T13:01:05-08:00","entry_id":63328,"field1":"1.1875","field2":"2.6875"},{"created_at":"2019-12-08T13:10:42-08:00","entry_id":63329,"field1":"1.1875","field2":"0.625"},{"created_at":"2019-12-08T13:20:20-08:00","entry_id":63330,"field1":"1.1875","field2":"0.3125"},{"created_at":"2019-12-08T13:29:56-08:00","entry_id":63331,"field1":"1.1875","field2":"0.1875"},{"created_at":"2019-12-08T13:39:33-08:00","entry_id":63332,"field1":"1.1875","field2":"0.125"},{"created_at":"2019-12-08T13:49:09-08:00","entry_id":63333,"field1":"1.1875","field2":"-0.0625"},{"created_at":"2019-12-08T13:58:46-08:00","entry_id":63334,"field1":"1.1875","field2":"-0.125"},{"created_at":"2019-12-08T14:08:24-08:00","entry_id":63335,"field1":"1.1875","field2":"-0.25"},{"created_at":"2019-12-08T14:18:01-08:00","entry_id":63336,"field1":"1.125","field2":"-0.375"},{"created_at":"2019-12-08T14:27:37-08:00","entry_id":63337,"field1":"1.125","field2":"-0.4375"},{"created_at":"2019-12-08T14:37:14-08:00","entry_id":63338,"field1":"1.125","field2":"-0.625"},{"created_at":"2019-12-08T14:46:50-08:00","entry_id":63339,"field1":"1.125","field2":"-0.6875"},{"created_at":"2019-12-08T14:56:28-08:00","entry_id":63340,"field1":"1.125","field2":"-0.8125"},{"created_at":"2019-12-08T15:06:04-08:00","entry_id":63341,"field1":"1.125","field2":"-0.875"},{"created_at":"2019-12-08T15:15:40-08:00","entry_id":63342,"field1":"1.125","field2":"-1.0625"},{"created_at":"2019-12-08T15:25:17-08:00","entry_id":63343,"field1":"1.0625","field2":"-1.1875"},{"created_at":"2019-12-08T15:34:54-08:00","entry_id":63344,"field1":"1.0625","field2":"-1.25"},{"created_at":"2019-12-08T15:44:32-08:00","entry_id":63345,"field1":"1.0625","field2":"-1.375"},{"created_at":"2019-12-08T15:54:09-08:00","entry_id":63346,"field1":"1.0625","field2":"-1.375"},{"created_at":"2019-12-08T16:03:45-08:00","entry_id":63347,"field1":"1","field2":"-1.5"},{"created_at":"2019-12-08T16:13:21-08:00","entry_id":63348,"field1":"1","field2":"-1.625"},{"created_at":"2019-12-08T16:22:58-08:00","entry_id":63349,"field1":"1","field2":"-1.6875"},{"created_at":"2019-12-08T16:32:36-08:00","entry_id":63350,"field1":"1","field2":"-1.6875"},{"created_at":"2019-12-08T16:42:12-08:00","entry_id":63351,"field1":"1","field2":"-1.8125"},{"created_at":"2019-12-08T16:51:49-08:00","entry_id":63352,"field1":"0.9375","field2":"-1.875"},{"created_at":"2019-12-08T17:01:25-08:00","entry_id":63353,"field1":"0.9375","field2":"-2"},{"created_at":"2019-12-08T17:11:02-08:00","entry_id":63354,"field1":"0.9375","field2":"-2"},{"created_at":"2019-12-08T17:20:38-08:00","entry_id":63355,"field1":"0.9375","field2":"-1.8125"},{"created_at":"2019-12-08T17:30:15-08:00","entry_id":63356,"field1":"0.875","field2":"-1.75"},{"created_at":"2019-12-08T17:39:52-08:00","entry_id":63357,"field1":"0.9375","field2":"-1.6875"},{"created_at":"2019-12-08T17:49:29-08:00","entry_id":63358,"field1":"0.875","field2":"-1.75"},{"created_at":"2019-12-08T17:59:05-08:00","entry_id":63359,"field1":"0.875","field2":"-1.8125"},{"created_at":"2019-12-08T18:08:43-08:00","entry_id":63360,"field1":"0.875","field2":"-1.75"},{"created_at":"2019-12-08T18:18:18-08:00","entry_id":63361,"field1":"0.875","field2":"-1.8125"},{"created_at":"2019-12-08T18:27:56-08:00","entry_id":63362,"field1":"0.8125","field2":"-1.75"},{"created_at":"2019-12-08T18:37:33-08:00","entry_id":63363,"field1":"0.8125","field2":"-1.6875"},{"created_at":"2019-12-08T18:47:09-08:00","entry_id":63364,"field1":"0.8125","field2":"-1.6875"},{"created_at":"2019-12-08T18:56:46-08:00","entry_id":63365,"field1":"0.8125","field2":"-1.625"},{"created_at":"2019-12-08T19:06:23-08:00","entry_id":63366,"field1":"0.75","field2":"-1.8125"},{"created_at":"2019-12-08T19:16:00-08:00","entry_id":63367,"field1":"0.8125","field2":"-1.8125"},{"created_at":"2019-12-08T19:25:38-08:00","entry_id":63368,"field1":"0.75","field2":"-1.875"},{"created_at":"2019-12-08T19:35:14-08:00","entry_id":63369,"field1":"0.75","field2":"-2"},{"created_at":"2019-12-08T19:44:51-08:00","entry_id":63370,"field1":"0.75","field2":"-2.25"},{"created_at":"2019-12-08T19:54:28-08:00","entry_id":63371,"field1":"0.75","field2":"-2.25"},{"created_at":"2019-12-08T20:04:05-08:00","entry_id":63372,"field1":"0.75","field2":"-2.1875"},{"created_at":"2019-12-08T20:13:45-08:00","entry_id":63373,"field1":"0.6875","field2":"-2.3125"},{"created_at":"2019-12-08T20:23:21-08:00","entry_id":63374,"field1":"0.6875","field2":"-2.1875"},{"created_at":"2019-12-08T20:32:58-08:00","entry_id":63375,"field1":"0.6875","field2":"-2.375"},{"created_at":"2019-12-08T20:42:34-08:00","entry_id":63376,"field1":"0.6875","field2":"-2.5"},{"created_at":"2019-12-08T20:52:11-08:00","entry_id":63377,"field1":"0.6875","field2":"-2.375"},{"created_at":"2019-12-08T21:01:48-08:00","entry_id":63378,"field1":"0.625","field2":"-2.6875"},{"created_at":"2019-12-08T21:11:24-08:00","entry_id":63379,"field1":"0.625","field2":"-2.6875"},{"created_at":"2019-12-08T21:21:03-08:00","entry_id":63380,"field1":"0.625","field2":"-2.75"},{"created_at":"2019-12-08T21:30:39-08:00","entry_id":63381,"field1":"0.625","field2":"-2.6875"},{"created_at":"2019-12-08T21:40:16-08:00","entry_id":63382,"field1":"0.5625","field2":"-2.9375"},{"created_at":"2019-12-08T21:49:53-08:00","entry_id":63383,"field1":"0.625","field2":"-2.9375"},{"created_at":"2019-12-08T21:59:29-08:00","entry_id":63384,"field1":"0.5625","field2":"-2.875"},{"created_at":"2019-12-08T22:09:06-08:00","entry_id":63385,"field1":"0.5625","field2":"-3.125"},{"created_at":"2019-12-08T22:18:43-08:00","entry_id":63386,"field1":"0.5625","field2":"-3.1875"},{"created_at":"2019-12-08T22:28:20-08:00","entry_id":63387,"field1":"0.5625","field2":"-3.25"},{"created_at":"2019-12-08T22:37:56-08:00","entry_id":63388,"field1":"0.5","field2":"-3.4375"},{"created_at":"2019-12-08T22:47:33-08:00","entry_id":63389,"field1":"0.5","field2":"-3.375"},{"created_at":"2019-12-08T22:57:10-08:00","entry_id":63390,"field1":"0.5","field2":"-3.3125"},{"created_at":"2019-12-08T23:06:46-08:00","entry_id":63391,"field1":"0.5","field2":"-3.1875"},{"created_at":"2019-12-08T23:16:23-08:00","entry_id":63392,"field1":"0.4375","field2":"-3.125"},{"created_at":"2019-12-08T23:26:00-08:00","entry_id":63393,"field1":"0.4375","field2":"-3.1875"},{"created_at":"2019-12-08T23:35:36-08:00","entry_id":63394,"field1":"0.4375","field2":"-3.1875"},{"created_at":"2019-12-08T23:45:13-08:00","entry_id":63395,"field1":"0.4375","field2":"-3"},{"created_at":"2019-12-08T23:54:50-08:00","entry_id":63396,"field1":"0.375","field2":"-2.625"}]}