{"channel":{"id":581842,"name":"Upstairs Small Window Indoor / Outdoor Sensor","latitude":"0.0","longitude":"0.0","field1":"Indoor Temperature","field2":"Outdoor Temperature","created_at":"2018-09-23T15:37:52-07:00","updated_at":"2020-07-27T05:59:41-07:00","last_entry_id":150129},"feeds":[{"created_at":"2020-02-08T00:03:19-08:00","entry_id":72101,"field1":"-0.5625","field2":"-0.625"},{"created_at":"2020-02-08T00:12:56-08:00","entry_id":72102,"field1":"-0.5625","field2":"-0.625"},{"created_at":"2020-02-08T00:22:32-08:00","entry_id":72103,"field1":"-0.5625","field2":"-0.625"},{"created_at":"2020-02-08T00:32:09-08:00","entry_id":72104,"field1":"-0.5625","field2":"-0.625"},{"created_at":"2020-02-08T00:41:46-08:00","entry_id":72105,"field1":"-0.5625","field2":"-0.625"},{"created_at":"2020-02-08T00:51:22-08:00","entry_id":72106,"field1":"-0.5625","field2":"-0.625"},{"created_at":"2020-02-08T01:00:59-08:00","entry_id":72107,"field1":"-0.5","field2":"-0.6875"},{"created_at":"2020-02-08T01:10:37-08:00","entry_id":72108,"field1":"-0.5","field2":"-0.6875"},{"created_at":"2020-02-08T01:20:14-08:00","entry_id":72109,"field1":"-0.5","field2":"-0.875"},{"created_at":"2020-02-08T01:29:50-08:00","entry_id":72110,"field1":"-0.5","field2":"-0.9375"},{"created_at":"2020-02-08T01:39:28-08:00","entry_id":72111,"field1":"-0.5","field2":"-1"},{"created_at":"2020-02-08T01:49:05-08:00","entry_id":72112,"field1":"-0.5","field2":"-1"},{"created_at":"2020-02-08T01:58:41-08:00","entry_id":72113,"field1":"-0.5","field2":"-0.9375"},{"created_at":"2020-02-08T02:08:19-08:00","entry_id":72114,"field1":"-0.5","field2":"-0.9375"},{"created_at":"2020-02-08T02:17:55-08:00","entry_id":72115,"field1":"-0.5","field2":"-0.9375"},{"created_at":"2020-02-08T02:27:32-08:00","entry_id":72116,"field1":"-0.5","field2":"-0.9375"},{"created_at":"2020-02-08T02:37:08-08:00","entry_id":72117,"field1":"-0.5","field2":"-0.875"},{"created_at":"2020-02-08T02:46:44-08:00","entry_id":72118,"field1":"-0.5","field2":"-0.875"},{"created_at":"2020-02-08T02:56:21-08:00","entry_id":72119,"field1":"-0.5","field2":"-0.875"},{"created_at":"2020-02-08T03:05:58-08:00","entry_id":72120,"field1":"-0.5","field2":"-0.9375"},{"created_at":"2020-02-08T03:15:35-08:00","entry_id":72121,"field1":"-0.5","field2":"-0.875"},{"created_at":"2020-02-08T03:25:12-08:00","entry_id":72122,"field1":"-0.5","field2":"-0.9375"},{"created_at":"2020-02-08T03:34:48-08:00","entry_id":72123,"field1":"-0.5","field2":"-0.9375"},{"created_at":"2020-02-08T03:44:25-08:00","entry_id":72124,"field1":"-0.5","field2":"-0.875"},{"created_at":"2020-02-08T03:54:01-08:00","entry_id":72125,"field1":"-0.5","field2":"-0.875"},{"created_at":"2020-02-08T04:03:39-08:00","entry_id":72126,"field1":"-0.5","field2":"-0.875"},{"created_at":"2020-02-08T04:13:15-08:00","entry_id":72127,"field1":"-0.5","field2":"-0.8125"},{"created_at":"2020-02-08T04:22:52-08:00","entry_id":72128,"field1":"-0.5","field2":"-0.8125"},{"created_at":"2020-02-08T04:32:29-08:00","entry_id":72129,"field1":"-0.5","field2":"-0.8125"},{"created_at":"2020-02-08T04:42:06-08:00","entry_id":72130,"field1":"-0.5","field2":"-0.8125"},{"created_at":"2020-02-08T04:51:42-08:00","entry_id":72131,"field1":"-0.5","field2":"-0.75"},{"created_at":"2020-02-08T05:01:20-08:00","entry_id":72132,"field1":"-0.5","field2":"-0.75"},{"created_at":"2020-02-08T05:10:57-08:00","entry_id":72133,"field1":"-0.5","field2":"-0.75"},{"created_at":"2020-02-08T05:20:33-08:00","entry_id":72134,"field1":"-0.4375","field2":"-0.75"},{"created_at":"2020-02-08T05:30:11-08:00","entry_id":72135,"field1":"-0.5","field2":"-0.75"},{"created_at":"2020-02-08T05:39:48-08:00","entry_id":72136,"field1":"-0.5","field2":"-0.8125"},{"created_at":"2020-02-08T05:49:25-08:00","entry_id":72137,"field1":"-0.4375","field2":"-0.75"},{"created_at":"2020-02-08T05:59:01-08:00","entry_id":72138,"field1":"-0.5","field2":"-0.8125"},{"created_at":"2020-02-08T06:08:40-08:00","entry_id":72139,"field1":"-0.5","field2":"-0.8125"},{"created_at":"2020-02-08T06:18:16-08:00","entry_id":72140,"field1":"-0.5","field2":"-0.75"},{"created_at":"2020-02-08T06:27:53-08:00","entry_id":72141,"field1":"-0.5","field2":"-0.75"},{"created_at":"2020-02-08T06:37:30-08:00","entry_id":72142,"field1":"-0.4375","field2":"-0.8125"},{"created_at":"2020-02-08T06:47:07-08:00","entry_id":72143,"field1":"-0.4375","field2":"-0.75"},{"created_at":"2020-02-08T06:56:43-08:00","entry_id":72144,"field1":"-0.4375","field2":"-0.75"},{"created_at":"2020-02-08T07:06:22-08:00","entry_id":72145,"field1":"-0.4375","field2":"-0.75"},{"created_at":"2020-02-08T07:15:58-08:00","entry_id":72146,"field1":"-0.4375","field2":"-0.75"},{"created_at":"2020-02-08T07:25:34-08:00","entry_id":72147,"field1":"-0.4375","field2":"-0.75"},{"created_at":"2020-02-08T07:35:11-08:00","entry_id":72148,"field1":"-0.4375","field2":"-0.75"},{"created_at":"2020-02-08T07:44:49-08:00","entry_id":72149,"field1":"-0.4375","field2":"-0.75"},{"created_at":"2020-02-08T07:54:26-08:00","entry_id":72150,"field1":"-0.4375","field2":"-0.6875"},{"created_at":"2020-02-08T08:04:03-08:00","entry_id":72151,"field1":"-0.4375","field2":"-0.625"},{"created_at":"2020-02-08T08:13:39-08:00","entry_id":72152,"field1":"-0.4375","field2":"-0.5625"},{"created_at":"2020-02-08T08:23:17-08:00","entry_id":72153,"field1":"-0.4375","field2":"-0.4375"},{"created_at":"2020-02-08T08:32:53-08:00","entry_id":72154,"field1":"-0.375","field2":"-0.3125"},{"created_at":"2020-02-08T08:42:30-08:00","entry_id":72155,"field1":"-0.375","field2":"-0.1875"},{"created_at":"2020-02-08T08:52:07-08:00","entry_id":72156,"field1":"-0.375","field2":"-0.25"},{"created_at":"2020-02-08T09:01:43-08:00","entry_id":72157,"field1":"-0.375","field2":"-0.0625"},{"created_at":"2020-02-08T09:11:21-08:00","entry_id":72158,"field1":"-0.375","field2":"-0.0625"},{"created_at":"2020-02-08T09:20:57-08:00","entry_id":72159,"field1":"-0.375","field2":"-0.0625"},{"created_at":"2020-02-08T09:30:33-08:00","entry_id":72160,"field1":"-0.3125","field2":"-0.0625"},{"created_at":"2020-02-08T09:40:10-08:00","entry_id":72161,"field1":"-0.3125","field2":"0.125"},{"created_at":"2020-02-08T09:49:46-08:00","entry_id":72162,"field1":"-0.3125","field2":"0.125"},{"created_at":"2020-02-08T09:59:23-08:00","entry_id":72163,"field1":"-0.3125","field2":"0.3125"},{"created_at":"2020-02-08T10:09:01-08:00","entry_id":72164,"field1":"-0.25","field2":"0.3125"},{"created_at":"2020-02-08T10:18:37-08:00","entry_id":72165,"field1":"-0.25","field2":"0.375"},{"created_at":"2020-02-08T10:28:14-08:00","entry_id":72166,"field1":"-0.25","field2":"0.3125"},{"created_at":"2020-02-08T10:37:52-08:00","entry_id":72167,"field1":"-0.25","field2":"0.4375"},{"created_at":"2020-02-08T10:47:28-08:00","entry_id":72168,"field1":"-0.1875","field2":"0.5625"},{"created_at":"2020-02-08T10:57:06-08:00","entry_id":72169,"field1":"-0.1875","field2":"0.375"},{"created_at":"2020-02-08T11:06:42-08:00","entry_id":72170,"field1":"-0.1875","field2":"0.5625"},{"created_at":"2020-02-08T11:16:19-08:00","entry_id":72171,"field1":"-0.125","field2":"0.75"},{"created_at":"2020-02-08T11:25:56-08:00","entry_id":72172,"field1":"-0.125","field2":"0.625"},{"created_at":"2020-02-08T11:35:33-08:00","entry_id":72173,"field1":"-0.0625","field2":"0.5625"},{"created_at":"2020-02-08T11:45:09-08:00","entry_id":72174,"field1":"-0.0625","field2":"0.8125"},{"created_at":"2020-02-08T11:54:48-08:00","entry_id":72175,"field1":"-0.0625","field2":"0.5625"},{"created_at":"2020-02-08T12:04:24-08:00","entry_id":72176,"field1":"0","field2":"0.5625"},{"created_at":"2020-02-08T12:14:01-08:00","entry_id":72177,"field1":"0","field2":"0.875"},{"created_at":"2020-02-08T12:23:37-08:00","entry_id":72178,"field1":"0.0625","field2":"0.6875"},{"created_at":"2020-02-08T12:33:14-08:00","entry_id":72179,"field1":"0","field2":"0.75"},{"created_at":"2020-02-08T12:42:51-08:00","entry_id":72180,"field1":"0.0625","field2":"0.625"},{"created_at":"2020-02-08T12:52:29-08:00","entry_id":72181,"field1":"0.0625","field2":"0.625"},{"created_at":"2020-02-08T13:02:05-08:00","entry_id":72182,"field1":"0.0625","field2":"0.5625"},{"created_at":"2020-02-08T13:11:42-08:00","entry_id":72183,"field1":"0.0625","field2":"0.6875"},{"created_at":"2020-02-08T13:21:19-08:00","entry_id":72184,"field1":"0.0625","field2":"0.8125"},{"created_at":"2020-02-08T13:30:55-08:00","entry_id":72185,"field1":"0.125","field2":"0.625"},{"created_at":"2020-02-08T13:40:32-08:00","entry_id":72186,"field1":"0.125","field2":"0.75"},{"created_at":"2020-02-08T13:50:08-08:00","entry_id":72187,"field1":"0.125","field2":"0.875"},{"created_at":"2020-02-08T13:59:45-08:00","entry_id":72188,"field1":"0.125","field2":"0.8125"},{"created_at":"2020-02-08T14:09:22-08:00","entry_id":72189,"field1":"0.125","field2":"0.8125"},{"created_at":"2020-02-08T14:18:58-08:00","entry_id":72190,"field1":"0.1875","field2":"0.6875"},{"created_at":"2020-02-08T14:28:36-08:00","entry_id":72191,"field1":"0.1875","field2":"0.6875"},{"created_at":"2020-02-08T14:38:12-08:00","entry_id":72192,"field1":"0.1875","field2":"0.6875"},{"created_at":"2020-02-08T14:47:47-08:00","entry_id":72193,"field1":"0.1875","field2":"0.6875"},{"created_at":"2020-02-08T14:57:24-08:00","entry_id":72194,"field1":"0.1875","field2":"0.5625"},{"created_at":"2020-02-08T15:07:00-08:00","entry_id":72195,"field1":"0.1875","field2":"0.5625"},{"created_at":"2020-02-08T15:16:37-08:00","entry_id":72196,"field1":"0.1875","field2":"0.5625"},{"created_at":"2020-02-08T15:26:14-08:00","entry_id":72197,"field1":"0.1875","field2":"0.5"},{"created_at":"2020-02-08T15:35:52-08:00","entry_id":72198,"field1":"0.25","field2":"0.5"},{"created_at":"2020-02-08T15:45:28-08:00","entry_id":72199,"field1":"0.25","field2":"0.5"},{"created_at":"2020-02-08T15:55:06-08:00","entry_id":72200,"field1":"0.25","field2":"0.4375"},{"created_at":"2020-02-08T16:04:42-08:00","entry_id":72201,"field1":"0.25","field2":"0.4375"},{"created_at":"2020-02-08T16:14:20-08:00","entry_id":72202,"field1":"0.25","field2":"0.4375"},{"created_at":"2020-02-08T16:23:56-08:00","entry_id":72203,"field1":"0.25","field2":"0.375"},{"created_at":"2020-02-08T16:33:33-08:00","entry_id":72204,"field1":"0.25","field2":"0.3125"},{"created_at":"2020-02-08T16:43:10-08:00","entry_id":72205,"field1":"0.25","field2":"0.25"},{"created_at":"2020-02-08T16:52:48-08:00","entry_id":72206,"field1":"0.25","field2":"0.125"},{"created_at":"2020-02-08T17:02:24-08:00","entry_id":72207,"field1":"0.25","field2":"0.0625"},{"created_at":"2020-02-08T17:12:01-08:00","entry_id":72208,"field1":"0.25","field2":"0.0625"},{"created_at":"2020-02-08T17:21:38-08:00","entry_id":72209,"field1":"0.25","field2":"0"},{"created_at":"2020-02-08T17:31:15-08:00","entry_id":72210,"field1":"0.25","field2":"-0.0625"},{"created_at":"2020-02-08T17:40:52-08:00","entry_id":72211,"field1":"0.25","field2":"0"},{"created_at":"2020-02-08T17:50:30-08:00","entry_id":72212,"field1":"0.25","field2":"0"},{"created_at":"2020-02-08T18:00:06-08:00","entry_id":72213,"field1":"0.25","field2":"0"},{"created_at":"2020-02-08T18:09:43-08:00","entry_id":72214,"field1":"0.25","field2":"-0.0625"},{"created_at":"2020-02-08T18:19:19-08:00","entry_id":72215,"field1":"0.25","field2":"-0.0625"},{"created_at":"2020-02-08T18:28:56-08:00","entry_id":72216,"field1":"0.25","field2":"-0.0625"},{"created_at":"2020-02-08T18:38:33-08:00","entry_id":72217,"field1":"0.25","field2":"-0.0625"},{"created_at":"2020-02-08T18:48:10-08:00","entry_id":72218,"field1":"0.25","field2":"-0.0625"},{"created_at":"2020-02-08T18:57:47-08:00","entry_id":72219,"field1":"0.25","field2":"-0.0625"},{"created_at":"2020-02-08T19:07:24-08:00","entry_id":72220,"field1":"0.25","field2":"-0.125"},{"created_at":"2020-02-08T19:17:00-08:00","entry_id":72221,"field1":"0.25","field2":"-0.125"},{"created_at":"2020-02-08T19:26:37-08:00","entry_id":72222,"field1":"0.25","field2":"-0.125"},{"created_at":"2020-02-08T19:36:14-08:00","entry_id":72223,"field1":"0.25","field2":"-0.1875"},{"created_at":"2020-02-08T19:45:51-08:00","entry_id":72224,"field1":"0.25","field2":"-0.1875"},{"created_at":"2020-02-08T19:55:28-08:00","entry_id":72225,"field1":"0.25","field2":"-0.1875"},{"created_at":"2020-02-08T20:05:05-08:00","entry_id":72226,"field1":"0.25","field2":"-0.1875"},{"created_at":"2020-02-08T20:14:41-08:00","entry_id":72227,"field1":"0.25","field2":"-0.1875"},{"created_at":"2020-02-08T20:24:18-08:00","entry_id":72228,"field1":"0.25","field2":"-0.25"},{"created_at":"2020-02-08T20:33:54-08:00","entry_id":72229,"field1":"0.25","field2":"-0.1875"},{"created_at":"2020-02-08T20:43:32-08:00","entry_id":72230,"field1":"0.25","field2":"-0.25"},{"created_at":"2020-02-08T20:53:08-08:00","entry_id":72231,"field1":"0.25","field2":"-0.25"},{"created_at":"2020-02-08T21:02:45-08:00","entry_id":72232,"field1":"0.25","field2":"-0.25"},{"created_at":"2020-02-08T21:12:22-08:00","entry_id":72233,"field1":"0.25","field2":"-0.25"},{"created_at":"2020-02-08T21:21:59-08:00","entry_id":72234,"field1":"0.25","field2":"-0.25"},{"created_at":"2020-02-08T21:31:37-08:00","entry_id":72235,"field1":"0.25","field2":"-0.25"},{"created_at":"2020-02-08T21:41:13-08:00","entry_id":72236,"field1":"0.25","field2":"-0.25"},{"created_at":"2020-02-08T21:50:50-08:00","entry_id":72237,"field1":"0.25","field2":"-0.25"},{"created_at":"2020-02-08T22:00:27-08:00","entry_id":72238,"field1":"0.25","field2":"-0.3125"},{"created_at":"2020-02-08T22:10:04-08:00","entry_id":72239,"field1":"0.25","field2":"-0.3125"},{"created_at":"2020-02-08T22:19:40-08:00","entry_id":72240,"field1":"0.25","field2":"-0.3125"},{"created_at":"2020-02-08T22:29:17-08:00","entry_id":72241,"field1":"0.1875","field2":"-0.3125"},{"created_at":"2020-02-08T22:38:53-08:00","entry_id":72242,"field1":"0.25","field2":"-0.3125"},{"created_at":"2020-02-08T22:48:30-08:00","entry_id":72243,"field1":"0.1875","field2":"-0.3125"},{"created_at":"2020-02-08T22:58:06-08:00","entry_id":72244,"field1":"0.25","field2":"-0.3125"},{"created_at":"2020-02-08T23:07:43-08:00","entry_id":72245,"field1":"0.1875","field2":"-0.375"},{"created_at":"2020-02-08T23:17:20-08:00","entry_id":72246,"field1":"0.1875","field2":"-0.4375"},{"created_at":"2020-02-08T23:26:57-08:00","entry_id":72247,"field1":"0.1875","field2":"-0.4375"},{"created_at":"2020-02-08T23:36:34-08:00","entry_id":72248,"field1":"0.1875","field2":"-0.4375"},{"created_at":"2020-02-08T23:46:10-08:00","entry_id":72249,"field1":"0.25","field2":"-0.375"},{"created_at":"2020-02-08T23:55:47-08:00","entry_id":72250,"field1":"0.1875","field2":"-0.4375"}]}