{"channel":{"id":581842,"name":"Upstairs Small Window Indoor / Outdoor Sensor","latitude":"0.0","longitude":"0.0","field1":"Indoor Temperature","field2":"Outdoor Temperature","created_at":"2018-09-23T15:37:52-07:00","updated_at":"2020-07-27T05:59:41-07:00","last_entry_id":150129},"feeds":[{"created_at":"2020-01-24T00:08:13-08:00","entry_id":69856,"field1":"0.75","field2":"0.25"},{"created_at":"2020-01-24T00:17:50-08:00","entry_id":69857,"field1":"0.75","field2":"0.3125"},{"created_at":"2020-01-24T00:27:26-08:00","entry_id":69858,"field1":"0.75","field2":"0.3125"},{"created_at":"2020-01-24T00:37:02-08:00","entry_id":69859,"field1":"0.75","field2":"0.3125"},{"created_at":"2020-01-24T00:46:39-08:00","entry_id":69860,"field1":"0.75","field2":"0.5625"},{"created_at":"2020-01-24T00:56:16-08:00","entry_id":69861,"field1":"0.75","field2":"0.5625"},{"created_at":"2020-01-24T01:05:53-08:00","entry_id":69862,"field1":"0.75","field2":"0.375"},{"created_at":"2020-01-24T01:15:30-08:00","entry_id":69863,"field1":"0.75","field2":"0.3125"},{"created_at":"2020-01-24T01:25:07-08:00","entry_id":69864,"field1":"0.75","field2":"0.3125"},{"created_at":"2020-01-24T01:34:43-08:00","entry_id":69865,"field1":"0.75","field2":"0.25"},{"created_at":"2020-01-24T01:44:20-08:00","entry_id":69866,"field1":"0.75","field2":"0.3125"},{"created_at":"2020-01-24T01:53:56-08:00","entry_id":69867,"field1":"0.75","field2":"0.25"},{"created_at":"2020-01-24T02:03:34-08:00","entry_id":69868,"field1":"0.75","field2":"0.25"},{"created_at":"2020-01-24T02:13:11-08:00","entry_id":69869,"field1":"0.75","field2":"0.25"},{"created_at":"2020-01-24T02:22:48-08:00","entry_id":69870,"field1":"0.75","field2":"0.25"},{"created_at":"2020-01-24T02:32:24-08:00","entry_id":69871,"field1":"0.75","field2":"0.25"},{"created_at":"2020-01-24T02:42:01-08:00","entry_id":69872,"field1":"0.75","field2":"0.1875"},{"created_at":"2020-01-24T02:51:38-08:00","entry_id":69873,"field1":"0.75","field2":"0.25"},{"created_at":"2020-01-24T03:01:14-08:00","entry_id":69874,"field1":"0.75","field2":"0.1875"},{"created_at":"2020-01-24T03:10:51-08:00","entry_id":69875,"field1":"0.75","field2":"0.25"},{"created_at":"2020-01-24T03:20:28-08:00","entry_id":69876,"field1":"0.75","field2":"0.3125"},{"created_at":"2020-01-24T03:30:05-08:00","entry_id":69877,"field1":"0.75","field2":"0.25"},{"created_at":"2020-01-24T03:39:42-08:00","entry_id":69878,"field1":"0.75","field2":"0.25"},{"created_at":"2020-01-24T03:49:19-08:00","entry_id":69879,"field1":"0.75","field2":"0.25"},{"created_at":"2020-01-24T03:58:55-08:00","entry_id":69880,"field1":"0.75","field2":"0.25"},{"created_at":"2020-01-24T04:08:32-08:00","entry_id":69881,"field1":"0.75","field2":"0.25"},{"created_at":"2020-01-24T04:18:09-08:00","entry_id":69882,"field1":"0.75","field2":"0.25"},{"created_at":"2020-01-24T04:27:45-08:00","entry_id":69883,"field1":"0.75","field2":"0.25"},{"created_at":"2020-01-24T04:37:22-08:00","entry_id":69884,"field1":"0.75","field2":"0.25"},{"created_at":"2020-01-24T04:46:59-08:00","entry_id":69885,"field1":"0.75","field2":"0.25"},{"created_at":"2020-01-24T04:56:32-08:00","entry_id":69886,"field1":"0.75","field2":"0.25"},{"created_at":"2020-01-24T05:06:09-08:00","entry_id":69887,"field1":"0.75","field2":"0.1875"},{"created_at":"2020-01-24T05:15:46-08:00","entry_id":69888,"field1":"0.75","field2":"0.3125"},{"created_at":"2020-01-24T05:25:22-08:00","entry_id":69889,"field1":"0.75","field2":"0.25"},{"created_at":"2020-01-24T05:34:59-08:00","entry_id":69890,"field1":"0.75","field2":"0.1875"},{"created_at":"2020-01-24T05:44:36-08:00","entry_id":69891,"field1":"0.75","field2":"0.1875"},{"created_at":"2020-01-24T05:54:14-08:00","entry_id":69892,"field1":"0.75","field2":"0.1875"},{"created_at":"2020-01-24T06:03:50-08:00","entry_id":69893,"field1":"0.75","field2":"0.1875"},{"created_at":"2020-01-24T06:13:27-08:00","entry_id":69894,"field1":"0.75","field2":"0.1875"},{"created_at":"2020-01-24T06:23:04-08:00","entry_id":69895,"field1":"0.75","field2":"0.1875"},{"created_at":"2020-01-24T06:32:41-08:00","entry_id":69896,"field1":"0.75","field2":"0.1875"},{"created_at":"2020-01-24T06:42:18-08:00","entry_id":69897,"field1":"0.75","field2":"0.25"},{"created_at":"2020-01-24T06:51:55-08:00","entry_id":69898,"field1":"0.75","field2":"0.1875"},{"created_at":"2020-01-24T07:01:32-08:00","entry_id":69899,"field1":"0.75","field2":"0.1875"},{"created_at":"2020-01-24T07:11:09-08:00","entry_id":69900,"field1":"0.75","field2":"0.25"},{"created_at":"2020-01-24T07:20:45-08:00","entry_id":69901,"field1":"0.75","field2":"0.375"},{"created_at":"2020-01-24T07:30:23-08:00","entry_id":69902,"field1":"0.75","field2":"0.1875"},{"created_at":"2020-01-24T07:40:00-08:00","entry_id":69903,"field1":"0.75","field2":"0.1875"},{"created_at":"2020-01-24T07:49:37-08:00","entry_id":69904,"field1":"0.75","field2":"0.1875"},{"created_at":"2020-01-24T07:59:14-08:00","entry_id":69905,"field1":"0.75","field2":"0.1875"},{"created_at":"2020-01-24T08:08:51-08:00","entry_id":69906,"field1":"0.75","field2":"0.1875"},{"created_at":"2020-01-24T08:18:28-08:00","entry_id":69907,"field1":"0.75","field2":"0.25"},{"created_at":"2020-01-24T08:28:05-08:00","entry_id":69908,"field1":"0.75","field2":"0.25"},{"created_at":"2020-01-24T08:37:42-08:00","entry_id":69909,"field1":"0.75","field2":"0.25"},{"created_at":"2020-01-24T08:47:19-08:00","entry_id":69910,"field1":"0.75","field2":"0.3125"},{"created_at":"2020-01-24T08:56:55-08:00","entry_id":69911,"field1":"0.75","field2":"0.3125"},{"created_at":"2020-01-24T09:06:32-08:00","entry_id":69912,"field1":"0.75","field2":"0.4375"},{"created_at":"2020-01-24T09:16:09-08:00","entry_id":69913,"field1":"0.75","field2":"0.5625"},{"created_at":"2020-01-24T09:25:47-08:00","entry_id":69914,"field1":"0.75","field2":"0.625"},{"created_at":"2020-01-24T09:35:23-08:00","entry_id":69915,"field1":"0.75","field2":"0.375"},{"created_at":"2020-01-24T09:45:00-08:00","entry_id":69916,"field1":"0.75","field2":"0.375"},{"created_at":"2020-01-24T09:54:37-08:00","entry_id":69917,"field1":"0.75","field2":"0.5625"},{"created_at":"2020-01-24T10:04:13-08:00","entry_id":69918,"field1":"0.8125","field2":"0.75"},{"created_at":"2020-01-24T10:13:50-08:00","entry_id":69919,"field1":"0.8125","field2":"0.6875"},{"created_at":"2020-01-24T10:23:27-08:00","entry_id":69920,"field1":"0.8125","field2":"0.9375"},{"created_at":"2020-01-24T10:33:03-08:00","entry_id":69921,"field1":"0.8125","field2":"1.0625"},{"created_at":"2020-01-24T10:42:40-08:00","entry_id":69922,"field1":"0.8125","field2":"1.4375"},{"created_at":"2020-01-24T10:52:18-08:00","entry_id":69923,"field1":"0.875","field2":"1.25"},{"created_at":"2020-01-24T11:01:55-08:00","entry_id":69924,"field1":"0.875","field2":"1.125"},{"created_at":"2020-01-24T11:11:32-08:00","entry_id":69925,"field1":"0.875","field2":"1.1875"},{"created_at":"2020-01-24T11:21:09-08:00","entry_id":69926,"field1":"0.875","field2":"1.125"},{"created_at":"2020-01-24T11:30:46-08:00","entry_id":69927,"field1":"0.875","field2":"1.25"},{"created_at":"2020-01-24T11:40:23-08:00","entry_id":69928,"field1":"0.875","field2":"1.5"},{"created_at":"2020-01-24T11:50:01-08:00","entry_id":69929,"field1":"0.875","field2":"1.4375"},{"created_at":"2020-01-24T11:59:37-08:00","entry_id":69930,"field1":"0.9375","field2":"1.25"},{"created_at":"2020-01-24T12:09:14-08:00","entry_id":69931,"field1":"0.875","field2":"1.1875"},{"created_at":"2020-01-24T12:18:51-08:00","entry_id":69932,"field1":"0.9375","field2":"1"},{"created_at":"2020-01-24T12:28:28-08:00","entry_id":69933,"field1":"0.9375","field2":"1"},{"created_at":"2020-01-24T12:38:05-08:00","entry_id":69934,"field1":"0.9375","field2":"1.0625"},{"created_at":"2020-01-24T12:47:43-08:00","entry_id":69935,"field1":"0.9375","field2":"1.5"},{"created_at":"2020-01-24T12:57:19-08:00","entry_id":69936,"field1":"1","field2":"2"},{"created_at":"2020-01-24T13:06:56-08:00","entry_id":69937,"field1":"1","field2":"1.9375"},{"created_at":"2020-01-24T13:16:33-08:00","entry_id":69938,"field1":"1","field2":"2"},{"created_at":"2020-01-24T13:26:10-08:00","entry_id":69939,"field1":"1.0625","field2":"2.0625"},{"created_at":"2020-01-24T13:35:51-08:00","entry_id":69940,"field1":"1.0625","field2":"1.8125"},{"created_at":"2020-01-24T13:45:26-08:00","entry_id":69941,"field1":"1.0625","field2":"1.4375"},{"created_at":"2020-01-24T13:55:03-08:00","entry_id":69942,"field1":"1.0625","field2":"1.6875"},{"created_at":"2020-01-24T14:04:40-08:00","entry_id":69943,"field1":"1.0625","field2":"1.6875"},{"created_at":"2020-01-24T14:14:17-08:00","entry_id":69944,"field1":"1.0625","field2":"1.625"},{"created_at":"2020-01-24T14:23:53-08:00","entry_id":69945,"field1":"1.125","field2":"1.375"},{"created_at":"2020-01-24T14:33:30-08:00","entry_id":69946,"field1":"1.125","field2":"1.5"},{"created_at":"2020-01-24T14:43:08-08:00","entry_id":69947,"field1":"1.125","field2":"1.5625"},{"created_at":"2020-01-24T14:52:45-08:00","entry_id":69948,"field1":"1.125","field2":"1.5625"},{"created_at":"2020-01-24T15:02:22-08:00","entry_id":69949,"field1":"1.125","field2":"1.3125"},{"created_at":"2020-01-24T15:12:00-08:00","entry_id":69950,"field1":"1.125","field2":"1.3125"},{"created_at":"2020-01-24T15:21:36-08:00","entry_id":69951,"field1":"1.125","field2":"1.25"},{"created_at":"2020-01-24T15:31:13-08:00","entry_id":69952,"field1":"1.125","field2":"1.1875"},{"created_at":"2020-01-24T15:40:50-08:00","entry_id":69953,"field1":"1.125","field2":"1.0625"},{"created_at":"2020-01-24T15:50:27-08:00","entry_id":69954,"field1":"1.125","field2":"1"},{"created_at":"2020-01-24T16:00:03-08:00","entry_id":69955,"field1":"1.125","field2":"0.875"},{"created_at":"2020-01-24T16:09:40-08:00","entry_id":69956,"field1":"1.125","field2":"0.9375"},{"created_at":"2020-01-24T16:19:17-08:00","entry_id":69957,"field1":"1.125","field2":"0.875"},{"created_at":"2020-01-24T16:28:53-08:00","entry_id":69958,"field1":"1.125","field2":"0.75"},{"created_at":"2020-01-24T16:38:30-08:00","entry_id":69959,"field1":"1.125","field2":"0.6875"},{"created_at":"2020-01-24T16:48:08-08:00","entry_id":69960,"field1":"1.125","field2":"0.625"},{"created_at":"2020-01-24T16:57:44-08:00","entry_id":69961,"field1":"1.125","field2":"0.625"},{"created_at":"2020-01-24T17:07:21-08:00","entry_id":69962,"field1":"1.125","field2":"0.625"},{"created_at":"2020-01-24T17:16:58-08:00","entry_id":69963,"field1":"1.125","field2":"0.625"},{"created_at":"2020-01-24T17:26:35-08:00","entry_id":69964,"field1":"1.125","field2":"0.625"},{"created_at":"2020-01-24T17:36:12-08:00","entry_id":69965,"field1":"1.125","field2":"0.5625"},{"created_at":"2020-01-24T17:45:50-08:00","entry_id":69966,"field1":"1.125","field2":"0.6875"},{"created_at":"2020-01-24T17:55:26-08:00","entry_id":69967,"field1":"1.125","field2":"0.5625"},{"created_at":"2020-01-24T18:05:03-08:00","entry_id":69968,"field1":"1.125","field2":"0.5625"},{"created_at":"2020-01-24T18:14:39-08:00","entry_id":69969,"field1":"1.0625","field2":"0.625"},{"created_at":"2020-01-24T18:24:16-08:00","entry_id":69970,"field1":"1.125","field2":"0.5625"},{"created_at":"2020-01-24T18:33:53-08:00","entry_id":69971,"field1":"1.125","field2":"0.625"},{"created_at":"2020-01-24T18:43:30-08:00","entry_id":69972,"field1":"1.125","field2":"0.625"},{"created_at":"2020-01-24T18:53:06-08:00","entry_id":69973,"field1":"1.125","field2":"0.625"},{"created_at":"2020-01-24T19:02:43-08:00","entry_id":69974,"field1":"1.125","field2":"0.625"},{"created_at":"2020-01-24T19:12:20-08:00","entry_id":69975,"field1":"1.125","field2":"0.6875"},{"created_at":"2020-01-24T19:21:57-08:00","entry_id":69976,"field1":"1.125","field2":"0.625"},{"created_at":"2020-01-24T19:31:34-08:00","entry_id":69977,"field1":"1.125","field2":"0.625"},{"created_at":"2020-01-24T19:41:11-08:00","entry_id":69978,"field1":"1.125","field2":"0.625"},{"created_at":"2020-01-24T19:50:48-08:00","entry_id":69979,"field1":"1.125","field2":"0.6875"},{"created_at":"2020-01-24T20:00:25-08:00","entry_id":69980,"field1":"1.125","field2":"0.6875"},{"created_at":"2020-01-24T20:10:01-08:00","entry_id":69981,"field1":"1.125","field2":"0.6875"},{"created_at":"2020-01-24T20:19:38-08:00","entry_id":69982,"field1":"1.125","field2":"0.625"},{"created_at":"2020-01-24T20:29:15-08:00","entry_id":69983,"field1":"1.125","field2":"0.6875"},{"created_at":"2020-01-24T20:38:53-08:00","entry_id":69984,"field1":"1.125","field2":"0.6875"},{"created_at":"2020-01-24T20:48:29-08:00","entry_id":69985,"field1":"1.125","field2":"0.75"},{"created_at":"2020-01-24T20:58:06-08:00","entry_id":69986,"field1":"1.125","field2":"0.6875"},{"created_at":"2020-01-24T21:07:42-08:00","entry_id":69987,"field1":"1.0625","field2":"0.6875"},{"created_at":"2020-01-24T21:17:19-08:00","entry_id":69988,"field1":"1.125","field2":"0.6875"},{"created_at":"2020-01-24T21:26:56-08:00","entry_id":69989,"field1":"1.125","field2":"0.625"},{"created_at":"2020-01-24T21:36:33-08:00","entry_id":69990,"field1":"1.125","field2":"0.625"},{"created_at":"2020-01-24T21:46:09-08:00","entry_id":69991,"field1":"1.125","field2":"0.625"},{"created_at":"2020-01-24T21:55:46-08:00","entry_id":69992,"field1":"1.125","field2":"0.625"},{"created_at":"2020-01-24T22:05:23-08:00","entry_id":69993,"field1":"1.125","field2":"0.625"},{"created_at":"2020-01-24T22:14:59-08:00","entry_id":69994,"field1":"1.0625","field2":"0.5625"},{"created_at":"2020-01-24T22:24:37-08:00","entry_id":69995,"field1":"1.125","field2":"0.5625"},{"created_at":"2020-01-24T22:34:13-08:00","entry_id":69996,"field1":"1.0625","field2":"0.5625"},{"created_at":"2020-01-24T22:43:50-08:00","entry_id":69997,"field1":"1.125","field2":"0.5625"},{"created_at":"2020-01-24T22:53:26-08:00","entry_id":69998,"field1":"1.0625","field2":"0.5625"},{"created_at":"2020-01-24T23:03:03-08:00","entry_id":69999,"field1":"1.0625","field2":"0.5625"},{"created_at":"2020-01-24T23:12:40-08:00","entry_id":70000,"field1":"1.0625","field2":"0.5625"},{"created_at":"2020-01-24T23:22:17-08:00","entry_id":70001,"field1":"1.0625","field2":"0.5625"},{"created_at":"2020-01-24T23:31:54-08:00","entry_id":70002,"field1":"1.0625","field2":"0.5"},{"created_at":"2020-01-24T23:41:31-08:00","entry_id":70003,"field1":"1.125","field2":"0.5"},{"created_at":"2020-01-24T23:51:11-08:00","entry_id":70004,"field1":"1.0625","field2":"0.5"}]}