{"channel":{"id":581842,"name":"Upstairs Small Window Indoor / Outdoor Sensor","latitude":"0.0","longitude":"0.0","field1":"Indoor Temperature","field2":"Outdoor Temperature","created_at":"2018-09-23T15:37:52-07:00","updated_at":"2020-07-27T05:59:41-07:00","last_entry_id":393564},"feeds":[{"created_at":"2026-02-08T00:03:40-08:00","entry_id":393280,"field1":"2.5","field2":"0.875"},{"created_at":"2026-02-08T00:13:16-08:00","entry_id":393281,"field1":"2.5","field2":"0.9375"},{"created_at":"2026-02-08T00:22:53-08:00","entry_id":393282,"field1":"2.5","field2":"1"},{"created_at":"2026-02-08T00:32:30-08:00","entry_id":393283,"field1":"2.5","field2":"0.9375"},{"created_at":"2026-02-08T00:42:07-08:00","entry_id":393284,"field1":"2.5","field2":"0.9375"},{"created_at":"2026-02-08T00:51:44-08:00","entry_id":393285,"field1":"2.4375","field2":"0.9375"},{"created_at":"2026-02-08T01:01:20-08:00","entry_id":393286,"field1":"2.4375","field2":"0.9375"},{"created_at":"2026-02-08T01:10:57-08:00","entry_id":393287,"field1":"2.4375","field2":"0.8125"},{"created_at":"2026-02-08T01:20:34-08:00","entry_id":393288,"field1":"2.4375","field2":"0.875"},{"created_at":"2026-02-08T01:30:11-08:00","entry_id":393289,"field1":"2.4375","field2":"0.8125"},{"created_at":"2026-02-08T01:39:49-08:00","entry_id":393290,"field1":"2.4375","field2":"0.8125"},{"created_at":"2026-02-08T01:49:24-08:00","entry_id":393291,"field1":"2.4375","field2":"0.8125"},{"created_at":"2026-02-08T01:59:00-08:00","entry_id":393292,"field1":"2.4375","field2":"0.8125"},{"created_at":"2026-02-08T02:08:38-08:00","entry_id":393293,"field1":"2.375","field2":"0.8125"},{"created_at":"2026-02-08T02:18:14-08:00","entry_id":393294,"field1":"2.375","field2":"0.8125"},{"created_at":"2026-02-08T02:27:50-08:00","entry_id":393295,"field1":"2.375","field2":"0.6875"},{"created_at":"2026-02-08T02:37:28-08:00","entry_id":393296,"field1":"2.375","field2":"0.6875"},{"created_at":"2026-02-08T02:47:05-08:00","entry_id":393297,"field1":"2.375","field2":"0.8125"},{"created_at":"2026-02-08T02:56:42-08:00","entry_id":393298,"field1":"2.375","field2":"0.75"},{"created_at":"2026-02-08T03:06:19-08:00","entry_id":393299,"field1":"2.375","field2":"0.8125"},{"created_at":"2026-02-08T03:15:54-08:00","entry_id":393300,"field1":"2.375","field2":"0.8125"},{"created_at":"2026-02-08T03:25:30-08:00","entry_id":393301,"field1":"2.375","field2":"0.875"},{"created_at":"2026-02-08T03:35:09-08:00","entry_id":393302,"field1":"2.375","field2":"0.9375"},{"created_at":"2026-02-08T03:44:46-08:00","entry_id":393303,"field1":"2.3125","field2":"0.9375"},{"created_at":"2026-02-08T03:54:22-08:00","entry_id":393304,"field1":"2.3125","field2":"0.875"},{"created_at":"2026-02-08T04:03:58-08:00","entry_id":393305,"field1":"2.3125","field2":"0.9375"},{"created_at":"2026-02-08T04:13:34-08:00","entry_id":393306,"field1":"2.3125","field2":"0.9375"},{"created_at":"2026-02-08T04:23:10-08:00","entry_id":393307,"field1":"2.3125","field2":"0.9375"},{"created_at":"2026-02-08T04:32:48-08:00","entry_id":393308,"field1":"2.3125","field2":"0.9375"},{"created_at":"2026-02-08T04:42:25-08:00","entry_id":393309,"field1":"2.3125","field2":"1"},{"created_at":"2026-02-08T04:52:00-08:00","entry_id":393310,"field1":"2.3125","field2":"1"},{"created_at":"2026-02-08T05:01:38-08:00","entry_id":393311,"field1":"2.3125","field2":"1"},{"created_at":"2026-02-08T05:11:15-08:00","entry_id":393312,"field1":"2.3125","field2":"1"},{"created_at":"2026-02-08T05:20:50-08:00","entry_id":393313,"field1":"2.3125","field2":"1.0625"},{"created_at":"2026-02-08T05:30:28-08:00","entry_id":393314,"field1":"2.3125","field2":"1.125"},{"created_at":"2026-02-08T05:40:03-08:00","entry_id":393315,"field1":"2.25","field2":"1.125"},{"created_at":"2026-02-08T05:49:41-08:00","entry_id":393316,"field1":"2.25","field2":"1.125"},{"created_at":"2026-02-08T05:59:18-08:00","entry_id":393317,"field1":"2.25","field2":"1.125"},{"created_at":"2026-02-08T06:08:54-08:00","entry_id":393318,"field1":"2.25","field2":"1.125"},{"created_at":"2026-02-08T06:18:31-08:00","entry_id":393319,"field1":"2.25","field2":"1.1875"},{"created_at":"2026-02-08T06:28:06-08:00","entry_id":393320,"field1":"2.25","field2":"1.25"},{"created_at":"2026-02-08T06:37:42-08:00","entry_id":393321,"field1":"2.25","field2":"1.25"},{"created_at":"2026-02-08T06:47:20-08:00","entry_id":393322,"field1":"2.25","field2":"1.5"},{"created_at":"2026-02-08T06:56:56-08:00","entry_id":393323,"field1":"2.25","field2":"1.4375"},{"created_at":"2026-02-08T07:06:32-08:00","entry_id":393324,"field1":"2.25","field2":"1.4375"},{"created_at":"2026-02-08T07:16:10-08:00","entry_id":393325,"field1":"2.25","field2":"1.375"},{"created_at":"2026-02-08T07:25:46-08:00","entry_id":393326,"field1":"2.25","field2":"1.375"},{"created_at":"2026-02-08T07:35:22-08:00","entry_id":393327,"field1":"2.25","field2":"1.3125"},{"created_at":"2026-02-08T07:45:00-08:00","entry_id":393328,"field1":"2.25","field2":"1.375"},{"created_at":"2026-02-08T07:54:35-08:00","entry_id":393329,"field1":"2.25","field2":"1.4375"},{"created_at":"2026-02-08T08:04:13-08:00","entry_id":393330,"field1":"2.25","field2":"1.4375"},{"created_at":"2026-02-08T08:13:49-08:00","entry_id":393331,"field1":"2.25","field2":"1.4375"},{"created_at":"2026-02-08T08:23:26-08:00","entry_id":393332,"field1":"2.25","field2":"1.5"},{"created_at":"2026-02-08T08:33:03-08:00","entry_id":393333,"field1":"2.25","field2":"1.5"},{"created_at":"2026-02-08T08:42:40-08:00","entry_id":393334,"field1":"2.25","field2":"1.5625"},{"created_at":"2026-02-08T08:52:15-08:00","entry_id":393335,"field1":"2.25","field2":"1.625"},{"created_at":"2026-02-08T09:01:54-08:00","entry_id":393336,"field1":"2.25","field2":"1.75"},{"created_at":"2026-02-08T09:11:31-08:00","entry_id":393337,"field1":"2.25","field2":"1.8125"},{"created_at":"2026-02-08T09:21:08-08:00","entry_id":393338,"field1":"2.25","field2":"1.9375"},{"created_at":"2026-02-08T09:30:45-08:00","entry_id":393339,"field1":"2.25","field2":"2.0625"},{"created_at":"2026-02-08T09:40:23-08:00","entry_id":393340,"field1":"2.3125","field2":"2.125"},{"created_at":"2026-02-08T09:49:58-08:00","entry_id":393341,"field1":"2.3125","field2":"2.0625"},{"created_at":"2026-02-08T09:59:34-08:00","entry_id":393342,"field1":"2.375","field2":"2.3125"},{"created_at":"2026-02-08T10:09:12-08:00","entry_id":393343,"field1":"2.375","field2":"2.375"},{"created_at":"2026-02-08T10:18:47-08:00","entry_id":393344,"field1":"2.4375","field2":"2.8125"},{"created_at":"2026-02-08T10:28:24-08:00","entry_id":393345,"field1":"2.4375","field2":"2.1875"},{"created_at":"2026-02-08T10:38:00-08:00","entry_id":393346,"field1":"2.4375","field2":"2.25"},{"created_at":"2026-02-08T10:47:36-08:00","entry_id":393347,"field1":"2.5","field2":"2.375"},{"created_at":"2026-02-08T10:57:12-08:00","entry_id":393348,"field1":"2.5","field2":"2.3125"},{"created_at":"2026-02-08T11:06:50-08:00","entry_id":393349,"field1":"2.5","field2":"2.25"},{"created_at":"2026-02-08T11:16:27-08:00","entry_id":393350,"field1":"2.5625","field2":"2.375"},{"created_at":"2026-02-08T11:26:04-08:00","entry_id":393351,"field1":"2.5625","field2":"2.5"},{"created_at":"2026-02-08T11:35:39-08:00","entry_id":393352,"field1":"2.625","field2":"2.5625"},{"created_at":"2026-02-08T11:45:16-08:00","entry_id":393353,"field1":"2.625","field2":"2.4375"},{"created_at":"2026-02-08T11:54:54-08:00","entry_id":393354,"field1":"2.6875","field2":"2.875"},{"created_at":"2026-02-08T12:04:31-08:00","entry_id":393355,"field1":"2.75","field2":"2.9375"},{"created_at":"2026-02-08T12:14:08-08:00","entry_id":393356,"field1":"2.8125","field2":"2.75"},{"created_at":"2026-02-08T12:23:45-08:00","entry_id":393357,"field1":"2.8125","field2":"2.3125"},{"created_at":"2026-02-08T12:33:20-08:00","entry_id":393358,"field1":"2.8125","field2":"2.6875"},{"created_at":"2026-02-08T12:42:56-08:00","entry_id":393359,"field1":"2.875","field2":"2.75"},{"created_at":"2026-02-08T12:52:34-08:00","entry_id":393360,"field1":"2.875","field2":"2.6875"},{"created_at":"2026-02-08T13:02:10-08:00","entry_id":393361,"field1":"2.9375","field2":"2.4375"},{"created_at":"2026-02-08T13:11:46-08:00","entry_id":393362,"field1":"2.9375","field2":"2.4375"},{"created_at":"2026-02-08T13:21:23-08:00","entry_id":393363,"field1":"2.9375","field2":"2.6875"},{"created_at":"2026-02-08T13:31:00-08:00","entry_id":393364,"field1":"3","field2":"2.375"},{"created_at":"2026-02-08T13:40:36-08:00","entry_id":393365,"field1":"3","field2":"2.3125"},{"created_at":"2026-02-08T13:50:13-08:00","entry_id":393366,"field1":"3","field2":"2.25"},{"created_at":"2026-02-08T13:59:50-08:00","entry_id":393367,"field1":"3","field2":"2.9375"},{"created_at":"2026-02-08T14:09:27-08:00","entry_id":393368,"field1":"3","field2":"3.125"},{"created_at":"2026-02-08T14:19:04-08:00","entry_id":393369,"field1":"3","field2":"3.25"},{"created_at":"2026-02-08T14:28:41-08:00","entry_id":393370,"field1":"3","field2":"2.6875"},{"created_at":"2026-02-08T14:38:16-08:00","entry_id":393371,"field1":"3","field2":"2.625"},{"created_at":"2026-02-08T14:47:53-08:00","entry_id":393372,"field1":"3","field2":"2.75"},{"created_at":"2026-02-08T14:57:31-08:00","entry_id":393373,"field1":"3","field2":"2.9375"},{"created_at":"2026-02-08T15:07:07-08:00","entry_id":393374,"field1":"3","field2":"2.5625"},{"created_at":"2026-02-08T15:16:44-08:00","entry_id":393375,"field1":"3","field2":"2.75"},{"created_at":"2026-02-08T15:26:20-08:00","entry_id":393376,"field1":"3","field2":"2.8125"},{"created_at":"2026-02-08T15:35:58-08:00","entry_id":393377,"field1":"3","field2":"2.875"},{"created_at":"2026-02-08T15:45:35-08:00","entry_id":393378,"field1":"3","field2":"2.9375"},{"created_at":"2026-02-08T15:55:12-08:00","entry_id":393379,"field1":"3","field2":"2.75"},{"created_at":"2026-02-08T16:04:48-08:00","entry_id":393380,"field1":"3","field2":"2.5625"},{"created_at":"2026-02-08T16:14:26-08:00","entry_id":393381,"field1":"3","field2":"2.5"},{"created_at":"2026-02-08T16:24:02-08:00","entry_id":393382,"field1":"3","field2":"2.4375"},{"created_at":"2026-02-08T16:33:39-08:00","entry_id":393383,"field1":"3","field2":"2.4375"},{"created_at":"2026-02-08T16:43:17-08:00","entry_id":393384,"field1":"3","field2":"2.4375"},{"created_at":"2026-02-08T16:52:53-08:00","entry_id":393385,"field1":"3","field2":"2.3125"},{"created_at":"2026-02-08T17:02:30-08:00","entry_id":393386,"field1":"3","field2":"2.25"},{"created_at":"2026-02-08T17:12:07-08:00","entry_id":393387,"field1":"3","field2":"2.25"},{"created_at":"2026-02-08T17:21:44-08:00","entry_id":393388,"field1":"3","field2":"2.125"},{"created_at":"2026-02-08T17:31:19-08:00","entry_id":393389,"field1":"3","field2":"2.0625"},{"created_at":"2026-02-08T17:40:57-08:00","entry_id":393390,"field1":"3","field2":"1.9375"},{"created_at":"2026-02-08T17:50:34-08:00","entry_id":393391,"field1":"2.9375","field2":"1.875"},{"created_at":"2026-02-08T18:00:11-08:00","entry_id":393392,"field1":"2.9375","field2":"1.875"},{"created_at":"2026-02-08T18:09:47-08:00","entry_id":393393,"field1":"2.9375","field2":"1.8125"},{"created_at":"2026-02-08T18:19:23-08:00","entry_id":393394,"field1":"2.9375","field2":"1.6875"},{"created_at":"2026-02-08T18:28:59-08:00","entry_id":393395,"field1":"2.9375","field2":"1.5625"},{"created_at":"2026-02-08T18:38:36-08:00","entry_id":393396,"field1":"2.9375","field2":"1.4375"},{"created_at":"2026-02-08T18:48:14-08:00","entry_id":393397,"field1":"2.9375","field2":"1.25"},{"created_at":"2026-02-08T18:57:49-08:00","entry_id":393398,"field1":"2.9375","field2":"1.3125"},{"created_at":"2026-02-08T19:07:27-08:00","entry_id":393399,"field1":"2.875","field2":"1.375"},{"created_at":"2026-02-08T19:17:02-08:00","entry_id":393400,"field1":"2.875","field2":"1.25"},{"created_at":"2026-02-08T19:26:38-08:00","entry_id":393401,"field1":"2.875","field2":"1.25"},{"created_at":"2026-02-08T19:36:14-08:00","entry_id":393402,"field1":"2.875","field2":"1.3125"},{"created_at":"2026-02-08T19:45:52-08:00","entry_id":393403,"field1":"2.875","field2":"1.3125"},{"created_at":"2026-02-08T19:55:29-08:00","entry_id":393404,"field1":"2.8125","field2":"1.25"},{"created_at":"2026-02-08T20:05:05-08:00","entry_id":393405,"field1":"2.8125","field2":"1.0625"},{"created_at":"2026-02-08T20:14:43-08:00","entry_id":393406,"field1":"2.8125","field2":"0.9375"},{"created_at":"2026-02-08T20:24:18-08:00","entry_id":393407,"field1":"2.8125","field2":"0.9375"},{"created_at":"2026-02-08T20:33:57-08:00","entry_id":393408,"field1":"2.8125","field2":"1.0625"},{"created_at":"2026-02-08T20:43:33-08:00","entry_id":393409,"field1":"2.8125","field2":"1.0625"},{"created_at":"2026-02-08T20:53:10-08:00","entry_id":393410,"field1":"2.8125","field2":"1.1875"},{"created_at":"2026-02-08T21:02:47-08:00","entry_id":393411,"field1":"2.75","field2":"1.1875"},{"created_at":"2026-02-08T21:12:24-08:00","entry_id":393412,"field1":"2.75","field2":"1.25"},{"created_at":"2026-02-08T21:21:59-08:00","entry_id":393413,"field1":"2.75","field2":"1.25"},{"created_at":"2026-02-08T21:31:37-08:00","entry_id":393414,"field1":"2.75","field2":"1.375"},{"created_at":"2026-02-08T21:41:14-08:00","entry_id":393415,"field1":"2.75","field2":"1.375"},{"created_at":"2026-02-08T21:50:49-08:00","entry_id":393416,"field1":"2.75","field2":"1.3125"},{"created_at":"2026-02-08T22:00:28-08:00","entry_id":393417,"field1":"2.75","field2":"1.25"},{"created_at":"2026-02-08T22:10:04-08:00","entry_id":393418,"field1":"2.75","field2":"1.25"},{"created_at":"2026-02-08T22:19:39-08:00","entry_id":393419,"field1":"2.6875","field2":"1.1875"},{"created_at":"2026-02-08T22:29:16-08:00","entry_id":393420,"field1":"2.6875","field2":"1.1875"},{"created_at":"2026-02-08T22:38:53-08:00","entry_id":393421,"field1":"2.6875","field2":"1.125"},{"created_at":"2026-02-08T22:48:30-08:00","entry_id":393422,"field1":"2.6875","field2":"1.1875"},{"created_at":"2026-02-08T22:58:06-08:00","entry_id":393423,"field1":"2.6875","field2":"1.1875"},{"created_at":"2026-02-08T23:07:42-08:00","entry_id":393424,"field1":"2.6875","field2":"1.0625"},{"created_at":"2026-02-08T23:17:18-08:00","entry_id":393425,"field1":"2.6875","field2":"0.9375"},{"created_at":"2026-02-08T23:26:55-08:00","entry_id":393426,"field1":"2.6875","field2":"0.9375"},{"created_at":"2026-02-08T23:36:32-08:00","entry_id":393427,"field1":"2.6875","field2":"0.9375"},{"created_at":"2026-02-08T23:46:07-08:00","entry_id":393428,"field1":"2.625","field2":"1"},{"created_at":"2026-02-08T23:55:43-08:00","entry_id":393429,"field1":"2.6875","field2":"1"}]}