{"channel":{"id":581842,"name":"Upstairs Small Window Indoor / Outdoor Sensor","latitude":"0.0","longitude":"0.0","field1":"Indoor Temperature","field2":"Outdoor Temperature","created_at":"2018-09-23T15:37:52-07:00","updated_at":"2020-07-27T05:59:41-07:00","last_entry_id":269949},"feeds":[{"created_at":"2023-10-29T00:00:23-07:00","entry_id":269662,"field1":"1.875","field2":"-1.25"},{"created_at":"2023-10-29T00:09:59-07:00","entry_id":269663,"field1":"1.8125","field2":"-1.3125"},{"created_at":"2023-10-29T00:19:37-07:00","entry_id":269664,"field1":"1.8125","field2":"-1.375"},{"created_at":"2023-10-29T00:29:13-07:00","entry_id":269665,"field1":"1.8125","field2":"-1.3125"},{"created_at":"2023-10-29T00:38:49-07:00","entry_id":269666,"field1":"1.75","field2":"-1.3125"},{"created_at":"2023-10-29T00:48:25-07:00","entry_id":269667,"field1":"1.75","field2":"-1.375"},{"created_at":"2023-10-29T00:58:02-07:00","entry_id":269668,"field1":"1.75","field2":"-1.5"},{"created_at":"2023-10-29T01:07:39-07:00","entry_id":269669,"field1":"1.6875","field2":"-1.375"},{"created_at":"2023-10-29T01:17:14-07:00","entry_id":269670,"field1":"1.6875","field2":"-1.4375"},{"created_at":"2023-10-29T01:26:51-07:00","entry_id":269671,"field1":"1.6875","field2":"-1.5"},{"created_at":"2023-10-29T01:36:29-07:00","entry_id":269672,"field1":"1.625","field2":"-1.5"},{"created_at":"2023-10-29T01:46:06-07:00","entry_id":269673,"field1":"1.625","field2":"-1.5625"},{"created_at":"2023-10-29T01:55:43-07:00","entry_id":269674,"field1":"1.625","field2":"-1.625"},{"created_at":"2023-10-29T02:05:20-07:00","entry_id":269675,"field1":"1.5625","field2":"-1.5625"},{"created_at":"2023-10-29T02:14:58-07:00","entry_id":269676,"field1":"1.5625","field2":"-1.625"},{"created_at":"2023-10-29T02:24:35-07:00","entry_id":269677,"field1":"1.5625","field2":"-1.6875"},{"created_at":"2023-10-29T02:34:10-07:00","entry_id":269678,"field1":"1.5","field2":"-1.6875"},{"created_at":"2023-10-29T02:43:48-07:00","entry_id":269679,"field1":"1.5","field2":"-1.75"},{"created_at":"2023-10-29T02:53:24-07:00","entry_id":269680,"field1":"1.5","field2":"-1.625"},{"created_at":"2023-10-29T03:03:00-07:00","entry_id":269681,"field1":"1.4375","field2":"-1.75"},{"created_at":"2023-10-29T03:12:38-07:00","entry_id":269682,"field1":"1.4375","field2":"-1.8125"},{"created_at":"2023-10-29T03:22:13-07:00","entry_id":269683,"field1":"1.4375","field2":"-1.8125"},{"created_at":"2023-10-29T03:31:50-07:00","entry_id":269684,"field1":"1.375","field2":"-1.9375"},{"created_at":"2023-10-29T03:41:28-07:00","entry_id":269685,"field1":"1.375","field2":"-2.0625"},{"created_at":"2023-10-29T03:51:04-07:00","entry_id":269686,"field1":"1.375","field2":"-2"},{"created_at":"2023-10-29T04:00:41-07:00","entry_id":269687,"field1":"1.3125","field2":"-1.875"},{"created_at":"2023-10-29T04:10:17-07:00","entry_id":269688,"field1":"1.3125","field2":"-1.9375"},{"created_at":"2023-10-29T04:19:55-07:00","entry_id":269689,"field1":"1.3125","field2":"-1.9375"},{"created_at":"2023-10-29T04:29:32-07:00","entry_id":269690,"field1":"1.3125","field2":"-2"},{"created_at":"2023-10-29T04:39:09-07:00","entry_id":269691,"field1":"1.25","field2":"-2.0625"},{"created_at":"2023-10-29T04:48:46-07:00","entry_id":269692,"field1":"1.25","field2":"-2.125"},{"created_at":"2023-10-29T04:58:23-07:00","entry_id":269693,"field1":"1.25","field2":"-2.0625"},{"created_at":"2023-10-29T05:07:58-07:00","entry_id":269694,"field1":"1.1875","field2":"-2.0625"},{"created_at":"2023-10-29T05:17:35-07:00","entry_id":269695,"field1":"1.1875","field2":"-2.25"},{"created_at":"2023-10-29T05:27:11-07:00","entry_id":269696,"field1":"1.1875","field2":"-2.375"},{"created_at":"2023-10-29T05:36:47-07:00","entry_id":269697,"field1":"1.125","field2":"-2.25"},{"created_at":"2023-10-29T05:46:25-07:00","entry_id":269698,"field1":"1.125","field2":"-2.1875"},{"created_at":"2023-10-29T05:56:01-07:00","entry_id":269699,"field1":"1.125","field2":"-2.25"},{"created_at":"2023-10-29T06:05:38-07:00","entry_id":269700,"field1":"1.0625","field2":"-2.25"},{"created_at":"2023-10-29T06:15:15-07:00","entry_id":269701,"field1":"1.0625","field2":"-2.375"},{"created_at":"2023-10-29T06:24:50-07:00","entry_id":269702,"field1":"1.0625","field2":"-2.3125"},{"created_at":"2023-10-29T06:34:27-07:00","entry_id":269703,"field1":"1","field2":"-2.375"},{"created_at":"2023-10-29T06:44:04-07:00","entry_id":269704,"field1":"1","field2":"-2.25"},{"created_at":"2023-10-29T06:53:39-07:00","entry_id":269705,"field1":"1","field2":"-2.375"},{"created_at":"2023-10-29T07:03:15-07:00","entry_id":269706,"field1":"0.9375","field2":"-2.125"},{"created_at":"2023-10-29T07:12:54-07:00","entry_id":269707,"field1":"0.9375","field2":"-2.125"},{"created_at":"2023-10-29T07:22:29-07:00","entry_id":269708,"field1":"0.9375","field2":"-2.0625"},{"created_at":"2023-10-29T07:32:05-07:00","entry_id":269709,"field1":"0.875","field2":"-2.0625"},{"created_at":"2023-10-29T07:41:43-07:00","entry_id":269710,"field1":"0.875","field2":"-2.125"},{"created_at":"2023-10-29T07:51:18-07:00","entry_id":269711,"field1":"0.875","field2":"-2.25"},{"created_at":"2023-10-29T08:00:54-07:00","entry_id":269712,"field1":"0.875","field2":"-2.1875"},{"created_at":"2023-10-29T08:10:32-07:00","entry_id":269713,"field1":"0.875","field2":"-2"},{"created_at":"2023-10-29T08:20:08-07:00","entry_id":269714,"field1":"0.8125","field2":"-1.9375"},{"created_at":"2023-10-29T08:29:44-07:00","entry_id":269715,"field1":"0.8125","field2":"-2.125"},{"created_at":"2023-10-29T08:39:22-07:00","entry_id":269716,"field1":"0.8125","field2":"-1.9375"},{"created_at":"2023-10-29T08:48:57-07:00","entry_id":269717,"field1":"0.75","field2":"-2"},{"created_at":"2023-10-29T08:58:34-07:00","entry_id":269718,"field1":"0.75","field2":"-1.5625"},{"created_at":"2023-10-29T09:08:10-07:00","entry_id":269719,"field1":"0.75","field2":"-1.625"},{"created_at":"2023-10-29T09:17:46-07:00","entry_id":269720,"field1":"0.75","field2":"-1.375"},{"created_at":"2023-10-29T09:27:23-07:00","entry_id":269721,"field1":"0.75","field2":"-1.1875"},{"created_at":"2023-10-29T09:36:59-07:00","entry_id":269722,"field1":"0.8125","field2":"-0.375"},{"created_at":"2023-10-29T09:46:35-07:00","entry_id":269723,"field1":"0.8125","field2":"-0.625"},{"created_at":"2023-10-29T09:56:13-07:00","entry_id":269724,"field1":"0.8125","field2":"-0.5625"},{"created_at":"2023-10-29T10:05:48-07:00","entry_id":269725,"field1":"0.8125","field2":"-0.0625"},{"created_at":"2023-10-29T10:15:25-07:00","entry_id":269726,"field1":"0.8125","field2":"-0.375"},{"created_at":"2023-10-29T10:25:01-07:00","entry_id":269727,"field1":"0.8125","field2":"-0.125"},{"created_at":"2023-10-29T10:34:37-07:00","entry_id":269728,"field1":"0.8125","field2":"-0.0625"},{"created_at":"2023-10-29T10:44:15-07:00","entry_id":269729,"field1":"0.9375","field2":"1.0625"},{"created_at":"2023-10-29T10:53:51-07:00","entry_id":269730,"field1":"1.125","field2":"0.9375"},{"created_at":"2023-10-29T11:03:29-07:00","entry_id":269731,"field1":"1.375","field2":"1.25"},{"created_at":"2023-10-29T11:13:05-07:00","entry_id":269732,"field1":"1.5625","field2":"1.0625"},{"created_at":"2023-10-29T11:22:41-07:00","entry_id":269733,"field1":"1.75","field2":"1.125"},{"created_at":"2023-10-29T11:32:17-07:00","entry_id":269734,"field1":"1.875","field2":"1.1875"},{"created_at":"2023-10-29T11:41:53-07:00","entry_id":269735,"field1":"1.875","field2":"1.375"},{"created_at":"2023-10-29T11:51:31-07:00","entry_id":269736,"field1":"1.9375","field2":"1.3125"},{"created_at":"2023-10-29T12:01:08-07:00","entry_id":269737,"field1":"1.9375","field2":"1.5625"},{"created_at":"2023-10-29T12:10:43-07:00","entry_id":269738,"field1":"1.9375","field2":"1.75"},{"created_at":"2023-10-29T12:20:19-07:00","entry_id":269739,"field1":"1.9375","field2":"2"},{"created_at":"2023-10-29T12:29:57-07:00","entry_id":269740,"field1":"1.9375","field2":"2.125"},{"created_at":"2023-10-29T12:39:33-07:00","entry_id":269741,"field1":"1.9375","field2":"2.3125"},{"created_at":"2023-10-29T12:49:12-07:00","entry_id":269742,"field1":"1.9375","field2":"2.375"},{"created_at":"2023-10-29T12:58:49-07:00","entry_id":269743,"field1":"1.9375","field2":"2.625"},{"created_at":"2023-10-29T13:08:25-07:00","entry_id":269744,"field1":"2","field2":"2.625"},{"created_at":"2023-10-29T13:18:01-07:00","entry_id":269745,"field1":"2","field2":"2.9375"},{"created_at":"2023-10-29T13:27:40-07:00","entry_id":269746,"field1":"2","field2":"3.125"},{"created_at":"2023-10-29T13:37:17-07:00","entry_id":269747,"field1":"2","field2":"3.375"},{"created_at":"2023-10-29T13:46:54-07:00","entry_id":269748,"field1":"2","field2":"3.3125"},{"created_at":"2023-10-29T13:56:31-07:00","entry_id":269749,"field1":"2","field2":"3.5625"},{"created_at":"2023-10-29T14:06:08-07:00","entry_id":269750,"field1":"2","field2":"3.5625"},{"created_at":"2023-10-29T14:15:45-07:00","entry_id":269751,"field1":"2.0625","field2":"3.4375"},{"created_at":"2023-10-29T14:25:20-07:00","entry_id":269752,"field1":"2.0625","field2":"3.6875"},{"created_at":"2023-10-29T14:34:57-07:00","entry_id":269753,"field1":"2.0625","field2":"3.5"},{"created_at":"2023-10-29T14:44:35-07:00","entry_id":269754,"field1":"2.125","field2":"3.4375"},{"created_at":"2023-10-29T14:54:11-07:00","entry_id":269755,"field1":"2.125","field2":"3.375"},{"created_at":"2023-10-29T15:03:48-07:00","entry_id":269756,"field1":"2.125","field2":"3.375"},{"created_at":"2023-10-29T15:13:23-07:00","entry_id":269757,"field1":"2.125","field2":"3.1875"},{"created_at":"2023-10-29T15:22:59-07:00","entry_id":269758,"field1":"2.125","field2":"2.9375"},{"created_at":"2023-10-29T15:32:36-07:00","entry_id":269759,"field1":"2.1875","field2":"2.75"},{"created_at":"2023-10-29T15:42:14-07:00","entry_id":269760,"field1":"2.1875","field2":"2.5"},{"created_at":"2023-10-29T15:51:51-07:00","entry_id":269761,"field1":"2.1875","field2":"2.375"},{"created_at":"2023-10-29T16:01:26-07:00","entry_id":269762,"field1":"2.1875","field2":"2.25"},{"created_at":"2023-10-29T16:11:04-07:00","entry_id":269763,"field1":"2.1875","field2":"2.0625"},{"created_at":"2023-10-29T16:20:39-07:00","entry_id":269764,"field1":"2.1875","field2":"2.125"},{"created_at":"2023-10-29T16:30:17-07:00","entry_id":269765,"field1":"2.1875","field2":"2.125"},{"created_at":"2023-10-29T16:39:52-07:00","entry_id":269766,"field1":"2.1875","field2":"2"},{"created_at":"2023-10-29T16:49:30-07:00","entry_id":269767,"field1":"2.1875","field2":"1.8125"},{"created_at":"2023-10-29T16:59:05-07:00","entry_id":269768,"field1":"2.1875","field2":"1.6875"},{"created_at":"2023-10-29T17:08:41-07:00","entry_id":269769,"field1":"2.1875","field2":"1.6875"},{"created_at":"2023-10-29T17:18:18-07:00","entry_id":269770,"field1":"2.1875","field2":"1.6875"},{"created_at":"2023-10-29T17:27:54-07:00","entry_id":269771,"field1":"2.1875","field2":"1.625"},{"created_at":"2023-10-29T17:37:30-07:00","entry_id":269772,"field1":"2.1875","field2":"1.5"},{"created_at":"2023-10-29T17:47:08-07:00","entry_id":269773,"field1":"2.125","field2":"1.4375"},{"created_at":"2023-10-29T17:56:44-07:00","entry_id":269774,"field1":"2.125","field2":"1.25"},{"created_at":"2023-10-29T18:06:22-07:00","entry_id":269775,"field1":"2.125","field2":"1.125"},{"created_at":"2023-10-29T18:15:58-07:00","entry_id":269776,"field1":"2.125","field2":"0.9375"},{"created_at":"2023-10-29T18:25:36-07:00","entry_id":269777,"field1":"2.125","field2":"0.8125"},{"created_at":"2023-10-29T18:35:14-07:00","entry_id":269778,"field1":"2.125","field2":"0.75"},{"created_at":"2023-10-29T18:44:49-07:00","entry_id":269779,"field1":"2.125","field2":"0.5625"},{"created_at":"2023-10-29T18:54:25-07:00","entry_id":269780,"field1":"2.0625","field2":"0.5625"},{"created_at":"2023-10-29T19:04:03-07:00","entry_id":269781,"field1":"2.0625","field2":"0.4375"},{"created_at":"2023-10-29T19:13:38-07:00","entry_id":269782,"field1":"2.0625","field2":"0.25"},{"created_at":"2023-10-29T19:23:14-07:00","entry_id":269783,"field1":"2.0625","field2":"0.125"},{"created_at":"2023-10-29T19:32:52-07:00","entry_id":269784,"field1":"2","field2":"0"},{"created_at":"2023-10-29T19:42:28-07:00","entry_id":269785,"field1":"2","field2":"0"},{"created_at":"2023-10-29T19:52:04-07:00","entry_id":269786,"field1":"2","field2":"0.0625"},{"created_at":"2023-10-29T20:01:42-07:00","entry_id":269787,"field1":"2","field2":"-0.1875"},{"created_at":"2023-10-29T20:11:18-07:00","entry_id":269788,"field1":"1.9375","field2":"-0.25"},{"created_at":"2023-10-29T20:20:54-07:00","entry_id":269789,"field1":"1.9375","field2":"-0.25"},{"created_at":"2023-10-29T20:30:32-07:00","entry_id":269790,"field1":"1.9375","field2":"-0.25"},{"created_at":"2023-10-29T20:40:09-07:00","entry_id":269791,"field1":"1.9375","field2":"-0.3125"},{"created_at":"2023-10-29T20:49:45-07:00","entry_id":269792,"field1":"1.875","field2":"-0.4375"},{"created_at":"2023-10-29T20:59:21-07:00","entry_id":269793,"field1":"1.875","field2":"-0.375"},{"created_at":"2023-10-29T21:08:57-07:00","entry_id":269794,"field1":"1.875","field2":"-0.5625"},{"created_at":"2023-10-29T21:18:33-07:00","entry_id":269795,"field1":"1.8125","field2":"-0.375"},{"created_at":"2023-10-29T21:28:10-07:00","entry_id":269796,"field1":"1.8125","field2":"-0.4375"},{"created_at":"2023-10-29T21:37:48-07:00","entry_id":269797,"field1":"1.8125","field2":"-0.6875"},{"created_at":"2023-10-29T21:47:24-07:00","entry_id":269798,"field1":"1.8125","field2":"-0.5625"},{"created_at":"2023-10-29T21:56:59-07:00","entry_id":269799,"field1":"1.75","field2":"-0.5625"},{"created_at":"2023-10-29T22:06:36-07:00","entry_id":269800,"field1":"1.75","field2":"-0.625"},{"created_at":"2023-10-29T22:16:14-07:00","entry_id":269801,"field1":"1.75","field2":"-0.625"},{"created_at":"2023-10-29T22:25:50-07:00","entry_id":269802,"field1":"1.75","field2":"-0.8125"},{"created_at":"2023-10-29T22:35:27-07:00","entry_id":269803,"field1":"1.6875","field2":"-0.8125"},{"created_at":"2023-10-29T22:45:03-07:00","entry_id":269804,"field1":"1.6875","field2":"-0.8125"},{"created_at":"2023-10-29T22:54:39-07:00","entry_id":269805,"field1":"1.6875","field2":"-0.9375"},{"created_at":"2023-10-29T23:04:15-07:00","entry_id":269806,"field1":"1.6875","field2":"-0.875"},{"created_at":"2023-10-29T23:13:53-07:00","entry_id":269807,"field1":"1.625","field2":"-0.875"},{"created_at":"2023-10-29T23:23:28-07:00","entry_id":269808,"field1":"1.625","field2":"-0.9375"},{"created_at":"2023-10-29T23:33:06-07:00","entry_id":269809,"field1":"1.625","field2":"-0.875"},{"created_at":"2023-10-29T23:42:41-07:00","entry_id":269810,"field1":"1.5625","field2":"-1"},{"created_at":"2023-10-29T23:52:17-07:00","entry_id":269811,"field1":"1.5625","field2":"-0.9375"}]}