{"channel":{"id":581842,"name":"Upstairs Small Window Indoor / Outdoor Sensor","latitude":"0.0","longitude":"0.0","field1":"Indoor Temperature","field2":"Outdoor Temperature","created_at":"2018-09-23T15:37:52-07:00","updated_at":"2020-07-27T05:59:41-07:00","last_entry_id":324388},"feeds":[{"created_at":"2024-10-29T00:04:44-07:00","entry_id":324102,"field1":"8.5","field2":"5.6875"},{"created_at":"2024-10-29T00:14:21-07:00","entry_id":324103,"field1":"8.5","field2":"5.75"},{"created_at":"2024-10-29T00:23:58-07:00","entry_id":324104,"field1":"8.4375","field2":"5.75"},{"created_at":"2024-10-29T00:33:34-07:00","entry_id":324105,"field1":"8.4375","field2":"5.6875"},{"created_at":"2024-10-29T00:43:12-07:00","entry_id":324106,"field1":"8.4375","field2":"5.5625"},{"created_at":"2024-10-29T00:52:49-07:00","entry_id":324107,"field1":"8.4375","field2":"5.4375"},{"created_at":"2024-10-29T01:02:27-07:00","entry_id":324108,"field1":"8.4375","field2":"5.5"},{"created_at":"2024-10-29T01:12:05-07:00","entry_id":324109,"field1":"8.4375","field2":"5.4375"},{"created_at":"2024-10-29T01:21:42-07:00","entry_id":324110,"field1":"8.375","field2":"5.3125"},{"created_at":"2024-10-29T01:31:17-07:00","entry_id":324111,"field1":"8.375","field2":"5.3125"},{"created_at":"2024-10-29T01:40:56-07:00","entry_id":324112,"field1":"8.375","field2":"5.375"},{"created_at":"2024-10-29T01:50:33-07:00","entry_id":324113,"field1":"8.375","field2":"5.3125"},{"created_at":"2024-10-29T02:00:10-07:00","entry_id":324114,"field1":"8.3125","field2":"5.3125"},{"created_at":"2024-10-29T02:09:48-07:00","entry_id":324115,"field1":"8.3125","field2":"5.25"},{"created_at":"2024-10-29T02:19:26-07:00","entry_id":324116,"field1":"8.3125","field2":"5.1875"},{"created_at":"2024-10-29T02:29:03-07:00","entry_id":324117,"field1":"8.3125","field2":"5.25"},{"created_at":"2024-10-29T02:38:40-07:00","entry_id":324118,"field1":"8.25","field2":"5.125"},{"created_at":"2024-10-29T02:48:18-07:00","entry_id":324119,"field1":"8.25","field2":"5"},{"created_at":"2024-10-29T02:57:56-07:00","entry_id":324120,"field1":"8.25","field2":"4.75"},{"created_at":"2024-10-29T03:07:33-07:00","entry_id":324121,"field1":"8.25","field2":"4.625"},{"created_at":"2024-10-29T03:17:10-07:00","entry_id":324122,"field1":"8.25","field2":"4.5"},{"created_at":"2024-10-29T03:26:46-07:00","entry_id":324123,"field1":"8.1875","field2":"4.5"},{"created_at":"2024-10-29T03:36:25-07:00","entry_id":324124,"field1":"8.1875","field2":"4.375"},{"created_at":"2024-10-29T03:46:02-07:00","entry_id":324125,"field1":"8.1875","field2":"4.1875"},{"created_at":"2024-10-29T03:55:40-07:00","entry_id":324126,"field1":"8.125","field2":"4.125"},{"created_at":"2024-10-29T04:05:15-07:00","entry_id":324127,"field1":"8.125","field2":"3.9375"},{"created_at":"2024-10-29T04:14:54-07:00","entry_id":324128,"field1":"8.125","field2":"3.8125"},{"created_at":"2024-10-29T04:24:32-07:00","entry_id":324129,"field1":"8.0625","field2":"3.75"},{"created_at":"2024-10-29T04:34:09-07:00","entry_id":324130,"field1":"8.0625","field2":"3.625"},{"created_at":"2024-10-29T04:43:46-07:00","entry_id":324131,"field1":"8","field2":"3.625"},{"created_at":"2024-10-29T04:53:24-07:00","entry_id":324132,"field1":"8","field2":"3.625"},{"created_at":"2024-10-29T05:03:01-07:00","entry_id":324133,"field1":"8","field2":"3.5"},{"created_at":"2024-10-29T05:12:38-07:00","entry_id":324134,"field1":"8","field2":"3.25"},{"created_at":"2024-10-29T05:22:16-07:00","entry_id":324135,"field1":"7.9375","field2":"3"},{"created_at":"2024-10-29T05:31:53-07:00","entry_id":324136,"field1":"7.9375","field2":"2.9375"},{"created_at":"2024-10-29T05:41:29-07:00","entry_id":324137,"field1":"7.875","field2":"2.875"},{"created_at":"2024-10-29T05:51:05-07:00","entry_id":324138,"field1":"7.875","field2":"2.6875"},{"created_at":"2024-10-29T06:00:42-07:00","entry_id":324139,"field1":"7.875","field2":"2.75"},{"created_at":"2024-10-29T06:10:20-07:00","entry_id":324140,"field1":"7.8125","field2":"2.625"},{"created_at":"2024-10-29T06:19:56-07:00","entry_id":324141,"field1":"7.8125","field2":"2.8125"},{"created_at":"2024-10-29T06:29:33-07:00","entry_id":324142,"field1":"7.8125","field2":"2.6875"},{"created_at":"2024-10-29T06:39:11-07:00","entry_id":324143,"field1":"7.75","field2":"2.5"},{"created_at":"2024-10-29T06:48:47-07:00","entry_id":324144,"field1":"7.75","field2":"2.625"},{"created_at":"2024-10-29T06:58:23-07:00","entry_id":324145,"field1":"7.6875","field2":"2.5625"},{"created_at":"2024-10-29T07:08:02-07:00","entry_id":324146,"field1":"7.6875","field2":"2.5625"},{"created_at":"2024-10-29T07:17:39-07:00","entry_id":324147,"field1":"7.6875","field2":"2.5625"},{"created_at":"2024-10-29T07:27:15-07:00","entry_id":324148,"field1":"7.625","field2":"2.5625"},{"created_at":"2024-10-29T07:36:53-07:00","entry_id":324149,"field1":"7.625","field2":"2.5"},{"created_at":"2024-10-29T07:46:31-07:00","entry_id":324150,"field1":"7.5625","field2":"2.5"},{"created_at":"2024-10-29T07:56:06-07:00","entry_id":324151,"field1":"7.5625","field2":"2.5"},{"created_at":"2024-10-29T08:05:45-07:00","entry_id":324152,"field1":"7.5","field2":"2.5625"},{"created_at":"2024-10-29T08:15:22-07:00","entry_id":324153,"field1":"7.5","field2":"2.625"},{"created_at":"2024-10-29T08:25:00-07:00","entry_id":324154,"field1":"7.4375","field2":"2.9375"},{"created_at":"2024-10-29T08:34:37-07:00","entry_id":324155,"field1":"7.4375","field2":"3"},{"created_at":"2024-10-29T08:44:13-07:00","entry_id":324156,"field1":"7.4375","field2":"3.25"},{"created_at":"2024-10-29T08:53:51-07:00","entry_id":324157,"field1":"7.4375","field2":"3.1875"},{"created_at":"2024-10-29T09:03:26-07:00","entry_id":324158,"field1":"7.375","field2":"3.3125"},{"created_at":"2024-10-29T09:13:06-07:00","entry_id":324159,"field1":"7.375","field2":"3.5"},{"created_at":"2024-10-29T09:22:43-07:00","entry_id":324160,"field1":"7.375","field2":"3.5"},{"created_at":"2024-10-29T09:32:19-07:00","entry_id":324161,"field1":"7.3125","field2":"3.75"},{"created_at":"2024-10-29T09:41:56-07:00","entry_id":324162,"field1":"7.3125","field2":"3.9375"},{"created_at":"2024-10-29T09:51:35-07:00","entry_id":324163,"field1":"7.3125","field2":"4.3125"},{"created_at":"2024-10-29T10:01:12-07:00","entry_id":324164,"field1":"7.3125","field2":"4.875"},{"created_at":"2024-10-29T10:10:49-07:00","entry_id":324165,"field1":"7.3125","field2":"5"},{"created_at":"2024-10-29T10:20:25-07:00","entry_id":324166,"field1":"7.375","field2":"5.75"},{"created_at":"2024-10-29T10:30:03-07:00","entry_id":324167,"field1":"7.4375","field2":"6.0625"},{"created_at":"2024-10-29T10:39:42-07:00","entry_id":324168,"field1":"7.5625","field2":"6.9375"},{"created_at":"2024-10-29T10:49:19-07:00","entry_id":324169,"field1":"7.6875","field2":"6.25"},{"created_at":"2024-10-29T10:58:56-07:00","entry_id":324170,"field1":"7.9375","field2":"6.3125"},{"created_at":"2024-10-29T11:08:34-07:00","entry_id":324171,"field1":"8.1875","field2":"6.125"},{"created_at":"2024-10-29T11:18:10-07:00","entry_id":324172,"field1":"8.375","field2":"6"},{"created_at":"2024-10-29T11:27:48-07:00","entry_id":324173,"field1":"8.5","field2":"6.0625"},{"created_at":"2024-10-29T11:37:26-07:00","entry_id":324174,"field1":"8.5625","field2":"6.25"},{"created_at":"2024-10-29T11:47:03-07:00","entry_id":324175,"field1":"8.5625","field2":"6.25"},{"created_at":"2024-10-29T11:56:41-07:00","entry_id":324176,"field1":"8.5625","field2":"6.3125"},{"created_at":"2024-10-29T12:06:18-07:00","entry_id":324177,"field1":"8.5","field2":"6.5625"},{"created_at":"2024-10-29T12:15:56-07:00","entry_id":324178,"field1":"8.5","field2":"6.4375"},{"created_at":"2024-10-29T12:25:34-07:00","entry_id":324179,"field1":"8.5","field2":"6.5"},{"created_at":"2024-10-29T12:35:11-07:00","entry_id":324180,"field1":"8.5","field2":"6.8125"},{"created_at":"2024-10-29T12:44:49-07:00","entry_id":324181,"field1":"8.4375","field2":"7"},{"created_at":"2024-10-29T12:54:27-07:00","entry_id":324182,"field1":"8.4375","field2":"7.25"},{"created_at":"2024-10-29T13:04:04-07:00","entry_id":324183,"field1":"8.4375","field2":"7.1875"},{"created_at":"2024-10-29T13:13:42-07:00","entry_id":324184,"field1":"8.4375","field2":"7.25"},{"created_at":"2024-10-29T13:23:19-07:00","entry_id":324185,"field1":"8.375","field2":"7.3125"},{"created_at":"2024-10-29T13:32:57-07:00","entry_id":324186,"field1":"8.375","field2":"7.125"},{"created_at":"2024-10-29T13:42:35-07:00","entry_id":324187,"field1":"8.375","field2":"7.375"},{"created_at":"2024-10-29T13:52:13-07:00","entry_id":324188,"field1":"8.375","field2":"7.1875"},{"created_at":"2024-10-29T14:01:50-07:00","entry_id":324189,"field1":"8.375","field2":"7.3125"},{"created_at":"2024-10-29T14:11:28-07:00","entry_id":324190,"field1":"8.375","field2":"7.5"},{"created_at":"2024-10-29T14:21:05-07:00","entry_id":324191,"field1":"8.3125","field2":"7.625"},{"created_at":"2024-10-29T14:30:43-07:00","entry_id":324192,"field1":"8.3125","field2":"7.75"},{"created_at":"2024-10-29T14:40:20-07:00","entry_id":324193,"field1":"8.3125","field2":"7.6875"},{"created_at":"2024-10-29T14:49:57-07:00","entry_id":324194,"field1":"8.3125","field2":"7.625"},{"created_at":"2024-10-29T14:59:35-07:00","entry_id":324195,"field1":"8.3125","field2":"7.6875"},{"created_at":"2024-10-29T15:09:13-07:00","entry_id":324196,"field1":"8.3125","field2":"7.5625"},{"created_at":"2024-10-29T15:18:51-07:00","entry_id":324197,"field1":"8.3125","field2":"7.3125"},{"created_at":"2024-10-29T15:28:28-07:00","entry_id":324198,"field1":"8.3125","field2":"7.375"},{"created_at":"2024-10-29T15:38:06-07:00","entry_id":324199,"field1":"8.3125","field2":"7.25"},{"created_at":"2024-10-29T15:47:43-07:00","entry_id":324200,"field1":"8.3125","field2":"7.125"},{"created_at":"2024-10-29T15:57:21-07:00","entry_id":324201,"field1":"8.3125","field2":"7.125"},{"created_at":"2024-10-29T16:06:58-07:00","entry_id":324202,"field1":"8.3125","field2":"7.125"},{"created_at":"2024-10-29T16:16:36-07:00","entry_id":324203,"field1":"8.3125","field2":"7.125"},{"created_at":"2024-10-29T16:26:12-07:00","entry_id":324204,"field1":"8.3125","field2":"7.0625"},{"created_at":"2024-10-29T16:35:48-07:00","entry_id":324205,"field1":"8.25","field2":"7"},{"created_at":"2024-10-29T16:45:27-07:00","entry_id":324206,"field1":"8.25","field2":"6.875"},{"created_at":"2024-10-29T16:55:04-07:00","entry_id":324207,"field1":"8.25","field2":"6.6875"},{"created_at":"2024-10-29T17:04:41-07:00","entry_id":324208,"field1":"8.25","field2":"6.5"},{"created_at":"2024-10-29T17:14:19-07:00","entry_id":324209,"field1":"8.25","field2":"6.375"},{"created_at":"2024-10-29T17:23:56-07:00","entry_id":324210,"field1":"8.1875","field2":"6.0625"},{"created_at":"2024-10-29T17:33:34-07:00","entry_id":324211,"field1":"8.1875","field2":"5.75"},{"created_at":"2024-10-29T17:43:10-07:00","entry_id":324212,"field1":"8.1875","field2":"5.4375"},{"created_at":"2024-10-29T17:52:48-07:00","entry_id":324213,"field1":"8.1875","field2":"5.25"},{"created_at":"2024-10-29T18:02:24-07:00","entry_id":324214,"field1":"8.1875","field2":"5.25"},{"created_at":"2024-10-29T18:12:02-07:00","entry_id":324215,"field1":"8.125","field2":"5.25"},{"created_at":"2024-10-29T18:21:39-07:00","entry_id":324216,"field1":"8.125","field2":"5.3125"},{"created_at":"2024-10-29T18:31:15-07:00","entry_id":324217,"field1":"8.125","field2":"5.25"},{"created_at":"2024-10-29T18:40:54-07:00","entry_id":324218,"field1":"8.0625","field2":"5.25"},{"created_at":"2024-10-29T18:50:29-07:00","entry_id":324219,"field1":"8.0625","field2":"5.125"},{"created_at":"2024-10-29T19:00:07-07:00","entry_id":324220,"field1":"8.0625","field2":"4.9375"},{"created_at":"2024-10-29T19:09:43-07:00","entry_id":324221,"field1":"8","field2":"4.75"},{"created_at":"2024-10-29T19:19:22-07:00","entry_id":324222,"field1":"8","field2":"4.5625"},{"created_at":"2024-10-29T19:28:58-07:00","entry_id":324223,"field1":"8","field2":"4.4375"},{"created_at":"2024-10-29T19:38:34-07:00","entry_id":324224,"field1":"7.9375","field2":"4.25"},{"created_at":"2024-10-29T19:48:11-07:00","entry_id":324225,"field1":"7.9375","field2":"4.1875"},{"created_at":"2024-10-29T19:57:49-07:00","entry_id":324226,"field1":"7.9375","field2":"4.25"},{"created_at":"2024-10-29T20:07:27-07:00","entry_id":324227,"field1":"7.875","field2":"4.3125"},{"created_at":"2024-10-29T20:17:04-07:00","entry_id":324228,"field1":"7.875","field2":"4.3125"},{"created_at":"2024-10-29T20:26:40-07:00","entry_id":324229,"field1":"7.8125","field2":"4.375"},{"created_at":"2024-10-29T20:36:18-07:00","entry_id":324230,"field1":"7.8125","field2":"4.4375"},{"created_at":"2024-10-29T20:45:56-07:00","entry_id":324231,"field1":"7.8125","field2":"4.375"},{"created_at":"2024-10-29T20:55:33-07:00","entry_id":324232,"field1":"7.75","field2":"4.4375"},{"created_at":"2024-10-29T21:05:11-07:00","entry_id":324233,"field1":"7.75","field2":"4.3125"},{"created_at":"2024-10-29T21:14:48-07:00","entry_id":324234,"field1":"7.75","field2":"4.375"},{"created_at":"2024-10-29T21:24:26-07:00","entry_id":324235,"field1":"7.6875","field2":"4.375"},{"created_at":"2024-10-29T21:34:01-07:00","entry_id":324236,"field1":"7.6875","field2":"4.3125"},{"created_at":"2024-10-29T21:43:40-07:00","entry_id":324237,"field1":"7.6875","field2":"4.1875"},{"created_at":"2024-10-29T21:53:17-07:00","entry_id":324238,"field1":"7.625","field2":"4.1875"},{"created_at":"2024-10-29T22:02:54-07:00","entry_id":324239,"field1":"7.625","field2":"4.1875"},{"created_at":"2024-10-29T22:12:32-07:00","entry_id":324240,"field1":"7.625","field2":"4.1875"},{"created_at":"2024-10-29T22:22:09-07:00","entry_id":324241,"field1":"7.5625","field2":"4.1875"},{"created_at":"2024-10-29T22:31:46-07:00","entry_id":324242,"field1":"7.5625","field2":"4.25"},{"created_at":"2024-10-29T22:41:24-07:00","entry_id":324243,"field1":"7.5625","field2":"4.3125"},{"created_at":"2024-10-29T22:51:00-07:00","entry_id":324244,"field1":"7.5","field2":"4.3125"},{"created_at":"2024-10-29T23:00:36-07:00","entry_id":324245,"field1":"7.5","field2":"4.375"},{"created_at":"2024-10-29T23:10:15-07:00","entry_id":324246,"field1":"7.5","field2":"4.3125"},{"created_at":"2024-10-29T23:19:50-07:00","entry_id":324247,"field1":"7.4375","field2":"4.3125"},{"created_at":"2024-10-29T23:29:27-07:00","entry_id":324248,"field1":"7.4375","field2":"4.1875"},{"created_at":"2024-10-29T23:39:06-07:00","entry_id":324249,"field1":"7.4375","field2":"4.125"},{"created_at":"2024-10-29T23:48:43-07:00","entry_id":324250,"field1":"7.4375","field2":"4.125"},{"created_at":"2024-10-29T23:58:21-07:00","entry_id":324251,"field1":"7.375","field2":"4.125"}]}