{"channel":{"id":581842,"name":"Upstairs Small Window Indoor / Outdoor Sensor","latitude":"0.0","longitude":"0.0","field1":"Indoor Temperature","field2":"Outdoor Temperature","created_at":"2018-09-23T15:37:52-07:00","updated_at":"2020-07-27T05:59:41-07:00","last_entry_id":390889},"feeds":[{"created_at":"2026-01-21T00:02:18-08:00","entry_id":390608,"field1":"-1.1875","field2":"-1.875"},{"created_at":"2026-01-21T00:11:55-08:00","entry_id":390609,"field1":"-1.1875","field2":"-1.8125"},{"created_at":"2026-01-21T00:21:31-08:00","entry_id":390610,"field1":"-1.1875","field2":"-1.875"},{"created_at":"2026-01-21T00:31:08-08:00","entry_id":390611,"field1":"-1.1875","field2":"-1.9375"},{"created_at":"2026-01-21T00:40:43-08:00","entry_id":390612,"field1":"-1.1875","field2":"-2"},{"created_at":"2026-01-21T00:50:21-08:00","entry_id":390613,"field1":"-1.1875","field2":"-1.875"},{"created_at":"2026-01-21T00:59:58-08:00","entry_id":390614,"field1":"-1.1875","field2":"-1.875"},{"created_at":"2026-01-21T01:09:35-08:00","entry_id":390615,"field1":"-1.1875","field2":"-1.875"},{"created_at":"2026-01-21T01:19:10-08:00","entry_id":390616,"field1":"-1.1875","field2":"-1.875"},{"created_at":"2026-01-21T01:28:48-08:00","entry_id":390617,"field1":"-1.1875","field2":"-1.875"},{"created_at":"2026-01-21T01:38:25-08:00","entry_id":390618,"field1":"-1.1875","field2":"-1.9375"},{"created_at":"2026-01-21T01:48:00-08:00","entry_id":390619,"field1":"-1.1875","field2":"-1.9375"},{"created_at":"2026-01-21T01:57:37-08:00","entry_id":390620,"field1":"-1.1875","field2":"-1.9375"},{"created_at":"2026-01-21T02:07:13-08:00","entry_id":390621,"field1":"-1.25","field2":"-1.9375"},{"created_at":"2026-01-21T02:16:49-08:00","entry_id":390622,"field1":"-1.1875","field2":"-2"},{"created_at":"2026-01-21T02:26:27-08:00","entry_id":390623,"field1":"-1.1875","field2":"-2"},{"created_at":"2026-01-21T02:36:02-08:00","entry_id":390624,"field1":"-1.25","field2":"-1.9375"},{"created_at":"2026-01-21T02:45:39-08:00","entry_id":390625,"field1":"-1.1875","field2":"-2"},{"created_at":"2026-01-21T02:55:17-08:00","entry_id":390626,"field1":"-1.25","field2":"-2.0625"},{"created_at":"2026-01-21T03:04:53-08:00","entry_id":390627,"field1":"-1.25","field2":"-2"},{"created_at":"2026-01-21T03:14:29-08:00","entry_id":390628,"field1":"-1.25","field2":"-2.0625"},{"created_at":"2026-01-21T03:24:07-08:00","entry_id":390629,"field1":"-1.25","field2":"-2.0625"},{"created_at":"2026-01-21T03:33:42-08:00","entry_id":390630,"field1":"-1.25","field2":"-2"},{"created_at":"2026-01-21T03:43:20-08:00","entry_id":390631,"field1":"-1.1875","field2":"-2.125"},{"created_at":"2026-01-21T03:52:56-08:00","entry_id":390632,"field1":"-1.25","field2":"-2.125"},{"created_at":"2026-01-21T04:02:33-08:00","entry_id":390633,"field1":"-1.25","field2":"-2.1875"},{"created_at":"2026-01-21T04:12:09-08:00","entry_id":390634,"field1":"-1.25","field2":"-2.125"},{"created_at":"2026-01-21T04:21:46-08:00","entry_id":390635,"field1":"-1.25","field2":"-2.1875"},{"created_at":"2026-01-21T04:31:24-08:00","entry_id":390636,"field1":"-1.25","field2":"-2.1875"},{"created_at":"2026-01-21T04:40:59-08:00","entry_id":390637,"field1":"-1.25","field2":"-2.25"},{"created_at":"2026-01-21T04:50:37-08:00","entry_id":390638,"field1":"-1.25","field2":"-2.1875"},{"created_at":"2026-01-21T05:00:14-08:00","entry_id":390639,"field1":"-1.25","field2":"-2.1875"},{"created_at":"2026-01-21T05:09:51-08:00","entry_id":390640,"field1":"-1.25","field2":"-2.25"},{"created_at":"2026-01-21T05:19:28-08:00","entry_id":390641,"field1":"-1.25","field2":"-2.1875"},{"created_at":"2026-01-21T05:29:03-08:00","entry_id":390642,"field1":"-1.25","field2":"-2.1875"},{"created_at":"2026-01-21T05:38:39-08:00","entry_id":390643,"field1":"-1.25","field2":"-2.25"},{"created_at":"2026-01-21T05:48:17-08:00","entry_id":390644,"field1":"-1.3125","field2":"-2.3125"},{"created_at":"2026-01-21T05:57:53-08:00","entry_id":390645,"field1":"-1.3125","field2":"-2.125"},{"created_at":"2026-01-21T06:07:29-08:00","entry_id":390646,"field1":"-1.25","field2":"-2.125"},{"created_at":"2026-01-21T06:17:05-08:00","entry_id":390647,"field1":"-1.3125","field2":"-2.1875"},{"created_at":"2026-01-21T06:26:41-08:00","entry_id":390648,"field1":"-1.3125","field2":"-2.1875"},{"created_at":"2026-01-21T06:36:19-08:00","entry_id":390649,"field1":"-1.3125","field2":"-2.25"},{"created_at":"2026-01-21T06:45:55-08:00","entry_id":390650,"field1":"-1.3125","field2":"-2.1875"},{"created_at":"2026-01-21T06:55:32-08:00","entry_id":390651,"field1":"-1.3125","field2":"-2.25"},{"created_at":"2026-01-21T07:05:09-08:00","entry_id":390652,"field1":"-1.3125","field2":"-2.1875"},{"created_at":"2026-01-21T07:14:44-08:00","entry_id":390653,"field1":"-1.3125","field2":"-2.1875"},{"created_at":"2026-01-21T07:24:22-08:00","entry_id":390654,"field1":"-1.3125","field2":"-2.1875"},{"created_at":"2026-01-21T07:33:59-08:00","entry_id":390655,"field1":"-1.3125","field2":"-2.1875"},{"created_at":"2026-01-21T07:43:36-08:00","entry_id":390656,"field1":"-1.3125","field2":"-2.1875"},{"created_at":"2026-01-21T07:53:12-08:00","entry_id":390657,"field1":"-1.3125","field2":"-2.25"},{"created_at":"2026-01-21T08:02:48-08:00","entry_id":390658,"field1":"-1.3125","field2":"-2.25"},{"created_at":"2026-01-21T08:12:24-08:00","entry_id":390659,"field1":"-1.3125","field2":"-2.125"},{"created_at":"2026-01-21T08:22:02-08:00","entry_id":390660,"field1":"-1.3125","field2":"-2.125"},{"created_at":"2026-01-21T08:31:37-08:00","entry_id":390661,"field1":"-1.3125","field2":"-2.125"},{"created_at":"2026-01-21T08:41:15-08:00","entry_id":390662,"field1":"-1.3125","field2":"-2.0625"},{"created_at":"2026-01-21T08:50:52-08:00","entry_id":390663,"field1":"-1.3125","field2":"-2.125"},{"created_at":"2026-01-21T09:00:29-08:00","entry_id":390664,"field1":"-1.3125","field2":"-2.0625"},{"created_at":"2026-01-21T09:10:05-08:00","entry_id":390665,"field1":"-1.3125","field2":"-2"},{"created_at":"2026-01-21T09:19:41-08:00","entry_id":390666,"field1":"-1.3125","field2":"-2"},{"created_at":"2026-01-21T09:29:17-08:00","entry_id":390667,"field1":"-1.3125","field2":"-2"},{"created_at":"2026-01-21T09:38:53-08:00","entry_id":390668,"field1":"-1.3125","field2":"-2"},{"created_at":"2026-01-21T09:48:31-08:00","entry_id":390669,"field1":"-1.3125","field2":"-1.9375"},{"created_at":"2026-01-21T09:58:06-08:00","entry_id":390670,"field1":"-1.3125","field2":"-1.9375"},{"created_at":"2026-01-21T10:07:43-08:00","entry_id":390671,"field1":"-1.3125","field2":"-1.875"},{"created_at":"2026-01-21T10:17:21-08:00","entry_id":390672,"field1":"-1.3125","field2":"-1.75"},{"created_at":"2026-01-21T10:26:57-08:00","entry_id":390673,"field1":"-1.3125","field2":"-1.8125"},{"created_at":"2026-01-21T10:36:33-08:00","entry_id":390674,"field1":"-1.3125","field2":"-1.75"},{"created_at":"2026-01-21T10:46:10-08:00","entry_id":390675,"field1":"-1.3125","field2":"-1.6875"},{"created_at":"2026-01-21T10:55:47-08:00","entry_id":390676,"field1":"-1.3125","field2":"-1.625"},{"created_at":"2026-01-21T11:05:23-08:00","entry_id":390677,"field1":"-1.3125","field2":"-1.5625"},{"created_at":"2026-01-21T11:14:59-08:00","entry_id":390678,"field1":"-1.3125","field2":"-1.5"},{"created_at":"2026-01-21T11:24:36-08:00","entry_id":390679,"field1":"-1.3125","field2":"-1.5"},{"created_at":"2026-01-21T11:34:12-08:00","entry_id":390680,"field1":"-1.3125","field2":"-1.4375"},{"created_at":"2026-01-21T11:43:49-08:00","entry_id":390681,"field1":"-1.3125","field2":"-1.375"},{"created_at":"2026-01-21T11:53:24-08:00","entry_id":390682,"field1":"-1.25","field2":"-1.375"},{"created_at":"2026-01-21T12:03:02-08:00","entry_id":390683,"field1":"-1.25","field2":"-1.4375"},{"created_at":"2026-01-21T12:12:38-08:00","entry_id":390684,"field1":"-1.25","field2":"-1.375"},{"created_at":"2026-01-21T12:22:15-08:00","entry_id":390685,"field1":"-1.25","field2":"-1.375"},{"created_at":"2026-01-21T12:31:52-08:00","entry_id":390686,"field1":"-1.25","field2":"-1.4375"},{"created_at":"2026-01-21T12:41:27-08:00","entry_id":390687,"field1":"-1.25","field2":"-1.25"},{"created_at":"2026-01-21T12:51:05-08:00","entry_id":390688,"field1":"-1.25","field2":"-1.375"},{"created_at":"2026-01-21T13:00:42-08:00","entry_id":390689,"field1":"-1.25","field2":"-1.25"},{"created_at":"2026-01-21T13:10:19-08:00","entry_id":390690,"field1":"-1.25","field2":"-1.25"},{"created_at":"2026-01-21T13:19:55-08:00","entry_id":390691,"field1":"-1.1875","field2":"-1.25"},{"created_at":"2026-01-21T13:29:31-08:00","entry_id":390692,"field1":"-1.1875","field2":"-1.1875"},{"created_at":"2026-01-21T13:39:07-08:00","entry_id":390693,"field1":"-1.1875","field2":"-1.125"},{"created_at":"2026-01-21T13:48:43-08:00","entry_id":390694,"field1":"-1.1875","field2":"-1.25"},{"created_at":"2026-01-21T13:58:20-08:00","entry_id":390695,"field1":"-1.1875","field2":"-1.25"},{"created_at":"2026-01-21T14:07:58-08:00","entry_id":390696,"field1":"-1.1875","field2":"-1.1875"},{"created_at":"2026-01-21T14:17:33-08:00","entry_id":390697,"field1":"-1.1875","field2":"-1.1875"},{"created_at":"2026-01-21T14:27:10-08:00","entry_id":390698,"field1":"-1.125","field2":"-1.25"},{"created_at":"2026-01-21T14:36:47-08:00","entry_id":390699,"field1":"-1.125","field2":"-1.125"},{"created_at":"2026-01-21T14:46:24-08:00","entry_id":390700,"field1":"-1.1875","field2":"-1.125"},{"created_at":"2026-01-21T14:55:59-08:00","entry_id":390701,"field1":"-1.125","field2":"-1.1875"},{"created_at":"2026-01-21T15:05:36-08:00","entry_id":390702,"field1":"-1.125","field2":"-1.25"},{"created_at":"2026-01-21T15:15:14-08:00","entry_id":390703,"field1":"-1.125","field2":"-1.1875"},{"created_at":"2026-01-21T15:24:51-08:00","entry_id":390704,"field1":"-1.125","field2":"-1.25"},{"created_at":"2026-01-21T15:34:27-08:00","entry_id":390705,"field1":"-1.125","field2":"-1.25"},{"created_at":"2026-01-21T15:44:03-08:00","entry_id":390706,"field1":"-1.125","field2":"-1.3125"},{"created_at":"2026-01-21T15:53:40-08:00","entry_id":390707,"field1":"-1.125","field2":"-1.3125"},{"created_at":"2026-01-21T16:03:16-08:00","entry_id":390708,"field1":"-1.125","field2":"-1.4375"},{"created_at":"2026-01-21T16:12:54-08:00","entry_id":390709,"field1":"-1.125","field2":"-1.5"},{"created_at":"2026-01-21T16:22:29-08:00","entry_id":390710,"field1":"-1.125","field2":"-1.5"},{"created_at":"2026-01-21T16:32:07-08:00","entry_id":390711,"field1":"-1.125","field2":"-1.5"},{"created_at":"2026-01-21T16:41:44-08:00","entry_id":390712,"field1":"-1.125","field2":"-1.625"},{"created_at":"2026-01-21T16:51:21-08:00","entry_id":390713,"field1":"-1.125","field2":"-1.6875"},{"created_at":"2026-01-21T17:00:56-08:00","entry_id":390714,"field1":"-1.125","field2":"-1.75"},{"created_at":"2026-01-21T17:10:34-08:00","entry_id":390715,"field1":"-1.125","field2":"-1.8125"},{"created_at":"2026-01-21T17:20:10-08:00","entry_id":390716,"field1":"-1.125","field2":"-1.8125"},{"created_at":"2026-01-21T17:29:47-08:00","entry_id":390717,"field1":"-1.125","field2":"-1.875"},{"created_at":"2026-01-21T17:39:23-08:00","entry_id":390718,"field1":"-1.125","field2":"-1.8125"},{"created_at":"2026-01-21T17:48:59-08:00","entry_id":390719,"field1":"-1.125","field2":"-1.9375"},{"created_at":"2026-01-21T17:58:36-08:00","entry_id":390720,"field1":"-1.125","field2":"-1.9375"},{"created_at":"2026-01-21T18:08:12-08:00","entry_id":390721,"field1":"-1.125","field2":"-1.9375"},{"created_at":"2026-01-21T18:17:50-08:00","entry_id":390722,"field1":"-1.125","field2":"-1.875"},{"created_at":"2026-01-21T18:27:25-08:00","entry_id":390723,"field1":"-1.125","field2":"-1.9375"},{"created_at":"2026-01-21T18:37:01-08:00","entry_id":390724,"field1":"-1.125","field2":"-1.9375"},{"created_at":"2026-01-21T18:46:39-08:00","entry_id":390725,"field1":"-1.125","field2":"-2"},{"created_at":"2026-01-21T18:56:15-08:00","entry_id":390726,"field1":"-1.125","field2":"-2"},{"created_at":"2026-01-21T19:05:51-08:00","entry_id":390727,"field1":"-1.1875","field2":"-2"},{"created_at":"2026-01-21T19:15:27-08:00","entry_id":390728,"field1":"-1.125","field2":"-1.9375"},{"created_at":"2026-01-21T19:25:06-08:00","entry_id":390729,"field1":"-1.125","field2":"-1.9375"},{"created_at":"2026-01-21T19:34:43-08:00","entry_id":390730,"field1":"-1.125","field2":"-2"},{"created_at":"2026-01-21T19:44:18-08:00","entry_id":390731,"field1":"-1.1875","field2":"-2.0625"},{"created_at":"2026-01-21T19:53:55-08:00","entry_id":390732,"field1":"-1.1875","field2":"-2.0625"},{"created_at":"2026-01-21T20:03:32-08:00","entry_id":390733,"field1":"-1.1875","field2":"-2.0625"},{"created_at":"2026-01-21T20:13:09-08:00","entry_id":390734,"field1":"-1.1875","field2":"-2.125"},{"created_at":"2026-01-21T20:22:44-08:00","entry_id":390735,"field1":"-1.1875","field2":"-2.125"},{"created_at":"2026-01-21T20:32:20-08:00","entry_id":390736,"field1":"-1.1875","field2":"-2.125"},{"created_at":"2026-01-21T20:41:57-08:00","entry_id":390737,"field1":"-1.1875","field2":"-2.125"},{"created_at":"2026-01-21T20:51:35-08:00","entry_id":390738,"field1":"-1.1875","field2":"-2.1875"},{"created_at":"2026-01-21T21:01:12-08:00","entry_id":390739,"field1":"-1.1875","field2":"-2.1875"},{"created_at":"2026-01-21T21:10:47-08:00","entry_id":390740,"field1":"-1.1875","field2":"-2.1875"},{"created_at":"2026-01-21T21:20:24-08:00","entry_id":390741,"field1":"-1.1875","field2":"-2.3125"},{"created_at":"2026-01-21T21:30:00-08:00","entry_id":390742,"field1":"-1.1875","field2":"-2.25"},{"created_at":"2026-01-21T21:39:38-08:00","entry_id":390743,"field1":"-1.1875","field2":"-2.25"},{"created_at":"2026-01-21T21:49:14-08:00","entry_id":390744,"field1":"-1.1875","field2":"-2.3125"},{"created_at":"2026-01-21T21:58:51-08:00","entry_id":390745,"field1":"-1.1875","field2":"-2.3125"},{"created_at":"2026-01-21T22:08:26-08:00","entry_id":390746,"field1":"-1.1875","field2":"-2.375"},{"created_at":"2026-01-21T22:18:03-08:00","entry_id":390747,"field1":"-1.1875","field2":"-2.375"},{"created_at":"2026-01-21T22:27:39-08:00","entry_id":390748,"field1":"-1.25","field2":"-2.375"},{"created_at":"2026-01-21T22:37:17-08:00","entry_id":390749,"field1":"-1.25","field2":"-2.4375"},{"created_at":"2026-01-21T22:46:54-08:00","entry_id":390750,"field1":"-1.25","field2":"-2.375"},{"created_at":"2026-01-21T22:56:32-08:00","entry_id":390751,"field1":"-1.25","field2":"-2.4375"},{"created_at":"2026-01-21T23:06:08-08:00","entry_id":390752,"field1":"-1.25","field2":"-2.4375"},{"created_at":"2026-01-21T23:15:43-08:00","entry_id":390753,"field1":"-1.25","field2":"-2.5"},{"created_at":"2026-01-21T23:25:20-08:00","entry_id":390754,"field1":"-1.25","field2":"-2.5"},{"created_at":"2026-01-21T23:34:58-08:00","entry_id":390755,"field1":"-1.25","field2":"-2.5625"},{"created_at":"2026-01-21T23:44:35-08:00","entry_id":390756,"field1":"-1.25","field2":"-2.5625"},{"created_at":"2026-01-21T23:54:12-08:00","entry_id":390757,"field1":"-1.25","field2":"-2.625"}]}