{"channel":{"id":581842,"name":"Upstairs Small Window Indoor / Outdoor Sensor","latitude":"0.0","longitude":"0.0","field1":"Indoor Temperature","field2":"Outdoor Temperature","created_at":"2018-09-23T15:37:52-07:00","updated_at":"2020-07-27T05:59:41-07:00","last_entry_id":173967},"feeds":[{"created_at":"2022-01-22T00:04:24-08:00","entry_id":173686,"field1":"9.3125","field2":"-0.5"},{"created_at":"2022-01-22T00:14:00-08:00","entry_id":173687,"field1":"9.3125","field2":"-0.5625"},{"created_at":"2022-01-22T00:23:37-08:00","entry_id":173688,"field1":"9.3125","field2":"-0.5"},{"created_at":"2022-01-22T00:33:14-08:00","entry_id":173689,"field1":"9.3125","field2":"-0.5"},{"created_at":"2022-01-22T00:42:52-08:00","entry_id":173690,"field1":"9.3125","field2":"-0.5625"},{"created_at":"2022-01-22T00:52:29-08:00","entry_id":173691,"field1":"9.3125","field2":"-0.4375"},{"created_at":"2022-01-22T01:02:06-08:00","entry_id":173692,"field1":"9.3125","field2":"-0.5625"},{"created_at":"2022-01-22T01:11:42-08:00","entry_id":173693,"field1":"9.3125","field2":"-0.6875"},{"created_at":"2022-01-22T01:21:21-08:00","entry_id":173694,"field1":"9.3125","field2":"-0.625"},{"created_at":"2022-01-22T01:30:58-08:00","entry_id":173695,"field1":"9.3125","field2":"-0.5625"},{"created_at":"2022-01-22T01:40:35-08:00","entry_id":173696,"field1":"9.3125","field2":"-0.625"},{"created_at":"2022-01-22T01:50:10-08:00","entry_id":173697,"field1":"9.3125","field2":"-0.5625"},{"created_at":"2022-01-22T01:59:47-08:00","entry_id":173698,"field1":"9.25","field2":"-0.5"},{"created_at":"2022-01-22T02:09:26-08:00","entry_id":173699,"field1":"9.25","field2":"-0.625"},{"created_at":"2022-01-22T02:19:02-08:00","entry_id":173700,"field1":"9.25","field2":"-0.6875"},{"created_at":"2022-01-22T02:28:38-08:00","entry_id":173701,"field1":"9.25","field2":"-0.8125"},{"created_at":"2022-01-22T02:38:17-08:00","entry_id":173702,"field1":"9.25","field2":"-0.75"},{"created_at":"2022-01-22T02:47:53-08:00","entry_id":173703,"field1":"9.25","field2":"-0.6875"},{"created_at":"2022-01-22T02:57:31-08:00","entry_id":173704,"field1":"9.25","field2":"-0.6875"},{"created_at":"2022-01-22T03:07:07-08:00","entry_id":173705,"field1":"9.25","field2":"-0.625"},{"created_at":"2022-01-22T03:16:45-08:00","entry_id":173706,"field1":"9.25","field2":"-0.75"},{"created_at":"2022-01-22T03:26:20-08:00","entry_id":173707,"field1":"9.25","field2":"-0.875"},{"created_at":"2022-01-22T03:35:59-08:00","entry_id":173708,"field1":"9.25","field2":"-0.875"},{"created_at":"2022-01-22T03:45:36-08:00","entry_id":173709,"field1":"9.25","field2":"-0.6875"},{"created_at":"2022-01-22T03:55:11-08:00","entry_id":173710,"field1":"9.1875","field2":"-0.8125"},{"created_at":"2022-01-22T04:04:48-08:00","entry_id":173711,"field1":"9.1875","field2":"-0.875"},{"created_at":"2022-01-22T04:14:25-08:00","entry_id":173712,"field1":"9.25","field2":"-0.875"},{"created_at":"2022-01-22T04:24:01-08:00","entry_id":173713,"field1":"9.1875","field2":"-0.875"},{"created_at":"2022-01-22T04:33:39-08:00","entry_id":173714,"field1":"9.1875","field2":"-0.875"},{"created_at":"2022-01-22T04:43:15-08:00","entry_id":173715,"field1":"9.25","field2":"-0.875"},{"created_at":"2022-01-22T04:52:53-08:00","entry_id":173716,"field1":"9.1875","field2":"-0.8125"},{"created_at":"2022-01-22T05:02:29-08:00","entry_id":173717,"field1":"9.1875","field2":"-0.875"},{"created_at":"2022-01-22T05:12:05-08:00","entry_id":173718,"field1":"9.1875","field2":"-0.875"},{"created_at":"2022-01-22T05:21:44-08:00","entry_id":173719,"field1":"9.1875","field2":"-0.8125"},{"created_at":"2022-01-22T05:31:19-08:00","entry_id":173720,"field1":"9.1875","field2":"-0.875"},{"created_at":"2022-01-22T05:40:56-08:00","entry_id":173721,"field1":"9.1875","field2":"-0.875"},{"created_at":"2022-01-22T05:50:35-08:00","entry_id":173722,"field1":"9.1875","field2":"-0.8125"},{"created_at":"2022-01-22T06:00:12-08:00","entry_id":173723,"field1":"9.1875","field2":"-0.9375"},{"created_at":"2022-01-22T06:09:48-08:00","entry_id":173724,"field1":"9.1875","field2":"-1"},{"created_at":"2022-01-22T06:19:24-08:00","entry_id":173725,"field1":"9.1875","field2":"-1"},{"created_at":"2022-01-22T06:29:01-08:00","entry_id":173726,"field1":"9.1875","field2":"-1.125"},{"created_at":"2022-01-22T06:38:37-08:00","entry_id":173727,"field1":"9.1875","field2":"-1.125"},{"created_at":"2022-01-22T06:48:16-08:00","entry_id":173728,"field1":"9.125","field2":"-1"},{"created_at":"2022-01-22T06:57:53-08:00","entry_id":173729,"field1":"9.1875","field2":"-1.125"},{"created_at":"2022-01-22T07:07:30-08:00","entry_id":173730,"field1":"9.125","field2":"-1.0625"},{"created_at":"2022-01-22T07:17:06-08:00","entry_id":173731,"field1":"9.125","field2":"-1.1875"},{"created_at":"2022-01-22T07:26:42-08:00","entry_id":173732,"field1":"9.125","field2":"-1.1875"},{"created_at":"2022-01-22T07:36:19-08:00","entry_id":173733,"field1":"9.125","field2":"-1.125"},{"created_at":"2022-01-22T07:45:58-08:00","entry_id":173734,"field1":"9.1875","field2":"-1.125"},{"created_at":"2022-01-22T07:55:33-08:00","entry_id":173735,"field1":"9.125","field2":"-1.25"},{"created_at":"2022-01-22T08:05:11-08:00","entry_id":173736,"field1":"9.125","field2":"-1.125"},{"created_at":"2022-01-22T08:14:48-08:00","entry_id":173737,"field1":"9.125","field2":"-1.0625"},{"created_at":"2022-01-22T08:24:26-08:00","entry_id":173738,"field1":"9.125","field2":"-1.0625"},{"created_at":"2022-01-22T08:34:04-08:00","entry_id":173739,"field1":"9.125","field2":"-1"},{"created_at":"2022-01-22T08:43:41-08:00","entry_id":173740,"field1":"9.125","field2":"-1.125"},{"created_at":"2022-01-22T08:53:19-08:00","entry_id":173741,"field1":"9.125","field2":"-1.25"},{"created_at":"2022-01-22T09:02:56-08:00","entry_id":173742,"field1":"9.125","field2":"-1.25"},{"created_at":"2022-01-22T09:12:31-08:00","entry_id":173743,"field1":"9.125","field2":"-1.25"},{"created_at":"2022-01-22T09:22:10-08:00","entry_id":173744,"field1":"9.125","field2":"-1"},{"created_at":"2022-01-22T09:31:47-08:00","entry_id":173745,"field1":"9.125","field2":"-1.125"},{"created_at":"2022-01-22T09:41:23-08:00","entry_id":173746,"field1":"9.125","field2":"-1.125"},{"created_at":"2022-01-22T09:51:00-08:00","entry_id":173747,"field1":"9.125","field2":"-0.875"},{"created_at":"2022-01-22T10:00:36-08:00","entry_id":173748,"field1":"9.125","field2":"-0.75"},{"created_at":"2022-01-22T10:10:14-08:00","entry_id":173749,"field1":"9.125","field2":"-1"},{"created_at":"2022-01-22T10:19:52-08:00","entry_id":173750,"field1":"9.125","field2":"-0.3125"},{"created_at":"2022-01-22T10:29:27-08:00","entry_id":173751,"field1":"9.1875","field2":"-0.6875"},{"created_at":"2022-01-22T10:39:04-08:00","entry_id":173752,"field1":"9.125","field2":"-0.4375"},{"created_at":"2022-01-22T10:48:40-08:00","entry_id":173753,"field1":"9.1875","field2":"-0.625"},{"created_at":"2022-01-22T10:58:18-08:00","entry_id":173754,"field1":"9.1875","field2":"-0.625"},{"created_at":"2022-01-22T11:07:56-08:00","entry_id":173755,"field1":"9.1875","field2":"-0.5625"},{"created_at":"2022-01-22T11:17:33-08:00","entry_id":173756,"field1":"9.25","field2":"-0.75"},{"created_at":"2022-01-22T11:27:09-08:00","entry_id":173757,"field1":"9.25","field2":"-0.3125"},{"created_at":"2022-01-22T11:36:46-08:00","entry_id":173758,"field1":"9.25","field2":"-0.6875"},{"created_at":"2022-01-22T11:46:23-08:00","entry_id":173759,"field1":"9.25","field2":"-0.6875"},{"created_at":"2022-01-22T11:56:01-08:00","entry_id":173760,"field1":"9.25","field2":"-0.5625"},{"created_at":"2022-01-22T12:05:38-08:00","entry_id":173761,"field1":"9.25","field2":"-0.75"},{"created_at":"2022-01-22T12:15:15-08:00","entry_id":173762,"field1":"9.25","field2":"-0.6875"},{"created_at":"2022-01-22T12:24:53-08:00","entry_id":173763,"field1":"9.3125","field2":"-0.625"},{"created_at":"2022-01-22T12:34:29-08:00","entry_id":173764,"field1":"9.3125","field2":"-0.5625"},{"created_at":"2022-01-22T12:44:07-08:00","entry_id":173765,"field1":"9.3125","field2":"-0.5625"},{"created_at":"2022-01-22T12:53:42-08:00","entry_id":173766,"field1":"9.375","field2":"-0.625"},{"created_at":"2022-01-22T13:03:19-08:00","entry_id":173767,"field1":"9.3125","field2":"-0.5625"},{"created_at":"2022-01-22T13:12:57-08:00","entry_id":173768,"field1":"9.375","field2":"-0.5625"},{"created_at":"2022-01-22T13:22:34-08:00","entry_id":173769,"field1":"9.375","field2":"-0.375"},{"created_at":"2022-01-22T13:32:12-08:00","entry_id":173770,"field1":"9.375","field2":"-0.4375"},{"created_at":"2022-01-22T13:41:49-08:00","entry_id":173771,"field1":"9.375","field2":"-0.3125"},{"created_at":"2022-01-22T13:51:25-08:00","entry_id":173772,"field1":"9.375","field2":"-0.5"},{"created_at":"2022-01-22T14:01:03-08:00","entry_id":173773,"field1":"9.375","field2":"-0.4375"},{"created_at":"2022-01-22T14:10:40-08:00","entry_id":173774,"field1":"9.375","field2":"-0.0625"},{"created_at":"2022-01-22T14:20:18-08:00","entry_id":173775,"field1":"9.375","field2":"0.0625"},{"created_at":"2022-01-22T14:29:55-08:00","entry_id":173776,"field1":"9.375","field2":"0.125"},{"created_at":"2022-01-22T14:39:34-08:00","entry_id":173777,"field1":"9.375","field2":"-0.125"},{"created_at":"2022-01-22T14:49:09-08:00","entry_id":173778,"field1":"9.375","field2":"-0.4375"},{"created_at":"2022-01-22T14:58:47-08:00","entry_id":173779,"field1":"9.375","field2":"-0.4375"},{"created_at":"2022-01-22T15:08:23-08:00","entry_id":173780,"field1":"9.375","field2":"-0.3125"},{"created_at":"2022-01-22T15:18:00-08:00","entry_id":173781,"field1":"9.375","field2":"-0.4375"},{"created_at":"2022-01-22T15:27:38-08:00","entry_id":173782,"field1":"9.375","field2":"-0.4375"},{"created_at":"2022-01-22T15:37:15-08:00","entry_id":173783,"field1":"9.375","field2":"-0.3125"},{"created_at":"2022-01-22T15:46:51-08:00","entry_id":173784,"field1":"9.3125","field2":"-0.375"},{"created_at":"2022-01-22T15:56:30-08:00","entry_id":173785,"field1":"9.3125","field2":"-0.25"},{"created_at":"2022-01-22T16:06:07-08:00","entry_id":173786,"field1":"9.3125","field2":"-0.3125"},{"created_at":"2022-01-22T16:15:43-08:00","entry_id":173787,"field1":"9.3125","field2":"-0.5625"},{"created_at":"2022-01-22T16:25:19-08:00","entry_id":173788,"field1":"9.3125","field2":"-0.375"},{"created_at":"2022-01-22T16:34:56-08:00","entry_id":173789,"field1":"9.3125","field2":"-0.5625"},{"created_at":"2022-01-22T16:44:32-08:00","entry_id":173790,"field1":"9.3125","field2":"-0.625"},{"created_at":"2022-01-22T16:54:11-08:00","entry_id":173791,"field1":"9.3125","field2":"-0.5625"},{"created_at":"2022-01-22T17:03:49-08:00","entry_id":173792,"field1":"9.3125","field2":"-0.5625"},{"created_at":"2022-01-22T17:13:26-08:00","entry_id":173793,"field1":"9.3125","field2":"-0.625"},{"created_at":"2022-01-22T17:23:03-08:00","entry_id":173794,"field1":"9.25","field2":"-0.5625"},{"created_at":"2022-01-22T17:32:40-08:00","entry_id":173795,"field1":"9.25","field2":"-0.5625"},{"created_at":"2022-01-22T17:42:17-08:00","entry_id":173796,"field1":"9.25","field2":"-0.625"},{"created_at":"2022-01-22T17:51:53-08:00","entry_id":173797,"field1":"9.25","field2":"-0.625"},{"created_at":"2022-01-22T18:01:31-08:00","entry_id":173798,"field1":"9.25","field2":"-0.625"},{"created_at":"2022-01-22T18:11:08-08:00","entry_id":173799,"field1":"9.25","field2":"-0.625"},{"created_at":"2022-01-22T18:20:44-08:00","entry_id":173800,"field1":"9.25","field2":"-0.75"},{"created_at":"2022-01-22T18:30:20-08:00","entry_id":173801,"field1":"9.25","field2":"-0.9375"},{"created_at":"2022-01-22T18:39:58-08:00","entry_id":173802,"field1":"9.25","field2":"-0.9375"},{"created_at":"2022-01-22T18:49:35-08:00","entry_id":173803,"field1":"9.25","field2":"-1"},{"created_at":"2022-01-22T18:59:11-08:00","entry_id":173804,"field1":"9.25","field2":"-1.125"},{"created_at":"2022-01-22T19:08:49-08:00","entry_id":173805,"field1":"9.25","field2":"-1"},{"created_at":"2022-01-22T19:18:25-08:00","entry_id":173806,"field1":"9.25","field2":"-1.0625"},{"created_at":"2022-01-22T19:28:01-08:00","entry_id":173807,"field1":"9.25","field2":"-0.9375"},{"created_at":"2022-01-22T19:37:38-08:00","entry_id":173808,"field1":"9.25","field2":"-1.3125"},{"created_at":"2022-01-22T19:47:16-08:00","entry_id":173809,"field1":"9.25","field2":"-1.375"},{"created_at":"2022-01-22T19:56:53-08:00","entry_id":173810,"field1":"9.1875","field2":"-1.3125"},{"created_at":"2022-01-22T20:06:31-08:00","entry_id":173811,"field1":"9.25","field2":"-1.375"},{"created_at":"2022-01-22T20:16:07-08:00","entry_id":173812,"field1":"9.1875","field2":"-1.3125"},{"created_at":"2022-01-22T20:25:45-08:00","entry_id":173813,"field1":"9.1875","field2":"-1.4375"},{"created_at":"2022-01-22T20:35:20-08:00","entry_id":173814,"field1":"9.1875","field2":"-1.1875"},{"created_at":"2022-01-22T20:44:57-08:00","entry_id":173815,"field1":"9.1875","field2":"-1"},{"created_at":"2022-01-22T20:54:33-08:00","entry_id":173816,"field1":"9.1875","field2":"-1.3125"},{"created_at":"2022-01-22T21:04:10-08:00","entry_id":173817,"field1":"9.125","field2":"-1.375"},{"created_at":"2022-01-22T21:13:48-08:00","entry_id":173818,"field1":"9.1875","field2":"-1.25"},{"created_at":"2022-01-22T21:23:24-08:00","entry_id":173819,"field1":"9.125","field2":"-1.375"},{"created_at":"2022-01-22T21:33:01-08:00","entry_id":173820,"field1":"9.125","field2":"-1.375"},{"created_at":"2022-01-22T21:42:39-08:00","entry_id":173821,"field1":"9.1875","field2":"-1.4375"},{"created_at":"2022-01-22T21:52:15-08:00","entry_id":173822,"field1":"9.125","field2":"-1.4375"},{"created_at":"2022-01-22T22:01:52-08:00","entry_id":173823,"field1":"9.125","field2":"-1.375"},{"created_at":"2022-01-22T22:11:30-08:00","entry_id":173824,"field1":"9.125","field2":"-1.4375"},{"created_at":"2022-01-22T22:21:07-08:00","entry_id":173825,"field1":"9.125","field2":"-1.25"},{"created_at":"2022-01-22T22:30:43-08:00","entry_id":173826,"field1":"9.125","field2":"-1.25"},{"created_at":"2022-01-22T22:40:21-08:00","entry_id":173827,"field1":"9.125","field2":"-1.375"},{"created_at":"2022-01-22T22:49:58-08:00","entry_id":173828,"field1":"9.125","field2":"-1.3125"},{"created_at":"2022-01-22T22:59:35-08:00","entry_id":173829,"field1":"9.125","field2":"-1.25"},{"created_at":"2022-01-22T23:09:11-08:00","entry_id":173830,"field1":"9.125","field2":"-1.3125"},{"created_at":"2022-01-22T23:18:48-08:00","entry_id":173831,"field1":"9.125","field2":"-1.25"},{"created_at":"2022-01-22T23:28:27-08:00","entry_id":173832,"field1":"9.125","field2":"-1.4375"},{"created_at":"2022-01-22T23:38:02-08:00","entry_id":173833,"field1":"9.125","field2":"-1.3125"},{"created_at":"2022-01-22T23:47:39-08:00","entry_id":173834,"field1":"9.0625","field2":"-1.3125"},{"created_at":"2022-01-22T23:57:17-08:00","entry_id":173835,"field1":"9.0625","field2":"-1.4375"}]}