{"channel":{"id":581842,"name":"Upstairs Small Window Indoor / Outdoor Sensor","latitude":"0.0","longitude":"0.0","field1":"Indoor Temperature","field2":"Outdoor Temperature","created_at":"2018-09-23T15:37:52-07:00","updated_at":"2020-07-27T05:59:41-07:00","last_entry_id":150129},"feeds":[{"created_at":"2020-02-01T00:07:56-08:00","entry_id":71053,"field1":"0.875","field2":"0.1875"},{"created_at":"2020-02-01T00:17:33-08:00","entry_id":71054,"field1":"0.875","field2":"0.1875"},{"created_at":"2020-02-01T00:27:09-08:00","entry_id":71055,"field1":"0.875","field2":"0.125"},{"created_at":"2020-02-01T00:36:46-08:00","entry_id":71056,"field1":"0.875","field2":"0.1875"},{"created_at":"2020-02-01T00:46:23-08:00","entry_id":71057,"field1":"0.875","field2":"0.1875"},{"created_at":"2020-02-01T00:55:59-08:00","entry_id":71058,"field1":"0.875","field2":"0.125"},{"created_at":"2020-02-01T01:05:37-08:00","entry_id":71059,"field1":"0.875","field2":"0.125"},{"created_at":"2020-02-01T01:15:13-08:00","entry_id":71060,"field1":"0.875","field2":"0.125"},{"created_at":"2020-02-01T01:24:50-08:00","entry_id":71061,"field1":"0.875","field2":"0.125"},{"created_at":"2020-02-01T01:34:28-08:00","entry_id":71062,"field1":"0.875","field2":"0.0625"},{"created_at":"2020-02-01T01:44:05-08:00","entry_id":71063,"field1":"0.875","field2":"0.0625"},{"created_at":"2020-02-01T01:53:42-08:00","entry_id":71064,"field1":"0.875","field2":"0.0625"},{"created_at":"2020-02-01T02:03:18-08:00","entry_id":71065,"field1":"0.875","field2":"0.125"},{"created_at":"2020-02-01T02:12:55-08:00","entry_id":71066,"field1":"0.875","field2":"0.125"},{"created_at":"2020-02-01T02:22:32-08:00","entry_id":71067,"field1":"0.875","field2":"0.125"},{"created_at":"2020-02-01T02:32:09-08:00","entry_id":71068,"field1":"0.875","field2":"0.125"},{"created_at":"2020-02-01T02:41:46-08:00","entry_id":71069,"field1":"0.875","field2":"0.125"},{"created_at":"2020-02-01T02:51:22-08:00","entry_id":71070,"field1":"0.875","field2":"0.125"},{"created_at":"2020-02-01T03:00:59-08:00","entry_id":71071,"field1":"0.875","field2":"0.125"},{"created_at":"2020-02-01T03:10:35-08:00","entry_id":71072,"field1":"0.875","field2":"0.125"},{"created_at":"2020-02-01T03:20:13-08:00","entry_id":71073,"field1":"0.875","field2":"0.0625"},{"created_at":"2020-02-01T03:29:50-08:00","entry_id":71074,"field1":"0.875","field2":"0.125"},{"created_at":"2020-02-01T03:39:27-08:00","entry_id":71075,"field1":"0.875","field2":"0.0625"},{"created_at":"2020-02-01T03:49:03-08:00","entry_id":71076,"field1":"0.875","field2":"0.125"},{"created_at":"2020-02-01T03:58:41-08:00","entry_id":71077,"field1":"0.8125","field2":"0.0625"},{"created_at":"2020-02-01T04:08:18-08:00","entry_id":71078,"field1":"0.875","field2":"0"},{"created_at":"2020-02-01T04:17:54-08:00","entry_id":71079,"field1":"0.875","field2":"0"},{"created_at":"2020-02-01T04:27:30-08:00","entry_id":71080,"field1":"0.8125","field2":"0.0625"},{"created_at":"2020-02-01T04:37:06-08:00","entry_id":71081,"field1":"0.875","field2":"0.0625"},{"created_at":"2020-02-01T04:46:43-08:00","entry_id":71082,"field1":"0.875","field2":"0.0625"},{"created_at":"2020-02-01T04:56:20-08:00","entry_id":71083,"field1":"0.875","field2":"0.0625"},{"created_at":"2020-02-01T05:05:57-08:00","entry_id":71084,"field1":"0.875","field2":"0.125"},{"created_at":"2020-02-01T05:15:34-08:00","entry_id":71085,"field1":"0.875","field2":"0.0625"},{"created_at":"2020-02-01T05:25:11-08:00","entry_id":71086,"field1":"0.875","field2":"0.25"},{"created_at":"2020-02-01T05:34:47-08:00","entry_id":71087,"field1":"0.8125","field2":"0.375"},{"created_at":"2020-02-01T05:44:25-08:00","entry_id":71088,"field1":"0.8125","field2":"0.3125"},{"created_at":"2020-02-01T05:54:01-08:00","entry_id":71089,"field1":"0.875","field2":"0.1875"},{"created_at":"2020-02-01T06:03:38-08:00","entry_id":71090,"field1":"0.8125","field2":"0.125"},{"created_at":"2020-02-01T06:13:15-08:00","entry_id":71091,"field1":"0.8125","field2":"0.1875"},{"created_at":"2020-02-01T06:22:51-08:00","entry_id":71092,"field1":"0.8125","field2":"0.25"},{"created_at":"2020-02-01T06:32:28-08:00","entry_id":71093,"field1":"0.8125","field2":"0.25"},{"created_at":"2020-02-01T06:42:09-08:00","entry_id":71094,"field1":"0.8125","field2":"0.25"},{"created_at":"2020-02-01T06:51:43-08:00","entry_id":71095,"field1":"0.8125","field2":"0.375"},{"created_at":"2020-02-01T07:01:20-08:00","entry_id":71096,"field1":"0.8125","field2":"0.4375"},{"created_at":"2020-02-01T07:10:57-08:00","entry_id":71097,"field1":"0.8125","field2":"0.375"},{"created_at":"2020-02-01T07:20:34-08:00","entry_id":71098,"field1":"0.8125","field2":"0.5"},{"created_at":"2020-02-01T07:30:14-08:00","entry_id":71099,"field1":"0.875","field2":"0.625"},{"created_at":"2020-02-01T07:39:50-08:00","entry_id":71100,"field1":"0.875","field2":"0.8125"},{"created_at":"2020-02-01T07:49:27-08:00","entry_id":71101,"field1":"0.875","field2":"0.5"},{"created_at":"2020-02-01T07:59:07-08:00","entry_id":71102,"field1":"0.875","field2":"0.5625"},{"created_at":"2020-02-01T08:08:42-08:00","entry_id":71103,"field1":"0.875","field2":"0.875"},{"created_at":"2020-02-01T08:18:19-08:00","entry_id":71104,"field1":"0.875","field2":"1"},{"created_at":"2020-02-01T08:27:58-08:00","entry_id":71105,"field1":"0.875","field2":"1.1875"},{"created_at":"2020-02-01T08:37:34-08:00","entry_id":71106,"field1":"0.9375","field2":"1.0625"},{"created_at":"2020-02-01T08:47:11-08:00","entry_id":71107,"field1":"0.9375","field2":"1.1875"},{"created_at":"2020-02-01T08:56:47-08:00","entry_id":71108,"field1":"0.9375","field2":"1.125"},{"created_at":"2020-02-01T09:06:24-08:00","entry_id":71109,"field1":"0.9375","field2":"2.5"},{"created_at":"2020-02-01T09:16:02-08:00","entry_id":71110,"field1":"0.9375","field2":"2.625"},{"created_at":"2020-02-01T09:25:39-08:00","entry_id":71111,"field1":"0.9375","field2":"3.375"},{"created_at":"2020-02-01T09:35:15-08:00","entry_id":71112,"field1":"1","field2":"3.0625"},{"created_at":"2020-02-01T09:44:52-08:00","entry_id":71113,"field1":"1","field2":"3.1875"},{"created_at":"2020-02-01T09:54:29-08:00","entry_id":71114,"field1":"1.0625","field2":"3.4375"},{"created_at":"2020-02-01T10:04:06-08:00","entry_id":71115,"field1":"1.0625","field2":"3"},{"created_at":"2020-02-01T10:13:43-08:00","entry_id":71116,"field1":"1.125","field2":"3.0625"},{"created_at":"2020-02-01T10:23:19-08:00","entry_id":71117,"field1":"1.1875","field2":"3.0625"},{"created_at":"2020-02-01T10:33:00-08:00","entry_id":71118,"field1":"1.1875","field2":"3.3125"},{"created_at":"2020-02-01T10:42:35-08:00","entry_id":71119,"field1":"1.25","field2":"2.9375"},{"created_at":"2020-02-01T10:52:12-08:00","entry_id":71120,"field1":"1.25","field2":"3"},{"created_at":"2020-02-01T11:01:48-08:00","entry_id":71121,"field1":"1.3125","field2":"3.125"},{"created_at":"2020-02-01T11:11:26-08:00","entry_id":71122,"field1":"1.3125","field2":"3.1875"},{"created_at":"2020-02-01T11:21:03-08:00","entry_id":71123,"field1":"1.375","field2":"3.5"},{"created_at":"2020-02-01T11:30:40-08:00","entry_id":71124,"field1":"1.4375","field2":"3.75"},{"created_at":"2020-02-01T11:40:17-08:00","entry_id":71125,"field1":"1.5","field2":"3.5625"},{"created_at":"2020-02-01T11:49:58-08:00","entry_id":71126,"field1":"1.5625","field2":"5.0625"},{"created_at":"2020-02-01T11:59:33-08:00","entry_id":71127,"field1":"1.625","field2":"5.375"},{"created_at":"2020-02-01T12:09:10-08:00","entry_id":71128,"field1":"1.75","field2":"7.6875"},{"created_at":"2020-02-01T12:18:47-08:00","entry_id":71129,"field1":"1.8125","field2":"6.875"},{"created_at":"2020-02-01T12:28:24-08:00","entry_id":71130,"field1":"1.875","field2":"6.1875"},{"created_at":"2020-02-01T12:38:02-08:00","entry_id":71131,"field1":"1.9375","field2":"7.5"},{"created_at":"2020-02-01T12:47:38-08:00","entry_id":71132,"field1":"1.9375","field2":"6.75"},{"created_at":"2020-02-01T12:57:16-08:00","entry_id":71133,"field1":"2","field2":"5.3125"},{"created_at":"2020-02-01T13:06:52-08:00","entry_id":71134,"field1":"2.0625","field2":"6.375"},{"created_at":"2020-02-01T13:16:29-08:00","entry_id":71135,"field1":"2.125","field2":"5.6875"},{"created_at":"2020-02-01T13:26:05-08:00","entry_id":71136,"field1":"2.125","field2":"4.6875"},{"created_at":"2020-02-01T13:35:42-08:00","entry_id":71137,"field1":"2.125","field2":"4.125"},{"created_at":"2020-02-01T13:45:19-08:00","entry_id":71138,"field1":"2.125","field2":"4.3125"},{"created_at":"2020-02-01T13:54:56-08:00","entry_id":71139,"field1":"2.1875","field2":"5"},{"created_at":"2020-02-01T14:04:36-08:00","entry_id":71140,"field1":"2.1875","field2":"3.375"},{"created_at":"2020-02-01T14:14:11-08:00","entry_id":71141,"field1":"2.1875","field2":"3.1875"},{"created_at":"2020-02-01T14:23:47-08:00","entry_id":71142,"field1":"2.1875","field2":"3"},{"created_at":"2020-02-01T14:33:24-08:00","entry_id":71143,"field1":"2.1875","field2":"2.875"},{"created_at":"2020-02-01T14:43:01-08:00","entry_id":71144,"field1":"2.1875","field2":"2.6875"},{"created_at":"2020-02-01T14:52:38-08:00","entry_id":71145,"field1":"2.1875","field2":"2.5625"},{"created_at":"2020-02-01T15:02:14-08:00","entry_id":71146,"field1":"2.1875","field2":"2.625"},{"created_at":"2020-02-01T15:11:51-08:00","entry_id":71147,"field1":"2.1875","field2":"2.875"},{"created_at":"2020-02-01T15:21:28-08:00","entry_id":71148,"field1":"2.1875","field2":"3.75"},{"created_at":"2020-02-01T15:31:05-08:00","entry_id":71149,"field1":"2.1875","field2":"5.3125"},{"created_at":"2020-02-01T15:40:41-08:00","entry_id":71150,"field1":"2.1875","field2":"5"},{"created_at":"2020-02-01T15:50:18-08:00","entry_id":71151,"field1":"2.1875","field2":"6"},{"created_at":"2020-02-01T15:59:55-08:00","entry_id":71152,"field1":"2.1875","field2":"5.4375"},{"created_at":"2020-02-01T16:09:32-08:00","entry_id":71153,"field1":"2.1875","field2":"5.375"},{"created_at":"2020-02-01T16:19:10-08:00","entry_id":71154,"field1":"2.25","field2":"4.8125"},{"created_at":"2020-02-01T16:28:47-08:00","entry_id":71155,"field1":"2.25","field2":"4.5625"},{"created_at":"2020-02-01T16:38:24-08:00","entry_id":71156,"field1":"2.25","field2":"4.1875"},{"created_at":"2020-02-01T16:48:01-08:00","entry_id":71157,"field1":"2.25","field2":"3.9375"},{"created_at":"2020-02-01T16:57:38-08:00","entry_id":71158,"field1":"2.25","field2":"4.1875"},{"created_at":"2020-02-01T17:07:14-08:00","entry_id":71159,"field1":"2.25","field2":"4.3125"},{"created_at":"2020-02-01T17:16:52-08:00","entry_id":71160,"field1":"2.25","field2":"3.875"},{"created_at":"2020-02-01T17:26:28-08:00","entry_id":71161,"field1":"2.25","field2":"4.75"},{"created_at":"2020-02-01T17:36:06-08:00","entry_id":71162,"field1":"2.25","field2":"3"},{"created_at":"2020-02-01T17:45:43-08:00","entry_id":71163,"field1":"2.25","field2":"2"},{"created_at":"2020-02-01T17:55:20-08:00","entry_id":71164,"field1":"2.25","field2":"2"},{"created_at":"2020-02-01T18:04:56-08:00","entry_id":71165,"field1":"2.25","field2":"2"},{"created_at":"2020-02-01T18:14:34-08:00","entry_id":71166,"field1":"2.25","field2":"1.6875"},{"created_at":"2020-02-01T18:24:11-08:00","entry_id":71167,"field1":"2.25","field2":"1.5"},{"created_at":"2020-02-01T18:33:48-08:00","entry_id":71168,"field1":"2.1875","field2":"1.5"},{"created_at":"2020-02-01T18:43:24-08:00","entry_id":71169,"field1":"2.1875","field2":"2.625"},{"created_at":"2020-02-01T18:53:01-08:00","entry_id":71170,"field1":"2.1875","field2":"1.5625"},{"created_at":"2020-02-01T19:02:38-08:00","entry_id":71171,"field1":"2.1875","field2":"1.75"},{"created_at":"2020-02-01T19:12:14-08:00","entry_id":71172,"field1":"2.1875","field2":"1.25"},{"created_at":"2020-02-01T19:21:51-08:00","entry_id":71173,"field1":"2.1875","field2":"0.875"},{"created_at":"2020-02-01T19:31:28-08:00","entry_id":71174,"field1":"2.1875","field2":"1.4375"},{"created_at":"2020-02-01T19:41:05-08:00","entry_id":71175,"field1":"2.1875","field2":"0.9375"},{"created_at":"2020-02-01T19:50:42-08:00","entry_id":71176,"field1":"2.125","field2":"0.8125"},{"created_at":"2020-02-01T20:00:19-08:00","entry_id":71177,"field1":"2.125","field2":"0.75"},{"created_at":"2020-02-01T20:09:57-08:00","entry_id":71178,"field1":"2.125","field2":"0.625"},{"created_at":"2020-02-01T20:19:33-08:00","entry_id":71179,"field1":"2.125","field2":"0.75"},{"created_at":"2020-02-01T20:29:10-08:00","entry_id":71180,"field1":"2.125","field2":"0.8125"},{"created_at":"2020-02-01T20:38:47-08:00","entry_id":71181,"field1":"2.125","field2":"0.75"},{"created_at":"2020-02-01T20:48:24-08:00","entry_id":71182,"field1":"2.125","field2":"0.625"},{"created_at":"2020-02-01T20:58:01-08:00","entry_id":71183,"field1":"2.0625","field2":"0.625"},{"created_at":"2020-02-01T21:07:39-08:00","entry_id":71184,"field1":"2.125","field2":"0.5"},{"created_at":"2020-02-01T21:17:15-08:00","entry_id":71185,"field1":"2.125","field2":"0.4375"},{"created_at":"2020-02-01T21:26:52-08:00","entry_id":71186,"field1":"2.125","field2":"0.375"},{"created_at":"2020-02-01T21:36:29-08:00","entry_id":71187,"field1":"2.0625","field2":"0.1875"},{"created_at":"2020-02-01T21:46:06-08:00","entry_id":71188,"field1":"2.0625","field2":"0.1875"},{"created_at":"2020-02-01T21:55:43-08:00","entry_id":71189,"field1":"2.0625","field2":"0.125"},{"created_at":"2020-02-01T22:05:20-08:00","entry_id":71190,"field1":"2.0625","field2":"0.125"},{"created_at":"2020-02-01T22:14:57-08:00","entry_id":71191,"field1":"2.0625","field2":"0.125"},{"created_at":"2020-02-01T22:24:34-08:00","entry_id":71192,"field1":"2.0625","field2":"0.125"},{"created_at":"2020-02-01T22:34:10-08:00","entry_id":71193,"field1":"2.0625","field2":"0.1875"},{"created_at":"2020-02-01T22:43:47-08:00","entry_id":71194,"field1":"2","field2":"0.0625"},{"created_at":"2020-02-01T22:53:24-08:00","entry_id":71195,"field1":"2","field2":"0"},{"created_at":"2020-02-01T23:03:01-08:00","entry_id":71196,"field1":"2","field2":"-0.0625"},{"created_at":"2020-02-01T23:12:38-08:00","entry_id":71197,"field1":"2","field2":"-0.1875"},{"created_at":"2020-02-01T23:22:15-08:00","entry_id":71198,"field1":"2","field2":"-0.25"},{"created_at":"2020-02-01T23:31:52-08:00","entry_id":71199,"field1":"1.9375","field2":"-0.4375"},{"created_at":"2020-02-01T23:41:29-08:00","entry_id":71200,"field1":"1.9375","field2":"-0.4375"},{"created_at":"2020-02-01T23:51:06-08:00","entry_id":71201,"field1":"1.9375","field2":"-0.625"}]}