{"channel":{"id":581842,"name":"Upstairs Small Window Indoor / Outdoor Sensor","latitude":"0.0","longitude":"0.0","field1":"Indoor Temperature","field2":"Outdoor Temperature","created_at":"2018-09-23T15:37:52-07:00","updated_at":"2020-07-27T05:59:41-07:00","last_entry_id":150129},"feeds":[{"created_at":"2020-12-30T00:02:30-08:00","entry_id":117945,"field1":"0.4375","field2":"-1.5"},{"created_at":"2020-12-30T00:12:07-08:00","entry_id":117946,"field1":"0.4375","field2":"-1.5"},{"created_at":"2020-12-30T00:21:43-08:00","entry_id":117947,"field1":"0.4375","field2":"-1.5625"},{"created_at":"2020-12-30T00:31:20-08:00","entry_id":117948,"field1":"0.4375","field2":"-1.5625"},{"created_at":"2020-12-30T00:40:57-08:00","entry_id":117949,"field1":"0.4375","field2":"-1.5625"},{"created_at":"2020-12-30T00:50:34-08:00","entry_id":117950,"field1":"0.4375","field2":"-1.5625"},{"created_at":"2020-12-30T01:00:10-08:00","entry_id":117951,"field1":"0.4375","field2":"-1.5625"},{"created_at":"2020-12-30T01:09:47-08:00","entry_id":117952,"field1":"0.4375","field2":"-1.5625"},{"created_at":"2020-12-30T01:19:24-08:00","entry_id":117953,"field1":"0.4375","field2":"-1.5"},{"created_at":"2020-12-30T01:29:01-08:00","entry_id":117954,"field1":"0.4375","field2":"-1.5"},{"created_at":"2020-12-30T01:38:37-08:00","entry_id":117955,"field1":"0.4375","field2":"-1.5"},{"created_at":"2020-12-30T01:48:14-08:00","entry_id":117956,"field1":"0.375","field2":"-1.5"},{"created_at":"2020-12-30T01:57:51-08:00","entry_id":117957,"field1":"0.375","field2":"-1.5"},{"created_at":"2020-12-30T02:07:31-08:00","entry_id":117958,"field1":"0.375","field2":"-1.4375"},{"created_at":"2020-12-30T02:17:06-08:00","entry_id":117959,"field1":"0.375","field2":"-1.5"},{"created_at":"2020-12-30T02:26:42-08:00","entry_id":117960,"field1":"0.375","field2":"-1.4375"},{"created_at":"2020-12-30T02:36:17-08:00","entry_id":117961,"field1":"0.375","field2":"-1.4375"},{"created_at":"2020-12-30T02:45:54-08:00","entry_id":117962,"field1":"0.375","field2":"-1.5"},{"created_at":"2020-12-30T02:55:29-08:00","entry_id":117963,"field1":"0.375","field2":"-1.4375"},{"created_at":"2020-12-30T03:05:05-08:00","entry_id":117964,"field1":"0.375","field2":"-1.4375"},{"created_at":"2020-12-30T03:14:42-08:00","entry_id":117965,"field1":"0.375","field2":"-1.4375"},{"created_at":"2020-12-30T03:24:19-08:00","entry_id":117966,"field1":"0.375","field2":"-1.4375"},{"created_at":"2020-12-30T03:33:54-08:00","entry_id":117967,"field1":"0.3125","field2":"-1.4375"},{"created_at":"2020-12-30T03:43:32-08:00","entry_id":117968,"field1":"0.375","field2":"-1.4375"},{"created_at":"2020-12-30T03:53:10-08:00","entry_id":117969,"field1":"0.3125","field2":"-1.4375"},{"created_at":"2020-12-30T04:02:47-08:00","entry_id":117970,"field1":"0.3125","field2":"-1.4375"},{"created_at":"2020-12-30T04:12:23-08:00","entry_id":117971,"field1":"0.3125","field2":"-1.5"},{"created_at":"2020-12-30T04:21:57-08:00","entry_id":117972,"field1":"0.3125","field2":"-1.5"},{"created_at":"2020-12-30T04:31:35-08:00","entry_id":117973,"field1":"0.3125","field2":"-1.4375"},{"created_at":"2020-12-30T04:41:11-08:00","entry_id":117974,"field1":"0.3125","field2":"-1.4375"},{"created_at":"2020-12-30T04:50:46-08:00","entry_id":117975,"field1":"0.3125","field2":"-1.4375"},{"created_at":"2020-12-30T05:00:24-08:00","entry_id":117976,"field1":"0.3125","field2":"-1.4375"},{"created_at":"2020-12-30T05:10:01-08:00","entry_id":117977,"field1":"0.3125","field2":"-1.4375"},{"created_at":"2020-12-30T05:19:38-08:00","entry_id":117978,"field1":"0.3125","field2":"-1.4375"},{"created_at":"2020-12-30T05:29:14-08:00","entry_id":117979,"field1":"0.3125","field2":"-1.4375"},{"created_at":"2020-12-30T05:38:51-08:00","entry_id":117980,"field1":"0.3125","field2":"-1.5"},{"created_at":"2020-12-30T05:48:27-08:00","entry_id":117981,"field1":"0.25","field2":"-1.4375"},{"created_at":"2020-12-30T05:58:03-08:00","entry_id":117982,"field1":"0.3125","field2":"-1.4375"},{"created_at":"2020-12-30T06:07:40-08:00","entry_id":117983,"field1":"0.3125","field2":"-1.4375"},{"created_at":"2020-12-30T06:17:17-08:00","entry_id":117984,"field1":"0.3125","field2":"-1.4375"},{"created_at":"2020-12-30T06:26:53-08:00","entry_id":117985,"field1":"0.25","field2":"-1.4375"},{"created_at":"2020-12-30T06:36:29-08:00","entry_id":117986,"field1":"0.25","field2":"-1.5"},{"created_at":"2020-12-30T06:46:04-08:00","entry_id":117987,"field1":"0.25","field2":"-1.4375"},{"created_at":"2020-12-30T06:55:41-08:00","entry_id":117988,"field1":"0.25","field2":"-1.5"},{"created_at":"2020-12-30T07:05:16-08:00","entry_id":117989,"field1":"0.25","field2":"-1.5"},{"created_at":"2020-12-30T07:14:54-08:00","entry_id":117990,"field1":"0.25","field2":"-1.5"},{"created_at":"2020-12-30T07:24:30-08:00","entry_id":117991,"field1":"0.25","field2":"-1.4375"},{"created_at":"2020-12-30T07:34:06-08:00","entry_id":117992,"field1":"0.25","field2":"-1.5"},{"created_at":"2020-12-30T07:43:44-08:00","entry_id":117993,"field1":"0.25","field2":"-1.5"},{"created_at":"2020-12-30T07:53:20-08:00","entry_id":117994,"field1":"0.25","field2":"-1.5"},{"created_at":"2020-12-30T08:02:57-08:00","entry_id":117995,"field1":"0.25","field2":"-1.375"},{"created_at":"2020-12-30T08:12:34-08:00","entry_id":117996,"field1":"0.25","field2":"-1.5"},{"created_at":"2020-12-30T08:22:11-08:00","entry_id":117997,"field1":"0.25","field2":"-1.4375"},{"created_at":"2020-12-30T08:31:48-08:00","entry_id":117998,"field1":"0.25","field2":"-1.5"},{"created_at":"2020-12-30T08:41:24-08:00","entry_id":117999,"field1":"0.25","field2":"-1.5625"},{"created_at":"2020-12-30T08:51:00-08:00","entry_id":118000,"field1":"0.25","field2":"-1.5625"},{"created_at":"2020-12-30T09:00:36-08:00","entry_id":118001,"field1":"0.1875","field2":"-1.625"},{"created_at":"2020-12-30T09:10:13-08:00","entry_id":118002,"field1":"0.25","field2":"-1.5"},{"created_at":"2020-12-30T09:19:50-08:00","entry_id":118003,"field1":"0.1875","field2":"-1.5"},{"created_at":"2020-12-30T09:29:27-08:00","entry_id":118004,"field1":"0.1875","field2":"-1.4375"},{"created_at":"2020-12-30T09:39:04-08:00","entry_id":118005,"field1":"0.1875","field2":"-1.375"},{"created_at":"2020-12-30T09:48:41-08:00","entry_id":118006,"field1":"0.1875","field2":"-1.4375"},{"created_at":"2020-12-30T09:58:18-08:00","entry_id":118007,"field1":"0.1875","field2":"-1.4375"},{"created_at":"2020-12-30T10:07:55-08:00","entry_id":118008,"field1":"0.1875","field2":"-1.3125"},{"created_at":"2020-12-30T10:17:31-08:00","entry_id":118009,"field1":"0.1875","field2":"-1.3125"},{"created_at":"2020-12-30T10:27:08-08:00","entry_id":118010,"field1":"0.1875","field2":"-1.1875"},{"created_at":"2020-12-30T10:36:43-08:00","entry_id":118011,"field1":"0.25","field2":"-1.25"},{"created_at":"2020-12-30T10:46:20-08:00","entry_id":118012,"field1":"0.1875","field2":"-1.125"},{"created_at":"2020-12-30T10:55:56-08:00","entry_id":118013,"field1":"0.1875","field2":"-1.0625"},{"created_at":"2020-12-30T11:05:33-08:00","entry_id":118014,"field1":"0.1875","field2":"-0.9375"},{"created_at":"2020-12-30T11:15:09-08:00","entry_id":118015,"field1":"0.25","field2":"-0.9375"},{"created_at":"2020-12-30T11:24:46-08:00","entry_id":118016,"field1":"0.25","field2":"-0.8125"},{"created_at":"2020-12-30T11:34:22-08:00","entry_id":118017,"field1":"0.25","field2":"-0.75"},{"created_at":"2020-12-30T11:43:59-08:00","entry_id":118018,"field1":"0.25","field2":"-0.6875"},{"created_at":"2020-12-30T11:53:36-08:00","entry_id":118019,"field1":"0.25","field2":"-0.625"},{"created_at":"2020-12-30T12:03:12-08:00","entry_id":118020,"field1":"0.25","field2":"-0.625"},{"created_at":"2020-12-30T12:12:49-08:00","entry_id":118021,"field1":"0.25","field2":"-0.625"},{"created_at":"2020-12-30T12:22:26-08:00","entry_id":118022,"field1":"0.25","field2":"-0.5625"},{"created_at":"2020-12-30T12:32:02-08:00","entry_id":118023,"field1":"0.25","field2":"-0.5"},{"created_at":"2020-12-30T12:41:39-08:00","entry_id":118024,"field1":"0.25","field2":"-0.375"},{"created_at":"2020-12-30T12:51:14-08:00","entry_id":118025,"field1":"0.25","field2":"-0.3125"},{"created_at":"2020-12-30T13:00:52-08:00","entry_id":118026,"field1":"0.25","field2":"-0.3125"},{"created_at":"2020-12-30T13:10:28-08:00","entry_id":118027,"field1":"0.3125","field2":"-0.4375"},{"created_at":"2020-12-30T13:20:05-08:00","entry_id":118028,"field1":"0.3125","field2":"-0.4375"},{"created_at":"2020-12-30T13:29:42-08:00","entry_id":118029,"field1":"0.3125","field2":"-0.4375"},{"created_at":"2020-12-30T13:39:17-08:00","entry_id":118030,"field1":"0.3125","field2":"-0.4375"},{"created_at":"2020-12-30T13:48:54-08:00","entry_id":118031,"field1":"0.3125","field2":"-0.4375"},{"created_at":"2020-12-30T13:58:31-08:00","entry_id":118032,"field1":"0.3125","field2":"-0.5"},{"created_at":"2020-12-30T14:08:07-08:00","entry_id":118033,"field1":"0.3125","field2":"-0.5625"},{"created_at":"2020-12-30T14:17:42-08:00","entry_id":118034,"field1":"0.3125","field2":"-0.6875"},{"created_at":"2020-12-30T14:27:20-08:00","entry_id":118035,"field1":"0.25","field2":"-0.6875"},{"created_at":"2020-12-30T14:36:56-08:00","entry_id":118036,"field1":"0.25","field2":"-0.6875"},{"created_at":"2020-12-30T14:46:33-08:00","entry_id":118037,"field1":"0.3125","field2":"-0.75"},{"created_at":"2020-12-30T14:56:09-08:00","entry_id":118038,"field1":"0.3125","field2":"-0.8125"},{"created_at":"2020-12-30T15:05:46-08:00","entry_id":118039,"field1":"0.3125","field2":"-0.8125"},{"created_at":"2020-12-30T15:15:22-08:00","entry_id":118040,"field1":"0.25","field2":"-0.8125"},{"created_at":"2020-12-30T15:24:59-08:00","entry_id":118041,"field1":"0.25","field2":"-0.875"},{"created_at":"2020-12-30T15:34:36-08:00","entry_id":118042,"field1":"0.25","field2":"-0.9375"},{"created_at":"2020-12-30T15:44:12-08:00","entry_id":118043,"field1":"0.25","field2":"-0.9375"},{"created_at":"2020-12-30T15:53:49-08:00","entry_id":118044,"field1":"0.25","field2":"-0.9375"},{"created_at":"2020-12-30T16:03:25-08:00","entry_id":118045,"field1":"0.25","field2":"-1"},{"created_at":"2020-12-30T16:13:03-08:00","entry_id":118046,"field1":"0.25","field2":"-0.9375"},{"created_at":"2020-12-30T16:22:39-08:00","entry_id":118047,"field1":"0.25","field2":"-0.9375"},{"created_at":"2020-12-30T16:32:16-08:00","entry_id":118048,"field1":"0.25","field2":"-0.9375"},{"created_at":"2020-12-30T16:41:52-08:00","entry_id":118049,"field1":"0.25","field2":"-0.9375"},{"created_at":"2020-12-30T16:51:29-08:00","entry_id":118050,"field1":"0.25","field2":"-0.9375"},{"created_at":"2020-12-30T17:01:06-08:00","entry_id":118051,"field1":"0.25","field2":"-1"},{"created_at":"2020-12-30T17:10:43-08:00","entry_id":118052,"field1":"0.25","field2":"-1"},{"created_at":"2020-12-30T17:20:20-08:00","entry_id":118053,"field1":"0.25","field2":"-1"},{"created_at":"2020-12-30T17:29:57-08:00","entry_id":118054,"field1":"0.25","field2":"-1.0625"},{"created_at":"2020-12-30T17:39:34-08:00","entry_id":118055,"field1":"0.25","field2":"-1.0625"},{"created_at":"2020-12-30T17:49:08-08:00","entry_id":118056,"field1":"0.25","field2":"-1.0625"},{"created_at":"2020-12-30T17:58:46-08:00","entry_id":118057,"field1":"0.1875","field2":"-1.0625"},{"created_at":"2020-12-30T18:08:23-08:00","entry_id":118058,"field1":"0.25","field2":"-1.0625"},{"created_at":"2020-12-30T18:17:59-08:00","entry_id":118059,"field1":"0.1875","field2":"-1.125"},{"created_at":"2020-12-30T18:27:36-08:00","entry_id":118060,"field1":"0.1875","field2":"-1.125"},{"created_at":"2020-12-30T18:37:13-08:00","entry_id":118061,"field1":"0.1875","field2":"-1.1875"},{"created_at":"2020-12-30T18:46:50-08:00","entry_id":118062,"field1":"0.1875","field2":"-1.1875"},{"created_at":"2020-12-30T18:56:26-08:00","entry_id":118063,"field1":"0.1875","field2":"-1.1875"},{"created_at":"2020-12-30T19:06:02-08:00","entry_id":118064,"field1":"0.1875","field2":"-1.1875"},{"created_at":"2020-12-30T19:15:37-08:00","entry_id":118065,"field1":"0.1875","field2":"-1.1875"},{"created_at":"2020-12-30T19:25:15-08:00","entry_id":118066,"field1":"0.1875","field2":"-1.1875"},{"created_at":"2020-12-30T19:34:52-08:00","entry_id":118067,"field1":"0.1875","field2":"-1.1875"},{"created_at":"2020-12-30T19:44:29-08:00","entry_id":118068,"field1":"0.1875","field2":"-1.1875"},{"created_at":"2020-12-30T19:54:05-08:00","entry_id":118069,"field1":"0.1875","field2":"-1.1875"},{"created_at":"2020-12-30T20:03:42-08:00","entry_id":118070,"field1":"0.1875","field2":"-1.25"},{"created_at":"2020-12-30T20:13:19-08:00","entry_id":118071,"field1":"0.1875","field2":"-1.1875"},{"created_at":"2020-12-30T20:22:56-08:00","entry_id":118072,"field1":"0.1875","field2":"-1.25"},{"created_at":"2020-12-30T20:32:33-08:00","entry_id":118073,"field1":"0.1875","field2":"-1.25"},{"created_at":"2020-12-30T20:42:10-08:00","entry_id":118074,"field1":"0.1875","field2":"-1.3125"},{"created_at":"2020-12-30T20:51:47-08:00","entry_id":118075,"field1":"0.1875","field2":"-1.375"},{"created_at":"2020-12-30T21:01:24-08:00","entry_id":118076,"field1":"0.1875","field2":"-1.375"},{"created_at":"2020-12-30T21:11:00-08:00","entry_id":118077,"field1":"0.1875","field2":"-1.375"},{"created_at":"2020-12-30T21:20:36-08:00","entry_id":118078,"field1":"0.1875","field2":"-1.4375"},{"created_at":"2020-12-30T21:30:13-08:00","entry_id":118079,"field1":"0.125","field2":"-1.4375"},{"created_at":"2020-12-30T21:39:47-08:00","entry_id":118080,"field1":"0.125","field2":"-1.375"},{"created_at":"2020-12-30T21:49:25-08:00","entry_id":118081,"field1":"0.125","field2":"-1.375"},{"created_at":"2020-12-30T21:59:02-08:00","entry_id":118082,"field1":"0.125","field2":"-1.3125"},{"created_at":"2020-12-30T22:08:38-08:00","entry_id":118083,"field1":"0.125","field2":"-1.3125"},{"created_at":"2020-12-30T22:18:15-08:00","entry_id":118084,"field1":"0.125","field2":"-1.25"},{"created_at":"2020-12-30T22:27:51-08:00","entry_id":118085,"field1":"0.125","field2":"-1.25"},{"created_at":"2020-12-30T22:37:28-08:00","entry_id":118086,"field1":"0.125","field2":"-1.1875"},{"created_at":"2020-12-30T22:47:05-08:00","entry_id":118087,"field1":"0.125","field2":"-1.1875"},{"created_at":"2020-12-30T22:56:41-08:00","entry_id":118088,"field1":"0.125","field2":"-1.1875"},{"created_at":"2020-12-30T23:06:18-08:00","entry_id":118089,"field1":"0.125","field2":"-1.125"},{"created_at":"2020-12-30T23:15:55-08:00","entry_id":118090,"field1":"0.125","field2":"-1.125"},{"created_at":"2020-12-30T23:25:31-08:00","entry_id":118091,"field1":"0.125","field2":"-1.125"},{"created_at":"2020-12-30T23:35:08-08:00","entry_id":118092,"field1":"0.125","field2":"-1.1875"},{"created_at":"2020-12-30T23:44:44-08:00","entry_id":118093,"field1":"0.125","field2":"-1.1875"},{"created_at":"2020-12-30T23:54:21-08:00","entry_id":118094,"field1":"0.125","field2":"-1.125"}]}